datetime,symbol,exchange,open,high,low,close,volume,turnover,open_interest
2017-11-13 21:15:00,MHImain,HKFE,29139.0,29185.0,29137.0,29176.0,526.0,15341941.0,0.0
2017-11-14 01:15:00,MHImain,HKFE,29176.0,29275.0,29134.0,29180.0,17414.0,508463651.0,0.0
2017-11-14 11:00:00,MHImain,HKFE,29181.0,29208.0,29136.0,29176.0,13812.0,402900822.0,0.0
2017-11-14 17:15:00,MHImain,HKFE,29177.0,29177.0,29146.0,29155.0,1315.0,38344991.0,0.0
2017-11-14 21:15:00,MHImain,HKFE,29155.0,29166.0,29102.0,29114.0,4104.0,119551720.0,0.0
2017-11-15 01:15:00,MHImain,HKFE,29114.0,29114.0,28918.0,28990.0,21213.0,615334392.0,0.0
2017-11-15 11:00:00,MHImain,HKFE,28989.0,28990.0,28867.0,28890.0,20131.0,582371015.0,0.0
2017-11-15 17:15:00,MHImain,HKFE,28894.0,28951.0,28885.0,28926.0,3686.0,106586275.0,0.0
2017-11-15 21:15:00,MHImain,HKFE,28926.0,29000.0,28862.0,28999.0,5962.0,172440672.0,0.0
2017-11-16 01:15:00,MHImain,HKFE,28999.0,29016.0,28889.0,28991.0,15661.0,453408828.0,0.0
2017-11-16 11:00:00,MHImain,HKFE,28990.0,29094.0,28956.0,29056.0,16997.0,493169748.0,0.0
2017-11-16 17:15:00,MHImain,HKFE,29072.0,29135.0,29059.0,29116.0,2769.0,80595962.0,0.0
2017-11-16 21:15:00,MHImain,HKFE,29117.0,29229.0,29112.0,29229.0,4745.0,138458256.0,0.0
2017-11-17 01:15:00,MHImain,HKFE,29229.0,29310.0,29141.0,29206.0,20287.0,592940441.0,0.0
2017-11-17 11:00:00,MHImain,HKFE,29205.0,29253.0,29146.0,29192.0,17055.0,498089184.0,0.0
2017-11-17 17:15:00,MHImain,HKFE,29192.0,29192.0,29118.0,29146.0,2952.0,86026851.0,0.0
2017-11-17 21:15:00,MHImain,HKFE,29147.0,29166.0,29125.0,29153.0,3013.0,87813193.0,0.0
2017-11-18 01:15:00,MHImain,HKFE,29153.0,29153.0,29153.0,29153.0,0.0,0.0,0.0
2017-11-20 01:15:00,MHImain,HKFE,29154.0,29238.0,29062.0,29133.0,18455.0,537968485.0,0.0
2017-11-20 11:00:00,MHImain,HKFE,29135.0,29220.0,29091.0,29194.0,15862.0,462660883.0,0.0
2017-11-20 17:15:00,MHImain,HKFE,29210.0,29230.0,29201.0,29218.0,1454.0,42481358.0,0.0
2017-11-20 21:15:00,MHImain,HKFE,29217.0,29343.0,29217.0,29339.0,3624.0,106062067.0,0.0
2017-11-21 01:15:00,MHImain,HKFE,29339.0,29516.0,29284.0,29502.0,23548.0,692942652.0,0.0
2017-11-21 11:00:00,MHImain,HKFE,29502.0,29850.0,29473.0,29846.0,37625.0,1115652789.0,0.0
2017-11-21 17:15:00,MHImain,HKFE,29851.0,30210.0,29823.0,30144.0,9600.0,288342527.0,0.0
2017-11-21 21:15:00,MHImain,HKFE,30142.0,30163.0,30056.0,30100.0,6047.0,181998860.0,0.0
2017-11-22 01:15:00,MHImain,HKFE,30100.0,30208.0,30004.0,30157.0,25133.0,756616800.0,0.0
2017-11-22 11:00:00,MHImain,HKFE,30154.0,30189.0,29932.0,30048.0,29243.0,878843901.0,0.0
2017-11-22 17:15:00,MHImain,HKFE,30048.0,30084.0,30004.0,30075.0,2992.0,89899153.0,0.0
2017-11-22 21:15:00,MHImain,HKFE,30075.0,30083.0,30018.0,30035.0,2522.0,75807965.0,0.0
2017-11-23 01:15:00,MHImain,HKFE,30035.0,30169.0,29989.0,30136.0,21143.0,635971472.0,0.0
2017-11-23 11:00:00,MHImain,HKFE,30138.0,30143.0,29607.0,29821.0,42953.0,1283740435.0,0.0
2017-11-23 17:15:00,MHImain,HKFE,29849.0,29945.0,29821.0,29872.0,5913.0,176685665.0,0.0
2017-11-23 21:15:00,MHImain,HKFE,29870.0,29895.0,29852.0,29883.0,1836.0,54844755.0,0.0
2017-11-24 01:15:00,MHImain,HKFE,29883.0,29959.0,29737.0,29851.0,32758.0,977484395.0,0.0
2017-11-24 11:00:00,MHImain,HKFE,29852.0,29933.0,29777.0,29913.0,22857.0,682656354.0,0.0
2017-11-24 17:15:00,MHImain,HKFE,29913.0,30045.0,29885.0,30029.0,4567.0,136911194.0,0.0
2017-11-24 21:15:00,MHImain,HKFE,30030.0,30041.0,29992.0,30030.0,2314.0,69457418.0,0.0
2017-11-25 01:15:00,MHImain,HKFE,30030.0,30030.0,30030.0,30030.0,0.0,0.0,0.0
2017-11-27 01:15:00,MHImain,HKFE,29950.0,29957.0,29642.0,29750.0,27619.0,822066118.0,0.0
2017-11-27 11:00:00,MHImain,HKFE,29749.0,29796.0,29654.0,29770.0,21504.0,639138119.0,0.0
2017-11-27 17:15:00,MHImain,HKFE,29785.0,29867.0,29771.0,29787.0,3496.0,104251125.0,0.0
2017-11-27 21:15:00,MHImain,HKFE,29787.0,29832.0,29718.0,29738.0,3248.0,96770168.0,0.0
2017-11-28 01:15:00,MHImain,HKFE,29738.0,29738.0,29526.0,29576.0,19938.0,590170964.0,0.0
2017-11-28 11:00:00,MHImain,HKFE,29574.0,29703.0,29373.0,29656.0,29249.0,864048965.0,0.0
2017-11-28 17:15:00,MHImain,HKFE,29660.0,29741.0,29646.0,29684.0,2605.0,77351317.0,0.0
2017-11-28 21:15:00,MHImain,HKFE,29682.0,29763.0,29673.0,29753.0,2416.0,71767229.0,0.0
2017-11-29 01:15:00,MHImain,HKFE,29753.0,29842.0,29567.0,29588.0,4266.0,126592938.0,0.0
2017-11-29 11:00:00,MHImain,HKFE,29580.0,29636.0,29560.0,29622.0,2023.0,59887876.0,0.0
2017-11-29 17:15:00,MHImain,HKFE,29665.0,29691.0,29625.0,29645.0,2802.0,83104852.0,0.0
2017-11-29 21:15:00,MHImain,HKFE,29643.0,29673.0,29431.0,29450.0,7406.0,218914996.0,0.0
2017-11-30 01:15:00,MHImain,HKFE,29450.0,29478.0,29185.0,29345.0,27830.0,816368695.0,0.0
2017-11-30 11:00:00,MHImain,HKFE,29345.0,29390.0,29139.0,29311.0,35437.0,1037334146.0,0.0
2017-11-30 17:15:00,MHImain,HKFE,29320.0,29415.0,29320.0,29393.0,4746.0,139409446.0,0.0
2017-11-30 21:15:00,MHImain,HKFE,29395.0,29440.0,29345.0,29373.0,5889.0,173094308.0,0.0
2017-12-01 01:15:00,MHImain,HKFE,29373.0,29385.0,29049.0,29257.0,33597.0,983169878.0,0.0
2017-12-01 11:00:00,MHImain,HKFE,29258.0,29275.0,29078.0,29111.0,33603.0,980483612.0,0.0
2017-12-01 17:15:00,MHImain,HKFE,29107.0,29107.0,28908.0,29038.0,7928.0,229855385.0,0.0
2017-12-01 21:15:00,MHImain,HKFE,29039.0,29126.0,28806.0,28846.0,10411.0,302167296.0,0.0
2017-12-02 01:15:00,MHImain,HKFE,28846.0,28846.0,28846.0,28846.0,0.0,0.0,0.0
2017-12-04 01:15:00,MHImain,HKFE,29133.0,29270.0,28828.0,29244.0,35166.0,1022199762.0,0.0
2017-12-04 11:00:00,MHImain,HKFE,29244.0,29354.0,29161.0,29190.0,29030.0,849590983.0,0.0
2017-12-04 17:15:00,MHImain,HKFE,29200.0,29220.0,29155.0,29215.0,3148.0,91884593.0,0.0
2017-12-04 21:15:00,MHImain,HKFE,29217.0,29250.0,29018.0,29088.0,7893.0,230043922.0,0.0
2017-12-05 01:15:00,MHImain,HKFE,29088.0,29170.0,28883.0,29046.0,29625.0,861138207.0,0.0
2017-12-05 11:00:00,MHImain,HKFE,29046.0,29118.0,28860.0,28893.0,29007.0,841107135.0,0.0
2017-12-05 17:15:00,MHImain,HKFE,28881.0,28895.0,28792.0,28853.0,5884.0,169687899.0,0.0
2017-12-05 21:15:00,MHImain,HKFE,28854.0,29012.0,28836.0,28980.0,8432.0,243848016.0,0.0
2017-12-06 01:15:00,MHImain,HKFE,28980.0,28980.0,28534.0,28547.0,39070.0,1125416088.0,0.0
2017-12-06 11:00:00,MHImain,HKFE,28545.0,28598.0,28165.0,28200.0,66877.0,1899073908.0,0.0
2017-12-06 17:15:00,MHImain,HKFE,28229.0,28293.0,28193.0,28286.0,4926.0,139149933.0,0.0
2017-12-06 21:15:00,MHImain,HKFE,28286.0,28310.0,28172.0,28282.0,9744.0,275315868.0,0.0
2017-12-07 01:15:00,MHImain,HKFE,28282.0,28477.0,28149.0,28187.0,31974.0,905626563.0,0.0
2017-12-07 11:00:00,MHImain,HKFE,28189.0,28445.0,28157.0,28323.0,42170.0,1193790971.0,0.0
2017-12-07 17:15:00,MHImain,HKFE,28305.0,28392.0,28251.0,28260.0,5557.0,157401555.0,0.0
2017-12-07 21:15:00,MHImain,HKFE,28262.0,28439.0,28227.0,28439.0,8075.0,228824774.0,0.0
2017-12-08 01:15:00,MHImain,HKFE,28439.0,28488.0,28332.0,28453.0,29899.0,849958847.0,0.0
2017-12-08 11:00:00,MHImain,HKFE,28452.0,28715.0,28429.0,28621.0,33602.0,960793120.0,0.0
2017-12-08 17:15:00,MHImain,HKFE,28617.0,28681.0,28614.0,28643.0,3000.0,85937039.0,0.0
2017-12-08 21:15:00,MHImain,HKFE,28642.0,28720.0,28617.0,28661.0,5859.0,167989947.0,0.0
2017-12-09 01:15:00,MHImain,HKFE,28661.0,28661.0,28661.0,28661.0,0.0,0.0,0.0
2017-12-11 01:15:00,MHImain,HKFE,28609.0,28812.0,28589.0,28797.0,29173.0,837853650.0,0.0
2017-12-11 11:00:00,MHImain,HKFE,28797.0,28981.0,28733.0,28908.0,30862.0,890539594.0,0.0
2017-12-11 17:15:00,MHImain,HKFE,28912.0,28946.0,28888.0,28912.0,3353.0,96957850.0,0.0
2017-12-11 21:15:00,MHImain,HKFE,28913.0,28970.0,28896.0,28940.0,4108.0,118865490.0,0.0
2017-12-12 01:15:00,MHImain,HKFE,28940.0,29047.0,28896.0,28937.0,24885.0,720599163.0,0.0
2017-12-12 11:00:00,MHImain,HKFE,28937.0,28949.0,28739.0,28800.0,34946.0,1007566847.0,0.0
2017-12-12 17:15:00,MHImain,HKFE,28807.0,28836.0,28797.0,28824.0,1830.0,52739571.0,0.0
2017-12-12 21:15:00,MHImain,HKFE,28822.0,28827.0,28726.0,28777.0,4708.0,135477711.0,0.0
2017-12-13 01:15:00,MHImain,HKFE,28813.0,28962.0,28736.0,28900.0,29438.0,849010669.0,0.0
2017-12-13 11:00:00,MHImain,HKFE,28901.0,29317.0,28843.0,29221.0,42701.0,1243290549.0,0.0
2017-12-13 17:15:00,MHImain,HKFE,29205.0,29237.0,29189.0,29207.0,2357.0,68845775.0,0.0
2017-12-13 21:15:00,MHImain,HKFE,29207.0,29349.0,29195.0,29336.0,5453.0,159669381.0,0.0
2017-12-14 01:15:00,MHImain,HKFE,29336.0,29440.0,29126.0,29142.0,36275.0,1062134580.0,0.0
2017-12-14 11:00:00,MHImain,HKFE,29139.0,29250.0,29045.0,29198.0,32960.0,960530360.0,0.0
2017-12-14 17:15:00,MHImain,HKFE,29200.0,29213.0,29105.0,29138.0,4466.0,130184282.0,0.0
2017-12-14 21:15:00,MHImain,HKFE,29137.0,29180.0,29075.0,29095.0,4908.0,142992394.0,0.0
2017-12-15 01:15:00,MHImain,HKFE,29095.0,29095.0,28811.0,28885.0,29262.0,846142165.0,0.0
2017-12-15 11:00:00,MHImain,HKFE,28887.0,28947.0,28736.0,28789.0,36577.0,1054808094.0,0.0
2017-12-15 17:15:00,MHImain,HKFE,28804.0,28848.0,28723.0,28842.0,5702.0,164072220.0,0.0
2017-12-15 21:15:00,MHImain,HKFE,28843.0,28921.0,28811.0,28919.0,8375.0,241716570.0,0.0
2017-12-16 01:15:00,MHImain,HKFE,28919.0,28919.0,28919.0,28919.0,0.0,0.0,0.0
2017-12-18 01:15:00,MHImain,HKFE,28991.0,29082.0,28833.0,28990.0,33389.0,967338572.0,0.0
2017-12-18 11:00:00,MHImain,HKFE,28990.0,29158.0,28881.0,29121.0,34539.0,1003030756.0,0.0
2017-12-18 17:15:00,MHImain,HKFE,29124.0,29143.0,29094.0,29140.0,2145.0,62458714.0,0.0
2017-12-18 21:15:00,MHImain,HKFE,29144.0,29280.0,29117.0,29262.0,4707.0,137405828.0,0.0
2017-12-19 01:15:00,MHImain,HKFE,29262.0,29362.0,29155.0,29346.0,26535.0,775943918.0,0.0
2017-12-19 11:00:00,MHImain,HKFE,29349.0,29382.0,29213.0,29253.0,27112.0,794620753.0,0.0
2017-12-19 17:15:00,MHImain,HKFE,29245.0,29265.0,29209.0,29245.0,2219.0,64875612.0,0.0
2017-12-19 21:15:00,MHImain,HKFE,29243.0,29243.0,29091.0,29103.0,6137.0,178989498.0,0.0
2017-12-20 01:15:00,MHImain,HKFE,29103.0,29335.0,29103.0,29310.0,24295.0,710609077.0,0.0
2017-12-20 11:00:00,MHImain,HKFE,29309.0,29338.0,29185.0,29297.0,22450.0,656842171.0,0.0
2017-12-20 17:15:00,MHImain,HKFE,29300.0,29319.0,29265.0,29305.0,2656.0,77797413.0,0.0
2017-12-20 21:15:00,MHImain,HKFE,29306.0,29322.0,29190.0,29242.0,6866.0,200845549.0,0.0
2017-12-21 01:15:00,MHImain,HKFE,29242.0,29335.0,29133.0,29318.0,23628.0,690725125.0,0.0
2017-12-21 11:00:00,MHImain,HKFE,29319.0,29448.0,29319.0,29355.0,28887.0,848983983.0,0.0
2017-12-21 17:15:00,MHImain,HKFE,29355.0,29416.0,29326.0,29399.0,3909.0,114827746.0,0.0
2017-12-21 21:15:00,MHImain,HKFE,29400.0,29547.0,29392.0,29535.0,6922.0,204008983.0,0.0
2017-12-22 01:15:00,MHImain,HKFE,29535.0,29559.0,29438.0,29457.0,20177.0,594894087.0,0.0
2017-12-22 11:00:00,MHImain,HKFE,29459.0,29616.0,29420.0,29604.0,19765.0,583204942.0,0.0
2017-12-22 17:15:00,MHImain,HKFE,29604.0,29618.0,29575.0,29605.0,1914.0,56652034.0,0.0
2017-12-22 21:15:00,MHImain,HKFE,29605.0,29639.0,29555.0,29615.0,4789.0,141757838.0,0.0
2017-12-23 01:15:00,MHImain,HKFE,29615.0,29615.0,29615.0,29615.0,0.0,0.0,0.0
2017-12-27 01:15:00,MHImain,HKFE,29658.0,29729.0,29566.0,29646.0,16380.0,485539367.0,0.0
2017-12-27 11:00:00,MHImain,HKFE,29648.0,29676.0,29542.0,29670.0,19406.0,574663647.0,0.0
2017-12-27 17:15:00,MHImain,HKFE,29666.0,29678.0,29592.0,29618.0,2125.0,62980028.0,0.0
2017-12-27 21:15:00,MHImain,HKFE,29620.0,29668.0,29616.0,29661.0,1467.0,43491302.0,0.0
2017-12-28 01:15:00,MHImain,HKFE,29661.0,29782.0,29661.0,29763.0,2835.0,84275807.0,0.0
2017-12-28 11:00:00,MHImain,HKFE,29762.0,29790.0,29758.0,29777.0,1716.0,51092033.0,0.0
2017-12-28 17:15:00,MHImain,HKFE,29935.0,29962.0,29886.0,29897.0,3274.0,97954537.0,0.0
2017-12-28 21:15:00,MHImain,HKFE,29895.0,29933.0,29889.0,29901.0,2863.0,85635926.0,0.0
2017-12-29 01:15:00,MHImain,HKFE,29901.0,30018.0,29872.0,30016.0,14518.0,434789062.0,0.0
2017-12-29 11:00:00,MHImain,HKFE,30015.0,30027.0,29920.0,29950.0,17992.0,539355212.0,0.0
2017-12-29 17:15:00,MHImain,HKFE,29953.0,29990.0,29943.0,29984.0,2004.0,60062435.0,0.0
2017-12-29 21:15:00,MHImain,HKFE,29984.0,29996.0,29947.0,29990.0,2687.0,80531259.0,0.0
2017-12-30 01:15:00,MHImain,HKFE,29990.0,29990.0,29990.0,29990.0,0.0,0.0,0.0
2018-01-02 01:15:00,MHImain,HKFE,30013.0,30444.0,30004.0,30392.0,29314.0,887950011.0,0.0
2018-01-02 11:00:00,MHImain,HKFE,30392.0,30565.0,30377.0,30535.0,20124.0,613692281.0,0.0
2018-01-02 17:15:00,MHImain,HKFE,30531.0,30560.0,30492.0,30548.0,2788.0,85116737.0,0.0
2018-01-02 21:15:00,MHImain,HKFE,30547.0,30591.0,30509.0,30531.0,3660.0,111799169.0,0.0
2018-01-03 01:15:00,MHImain,HKFE,30531.0,30751.0,30531.0,30613.0,24238.0,743188861.0,0.0
2018-01-03 11:00:00,MHImain,HKFE,30614.0,30673.0,30511.0,30617.0,28457.0,870452619.0,0.0
2018-01-03 17:15:00,MHImain,HKFE,30618.0,30655.0,30598.0,30651.0,2154.0,65978265.0,0.0
2018-01-03 21:15:00,MHImain,HKFE,30651.0,30730.0,30612.0,30713.0,4322.0,132571859.0,0.0
2018-01-04 01:15:00,MHImain,HKFE,30713.0,30739.0,30590.0,30685.0,20634.0,632410765.0,0.0
2018-01-04 11:00:00,MHImain,HKFE,30685.0,30795.0,30679.0,30751.0,29095.0,894157292.0,0.0
2018-01-04 17:15:00,MHImain,HKFE,30754.0,30785.0,30745.0,30781.0,1756.0,54024975.0,0.0
2018-01-04 21:15:00,MHImain,HKFE,30780.0,30894.0,30779.0,30860.0,5415.0,167007661.0,0.0
2018-01-05 01:15:00,MHImain,HKFE,30860.0,30911.0,30693.0,30782.0,23098.0,711531260.0,0.0
2018-01-05 11:00:00,MHImain,HKFE,30785.0,30819.0,30716.0,30763.0,20514.0,631194389.0,0.0
2018-01-05 17:15:00,MHImain,HKFE,30761.0,30850.0,30754.0,30813.0,2988.0,92088129.0,0.0
2018-01-05 21:15:00,MHImain,HKFE,30814.0,30905.0,30805.0,30900.0,5197.0,160390767.0,0.0
2018-01-06 01:15:00,MHImain,HKFE,30900.0,30900.0,30900.0,30900.0,0.0,0.0,0.0
2018-01-08 01:15:00,MHImain,HKFE,30950.0,30955.0,30732.0,30819.0,25901.0,798175916.0,0.0
2018-01-08 11:00:00,MHImain,HKFE,30819.0,30902.0,30742.0,30836.0,23412.0,721531093.0,0.0
2018-01-08 17:15:00,MHImain,HKFE,30836.0,30883.0,30729.0,30792.0,4553.0,140336229.0,0.0
2018-01-08 21:15:00,MHImain,HKFE,30793.0,30905.0,30786.0,30870.0,5411.0,166898324.0,0.0
2018-01-09 01:15:00,MHImain,HKFE,30870.0,31004.0,30836.0,30975.0,24906.0,770230742.0,0.0
2018-01-09 11:00:00,MHImain,HKFE,30976.0,31058.0,30952.0,30987.0,23902.0,741037396.0,0.0
2018-01-09 17:15:00,MHImain,HKFE,30986.0,31010.0,30960.0,30991.0,2891.0,89577593.0,0.0
2018-01-09 21:15:00,MHImain,HKFE,30991.0,31017.0,30944.0,31015.0,4791.0,148451692.0,0.0
2018-01-10 01:15:00,MHImain,HKFE,31015.0,31070.0,30950.0,31043.0,20475.0,634934184.0,0.0
2018-01-10 11:00:00,MHImain,HKFE,31045.0,31300.0,31014.0,31068.0,39546.0,1230910013.0,0.0
2018-01-10 17:15:00,MHImain,HKFE,31072.0,31095.0,30983.0,31015.0,5024.0,155887888.0,0.0
2018-01-10 21:15:00,MHImain,HKFE,31018.0,31078.0,30997.0,31042.0,5690.0,176599531.0,0.0
2018-01-11 01:15:00,MHImain,HKFE,31042.0,31136.0,30981.0,30994.0,20869.0,648367554.0,0.0
2018-01-11 11:00:00,MHImain,HKFE,30993.0,31142.0,30993.0,31095.0,20623.0,640758266.0,0.0
2018-01-11 17:15:00,MHImain,HKFE,31094.0,31124.0,31072.0,31109.0,2138.0,66492072.0,0.0
2018-01-11 21:15:00,MHImain,HKFE,31108.0,31201.0,31091.0,31195.0,4674.0,145618437.0,0.0
2018-01-12 01:15:00,MHImain,HKFE,31195.0,31392.0,31195.0,31293.0,24910.0,779470765.0,0.0
2018-01-12 11:00:00,MHImain,HKFE,31292.0,31410.0,31195.0,31398.0,24595.0,769745360.0,0.0
2018-01-12 17:15:00,MHImain,HKFE,31405.0,31470.0,31386.0,31450.0,3126.0,98223612.0,0.0
2018-01-12 21:15:00,MHImain,HKFE,31451.0,31617.0,31381.0,31583.0,8391.0,264147177.0,0.0
2018-01-15 01:15:00,MHImain,HKFE,31645.0,31697.0,31562.0,31585.0,21750.0,687976666.0,0.0
2018-01-15 11:00:00,MHImain,HKFE,31583.0,31721.0,31279.0,31314.0,43126.0,1358198205.0,0.0
2018-01-15 17:15:00,MHImain,HKFE,31318.0,31407.0,31307.0,31381.0,4275.0,134094813.0,0.0
2018-01-15 21:15:00,MHImain,HKFE,31384.0,31387.0,31323.0,31353.0,2969.0,93088184.0,0.0
2018-01-16 01:15:00,MHImain,HKFE,31353.0,31676.0,31353.0,31660.0,26625.0,839342520.0,0.0
2018-01-16 11:00:00,MHImain,HKFE,31662.0,31957.0,31638.0,31901.0,44339.0,1408875084.0,0.0
2018-01-16 17:15:00,MHImain,HKFE,31897.0,31936.0,31870.0,31918.0,4444.0,141761354.0,0.0
2018-01-16 21:15:00,MHImain,HKFE,31918.0,32015.0,31844.0,31860.0,9336.0,298246440.0,0.0
2018-01-17 01:15:00,MHImain,HKFE,31860.0,31895.0,31673.0,31802.0,36202.0,1150766274.0,0.0
2018-01-17 11:00:00,MHImain,HKFE,31802.0,31992.0,31707.0,31952.0,38800.0,1234743883.0,0.0
2018-01-17 17:15:00,MHImain,HKFE,31959.0,32060.0,31947.0,32045.0,5240.0,167756222.0,0.0
2018-01-17 21:15:00,MHImain,HKFE,32044.0,32145.0,31937.0,32109.0,10471.0,335519756.0,0.0
2018-01-18 01:15:00,MHImain,HKFE,32109.0,32202.0,32062.0,32085.0,27256.0,875661048.0,0.0
2018-01-18 11:00:00,MHImain,HKFE,32086.0,32158.0,31836.0,32064.0,50113.0,1604486715.0,0.0
2018-01-18 17:15:00,MHImain,HKFE,32068.0,32106.0,32041.0,32083.0,3255.0,104413433.0,0.0
2018-01-18 21:15:00,MHImain,HKFE,32083.0,32114.0,31984.0,31992.0,8248.0,264371596.0,0.0
2018-01-19 01:15:00,MHImain,HKFE,31992.0,32163.0,31988.0,32141.0,27586.0,885005987.0,0.0
2018-01-19 11:00:00,MHImain,HKFE,32140.0,32247.0,32067.0,32235.0,29410.0,945391873.0,0.0
2018-01-19 17:15:00,MHImain,HKFE,32235.0,32314.0,32235.0,32253.0,4870.0,157212389.0,0.0
2018-01-19 21:15:00,MHImain,HKFE,32248.0,32306.0,32223.0,32279.0,7395.0,238631813.0,0.0
2018-01-20 01:15:00,MHImain,HKFE,32279.0,32279.0,32279.0,32279.0,0.0,0.0,0.0
2018-01-22 01:15:00,MHImain,HKFE,32333.0,32343.0,32012.0,32241.0,34810.0,1120048528.0,0.0
2018-01-22 11:00:00,MHImain,HKFE,32240.0,32382.0,32172.0,32354.0,31004.0,1001286975.0,0.0
2018-01-22 17:15:00,MHImain,HKFE,32358.0,32393.0,32325.0,32383.0,2267.0,73377612.0,0.0
2018-01-22 21:15:00,MHImain,HKFE,32384.0,32500.0,32353.0,32485.0,5833.0,189136625.0,0.0
2018-01-23 01:15:00,MHImain,HKFE,32485.0,32686.0,32485.0,32659.0,28295.0,922244980.0,0.0
2018-01-23 11:00:00,MHImain,HKFE,32660.0,32930.0,32636.0,32913.0,50508.0,1656923505.0,0.0
2018-01-23 17:15:00,MHImain,HKFE,32906.0,32919.0,32728.0,32788.0,8086.0,265261992.0,0.0
2018-01-23 21:15:00,MHImain,HKFE,32787.0,32919.0,32777.0,32867.0,10550.0,346560898.0,0.0
2018-01-24 01:15:00,MHImain,HKFE,32867.0,32947.0,32747.0,32757.0,31498.0,1034001187.0,0.0
2018-01-24 11:00:00,MHImain,HKFE,32756.0,32998.0,32733.0,32901.0,40736.0,1339963159.0,0.0
2018-01-24 17:15:00,MHImain,HKFE,32903.0,32979.0,32903.0,32972.0,3812.0,125608648.0,0.0
2018-01-24 21:15:00,MHImain,HKFE,32973.0,33096.0,32847.0,32860.0,11347.0,374354108.0,0.0
2018-01-25 01:15:00,MHImain,HKFE,32860.0,33017.0,32729.0,32816.0,37932.0,1245938344.0,0.0
2018-01-25 11:00:00,MHImain,HKFE,32815.0,32908.0,32618.0,32688.0,45206.0,1482378907.0,0.0
2018-01-25 17:15:00,MHImain,HKFE,32692.0,32739.0,32644.0,32728.0,5280.0,172638637.0,0.0
2018-01-25 21:15:00,MHImain,HKFE,32729.0,32810.0,32614.0,32798.0,12608.0,412352344.0,0.0
2018-01-26 01:15:00,MHImain,HKFE,32798.0,32927.0,32798.0,32925.0,27297.0,897112654.0,0.0
2018-01-26 11:00:00,MHImain,HKFE,32925.0,33203.0,32909.0,33157.0,47941.0,1586341851.0,0.0
2018-01-26 17:15:00,MHImain,HKFE,33166.0,33235.0,33153.0,33217.0,3847.0,127753517.0,0.0
2018-01-26 21:15:00,MHImain,HKFE,33216.0,33277.0,33173.0,33265.0,6625.0,220112870.0,0.0
2018-01-27 01:15:00,MHImain,HKFE,33265.0,33265.0,33265.0,33265.0,0.0,0.0,0.0
2018-01-29 01:15:00,MHImain,HKFE,33335.0,33512.0,33269.0,33290.0,28421.0,947908785.0,0.0
2018-01-29 11:00:00,MHImain,HKFE,33290.0,33296.0,32857.0,32904.0,56483.0,1866527079.0,0.0
2018-01-29 17:15:00,MHImain,HKFE,32915.0,32937.0,32760.0,32795.0,5126.0,168236462.0,0.0
2018-01-29 21:15:00,MHImain,HKFE,32794.0,32876.0,32777.0,32840.0,5556.0,182381116.0,0.0
2018-01-30 01:15:00,MHImain,HKFE,32840.0,32983.0,32731.0,32908.0,5831.0,191727265.0,0.0
2018-01-30 11:00:00,MHImain,HKFE,32905.0,32928.0,32657.0,32727.0,3639.0,119233442.0,0.0
2018-01-30 17:15:00,MHImain,HKFE,32663.0,32696.0,32601.0,32630.0,5149.0,168116424.0,0.0
2018-01-30 21:15:00,MHImain,HKFE,32628.0,32650.0,32336.0,32395.0,15483.0,502762511.0,0.0
2018-01-31 01:15:00,MHImain,HKFE,32395.0,32593.0,32293.0,32440.0,38639.0,1254063642.0,0.0
2018-01-31 11:00:00,MHImain,HKFE,32438.0,32929.0,32437.0,32846.0,74014.0,2419268217.0,0.0
2018-01-31 17:15:00,MHImain,HKFE,32840.0,32992.0,32839.0,32981.0,6021.0,198174491.0,0.0
2018-01-31 21:15:00,MHImain,HKFE,32979.0,32985.0,32721.0,32725.0,10691.0,351558224.0,0.0
2018-02-01 01:15:00,MHImain,HKFE,32725.0,32979.0,32712.0,32741.0,41486.0,1363564812.0,0.0
2018-02-01 11:00:00,MHImain,HKFE,32740.0,32824.0,32567.0,32645.0,51824.0,1695534501.0,0.0
2018-02-01 17:15:00,MHImain,HKFE,32640.0,32643.0,32493.0,32527.0,7357.0,239484938.0,0.0
2018-02-01 21:15:00,MHImain,HKFE,32527.0,32555.0,32414.0,32538.0,15224.0,494537806.0,0.0
2018-02-02 01:15:00,MHImain,HKFE,32538.0,32680.0,32267.0,32673.0,49721.0,1614637282.0,0.0
2018-02-02 11:00:00,MHImain,HKFE,32671.0,32742.0,32481.0,32513.0,56161.0,1831493423.0,0.0
2018-02-02 17:15:00,MHImain,HKFE,32510.0,32510.0,32270.0,32303.0,11980.0,387331726.0,0.0
2018-02-02 21:15:00,MHImain,HKFE,32305.0,32367.0,32069.0,32100.0,22715.0,731480899.0,0.0
2018-02-03 01:15:00,MHImain,HKFE,32100.0,32100.0,32100.0,32100.0,0.0,0.0,0.0
2018-02-05 01:15:00,MHImain,HKFE,31699.0,31973.0,31635.0,31919.0,44888.0,1429792222.0,0.0
2018-02-05 11:00:00,MHImain,HKFE,31919.0,32328.0,31902.0,32040.0,63321.0,2034105703.0,0.0
2018-02-05 17:15:00,MHImain,HKFE,32053.0,32204.0,31913.0,31994.0,18044.0,578071958.0,0.0
2018-02-05 21:15:00,MHImain,HKFE,31995.0,32171.0,31916.0,31995.0,22580.0,723394628.0,0.0
2018-02-06 01:15:00,MHImain,HKFE,31995.0,31995.0,30711.0,30782.0,69593.0,2155643313.0,0.0
2018-02-06 11:00:00,MHImain,HKFE,30782.0,30993.0,30485.0,30707.0,91042.0,2800219429.0,0.0
2018-02-06 17:15:00,MHImain,HKFE,30739.0,30945.0,30517.0,30539.0,26795.0,822816598.0,0.0
2018-02-06 21:15:00,MHImain,HKFE,30546.0,30988.0,30403.0,30880.0,34201.0,1050527681.0,0.0
2018-02-07 01:15:00,MHImain,HKFE,30880.0,31377.0,30880.0,30979.0,47234.0,1474131585.0,0.0
2018-02-07 11:00:00,MHImain,HKFE,30975.0,31033.0,30066.0,30176.0,103375.0,3159742381.0,0.0
2018-02-07 17:15:00,MHImain,HKFE,30199.0,30507.0,30117.0,30442.0,19958.0,604394579.0,0.0
2018-02-07 21:15:00,MHImain,HKFE,30440.0,30812.0,30318.0,30728.0,28233.0,863225771.0,0.0
2018-02-08 01:15:00,MHImain,HKFE,30728.0,30728.0,30282.0,30406.0,53111.0,1617552827.0,0.0
2018-02-08 11:00:00,MHImain,HKFE,30407.0,30545.0,30164.0,30360.0,72657.0,2205745194.0,0.0
2018-02-08 17:15:00,MHImain,HKFE,30367.0,30424.0,30189.0,30270.0,15175.0,459460163.0,0.0
2018-02-08 21:15:00,MHImain,HKFE,30270.0,30395.0,29835.0,29963.0,24286.0,732154142.0,0.0
2018-02-09 01:15:00,MHImain,HKFE,29963.0,29963.0,29070.0,29129.0,48427.0,1423015309.0,0.0
2018-02-09 11:00:00,MHImain,HKFE,29130.0,29531.0,29127.0,29333.0,67017.0,1966004196.0,0.0
2018-02-09 17:15:00,MHImain,HKFE,29333.0,29420.0,29010.0,29114.0,17220.0,502756299.0,0.0
2018-02-09 21:15:00,MHImain,HKFE,29109.0,29488.0,29001.0,29023.0,33578.0,982350845.0,0.0
2018-02-12 01:15:00,MHImain,HKFE,29600.0,29683.0,29434.0,29591.0,38656.0,1142594544.0,0.0
2018-02-12 11:00:00,MHImain,HKFE,29591.0,29708.0,29340.0,29423.0,42669.0,1261913858.0,0.0
2018-02-12 17:15:00,MHImain,HKFE,29430.0,29635.0,29430.0,29527.0,11124.0,328465541.0,0.0
2018-02-12 21:15:00,MHImain,HKFE,29526.0,29612.0,29377.0,29600.0,22002.0,648992990.0,0.0
2018-02-13 01:15:00,MHImain,HKFE,29600.0,30062.0,29600.0,30003.0,31535.0,941744427.0,0.0
2018-02-13 11:00:00,MHImain,HKFE,30003.0,30088.0,29666.0,29685.0,47998.0,1431940118.0,0.0
2018-02-13 17:15:00,MHImain,HKFE,29705.0,29749.0,29519.0,29623.0,9961.0,294979488.0,0.0
2018-02-13 21:15:00,MHImain,HKFE,29626.0,29841.0,29551.0,29830.0,17999.0,534673231.0,0.0
2018-02-14 01:15:00,MHImain,HKFE,29830.0,30050.0,29830.0,29916.0,22726.0,680547265.0,0.0
2018-02-14 11:00:00,MHImain,HKFE,29914.0,30587.0,29903.0,30301.0,45642.0,1379841516.0,0.0
2018-02-14 17:15:00,MHImain,HKFE,30330.0,30378.0,30202.0,30333.0,8228.0,249219135.0,0.0
2018-02-14 21:15:00,MHImain,HKFE,30332.0,30523.0,29953.0,30394.0,36069.0,1089939785.0,0.0
2018-02-15 01:15:00,MHImain,HKFE,30394.0,30921.0,30394.0,30900.0,21021.0,647330297.0,0.0
2018-02-15 11:00:00,MHImain,HKFE,30901.0,31036.0,30901.0,30992.0,7731.0,239412116.0,0.0
2018-02-15 17:15:00,MHImain,HKFE,30992.0,30992.0,30992.0,30992.0,0.0,0.0,0.0
2018-02-20 01:15:00,MHImain,HKFE,31192.0,31260.0,30607.0,31149.0,35324.0,1091451124.0,0.0
2018-02-20 11:00:00,MHImain,HKFE,31150.0,31277.0,30697.0,30750.0,39290.0,1217292897.0,0.0
2018-02-20 17:15:00,MHImain,HKFE,30735.0,30752.0,30634.0,30667.0,6506.0,199656196.0,0.0
2018-02-20 21:15:00,MHImain,HKFE,30668.0,30980.0,30666.0,30972.0,12610.0,388760077.0,0.0
2018-02-21 01:15:00,MHImain,HKFE,30972.0,31095.0,30815.0,31076.0,22010.0,681742303.0,0.0
2018-02-21 11:00:00,MHImain,HKFE,31078.0,31391.0,31004.0,31370.0,36186.0,1129121359.0,0.0
2018-02-21 17:15:00,MHImain,HKFE,31339.0,31364.0,31252.0,31324.0,6919.0,216589254.0,0.0
2018-02-21 21:15:00,MHImain,HKFE,31323.0,31518.0,31317.0,31483.0,9745.0,306328880.0,0.0
2018-02-22 01:15:00,MHImain,HKFE,31483.0,31483.0,30887.0,31104.0,31599.0,980759187.0,0.0
2018-02-22 11:00:00,MHImain,HKFE,31105.0,31152.0,30906.0,30951.0,31186.0,968109631.0,0.0
2018-02-22 17:15:00,MHImain,HKFE,30948.0,31064.0,30910.0,31018.0,5423.0,168155912.0,0.0
2018-02-22 21:15:00,MHImain,HKFE,31012.0,31284.0,31005.0,31271.0,12647.0,394032245.0,0.0
2018-02-23 01:15:00,MHImain,HKFE,31271.0,31372.0,31163.0,31293.0,23667.0,740288962.0,0.0
2018-02-23 11:00:00,MHImain,HKFE,31294.0,31351.0,31114.0,31170.0,34585.0,1080219313.0,0.0
2018-02-23 17:15:00,MHImain,HKFE,31176.0,31279.0,31133.0,31275.0,4650.0,145134412.0,0.0
2018-02-23 21:15:00,MHImain,HKFE,31277.0,31289.0,31156.0,31263.0,8825.0,275592375.0,0.0
2018-02-24 01:15:00,MHImain,HKFE,31263.0,31263.0,31263.0,31263.0,0.0,0.0,0.0
2018-02-26 01:15:00,MHImain,HKFE,31412.0,31553.0,31274.0,31433.0,25050.0,786809485.0,0.0
2018-02-26 11:00:00,MHImain,HKFE,31431.0,31550.0,31397.0,31520.0,23411.0,737112856.0,0.0
2018-02-26 17:15:00,MHImain,HKFE,31524.0,31598.0,31506.0,31584.0,2797.0,88269554.0,0.0
2018-02-26 21:15:00,MHImain,HKFE,31583.0,31619.0,31476.0,31588.0,5562.0,175511764.0,0.0
2018-02-27 01:15:00,MHImain,HKFE,31588.0,31774.0,31553.0,31560.0,4924.0,155955239.0,0.0
2018-02-27 11:00:00,MHImain,HKFE,31560.0,31575.0,31446.0,31455.0,2914.0,91823004.0,0.0
2018-02-27 17:15:00,MHImain,HKFE,31411.0,31411.0,31310.0,31353.0,4998.0,156691195.0,0.0
2018-02-27 21:15:00,MHImain,HKFE,31353.0,31435.0,31096.0,31108.0,13712.0,429034471.0,0.0
2018-02-28 01:15:00,MHImain,HKFE,31108.0,31126.0,30825.0,30897.0,28861.0,892487809.0,0.0
2018-02-28 11:00:00,MHImain,HKFE,30896.0,30899.0,30661.0,30744.0,45733.0,1407993333.0,0.0
2018-02-28 17:15:00,MHImain,HKFE,30759.0,30871.0,30759.0,30837.0,4634.0,142874196.0,0.0
2018-02-28 21:15:00,MHImain,HKFE,30836.0,30897.0,30600.0,30641.0,12909.0,397115432.0,0.0
2018-03-01 01:15:00,MHImain,HKFE,30641.0,30833.0,30355.0,30754.0,37654.0,1152526708.0,0.0
2018-03-01 11:00:00,MHImain,HKFE,30758.0,31084.0,30629.0,31026.0,48131.0,1483936340.0,0.0
2018-03-01 17:15:00,MHImain,HKFE,31013.0,31013.0,30760.0,30806.0,11550.0,356462607.0,0.0
2018-03-01 21:15:00,MHImain,HKFE,30808.0,30996.0,30726.0,30888.0,23419.0,722743718.0,0.0
2018-03-02 01:15:00,MHImain,HKFE,30888.0,30888.0,30428.0,30555.0,35139.0,1072509844.0,0.0
2018-03-02 11:00:00,MHImain,HKFE,30554.0,30610.0,30472.0,30543.0,32850.0,1003107843.0,0.0
2018-03-02 17:15:00,MHImain,HKFE,30540.0,30560.0,30051.0,30090.0,13544.0,409941328.0,0.0
2018-03-02 21:15:00,MHImain,HKFE,30093.0,30297.0,29996.0,30297.0,21574.0,649642589.0,0.0
2018-03-03 01:15:00,MHImain,HKFE,30297.0,30297.0,30297.0,30297.0,0.0,0.0,0.0
2018-03-05 01:15:00,MHImain,HKFE,30380.0,30674.0,30091.0,30103.0,41187.0,1248691984.0,0.0
2018-03-05 11:00:00,MHImain,HKFE,30107.0,30227.0,29791.0,29920.0,48348.0,1452513951.0,0.0
2018-03-05 17:15:00,MHImain,HKFE,29925.0,30058.0,29881.0,29941.0,10346.0,310074994.0,0.0
2018-03-05 21:15:00,MHImain,HKFE,29940.0,30305.0,29835.0,30287.0,16005.0,480762599.0,0.0
2018-03-06 01:15:00,MHImain,HKFE,30287.0,30456.0,30117.0,30213.0,32442.0,982401209.0,0.0
2018-03-06 11:00:00,MHImain,HKFE,30215.0,30595.0,30188.0,30484.0,42436.0,1289844071.0,0.0
2018-03-06 17:15:00,MHImain,HKFE,30470.0,30658.0,30411.0,30640.0,10082.0,308031019.0,0.0
2018-03-06 21:15:00,MHImain,HKFE,30640.0,30655.0,30385.0,30487.0,18017.0,550326664.0,0.0
2018-03-07 01:15:00,MHImain,HKFE,30487.0,30640.0,30150.0,30476.0,35610.0,1083768896.0,0.0
2018-03-07 11:00:00,MHImain,HKFE,30474.0,30546.0,30060.0,30198.0,55674.0,1683172221.0,0.0
2018-03-07 17:15:00,MHImain,HKFE,30195.0,30332.0,30120.0,30312.0,7905.0,239032360.0,0.0
2018-03-07 21:15:00,MHImain,HKFE,30311.0,30439.0,30266.0,30267.0,15747.0,478089161.0,0.0
2018-03-08 01:15:00,MHImain,HKFE,30267.0,30641.0,30267.0,30584.0,28061.0,856544958.0,0.0
2018-03-08 11:00:00,MHImain,HKFE,30585.0,30740.0,30525.0,30654.0,34814.0,1066473695.0,0.0
2018-03-08 17:15:00,MHImain,HKFE,30668.0,30736.0,30641.0,30724.0,4174.0,128108057.0,0.0
2018-03-08 21:15:00,MHImain,HKFE,30725.0,30829.0,30620.0,30675.0,13903.0,427237006.0,0.0
2018-03-09 01:15:00,MHImain,HKFE,30675.0,31009.0,30675.0,30920.0,27382.0,846764471.0,0.0
2018-03-09 11:00:00,MHImain,HKFE,30918.0,31042.0,30872.0,30992.0,26886.0,832282288.0,0.0
2018-03-09 17:15:00,MHImain,HKFE,30983.0,31060.0,30977.0,30989.0,3679.0,114133622.0,0.0
2018-03-09 21:15:00,MHImain,HKFE,30987.0,31311.0,30959.0,31300.0,14530.0,452865723.0,0.0
2018-03-10 01:15:00,MHImain,HKFE,31300.0,31300.0,31300.0,31300.0,0.0,0.0,0.0
2018-03-12 01:15:00,MHImain,HKFE,31468.0,31580.0,31347.0,31519.0,25361.0,797857920.0,0.0
2018-03-12 11:00:00,MHImain,HKFE,31519.0,31640.0,31419.0,31594.0,29471.0,929275682.0,0.0
2018-03-12 17:15:00,MHImain,HKFE,31592.0,31607.0,31506.0,31530.0,5189.0,163727724.0,0.0
2018-03-12 21:15:00,MHImain,HKFE,31530.0,31620.0,31442.0,31494.0,11311.0,356714939.0,0.0
2018-03-13 01:15:00,MHImain,HKFE,31494.0,31714.0,31483.0,31552.0,25824.0,815932207.0,0.0
2018-03-13 11:00:00,MHImain,HKFE,31552.0,31640.0,31502.0,31585.0,26104.0,823909205.0,0.0
2018-03-13 17:15:00,MHImain,HKFE,31600.0,31668.0,31573.0,31642.0,6064.0,191772677.0,0.0
2018-03-13 21:15:00,MHImain,HKFE,31643.0,31696.0,31293.0,31377.0,16699.0,525961992.0,0.0
2018-03-14 01:15:00,MHImain,HKFE,31377.0,31377.0,31169.0,31223.0,23600.0,737367579.0,0.0
2018-03-14 11:00:00,MHImain,HKFE,31222.0,31496.0,31111.0,31454.0,38554.0,1204960214.0,0.0
2018-03-14 17:15:00,MHImain,HKFE,31450.0,31572.0,31450.0,31509.0,5908.0,186230314.0,0.0
2018-03-14 21:15:00,MHImain,HKFE,31509.0,31580.0,31137.0,31206.0,20301.0,635678584.0,0.0
2018-03-15 01:15:00,MHImain,HKFE,31206.0,31538.0,31052.0,31481.0,28143.0,879994326.0,0.0
2018-03-15 11:00:00,MHImain,HKFE,31484.0,31620.0,31348.0,31533.0,36946.0,1163192751.0,0.0
2018-03-15 17:15:00,MHImain,HKFE,31562.0,31597.0,31453.0,31515.0,7549.0,237899258.0,0.0
2018-03-15 21:15:00,MHImain,HKFE,31513.0,31652.0,31367.0,31493.0,17536.0,552428623.0,0.0
2018-03-16 01:15:00,MHImain,HKFE,31493.0,31523.0,31270.0,31433.0,23666.0,743670520.0,0.0
2018-03-16 11:00:00,MHImain,HKFE,31435.0,31578.0,31354.0,31449.0,33557.0,1055909745.0,0.0
2018-03-16 17:15:00,MHImain,HKFE,31460.0,31498.0,31427.0,31443.0,4632.0,145748294.0,0.0
2018-03-16 21:15:00,MHImain,HKFE,31448.0,31567.0,31391.0,31559.0,11400.0,358860879.0,0.0
2018-03-17 01:15:00,MHImain,HKFE,31559.0,31559.0,31559.0,31559.0,0.0,0.0,0.0
2018-03-19 01:15:00,MHImain,HKFE,31393.0,31660.0,31209.0,31609.0,30497.0,959016778.0,0.0
2018-03-19 11:00:00,MHImain,HKFE,31608.0,31677.0,31394.0,31404.0,33205.0,1047681531.0,0.0
2018-03-19 17:15:00,MHImain,HKFE,31403.0,31457.0,31362.0,31384.0,6217.0,195283947.0,0.0
2018-03-19 21:15:00,MHImain,HKFE,31387.0,31448.0,31114.0,31168.0,15008.0,469805242.0,0.0
2018-03-20 01:15:00,MHImain,HKFE,31168.0,31395.0,31148.0,31218.0,28822.0,901788237.0,0.0
2018-03-20 11:00:00,MHImain,HKFE,31215.0,31588.0,31182.0,31548.0,41463.0,1302795412.0,0.0
2018-03-20 17:15:00,MHImain,HKFE,31539.0,31659.0,31486.0,31610.0,7432.0,234773609.0,0.0
2018-03-20 21:15:00,MHImain,HKFE,31611.0,31687.0,31534.0,31625.0,14746.0,466329779.0,0.0
2018-03-21 01:15:00,MHImain,HKFE,31625.0,31968.0,31625.0,31951.0,26268.0,837336124.0,0.0
2018-03-21 11:00:00,MHImain,HKFE,31953.0,32006.0,31336.0,31348.0,57043.0,1807263561.0,0.0
2018-03-21 17:15:00,MHImain,HKFE,31358.0,31386.0,31200.0,31274.0,10749.0,336200243.0,0.0
2018-03-21 21:15:00,MHImain,HKFE,31275.0,31475.0,31266.0,31441.0,10730.0,336386885.0,0.0
2018-03-22 01:15:00,MHImain,HKFE,31550.0,31704.0,31186.0,31255.0,36434.0,1146741316.0,0.0
2018-03-22 11:00:00,MHImain,HKFE,31256.0,31424.0,30989.0,31050.0,55087.0,1719408901.0,0.0
2018-03-22 17:15:00,MHImain,HKFE,31036.0,31036.0,30465.0,30519.0,17596.0,538993746.0,0.0
2018-03-22 21:15:00,MHImain,HKFE,30517.0,30687.0,30259.0,30453.0,28392.0,865699477.0,0.0
2018-03-23 01:15:00,MHImain,HKFE,30453.0,30453.0,29855.0,30189.0,47179.0,1419556835.0,0.0
2018-03-23 11:00:00,MHImain,HKFE,30185.0,30331.0,29919.0,30150.0,60000.0,1807609993.0,0.0
2018-03-23 17:15:00,MHImain,HKFE,30123.0,30268.0,30002.0,30229.0,13385.0,403550310.0,0.0
2018-03-23 21:15:00,MHImain,HKFE,30226.0,30316.0,30020.0,30055.0,21228.0,640693470.0,0.0
2018-03-24 01:15:00,MHImain,HKFE,30055.0,30055.0,30055.0,30055.0,0.0,0.0,0.0
2018-03-26 01:15:00,MHImain,HKFE,29950.0,30283.0,29937.0,30165.0,32580.0,983557134.0,0.0
2018-03-26 11:00:00,MHImain,HKFE,30164.0,30573.0,29969.0,30528.0,51683.0,1563176851.0,0.0
2018-03-26 17:15:00,MHImain,HKFE,30516.0,30624.0,30452.0,30573.0,8663.0,264862499.0,0.0
2018-03-26 21:15:00,MHImain,HKFE,30575.0,30613.0,30255.0,30479.0,21256.0,647299844.0,0.0
2018-03-27 01:15:00,MHImain,HKFE,30479.0,30949.0,30479.0,30770.0,29349.0,904992136.0,0.0
2018-03-27 11:00:00,MHImain,HKFE,30768.0,30890.0,30733.0,30788.0,30257.0,932182865.0,0.0
2018-03-27 17:15:00,MHImain,HKFE,30799.0,30833.0,30729.0,30753.0,3279.0,100929326.0,0.0
2018-03-27 21:15:00,MHImain,HKFE,30754.0,30851.0,30604.0,30836.0,12897.0,396189359.0,0.0
2018-03-28 01:15:00,MHImain,HKFE,30836.0,30836.0,30377.0,30488.0,4684.0,142888957.0,0.0
2018-03-28 11:00:00,MHImain,HKFE,30488.0,30496.0,30312.0,30337.0,2486.0,75539232.0,0.0
2018-03-28 17:15:00,MHImain,HKFE,29950.0,30146.0,29871.0,29935.0,14898.0,447090777.0,0.0
2018-03-28 21:15:00,MHImain,HKFE,29937.0,30232.0,29810.0,30070.0,30482.0,914019058.0,0.0
2018-03-29 01:15:00,MHImain,HKFE,30070.0,30188.0,29752.0,29947.0,43410.0,1299543965.0,0.0
2018-03-29 11:00:00,MHImain,HKFE,29945.0,30205.0,29811.0,30033.0,50321.0,1510891367.0,0.0
2018-03-29 17:15:00,MHImain,HKFE,30049.0,30166.0,30033.0,30101.0,7249.0,218158899.0,0.0
2018-03-29 21:15:00,MHImain,HKFE,30103.0,30318.0,30082.0,30283.0,16505.0,498454077.0,0.0
2018-03-30 01:15:00,MHImain,HKFE,30283.0,30283.0,30283.0,30283.0,0.0,0.0,0.0
2018-04-03 01:15:00,MHImain,HKFE,29862.0,30011.0,29748.0,29875.0,34489.0,1030260819.0,0.0
2018-04-03 11:00:00,MHImain,HKFE,29871.0,30294.0,29824.0,30160.0,45007.0,1351944844.0,0.0
2018-04-03 17:15:00,MHImain,HKFE,30156.0,30266.0,30078.0,30230.0,7645.0,230795844.0,0.0
2018-04-03 21:15:00,MHImain,HKFE,30230.0,30292.0,30065.0,30140.0,19175.0,578684500.0,0.0
2018-04-04 01:15:00,MHImain,HKFE,30140.0,30315.0,30117.0,30211.0,27858.0,841364038.0,0.0
2018-04-04 11:00:00,MHImain,HKFE,30209.0,30214.0,29345.0,29409.0,62966.0,1877927623.0,0.0
2018-04-04 17:15:00,MHImain,HKFE,29385.0,29462.0,29146.0,29400.0,19958.0,585253670.0,0.0
2018-04-04 21:15:00,MHImain,HKFE,29399.0,29945.0,29353.0,29905.0,26235.0,778208407.0,0.0
2018-04-05 01:15:00,MHImain,HKFE,29905.0,29905.0,29905.0,29905.0,0.0,0.0,0.0
2018-04-06 01:15:00,MHImain,HKFE,29800.0,29980.0,29648.0,29868.0,33340.0,994397814.0,0.0
2018-04-06 11:00:00,MHImain,HKFE,29862.0,29899.0,29563.0,29836.0,42756.0,1272871968.0,0.0
2018-04-06 17:15:00,MHImain,HKFE,29836.0,29947.0,29752.0,29899.0,11908.0,355432785.0,0.0
2018-04-06 21:15:00,MHImain,HKFE,29896.0,30159.0,29824.0,29983.0,25681.0,769797797.0,0.0
2018-04-07 01:15:00,MHImain,HKFE,29983.0,29983.0,29983.0,29983.0,0.0,0.0,0.0
2018-04-09 01:15:00,MHImain,HKFE,30007.0,30139.0,29912.0,30088.0,31646.0,950109625.0,0.0
2018-04-09 11:00:00,MHImain,HKFE,30087.0,30577.0,30084.0,30280.0,60950.0,1845702324.0,0.0
2018-04-09 17:15:00,MHImain,HKFE,30268.0,30382.0,30161.0,30192.0,10934.0,330816348.0,0.0
2018-04-09 21:15:00,MHImain,HKFE,30190.0,30401.0,30061.0,30377.0,17481.0,528479095.0,0.0
2018-04-10 01:15:00,MHImain,HKFE,30377.0,30598.0,30136.0,30542.0,36837.0,1118473035.0,0.0
2018-04-10 11:00:00,MHImain,HKFE,30537.0,30815.0,30445.0,30761.0,47359.0,1452055315.0,0.0
2018-04-10 17:15:00,MHImain,HKFE,30759.0,30777.0,30662.0,30679.0,7033.0,215997117.0,0.0
2018-04-10 21:15:00,MHImain,HKFE,30681.0,30756.0,30624.0,30690.0,13196.0,405103583.0,0.0
2018-04-11 01:15:00,MHImain,HKFE,30690.0,30918.0,30687.0,30849.0,31149.0,959725589.0,0.0
2018-04-11 11:00:00,MHImain,HKFE,30850.0,31000.0,30829.0,30888.0,37302.0,1153113472.0,0.0
2018-04-11 17:15:00,MHImain,HKFE,30903.0,30920.0,30788.0,30875.0,9299.0,286928739.0,0.0
2018-04-11 21:15:00,MHImain,HKFE,30876.0,31085.0,30865.0,30966.0,12788.0,395855697.0,0.0
2018-04-12 01:15:00,MHImain,HKFE,30966.0,31153.0,30906.0,30909.0,30166.0,935453054.0,0.0
2018-04-12 11:00:00,MHImain,HKFE,30909.0,30966.0,30605.0,30766.0,50260.0,1546736543.0,0.0
2018-04-12 17:15:00,MHImain,HKFE,30763.0,30948.0,30732.0,30915.0,8393.0,259178164.0,0.0
2018-04-12 21:15:00,MHImain,HKFE,30916.0,31078.0,30863.0,31070.0,12421.0,384773778.0,0.0
2018-04-13 01:15:00,MHImain,HKFE,31070.0,31070.0,30801.0,30823.0,27204.0,841564364.0,0.0
2018-04-13 11:00:00,MHImain,HKFE,30821.0,30906.0,30701.0,30861.0,35200.0,1085203454.0,0.0
2018-04-13 17:15:00,MHImain,HKFE,30865.0,30963.0,30861.0,30942.0,4781.0,147806309.0,0.0
2018-04-13 21:15:00,MHImain,HKFE,30942.0,30960.0,30669.0,30765.0,16508.0,508324023.0,0.0
2018-04-14 01:15:00,MHImain,HKFE,30765.0,30765.0,30765.0,30765.0,0.0,0.0,0.0
2018-04-16 01:15:00,MHImain,HKFE,30982.0,30992.0,30328.0,30351.0,35292.0,1078663387.0,0.0
2018-04-16 11:00:00,MHImain,HKFE,30353.0,30412.0,30160.0,30185.0,53628.0,1623703855.0,0.0
2018-04-16 17:15:00,MHImain,HKFE,30203.0,30324.0,30186.0,30296.0,6828.0,206598042.0,0.0
2018-04-16 21:15:00,MHImain,HKFE,30296.0,30385.0,30221.0,30360.0,11400.0,345403045.0,0.0
2018-04-17 01:15:00,MHImain,HKFE,30360.0,30527.0,30069.0,30373.0,43467.0,1316856056.0,0.0
2018-04-17 11:00:00,MHImain,HKFE,30371.0,30405.0,29992.0,30051.0,48782.0,1473144468.0,0.0
2018-04-17 17:15:00,MHImain,HKFE,30052.0,30291.0,30032.0,30268.0,9685.0,292415511.0,0.0
2018-04-17 21:15:00,MHImain,HKFE,30266.0,30440.0,30235.0,30427.0,10876.0,330214589.0,0.0
2018-04-18 01:15:00,MHImain,HKFE,30427.0,30509.0,29957.0,30160.0,44143.0,1334484590.0,0.0
2018-04-18 11:00:00,MHImain,HKFE,30162.0,30392.0,30056.0,30310.0,55328.0,1672550219.0,0.0
2018-04-18 17:15:00,MHImain,HKFE,30300.0,30438.0,30215.0,30400.0,9359.0,283958791.0,0.0
2018-04-18 21:15:00,MHImain,HKFE,30397.0,30460.0,30285.0,30429.0,12680.0,385250774.0,0.0
2018-04-19 01:15:00,MHImain,HKFE,30429.0,30791.0,30429.0,30732.0,39139.0,1197588001.0,0.0
2018-04-19 11:00:00,MHImain,HKFE,30731.0,30779.0,30546.0,30760.0,43521.0,1335574613.0,0.0
2018-04-19 17:15:00,MHImain,HKFE,30755.0,30760.0,30671.0,30690.0,5691.0,174786439.0,0.0
2018-04-19 21:15:00,MHImain,HKFE,30688.0,30735.0,30512.0,30540.0,13613.0,417073278.0,0.0
2018-04-20 01:15:00,MHImain,HKFE,30540.0,30878.0,30540.0,30624.0,35083.0,1076631194.0,0.0
2018-04-20 11:00:00,MHImain,HKFE,30623.0,30642.0,30318.0,30360.0,47801.0,1458204778.0,0.0
2018-04-20 17:15:00,MHImain,HKFE,30350.0,30441.0,30322.0,30384.0,6499.0,197496094.0,0.0
2018-04-20 21:15:00,MHImain,HKFE,30384.0,30420.0,30184.0,30269.0,14301.0,433218407.0,0.0
2018-04-21 01:15:00,MHImain,HKFE,30269.0,30269.0,30269.0,30269.0,0.0,0.0,0.0
2018-04-23 01:15:00,MHImain,HKFE,30357.0,30500.0,30146.0,30372.0,42182.0,1278262189.0,0.0
2018-04-23 11:00:00,MHImain,HKFE,30374.0,30436.0,30202.0,30240.0,39824.0,1207132751.0,0.0
2018-04-23 17:15:00,MHImain,HKFE,30250.0,30291.0,30166.0,30282.0,5676.0,171594619.0,0.0
2018-04-23 21:15:00,MHImain,HKFE,30280.0,30391.0,30206.0,30288.0,11064.0,335189263.0,0.0
2018-04-24 01:15:00,MHImain,HKFE,30353.0,30637.0,30266.0,30573.0,30187.0,919967779.0,0.0
2018-04-24 11:00:00,MHImain,HKFE,30571.0,30700.0,30490.0,30640.0,35188.0,1076498971.0,0.0
2018-04-24 17:15:00,MHImain,HKFE,30647.0,30781.0,30617.0,30715.0,6652.0,204393627.0,0.0
2018-04-24 21:15:00,MHImain,HKFE,30712.0,30755.0,30500.0,30506.0,19428.0,595446732.0,0.0
2018-04-25 01:15:00,MHImain,HKFE,30506.0,30517.0,30218.0,30288.0,36609.0,1110875862.0,0.0
2018-04-25 11:00:00,MHImain,HKFE,30288.0,30390.0,30181.0,30185.0,31827.0,964479837.0,0.0
2018-04-25 17:15:00,MHImain,HKFE,30189.0,30225.0,30093.0,30199.0,8686.0,262082753.0,0.0
2018-04-25 21:15:00,MHImain,HKFE,30199.0,30284.0,30095.0,30212.0,15486.0,467410063.0,0.0
2018-04-26 01:15:00,MHImain,HKFE,30212.0,30456.0,30033.0,30068.0,32541.0,983174863.0,0.0
2018-04-26 11:00:00,MHImain,HKFE,30068.0,30172.0,29838.0,30033.0,33444.0,1003416656.0,0.0
2018-04-26 17:15:00,MHImain,HKFE,30039.0,30152.0,30030.0,30100.0,3573.0,107548156.0,0.0
2018-04-26 21:15:00,MHImain,HKFE,30098.0,30220.0,30088.0,30220.0,5030.0,151686504.0,0.0
2018-04-27 01:15:00,MHImain,HKFE,30220.0,30309.0,30067.0,30110.0,4786.0,144473658.0,0.0
2018-04-27 11:00:00,MHImain,HKFE,30110.0,30159.0,30071.0,30150.0,2425.0,73049812.0,0.0
2018-04-27 17:15:00,MHImain,HKFE,30063.0,30140.0,30028.0,30127.0,4679.0,140773748.0,0.0
2018-04-27 21:15:00,MHImain,HKFE,30131.0,30199.0,30016.0,30193.0,11438.0,344268289.0,0.0
2018-04-28 01:15:00,MHImain,HKFE,30193.0,30193.0,30193.0,30193.0,0.0,0.0,0.0
2018-04-30 01:15:00,MHImain,HKFE,30241.0,30658.0,30232.0,30629.0,27331.0,833643234.0,0.0
2018-04-30 11:00:00,MHImain,HKFE,30630.0,30722.0,30570.0,30669.0,19037.0,583357927.0,0.0
2018-04-30 17:15:00,MHImain,HKFE,30688.0,30696.0,30633.0,30647.0,2854.0,87522795.0,0.0
2018-04-30 21:15:00,MHImain,HKFE,30645.0,30647.0,30455.0,30495.0,9927.0,303359016.0,0.0
2018-05-01 01:15:00,MHImain,HKFE,30495.0,30495.0,30495.0,30495.0,0.0,0.0,0.0
2018-05-02 01:15:00,MHImain,HKFE,30505.0,30659.0,30396.0,30489.0,31908.0,973849634.0,0.0
2018-05-02 11:00:00,MHImain,HKFE,30490.0,30579.0,30392.0,30553.0,28589.0,871559751.0,0.0
2018-05-02 17:15:00,MHImain,HKFE,30567.0,30590.0,30474.0,30485.0,4745.0,144858771.0,0.0
2018-05-02 21:15:00,MHImain,HKFE,30485.0,30495.0,30298.0,30358.0,12075.0,366996499.0,0.0
2018-05-03 01:15:00,MHImain,HKFE,30358.0,30358.0,29903.0,29955.0,33974.0,1020867462.0,0.0
2018-05-03 11:00:00,MHImain,HKFE,29953.0,30242.0,29943.0,30058.0,39119.0,1177764140.0,0.0
2018-05-03 17:15:00,MHImain,HKFE,30072.0,30106.0,29910.0,29947.0,7403.0,222151858.0,0.0
2018-05-03 21:15:00,MHImain,HKFE,29947.0,30021.0,29687.0,29931.0,23174.0,691329780.0,0.0
2018-05-04 01:15:00,MHImain,HKFE,29931.0,30169.0,29768.0,29891.0,37966.0,1137090669.0,0.0
2018-05-04 11:00:00,MHImain,HKFE,29889.0,30050.0,29645.0,29774.0,44938.0,1341572011.0,0.0
2018-05-04 17:15:00,MHImain,HKFE,29766.0,29859.0,29671.0,29685.0,8518.0,253518120.0,0.0
2018-05-04 21:15:00,MHImain,HKFE,29686.0,30019.0,29575.0,29981.0,18235.0,543712137.0,0.0
2018-05-05 01:15:00,MHImain,HKFE,29981.0,29981.0,29981.0,29981.0,0.0,0.0,0.0
2018-05-07 01:15:00,MHImain,HKFE,30000.0,30044.0,29582.0,29856.0,40266.0,1199697820.0,0.0
2018-05-07 11:00:00,MHImain,HKFE,29856.0,29970.0,29656.0,29761.0,43204.0,1288559313.0,0.0
2018-05-07 17:15:00,MHImain,HKFE,29761.0,29806.0,29716.0,29771.0,5035.0,149855610.0,0.0
2018-05-07 21:15:00,MHImain,HKFE,29769.0,29877.0,29679.0,29850.0,13161.0,392180894.0,0.0
2018-05-08 01:15:00,MHImain,HKFE,29850.0,30206.0,29799.0,30177.0,33574.0,1010151509.0,0.0
2018-05-08 11:00:00,MHImain,HKFE,30179.0,30266.0,30131.0,30198.0,32373.0,977809439.0,0.0
2018-05-08 17:15:00,MHImain,HKFE,30196.0,30215.0,30143.0,30176.0,5300.0,159936599.0,0.0
2018-05-08 21:15:00,MHImain,HKFE,30177.0,30187.0,30023.0,30076.0,15556.0,468223930.0,0.0
2018-05-09 01:15:00,MHImain,HKFE,30076.0,30349.0,30076.0,30239.0,32465.0,981875236.0,0.0
2018-05-09 11:00:00,MHImain,HKFE,30240.0,30420.0,30227.0,30415.0,35254.0,1069712185.0,0.0
2018-05-09 17:15:00,MHImain,HKFE,30420.0,30460.0,30384.0,30399.0,4426.0,134640911.0,0.0
2018-05-09 21:15:00,MHImain,HKFE,30396.0,30442.0,30295.0,30415.0,11450.0,347745636.0,0.0
2018-05-10 01:15:00,MHImain,HKFE,30415.0,30700.0,30415.0,30611.0,34301.0,1049954043.0,0.0
2018-05-10 11:00:00,MHImain,HKFE,30612.0,30692.0,30553.0,30675.0,27427.0,839989861.0,0.0
2018-05-10 17:15:00,MHImain,HKFE,30660.0,30689.0,30626.0,30682.0,4359.0,133633266.0,0.0
2018-05-10 21:15:00,MHImain,HKFE,30677.0,30983.0,30675.0,30952.0,12931.0,398472218.0,0.0
2018-05-11 01:15:00,MHImain,HKFE,30952.0,31142.0,30869.0,31043.0,34296.0,1062899565.0,0.0
2018-05-11 11:00:00,MHImain,HKFE,31043.0,31116.0,30928.0,31094.0,30669.0,951309882.0,0.0
2018-05-11 17:15:00,MHImain,HKFE,31088.0,31179.0,31056.0,31151.0,5881.0,183070907.0,0.0
2018-05-11 21:15:00,MHImain,HKFE,31150.0,31197.0,31037.0,31111.0,10979.0,341686955.0,0.0
2018-05-12 01:15:00,MHImain,HKFE,31111.0,31111.0,31111.0,31111.0,0.0,0.0,0.0
2018-05-14 01:15:00,MHImain,HKFE,31299.0,31474.0,31262.0,31417.0,27171.0,852645257.0,0.0
2018-05-14 11:00:00,MHImain,HKFE,31415.0,31469.0,31311.0,31455.0,23424.0,734918296.0,0.0
2018-05-14 17:15:00,MHImain,HKFE,31455.0,31489.0,31424.0,31446.0,3036.0,95490209.0,0.0
2018-05-14 21:15:00,MHImain,HKFE,31443.0,31498.0,31424.0,31433.0,6395.0,201213782.0,0.0
2018-05-15 01:15:00,MHImain,HKFE,31433.0,31443.0,31081.0,31101.0,27795.0,868296995.0,0.0
2018-05-15 11:00:00,MHImain,HKFE,31102.0,31136.0,30958.0,30990.0,28433.0,883535901.0,0.0
2018-05-15 17:15:00,MHImain,HKFE,30999.0,31044.0,30810.0,30833.0,7764.0,240218713.0,0.0
2018-05-15 21:15:00,MHImain,HKFE,30831.0,30872.0,30715.0,30850.0,13248.0,408008995.0,0.0
2018-05-16 01:15:00,MHImain,HKFE,30850.0,30905.0,30641.0,30780.0,27935.0,859090667.0,0.0
2018-05-16 11:00:00,MHImain,HKFE,30781.0,31085.0,30774.0,30936.0,43497.0,1345253072.0,0.0
2018-05-16 17:15:00,MHImain,HKFE,30931.0,31080.0,30820.0,31030.0,8986.0,278410649.0,0.0
2018-05-16 21:15:00,MHImain,HKFE,31030.0,31187.0,31013.0,31185.0,9983.0,310580311.0,0.0
2018-05-17 01:15:00,MHImain,HKFE,31185.0,31319.0,30926.0,31019.0,32104.0,996866554.0,0.0
2018-05-17 11:00:00,MHImain,HKFE,31017.0,31058.0,30820.0,30883.0,28916.0,894139781.0,0.0
2018-05-17 17:15:00,MHImain,HKFE,30885.0,30920.0,30847.0,30881.0,4275.0,132029529.0,0.0
2018-05-17 21:15:00,MHImain,HKFE,30880.0,30992.0,30817.0,30890.0,9257.0,286148808.0,0.0
2018-05-18 01:15:00,MHImain,HKFE,30890.0,30990.0,30782.0,30914.0,25929.0,800484380.0,0.0
2018-05-18 11:00:00,MHImain,HKFE,30915.0,31080.0,30847.0,30895.0,29690.0,919470173.0,0.0
2018-05-18 17:15:00,MHImain,HKFE,30903.0,30937.0,30773.0,30804.0,6121.0,188898583.0,0.0
2018-05-18 21:15:00,MHImain,HKFE,30800.0,30846.0,30746.0,30772.0,9610.0,295954597.0,0.0
2018-05-19 01:15:00,MHImain,HKFE,30772.0,30772.0,30772.0,30772.0,0.0,0.0,0.0
2018-05-21 01:15:00,MHImain,HKFE,31122.0,31397.0,31090.0,31361.0,23071.0,721868863.0,0.0
2018-05-21 11:00:00,MHImain,HKFE,31361.0,31408.0,31150.0,31225.0,26982.0,843516892.0,0.0
2018-05-21 17:15:00,MHImain,HKFE,31232.0,31266.0,31189.0,31231.0,3359.0,104904996.0,0.0
2018-05-21 21:15:00,MHImain,HKFE,31230.0,31288.0,31150.0,31181.0,7589.0,236984661.0,0.0
2018-05-22 01:15:00,MHImain,HKFE,31181.0,31181.0,31181.0,31181.0,0.0,0.0,0.0
2018-05-23 01:15:00,MHImain,HKFE,31120.0,31137.0,30827.0,30836.0,23853.0,737912905.0,0.0
2018-05-23 11:00:00,MHImain,HKFE,30837.0,30869.0,30522.0,30548.0,31021.0,953511955.0,0.0
2018-05-23 17:15:00,MHImain,HKFE,30559.0,30579.0,30485.0,30512.0,4932.0,150608588.0,0.0
2018-05-23 21:15:00,MHImain,HKFE,30515.0,30688.0,30513.0,30667.0,11660.0,356929999.0,0.0
2018-05-24 01:15:00,MHImain,HKFE,30622.0,30741.0,30514.0,30721.0,26278.0,804619693.0,0.0
2018-05-24 11:00:00,MHImain,HKFE,30722.0,30768.0,30548.0,30703.0,28679.0,879240525.0,0.0
2018-05-24 17:15:00,MHImain,HKFE,30701.0,30718.0,30613.0,30623.0,3419.0,104814260.0,0.0
2018-05-24 21:15:00,MHImain,HKFE,30623.0,30684.0,30377.0,30590.0,19355.0,590458346.0,0.0
2018-05-25 01:15:00,MHImain,HKFE,30590.0,30762.0,30577.0,30588.0,24633.0,755055987.0,0.0
2018-05-25 11:00:00,MHImain,HKFE,30588.0,30730.0,30496.0,30651.0,30599.0,937035677.0,0.0
2018-05-25 17:15:00,MHImain,HKFE,30652.0,30665.0,30511.0,30520.0,4958.0,151637055.0,0.0
2018-05-25 21:15:00,MHImain,HKFE,30516.0,30615.0,30485.0,30585.0,10052.0,307165255.0,0.0
2018-05-26 01:15:00,MHImain,HKFE,30585.0,30585.0,30585.0,30585.0,0.0,0.0,0.0
2018-05-28 01:15:00,MHImain,HKFE,30731.0,30790.0,30518.0,30732.0,21825.0,669371383.0,0.0
2018-05-28 11:00:00,MHImain,HKFE,30733.0,30859.0,30703.0,30765.0,22808.0,702127003.0,0.0
2018-05-28 17:15:00,MHImain,HKFE,30765.0,30765.0,30765.0,30765.0,0.0,0.0,0.0
2018-05-28 21:15:00,MHImain,HKFE,30765.0,30765.0,30765.0,30765.0,0.0,0.0,0.0
2018-05-29 01:15:00,MHImain,HKFE,30765.0,30765.0,30536.0,30625.0,17942.0,549519000.0,0.0
2018-05-29 11:00:00,MHImain,HKFE,30624.0,30636.0,30420.0,30426.0,23987.0,732257431.0,0.0
2018-05-29 17:15:00,MHImain,HKFE,30440.0,30488.0,30353.0,30466.0,4981.0,151519404.0,0.0
2018-05-29 21:15:00,MHImain,HKFE,30465.0,30475.0,30167.0,30240.0,7189.0,218255168.0,0.0
2018-05-30 01:15:00,MHImain,HKFE,30240.0,30240.0,29981.0,30039.0,4622.0,139063094.0,0.0
2018-05-30 11:00:00,MHImain,HKFE,30040.0,30102.0,30027.0,30053.0,1885.0,56659067.0,0.0
2018-05-30 17:15:00,MHImain,HKFE,29881.0,29974.0,29847.0,29933.0,5809.0,173819774.0,0.0
2018-05-30 21:15:00,MHImain,HKFE,29933.0,30152.0,29899.0,30145.0,10734.0,322117470.0,0.0
2018-05-31 01:15:00,MHImain,HKFE,30145.0,30145.0,29977.0,30089.0,23783.0,714899575.0,0.0
2018-05-31 11:00:00,MHImain,HKFE,30086.0,30512.0,30084.0,30500.0,34115.0,1032493307.0,0.0
2018-05-31 17:15:00,MHImain,HKFE,30491.0,30491.0,30330.0,30365.0,6876.0,209127333.0,0.0
2018-05-31 21:15:00,MHImain,HKFE,30362.0,30388.0,30240.0,30363.0,16094.0,487773499.0,0.0
2018-06-01 01:15:00,MHImain,HKFE,30363.0,30469.0,30278.0,30357.0,25458.0,773508359.0,0.0
2018-06-01 11:00:00,MHImain,HKFE,30357.0,30450.0,30257.0,30393.0,29117.0,883617975.0,0.0
2018-06-01 17:15:00,MHImain,HKFE,30397.0,30449.0,30365.0,30433.0,4786.0,145550364.0,0.0
2018-06-01 21:15:00,MHImain,HKFE,30435.0,30600.0,30418.0,30560.0,11502.0,351021900.0,0.0
2018-06-02 01:15:00,MHImain,HKFE,30560.0,30560.0,30560.0,30560.0,0.0,0.0,0.0
2018-06-04 01:15:00,MHImain,HKFE,30601.0,30869.0,30591.0,30800.0,22895.0,704694459.0,0.0
2018-06-04 11:00:00,MHImain,HKFE,30799.0,30949.0,30781.0,30897.0,25535.0,788241476.0,0.0
2018-06-04 17:15:00,MHImain,HKFE,30906.0,30975.0,30856.0,30895.0,4823.0,149086916.0,0.0
2018-06-04 21:15:00,MHImain,HKFE,30893.0,30936.0,30824.0,30888.0,6776.0,209240686.0,0.0
2018-06-05 01:15:00,MHImain,HKFE,30888.0,30957.0,30808.0,30898.0,22361.0,690377543.0,0.0
2018-06-05 11:00:00,MHImain,HKFE,30897.0,31152.0,30875.0,31056.0,33000.0,1023472859.0,0.0
2018-06-05 17:15:00,MHImain,HKFE,31073.0,31106.0,31005.0,31043.0,4454.0,138325225.0,0.0
2018-06-05 21:15:00,MHImain,HKFE,31042.0,31067.0,30947.0,31004.0,6873.0,213088372.0,0.0
2018-06-06 01:15:00,MHImain,HKFE,31004.0,31253.0,31004.0,31120.0,22969.0,715727747.0,0.0
2018-06-06 11:00:00,MHImain,HKFE,31118.0,31276.0,31083.0,31210.0,26322.0,821178671.0,0.0
2018-06-06 17:15:00,MHImain,HKFE,31203.0,31252.0,31188.0,31201.0,3387.0,105759824.0,0.0
2018-06-06 21:15:00,MHImain,HKFE,31203.0,31300.0,31154.0,31299.0,8549.0,266887393.0,0.0
2018-06-07 01:15:00,MHImain,HKFE,31299.0,31518.0,31299.0,31366.0,27272.0,857129708.0,0.0
2018-06-07 11:00:00,MHImain,HKFE,31366.0,31542.0,31349.0,31535.0,26750.0,841431919.0,0.0
2018-06-07 17:15:00,MHImain,HKFE,31513.0,31520.0,31456.0,31471.0,2861.0,90094805.0,0.0
2018-06-07 21:15:00,MHImain,HKFE,31469.0,31494.0,31360.0,31372.0,8507.0,267467018.0,0.0
2018-06-08 01:15:00,MHImain,HKFE,31372.0,31406.0,31156.0,31183.0,22465.0,702370678.0,0.0
2018-06-08 11:00:00,MHImain,HKFE,31182.0,31189.0,30798.0,30843.0,41337.0,1280535705.0,0.0
2018-06-08 17:15:00,MHImain,HKFE,30846.0,30970.0,30816.0,30947.0,5923.0,183036145.0,0.0
2018-06-08 21:15:00,MHImain,HKFE,30945.0,31080.0,30912.0,31045.0,8918.0,276190242.0,0.0
2018-06-09 01:15:00,MHImain,HKFE,31045.0,31045.0,31045.0,31045.0,0.0,0.0,0.0
2018-06-11 01:15:00,MHImain,HKFE,31015.0,31099.0,30834.0,31090.0,26174.0,810465115.0,0.0
2018-06-11 11:00:00,MHImain,HKFE,31090.0,31119.0,30958.0,31043.0,24539.0,761749158.0,0.0
2018-06-11 17:15:00,MHImain,HKFE,31037.0,31043.0,30937.0,31004.0,3997.0,123832416.0,0.0
2018-06-11 21:15:00,MHImain,HKFE,31005.0,31102.0,30992.0,31088.0,6991.0,216994872.0,0.0
2018-06-12 01:15:00,MHImain,HKFE,31088.0,31236.0,30873.0,31132.0,32404.0,1006244150.0,0.0
2018-06-12 11:00:00,MHImain,HKFE,31132.0,31190.0,31020.0,31045.0,26198.0,815307396.0,0.0
2018-06-12 17:15:00,MHImain,HKFE,31029.0,31046.0,30962.0,31020.0,4642.0,143911602.0,0.0
2018-06-12 21:15:00,MHImain,HKFE,31019.0,31039.0,30905.0,30914.0,6784.0,210078402.0,0.0
2018-06-13 01:15:00,MHImain,HKFE,30914.0,31001.0,30867.0,30949.0,19924.0,616293440.0,0.0
2018-06-13 11:00:00,MHImain,HKFE,30949.0,30950.0,30637.0,30744.0,29219.0,899722037.0,0.0
2018-06-13 17:15:00,MHImain,HKFE,30746.0,30819.0,30736.0,30807.0,4030.0,124038713.0,0.0
2018-06-13 21:15:00,MHImain,HKFE,30809.0,30823.0,30715.0,30781.0,6638.0,204213925.0,0.0
2018-06-14 01:15:00,MHImain,HKFE,30781.0,30781.0,30439.0,30441.0,26747.0,818573630.0,0.0
2018-06-14 11:00:00,MHImain,HKFE,30441.0,30522.0,30270.0,30414.0,34983.0,1063074096.0,0.0
2018-06-14 17:15:00,MHImain,HKFE,30420.0,30552.0,30415.0,30537.0,5622.0,171399888.0,0.0
2018-06-14 21:15:00,MHImain,HKFE,30536.0,30576.0,30453.0,30489.0,8703.0,265559570.0,0.0
2018-06-15 01:15:00,MHImain,HKFE,30489.0,30489.0,30318.0,30463.0,22619.0,687589877.0,0.0
2018-06-15 11:00:00,MHImain,HKFE,30464.0,30466.0,30220.0,30251.0,33423.0,1014276979.0,0.0
2018-06-15 17:15:00,MHImain,HKFE,30271.0,30294.0,30118.0,30124.0,7159.0,216283514.0,0.0
2018-06-15 21:15:00,MHImain,HKFE,30123.0,30170.0,30022.0,30066.0,12647.0,380624664.0,0.0
2018-06-16 01:15:00,MHImain,HKFE,30066.0,30066.0,30066.0,30066.0,0.0,0.0,0.0
2018-06-19 01:15:00,MHImain,HKFE,29870.0,29926.0,29573.0,29639.0,29164.0,866876956.0,0.0
2018-06-19 11:00:00,MHImain,HKFE,29640.0,29690.0,29266.0,29377.0,47208.0,1390686432.0,0.0
2018-06-19 17:15:00,MHImain,HKFE,29392.0,29482.0,29305.0,29391.0,7262.0,213400044.0,0.0
2018-06-19 21:15:00,MHImain,HKFE,29392.0,29538.0,29329.0,29499.0,15772.0,464219720.0,0.0
2018-06-20 01:15:00,MHImain,HKFE,29499.0,29564.0,29344.0,29385.0,29853.0,879503245.0,0.0
2018-06-20 11:00:00,MHImain,HKFE,29385.0,29969.0,29361.0,29667.0,49821.0,1480128388.0,0.0
2018-06-20 17:15:00,MHImain,HKFE,29683.0,29726.0,29587.0,29712.0,5109.0,151581359.0,0.0
2018-06-20 21:15:00,MHImain,HKFE,29711.0,29718.0,29525.0,29686.0,11380.0,337074753.0,0.0
2018-06-21 01:15:00,MHImain,HKFE,29686.0,29859.0,29652.0,29763.0,25631.0,762634456.0,0.0
2018-06-21 11:00:00,MHImain,HKFE,29761.0,29777.0,29234.0,29307.0,53219.0,1565954222.0,0.0
2018-06-21 17:15:00,MHImain,HKFE,29278.0,29291.0,29117.0,29280.0,10380.0,302949368.0,0.0
2018-06-21 21:15:00,MHImain,HKFE,29280.0,29286.0,29007.0,29011.0,14478.0,421313821.0,0.0
2018-06-22 01:15:00,MHImain,HKFE,29050.0,29238.0,29050.0,29207.0,32046.0,933966285.0,0.0
2018-06-22 11:00:00,MHImain,HKFE,29212.0,29427.0,29137.0,29355.0,45317.0,1327515773.0,0.0
2018-06-22 17:15:00,MHImain,HKFE,29358.0,29422.0,29343.0,29416.0,3251.0,95533357.0,0.0
2018-06-22 21:15:00,MHImain,HKFE,29415.0,29437.0,29294.0,29390.0,10023.0,294208071.0,0.0
2018-06-23 01:15:00,MHImain,HKFE,29390.0,29390.0,29390.0,29390.0,0.0,0.0,0.0
2018-06-25 01:15:00,MHImain,HKFE,29420.0,29454.0,29098.0,29142.0,31560.0,923089465.0,0.0
2018-06-25 11:00:00,MHImain,HKFE,29139.0,29240.0,28865.0,28957.0,43550.0,1264143334.0,0.0
2018-06-25 17:15:00,MHImain,HKFE,28945.0,28975.0,28874.0,28930.0,5969.0,172616599.0,0.0
2018-06-25 21:15:00,MHImain,HKFE,28930.0,28980.0,28647.0,28743.0,16852.0,485524997.0,0.0
2018-06-26 01:15:00,MHImain,HKFE,28743.0,28958.0,28476.0,28679.0,37976.0,1089192293.0,0.0
2018-06-26 11:00:00,MHImain,HKFE,28677.0,29031.0,28665.0,28944.0,51913.0,1498860871.0,0.0
2018-06-26 17:15:00,MHImain,HKFE,28940.0,28960.0,28839.0,28923.0,5580.0,161191060.0,0.0
2018-06-26 21:15:00,MHImain,HKFE,28921.0,28958.0,28822.0,28940.0,11326.0,327209260.0,0.0
2018-06-27 01:15:00,MHImain,HKFE,28940.0,29047.0,28664.0,28734.0,28945.0,834562673.0,0.0
2018-06-27 11:00:00,MHImain,HKFE,28736.0,28790.0,28275.0,28370.0,46428.0,1326198581.0,0.0
2018-06-27 17:15:00,MHImain,HKFE,28371.0,28585.0,28338.0,28574.0,7827.0,222809145.0,0.0
2018-06-27 21:15:00,MHImain,HKFE,28576.0,28700.0,28463.0,28520.0,8748.0,250088457.0,0.0
2018-06-28 01:15:00,MHImain,HKFE,28520.0,28520.0,28304.0,28488.0,5964.0,169429877.0,0.0
2018-06-28 11:00:00,MHImain,HKFE,28487.0,28525.0,28365.0,28399.0,2815.0,80073094.0,0.0
2018-06-28 17:15:00,MHImain,HKFE,28256.0,28342.0,28119.0,28160.0,11095.0,313084857.0,0.0
2018-06-28 21:15:00,MHImain,HKFE,28159.0,28308.0,28136.0,28304.0,16795.0,473855914.0,0.0
2018-06-29 01:15:00,MHImain,HKFE,28304.0,28697.0,28250.0,28682.0,32909.0,936459590.0,0.0
2018-06-29 11:00:00,MHImain,HKFE,28679.0,28765.0,28560.0,28725.0,39845.0,1142944376.0,0.0
2018-06-29 17:15:00,MHImain,HKFE,28735.0,28753.0,28600.0,28611.0,8241.0,236304672.0,0.0
2018-06-29 21:15:00,MHImain,HKFE,28613.0,28708.0,28576.0,28646.0,10499.0,300770556.0,0.0
2018-06-30 01:15:00,MHImain,HKFE,28646.0,28646.0,28646.0,28646.0,0.0,0.0,0.0
2018-07-03 01:15:00,MHImain,HKFE,28405.0,28450.0,27810.0,27853.0,48441.0,1357182247.0,0.0
2018-07-03 11:00:00,MHImain,HKFE,27849.0,28426.0,27777.0,28320.0,65566.0,1845618570.0,0.0
2018-07-03 17:15:00,MHImain,HKFE,28330.0,28486.0,28324.0,28437.0,5969.0,169662793.0,0.0
2018-07-03 21:15:00,MHImain,HKFE,28437.0,28443.0,28161.0,28188.0,10682.0,302838677.0,0.0
2018-07-04 01:15:00,MHImain,HKFE,28188.0,28444.0,28105.0,28210.0,41727.0,1179542178.0,0.0
2018-07-04 11:00:00,MHImain,HKFE,28209.0,28211.0,27927.0,28046.0,48970.0,1373443505.0,0.0
2018-07-04 17:15:00,MHImain,HKFE,28045.0,28102.0,28011.0,28020.0,3114.0,87370423.0,0.0
2018-07-04 21:15:00,MHImain,HKFE,28019.0,28082.0,27962.0,28071.0,4543.0,127231568.0,0.0
2018-07-05 01:15:00,MHImain,HKFE,28071.0,28259.0,27922.0,28137.0,40675.0,1143677215.0,0.0
2018-07-05 11:00:00,MHImain,HKFE,28139.0,28245.0,27720.0,28200.0,65820.0,1839759662.0,0.0
2018-07-05 17:15:00,MHImain,HKFE,28200.0,28340.0,28134.0,28235.0,9578.0,270669128.0,0.0
2018-07-05 21:15:00,MHImain,HKFE,28238.0,28267.0,28028.0,28215.0,14754.0,415198296.0,0.0
2018-07-06 01:15:00,MHImain,HKFE,28215.0,28246.0,27911.0,27978.0,40082.0,1125203633.0,0.0
2018-07-06 11:00:00,MHImain,HKFE,27978.0,28493.0,27822.0,28215.0,71463.0,2016231429.0,0.0
2018-07-06 17:15:00,MHImain,HKFE,28224.0,28244.0,28090.0,28168.0,8586.0,241789303.0,0.0
2018-07-06 21:15:00,MHImain,HKFE,28171.0,28511.0,28169.0,28511.0,16159.0,458115777.0,0.0
2018-07-07 01:15:00,MHImain,HKFE,28511.0,28511.0,28511.0,28511.0,0.0,0.0,0.0
2018-07-09 01:15:00,MHImain,HKFE,28664.0,28848.0,28534.0,28817.0,33322.0,957379886.0,0.0
2018-07-09 11:00:00,MHImain,HKFE,28816.0,28843.0,28674.0,28725.0,34918.0,1004612726.0,0.0
2018-07-09 17:15:00,MHImain,HKFE,28740.0,28757.0,28696.0,28741.0,3343.0,96060076.0,0.0
2018-07-09 21:15:00,MHImain,HKFE,28740.0,28855.0,28705.0,28838.0,9546.0,274742670.0,0.0
2018-07-10 01:15:00,MHImain,HKFE,28838.0,29010.0,28745.0,28806.0,30365.0,877344526.0,0.0
2018-07-10 11:00:00,MHImain,HKFE,28805.0,28887.0,28561.0,28649.0,42890.0,1234166779.0,0.0
2018-07-10 17:15:00,MHImain,HKFE,28660.0,28677.0,28591.0,28646.0,4461.0,127770010.0,0.0
2018-07-10 21:15:00,MHImain,HKFE,28646.0,28698.0,28611.0,28614.0,7502.0,215014451.0,0.0
2018-07-11 01:15:00,MHImain,HKFE,28614.0,28614.0,27893.0,28237.0,42049.0,1183690650.0,0.0
2018-07-11 11:00:00,MHImain,HKFE,28236.0,28316.0,28130.0,28280.0,44545.0,1257423466.0,0.0
2018-07-11 17:15:00,MHImain,HKFE,28305.0,28329.0,28237.0,28277.0,6028.0,170497222.0,0.0
2018-07-11 21:15:00,MHImain,HKFE,28277.0,28363.0,28209.0,28217.0,10092.0,285559949.0,0.0
2018-07-12 01:15:00,MHImain,HKFE,28217.0,28473.0,28161.0,28445.0,29233.0,828976891.0,0.0
2018-07-12 11:00:00,MHImain,HKFE,28448.0,28632.0,28446.0,28493.0,37144.0,1059868072.0,0.0
2018-07-12 17:15:00,MHImain,HKFE,28501.0,28559.0,28471.0,28550.0,3893.0,111044336.0,0.0
2018-07-12 21:15:00,MHImain,HKFE,28551.0,28626.0,28461.0,28625.0,7825.0,223307000.0,0.0
2018-07-13 01:15:00,MHImain,HKFE,28625.0,28769.0,28551.0,28629.0,26423.0,756825295.0,0.0
2018-07-13 11:00:00,MHImain,HKFE,28629.0,28667.0,28477.0,28564.0,30207.0,863287288.0,0.0
2018-07-13 17:15:00,MHImain,HKFE,28565.0,28565.0,28312.0,28468.0,9575.0,271964674.0,0.0
2018-07-13 21:15:00,MHImain,HKFE,28468.0,28614.0,28445.0,28600.0,10013.0,285678463.0,0.0
2018-07-14 01:15:00,MHImain,HKFE,28600.0,28600.0,28600.0,28600.0,0.0,0.0,0.0
2018-07-16 01:15:00,MHImain,HKFE,28605.0,28701.0,28300.0,28357.0,31656.0,901314404.0,0.0
2018-07-16 11:00:00,MHImain,HKFE,28356.0,28558.0,28333.0,28506.0,35230.0,1003027002.0,0.0
2018-07-16 17:15:00,MHImain,HKFE,28527.0,28535.0,28437.0,28457.0,3358.0,95661050.0,0.0
2018-07-16 21:15:00,MHImain,HKFE,28457.0,28498.0,28392.0,28424.0,6901.0,196288409.0,0.0
2018-07-17 01:15:00,MHImain,HKFE,28424.0,28473.0,28191.0,28292.0,29671.0,839977343.0,0.0
2018-07-17 11:00:00,MHImain,HKFE,28293.0,28305.0,28122.0,28195.0,33140.0,934728243.0,0.0
2018-07-17 17:15:00,MHImain,HKFE,28190.0,28246.0,28138.0,28152.0,4466.0,125869427.0,0.0
2018-07-17 21:15:00,MHImain,HKFE,28152.0,28351.0,28105.0,28320.0,9668.0,272870478.0,0.0
2018-07-18 01:15:00,MHImain,HKFE,28320.0,28409.0,28190.0,28325.0,27542.0,779394819.0,0.0
2018-07-18 11:00:00,MHImain,HKFE,28324.0,28325.0,28013.0,28079.0,40155.0,1130052217.0,0.0
2018-07-18 17:15:00,MHImain,HKFE,28082.0,28112.0,28015.0,28083.0,3850.0,108046006.0,0.0
2018-07-18 21:15:00,MHImain,HKFE,28082.0,28213.0,28033.0,28204.0,8840.0,248523844.0,0.0
2018-07-19 01:15:00,MHImain,HKFE,28204.0,28314.0,28112.0,28193.0,29023.0,818818745.0,0.0
2018-07-19 11:00:00,MHImain,HKFE,28192.0,28203.0,27953.0,28041.0,39017.0,1094784283.0,0.0
2018-07-19 17:15:00,MHImain,HKFE,28043.0,28043.0,27917.0,27962.0,5466.0,152838672.0,0.0
2018-07-19 21:15:00,MHImain,HKFE,27962.0,28015.0,27844.0,27922.0,11587.0,323561835.0,0.0
2018-07-20 01:15:00,MHImain,HKFE,27922.0,28097.0,27732.0,27894.0,39812.0,1110489928.0,0.0
2018-07-20 11:00:00,MHImain,HKFE,27894.0,28298.0,27811.0,28230.0,55453.0,1557499720.0,0.0
2018-07-20 17:15:00,MHImain,HKFE,28225.0,28273.0,28021.0,28135.0,13297.0,374150997.0,0.0
2018-07-20 21:15:00,MHImain,HKFE,28135.0,28338.0,28111.0,28306.0,11249.0,317702101.0,0.0
2018-07-23 01:15:00,MHImain,HKFE,28181.0,28381.0,28061.0,28138.0,37230.0,1050411290.0,0.0
2018-07-23 11:00:00,MHImain,HKFE,28137.0,28322.0,28095.0,28210.0,39310.0,1109660972.0,0.0
2018-07-23 17:15:00,MHImain,HKFE,28206.0,28253.0,28165.0,28225.0,4254.0,120014684.0,0.0
2018-07-23 21:15:00,MHImain,HKFE,28224.0,28270.0,28191.0,28255.0,6953.0,196326577.0,0.0
2018-07-24 01:15:00,MHImain,HKFE,28255.0,28645.0,28214.0,28630.0,33414.0,951452116.0,0.0
2018-07-24 11:00:00,MHImain,HKFE,28629.0,28711.0,28582.0,28646.0,28933.0,828836891.0,0.0
2018-07-24 17:15:00,MHImain,HKFE,28649.0,28842.0,28649.0,28822.0,6804.0,195756722.0,0.0
2018-07-24 21:15:00,MHImain,HKFE,28821.0,28943.0,28808.0,28885.0,10277.0,296801086.0,0.0
2018-07-25 01:15:00,MHImain,HKFE,28885.0,28896.0,28748.0,28858.0,27884.0,803713714.0,0.0
2018-07-25 11:00:00,MHImain,HKFE,28859.0,28974.0,28821.0,28910.0,27929.0,806975296.0,0.0
2018-07-25 17:15:00,MHImain,HKFE,28926.0,28966.0,28881.0,28927.0,4475.0,129429888.0,0.0
2018-07-25 21:15:00,MHImain,HKFE,28930.0,29000.0,28878.0,28984.0,8801.0,254716895.0,0.0
2018-07-26 01:15:00,MHImain,HKFE,28984.0,29113.0,28728.0,28781.0,32532.0,940490179.0,0.0
2018-07-26 11:00:00,MHImain,HKFE,28782.0,28804.0,28615.0,28739.0,35077.0,1007197713.0,0.0
2018-07-26 17:15:00,MHImain,HKFE,28740.0,28788.0,28728.0,28750.0,3132.0,90047662.0,0.0
2018-07-26 21:15:00,MHImain,HKFE,28751.0,28821.0,28688.0,28703.0,8049.0,231512803.0,0.0
2018-07-27 01:15:00,MHImain,HKFE,28703.0,28773.0,28588.0,28752.0,24162.0,692762080.0,0.0
2018-07-27 11:00:00,MHImain,HKFE,28750.0,28836.0,28696.0,28729.0,21758.0,625858018.0,0.0
2018-07-27 17:15:00,MHImain,HKFE,28720.0,28766.0,28684.0,28766.0,2153.0,61836586.0,0.0
2018-07-27 21:15:00,MHImain,HKFE,28766.0,28829.0,28640.0,28648.0,5468.0,157341854.0,0.0
2018-07-28 01:15:00,MHImain,HKFE,28648.0,28648.0,28648.0,28648.0,0.0,0.0,0.0
2018-07-30 01:15:00,MHImain,HKFE,28611.0,28838.0,28561.0,28607.0,5567.0,159762619.0,0.0
2018-07-30 11:00:00,MHImain,HKFE,28603.0,28652.0,28588.0,28644.0,2230.0,63843959.0,0.0
2018-07-30 17:15:00,MHImain,HKFE,28679.0,28747.0,28670.0,28737.0,3289.0,94431797.0,0.0
2018-07-30 21:15:00,MHImain,HKFE,28738.0,28795.0,28599.0,28639.0,8565.0,245893633.0,0.0
2018-07-31 01:15:00,MHImain,HKFE,28639.0,28668.0,28501.0,28607.0,23839.0,681428486.0,0.0
2018-07-31 11:00:00,MHImain,HKFE,28607.0,28645.0,28423.0,28434.0,29727.0,848620037.0,0.0
2018-07-31 17:15:00,MHImain,HKFE,28440.0,28526.0,28440.0,28447.0,5005.0,142524956.0,0.0
2018-07-31 21:15:00,MHImain,HKFE,28447.0,28827.0,28437.0,28798.0,15407.0,440948596.0,0.0
2018-08-01 01:15:00,MHImain,HKFE,28798.0,28798.0,28455.0,28477.0,27431.0,785057848.0,0.0
2018-08-01 11:00:00,MHImain,HKFE,28477.0,28572.0,28162.0,28288.0,42742.0,1213220525.0,0.0
2018-08-01 17:15:00,MHImain,HKFE,28280.0,28280.0,28225.0,28256.0,4421.0,124917758.0,0.0
2018-08-01 21:15:00,MHImain,HKFE,28258.0,28334.0,28119.0,28149.0,11035.0,311612527.0,0.0
2018-08-02 01:15:00,MHImain,HKFE,28149.0,28200.0,27793.0,27831.0,32581.0,911518326.0,0.0
2018-08-02 11:00:00,MHImain,HKFE,27830.0,27848.0,27501.0,27604.0,52262.0,1444725945.0,0.0
2018-08-02 17:15:00,MHImain,HKFE,27580.0,27584.0,27443.0,27476.0,8505.0,233921304.0,0.0
2018-08-02 21:15:00,MHImain,HKFE,27476.0,27758.0,27476.0,27702.0,13562.0,374702917.0,0.0
2018-08-03 01:15:00,MHImain,HKFE,27702.0,27737.0,27527.0,27557.0,29157.0,805252001.0,0.0
2018-08-03 11:00:00,MHImain,HKFE,27558.0,27702.0,27540.0,27607.0,29253.0,807814014.0,0.0
2018-08-03 17:15:00,MHImain,HKFE,27617.0,27937.0,27611.0,27750.0,12330.0,342450802.0,0.0
2018-08-03 21:15:00,MHImain,HKFE,27751.0,27863.0,27737.0,27808.0,8752.0,243376082.0,0.0
2018-08-04 01:15:00,MHImain,HKFE,27808.0,27808.0,27808.0,27808.0,0.0,0.0,0.0
2018-08-06 01:15:00,MHImain,HKFE,27831.0,28016.0,27694.0,27895.0,30469.0,849448195.0,0.0
2018-08-06 11:00:00,MHImain,HKFE,27895.0,27952.0,27630.0,27734.0,38842.0,1078108690.0,0.0
2018-08-06 17:15:00,MHImain,HKFE,27725.0,27807.0,27706.0,27769.0,5143.0,142794459.0,0.0
2018-08-06 21:15:00,MHImain,HKFE,27771.0,27840.0,27700.0,27838.0,7274.0,201939494.0,0.0
2018-08-07 01:15:00,MHImain,HKFE,27838.0,27989.0,27770.0,27936.0,29502.0,822570859.0,0.0
2018-08-07 11:00:00,MHImain,HKFE,27937.0,28234.0,27937.0,28202.0,39357.0,1105533926.0,0.0
2018-08-07 17:15:00,MHImain,HKFE,28218.0,28266.0,28175.0,28257.0,3908.0,110267188.0,0.0
2018-08-07 21:15:00,MHImain,HKFE,28256.0,28355.0,28243.0,28335.0,8708.0,246479848.0,0.0
2018-08-08 01:15:00,MHImain,HKFE,28335.0,28374.0,28142.0,28197.0,30899.0,872498908.0,0.0
2018-08-08 11:00:00,MHImain,HKFE,28196.0,28337.0,28150.0,28238.0,33814.0,954914342.0,0.0
2018-08-08 17:15:00,MHImain,HKFE,28235.0,28246.0,28082.0,28134.0,5690.0,160278465.0,0.0
2018-08-08 21:15:00,MHImain,HKFE,28134.0,28225.0,28060.0,28164.0,10506.0,295688691.0,0.0
2018-08-09 01:15:00,MHImain,HKFE,28164.0,28554.0,28085.0,28512.0,35728.0,1010992543.0,0.0
2018-08-09 11:00:00,MHImain,HKFE,28511.0,28659.0,28471.0,28531.0,34748.0,992342510.0,0.0
2018-08-09 17:15:00,MHImain,HKFE,28530.0,28618.0,28530.0,28599.0,5183.0,148096771.0,0.0
2018-08-09 21:15:00,MHImain,HKFE,28595.0,28646.0,28548.0,28584.0,6227.0,178073490.0,0.0
2018-08-10 01:15:00,MHImain,HKFE,28584.0,28584.0,28385.0,28439.0,27649.0,787592020.0,0.0
2018-08-10 11:00:00,MHImain,HKFE,28442.0,28458.0,28174.0,28218.0,35434.0,1001912650.0,0.0
2018-08-10 17:15:00,MHImain,HKFE,28227.0,28265.0,28076.0,28091.0,9416.0,265078651.0,0.0
2018-08-10 21:15:00,MHImain,HKFE,28090.0,28133.0,27976.0,28016.0,14148.0,396750043.0,0.0
2018-08-11 01:15:00,MHImain,HKFE,28016.0,28016.0,28016.0,28016.0,0.0,0.0,0.0
2018-08-13 01:15:00,MHImain,HKFE,27833.0,27909.0,27723.0,27738.0,28595.0,795111433.0,0.0
2018-08-13 11:00:00,MHImain,HKFE,27739.0,28006.0,27704.0,27873.0,37001.0,1029657398.0,0.0
2018-08-13 17:15:00,MHImain,HKFE,27878.0,27969.0,27812.0,27962.0,8121.0,226510530.0,0.0
2018-08-13 21:15:00,MHImain,HKFE,27962.0,28021.0,27748.0,27768.0,11493.0,320813794.0,0.0
2018-08-14 01:15:00,MHImain,HKFE,27768.0,27891.0,27623.0,27654.0,28800.0,798395469.0,0.0
2018-08-14 11:00:00,MHImain,HKFE,27653.0,27723.0,27445.0,27636.0,45525.0,1255896608.0,0.0
2018-08-14 17:15:00,MHImain,HKFE,27643.0,27673.0,27583.0,27618.0,5944.0,164280256.0,0.0
2018-08-14 21:15:00,MHImain,HKFE,27619.0,27727.0,27584.0,27714.0,10841.0,299924428.0,0.0
2018-08-15 01:15:00,MHImain,HKFE,27714.0,27714.0,27214.0,27280.0,37238.0,1019258724.0,0.0
2018-08-15 11:00:00,MHImain,HKFE,27280.0,27303.0,27150.0,27225.0,39865.0,1085077711.0,0.0
2018-08-15 17:15:00,MHImain,HKFE,27220.0,27251.0,26644.0,26752.0,26437.0,710107839.0,0.0
2018-08-15 21:15:00,MHImain,HKFE,26750.0,26934.0,26655.0,26868.0,17544.0,469727858.0,0.0
2018-08-16 01:15:00,MHImain,HKFE,26868.0,27365.0,26775.0,27159.0,46921.0,1271978040.0,0.0
2018-08-16 11:00:00,MHImain,HKFE,27160.0,27241.0,26938.0,27039.0,46549.0,1261240669.0,0.0
2018-08-16 17:15:00,MHImain,HKFE,27055.0,27160.0,27038.0,27131.0,6297.0,170704816.0,0.0
2018-08-16 21:15:00,MHImain,HKFE,27132.0,27317.0,27124.0,27184.0,10585.0,287908346.0,0.0
2018-08-17 01:15:00,MHImain,HKFE,27184.0,27333.0,27084.0,27139.0,31886.0,867747943.0,0.0
2018-08-17 11:00:00,MHImain,HKFE,27139.0,27196.0,27005.0,27137.0,31369.0,850632760.0,0.0
2018-08-17 17:15:00,MHImain,HKFE,27138.0,27138.0,26875.0,26934.0,11098.0,299293833.0,0.0
2018-08-17 21:15:00,MHImain,HKFE,26933.0,27150.0,26897.0,27043.0,13383.0,361425800.0,0.0
2018-08-20 01:15:00,MHImain,HKFE,27197.0,27503.0,27139.0,27320.0,38059.0,1040152754.0,0.0
2018-08-20 11:00:00,MHImain,HKFE,27321.0,27555.0,27252.0,27520.0,37436.0,1026408021.0,0.0
2018-08-20 17:15:00,MHImain,HKFE,27514.0,27544.0,27432.0,27459.0,5560.0,152797479.0,0.0
2018-08-20 21:15:00,MHImain,HKFE,27457.0,27533.0,27435.0,27467.0,8306.0,228232765.0,0.0
2018-08-21 01:15:00,MHImain,HKFE,27467.0,27689.0,27437.0,27676.0,33637.0,927229104.0,0.0
2018-08-21 11:00:00,MHImain,HKFE,27677.0,27700.0,27586.0,27630.0,28091.0,776797374.0,0.0
2018-08-21 17:15:00,MHImain,HKFE,27650.0,27685.0,27629.0,27683.0,2867.0,79290258.0,0.0
2018-08-21 21:15:00,MHImain,HKFE,27681.0,27792.0,27672.0,27780.0,8153.0,226018750.0,0.0
2018-08-22 01:15:00,MHImain,HKFE,27780.0,27790.0,27499.0,27678.0,34892.0,964889879.0,0.0
2018-08-22 11:00:00,MHImain,HKFE,27677.0,27906.0,27670.0,27857.0,37730.0,1048989685.0,0.0
2018-08-22 17:15:00,MHImain,HKFE,27868.0,27980.0,27849.0,27951.0,6923.0,193347456.0,0.0
2018-08-22 21:15:00,MHImain,HKFE,27953.0,27972.0,27897.0,27915.0,8054.0,224964992.0,0.0
2018-08-23 01:15:00,MHImain,HKFE,27915.0,27981.0,27613.0,27658.0,36284.0,1007346862.0,0.0
2018-08-23 11:00:00,MHImain,HKFE,27659.0,27812.0,27580.0,27695.0,36623.0,1014516508.0,0.0
2018-08-23 17:15:00,MHImain,HKFE,27696.0,27734.0,27682.0,27707.0,3005.0,83269292.0,0.0
2018-08-23 21:15:00,MHImain,HKFE,27704.0,27748.0,27488.0,27596.0,11976.0,330810430.0,0.0
2018-08-24 01:15:00,MHImain,HKFE,27596.0,27612.0,27447.0,27552.0,30793.0,847498454.0,0.0
2018-08-24 11:00:00,MHImain,HKFE,27554.0,27782.0,27502.0,27591.0,37306.0,1030667626.0,0.0
2018-08-24 17:15:00,MHImain,HKFE,27570.0,27720.0,27519.0,27711.0,6935.0,191589566.0,0.0
2018-08-24 21:15:00,MHImain,HKFE,27714.0,27898.0,27690.0,27868.0,10675.0,296749426.0,0.0
2018-08-25 01:15:00,MHImain,HKFE,27868.0,27868.0,27868.0,27868.0,0.0,0.0,0.0
2018-08-27 01:15:00,MHImain,HKFE,27945.0,28150.0,27899.0,28147.0,27447.0,768583924.0,0.0
2018-08-27 11:00:00,MHImain,HKFE,28147.0,28274.0,28137.0,28254.0,25481.0,718873366.0,0.0
2018-08-27 17:15:00,MHImain,HKFE,28255.0,28340.0,28238.0,28330.0,4419.0,125000634.0,0.0
2018-08-27 21:15:00,MHImain,HKFE,28331.0,28516.0,28325.0,28460.0,10788.0,306816963.0,0.0
2018-08-28 01:15:00,MHImain,HKFE,28460.0,28549.0,28275.0,28286.0,27042.0,768767711.0,0.0
2018-08-28 11:00:00,MHImain,HKFE,28280.0,28398.0,28201.0,28292.0,25365.0,717815037.0,0.0
2018-08-28 17:15:00,MHImain,HKFE,28286.0,28342.0,28246.0,28336.0,3458.0,97873634.0,0.0
2018-08-28 21:15:00,MHImain,HKFE,28334.0,28351.0,28188.0,28217.0,6215.0,175695654.0,0.0
2018-08-29 01:15:00,MHImain,HKFE,28217.0,28474.0,28217.0,28380.0,20143.0,571014061.0,0.0
2018-08-29 11:00:00,MHImain,HKFE,28379.0,28421.0,28290.0,28345.0,18362.0,520705905.0,0.0
2018-08-29 17:15:00,MHImain,HKFE,28335.0,28359.0,28276.0,28300.0,2772.0,78464680.0,0.0
2018-08-29 21:15:00,MHImain,HKFE,28300.0,28533.0,28283.0,28512.0,5385.0,152956587.0,0.0
2018-08-30 01:15:00,MHImain,HKFE,28512.0,28573.0,28301.0,28312.0,4254.0,120780665.0,0.0
2018-08-30 11:00:00,MHImain,HKFE,28310.0,28330.0,28228.0,28240.0,2183.0,61695512.0,0.0
2018-08-30 17:15:00,MHImain,HKFE,28070.0,28070.0,27934.0,27996.0,9113.0,255167408.0,0.0
2018-08-30 21:15:00,MHImain,HKFE,27991.0,28000.0,27786.0,27841.0,13267.0,370101736.0,0.0
2018-08-31 01:15:00,MHImain,HKFE,27841.0,27841.0,27635.0,27742.0,26450.0,732808861.0,0.0
2018-08-31 11:00:00,MHImain,HKFE,27745.0,27883.0,27686.0,27757.0,32078.0,891545242.0,0.0
2018-08-31 17:15:00,MHImain,HKFE,27782.0,27782.0,27655.0,27677.0,5481.0,151840827.0,0.0
2018-08-31 21:15:00,MHImain,HKFE,27679.0,27860.0,27559.0,27608.0,14969.0,414729287.0,0.0
2018-09-01 01:15:00,MHImain,HKFE,27608.0,27608.0,27608.0,27608.0,0.0,0.0,0.0
2018-09-03 01:15:00,MHImain,HKFE,27650.0,27787.0,27572.0,27641.0,26205.0,725045390.0,0.0
2018-09-03 11:00:00,MHImain,HKFE,27640.0,27701.0,27516.0,27642.0,27315.0,753979418.0,0.0
2018-09-03 17:15:00,MHImain,HKFE,27654.0,27690.0,27597.0,27622.0,4072.0,112571690.0,0.0
2018-09-03 21:15:00,MHImain,HKFE,27624.0,27720.0,27610.0,27690.0,4948.0,136900823.0,0.0
2018-09-04 01:15:00,MHImain,HKFE,27690.0,27749.0,27452.0,27684.0,31980.0,882886249.0,0.0
2018-09-04 11:00:00,MHImain,HKFE,27685.0,27950.0,27591.0,27885.0,38845.0,1080401147.0,0.0
2018-09-04 17:15:00,MHImain,HKFE,27870.0,27870.0,27679.0,27698.0,9779.0,271471626.0,0.0
2018-09-04 21:15:00,MHImain,HKFE,27700.0,27729.0,27590.0,27633.0,13786.0,381173899.0,0.0
2018-09-05 01:15:00,MHImain,HKFE,27633.0,27818.0,27482.0,27491.0,30804.0,851648111.0,0.0
2018-09-05 11:00:00,MHImain,HKFE,27490.0,27501.0,27100.0,27100.0,49635.0,1354561965.0,0.0
2018-09-05 17:15:00,MHImain,HKFE,27112.0,27162.0,27068.0,27138.0,6790.0,184103819.0,0.0
2018-09-05 21:15:00,MHImain,HKFE,27140.0,27178.0,26941.0,27079.0,17621.0,476681364.0,0.0
2018-09-06 01:15:00,MHImain,HKFE,27079.0,27223.0,26961.0,27090.0,33445.0,907008875.0,0.0
2018-09-06 11:00:00,MHImain,HKFE,27088.0,27130.0,26768.0,26985.0,47247.0,1271629678.0,0.0
2018-09-06 17:15:00,MHImain,HKFE,26987.0,27109.0,26941.0,27054.0,10997.0,297164337.0,0.0
2018-09-06 21:15:00,MHImain,HKFE,27056.0,27123.0,26805.0,26808.0,18804.0,506965752.0,0.0
2018-09-07 01:15:00,MHImain,HKFE,26808.0,27163.0,26742.0,26852.0,36709.0,990064722.0,0.0
2018-09-07 11:00:00,MHImain,HKFE,26851.0,26974.0,26582.0,26843.0,53601.0,1437795535.0,0.0
2018-09-07 17:15:00,MHImain,HKFE,26837.0,26890.0,26530.0,26628.0,13229.0,353301894.0,0.0
2018-09-07 21:15:00,MHImain,HKFE,26628.0,26883.0,26566.0,26684.0,20599.0,550897826.0,0.0
2018-09-08 01:15:00,MHImain,HKFE,26684.0,26684.0,26684.0,26684.0,0.0,0.0,0.0
2018-09-10 01:15:00,MHImain,HKFE,26728.0,26840.0,26511.0,26657.0,34665.0,923964024.0,0.0
2018-09-10 11:00:00,MHImain,HKFE,26657.0,26733.0,26357.0,26632.0,44044.0,1170095899.0,0.0
2018-09-10 17:15:00,MHImain,HKFE,26638.0,26709.0,26625.0,26688.0,6738.0,179661498.0,0.0
2018-09-10 21:15:00,MHImain,HKFE,26690.0,26694.0,26480.0,26500.0,15170.0,403001796.0,0.0
2018-09-11 01:15:00,MHImain,HKFE,26500.0,26660.0,26396.0,26487.0,38476.0,1020341154.0,0.0
2018-09-11 11:00:00,MHImain,HKFE,26489.0,26652.0,26290.0,26309.0,48167.0,1274429828.0,0.0
2018-09-11 17:15:00,MHImain,HKFE,26300.0,26300.0,26020.0,26094.0,13443.0,350894772.0,0.0
2018-09-11 21:15:00,MHImain,HKFE,26095.0,26350.0,26066.0,26330.0,19574.0,513274094.0,0.0
2018-09-12 01:15:00,MHImain,HKFE,26330.0,26380.0,26171.0,26364.0,38972.0,1023706373.0,0.0
2018-09-12 11:00:00,MHImain,HKFE,26365.0,26436.0,26195.0,26346.0,49250.0,1295940547.0,0.0
2018-09-12 17:15:00,MHImain,HKFE,26333.0,26335.0,26223.0,26291.0,7729.0,203099396.0,0.0
2018-09-12 21:15:00,MHImain,HKFE,26291.0,26760.0,26262.0,26724.0,33104.0,877659447.0,0.0
2018-09-13 01:15:00,MHImain,HKFE,26724.0,26905.0,26651.0,26761.0,36382.0,974053813.0,0.0
2018-09-13 11:00:00,MHImain,HKFE,26760.0,27041.0,26605.0,26989.0,48562.0,1301559190.0,0.0
2018-09-13 17:15:00,MHImain,HKFE,27001.0,27202.0,26959.0,27191.0,11127.0,301264538.0,0.0
2018-09-13 21:15:00,MHImain,HKFE,27191.0,27334.0,27077.0,27239.0,26467.0,719989353.0,0.0
2018-09-14 01:15:00,MHImain,HKFE,27239.0,27318.0,27004.0,27169.0,37732.0,1024966909.0,0.0
2018-09-14 11:00:00,MHImain,HKFE,27169.0,27345.0,27146.0,27247.0,36506.0,995010928.0,0.0
2018-09-14 17:15:00,MHImain,HKFE,27252.0,27280.0,27160.0,27180.0,6586.0,179274866.0,0.0
2018-09-14 21:15:00,MHImain,HKFE,27185.0,27249.0,26931.0,26936.0,20290.0,550068372.0,0.0
2018-09-17 01:15:00,MHImain,HKFE,26899.0,27032.0,26744.0,26815.0,31342.0,842291880.0,0.0
2018-09-17 11:00:00,MHImain,HKFE,26812.0,26984.0,26711.0,26880.0,40304.0,1082667368.0,0.0
2018-09-17 17:15:00,MHImain,HKFE,26855.0,26926.0,26823.0,26904.0,6626.0,178040800.0,0.0
2018-09-17 21:15:00,MHImain,HKFE,26905.0,27011.0,26885.0,26928.0,14653.0,394921934.0,0.0
2018-09-18 01:15:00,MHImain,HKFE,26928.0,26928.0,26605.0,26757.0,41918.0,1120242437.0,0.0
2018-09-18 11:00:00,MHImain,HKFE,26757.0,27169.0,26660.0,27029.0,59693.0,1608382265.0,0.0
2018-09-18 17:15:00,MHImain,HKFE,27068.0,27118.0,27017.0,27041.0,7320.0,198152548.0,0.0
2018-09-18 21:15:00,MHImain,HKFE,27043.0,27283.0,27036.0,27197.0,17349.0,471024715.0,0.0
2018-09-19 01:15:00,MHImain,HKFE,27197.0,27392.0,27060.0,27351.0,35774.0,974097325.0,0.0
2018-09-19 11:00:00,MHImain,HKFE,27349.0,27493.0,27321.0,27408.0,39537.0,1083738712.0,0.0
2018-09-19 17:15:00,MHImain,HKFE,27395.0,27438.0,27360.0,27402.0,5204.0,142588812.0,0.0
2018-09-19 21:15:00,MHImain,HKFE,27401.0,27598.0,27401.0,27591.0,15391.0,423645984.0,0.0
2018-09-20 01:15:00,MHImain,HKFE,27591.0,27627.0,27437.0,27476.0,36386.0,1001987646.0,0.0
2018-09-20 11:00:00,MHImain,HKFE,27474.0,27504.0,27295.0,27455.0,45184.0,1238021361.0,0.0
2018-09-20 17:15:00,MHImain,HKFE,27460.0,27672.0,27440.0,27631.0,8705.0,239927684.0,0.0
2018-09-20 21:15:00,MHImain,HKFE,27631.0,27680.0,27548.0,27643.0,16701.0,461116129.0,0.0
2018-09-21 01:15:00,MHImain,HKFE,27643.0,27732.0,27512.0,27629.0,35097.0,968846581.0,0.0
2018-09-21 11:00:00,MHImain,HKFE,27631.0,27981.0,27607.0,27938.0,52516.0,1460996205.0,0.0
2018-09-21 17:15:00,MHImain,HKFE,27928.0,27940.0,27799.0,27834.0,7962.0,221710563.0,0.0
2018-09-21 21:15:00,MHImain,HKFE,27833.0,27918.0,27789.0,27861.0,12357.0,344247749.0,0.0
2018-09-22 01:15:00,MHImain,HKFE,27861.0,27861.0,27861.0,27861.0,0.0,0.0,0.0
2018-09-24 01:15:00,MHImain,HKFE,27788.0,27788.0,27530.0,27566.0,22454.0,620190695.0,0.0
2018-09-24 11:00:00,MHImain,HKFE,27567.0,27615.0,27388.0,27471.0,30915.0,850148299.0,0.0
2018-09-24 17:15:00,MHImain,HKFE,27471.0,27517.0,27393.0,27483.0,4835.0,132786441.0,0.0
2018-09-24 21:15:00,MHImain,HKFE,27484.0,27532.0,27397.0,27436.0,10506.0,288503198.0,0.0
2018-09-25 01:15:00,MHImain,HKFE,27436.0,27436.0,27436.0,27436.0,0.0,0.0,0.0
2018-09-26 01:15:00,MHImain,HKFE,27551.0,27965.0,27541.0,27933.0,28867.0,800017156.0,0.0
2018-09-26 11:00:00,MHImain,HKFE,27935.0,28038.0,27775.0,27820.0,33749.0,942176795.0,0.0
2018-09-26 17:15:00,MHImain,HKFE,27826.0,27880.0,27781.0,27800.0,3617.0,100675095.0,0.0
2018-09-26 21:15:00,MHImain,HKFE,27800.0,27915.0,27792.0,27885.0,6541.0,182253763.0,0.0
2018-09-27 01:15:00,MHImain,HKFE,27885.0,27929.0,27720.0,27805.0,7455.0,207405490.0,0.0
2018-09-27 11:00:00,MHImain,HKFE,27804.0,27826.0,27710.0,27743.0,4029.0,111834047.0,0.0
2018-09-27 17:15:00,MHImain,HKFE,27713.0,27766.0,27682.0,27754.0,5313.0,147329705.0,0.0
2018-09-27 21:15:00,MHImain,HKFE,27755.0,27918.0,27737.0,27900.0,9840.0,273832967.0,0.0
2018-09-28 01:15:00,MHImain,HKFE,27900.0,27920.0,27774.0,27846.0,32926.0,916869115.0,0.0
2018-09-28 11:00:00,MHImain,HKFE,27847.0,27935.0,27649.0,27871.0,43484.0,1208695157.0,0.0
2018-09-28 17:15:00,MHImain,HKFE,27855.0,27870.0,27643.0,27737.0,10831.0,300455173.0,0.0
2018-09-28 21:15:00,MHImain,HKFE,27736.0,27815.0,27680.0,27714.0,13621.0,378016489.0,0.0
2018-09-29 01:15:00,MHImain,HKFE,27714.0,27714.0,27714.0,27714.0,0.0,0.0,0.0
2018-10-02 01:15:00,MHImain,HKFE,27790.0,27790.0,27280.0,27346.0,29947.0,821517704.0,0.0
2018-10-02 11:00:00,MHImain,HKFE,27343.0,27383.0,26991.0,26991.0,42930.0,1165858471.0,0.0
2018-10-02 17:15:00,MHImain,HKFE,26990.0,27078.0,26890.0,27077.0,8969.0,242170781.0,0.0
2018-10-02 21:15:00,MHImain,HKFE,27074.0,27170.0,27026.0,27107.0,13332.0,361329781.0,0.0
2018-10-03 01:15:00,MHImain,HKFE,27107.0,27253.0,26871.0,27093.0,36635.0,991855061.0,0.0
2018-10-03 11:00:00,MHImain,HKFE,27092.0,27141.0,26932.0,27055.0,37062.0,1002465700.0,0.0
2018-10-03 17:15:00,MHImain,HKFE,27050.0,27148.0,27005.0,27128.0,5846.0,158323761.0,0.0
2018-10-03 21:15:00,MHImain,HKFE,27130.0,27174.0,27051.0,27082.0,9565.0,259310349.0,0.0
2018-10-04 01:15:00,MHImain,HKFE,27082.0,27082.0,26532.0,26632.0,39932.0,1064958502.0,0.0
2018-10-04 11:00:00,MHImain,HKFE,26634.0,26642.0,26490.0,26565.0,36830.0,977948010.0,0.0
2018-10-04 17:15:00,MHImain,HKFE,26571.0,26628.0,26544.0,26624.0,6166.0,163910733.0,0.0
2018-10-04 21:15:00,MHImain,HKFE,26625.0,26637.0,26243.0,26301.0,22692.0,599610045.0,0.0
2018-10-05 01:15:00,MHImain,HKFE,26301.0,26597.0,26301.0,26479.0,39980.0,1057988516.0,0.0
2018-10-05 11:00:00,MHImain,HKFE,26480.0,26619.0,26442.0,26455.0,38120.0,1010883876.0,0.0
2018-10-05 17:15:00,MHImain,HKFE,26468.0,26572.0,26385.0,26520.0,13320.0,352722571.0,0.0
2018-10-05 21:15:00,MHImain,HKFE,26520.0,26534.0,26264.0,26306.0,18004.0,475467002.0,0.0
2018-10-06 01:15:00,MHImain,HKFE,26306.0,26306.0,26306.0,26306.0,0.0,0.0,0.0
2018-10-08 01:15:00,MHImain,HKFE,26483.0,26772.0,26225.0,26268.0,44226.0,1170558684.0,0.0
2018-10-08 11:00:00,MHImain,HKFE,26268.0,26457.0,26129.0,26145.0,48366.0,1271629578.0,0.0
2018-10-08 17:15:00,MHImain,HKFE,26136.0,26200.0,26034.0,26042.0,9466.0,247137414.0,0.0
2018-10-08 21:15:00,MHImain,HKFE,26040.0,26182.0,25972.0,26019.0,19051.0,496761084.0,0.0
2018-10-09 01:15:00,MHImain,HKFE,26019.0,26340.0,26019.0,26239.0,45664.0,1196513852.0,0.0
2018-10-09 11:00:00,MHImain,HKFE,26238.0,26343.0,26050.0,26065.0,44452.0,1165096341.0,0.0
2018-10-09 17:15:00,MHImain,HKFE,26067.0,26085.0,25948.0,26071.0,11631.0,302595067.0,0.0
2018-10-09 21:15:00,MHImain,HKFE,26070.0,26213.0,26015.0,26116.0,20606.0,538165090.0,0.0
2018-10-10 01:15:00,MHImain,HKFE,26116.0,26470.0,26116.0,26200.0,41638.0,1096213572.0,0.0
2018-10-10 11:00:00,MHImain,HKFE,26200.0,26388.0,26112.0,26164.0,46990.0,1233950024.0,0.0
2018-10-10 17:15:00,MHImain,HKFE,26159.0,26256.0,26073.0,26126.0,10097.0,264153142.0,0.0
2018-10-10 21:15:00,MHImain,HKFE,26125.0,26143.0,25785.0,25820.0,28363.0,734772933.0,0.0
2018-10-11 01:15:00,MHImain,HKFE,25820.0,25820.0,25182.0,25213.0,49252.0,1247711357.0,0.0
2018-10-11 11:00:00,MHImain,HKFE,25213.0,25396.0,25122.0,25193.0,58797.0,1482825321.0,0.0
2018-10-11 17:15:00,MHImain,HKFE,25180.0,25437.0,25076.0,25397.0,19038.0,480935874.0,0.0
2018-10-11 21:15:00,MHImain,HKFE,25400.0,25628.0,25226.0,25471.0,41278.0,1049240942.0,0.0
2018-10-12 01:15:00,MHImain,HKFE,25471.0,25486.0,25262.0,25311.0,33315.0,845286724.0,0.0
2018-10-12 11:00:00,MHImain,HKFE,25310.0,25787.0,25304.0,25686.0,63964.0,1639751226.0,0.0
2018-10-12 17:15:00,MHImain,HKFE,25676.0,25763.0,25635.0,25740.0,9814.0,252253451.0,0.0
2018-10-12 21:15:00,MHImain,HKFE,25741.0,25777.0,25484.0,25570.0,20861.0,535658842.0,0.0
2018-10-13 01:15:00,MHImain,HKFE,25570.0,25570.0,25570.0,25570.0,0.0,0.0,0.0
2018-10-15 01:15:00,MHImain,HKFE,25540.0,25648.0,25429.0,25499.0,35441.0,905161494.0,0.0
2018-10-15 11:00:00,MHImain,HKFE,25499.0,25552.0,25330.0,25342.0,40598.0,1032217034.0,0.0
2018-10-15 17:15:00,MHImain,HKFE,25343.0,25498.0,25342.0,25461.0,8141.0,207111193.0,0.0
2018-10-15 21:15:00,MHImain,HKFE,25463.0,25541.0,25381.0,25481.0,18305.0,466098398.0,0.0
2018-10-16 01:15:00,MHImain,HKFE,25481.0,25680.0,25478.0,25511.0,31577.0,807677237.0,0.0
2018-10-16 11:00:00,MHImain,HKFE,25507.0,25507.0,25208.0,25395.0,54533.0,1383032215.0,0.0
2018-10-16 17:15:00,MHImain,HKFE,25385.0,25489.0,25335.0,25486.0,7382.0,187618540.0,0.0
2018-10-16 21:15:00,MHImain,HKFE,25487.0,25773.0,25472.0,25773.0,20026.0,512745851.0,0.0
2018-10-18 01:15:00,MHImain,HKFE,25685.0,25688.0,25351.0,25429.0,40373.0,1027471661.0,0.0
2018-10-18 11:00:00,MHImain,HKFE,25428.0,25478.0,25211.0,25408.0,48031.0,1216864082.0,0.0
2018-10-18 17:15:00,MHImain,HKFE,25435.0,25468.0,25336.0,25352.0,8514.0,216363147.0,0.0
2018-10-18 21:15:00,MHImain,HKFE,25349.0,25377.0,25048.0,25079.0,24145.0,608891862.0,0.0
2018-10-19 01:15:00,MHImain,HKFE,25079.0,25499.0,25059.0,25455.0,45723.0,1154821567.0,0.0
2018-10-19 11:00:00,MHImain,HKFE,25454.0,25723.0,25321.0,25458.0,61043.0,1559392466.0,0.0
2018-10-19 17:15:00,MHImain,HKFE,25471.0,25639.0,25439.0,25536.0,12394.0,316612173.0,0.0
2018-10-19 21:15:00,MHImain,HKFE,25536.0,25626.0,25382.0,25470.0,19208.0,490312224.0,0.0
2018-10-20 01:15:00,MHImain,HKFE,25470.0,25470.0,25470.0,25470.0,0.0,0.0,0.0
2018-10-22 01:15:00,MHImain,HKFE,25488.0,26027.0,25487.0,26009.0,40835.0,1054137979.0,0.0
2018-10-22 11:00:00,MHImain,HKFE,26009.0,26221.0,25971.0,26133.0,47007.0,1227556620.0,0.0
2018-10-22 17:15:00,MHImain,HKFE,26132.0,26164.0,26063.0,26103.0,7382.0,192816987.0,0.0
2018-10-22 21:15:00,MHImain,HKFE,26102.0,26137.0,25927.0,25994.0,23088.0,600725385.0,0.0
2018-10-23 01:15:00,MHImain,HKFE,25994.0,25994.0,25701.0,25712.0,38518.0,995008134.0,0.0
2018-10-23 11:00:00,MHImain,HKFE,25710.0,25712.0,25265.0,25335.0,64969.0,1652602068.0,0.0
2018-10-23 17:15:00,MHImain,HKFE,25325.0,25325.0,25144.0,25160.0,16332.0,411945747.0,0.0
2018-10-23 21:15:00,MHImain,HKFE,25158.0,25318.0,25050.0,25262.0,25996.0,654536118.0,0.0
2018-10-24 01:15:00,MHImain,HKFE,25262.0,25531.0,25177.0,25308.0,51778.0,1311396854.0,0.0
2018-10-24 11:00:00,MHImain,HKFE,25310.0,25655.0,25192.0,25209.0,62962.0,1599167303.0,0.0
2018-10-24 17:15:00,MHImain,HKFE,25204.0,25408.0,25202.0,25321.0,10795.0,273250418.0,0.0
2018-10-24 21:15:00,MHImain,HKFE,25318.0,25360.0,25038.0,25148.0,24842.0,625701871.0,0.0
2018-10-25 01:15:00,MHImain,HKFE,25148.0,25148.0,24601.0,24781.0,42302.0,1045408082.0,0.0
2018-10-25 11:00:00,MHImain,HKFE,24782.0,24991.0,24665.0,24897.0,51220.0,1270082113.0,0.0
2018-10-25 17:15:00,MHImain,HKFE,24903.0,25027.0,24852.0,24866.0,12250.0,305536290.0,0.0
2018-10-25 21:15:00,MHImain,HKFE,24864.0,25147.0,24844.0,25139.0,24161.0,604116031.0,0.0
2018-10-26 01:15:00,MHImain,HKFE,25139.0,25139.0,24716.0,24723.0,38263.0,951745728.0,0.0
2018-10-26 11:00:00,MHImain,HKFE,24724.0,24817.0,24526.0,24659.0,56438.0,1393225647.0,0.0
2018-10-26 17:15:00,MHImain,HKFE,24650.0,24650.0,24455.0,24626.0,13184.0,323665023.0,0.0
2018-10-26 21:15:00,MHImain,HKFE,24629.0,24909.0,24475.0,24841.0,29116.0,717414757.0,0.0
2018-10-27 01:15:00,MHImain,HKFE,24841.0,24841.0,24841.0,24841.0,0.0,0.0,0.0
2018-10-29 01:15:00,MHImain,HKFE,24870.0,24997.0,24581.0,24758.0,34635.0,857327502.0,0.0
2018-10-29 11:00:00,MHImain,HKFE,24760.0,24863.0,24623.0,24766.0,37812.0,935488642.0,0.0
2018-10-29 17:15:00,MHImain,HKFE,24780.0,25039.0,24767.0,24976.0,7687.0,191739946.0,0.0
2018-10-29 21:15:00,MHImain,HKFE,24978.0,25022.0,24746.0,24786.0,10202.0,254128401.0,0.0
2018-10-30 01:15:00,MHImain,HKFE,24786.0,24815.0,24570.0,24752.0,9160.0,226186797.0,0.0
2018-10-30 11:00:00,MHImain,HKFE,24760.0,24855.0,24717.0,24723.0,3576.0,88609717.0,0.0
2018-10-30 17:15:00,MHImain,HKFE,24583.0,24659.0,24492.0,24501.0,13434.0,330223241.0,0.0
2018-10-30 21:15:00,MHImain,HKFE,24497.0,24689.0,24474.0,24562.0,25666.0,631129783.0,0.0
2018-10-31 01:15:00,MHImain,HKFE,24562.0,24891.0,24562.0,24702.0,39919.0,989685788.0,0.0
2018-10-31 11:00:00,MHImain,HKFE,24703.0,24961.0,24682.0,24910.0,46687.0,1159230547.0,0.0
2018-10-31 17:15:00,MHImain,HKFE,24929.0,25007.0,24858.0,24940.0,10733.0,267666041.0,0.0
2018-10-31 21:15:00,MHImain,HKFE,24938.0,25028.0,24908.0,25016.0,17937.0,447852295.0,0.0
2018-11-01 01:15:00,MHImain,HKFE,25016.0,25402.0,25016.0,25318.0,39385.0,995268054.0,0.0
2018-11-01 11:00:00,MHImain,HKFE,25317.0,25516.0,25269.0,25340.0,51535.0,1307644880.0,0.0
2018-11-01 17:15:00,MHImain,HKFE,25342.0,25476.0,25333.0,25429.0,11615.0,295167512.0,0.0
2018-11-01 21:15:00,MHImain,HKFE,25429.0,25848.0,25323.0,25843.0,28677.0,733509465.0,0.0
2018-11-02 01:15:00,MHImain,HKFE,25843.0,26062.0,25769.0,25989.0,41595.0,1079654494.0,0.0
2018-11-02 11:00:00,MHImain,HKFE,25991.0,26503.0,25942.0,26498.0,60940.0,1602817700.0,0.0
2018-11-02 17:15:00,MHImain,HKFE,26496.0,26759.0,26388.0,26412.0,23276.0,617794100.0,0.0
2018-11-02 21:15:00,MHImain,HKFE,26409.0,26509.0,25845.0,25890.0,31006.0,813742284.0,0.0
2018-11-03 01:15:00,MHImain,HKFE,25890.0,25890.0,25890.0,25890.0,0.0,0.0,0.0
2018-11-05 01:15:00,MHImain,HKFE,25990.0,26140.0,25849.0,25893.0,38747.0,1006977689.0,0.0
2018-11-05 11:00:00,MHImain,HKFE,25893.0,25952.0,25719.0,25902.0,47315.0,1223240417.0,0.0
2018-11-05 17:15:00,MHImain,HKFE,25883.0,25995.0,25826.0,25908.0,10229.0,265202590.0,0.0
2018-11-05 21:15:00,MHImain,HKFE,25908.0,26076.0,25873.0,25956.0,17171.0,445965053.0,0.0
2018-11-06 01:15:00,MHImain,HKFE,25956.0,26078.0,25798.0,25900.0,37023.0,958332500.0,0.0
2018-11-06 11:00:00,MHImain,HKFE,25901.0,26166.0,25821.0,26039.0,47481.0,1233245640.0,0.0
2018-11-06 17:15:00,MHImain,HKFE,26018.0,26065.0,25896.0,25943.0,9998.0,259491799.0,0.0
2018-11-06 21:15:00,MHImain,HKFE,25941.0,26085.0,25903.0,26019.0,14413.0,374976915.0,0.0
2018-11-07 01:15:00,MHImain,HKFE,26019.0,26188.0,25982.0,26119.0,36669.0,957120019.0,0.0
2018-11-07 11:00:00,MHImain,HKFE,26120.0,26524.0,25861.0,26151.0,84525.0,2210608947.0,0.0
2018-11-07 17:15:00,MHImain,HKFE,26168.0,26386.0,26168.0,26288.0,11006.0,289716371.0,0.0
2018-11-07 21:15:00,MHImain,HKFE,26288.0,26388.0,26187.0,26384.0,17108.0,449741438.0,0.0
2018-11-08 01:15:00,MHImain,HKFE,26384.0,26610.0,26274.0,26325.0,37268.0,983313687.0,0.0
2018-11-08 11:00:00,MHImain,HKFE,26325.0,26417.0,26105.0,26224.0,46323.0,1217136739.0,0.0
2018-11-08 17:15:00,MHImain,HKFE,26225.0,26225.0,26055.0,26122.0,10315.0,269373171.0,0.0
2018-11-08 21:15:00,MHImain,HKFE,26123.0,26228.0,26088.0,26092.0,12274.0,320900157.0,0.0
2018-11-09 01:15:00,MHImain,HKFE,26092.0,26092.0,25635.0,25642.0,34564.0,890084570.0,0.0
2018-11-09 11:00:00,MHImain,HKFE,25644.0,25667.0,25407.0,25466.0,46134.0,1178886951.0,0.0
2018-11-09 17:15:00,MHImain,HKFE,25474.0,25543.0,25312.0,25416.0,10965.0,278652334.0,0.0
2018-11-09 21:15:00,MHImain,HKFE,25420.0,25443.0,25327.0,25336.0,13539.0,343719063.0,0.0
2018-11-10 01:15:00,MHImain,HKFE,25336.0,25336.0,25336.0,25336.0,0.0,0.0,0.0
2018-11-12 01:15:00,MHImain,HKFE,25454.0,25738.0,25449.0,25706.0,40456.0,1036104461.0,0.0
2018-11-12 11:00:00,MHImain,HKFE,25706.0,25754.0,25515.0,25555.0,39672.0,1016782268.0,0.0
2018-11-12 17:15:00,MHImain,HKFE,25547.0,25577.0,25396.0,25397.0,8661.0,220804916.0,0.0
2018-11-12 21:15:00,MHImain,HKFE,25396.0,25452.0,25174.0,25250.0,15805.0,400243651.0,0.0
2018-11-13 01:15:00,MHImain,HKFE,25250.0,25267.0,25008.0,25211.0,36842.0,925977460.0,0.0
2018-11-13 11:00:00,MHImain,HKFE,25208.0,25859.0,25190.0,25843.0,81993.0,2095860986.0,0.0
2018-11-13 17:15:00,MHImain,HKFE,25828.0,25913.0,25688.0,25752.0,14091.0,363287883.0,0.0
2018-11-13 21:15:00,MHImain,HKFE,25748.0,25992.0,25582.0,25960.0,24563.0,632695626.0,0.0
2018-11-14 01:15:00,MHImain,HKFE,25960.0,25960.0,25577.0,25665.0,37174.0,955001074.0,0.0
2018-11-14 11:00:00,MHImain,HKFE,25667.0,25791.0,25430.0,25558.0,48685.0,1247506492.0,0.0
2018-11-14 17:15:00,MHImain,HKFE,25544.0,25867.0,25495.0,25839.0,15203.0,390973310.0,0.0
2018-11-14 21:15:00,MHImain,HKFE,25843.0,26013.0,25705.0,25789.0,23432.0,606367613.0,0.0
2018-11-15 01:15:00,MHImain,HKFE,25789.0,25910.0,25554.0,25635.0,39100.0,1004317862.0,0.0
2018-11-15 11:00:00,MHImain,HKFE,25636.0,26138.0,25610.0,26047.0,53798.0,1392776949.0,0.0
2018-11-15 17:15:00,MHImain,HKFE,26028.0,26048.0,25828.0,25903.0,15831.0,410569317.0,0.0
2018-11-15 21:15:00,MHImain,HKFE,25900.0,26116.0,25785.0,26093.0,27038.0,700558019.0,0.0
2018-11-16 01:15:00,MHImain,HKFE,26093.0,26128.0,25790.0,25847.0,34000.0,880414300.0,0.0
2018-11-16 11:00:00,MHImain,HKFE,25846.0,26192.0,25821.0,26113.0,59763.0,1556883906.0,0.0
2018-11-16 17:15:00,MHImain,HKFE,26096.0,26105.0,25975.0,26009.0,7982.0,207770395.0,0.0
2018-11-16 21:15:00,MHImain,HKFE,26011.0,26238.0,25957.0,26139.0,20300.0,530229068.0,0.0
2018-11-17 01:15:00,MHImain,HKFE,26139.0,26139.0,26139.0,26139.0,0.0,0.0,0.0
2018-11-19 01:15:00,MHImain,HKFE,26098.0,26378.0,26066.0,26152.0,43150.0,1131924094.0,0.0
2018-11-19 11:00:00,MHImain,HKFE,26151.0,26350.0,26133.0,26290.0,47362.0,1242965594.0,0.0
2018-11-19 17:15:00,MHImain,HKFE,26282.0,26317.0,26197.0,26243.0,7971.0,209299568.0,0.0
2018-11-19 21:15:00,MHImain,HKFE,26242.0,26270.0,25948.0,25971.0,17983.0,469944735.0,0.0
2018-11-20 01:15:00,MHImain,HKFE,25971.0,26116.0,25914.0,25967.0,36255.0,942573297.0,0.0
2018-11-20 11:00:00,MHImain,HKFE,25965.0,25965.0,25699.0,25790.0,51685.0,1334199311.0,0.0
2018-11-20 17:15:00,MHImain,HKFE,25780.0,25780.0,25626.0,25660.0,14104.0,362369782.0,0.0
2018-11-20 21:15:00,MHImain,HKFE,25660.0,25697.0,25438.0,25605.0,27708.0,708470514.0,0.0
2018-11-21 01:15:00,MHImain,HKFE,25605.0,25808.0,25414.0,25717.0,44941.0,1151387962.0,0.0
2018-11-21 11:00:00,MHImain,HKFE,25716.0,25976.0,25691.0,25895.0,55698.0,1438411016.0,0.0
2018-11-21 17:15:00,MHImain,HKFE,25904.0,26081.0,25880.0,26060.0,12794.0,332038899.0,0.0
2018-11-21 21:15:00,MHImain,HKFE,26060.0,26204.0,26029.0,26139.0,16749.0,437349491.0,0.0
2018-11-22 01:15:00,MHImain,HKFE,26139.0,26139.0,25810.0,25904.0,34328.0,889479163.0,0.0
2018-11-22 11:00:00,MHImain,HKFE,25904.0,26066.0,25838.0,25930.0,35894.0,931491375.0,0.0
2018-11-22 17:15:00,MHImain,HKFE,25924.0,25965.0,25821.0,25920.0,9283.0,240432499.0,0.0
2018-11-22 21:15:00,MHImain,HKFE,25924.0,25953.0,25824.0,25892.0,5907.0,152956694.0,0.0
2018-11-23 01:15:00,MHImain,HKFE,25892.0,26035.0,25755.0,25868.0,30735.0,794535269.0,0.0
2018-11-23 11:00:00,MHImain,HKFE,25870.0,25923.0,25764.0,25898.0,36177.0,934811590.0,0.0
2018-11-23 17:15:00,MHImain,HKFE,25892.0,25937.0,25825.0,25847.0,6282.0,162506223.0,0.0
2018-11-23 21:15:00,MHImain,HKFE,25847.0,25915.0,25773.0,25868.0,11405.0,294814218.0,0.0
2018-11-24 01:15:00,MHImain,HKFE,25868.0,25868.0,25868.0,25868.0,0.0,0.0,0.0
2018-11-26 01:15:00,MHImain,HKFE,25988.0,26357.0,25971.0,26251.0,38661.0,1012303062.0,0.0
2018-11-26 11:00:00,MHImain,HKFE,26250.0,26427.0,26242.0,26415.0,38736.0,1020687744.0,0.0
2018-11-26 17:15:00,MHImain,HKFE,26421.0,26512.0,26387.0,26397.0,7407.0,195942159.0,0.0
2018-11-26 21:15:00,MHImain,HKFE,26396.0,26494.0,26357.0,26452.0,12504.0,330444909.0,0.0
2018-11-27 01:15:00,MHImain,HKFE,26452.0,26452.0,26138.0,26228.0,32059.0,841088351.0,0.0
2018-11-27 11:00:00,MHImain,HKFE,26229.0,26429.0,26221.0,26256.0,43708.0,1150164670.0,0.0
2018-11-27 17:15:00,MHImain,HKFE,26281.0,26363.0,26241.0,26255.0,6554.0,172344666.0,0.0
2018-11-27 21:15:00,MHImain,HKFE,26255.0,26375.0,26197.0,26365.0,12678.0,333308380.0,0.0
2018-11-28 01:15:00,MHImain,HKFE,26365.0,26584.0,26292.0,26580.0,32338.0,855032517.0,0.0
2018-11-28 11:00:00,MHImain,HKFE,26580.0,26722.0,26540.0,26618.0,29943.0,797332109.0,0.0
2018-11-28 17:15:00,MHImain,HKFE,26618.0,26690.0,26613.0,26636.0,3075.0,81952325.0,0.0
2018-11-28 21:15:00,MHImain,HKFE,26636.0,26670.0,26523.0,26587.0,6384.0,169745130.0,0.0
2018-11-29 01:15:00,MHImain,HKFE,26587.0,26944.0,26587.0,26656.0,7012.0,187986157.0,0.0
2018-11-29 11:00:00,MHImain,HKFE,26656.0,26706.0,26583.0,26590.0,3190.0,84983251.0,0.0
2018-11-29 17:15:00,MHImain,HKFE,26453.0,26453.0,26323.0,26434.0,9513.0,251111566.0,0.0
2018-11-29 21:15:00,MHImain,HKFE,26435.0,26634.0,26398.0,26554.0,19920.0,527929036.0,0.0
2018-11-30 01:15:00,MHImain,HKFE,26554.0,26691.0,26418.0,26660.0,38956.0,1034139758.0,0.0
2018-11-30 11:00:00,MHImain,HKFE,26659.0,26730.0,26452.0,26536.0,40886.0,1087630522.0,0.0
2018-11-30 17:15:00,MHImain,HKFE,26521.0,26544.0,26435.0,26463.0,5539.0,146662573.0,0.0
2018-11-30 21:15:00,MHImain,HKFE,26460.0,26599.0,26438.0,26575.0,12958.0,343571359.0,0.0
2018-12-01 01:15:00,MHImain,HKFE,26575.0,26575.0,26575.0,26575.0,0.0,0.0,0.0
2018-12-03 01:15:00,MHImain,HKFE,27117.0,27320.0,27029.0,27263.0,45116.0,1226957091.0,0.0
2018-12-03 11:00:00,MHImain,HKFE,27267.0,27326.0,27084.0,27286.0,39804.0,1083441826.0,0.0
2018-12-03 17:15:00,MHImain,HKFE,27266.0,27298.0,27192.0,27230.0,7155.0,194888345.0,0.0
2018-12-03 21:15:00,MHImain,HKFE,27230.0,27329.0,27105.0,27125.0,16298.0,443567365.0,0.0
2018-12-04 01:15:00,MHImain,HKFE,27125.0,27223.0,27048.0,27171.0,33324.0,904607154.0,0.0
2018-12-04 11:00:00,MHImain,HKFE,27170.0,27297.0,27041.0,27271.0,44519.0,1208772835.0,0.0
2018-12-04 17:15:00,MHImain,HKFE,27250.0,27296.0,27227.0,27252.0,6351.0,173100552.0,0.0
2018-12-04 21:15:00,MHImain,HKFE,27252.0,27276.0,27113.0,27117.0,12697.0,345317155.0,0.0
2018-12-05 01:15:00,MHImain,HKFE,27117.0,27117.0,26720.0,26916.0,30930.0,831023647.0,0.0
2018-12-05 11:00:00,MHImain,HKFE,26912.0,26940.0,26750.0,26766.0,35000.0,939312288.0,0.0
2018-12-05 17:15:00,MHImain,HKFE,26780.0,26886.0,26780.0,26885.0,5028.0,134956729.0,0.0
2018-12-05 21:15:00,MHImain,HKFE,26885.0,26905.0,26764.0,26780.0,5453.0,146366077.0,0.0
2018-12-06 01:15:00,MHImain,HKFE,26780.0,26780.0,26081.0,26105.0,42930.0,1125254589.0,0.0
2018-12-06 11:00:00,MHImain,HKFE,26102.0,26190.0,26006.0,26158.0,44598.0,1163871582.0,0.0
2018-12-06 17:15:00,MHImain,HKFE,26157.0,26157.0,25912.0,25986.0,14267.0,370819724.0,0.0
2018-12-06 21:15:00,MHImain,HKFE,25986.0,26053.0,25813.0,25925.0,22370.0,580766128.0,0.0
2018-12-07 01:15:00,MHImain,HKFE,25925.0,26306.0,25925.0,26196.0,31985.0,838435570.0,0.0
2018-12-07 11:00:00,MHImain,HKFE,26195.0,26270.0,26007.0,26078.0,32921.0,861453913.0,0.0
2018-12-07 17:15:00,MHImain,HKFE,26072.0,26176.0,26072.0,26140.0,7124.0,186136707.0,0.0
2018-12-07 21:15:00,MHImain,HKFE,26140.0,26369.0,26061.0,26108.0,23471.0,615182809.0,0.0
2018-12-08 01:15:00,MHImain,HKFE,26108.0,26108.0,26108.0,26108.0,0.0,0.0,0.0
2018-12-10 01:15:00,MHImain,HKFE,25776.0,25833.0,25549.0,25647.0,35627.0,915521000.0,0.0
2018-12-10 11:00:00,MHImain,HKFE,25646.0,25788.0,25566.0,25710.0,34663.0,890381315.0,0.0
2018-12-10 17:15:00,MHImain,HKFE,25732.0,25759.0,25670.0,25739.0,6203.0,159559095.0,0.0
2018-12-10 21:15:00,MHImain,HKFE,25739.0,25777.0,25402.0,25509.0,23914.0,612251290.0,0.0
2018-12-11 01:15:00,MHImain,HKFE,25509.0,25779.0,25509.0,25774.0,31904.0,819645806.0,0.0
2018-12-11 11:00:00,MHImain,HKFE,25775.0,25861.0,25678.0,25721.0,35235.0,907682055.0,0.0
2018-12-11 17:15:00,MHImain,HKFE,25716.0,25975.0,25711.0,25954.0,11476.0,296876574.0,0.0
2018-12-11 21:15:00,MHImain,HKFE,25954.0,26046.0,25857.0,25913.0,19711.0,511956450.0,0.0
2018-12-12 01:15:00,MHImain,HKFE,25913.0,26224.0,25913.0,26163.0,27884.0,728851031.0,0.0
2018-12-12 11:00:00,MHImain,HKFE,26162.0,26274.0,26125.0,26237.0,32981.0,864205519.0,0.0
2018-12-12 17:15:00,MHImain,HKFE,26242.0,26386.0,26242.0,26335.0,10009.0,263618270.0,0.0
2018-12-12 21:15:00,MHImain,HKFE,26339.0,26488.0,26315.0,26480.0,14752.0,389856703.0,0.0
2018-12-13 01:15:00,MHImain,HKFE,26480.0,26578.0,26312.0,26565.0,33778.0,893610676.0,0.0
2018-12-13 11:00:00,MHImain,HKFE,26565.0,26626.0,26447.0,26527.0,35129.0,932333911.0,0.0
2018-12-13 17:15:00,MHImain,HKFE,26520.0,26520.0,26362.0,26452.0,9640.0,254753541.0,0.0
2018-12-13 21:15:00,MHImain,HKFE,26455.0,26515.0,26358.0,26404.0,16221.0,428746201.0,0.0
2018-12-14 01:15:00,MHImain,HKFE,26404.0,26404.0,26063.0,26133.0,28952.0,756590221.0,0.0
2018-12-14 11:00:00,MHImain,HKFE,26133.0,26180.0,26020.0,26037.0,29991.0,782757247.0,0.0
2018-12-14 17:15:00,MHImain,HKFE,26029.0,26080.0,25920.0,26070.0,9138.0,237674319.0,0.0
2018-12-14 21:15:00,MHImain,HKFE,26071.0,26226.0,26028.0,26173.0,14659.0,382919261.0,0.0
2018-12-17 01:15:00,MHImain,HKFE,26157.0,26231.0,26010.0,26198.0,32100.0,838563827.0,0.0
2018-12-17 11:00:00,MHImain,HKFE,26196.0,26210.0,26055.0,26078.0,25925.0,677720257.0,0.0
2018-12-17 17:15:00,MHImain,HKFE,26088.0,26131.0,25986.0,25999.0,7673.0,199958834.0,0.0
2018-12-17 21:15:00,MHImain,HKFE,26000.0,26127.0,25891.0,26106.0,18279.0,475078471.0,0.0
2018-12-18 01:15:00,MHImain,HKFE,26106.0,26193.0,25863.0,26003.0,33608.0,876429869.0,0.0
2018-12-18 11:00:00,MHImain,HKFE,26002.0,26012.0,25700.0,25818.0,49903.0,1289062515.0,0.0
2018-12-18 17:15:00,MHImain,HKFE,25821.0,25957.0,25783.0,25946.0,8087.0,209286576.0,0.0
2018-12-18 21:15:00,MHImain,HKFE,25944.0,26018.0,25892.0,25915.0,13639.0,353899827.0,0.0
2018-12-19 01:15:00,MHImain,HKFE,25915.0,25939.0,25802.0,25843.0,26109.0,675405508.0,0.0
2018-12-19 11:00:00,MHImain,HKFE,25843.0,25928.0,25840.0,25924.0,25891.0,669966214.0,0.0
2018-12-19 17:15:00,MHImain,HKFE,25918.0,25988.0,25893.0,25963.0,6407.0,166293532.0,0.0
2018-12-19 21:15:00,MHImain,HKFE,25961.0,26090.0,25949.0,26090.0,11990.0,312099515.0,0.0
2018-12-20 01:15:00,MHImain,HKFE,26090.0,26090.0,25668.0,25722.0,35015.0,901530305.0,0.0
2018-12-20 11:00:00,MHImain,HKFE,25722.0,25732.0,25373.0,25537.0,50598.0,1293000836.0,0.0
2018-12-20 17:15:00,MHImain,HKFE,25557.0,25722.0,25557.0,25682.0,9509.0,244073208.0,0.0
2018-12-20 21:15:00,MHImain,HKFE,25683.0,25700.0,25500.0,25520.0,22622.0,579685725.0,0.0
2018-12-21 01:15:00,MHImain,HKFE,25520.0,25566.0,25306.0,25489.0,30454.0,774562479.0,0.0
2018-12-21 11:00:00,MHImain,HKFE,25491.0,25793.0,25463.0,25662.0,43180.0,1106459748.0,0.0
2018-12-21 17:15:00,MHImain,HKFE,25647.0,25677.0,25529.0,25668.0,11488.0,294087824.0,0.0
2018-12-21 21:15:00,MHImain,HKFE,25665.0,25808.0,25559.0,25654.0,26769.0,687658705.0,0.0
2018-12-22 01:15:00,MHImain,HKFE,25654.0,25654.0,25654.0,25654.0,0.0,0.0,0.0
2018-12-24 01:15:00,MHImain,HKFE,25485.0,25558.0,25400.0,25548.0,28298.0,721137321.0,0.0
2018-12-24 11:00:00,MHImain,HKFE,25549.0,25625.0,25526.0,25619.0,6969.0,178172418.0,0.0
2018-12-24 17:15:00,MHImain,HKFE,25619.0,25619.0,25619.0,25619.0,0.0,0.0,0.0
2018-12-27 01:15:00,MHImain,HKFE,25888.0,25939.0,25741.0,25791.0,24926.0,644053375.0,0.0
2018-12-27 11:00:00,MHImain,HKFE,25793.0,25839.0,25327.0,25398.0,36727.0,940149559.0,0.0
2018-12-27 17:15:00,MHImain,HKFE,25390.0,25390.0,25217.0,25280.0,8256.0,208646479.0,0.0
2018-12-27 21:15:00,MHImain,HKFE,25283.0,25342.0,25217.0,25247.0,11790.0,297916000.0,0.0
2018-12-28 01:15:00,MHImain,HKFE,25247.0,25583.0,25247.0,25523.0,5213.0,132954737.0,0.0
2018-12-28 11:00:00,MHImain,HKFE,25525.0,25557.0,25480.0,25504.0,2126.0,54244501.0,0.0
2018-12-28 17:15:00,MHImain,HKFE,25580.0,25733.0,25550.0,25715.0,10306.0,264610934.0,0.0
2018-12-28 21:15:00,MHImain,HKFE,25715.0,25750.0,25590.0,25642.0,16880.0,433319519.0,0.0
2018-12-29 01:15:00,MHImain,HKFE,25642.0,25642.0,25642.0,25642.0,0.0,0.0,0.0
2018-12-31 01:15:00,MHImain,HKFE,25855.0,25919.0,25712.0,25898.0,19993.0,516090584.0,0.0
2018-12-31 11:00:00,MHImain,HKFE,25901.0,25965.0,25863.0,25880.0,8059.0,208803733.0,0.0
2018-12-31 17:15:00,MHImain,HKFE,25857.0,25857.0,25857.0,25857.0,0.0,0.0,0.0
2018-12-31 21:15:00,MHImain,HKFE,25857.0,25857.0,25857.0,25857.0,0.0,0.0,0.0
2019-01-01 01:15:00,MHImain,HKFE,25857.0,25857.0,25857.0,25857.0,0.0,0.0,0.0
2019-01-02 01:15:00,MHImain,HKFE,25863.0,25879.0,25047.0,25165.0,50278.0,1275945765.0,0.0
2019-01-02 11:00:00,MHImain,HKFE,25167.0,25224.0,24979.0,24979.0,39498.0,991630734.0,0.0
2019-01-02 17:15:00,MHImain,HKFE,25019.0,25146.0,25006.0,25118.0,8231.0,206489076.0,0.0
2019-01-02 21:15:00,MHImain,HKFE,25119.0,25368.0,25078.0,25316.0,16888.0,425752410.0,0.0
2019-01-03 01:15:00,MHImain,HKFE,25316.0,25316.0,24979.0,25043.0,36027.0,904557197.0,0.0
2019-01-03 11:00:00,MHImain,HKFE,25041.0,25092.0,24876.0,25050.0,46125.0,1152475101.0,0.0
2019-01-03 17:15:00,MHImain,HKFE,25042.0,25130.0,24967.0,25122.0,8668.0,217121956.0,0.0
2019-01-03 21:15:00,MHImain,HKFE,25123.0,25178.0,25005.0,25102.0,17717.0,444601998.0,0.0
2019-01-04 01:15:00,MHImain,HKFE,25102.0,25412.0,24889.0,25410.0,40499.0,1018526557.0,0.0
2019-01-04 11:00:00,MHImain,HKFE,25408.0,25658.0,25357.0,25604.0,45253.0,1153565892.0,0.0
2019-01-04 17:15:00,MHImain,HKFE,25627.0,25768.0,25589.0,25624.0,11270.0,289510488.0,0.0
2019-01-04 21:15:00,MHImain,HKFE,25625.0,25981.0,25593.0,25940.0,21761.0,560918332.0,0.0
2019-01-05 01:15:00,MHImain,HKFE,25940.0,25940.0,25940.0,25940.0,0.0,0.0,0.0
2019-01-07 01:15:00,MHImain,HKFE,26020.0,26097.0,25847.0,25927.0,33202.0,862102207.0,0.0
2019-01-07 11:00:00,MHImain,HKFE,25927.0,25934.0,25753.0,25863.0,34093.0,880682841.0,0.0
2019-01-07 17:15:00,MHImain,HKFE,25858.0,25858.0,25735.0,25819.0,7147.0,184286837.0,0.0
2019-01-07 21:15:00,MHImain,HKFE,25820.0,25902.0,25746.0,25900.0,13193.0,340588366.0,0.0
2019-01-08 01:15:00,MHImain,HKFE,25900.0,26006.0,25713.0,25933.0,35097.0,907838084.0,0.0
2019-01-08 11:00:00,MHImain,HKFE,25933.0,25981.0,25793.0,25906.0,33826.0,875663003.0,0.0
2019-01-08 17:15:00,MHImain,HKFE,25908.0,26067.0,25908.0,26042.0,7971.0,207195932.0,0.0
2019-01-08 21:15:00,MHImain,HKFE,26043.0,26181.0,26011.0,26046.0,14447.0,377035618.0,0.0
2019-01-09 01:15:00,MHImain,HKFE,26046.0,26605.0,26046.0,26552.0,34687.0,915293975.0,0.0
2019-01-09 11:00:00,MHImain,HKFE,26555.0,26651.0,26423.0,26521.0,38154.0,1012014444.0,0.0
2019-01-09 17:15:00,MHImain,HKFE,26525.0,26611.0,26482.0,26561.0,8776.0,232907325.0,0.0
2019-01-09 21:15:00,MHImain,HKFE,26560.0,26629.0,26482.0,26588.0,14943.0,396945959.0,0.0
2019-01-10 01:15:00,MHImain,HKFE,26588.0,26588.0,26228.0,26349.0,34255.0,902373970.0,0.0
2019-01-10 11:00:00,MHImain,HKFE,26344.0,26637.0,26337.0,26470.0,45110.0,1195317058.0,0.0
2019-01-10 17:15:00,MHImain,HKFE,26479.0,26586.0,26459.0,26574.0,6158.0,163419291.0,0.0
2019-01-10 21:15:00,MHImain,HKFE,26574.0,26700.0,26527.0,26669.0,11697.0,311119293.0,0.0
2019-01-11 01:15:00,MHImain,HKFE,26669.0,26745.0,26511.0,26584.0,36832.0,980251216.0,0.0
2019-01-11 11:00:00,MHImain,HKFE,26584.0,26725.0,26542.0,26699.0,31880.0,849255259.0,0.0
2019-01-11 17:15:00,MHImain,HKFE,26699.0,26738.0,26573.0,26605.0,6152.0,164062210.0,0.0
2019-01-11 21:15:00,MHImain,HKFE,26606.0,26683.0,26551.0,26651.0,12037.0,320315116.0,0.0
2019-01-12 01:15:00,MHImain,HKFE,26651.0,26651.0,26651.0,26651.0,0.0,0.0,0.0
2019-01-14 01:15:00,MHImain,HKFE,26612.0,26615.0,26248.0,26270.0,31888.0,841561525.0,0.0
2019-01-14 11:00:00,MHImain,HKFE,26266.0,26312.0,26164.0,26304.0,30572.0,802624113.0,0.0
2019-01-14 17:15:00,MHImain,HKFE,26305.0,26349.0,26254.0,26300.0,6158.0,161948892.0,0.0
2019-01-14 21:15:00,MHImain,HKFE,26302.0,26462.0,26291.0,26455.0,12067.0,318324549.0,0.0
2019-01-15 01:15:00,MHImain,HKFE,26455.0,26744.0,26435.0,26737.0,38359.0,1020304816.0,0.0
2019-01-15 11:00:00,MHImain,HKFE,26741.0,26874.0,26689.0,26749.0,37553.0,1006083564.0,0.0
2019-01-15 17:15:00,MHImain,HKFE,26739.0,26743.0,26595.0,26634.0,8695.0,231959543.0,0.0
2019-01-15 21:15:00,MHImain,HKFE,26635.0,26770.0,26615.0,26726.0,15018.0,400768515.0,0.0
2019-01-16 01:15:00,MHImain,HKFE,26726.0,26864.0,26559.0,26795.0,36041.0,962557010.0,0.0
2019-01-16 11:00:00,MHImain,HKFE,26793.0,26937.0,26768.0,26902.0,34079.0,915369844.0,0.0
2019-01-16 17:15:00,MHImain,HKFE,26901.0,26914.0,26778.0,26830.0,6706.0,179895739.0,0.0
2019-01-16 21:15:00,MHImain,HKFE,26829.0,27001.0,26804.0,26995.0,12762.0,343645840.0,0.0
2019-01-17 01:15:00,MHImain,HKFE,26995.0,27033.0,26666.0,27031.0,40486.0,1086280010.0,0.0
2019-01-17 11:00:00,MHImain,HKFE,27029.0,27042.0,26715.0,26776.0,44427.0,1193828849.0,0.0
2019-01-17 17:15:00,MHImain,HKFE,26770.0,26852.0,26763.0,26814.0,6400.0,171598062.0,0.0
2019-01-17 21:15:00,MHImain,HKFE,26815.0,26920.0,26784.0,26885.0,11195.0,300725205.0,0.0
2019-01-18 01:15:00,MHImain,HKFE,26885.0,27144.0,26885.0,27033.0,34653.0,936947673.0,0.0
2019-01-18 11:00:00,MHImain,HKFE,27033.0,27119.0,27005.0,27100.0,27904.0,755316829.0,0.0
2019-01-18 17:15:00,MHImain,HKFE,27113.0,27185.0,27079.0,27170.0,5504.0,149352017.0,0.0
2019-01-18 21:15:00,MHImain,HKFE,27172.0,27363.0,27164.0,27360.0,14849.0,404734403.0,0.0
2019-01-19 01:15:00,MHImain,HKFE,27360.0,27360.0,27360.0,27360.0,0.0,0.0,0.0
2019-01-21 01:15:00,MHImain,HKFE,27237.0,27348.0,27013.0,27262.0,40017.0,1088009337.0,0.0
2019-01-21 11:00:00,MHImain,HKFE,27264.0,27265.0,27115.0,27241.0,27108.0,736808029.0,0.0
2019-01-21 17:15:00,MHImain,HKFE,27235.0,27258.0,27156.0,27207.0,5103.0,138855907.0,0.0
2019-01-21 21:15:00,MHImain,HKFE,27207.0,27241.0,27181.0,27231.0,3973.0,108112619.0,0.0
2019-01-22 01:15:00,MHImain,HKFE,27231.0,27271.0,26981.0,26996.0,37460.0,1015727538.0,0.0
2019-01-22 11:00:00,MHImain,HKFE,26996.0,27057.0,26835.0,27005.0,40095.0,1079606215.0,0.0
2019-01-22 17:15:00,MHImain,HKFE,27005.0,27041.0,26877.0,26968.0,8260.0,222681535.0,0.0
2019-01-22 21:15:00,MHImain,HKFE,26967.0,26999.0,26888.0,26890.0,11617.0,312993265.0,0.0
2019-01-23 01:15:00,MHImain,HKFE,26890.0,27160.0,26874.0,27074.0,37843.0,1023517886.0,0.0
2019-01-23 11:00:00,MHImain,HKFE,27075.0,27133.0,26936.0,26990.0,30454.0,822813100.0,0.0
2019-01-23 17:15:00,MHImain,HKFE,27012.0,27164.0,27012.0,27143.0,7489.0,202964464.0,0.0
2019-01-23 21:15:00,MHImain,HKFE,27142.0,27148.0,26940.0,26947.0,12030.0,325782778.0,0.0
2019-01-24 01:15:00,MHImain,HKFE,26947.0,27109.0,26873.0,27034.0,35921.0,969635998.0,0.0
2019-01-24 11:00:00,MHImain,HKFE,27032.0,27132.0,27028.0,27092.0,30934.0,837792602.0,0.0
2019-01-24 17:15:00,MHImain,HKFE,27096.0,27224.0,27096.0,27187.0,7353.0,199857063.0,0.0
2019-01-24 21:15:00,MHImain,HKFE,27184.0,27261.0,27105.0,27250.0,12998.0,353216196.0,0.0
2019-01-25 01:15:00,MHImain,HKFE,27250.0,27541.0,27209.0,27476.0,38210.0,1046840480.0,0.0
2019-01-25 11:00:00,MHImain,HKFE,27476.0,27618.0,27445.0,27610.0,27819.0,765881374.0,0.0
2019-01-25 17:15:00,MHImain,HKFE,27612.0,27643.0,27581.0,27611.0,6181.0,170689872.0,0.0
2019-01-25 21:15:00,MHImain,HKFE,27616.0,27798.0,27610.0,27790.0,12237.0,338943756.0,0.0
2019-01-26 01:15:00,MHImain,HKFE,27790.0,27790.0,27790.0,27790.0,0.0,0.0,0.0
2019-01-28 01:15:00,MHImain,HKFE,27690.0,27814.0,27636.0,27679.0,30350.0,841644888.0,0.0
2019-01-28 11:00:00,MHImain,HKFE,27678.0,27705.0,27453.0,27563.0,36584.0,1009287903.0,0.0
2019-01-28 17:15:00,MHImain,HKFE,27580.0,27621.0,27519.0,27530.0,4804.0,132445692.0,0.0
2019-01-28 21:15:00,MHImain,HKFE,27530.0,27532.0,27362.0,27388.0,14564.0,399630818.0,0.0
2019-01-29 01:15:00,MHImain,HKFE,27388.0,27518.0,27329.0,27388.0,26620.0,730086151.0,0.0
2019-01-29 11:00:00,MHImain,HKFE,27388.0,27581.0,27384.0,27567.0,21098.0,580118063.0,0.0
2019-01-29 17:15:00,MHImain,HKFE,27572.0,27667.0,27572.0,27633.0,3919.0,108279419.0,0.0
2019-01-29 21:15:00,MHImain,HKFE,27633.0,27659.0,27562.0,27596.0,5334.0,147293125.0,0.0
2019-01-30 01:15:00,MHImain,HKFE,27596.0,27596.0,27376.0,27513.0,6338.0,174139891.0,0.0
2019-01-30 11:00:00,MHImain,HKFE,27514.0,27611.0,27504.0,27552.0,4373.0,120538573.0,0.0
2019-01-30 17:15:00,MHImain,HKFE,27651.0,27743.0,27626.0,27734.0,5182.0,143514397.0,0.0
2019-01-30 21:15:00,MHImain,HKFE,27735.0,27737.0,27633.0,27656.0,8237.0,227948444.0,0.0
2019-01-31 01:15:00,MHImain,HKFE,27656.0,27965.0,27656.0,27925.0,33722.0,938406711.0,0.0
2019-01-31 11:00:00,MHImain,HKFE,27923.0,28072.0,27850.0,28054.0,29386.0,820540211.0,0.0
2019-01-31 17:15:00,MHImain,HKFE,28050.0,28050.0,27939.0,28007.0,6604.0,184847307.0,0.0
2019-01-31 21:15:00,MHImain,HKFE,28007.0,28130.0,27919.0,28121.0,12570.0,352141592.0,0.0
2019-02-01 01:15:00,MHImain,HKFE,28121.0,28200.0,27837.0,27879.0,33947.0,949033463.0,0.0
2019-02-01 11:00:00,MHImain,HKFE,27878.0,27925.0,27744.0,27859.0,31344.0,872537523.0,0.0
2019-02-01 17:15:00,MHImain,HKFE,27852.0,27886.0,27765.0,27780.0,4500.0,125247670.0,0.0
2019-02-01 21:15:00,MHImain,HKFE,27783.0,27933.0,27727.0,27924.0,13124.0,365378038.0,0.0
2019-02-02 01:15:00,MHImain,HKFE,27924.0,27924.0,27924.0,27924.0,0.0,0.0,0.0
2019-02-04 01:15:00,MHImain,HKFE,27905.0,27950.0,27780.0,27880.0,16217.0,452116050.0,0.0
2019-02-04 11:00:00,MHImain,HKFE,27881.0,27909.0,27867.0,27889.0,3278.0,91414927.0,0.0
2019-02-04 17:15:00,MHImain,HKFE,27835.0,27835.0,27835.0,27835.0,0.0,0.0,0.0
2019-02-08 01:15:00,MHImain,HKFE,27670.0,27706.0,27450.0,27694.0,24105.0,665003994.0,0.0
2019-02-08 11:00:00,MHImain,HKFE,27693.0,27960.0,27687.0,27948.0,28449.0,791847387.0,0.0
2019-02-08 17:15:00,MHImain,HKFE,27960.0,28027.0,27895.0,27955.0,5365.0,149982764.0,0.0
2019-02-08 21:15:00,MHImain,HKFE,27953.0,27964.0,27758.0,27819.0,10002.0,278549064.0,0.0
2019-02-09 01:15:00,MHImain,HKFE,27819.0,27819.0,27819.0,27819.0,0.0,0.0,0.0
2019-02-11 01:15:00,MHImain,HKFE,27914.0,27972.0,27759.0,27960.0,28682.0,799209927.0,0.0
2019-02-11 11:00:00,MHImain,HKFE,27961.0,28157.0,27882.0,28128.0,29291.0,820071231.0,0.0
2019-02-11 17:15:00,MHImain,HKFE,28155.0,28236.0,28133.0,28190.0,5655.0,159348799.0,0.0
2019-02-11 21:15:00,MHImain,HKFE,28190.0,28218.0,28088.0,28099.0,8946.0,251775893.0,0.0
2019-02-12 01:15:00,MHImain,HKFE,28099.0,28171.0,27916.0,28119.0,28144.0,788751150.0,0.0
2019-02-12 11:00:00,MHImain,HKFE,28120.0,28186.0,28070.0,28123.0,25712.0,723108843.0,0.0
2019-02-12 17:15:00,MHImain,HKFE,28128.0,28176.0,28112.0,28142.0,3119.0,87790556.0,0.0
2019-02-12 21:15:00,MHImain,HKFE,28141.0,28190.0,28108.0,28144.0,6432.0,181064071.0,0.0
2019-02-13 01:15:00,MHImain,HKFE,28144.0,28310.0,28103.0,28217.0,31615.0,891789091.0,0.0
2019-02-13 11:00:00,MHImain,HKFE,28215.0,28509.0,28201.0,28409.0,34017.0,966246364.0,0.0
2019-02-13 17:15:00,MHImain,HKFE,28400.0,28452.0,28335.0,28442.0,5727.0,162607576.0,0.0
2019-02-13 21:15:00,MHImain,HKFE,28441.0,28496.0,28322.0,28354.0,9376.0,266549731.0,0.0
2019-02-14 01:15:00,MHImain,HKFE,28354.0,28441.0,28223.0,28229.0,32177.0,911239843.0,0.0
2019-02-14 11:00:00,MHImain,HKFE,28230.0,28444.0,28219.0,28345.0,28783.0,815994659.0,0.0
2019-02-14 17:15:00,MHImain,HKFE,28345.0,28383.0,28320.0,28376.0,3261.0,92462522.0,0.0
2019-02-14 21:15:00,MHImain,HKFE,28373.0,28396.0,28106.0,28190.0,21121.0,595734150.0,0.0
2019-02-15 01:15:00,MHImain,HKFE,28190.0,28238.0,27875.0,27939.0,35178.0,986401582.0,0.0
2019-02-15 11:00:00,MHImain,HKFE,27937.0,27949.0,27781.0,27866.0,35460.0,987854188.0,0.0
2019-02-15 17:15:00,MHImain,HKFE,27878.0,28030.0,27860.0,28014.0,9706.0,271359991.0,0.0
2019-02-15 21:15:00,MHImain,HKFE,28012.0,28179.0,27981.0,28125.0,14803.0,415922827.0,0.0
2019-02-16 01:15:00,MHImain,HKFE,28125.0,28125.0,28125.0,28125.0,0.0,0.0,0.0
2019-02-18 01:15:00,MHImain,HKFE,28204.0,28370.0,28128.0,28332.0,28526.0,806742461.0,0.0
2019-02-18 11:00:00,MHImain,HKFE,28336.0,28383.0,28259.0,28334.0,23439.0,663973137.0,0.0
2019-02-18 17:15:00,MHImain,HKFE,28310.0,28371.0,28285.0,28330.0,4332.0,122744109.0,0.0
2019-02-18 21:15:00,MHImain,HKFE,28329.0,28359.0,28306.0,28324.0,3391.0,96082764.0,0.0
2019-02-19 01:15:00,MHImain,HKFE,28324.0,28448.0,28256.0,28430.0,32603.0,924909026.0,0.0
2019-02-19 11:00:00,MHImain,HKFE,28429.0,28435.0,28128.0,28154.0,37395.0,1056434878.0,0.0
2019-02-19 17:15:00,MHImain,HKFE,28150.0,28150.0,28039.0,28102.0,6762.0,189927417.0,0.0
2019-02-19 21:15:00,MHImain,HKFE,28100.0,28314.0,28067.0,28301.0,11344.0,319778518.0,0.0
2019-02-20 01:15:00,MHImain,HKFE,28301.0,28573.0,28268.0,28488.0,32624.0,929030958.0,0.0
2019-02-20 11:00:00,MHImain,HKFE,28488.0,28522.0,28297.0,28504.0,35348.0,1004685140.0,0.0
2019-02-20 17:15:00,MHImain,HKFE,28493.0,28518.0,28444.0,28483.0,4626.0,131725693.0,0.0
2019-02-20 21:15:00,MHImain,HKFE,28481.0,28672.0,28479.0,28669.0,10162.0,290450484.0,0.0
2019-02-21 01:15:00,MHImain,HKFE,28669.0,28684.0,28364.0,28672.0,36825.0,1050087157.0,0.0
2019-02-21 11:00:00,MHImain,HKFE,28673.0,28788.0,28521.0,28655.0,44975.0,1288491852.0,0.0
2019-02-21 17:15:00,MHImain,HKFE,28651.0,28684.0,28587.0,28640.0,6664.0,190834557.0,0.0
2019-02-21 21:15:00,MHImain,HKFE,28640.0,28646.0,28456.0,28494.0,13266.0,378563598.0,0.0
2019-02-22 01:15:00,MHImain,HKFE,28494.0,28569.0,28417.0,28507.0,32961.0,939221089.0,0.0
2019-02-22 11:00:00,MHImain,HKFE,28507.0,28865.0,28482.0,28807.0,39470.0,1131280817.0,0.0
2019-02-22 17:15:00,MHImain,HKFE,28810.0,28892.0,28810.0,28852.0,5971.0,172295443.0,0.0
2019-02-22 21:15:00,MHImain,HKFE,28850.0,28881.0,28770.0,28848.0,10799.0,311346157.0,0.0
2019-02-23 01:15:00,MHImain,HKFE,28848.0,28848.0,28848.0,28848.0,0.0,0.0,0.0
2019-02-25 01:15:00,MHImain,HKFE,28935.0,29019.0,28740.0,28811.0,41044.0,1185802756.0,0.0
2019-02-25 11:00:00,MHImain,HKFE,28814.0,28991.0,28793.0,28892.0,38557.0,1114348812.0,0.0
2019-02-25 17:15:00,MHImain,HKFE,28910.0,28962.0,28903.0,28942.0,3485.0,100825659.0,0.0
2019-02-25 21:15:00,MHImain,HKFE,28942.0,29113.0,28933.0,29065.0,10423.0,302618892.0,0.0
2019-02-26 01:15:00,MHImain,HKFE,29065.0,29065.0,28743.0,28806.0,31996.0,923542725.0,0.0
2019-02-26 11:00:00,MHImain,HKFE,28807.0,28863.0,28703.0,28732.0,30224.0,869980405.0,0.0
2019-02-26 17:15:00,MHImain,HKFE,28725.0,28813.0,28685.0,28799.0,4197.0,120666407.0,0.0
2019-02-26 21:15:00,MHImain,HKFE,28798.0,28863.0,28738.0,28828.0,5599.0,161259935.0,0.0
2019-02-27 01:15:00,MHImain,HKFE,28828.0,28933.0,28807.0,28884.0,5125.0,147989742.0,0.0
2019-02-27 11:00:00,MHImain,HKFE,28882.0,28960.0,28851.0,28863.0,3519.0,101697588.0,0.0
2019-02-27 17:15:00,MHImain,HKFE,28735.0,28816.0,28679.0,28797.0,5968.0,171641257.0,0.0
2019-02-27 21:15:00,MHImain,HKFE,28798.0,28833.0,28685.0,28776.0,12008.0,345281142.0,0.0
2019-02-28 01:15:00,MHImain,HKFE,28776.0,28913.0,28646.0,28841.0,37513.0,1079726025.0,0.0
2019-02-28 11:00:00,MHImain,HKFE,28842.0,28858.0,28562.0,28661.0,46765.0,1342835520.0,0.0
2019-02-28 17:15:00,MHImain,HKFE,28661.0,28757.0,28655.0,28700.0,5961.0,171228768.0,0.0
2019-02-28 21:15:00,MHImain,HKFE,28699.0,28741.0,28581.0,28648.0,13841.0,396671686.0,0.0
2019-03-01 01:15:00,MHImain,HKFE,28648.0,28839.0,28648.0,28826.0,32984.0,947589849.0,0.0
2019-03-01 11:00:00,MHImain,HKFE,28824.0,28838.0,28672.0,28736.0,37077.0,1065851480.0,0.0
2019-03-01 17:15:00,MHImain,HKFE,28748.0,28803.0,28748.0,28771.0,3919.0,112776000.0,0.0
2019-03-01 21:15:00,MHImain,HKFE,28770.0,28807.0,28642.0,28663.0,10452.0,300428774.0,0.0
2019-03-02 01:15:00,MHImain,HKFE,28663.0,28663.0,28663.0,28663.0,0.0,0.0,0.0
2019-03-04 01:15:00,MHImain,HKFE,28853.0,28865.0,28724.0,28821.0,28815.0,829815880.0,0.0
2019-03-04 11:00:00,MHImain,HKFE,28820.0,29255.0,28809.0,28881.0,59309.0,1720913847.0,0.0
2019-03-04 17:15:00,MHImain,HKFE,28885.0,28946.0,28869.0,28938.0,4905.0,141791879.0,0.0
2019-03-04 21:15:00,MHImain,HKFE,28938.0,28963.0,28615.0,28636.0,12207.0,351975011.0,0.0
2019-03-05 01:15:00,MHImain,HKFE,28636.0,28914.0,28636.0,28908.0,41826.0,1203523436.0,0.0
2019-03-05 11:00:00,MHImain,HKFE,28908.0,28988.0,28746.0,28894.0,50696.0,1464823619.0,0.0
2019-03-05 17:15:00,MHImain,HKFE,28896.0,28954.0,28846.0,28892.0,5551.0,160413460.0,0.0
2019-03-05 21:15:00,MHImain,HKFE,28889.0,29019.0,28850.0,28976.0,11798.0,341177728.0,0.0
2019-03-06 01:15:00,MHImain,HKFE,28976.0,29086.0,28868.0,28979.0,37797.0,1095471933.0,0.0
2019-03-06 11:00:00,MHImain,HKFE,28980.0,29066.0,28943.0,29029.0,34416.0,998306609.0,0.0
2019-03-06 17:15:00,MHImain,HKFE,29028.0,29046.0,29009.0,29021.0,2816.0,81747624.0,0.0
2019-03-06 21:15:00,MHImain,HKFE,29021.0,29092.0,28992.0,28992.0,9431.0,273908796.0,0.0
2019-03-07 01:15:00,MHImain,HKFE,28992.0,29010.0,28861.0,28921.0,34164.0,988743396.0,0.0
2019-03-07 11:00:00,MHImain,HKFE,28920.0,28935.0,28725.0,28729.0,46876.0,1351332832.0,0.0
2019-03-07 17:15:00,MHImain,HKFE,28739.0,28769.0,28690.0,28760.0,6538.0,187822188.0,0.0
2019-03-07 21:15:00,MHImain,HKFE,28760.0,28783.0,28488.0,28530.0,20515.0,586561147.0,0.0
2019-03-08 01:15:00,MHImain,HKFE,28530.0,28530.0,28295.0,28417.0,41083.0,1166572687.0,0.0
2019-03-08 11:00:00,MHImain,HKFE,28415.0,28436.0,28175.0,28230.0,46966.0,1329326237.0,0.0
2019-03-08 17:15:00,MHImain,HKFE,28240.0,28265.0,28127.0,28128.0,6662.0,187781790.0,0.0
2019-03-08 21:15:00,MHImain,HKFE,28128.0,28188.0,28015.0,28112.0,17923.0,503495604.0,0.0
2019-03-09 01:15:00,MHImain,HKFE,28112.0,28112.0,28112.0,28112.0,0.0,0.0,0.0
2019-03-11 01:15:00,MHImain,HKFE,28092.0,28374.0,28089.0,28358.0,36662.0,1036872387.0,0.0
2019-03-11 11:00:00,MHImain,HKFE,28359.0,28530.0,28339.0,28483.0,36451.0,1036049482.0,0.0
2019-03-11 17:15:00,MHImain,HKFE,28483.0,28522.0,28445.0,28482.0,4532.0,129127458.0,0.0
2019-03-11 21:15:00,MHImain,HKFE,28482.0,28710.0,28465.0,28660.0,13580.0,388674906.0,0.0
2019-03-12 01:15:00,MHImain,HKFE,28750.0,28920.0,28727.0,28907.0,31776.0,916075669.0,0.0
2019-03-12 11:00:00,MHImain,HKFE,28905.0,28990.0,28810.0,28905.0,36714.0,1061253352.0,0.0
2019-03-12 17:15:00,MHImain,HKFE,28917.0,28941.0,28819.0,28895.0,7687.0,222028094.0,0.0
2019-03-12 21:15:00,MHImain,HKFE,28895.0,28961.0,28838.0,28929.0,11193.0,323611823.0,0.0
2019-03-13 01:15:00,MHImain,HKFE,28929.0,28965.0,28711.0,28748.0,40390.0,1164365900.0,0.0
2019-03-13 11:00:00,MHImain,HKFE,28750.0,28875.0,28725.0,28818.0,37700.0,1085845099.0,0.0
2019-03-13 17:15:00,MHImain,HKFE,28822.0,28951.0,28822.0,28929.0,6392.0,184696832.0,0.0
2019-03-13 21:15:00,MHImain,HKFE,28928.0,28995.0,28889.0,28949.0,9344.0,270435177.0,0.0
2019-03-14 01:15:00,MHImain,HKFE,28949.0,28961.0,28819.0,28868.0,37773.0,1091235389.0,0.0
2019-03-14 11:00:00,MHImain,HKFE,28867.0,28903.0,28675.0,28895.0,44764.0,1289694325.0,0.0
2019-03-14 17:15:00,MHImain,HKFE,28898.0,28945.0,28804.0,28855.0,9260.0,267337620.0,0.0
2019-03-14 21:15:00,MHImain,HKFE,28854.0,28871.0,28757.0,28799.0,11696.0,336957830.0,0.0
2019-03-15 01:15:00,MHImain,HKFE,28799.0,29205.0,28799.0,29198.0,38630.0,1120117356.0,0.0
2019-03-15 11:00:00,MHImain,HKFE,29200.0,29249.0,29013.0,29046.0,48518.0,1412920181.0,0.0
2019-03-15 17:15:00,MHImain,HKFE,29049.0,29138.0,29048.0,29056.0,5824.0,169447720.0,0.0
2019-03-15 21:15:00,MHImain,HKFE,29055.0,29203.0,29043.0,29179.0,12480.0,363606759.0,0.0
2019-03-16 01:15:00,MHImain,HKFE,29179.0,29179.0,29179.0,29179.0,0.0,0.0,0.0
2019-03-18 01:15:00,MHImain,HKFE,29139.0,29368.0,29061.0,29326.0,36347.0,1060432287.0,0.0
2019-03-18 11:00:00,MHImain,HKFE,29328.0,29443.0,29185.0,29385.0,42909.0,1258008447.0,0.0
2019-03-18 17:15:00,MHImain,HKFE,29385.0,29476.0,29364.0,29439.0,6139.0,180601532.0,0.0
2019-03-18 21:15:00,MHImain,HKFE,29436.0,29492.0,29363.0,29379.0,10290.0,302750543.0,0.0
2019-03-19 01:15:00,MHImain,HKFE,29379.0,29504.0,29360.0,29410.0,32693.0,962242924.0,0.0
2019-03-19 11:00:00,MHImain,HKFE,29412.0,29540.0,29334.0,29491.0,39220.0,1153655504.0,0.0
2019-03-19 17:15:00,MHImain,HKFE,29492.0,29630.0,29492.0,29597.0,7219.0,213519266.0,0.0
2019-03-19 21:15:00,MHImain,HKFE,29597.0,29619.0,29488.0,29520.0,10927.0,323009498.0,0.0
2019-03-20 01:15:00,MHImain,HKFE,29520.0,29520.0,29261.0,29431.0,38882.0,1141118990.0,0.0
2019-03-20 11:00:00,MHImain,HKFE,29433.0,29459.0,29300.0,29330.0,40042.0,1176240385.0,0.0
2019-03-20 17:15:00,MHImain,HKFE,29326.0,29349.0,29281.0,29308.0,6769.0,198435938.0,0.0
2019-03-20 21:15:00,MHImain,HKFE,29308.0,29338.0,29152.0,29192.0,12853.0,376113267.0,0.0
2019-03-21 01:15:00,MHImain,HKFE,29192.0,29477.0,29192.0,29398.0,37152.0,1092726493.0,0.0
2019-03-21 11:00:00,MHImain,HKFE,29397.0,29423.0,29070.0,29111.0,50400.0,1475010303.0,0.0
2019-03-21 17:15:00,MHImain,HKFE,29104.0,29129.0,28928.0,29010.0,10545.0,305881915.0,0.0
2019-03-21 21:15:00,MHImain,HKFE,29008.0,29198.0,28999.0,29137.0,15712.0,457364828.0,0.0
2019-03-22 01:15:00,MHImain,HKFE,29137.0,29270.0,28901.0,28903.0,39868.0,1161463488.0,0.0
2019-03-22 11:00:00,MHImain,HKFE,28904.0,29125.0,28840.0,29082.0,43966.0,1274335134.0,0.0
2019-03-22 17:15:00,MHImain,HKFE,29055.0,29055.0,28868.0,28920.0,9748.0,281972273.0,0.0
2019-03-22 21:15:00,MHImain,HKFE,28918.0,28962.0,28630.0,28668.0,22179.0,638566731.0,0.0
2019-03-23 01:15:00,MHImain,HKFE,28668.0,28668.0,28668.0,28668.0,0.0,0.0,0.0
2019-03-25 01:15:00,MHImain,HKFE,28508.0,28682.0,28423.0,28619.0,30975.0,885501748.0,0.0
2019-03-25 11:00:00,MHImain,HKFE,28617.0,28655.0,28445.0,28520.0,39557.0,1129158951.0,0.0
2019-03-25 17:15:00,MHImain,HKFE,28535.0,28610.0,28525.0,28578.0,8388.0,239622321.0,0.0
2019-03-25 21:15:00,MHImain,HKFE,28578.0,28668.0,28501.0,28637.0,17786.0,508395474.0,0.0
2019-03-26 01:15:00,MHImain,HKFE,28637.0,28755.0,28590.0,28630.0,27247.0,780768701.0,0.0
2019-03-26 11:00:00,MHImain,HKFE,28629.0,28631.0,28410.0,28537.0,37964.0,1082387450.0,0.0
2019-03-26 17:15:00,MHImain,HKFE,28535.0,28648.0,28532.0,28632.0,7018.0,200737841.0,0.0
2019-03-26 21:15:00,MHImain,HKFE,28632.0,28711.0,28596.0,28619.0,11075.0,317413754.0,0.0
2019-03-27 01:15:00,MHImain,HKFE,28619.0,28736.0,28535.0,28727.0,28494.0,815991158.0,0.0
2019-03-27 11:00:00,MHImain,HKFE,28725.0,28788.0,28671.0,28685.0,29896.0,858860111.0,0.0
2019-03-27 17:15:00,MHImain,HKFE,28688.0,28729.0,28641.0,28693.0,5898.0,169166336.0,0.0
2019-03-27 21:15:00,MHImain,HKFE,28695.0,28743.0,28531.0,28640.0,10051.0,287870797.0,0.0
2019-03-28 01:15:00,MHImain,HKFE,28640.0,28739.0,28559.0,28714.0,5108.0,146275123.0,0.0
2019-03-28 11:00:00,MHImain,HKFE,28715.0,28733.0,28685.0,28718.0,2587.0,74272912.0,0.0
2019-03-28 17:15:00,MHImain,HKFE,28771.0,28825.0,28745.0,28762.0,7205.0,207380304.0,0.0
2019-03-28 21:15:00,MHImain,HKFE,28760.0,28863.0,28736.0,28778.0,13793.0,397198224.0,0.0
2019-03-29 01:15:00,MHImain,HKFE,28778.0,29052.0,28770.0,29051.0,37736.0,1090514890.0,0.0
2019-03-29 11:00:00,MHImain,HKFE,29051.0,29179.0,29008.0,29075.0,35199.0,1023650367.0,0.0
2019-03-29 17:15:00,MHImain,HKFE,29073.0,29178.0,29035.0,29160.0,7158.0,208351788.0,0.0
2019-03-29 21:15:00,MHImain,HKFE,29161.0,29196.0,29073.0,29190.0,11981.0,349199939.0,0.0
2019-03-30 01:15:00,MHImain,HKFE,29190.0,29190.0,29190.0,29190.0,0.0,0.0,0.0
2019-04-01 01:15:00,MHImain,HKFE,29439.0,29679.0,29380.0,29618.0,38063.0,1125260160.0,0.0
2019-04-01 11:00:00,MHImain,HKFE,29616.0,29634.0,29544.0,29596.0,25649.0,758982832.0,0.0
2019-04-01 17:15:00,MHImain,HKFE,29588.0,29630.0,29566.0,29623.0,4619.0,136715671.0,0.0
2019-04-01 21:15:00,MHImain,HKFE,29625.0,29674.0,29569.0,29672.0,9650.0,285855320.0,0.0
2019-04-02 01:15:00,MHImain,HKFE,29672.0,29718.0,29583.0,29595.0,29865.0,885775202.0,0.0
2019-04-02 11:00:00,MHImain,HKFE,29593.0,29748.0,29592.0,29738.0,25020.0,741965968.0,0.0
2019-04-02 17:15:00,MHImain,HKFE,29730.0,29788.0,29705.0,29750.0,5882.0,175014025.0,0.0
2019-04-02 21:15:00,MHImain,HKFE,29748.0,29766.0,29645.0,29725.0,9795.0,291042537.0,0.0
2019-04-03 01:15:00,MHImain,HKFE,29725.0,29988.0,29725.0,29944.0,31315.0,936280682.0,0.0
2019-04-03 11:00:00,MHImain,HKFE,29944.0,30058.0,29860.0,29963.0,40683.0,1218917991.0,0.0
2019-04-03 17:15:00,MHImain,HKFE,29959.0,29993.0,29948.0,29976.0,4064.0,121802332.0,0.0
2019-04-03 21:15:00,MHImain,HKFE,29976.0,30132.0,29969.0,30070.0,11906.0,357885644.0,0.0
2019-04-04 01:15:00,MHImain,HKFE,30070.0,30104.0,29900.0,29910.0,32829.0,985311608.0,0.0
2019-04-04 11:00:00,MHImain,HKFE,29909.0,30044.0,29812.0,30004.0,36021.0,1077465984.0,0.0
2019-04-04 17:15:00,MHImain,HKFE,30001.0,30040.0,29980.0,30018.0,4590.0,137745186.0,0.0
2019-04-04 21:15:00,MHImain,HKFE,30018.0,30118.0,30009.0,30113.0,11432.0,343728846.0,0.0
2019-04-05 01:15:00,MHImain,HKFE,30113.0,30113.0,30113.0,30113.0,0.0,0.0,0.0
2019-04-08 01:15:00,MHImain,HKFE,30160.0,30220.0,30044.0,30138.0,29637.0,893063162.0,0.0
2019-04-08 11:00:00,MHImain,HKFE,30139.0,30149.0,29965.0,30120.0,35731.0,1074080422.0,0.0
2019-04-08 17:15:00,MHImain,HKFE,30115.0,30169.0,30101.0,30157.0,3956.0,119241842.0,0.0
2019-04-08 21:15:00,MHImain,HKFE,30158.0,30182.0,30085.0,30181.0,9217.0,277781762.0,0.0
2019-04-09 01:15:00,MHImain,HKFE,30181.0,30227.0,30071.0,30223.0,28261.0,851517697.0,0.0
2019-04-09 11:00:00,MHImain,HKFE,30223.0,30294.0,30125.0,30202.0,33875.0,1023091457.0,0.0
2019-04-09 17:15:00,MHImain,HKFE,30196.0,30273.0,30150.0,30175.0,6169.0,186375365.0,0.0
2019-04-09 21:15:00,MHImain,HKFE,30173.0,30179.0,30085.0,30090.0,11354.0,341994358.0,0.0
2019-04-10 01:15:00,MHImain,HKFE,30092.0,30144.0,29944.0,30068.0,32633.0,980087337.0,0.0
2019-04-10 11:00:00,MHImain,HKFE,30066.0,30192.0,30038.0,30121.0,36481.0,1098973514.0,0.0
2019-04-10 17:15:00,MHImain,HKFE,30121.0,30152.0,30075.0,30079.0,5170.0,155714004.0,0.0
2019-04-10 21:15:00,MHImain,HKFE,30079.0,30127.0,30034.0,30105.0,9262.0,278652875.0,0.0
2019-04-11 01:15:00,MHImain,HKFE,30105.0,30231.0,29866.0,29913.0,41698.0,1252015032.0,0.0
2019-04-11 11:00:00,MHImain,HKFE,29911.0,29962.0,29799.0,29821.0,44727.0,1336451974.0,0.0
2019-04-11 17:15:00,MHImain,HKFE,29821.0,29934.0,29821.0,29892.0,6077.0,181679198.0,0.0
2019-04-11 21:15:00,MHImain,HKFE,29889.0,29917.0,29795.0,29835.0,9676.0,288980491.0,0.0
2019-04-12 01:15:00,MHImain,HKFE,29835.0,29919.0,29704.0,29787.0,36305.0,1081745501.0,0.0
2019-04-12 11:00:00,MHImain,HKFE,29787.0,29990.0,29723.0,29950.0,39100.0,1165905261.0,0.0
2019-04-12 17:15:00,MHImain,HKFE,29963.0,30216.0,29950.0,30193.0,12514.0,376765870.0,0.0
2019-04-12 21:15:00,MHImain,HKFE,30193.0,30193.0,30094.0,30162.0,11766.0,354642695.0,0.0
2019-04-13 01:15:00,MHImain,HKFE,30162.0,30162.0,30162.0,30162.0,0.0,0.0,0.0
2019-04-15 01:15:00,MHImain,HKFE,30160.0,30336.0,30127.0,30274.0,33323.0,1008463856.0,0.0
2019-04-15 11:00:00,MHImain,HKFE,30274.0,30303.0,29766.0,29822.0,58780.0,1764659256.0,0.0
2019-04-15 17:15:00,MHImain,HKFE,29830.0,29873.0,29809.0,29853.0,4517.0,134813912.0,0.0
2019-04-15 21:15:00,MHImain,HKFE,29851.0,29856.0,29685.0,29693.0,11466.0,341031761.0,0.0
2019-04-16 01:15:00,MHImain,HKFE,29693.0,29949.0,29693.0,29876.0,38377.0,1144006863.0,0.0
2019-04-16 11:00:00,MHImain,HKFE,29877.0,30188.0,29854.0,30118.0,45267.0,1360177496.0,0.0
2019-04-16 17:15:00,MHImain,HKFE,30125.0,30166.0,30088.0,30137.0,4949.0,149107256.0,0.0
2019-04-16 21:15:00,MHImain,HKFE,30136.0,30163.0,30084.0,30134.0,8382.0,252477077.0,0.0
2019-04-17 01:15:00,MHImain,HKFE,30134.0,30206.0,30047.0,30098.0,36427.0,1097259444.0,0.0
2019-04-17 11:00:00,MHImain,HKFE,30097.0,30189.0,30008.0,30155.0,33571.0,1010718970.0,0.0
2019-04-17 17:15:00,MHImain,HKFE,30154.0,30204.0,30128.0,30203.0,3418.0,103105042.0,0.0
2019-04-17 21:15:00,MHImain,HKFE,30202.0,30234.0,30042.0,30110.0,13279.0,400108320.0,0.0
2019-04-18 01:15:00,MHImain,HKFE,30110.0,30110.0,29924.0,30061.0,31634.0,949743142.0,0.0
2019-04-18 11:00:00,MHImain,HKFE,30062.0,30075.0,29882.0,29938.0,35749.0,1071081598.0,0.0
2019-04-18 17:15:00,MHImain,HKFE,29967.0,30071.0,29938.0,30050.0,6387.0,191766029.0,0.0
2019-04-18 21:15:00,MHImain,HKFE,30051.0,30108.0,30013.0,30085.0,9485.0,285167813.0,0.0
2019-04-19 01:15:00,MHImain,HKFE,30085.0,30085.0,30085.0,30085.0,0.0,0.0,0.0
2019-04-23 01:15:00,MHImain,HKFE,29929.0,29982.0,29743.0,29883.0,32998.0,985762611.0,0.0
2019-04-23 11:00:00,MHImain,HKFE,29886.0,30072.0,29830.0,29949.0,36217.0,1084976369.0,0.0
2019-04-23 17:15:00,MHImain,HKFE,29946.0,29986.0,29905.0,29973.0,4040.0,120991500.0,0.0
2019-04-23 21:15:00,MHImain,HKFE,29972.0,30074.0,29921.0,30070.0,8743.0,262208962.0,0.0
2019-04-24 01:15:00,MHImain,HKFE,30070.0,30129.0,29773.0,29812.0,35680.0,1068203444.0,0.0
2019-04-24 11:00:00,MHImain,HKFE,29812.0,29860.0,29651.0,29760.0,45996.0,1369337594.0,0.0
2019-04-24 17:15:00,MHImain,HKFE,29765.0,29852.0,29751.0,29761.0,5602.0,167015084.0,0.0
2019-04-24 21:15:00,MHImain,HKFE,29765.0,29787.0,29629.0,29630.0,10816.0,321310730.0,0.0
2019-04-25 01:15:00,MHImain,HKFE,29630.0,29846.0,29629.0,29751.0,28891.0,859261248.0,0.0
2019-04-25 11:00:00,MHImain,HKFE,29751.0,29822.0,29501.0,29518.0,42417.0,1258390636.0,0.0
2019-04-25 17:15:00,MHImain,HKFE,29527.0,29571.0,29475.0,29517.0,6493.0,191639890.0,0.0
2019-04-25 21:15:00,MHImain,HKFE,29515.0,29551.0,29413.0,29527.0,12292.0,362414036.0,0.0
2019-04-26 01:15:00,MHImain,HKFE,29527.0,29684.0,29448.0,29603.0,28395.0,840066989.0,0.0
2019-04-26 11:00:00,MHImain,HKFE,29603.0,29666.0,29496.0,29580.0,30393.0,899155075.0,0.0
2019-04-26 17:15:00,MHImain,HKFE,29574.0,29697.0,29551.0,29680.0,5351.0,158550257.0,0.0
2019-04-26 21:15:00,MHImain,HKFE,29680.0,29721.0,29608.0,29705.0,7129.0,211532434.0,0.0
2019-04-27 01:15:00,MHImain,HKFE,29705.0,29705.0,29705.0,29705.0,0.0,0.0,0.0
2019-04-29 01:15:00,MHImain,HKFE,29718.0,29818.0,29628.0,29799.0,7080.0,210448038.0,0.0
2019-04-29 11:00:00,MHImain,HKFE,29799.0,29836.0,29787.0,29817.0,3395.0,101213700.0,0.0
2019-04-29 17:15:00,MHImain,HKFE,29665.0,29683.0,29607.0,29641.0,4557.0,135019014.0,0.0
2019-04-29 21:15:00,MHImain,HKFE,29643.0,29678.0,29613.0,29674.0,6502.0,192768680.0,0.0
2019-04-30 01:15:00,MHImain,HKFE,29674.0,29674.0,29368.0,29530.0,40950.0,1207374483.0,0.0
2019-04-30 11:00:00,MHImain,HKFE,29530.0,29575.0,29412.0,29466.0,30920.0,911797994.0,0.0
2019-04-30 17:15:00,MHImain,HKFE,29466.0,29550.0,29466.0,29504.0,4641.0,136957977.0,0.0
2019-04-30 21:15:00,MHImain,HKFE,29505.0,29529.0,29413.0,29478.0,9411.0,277411310.0,0.0
2019-05-01 01:15:00,MHImain,HKFE,29478.0,29478.0,29478.0,29478.0,0.0,0.0,0.0
2019-05-02 01:15:00,MHImain,HKFE,29407.0,29596.0,29391.0,29595.0,23065.0,681005512.0,0.0
2019-05-02 11:00:00,MHImain,HKFE,29595.0,29736.0,29557.0,29652.0,26648.0,790293199.0,0.0
2019-05-02 17:15:00,MHImain,HKFE,29658.0,29714.0,29633.0,29642.0,4941.0,146613629.0,0.0
2019-05-02 21:15:00,MHImain,HKFE,29643.0,29688.0,29472.0,29527.0,13827.0,409043413.0,0.0
2019-05-03 01:15:00,MHImain,HKFE,29527.0,29584.0,29412.0,29574.0,25306.0,746159026.0,0.0
2019-05-03 11:00:00,MHImain,HKFE,29573.0,29874.0,29573.0,29866.0,33535.0,997669244.0,0.0
2019-05-03 17:15:00,MHImain,HKFE,29866.0,29934.0,29831.0,29926.0,6091.0,181980846.0,0.0
2019-05-03 21:15:00,MHImain,HKFE,29924.0,30046.0,29894.0,30017.0,10270.0,307965399.0,0.0
2019-05-04 01:15:00,MHImain,HKFE,30017.0,30017.0,30017.0,30017.0,0.0,0.0,0.0
2019-05-06 01:15:00,MHImain,HKFE,29317.0,29352.0,28688.0,28744.0,42608.0,1235034472.0,0.0
2019-05-06 11:00:00,MHImain,HKFE,28745.0,28994.0,28745.0,28968.0,47470.0,1370502619.0,0.0
2019-05-06 17:15:00,MHImain,HKFE,28955.0,29022.0,28926.0,28942.0,5839.0,169167283.0,0.0
2019-05-06 21:15:00,MHImain,HKFE,28941.0,29193.0,28927.0,29112.0,14977.0,435761658.0,0.0
2019-05-07 01:15:00,MHImain,HKFE,29112.0,29242.0,29023.0,29159.0,34445.0,1004187668.0,0.0
2019-05-07 11:00:00,MHImain,HKFE,29158.0,29213.0,28928.0,29106.0,50447.0,1466093016.0,0.0
2019-05-07 17:15:00,MHImain,HKFE,29099.0,29099.0,28856.0,28895.0,11046.0,320003774.0,0.0
2019-05-07 21:15:00,MHImain,HKFE,28896.0,28949.0,28624.0,28666.0,25358.0,729689666.0,0.0
2019-05-08 01:15:00,MHImain,HKFE,28666.0,28979.0,28608.0,28900.0,38016.0,1096090070.0,0.0
2019-05-08 11:00:00,MHImain,HKFE,28901.0,28953.0,28689.0,28799.0,45378.0,1307883668.0,0.0
2019-05-08 17:15:00,MHImain,HKFE,28788.0,28788.0,28520.0,28569.0,18497.0,529130767.0,0.0
2019-05-08 21:15:00,MHImain,HKFE,28569.0,28796.0,28535.0,28650.0,23917.0,684885252.0,0.0
2019-05-09 01:15:00,MHImain,HKFE,28650.0,28650.0,28205.0,28294.0,43236.0,1229491529.0,0.0
2019-05-09 11:00:00,MHImain,HKFE,28296.0,28362.0,28006.0,28037.0,56395.0,1589286186.0,0.0
2019-05-09 17:15:00,MHImain,HKFE,28052.0,28137.0,27917.0,27951.0,12793.0,358940292.0,0.0
2019-05-09 21:15:00,MHImain,HKFE,27953.0,28156.0,27753.0,28100.0,32342.0,902169435.0,0.0
2019-05-10 01:15:00,MHImain,HKFE,28100.0,28587.0,28100.0,28255.0,46873.0,1332210364.0,0.0
2019-05-10 11:00:00,MHImain,HKFE,28253.0,28478.0,27937.0,28324.0,75938.0,2147694327.0,0.0
2019-05-10 17:15:00,MHImain,HKFE,28305.0,28376.0,28084.0,28200.0,13616.0,384200637.0,0.0
2019-05-10 21:15:00,MHImain,HKFE,28197.0,28254.0,27898.0,28190.0,30921.0,867420002.0,0.0
2019-05-14 01:15:00,MHImain,HKFE,27635.0,27970.0,27599.0,27852.0,43350.0,1205782109.0,0.0
2019-05-14 11:00:00,MHImain,HKFE,27850.0,27943.0,27760.0,27855.0,41761.0,1163489554.0,0.0
2019-05-14 17:15:00,MHImain,HKFE,27855.0,27975.0,27829.0,27847.0,11515.0,321359588.0,0.0
2019-05-14 21:15:00,MHImain,HKFE,27849.0,27980.0,27790.0,27939.0,18452.0,514406651.0,0.0
2019-05-15 01:15:00,MHImain,HKFE,27939.0,28116.0,27827.0,28066.0,38693.0,1083382630.0,0.0
2019-05-15 11:00:00,MHImain,HKFE,28066.0,28169.0,27966.0,28059.0,41777.0,1172935331.0,0.0
2019-05-15 17:15:00,MHImain,HKFE,28054.0,28155.0,27873.0,27901.0,14207.0,397502954.0,0.0
2019-05-15 21:15:00,MHImain,HKFE,27900.0,28033.0,27845.0,27955.0,21270.0,594569166.0,0.0
2019-05-16 01:15:00,MHImain,HKFE,27955.0,28153.0,27792.0,28048.0,47134.0,1317861032.0,0.0
2019-05-16 11:00:00,MHImain,HKFE,28048.0,28141.0,27986.0,28084.0,39652.0,1113070092.0,0.0
2019-05-16 17:15:00,MHImain,HKFE,28090.0,28232.0,28058.0,28183.0,12460.0,351013410.0,0.0
2019-05-16 21:15:00,MHImain,HKFE,28182.0,28316.0,28141.0,28257.0,13680.0,386253091.0,0.0
2019-05-17 01:15:00,MHImain,HKFE,28257.0,28288.0,27834.0,27841.0,45406.0,1272517155.0,0.0
2019-05-17 11:00:00,MHImain,HKFE,27842.0,27863.0,27673.0,27730.0,48001.0,1332544832.0,0.0
2019-05-17 17:15:00,MHImain,HKFE,27726.0,27766.0,27620.0,27659.0,10333.0,286033456.0,0.0
2019-05-17 21:15:00,MHImain,HKFE,27653.0,27789.0,27632.0,27757.0,15646.0,433740224.0,0.0
2019-05-18 01:15:00,MHImain,HKFE,27757.0,27757.0,27757.0,27757.0,0.0,0.0,0.0
2019-05-20 01:15:00,MHImain,HKFE,27800.0,27836.0,27525.0,27689.0,48094.0,1331343421.0,0.0
2019-05-20 11:00:00,MHImain,HKFE,27688.0,27700.0,27547.0,27621.0,36587.0,1010189739.0,0.0
2019-05-20 17:15:00,MHImain,HKFE,27620.0,27620.0,27372.0,27398.0,13573.0,372455809.0,0.0
2019-05-20 21:15:00,MHImain,HKFE,27396.0,27518.0,27335.0,27455.0,17284.0,474231305.0,0.0
2019-05-21 01:15:00,MHImain,HKFE,27455.0,27762.0,27455.0,27762.0,42493.0,1175056076.0,0.0
2019-05-21 11:00:00,MHImain,HKFE,27762.0,27827.0,27459.0,27552.0,46862.0,1295831645.0,0.0
2019-05-21 17:15:00,MHImain,HKFE,27550.0,27646.0,27532.0,27597.0,8718.0,240636646.0,0.0
2019-05-21 21:15:00,MHImain,HKFE,27598.0,27616.0,27496.0,27566.0,12281.0,338331054.0,0.0
2019-05-22 01:15:00,MHImain,HKFE,27566.0,27718.0,27535.0,27581.0,40823.0,1127424274.0,0.0
2019-05-22 11:00:00,MHImain,HKFE,27583.0,27647.0,27510.0,27608.0,34957.0,964209221.0,0.0
2019-05-22 17:15:00,MHImain,HKFE,27595.0,27671.0,27465.0,27524.0,11721.0,323127298.0,0.0
2019-05-22 21:15:00,MHImain,HKFE,27520.0,27585.0,27500.0,27512.0,11105.0,305784259.0,0.0
2019-05-23 01:15:00,MHImain,HKFE,27512.0,27512.0,27213.0,27340.0,42590.0,1163417321.0,0.0
2019-05-23 11:00:00,MHImain,HKFE,27341.0,27343.0,27121.0,27228.0,44142.0,1202139654.0,0.0
2019-05-23 17:15:00,MHImain,HKFE,27230.0,27230.0,27126.0,27192.0,9555.0,259699976.0,0.0
2019-05-23 21:15:00,MHImain,HKFE,27194.0,27268.0,27121.0,27168.0,15621.0,424870003.0,0.0
2019-05-24 01:15:00,MHImain,HKFE,27168.0,27437.0,27168.0,27327.0,39134.0,1069933359.0,0.0
2019-05-24 11:00:00,MHImain,HKFE,27329.0,27372.0,27236.0,27313.0,33835.0,924081296.0,0.0
2019-05-24 17:15:00,MHImain,HKFE,27312.0,27347.0,27290.0,27318.0,5271.0,143974556.0,0.0
2019-05-24 21:15:00,MHImain,HKFE,27319.0,27340.0,27164.0,27232.0,12336.0,336084013.0,0.0
2019-05-25 01:15:00,MHImain,HKFE,27232.0,27232.0,27232.0,27232.0,0.0,0.0,0.0
2019-05-27 01:15:00,MHImain,HKFE,27275.0,27286.0,27087.0,27101.0,38391.0,1044348670.0,0.0
2019-05-27 11:00:00,MHImain,HKFE,27103.0,27353.0,27066.0,27223.0,44148.0,1202289729.0,0.0
2019-05-27 17:15:00,MHImain,HKFE,27223.0,27223.0,27223.0,27223.0,0.0,0.0,0.0
2019-05-28 01:15:00,MHImain,HKFE,27265.0,27418.0,27179.0,27401.0,32316.0,882496740.0,0.0
2019-05-28 11:00:00,MHImain,HKFE,27402.0,27448.0,27292.0,27326.0,35535.0,972414961.0,0.0
2019-05-28 17:15:00,MHImain,HKFE,27324.0,27426.0,27320.0,27414.0,6661.0,182333796.0,0.0
2019-05-28 21:15:00,MHImain,HKFE,27416.0,27450.0,27328.0,27331.0,10234.0,280201229.0,0.0
2019-05-29 01:15:00,MHImain,HKFE,27331.0,27331.0,27139.0,27235.0,29179.0,794290631.0,0.0
2019-05-29 11:00:00,MHImain,HKFE,27236.0,27400.0,27197.0,27222.0,31123.0,849084695.0,0.0
2019-05-29 17:15:00,MHImain,HKFE,27226.0,27248.0,27189.0,27212.0,3241.0,88218476.0,0.0
2019-05-29 21:15:00,MHImain,HKFE,27214.0,27281.0,27185.0,27228.0,7087.0,192986741.0,0.0
2019-05-30 01:15:00,MHImain,HKFE,27228.0,27318.0,27057.0,27069.0,5986.0,162688895.0,0.0
2019-05-30 11:00:00,MHImain,HKFE,27062.0,27155.0,27044.0,27099.0,2641.0,71563315.0,0.0
2019-05-30 17:15:00,MHImain,HKFE,26924.0,26975.0,26915.0,26950.0,4449.0,119874187.0,0.0
2019-05-30 21:15:00,MHImain,HKFE,26947.0,27033.0,26943.0,27016.0,9810.0,264708376.0,0.0
2019-05-31 01:15:00,MHImain,HKFE,27016.0,27016.0,26803.0,26921.0,33784.0,909950110.0,0.0
2019-05-31 11:00:00,MHImain,HKFE,26918.0,26933.0,26703.0,26720.0,39941.0,1071292817.0,0.0
2019-05-31 17:15:00,MHImain,HKFE,26720.0,26735.0,26615.0,26670.0,7404.0,197378894.0,0.0
2019-05-31 21:15:00,MHImain,HKFE,26670.0,26762.0,26628.0,26715.0,11578.0,309197276.0,0.0
2019-06-01 01:15:00,MHImain,HKFE,26715.0,26715.0,26715.0,26715.0,0.0,0.0,0.0
2019-06-03 01:15:00,MHImain,HKFE,26747.0,26828.0,26579.0,26642.0,39732.0,1061453531.0,0.0
2019-06-03 11:00:00,MHImain,HKFE,26642.0,26743.0,26603.0,26718.0,31703.0,846062049.0,0.0
2019-06-03 17:15:00,MHImain,HKFE,26726.0,26833.0,26717.0,26821.0,7056.0,189058922.0,0.0
2019-06-03 21:15:00,MHImain,HKFE,26820.0,26876.0,26775.0,26810.0,13189.0,353861962.0,0.0
2019-06-04 01:15:00,MHImain,HKFE,26810.0,26886.0,26532.0,26589.0,39912.0,1064248971.0,0.0
2019-06-04 11:00:00,MHImain,HKFE,26589.0,26675.0,26506.0,26601.0,34892.0,928134871.0,0.0
2019-06-04 17:15:00,MHImain,HKFE,26629.0,26678.0,26586.0,26667.0,7376.0,196488658.0,0.0
2019-06-04 21:15:00,MHImain,HKFE,26666.0,26860.0,26645.0,26845.0,16263.0,434867459.0,0.0
2019-06-05 01:15:00,MHImain,HKFE,26845.0,27003.0,26726.0,26740.0,36911.0,992156081.0,0.0
2019-06-05 11:00:00,MHImain,HKFE,26745.0,26851.0,26662.0,26811.0,37521.0,1003980183.0,0.0
2019-06-05 17:15:00,MHImain,HKFE,26810.0,26860.0,26752.0,26801.0,7410.0,198648504.0,0.0
2019-06-05 21:15:00,MHImain,HKFE,26801.0,26821.0,26671.0,26722.0,12745.0,340629364.0,0.0
2019-06-06 01:15:00,MHImain,HKFE,26722.0,26857.0,26701.0,26823.0,33591.0,899589959.0,0.0
2019-06-06 11:00:00,MHImain,HKFE,26823.0,26878.0,26723.0,26850.0,31479.0,843790291.0,0.0
2019-06-06 17:15:00,MHImain,HKFE,26844.0,26879.0,26795.0,26806.0,5792.0,155464822.0,0.0
2019-06-06 21:15:00,MHImain,HKFE,26806.0,26844.0,26774.0,26818.0,8600.0,230578730.0,0.0
2019-06-07 01:15:00,MHImain,HKFE,26818.0,26818.0,26818.0,26818.0,0.0,0.0,0.0
2019-06-10 01:15:00,MHImain,HKFE,27095.0,27463.0,27017.0,27433.0,41926.0,1143352182.0,0.0
2019-06-10 11:00:00,MHImain,HKFE,27434.0,27515.0,27398.0,27471.0,31158.0,855636161.0,0.0
2019-06-10 17:15:00,MHImain,HKFE,27472.0,27492.0,27443.0,27477.0,4025.0,110554142.0,0.0
2019-06-10 21:15:00,MHImain,HKFE,27477.0,27604.0,27437.0,27560.0,10716.0,294908034.0,0.0
2019-06-11 01:15:00,MHImain,HKFE,27560.0,27712.0,27486.0,27710.0,34114.0,941562567.0,0.0
2019-06-11 11:00:00,MHImain,HKFE,27710.0,27756.0,27655.0,27690.0,30276.0,838761122.0,0.0
2019-06-11 17:15:00,MHImain,HKFE,27695.0,27735.0,27676.0,27732.0,4287.0,118764572.0,0.0
2019-06-11 21:15:00,MHImain,HKFE,27732.0,27770.0,27606.0,27612.0,11628.0,322048594.0,0.0
2019-06-12 01:15:00,MHImain,HKFE,27612.0,27612.0,27214.0,27240.0,36214.0,991186318.0,0.0
2019-06-12 11:00:00,MHImain,HKFE,27239.0,27306.0,27107.0,27125.0,37349.0,1015705022.0,0.0
2019-06-12 17:15:00,MHImain,HKFE,27126.0,27153.0,27046.0,27092.0,7983.0,216271545.0,0.0
2019-06-12 21:15:00,MHImain,HKFE,27089.0,27122.0,26973.0,27008.0,11447.0,309704207.0,0.0
2019-06-13 01:15:00,MHImain,HKFE,27008.0,27104.0,26702.0,26885.0,45782.0,1229860105.0,0.0
2019-06-13 11:00:00,MHImain,HKFE,26884.0,27199.0,26838.0,27151.0,53801.0,1453413469.0,0.0
2019-06-13 17:15:00,MHImain,HKFE,27161.0,27220.0,27155.0,27198.0,5469.0,148691611.0,0.0
2019-06-13 21:15:00,MHImain,HKFE,27195.0,27242.0,27058.0,27108.0,11569.0,313975940.0,0.0
2019-06-14 01:15:00,MHImain,HKFE,27108.0,27167.0,26970.0,27088.0,39571.0,1071214166.0,0.0
2019-06-14 11:00:00,MHImain,HKFE,27087.0,27094.0,26952.0,27045.0,32347.0,874042758.0,0.0
2019-06-14 17:15:00,MHImain,HKFE,27045.0,27073.0,26983.0,26997.0,4592.0,124086388.0,0.0
2019-06-14 21:15:00,MHImain,HKFE,26997.0,27018.0,26908.0,26934.0,8904.0,240011303.0,0.0
2019-06-15 01:15:00,MHImain,HKFE,26934.0,26934.0,26934.0,26934.0,0.0,0.0,0.0
2019-06-17 01:15:00,MHImain,HKFE,27005.0,27444.0,26997.0,27264.0,41567.0,1134969648.0,0.0
2019-06-17 11:00:00,MHImain,HKFE,27267.0,27288.0,27120.0,27147.0,35656.0,969519046.0,0.0
2019-06-17 17:15:00,MHImain,HKFE,27152.0,27165.0,27095.0,27127.0,4717.0,127969778.0,0.0
2019-06-17 21:15:00,MHImain,HKFE,27127.0,27207.0,27097.0,27169.0,8407.0,228341387.0,0.0
2019-06-18 01:15:00,MHImain,HKFE,27169.0,27380.0,27106.0,27373.0,42244.0,1150584204.0,0.0
2019-06-18 11:00:00,MHImain,HKFE,27374.0,27519.0,27303.0,27444.0,43359.0,1188065393.0,0.0
2019-06-18 17:15:00,MHImain,HKFE,27452.0,27571.0,27444.0,27558.0,7006.0,192792939.0,0.0
2019-06-18 21:15:00,MHImain,HKFE,27560.0,28000.0,27550.0,27929.0,26200.0,729954271.0,0.0
2019-06-19 01:15:00,MHImain,HKFE,27930.0,28196.0,27899.0,28045.0,45290.0,1271266517.0,0.0
2019-06-19 11:00:00,MHImain,HKFE,28045.0,28153.0,28033.0,28151.0,24774.0,695890298.0,0.0
2019-06-19 17:15:00,MHImain,HKFE,28140.0,28178.0,28103.0,28165.0,4263.0,119935162.0,0.0
2019-06-19 21:15:00,MHImain,HKFE,28165.0,28173.0,28081.0,28097.0,7463.0,209838585.0,0.0
2019-06-20 01:15:00,MHImain,HKFE,28095.0,28420.0,28092.0,28334.0,44388.0,1256040001.0,0.0
2019-06-20 11:00:00,MHImain,HKFE,28332.0,28518.0,28329.0,28512.0,35623.0,1012175746.0,0.0
2019-06-20 17:15:00,MHImain,HKFE,28518.0,28654.0,28518.0,28652.0,8479.0,242489651.0,0.0
2019-06-20 21:15:00,MHImain,HKFE,28652.0,28686.0,28439.0,28524.0,19204.0,548710190.0,0.0
2019-06-21 01:15:00,MHImain,HKFE,28522.0,28553.0,28373.0,28441.0,34147.0,971467221.0,0.0
2019-06-21 11:00:00,MHImain,HKFE,28440.0,28455.0,28298.0,28422.0,34455.0,977793614.0,0.0
2019-06-21 17:15:00,MHImain,HKFE,28423.0,28467.0,28367.0,28368.0,7045.0,200101121.0,0.0
2019-06-21 21:15:00,MHImain,HKFE,28369.0,28490.0,28363.0,28410.0,10374.0,294802334.0,0.0
2019-06-22 01:15:00,MHImain,HKFE,28412.0,28422.0,28393.0,28421.0,724.0,20566968.0,0.0
2019-06-24 01:15:00,MHImain,HKFE,28358.0,28603.0,28313.0,28567.0,32879.0,935389440.0,0.0
2019-06-24 11:00:00,MHImain,HKFE,28566.0,28574.0,28382.0,28423.0,27717.0,788420442.0,0.0
2019-06-24 17:15:00,MHImain,HKFE,28415.0,28446.0,28398.0,28440.0,2766.0,78631885.0,0.0
2019-06-24 21:15:00,MHImain,HKFE,28441.0,28472.0,28413.0,28430.0,6169.0,175482287.0,0.0
2019-06-25 01:15:00,MHImain,HKFE,28430.0,28489.0,28191.0,28197.0,32942.0,933898487.0,0.0
2019-06-25 11:00:00,MHImain,HKFE,28197.0,28214.0,28076.0,28163.0,33055.0,930699720.0,0.0
2019-06-25 17:15:00,MHImain,HKFE,28157.0,28208.0,28145.0,28202.0,2914.0,82090084.0,0.0
2019-06-25 21:15:00,MHImain,HKFE,28204.0,28212.0,28068.0,28090.0,10138.0,285400564.0,0.0
2019-06-26 01:15:00,MHImain,HKFE,28089.0,28276.0,27988.0,28191.0,36201.0,1018561600.0,0.0
2019-06-26 11:00:00,MHImain,HKFE,28191.0,28268.0,28158.0,28191.0,19880.0,560804434.0,0.0
2019-06-26 17:15:00,MHImain,HKFE,28199.0,28412.0,28199.0,28333.0,6999.0,198504491.0,0.0
2019-06-26 21:15:00,MHImain,HKFE,28336.0,28397.0,28306.0,28349.0,6000.0,170098616.0,0.0
2019-06-27 01:15:00,MHImain,HKFE,28357.0,28477.0,28292.0,28477.0,6144.0,174486437.0,0.0
2019-06-27 11:00:00,MHImain,HKFE,28478.0,28527.0,28467.0,28519.0,3330.0,94925135.0,0.0
2019-06-27 17:15:00,MHImain,HKFE,28551.0,28579.0,28405.0,28516.0,9853.0,280682471.0,0.0
2019-06-27 21:15:00,MHImain,HKFE,28516.0,28565.0,28459.0,28523.0,8810.0,251191601.0,0.0
2019-06-28 01:15:00,MHImain,HKFE,28521.0,28571.0,28367.0,28377.0,27724.0,788876777.0,0.0
2019-06-28 11:00:00,MHImain,HKFE,28376.0,28517.0,28373.0,28508.0,23211.0,660073037.0,0.0
2019-06-28 17:15:00,MHImain,HKFE,28502.0,28560.0,28502.0,28549.0,3233.0,92242723.0,0.0
2019-06-28 21:15:00,MHImain,HKFE,28549.0,28551.0,28479.0,28513.0,6445.0,183773560.0,0.0
2019-06-29 01:15:00,MHImain,HKFE,28513.0,28518.0,28492.0,28503.0,901.0,25681945.0,0.0
2019-07-02 01:15:00,MHImain,HKFE,28902.0,29058.0,28788.0,29000.0,33448.0,968497033.0,0.0
2019-07-02 11:00:00,MHImain,HKFE,29001.0,29041.0,28903.0,28932.0,22194.0,643005599.0,0.0
2019-07-02 17:15:00,MHImain,HKFE,28933.0,28980.0,28915.0,28958.0,2942.0,85164333.0,0.0
2019-07-02 21:15:00,MHImain,HKFE,28958.0,28991.0,28887.0,28898.0,8043.0,232800983.0,0.0
2019-07-03 01:15:00,MHImain,HKFE,28899.0,28938.0,28766.0,28828.0,32187.0,928567615.0,0.0
2019-07-03 11:00:00,MHImain,HKFE,28827.0,28934.0,28812.0,28930.0,22515.0,649915903.0,0.0
2019-07-03 17:15:00,MHImain,HKFE,28935.0,28956.0,28876.0,28885.0,3300.0,95412644.0,0.0
2019-07-03 21:15:00,MHImain,HKFE,28886.0,28979.0,28867.0,28971.0,5621.0,162535671.0,0.0
2019-07-04 01:15:00,MHImain,HKFE,28972.0,29080.0,28886.0,28935.0,32691.0,947646866.0,0.0
2019-07-04 11:00:00,MHImain,HKFE,28937.0,28960.0,28834.0,28848.0,25294.0,731023822.0,0.0
2019-07-04 17:15:00,MHImain,HKFE,28848.0,28882.0,28846.0,28867.0,2150.0,62064843.0,0.0
2019-07-04 21:15:00,MHImain,HKFE,28868.0,28873.0,28823.0,28838.0,2591.0,74751520.0,0.0
2019-07-05 01:15:00,MHImain,HKFE,28835.0,28960.0,28754.0,28904.0,32803.0,946390998.0,0.0
2019-07-05 11:00:00,MHImain,HKFE,28904.0,28919.0,28778.0,28781.0,21203.0,611933089.0,0.0
2019-07-05 17:15:00,MHImain,HKFE,28779.0,28801.0,28585.0,28599.0,8740.0,250827520.0,0.0
2019-07-05 21:15:00,MHImain,HKFE,28599.0,28691.0,28541.0,28658.0,12491.0,357522275.0,0.0
2019-07-06 01:15:00,MHImain,HKFE,28660.0,28690.0,28652.0,28689.0,1007.0,28868953.0,0.0
2019-07-08 01:15:00,MHImain,HKFE,28624.0,28636.0,28214.0,28274.0,37735.0,1070891677.0,0.0
2019-07-08 11:00:00,MHImain,HKFE,28275.0,28388.0,28222.0,28370.0,28309.0,801151505.0,0.0
2019-07-08 17:15:00,MHImain,HKFE,28350.0,28384.0,28310.0,28370.0,5201.0,147446029.0,0.0
2019-07-08 21:15:00,MHImain,HKFE,28372.0,28444.0,28347.0,28402.0,8388.0,238201666.0,0.0
2019-07-09 01:15:00,MHImain,HKFE,28404.0,28414.0,28142.0,28168.0,38185.0,1079417190.0,0.0
2019-07-09 11:00:00,MHImain,HKFE,28168.0,28205.0,28091.0,28103.0,29799.0,838661385.0,0.0
2019-07-09 17:15:00,MHImain,HKFE,28105.0,28162.0,28084.0,28138.0,4460.0,125458874.0,0.0
2019-07-09 21:15:00,MHImain,HKFE,28135.0,28238.0,28118.0,28227.0,8717.0,245726062.0,0.0
2019-07-10 01:15:00,MHImain,HKFE,28225.0,28346.0,28148.0,28247.0,33798.0,954468811.0,0.0
2019-07-10 11:00:00,MHImain,HKFE,28246.0,28277.0,28160.0,28203.0,23730.0,669658447.0,0.0
2019-07-10 17:15:00,MHImain,HKFE,28200.0,28415.0,28139.0,28392.0,11446.0,323684908.0,0.0
2019-07-10 21:15:00,MHImain,HKFE,28390.0,28454.0,28307.0,28379.0,13074.0,371044806.0,0.0
2019-07-11 01:15:00,MHImain,HKFE,28379.0,28613.0,28321.0,28593.0,31114.0,887647490.0,0.0
2019-07-11 11:00:00,MHImain,HKFE,28592.0,28598.0,28394.0,28455.0,25985.0,739940027.0,0.0
2019-07-11 17:15:00,MHImain,HKFE,28457.0,28500.0,28371.0,28459.0,7063.0,200905167.0,0.0
2019-07-11 21:15:00,MHImain,HKFE,28457.0,28461.0,28303.0,28366.0,10779.0,305793434.0,0.0
2019-07-12 01:15:00,MHImain,HKFE,28367.0,28584.0,28290.0,28516.0,34539.0,983661626.0,0.0
2019-07-12 11:00:00,MHImain,HKFE,28517.0,28608.0,28481.0,28538.0,24265.0,692565413.0,0.0
2019-07-12 17:15:00,MHImain,HKFE,28537.0,28537.0,28468.0,28478.0,3853.0,109787465.0,0.0
2019-07-12 21:15:00,MHImain,HKFE,28479.0,28491.0,28410.0,28469.0,7268.0,206785928.0,0.0
2019-07-13 01:15:00,MHImain,HKFE,28466.0,28495.0,28456.0,28483.0,989.0,28165809.0,0.0
2019-07-15 01:15:00,MHImain,HKFE,28388.0,28535.0,28053.0,28471.0,47273.0,1337233224.0,0.0
2019-07-15 11:00:00,MHImain,HKFE,28472.0,28597.0,28464.0,28518.0,25601.0,730627009.0,0.0
2019-07-15 17:15:00,MHImain,HKFE,28536.0,28570.0,28492.0,28536.0,3616.0,103187401.0,0.0
2019-07-15 21:15:00,MHImain,HKFE,28535.0,28561.0,28512.0,28534.0,5013.0,143038899.0,0.0
2019-07-16 01:15:00,MHImain,HKFE,28532.0,28648.0,28474.0,28589.0,34362.0,980789575.0,0.0
2019-07-16 11:00:00,MHImain,HKFE,28589.0,28662.0,28566.0,28624.0,22415.0,641400908.0,0.0
2019-07-16 17:15:00,MHImain,HKFE,28618.0,28657.0,28588.0,28609.0,4525.0,129493906.0,0.0
2019-07-16 21:15:00,MHImain,HKFE,28609.0,28628.0,28506.0,28568.0,7345.0,209881734.0,0.0
2019-07-17 01:15:00,MHImain,HKFE,28570.0,28585.0,28359.0,28475.0,33618.0,957674176.0,0.0
2019-07-17 11:00:00,MHImain,HKFE,28475.0,28646.0,28460.0,28614.0,22000.0,628349658.0,0.0
2019-07-17 17:15:00,MHImain,HKFE,28610.0,28638.0,28551.0,28569.0,3861.0,110400163.0,0.0
2019-07-17 21:15:00,MHImain,HKFE,28568.0,28587.0,28436.0,28495.0,10604.0,302285290.0,0.0
2019-07-18 01:15:00,MHImain,HKFE,28493.0,28523.0,28308.0,28490.0,34459.0,979881835.0,0.0
2019-07-18 11:00:00,MHImain,HKFE,28490.0,28515.0,28398.0,28428.0,22131.0,629578525.0,0.0
2019-07-18 17:15:00,MHImain,HKFE,28442.0,28510.0,28428.0,28431.0,4872.0,138697917.0,0.0
2019-07-18 21:15:00,MHImain,HKFE,28430.0,28484.0,28393.0,28437.0,7605.0,216278254.0,0.0
2019-07-19 01:15:00,MHImain,HKFE,28444.0,28830.0,28419.0,28790.0,34428.0,988814196.0,0.0
2019-07-19 11:00:00,MHImain,HKFE,28791.0,28841.0,28760.0,28823.0,18352.0,528514283.0,0.0
2019-07-19 17:15:00,MHImain,HKFE,28790.0,28811.0,28735.0,28764.0,15497.0,445754012.0,0.0
2019-07-19 21:15:00,MHImain,HKFE,28763.0,28771.0,28687.0,28742.0,7825.0,224764154.0,0.0
2019-07-20 01:15:00,MHImain,HKFE,28742.0,28751.0,28645.0,28650.0,2229.0,63948920.0,0.0
2019-07-22 01:15:00,MHImain,HKFE,28610.0,28693.0,28498.0,28532.0,37810.0,1081078788.0,0.0
2019-07-22 11:00:00,MHImain,HKFE,28532.0,28608.0,28281.0,28372.0,33446.0,951709578.0,0.0
2019-07-22 17:15:00,MHImain,HKFE,28368.0,28442.0,28357.0,28421.0,4675.0,132780428.0,0.0
2019-07-22 21:15:00,MHImain,HKFE,28421.0,28447.0,28363.0,28395.0,6379.0,181176326.0,0.0
2019-07-23 01:15:00,MHImain,HKFE,28395.0,28482.0,28289.0,28399.0,30285.0,859973759.0,0.0
2019-07-23 11:00:00,MHImain,HKFE,28400.0,28489.0,28386.0,28464.0,17571.0,499703722.0,0.0
2019-07-23 17:15:00,MHImain,HKFE,28465.0,28535.0,28449.0,28514.0,4025.0,114720570.0,0.0
2019-07-23 21:15:00,MHImain,HKFE,28512.0,28524.0,28441.0,28463.0,6537.0,186182596.0,0.0
2019-07-24 01:15:00,MHImain,HKFE,28459.0,28773.0,28446.0,28746.0,31322.0,898325176.0,0.0
2019-07-24 11:00:00,MHImain,HKFE,28748.0,28756.0,28515.0,28538.0,27126.0,776672101.0,0.0
2019-07-24 17:15:00,MHImain,HKFE,28528.0,28552.0,28490.0,28517.0,3895.0,111093295.0,0.0
2019-07-24 21:15:00,MHImain,HKFE,28517.0,28581.0,28504.0,28562.0,6419.0,183275268.0,0.0
2019-07-25 01:15:00,MHImain,HKFE,28564.0,28652.0,28520.0,28618.0,30023.0,858231374.0,0.0
2019-07-25 11:00:00,MHImain,HKFE,28619.0,28630.0,28572.0,28584.0,17380.0,497142492.0,0.0
2019-07-25 17:15:00,MHImain,HKFE,28590.0,28664.0,28569.0,28579.0,6106.0,174719456.0,0.0
2019-07-25 21:15:00,MHImain,HKFE,28580.0,28580.0,28357.0,28389.0,18574.0,528140592.0,0.0
2019-07-26 01:15:00,MHImain,HKFE,28392.0,28476.0,28311.0,28465.0,31316.0,889507011.0,0.0
2019-07-26 11:00:00,MHImain,HKFE,28467.0,28479.0,28363.0,28388.0,19695.0,559895562.0,0.0
2019-07-26 17:15:00,MHImain,HKFE,28388.0,28427.0,28350.0,28394.0,3831.0,108772656.0,0.0
2019-07-26 21:15:00,MHImain,HKFE,28395.0,28411.0,28327.0,28368.0,6262.0,177610738.0,0.0
2019-07-27 01:15:00,MHImain,HKFE,28370.0,28387.0,28354.0,28383.0,823.0,23345908.0,0.0
2019-07-29 01:15:00,MHImain,HKFE,28268.0,28320.0,27991.0,28043.0,29685.0,835688190.0,0.0
2019-07-29 11:00:00,MHImain,HKFE,28043.0,28147.0,27936.0,28137.0,29078.0,815275676.0,0.0
2019-07-29 17:15:00,MHImain,HKFE,28137.0,28168.0,28107.0,28151.0,2416.0,67978670.0,0.0
2019-07-29 21:15:00,MHImain,HKFE,28152.0,28168.0,28064.0,28106.0,4071.0,114400743.0,0.0
2019-07-30 01:15:00,MHImain,HKFE,28108.0,28253.0,28088.0,28232.0,5000.0,140888889.0,0.0
2019-07-30 11:00:00,MHImain,HKFE,28232.0,28245.0,28195.0,28203.0,1886.0,53210443.0,0.0
2019-07-30 17:15:00,MHImain,HKFE,28118.0,28126.0,27892.0,27903.0,9656.0,270246490.0,0.0
2019-07-30 21:15:00,MHImain,HKFE,27904.0,27914.0,27814.0,27837.0,11578.0,322574635.0,0.0
2019-07-31 01:15:00,MHImain,HKFE,27836.0,27934.0,27630.0,27765.0,35509.0,986054683.0,0.0
2019-07-31 11:00:00,MHImain,HKFE,27767.0,27913.0,27726.0,27757.0,20098.0,558894496.0,0.0
2019-07-31 17:15:00,MHImain,HKFE,27757.0,27757.0,27757.0,27757.0,0.0,0.0,0.0
2019-07-31 21:15:00,MHImain,HKFE,27757.0,27757.0,27757.0,27757.0,0.0,0.0,0.0
2019-08-01 01:15:00,MHImain,HKFE,27520.0,27689.0,27481.0,27481.0,33347.0,919892497.0,0.0
2019-08-01 11:00:00,MHImain,HKFE,27481.0,27553.0,27401.0,27448.0,33590.0,923260441.0,0.0
2019-08-01 17:15:00,MHImain,HKFE,27446.0,27558.0,27446.0,27470.0,5261.0,144713860.0,0.0
2019-08-01 21:15:00,MHImain,HKFE,27470.0,27659.0,27450.0,27642.0,12832.0,353737473.0,0.0
2019-08-02 01:15:00,MHImain,HKFE,27644.0,27651.0,26674.0,26867.0,54062.0,1457333799.0,0.0
2019-08-02 11:00:00,MHImain,HKFE,26866.0,26918.0,26787.0,26811.0,26590.0,713950018.0,0.0
2019-08-02 17:15:00,MHImain,HKFE,26802.0,26880.0,26642.0,26801.0,21219.0,568531113.0,0.0
2019-08-02 21:15:00,MHImain,HKFE,26800.0,26818.0,26537.0,26604.0,25407.0,677695611.0,0.0
2019-08-03 01:15:00,MHImain,HKFE,26605.0,26631.0,26562.0,26596.0,1897.0,50451300.0,0.0
2019-08-05 01:15:00,MHImain,HKFE,26435.0,26571.0,26119.0,26144.0,49278.0,1295347892.0,0.0
2019-08-05 11:00:00,MHImain,HKFE,26144.0,26172.0,25999.0,26029.0,33461.0,872956164.0,0.0
2019-08-05 17:15:00,MHImain,HKFE,26023.0,26118.0,25957.0,25986.0,13767.0,358394237.0,0.0
2019-08-05 21:15:00,MHImain,HKFE,25987.0,25993.0,25464.0,25526.0,28022.0,720419931.0,0.0
2019-08-06 01:15:00,MHImain,HKFE,25527.0,25614.0,25230.0,25530.0,54336.0,1384510912.0,0.0
2019-08-06 11:00:00,MHImain,HKFE,25529.0,26024.0,25454.0,25986.0,62521.0,1613981075.0,0.0
2019-08-06 17:15:00,MHImain,HKFE,26025.0,26083.0,25925.0,25997.0,11674.0,303466011.0,0.0
2019-08-06 21:15:00,MHImain,HKFE,25997.0,26066.0,25724.0,25802.0,23199.0,600049695.0,0.0
2019-08-07 01:15:00,MHImain,HKFE,25806.0,25947.0,25633.0,25720.0,41078.0,1059252766.0,0.0
2019-08-07 11:00:00,MHImain,HKFE,25719.0,25957.0,25653.0,25944.0,34782.0,898548670.0,0.0
2019-08-07 17:15:00,MHImain,HKFE,25943.0,26001.0,25649.0,25655.0,14836.0,383118020.0,0.0
2019-08-07 21:15:00,MHImain,HKFE,25656.0,25898.0,25595.0,25840.0,28160.0,725415542.0,0.0
2019-08-08 01:15:00,MHImain,HKFE,25843.0,26246.0,25822.0,25999.0,44866.0,1169395260.0,0.0
2019-08-08 11:00:00,MHImain,HKFE,26000.0,26118.0,25978.0,26026.0,27915.0,727314849.0,0.0
2019-08-08 17:15:00,MHImain,HKFE,26044.0,26089.0,25951.0,26083.0,7298.0,189869233.0,0.0
2019-08-08 21:15:00,MHImain,HKFE,26084.0,26187.0,26013.0,26153.0,11947.0,311729960.0,0.0
2019-08-09 01:15:00,MHImain,HKFE,26155.0,26206.0,26027.0,26039.0,31340.0,818345007.0,0.0
2019-08-09 11:00:00,MHImain,HKFE,26040.0,26058.0,25820.0,25880.0,34878.0,904875860.0,0.0
2019-08-09 17:15:00,MHImain,HKFE,25880.0,25926.0,25766.0,25862.0,8865.0,228951958.0,0.0
2019-08-09 21:15:00,MHImain,HKFE,25866.0,25911.0,25644.0,25793.0,24292.0,625540948.0,0.0
2019-08-10 01:15:00,MHImain,HKFE,25791.0,25892.0,25774.0,25872.0,4090.0,105696720.0,0.0
2019-08-12 01:15:00,MHImain,HKFE,25728.0,26010.0,25725.0,25897.0,32400.0,839215984.0,0.0
2019-08-12 11:00:00,MHImain,HKFE,25897.0,25935.0,25552.0,25558.0,32023.0,826250651.0,0.0
2019-08-12 17:15:00,MHImain,HKFE,25550.0,25560.0,25213.0,25249.0,20524.0,519818631.0,0.0
2019-08-12 21:15:00,MHImain,HKFE,25249.0,25388.0,25218.0,25337.0,18693.0,473234552.0,0.0
2019-08-13 01:15:00,MHImain,HKFE,25340.0,25531.0,25213.0,25356.0,40020.0,1016022660.0,0.0
2019-08-13 11:00:00,MHImain,HKFE,25355.0,25383.0,25163.0,25198.0,39796.0,1005171445.0,0.0
2019-08-13 17:15:00,MHImain,HKFE,25196.0,25218.0,25052.0,25124.0,12874.0,323290627.0,0.0
2019-08-13 21:15:00,MHImain,HKFE,25125.0,25905.0,25124.0,25625.0,45022.0,1152135255.0,0.0
2019-08-14 01:15:00,MHImain,HKFE,25629.0,25668.0,25253.0,25376.0,41924.0,1067229125.0,0.0
2019-08-14 11:00:00,MHImain,HKFE,25377.0,25382.0,25075.0,25210.0,36656.0,925399996.0,0.0
2019-08-14 17:15:00,MHImain,HKFE,25178.0,25216.0,24904.0,24922.0,18779.0,469963938.0,0.0
2019-08-14 21:15:00,MHImain,HKFE,24926.0,24984.0,24825.0,24860.0,20216.0,503321191.0,0.0
2019-08-15 01:15:00,MHImain,HKFE,24856.0,25374.0,24791.0,25279.0,52803.0,1324322099.0,0.0
2019-08-15 11:00:00,MHImain,HKFE,25271.0,25475.0,25151.0,25428.0,49736.0,1258737443.0,0.0
2019-08-15 17:15:00,MHImain,HKFE,25423.0,25485.0,25104.0,25343.0,37718.0,953434926.0,0.0
2019-08-15 21:15:00,MHImain,HKFE,25343.0,25393.0,25190.0,25338.0,17138.0,433229411.0,0.0
2019-08-16 01:15:00,MHImain,HKFE,25338.0,25607.0,25232.0,25569.0,40693.0,1033976047.0,0.0
2019-08-16 11:00:00,MHImain,HKFE,25570.0,25733.0,25487.0,25645.0,44158.0,1131631193.0,0.0
2019-08-16 17:15:00,MHImain,HKFE,25655.0,25720.0,25543.0,25554.0,9223.0,236388454.0,0.0
2019-08-16 21:15:00,MHImain,HKFE,25552.0,25691.0,25535.0,25678.0,12935.0,331415088.0,0.0
2019-08-17 01:15:00,MHImain,HKFE,25678.0,25697.0,25664.0,25697.0,1086.0,27888488.0,0.0
2019-08-19 01:15:00,MHImain,HKFE,25900.0,26169.0,25839.0,26150.0,39218.0,1021519114.0,0.0
2019-08-19 11:00:00,MHImain,HKFE,26149.0,26280.0,26113.0,26189.0,33680.0,882339910.0,0.0
2019-08-19 17:15:00,MHImain,HKFE,26189.0,26380.0,26183.0,26318.0,11034.0,290207731.0,0.0
2019-08-19 21:15:00,MHImain,HKFE,26318.0,26337.0,26123.0,26146.0,14046.0,368072711.0,0.0
2019-08-20 01:15:00,MHImain,HKFE,26149.0,26276.0,26052.0,26215.0,37733.0,987190960.0,0.0
2019-08-20 11:00:00,MHImain,HKFE,26217.0,26285.0,26111.0,26215.0,31591.0,827821347.0,0.0
2019-08-20 17:15:00,MHImain,HKFE,26213.0,26232.0,26130.0,26138.0,7891.0,206636015.0,0.0
2019-08-20 21:15:00,MHImain,HKFE,26139.0,26181.0,26034.0,26096.0,15512.0,405115040.0,0.0
2019-08-21 01:15:00,MHImain,HKFE,26095.0,26214.0,26014.0,26149.0,36983.0,965925088.0,0.0
2019-08-21 11:00:00,MHImain,HKFE,26149.0,26271.0,26146.0,26231.0,25735.0,674187732.0,0.0
2019-08-21 17:15:00,MHImain,HKFE,26238.0,26300.0,26238.0,26290.0,5951.0,156323531.0,0.0
2019-08-21 21:15:00,MHImain,HKFE,26291.0,26305.0,26206.0,26254.0,10465.0,274765483.0,0.0
2019-08-22 01:15:00,MHImain,HKFE,26255.0,26283.0,25976.0,26005.0,40827.0,1065249029.0,0.0
2019-08-22 11:00:00,MHImain,HKFE,26003.0,26044.0,25903.0,25954.0,34408.0,893269584.0,0.0
2019-08-22 17:15:00,MHImain,HKFE,25950.0,25997.0,25831.0,25963.0,9645.0,249853951.0,0.0
2019-08-22 21:15:00,MHImain,HKFE,25963.0,25990.0,25815.0,25928.0,14105.0,365381598.0,0.0
2019-08-23 01:15:00,MHImain,HKFE,25929.0,26145.0,25872.0,26131.0,36036.0,937669507.0,0.0
2019-08-23 11:00:00,MHImain,HKFE,26132.0,26187.0,26083.0,26110.0,23077.0,602919973.0,0.0
2019-08-23 17:15:00,MHImain,HKFE,26116.0,26122.0,25768.0,25795.0,17361.0,449823904.0,0.0
2019-08-23 21:15:00,MHImain,HKFE,25796.0,26005.0,25458.0,25510.0,38781.0,997707669.0,0.0
2019-08-24 01:15:00,MHImain,HKFE,25505.0,25527.0,25445.0,25480.0,3906.0,99560021.0,0.0
2019-08-26 01:15:00,MHImain,HKFE,25352.0,25454.0,25155.0,25381.0,41411.0,1047010836.0,0.0
2019-08-26 11:00:00,MHImain,HKFE,25380.0,25730.0,25276.0,25659.0,46294.0,1179105641.0,0.0
2019-08-26 17:15:00,MHImain,HKFE,25686.0,25877.0,25686.0,25738.0,17383.0,447724294.0,0.0
2019-08-26 21:15:00,MHImain,HKFE,25740.0,25755.0,25574.0,25674.0,14351.0,368301108.0,0.0
2019-08-27 01:15:00,MHImain,HKFE,25673.0,25765.0,25557.0,25703.0,34367.0,881751247.0,0.0
2019-08-27 11:00:00,MHImain,HKFE,25703.0,25731.0,25532.0,25649.0,29696.0,760520205.0,0.0
2019-08-27 17:15:00,MHImain,HKFE,25667.0,25834.0,25645.0,25821.0,9087.0,233952504.0,0.0
2019-08-27 21:15:00,MHImain,HKFE,25821.0,25863.0,25682.0,25692.0,13305.0,342929093.0,0.0
2019-08-28 01:15:00,MHImain,HKFE,25690.0,25854.0,25571.0,25613.0,30207.0,775902500.0,0.0
2019-08-28 11:00:00,MHImain,HKFE,25613.0,25674.0,25557.0,25625.0,20603.0,527751941.0,0.0
2019-08-28 17:15:00,MHImain,HKFE,25615.0,25660.0,25536.0,25576.0,5820.0,148953130.0,0.0
2019-08-28 21:15:00,MHImain,HKFE,25578.0,25670.0,25510.0,25644.0,7415.0,189824311.0,0.0
2019-08-29 01:15:00,MHImain,HKFE,25644.0,25682.0,25380.0,25518.0,7781.0,198377465.0,0.0
2019-08-29 11:00:00,MHImain,HKFE,25520.0,25578.0,25484.0,25539.0,3259.0,83192236.0,0.0
2019-08-29 17:15:00,MHImain,HKFE,25653.0,25838.0,25653.0,25784.0,10857.0,279875093.0,0.0
2019-08-29 21:15:00,MHImain,HKFE,25782.0,25830.0,25701.0,25823.0,11719.0,302172132.0,0.0
2019-08-30 01:15:00,MHImain,HKFE,25820.0,25935.0,25754.0,25768.0,36821.0,951011192.0,0.0
2019-08-30 11:00:00,MHImain,HKFE,25770.0,25806.0,25412.0,25608.0,48865.0,1251961239.0,0.0
2019-08-30 17:15:00,MHImain,HKFE,25611.0,25709.0,25611.0,25663.0,6088.0,156282001.0,0.0
2019-08-30 21:15:00,MHImain,HKFE,25660.0,25666.0,25485.0,25503.0,14053.0,359300852.0,0.0
2019-08-31 01:15:00,MHImain,HKFE,25503.0,25543.0,25480.0,25518.0,1751.0,44666356.0,0.0
2019-09-02 01:15:00,MHImain,HKFE,25420.0,25581.0,25389.0,25441.0,34109.0,869640649.0,0.0
2019-09-02 11:00:00,MHImain,HKFE,25441.0,25544.0,25415.0,25511.0,28556.0,727718902.0,0.0
2019-09-02 17:15:00,MHImain,HKFE,25523.0,25570.0,25477.0,25502.0,5782.0,147550612.0,0.0
2019-09-02 21:15:00,MHImain,HKFE,25502.0,25502.0,25355.0,25368.0,9512.0,241899988.0,0.0
2019-09-03 01:15:00,MHImain,HKFE,25376.0,25662.0,25337.0,25503.0,37341.0,953342452.0,0.0
2019-09-03 11:00:00,MHImain,HKFE,25502.0,25524.0,25390.0,25465.0,32838.0,836056866.0,0.0
2019-09-03 17:15:00,MHImain,HKFE,25471.0,25494.0,25392.0,25466.0,7951.0,202309224.0,0.0
2019-09-03 21:15:00,MHImain,HKFE,25469.0,25564.0,25409.0,25525.0,15796.0,402560615.0,0.0
2019-09-04 01:15:00,MHImain,HKFE,25520.0,25887.0,25472.0,25826.0,36067.0,929270594.0,0.0
2019-09-04 11:00:00,MHImain,HKFE,25826.0,26633.0,25711.0,26476.0,75413.0,1977725052.0,0.0
2019-09-04 17:15:00,MHImain,HKFE,26495.0,26496.0,26222.0,26333.0,18034.0,474563745.0,0.0
2019-09-04 21:15:00,MHImain,HKFE,26333.0,26388.0,26268.0,26366.0,11731.0,308880497.0,0.0
2019-09-05 01:15:00,MHImain,HKFE,26366.0,26620.0,26340.0,26565.0,9283.0,245771834.0,0.0
2019-09-05 11:00:00,MHImain,HKFE,26565.0,26622.0,26472.0,26472.0,492.0,13071078.0,0.0
2019-09-05 17:15:00,MHImain,HKFE,26472.0,26472.0,26472.0,26472.0,0.0,0.0,0.0
2019-09-05 21:15:00,MHImain,HKFE,26472.0,26472.0,26472.0,26472.0,0.0,0.0,0.0
2019-09-06 01:15:00,MHImain,HKFE,26472.0,26775.0,26472.0,26616.0,40522.0,1080394470.0,0.0
2019-09-06 11:00:00,MHImain,HKFE,26619.0,26651.0,26488.0,26587.0,32103.0,853023161.0,0.0
2019-09-06 17:15:00,MHImain,HKFE,26585.0,26688.0,26507.0,26622.0,12511.0,332698216.0,0.0
2019-09-06 21:15:00,MHImain,HKFE,26620.0,26668.0,26570.0,26633.0,8099.0,215627668.0,0.0
2019-09-07 01:15:00,MHImain,HKFE,26635.0,26668.0,26620.0,26666.0,1122.0,29895778.0,0.0
2019-09-09 01:15:00,MHImain,HKFE,26685.0,26795.0,26585.0,26665.0,32289.0,861676422.0,0.0
2019-09-09 11:00:00,MHImain,HKFE,26667.0,26712.0,26605.0,26645.0,20735.0,552751470.0,0.0
2019-09-09 17:15:00,MHImain,HKFE,26660.0,26691.0,26638.0,26678.0,3370.0,89866732.0,0.0
2019-09-09 21:15:00,MHImain,HKFE,26677.0,26748.0,26638.0,26689.0,7187.0,191853941.0,0.0
2019-09-10 01:15:00,MHImain,HKFE,26690.0,26888.0,26600.0,26659.0,36200.0,967013263.0,0.0
2019-09-10 11:00:00,MHImain,HKFE,26662.0,26716.0,26616.0,26628.0,21256.0,566659037.0,0.0
2019-09-10 17:15:00,MHImain,HKFE,26645.0,26766.0,26645.0,26756.0,6527.0,174441685.0,0.0
2019-09-10 21:15:00,MHImain,HKFE,26754.0,26861.0,26720.0,26816.0,8778.0,235088471.0,0.0
2019-09-11 01:15:00,MHImain,HKFE,26817.0,26824.0,26675.0,26751.0,27820.0,743830277.0,0.0
2019-09-11 11:00:00,MHImain,HKFE,26752.0,27158.0,26751.0,27103.0,55161.0,1491878849.0,0.0
2019-09-11 17:15:00,MHImain,HKFE,27080.0,27114.0,27045.0,27088.0,4358.0,118035220.0,0.0
2019-09-11 21:15:00,MHImain,HKFE,27087.0,27170.0,27072.0,27146.0,8034.0,217933033.0,0.0
2019-09-12 01:15:00,MHImain,HKFE,27144.0,27343.0,26943.0,27044.0,36522.0,989621264.0,0.0
2019-09-12 11:00:00,MHImain,HKFE,27044.0,27165.0,27022.0,27076.0,30204.0,818204513.0,0.0
2019-09-12 17:15:00,MHImain,HKFE,27076.0,27118.0,26985.0,27093.0,9008.0,243756874.0,0.0
2019-09-12 21:15:00,MHImain,HKFE,27092.0,27243.0,26980.0,27144.0,18920.0,513256743.0,0.0
2019-09-13 01:15:00,MHImain,HKFE,27147.0,27224.0,27086.0,27169.0,19347.0,525211549.0,0.0
2019-09-13 11:00:00,MHImain,HKFE,27170.0,27387.0,27137.0,27313.0,23348.0,636695103.0,0.0
2019-09-13 17:15:00,MHImain,HKFE,27304.0,27376.0,27292.0,27341.0,4844.0,132477396.0,0.0
2019-09-13 21:15:00,MHImain,HKFE,27342.0,27394.0,27307.0,27340.0,6073.0,166067279.0,0.0
2019-09-14 01:15:00,MHImain,HKFE,27341.0,27360.0,27322.0,27355.0,843.0,23050694.0,0.0
2019-09-16 01:15:00,MHImain,HKFE,27190.0,27210.0,26959.0,27043.0,31522.0,853625863.0,0.0
2019-09-16 11:00:00,MHImain,HKFE,27042.0,27119.0,27008.0,27059.0,24293.0,657586616.0,0.0
2019-09-16 17:15:00,MHImain,HKFE,27050.0,27089.0,27039.0,27059.0,3668.0,99271346.0,0.0
2019-09-16 21:15:00,MHImain,HKFE,27059.0,27093.0,26981.0,26995.0,7179.0,194151458.0,0.0
2019-09-17 01:15:00,MHImain,HKFE,26995.0,27040.0,26836.0,26896.0,28660.0,771102343.0,0.0
2019-09-17 11:00:00,MHImain,HKFE,26896.0,26923.0,26676.0,26746.0,30197.0,808466688.0,0.0
2019-09-17 17:15:00,MHImain,HKFE,26746.0,26766.0,26707.0,26713.0,3938.0,105281809.0,0.0
2019-09-17 21:15:00,MHImain,HKFE,26715.0,26853.0,26704.0,26830.0,8037.0,215239082.0,0.0
2019-09-18 01:15:00,MHImain,HKFE,26832.0,26911.0,26768.0,26809.0,28801.0,772961993.0,0.0
2019-09-18 11:00:00,MHImain,HKFE,26809.0,26836.0,26727.0,26732.0,21274.0,569839864.0,0.0
2019-09-18 17:15:00,MHImain,HKFE,26726.0,26776.0,26708.0,26771.0,2737.0,73207078.0,0.0
2019-09-18 21:15:00,MHImain,HKFE,26771.0,26785.0,26716.0,26739.0,4855.0,129870260.0,0.0
2019-09-19 01:15:00,MHImain,HKFE,26739.0,26831.0,26428.0,26447.0,42816.0,1139673148.0,0.0
2019-09-19 11:00:00,MHImain,HKFE,26448.0,26509.0,26345.0,26484.0,36430.0,962946094.0,0.0
2019-09-19 17:15:00,MHImain,HKFE,26490.0,26571.0,26485.0,26560.0,5027.0,133349465.0,0.0
2019-09-19 21:15:00,MHImain,HKFE,26559.0,26619.0,26542.0,26576.0,6990.0,185799925.0,0.0
2019-09-20 01:15:00,MHImain,HKFE,26577.0,26598.0,26479.0,26522.0,30119.0,799572389.0,0.0
2019-09-20 11:00:00,MHImain,HKFE,26521.0,26536.0,26406.0,26424.0,28826.0,763274096.0,0.0
2019-09-20 17:15:00,MHImain,HKFE,26438.0,26470.0,26379.0,26406.0,4576.0,120916414.0,0.0
2019-09-20 21:15:00,MHImain,HKFE,26409.0,26445.0,26278.0,26280.0,7109.0,187639500.0,0.0
2019-09-21 01:15:00,MHImain,HKFE,26279.0,26330.0,26216.0,26314.0,4784.0,125706212.0,0.0
2019-09-23 01:15:00,MHImain,HKFE,26393.0,26526.0,26193.0,26235.0,35551.0,937516038.0,0.0
2019-09-23 11:00:00,MHImain,HKFE,26234.0,26348.0,26120.0,26129.0,29763.0,780910655.0,0.0
2019-09-23 17:15:00,MHImain,HKFE,26121.0,26210.0,26121.0,26188.0,4584.0,119969116.0,0.0
2019-09-23 21:15:00,MHImain,HKFE,26187.0,26274.0,26168.0,26251.0,9097.0,238600173.0,0.0
2019-09-24 01:15:00,MHImain,HKFE,26251.0,26430.0,26225.0,26377.0,34415.0,906135560.0,0.0
2019-09-24 11:00:00,MHImain,HKFE,26379.0,26388.0,26257.0,26295.0,25618.0,674221037.0,0.0
2019-09-24 17:15:00,MHImain,HKFE,26298.0,26318.0,26276.0,26300.0,2912.0,76577384.0,0.0
2019-09-24 21:15:00,MHImain,HKFE,26301.0,26301.0,26083.0,26108.0,12578.0,329338118.0,0.0
2019-09-25 01:15:00,MHImain,HKFE,26112.0,26240.0,25926.0,26140.0,44417.0,1157726849.0,0.0
2019-09-25 11:00:00,MHImain,HKFE,26137.0,26147.0,25901.0,25905.0,29971.0,779246689.0,0.0
2019-09-25 17:15:00,MHImain,HKFE,25901.0,25966.0,25860.0,25938.0,4824.0,124983008.0,0.0
2019-09-25 21:15:00,MHImain,HKFE,25938.0,26009.0,25857.0,25985.0,9886.0,256455817.0,0.0
2019-09-26 01:15:00,MHImain,HKFE,25987.0,26107.0,25961.0,26027.0,27543.0,716890856.0,0.0
2019-09-26 11:00:00,MHImain,HKFE,26027.0,26055.0,25927.0,26025.0,20910.0,543441553.0,0.0
2019-09-26 17:15:00,MHImain,HKFE,26033.0,26073.0,25988.0,26004.0,2768.0,72029380.0,0.0
2019-09-26 21:15:00,MHImain,HKFE,26008.0,26016.0,25904.0,25935.0,5869.0,152317428.0,0.0
2019-09-27 01:15:00,MHImain,HKFE,25932.0,25997.0,25815.0,25955.0,7061.0,182924731.0,0.0
2019-09-27 11:00:00,MHImain,HKFE,25954.0,25970.0,25928.0,25948.0,2338.0,60670922.0,0.0
2019-09-27 17:15:00,MHImain,HKFE,25985.0,26007.0,25950.0,25990.0,3258.0,84639533.0,0.0
2019-09-27 21:15:00,MHImain,HKFE,25987.0,26039.0,25726.0,25760.0,19761.0,511228324.0,0.0
2019-09-28 01:15:00,MHImain,HKFE,25760.0,25777.0,25653.0,25667.0,3809.0,97945180.0,0.0
2019-09-30 01:15:00,MHImain,HKFE,25817.0,26021.0,25766.0,26000.0,31886.0,825672193.0,0.0
2019-09-30 11:00:00,MHImain,HKFE,26001.0,26158.0,25967.0,26046.0,31844.0,830046684.0,0.0
2019-09-30 17:15:00,MHImain,HKFE,26058.0,26072.0,25958.0,25983.0,4498.0,117027053.0,0.0
2019-09-30 21:15:00,MHImain,HKFE,25984.0,26074.0,25973.0,26037.0,6654.0,173194403.0,0.0
2019-10-01 01:15:00,MHImain,HKFE,26038.0,26045.0,25992.0,25998.0,1210.0,31474693.0,0.0
2019-10-02 01:15:00,MHImain,HKFE,25846.0,25926.0,25752.0,25882.0,25540.0,660158783.0,0.0
2019-10-02 11:00:00,MHImain,HKFE,25882.0,26088.0,25882.0,25950.0,29657.0,770875895.0,0.0
2019-10-02 17:15:00,MHImain,HKFE,25950.0,25950.0,25818.0,25829.0,7110.0,183830659.0,0.0
2019-10-02 21:15:00,MHImain,HKFE,25830.0,25843.0,25692.0,25741.0,15211.0,391956581.0,0.0
2019-10-03 01:15:00,MHImain,HKFE,25745.0,25922.0,25675.0,25873.0,27162.0,701836665.0,0.0
2019-10-03 11:00:00,MHImain,HKFE,25872.0,26219.0,25863.0,26144.0,40371.0,1050903583.0,0.0
2019-10-03 17:15:00,MHImain,HKFE,26149.0,26159.0,26074.0,26102.0,5541.0,144686717.0,0.0
2019-10-03 21:15:00,MHImain,HKFE,26099.0,26130.0,25958.0,26117.0,16230.0,422989206.0,0.0
2019-10-04 01:15:00,MHImain,HKFE,26112.0,26175.0,25955.0,25974.0,28588.0,745577219.0,0.0
2019-10-04 11:00:00,MHImain,HKFE,25972.0,26032.0,25566.0,25783.0,57535.0,1485178198.0,0.0
2019-10-04 17:15:00,MHImain,HKFE,25758.0,25782.0,25624.0,25756.0,12197.0,313414063.0,0.0
2019-10-04 21:15:00,MHImain,HKFE,25758.0,25808.0,25650.0,25714.0,11887.0,305900513.0,0.0
2019-10-05 01:15:00,MHImain,HKFE,25715.0,25849.0,25715.0,25846.0,1931.0,49799176.0,0.0
2019-10-08 01:15:00,MHImain,HKFE,25887.0,26183.0,25692.0,26177.0,40021.0,1038212612.0,0.0
2019-10-08 11:00:00,MHImain,HKFE,26178.0,26202.0,25840.0,25872.0,40123.0,1043047119.0,0.0
2019-10-08 17:15:00,MHImain,HKFE,25875.0,25882.0,25683.0,25747.0,11214.0,288825863.0,0.0
2019-10-08 21:15:00,MHImain,HKFE,25745.0,25750.0,25621.0,25702.0,13616.0,349746966.0,0.0
2019-10-09 01:15:00,MHImain,HKFE,25705.0,25869.0,25635.0,25759.0,33666.0,867604068.0,0.0
2019-10-09 11:00:00,MHImain,HKFE,25761.0,25790.0,25635.0,25651.0,34491.0,886729356.0,0.0
2019-10-09 17:15:00,MHImain,HKFE,25677.0,25843.0,25677.0,25760.0,11185.0,288456776.0,0.0
2019-10-09 21:15:00,MHImain,HKFE,25760.0,25816.0,25717.0,25773.0,6401.0,164876667.0,0.0
2019-10-10 01:15:00,MHImain,HKFE,25771.0,25830.0,25508.0,25746.0,44531.0,1143840193.0,0.0
2019-10-10 11:00:00,MHImain,HKFE,25747.0,25833.0,25691.0,25805.0,30429.0,784078261.0,0.0
2019-10-10 17:15:00,MHImain,HKFE,25810.0,25817.0,25751.0,25771.0,4568.0,117771486.0,0.0
2019-10-10 21:15:00,MHImain,HKFE,25772.0,25987.0,25767.0,25924.0,13319.0,345126625.0,0.0
2019-10-11 01:15:00,MHImain,HKFE,25920.0,26147.0,25831.0,26103.0,31183.0,812621191.0,0.0
2019-10-11 11:00:00,MHImain,HKFE,26102.0,26445.0,26101.0,26404.0,46326.0,1219202597.0,0.0
2019-10-11 17:15:00,MHImain,HKFE,26410.0,26544.0,26410.0,26522.0,8531.0,225917303.0,0.0
2019-10-11 21:15:00,MHImain,HKFE,26522.0,26676.0,26451.0,26555.0,16991.0,451453315.0,0.0
2019-10-12 01:15:00,MHImain,HKFE,26547.0,26643.0,26542.0,26617.0,2183.0,58035311.0,0.0
2019-10-14 01:15:00,MHImain,HKFE,26540.0,26663.0,26374.0,26600.0,37930.0,1006293105.0,0.0
2019-10-14 11:00:00,MHImain,HKFE,26599.0,26624.0,26485.0,26526.0,24146.0,641184296.0,0.0
2019-10-14 17:15:00,MHImain,HKFE,26519.0,26545.0,26380.0,26474.0,8407.0,222306677.0,0.0
2019-10-14 21:15:00,MHImain,HKFE,26472.0,26544.0,26455.0,26490.0,6687.0,177199288.0,0.0
2019-10-15 01:15:00,MHImain,HKFE,26491.0,26635.0,26476.0,26532.0,30906.0,820217490.0,0.0
2019-10-15 11:00:00,MHImain,HKFE,26530.0,26543.0,26433.0,26484.0,26707.0,707706420.0,0.0
2019-10-15 17:15:00,MHImain,HKFE,26481.0,26510.0,26462.0,26480.0,4299.0,113853140.0,0.0
2019-10-15 21:15:00,MHImain,HKFE,26481.0,26719.0,26468.0,26617.0,11884.0,316136448.0,0.0
2019-10-16 01:15:00,MHImain,HKFE,26615.0,26739.0,26382.0,26673.0,42956.0,1141877492.0,0.0
2019-10-16 11:00:00,MHImain,HKFE,26673.0,26716.0,26455.0,26640.0,39278.0,1044611987.0,0.0
2019-10-16 17:15:00,MHImain,HKFE,26620.0,26707.0,26597.0,26691.0,4741.0,126388278.0,0.0
2019-10-16 21:15:00,MHImain,HKFE,26691.0,26763.0,26648.0,26717.0,7918.0,211509233.0,0.0
2019-10-17 01:15:00,MHImain,HKFE,26715.0,26987.0,26680.0,26906.0,35853.0,963139232.0,0.0
2019-10-17 11:00:00,MHImain,HKFE,26906.0,26937.0,26768.0,26878.0,29602.0,794799719.0,0.0
2019-10-17 17:15:00,MHImain,HKFE,26872.0,27016.0,26866.0,26936.0,10441.0,281368774.0,0.0
2019-10-17 21:15:00,MHImain,HKFE,26931.0,26953.0,26853.0,26881.0,7410.0,199322323.0,0.0
2019-10-18 01:15:00,MHImain,HKFE,26880.0,27015.0,26754.0,26802.0,39237.0,1055415488.0,0.0
2019-10-18 11:00:00,MHImain,HKFE,26799.0,26852.0,26657.0,26672.0,33854.0,905548527.0,0.0
2019-10-18 17:15:00,MHImain,HKFE,26675.0,26754.0,26667.0,26731.0,3784.0,101133184.0,0.0
2019-10-18 21:15:00,MHImain,HKFE,26729.0,26754.0,26604.0,26680.0,7816.0,208613449.0,0.0
2019-10-19 01:15:00,MHImain,HKFE,26680.0,26715.0,26666.0,26687.0,1198.0,31976896.0,0.0
2019-10-21 01:15:00,MHImain,HKFE,26708.0,26843.0,26647.0,26777.0,33176.0,887531344.0,0.0
2019-10-21 11:00:00,MHImain,HKFE,26774.0,26823.0,26692.0,26694.0,23560.0,630338841.0,0.0
2019-10-21 17:15:00,MHImain,HKFE,26692.0,26758.0,26651.0,26745.0,4594.0,122669546.0,0.0
2019-10-21 21:15:00,MHImain,HKFE,26740.0,26768.0,26685.0,26736.0,5779.0,154466503.0,0.0
2019-10-22 01:15:00,MHImain,HKFE,26737.0,26896.0,26713.0,26819.0,36553.0,979307876.0,0.0
2019-10-22 11:00:00,MHImain,HKFE,26819.0,26843.0,26762.0,26778.0,21145.0,566694684.0,0.0
2019-10-22 17:15:00,MHImain,HKFE,26779.0,26839.0,26770.0,26829.0,2902.0,77801913.0,0.0
2019-10-22 21:15:00,MHImain,HKFE,26830.0,26871.0,26827.0,26855.0,4337.0,116424528.0,0.0
2019-10-23 01:15:00,MHImain,HKFE,26856.0,26870.0,26459.0,26473.0,44414.0,1184275609.0,0.0
2019-10-23 11:00:00,MHImain,HKFE,26472.0,26573.0,26456.0,26532.0,28361.0,752277649.0,0.0
2019-10-23 17:15:00,MHImain,HKFE,26539.0,26580.0,26481.0,26540.0,5074.0,134584327.0,0.0
2019-10-23 21:15:00,MHImain,HKFE,26541.0,26615.0,26537.0,26590.0,7445.0,197900839.0,0.0
2019-10-24 01:15:00,MHImain,HKFE,26591.0,26730.0,26556.0,26653.0,36202.0,964797412.0,0.0
2019-10-24 11:00:00,MHImain,HKFE,26654.0,26836.0,26641.0,26760.0,29724.0,794804830.0,0.0
2019-10-24 17:15:00,MHImain,HKFE,26750.0,26818.0,26750.0,26798.0,3106.0,83238720.0,0.0
2019-10-24 21:15:00,MHImain,HKFE,26797.0,26808.0,26708.0,26770.0,8284.0,221719429.0,0.0
2019-10-25 01:15:00,MHImain,HKFE,26768.0,26798.0,26594.0,26690.0,32362.0,863765096.0,0.0
2019-10-25 11:00:00,MHImain,HKFE,26689.0,26775.0,26656.0,26689.0,24553.0,655831609.0,0.0
2019-10-25 17:15:00,MHImain,HKFE,26689.0,26723.0,26671.0,26692.0,2427.0,64796086.0,0.0
2019-10-25 21:15:00,MHImain,HKFE,26692.0,26808.0,26684.0,26791.0,6713.0,179597977.0,0.0
2019-10-26 01:15:00,MHImain,HKFE,26789.0,26816.0,26781.0,26799.0,1500.0,40197682.0,0.0
2019-10-28 01:15:00,MHImain,HKFE,26785.0,27009.0,26762.0,26969.0,34406.0,924732420.0,0.0
2019-10-28 11:00:00,MHImain,HKFE,26970.0,27041.0,26887.0,26910.0,25771.0,694640073.0,0.0
2019-10-28 17:15:00,MHImain,HKFE,26913.0,26995.0,26881.0,26986.0,3082.0,83051938.0,0.0
2019-10-28 21:15:00,MHImain,HKFE,26987.0,27043.0,26978.0,27038.0,4989.0,134753031.0,0.0
2019-10-29 01:15:00,MHImain,HKFE,27038.0,27078.0,26856.0,26881.0,28334.0,763395147.0,0.0
2019-10-29 11:00:00,MHImain,HKFE,26882.0,26883.0,26717.0,26728.0,21564.0,577758423.0,0.0
2019-10-29 17:15:00,MHImain,HKFE,26734.0,26764.0,26681.0,26743.0,2749.0,73460609.0,0.0
2019-10-29 21:15:00,MHImain,HKFE,26742.0,26805.0,26731.0,26789.0,3215.0,86067087.0,0.0
2019-10-30 01:15:00,MHImain,HKFE,26787.0,26790.0,26615.0,26685.0,6036.0,161138073.0,0.0
2019-10-30 11:00:00,MHImain,HKFE,26681.0,26710.0,26667.0,26673.0,2043.0,54516346.0,0.0
2019-10-30 17:15:00,MHImain,HKFE,26636.0,26671.0,26618.0,26646.0,3122.0,83193740.0,0.0
2019-10-30 21:15:00,MHImain,HKFE,26643.0,26685.0,26566.0,26663.0,6994.0,186255298.0,0.0
2019-10-31 01:15:00,MHImain,HKFE,26662.0,26985.0,26564.0,26954.0,36216.0,972903737.0,0.0
2019-10-31 11:00:00,MHImain,HKFE,26952.0,27042.0,26840.0,26980.0,28344.0,763709639.0,0.0
2019-10-31 17:15:00,MHImain,HKFE,26970.0,26970.0,26742.0,26837.0,10863.0,291261610.0,0.0
2019-10-31 21:15:00,MHImain,HKFE,26835.0,26865.0,26716.0,26723.0,10125.0,271096039.0,0.0
2019-11-01 01:15:00,MHImain,HKFE,26724.0,27038.0,26677.0,27017.0,34960.0,940693319.0,0.0
2019-11-01 11:00:00,MHImain,HKFE,27018.0,27151.0,26991.0,27142.0,29282.0,792896984.0,0.0
2019-11-01 17:15:00,MHImain,HKFE,27128.0,27177.0,27118.0,27171.0,4493.0,121975612.0,0.0
2019-11-01 21:15:00,MHImain,HKFE,27171.0,27233.0,27152.0,27211.0,7867.0,213923918.0,0.0
2019-11-02 01:15:00,MHImain,HKFE,27210.0,27285.0,27210.0,27259.0,2402.0,65462589.0,0.0
2019-11-04 01:15:00,MHImain,HKFE,27248.0,27543.0,27233.0,27524.0,31895.0,874992870.0,0.0
2019-11-04 11:00:00,MHImain,HKFE,27524.0,27608.0,27455.0,27600.0,22878.0,629604348.0,0.0
2019-11-04 17:15:00,MHImain,HKFE,27609.0,27654.0,27580.0,27616.0,3929.0,108547007.0,0.0
2019-11-04 21:15:00,MHImain,HKFE,27616.0,27653.0,27551.0,27577.0,5365.0,148139346.0,0.0
2019-11-05 01:15:00,MHImain,HKFE,27579.0,27650.0,27457.0,27642.0,35784.0,985970603.0,0.0
2019-11-05 11:00:00,MHImain,HKFE,27641.0,27762.0,27631.0,27672.0,29931.0,828852770.0,0.0
2019-11-05 17:15:00,MHImain,HKFE,27686.0,27758.0,27681.0,27713.0,3773.0,104614004.0,0.0
2019-11-05 21:15:00,MHImain,HKFE,27712.0,27726.0,27607.0,27671.0,6778.0,187469427.0,0.0
2019-11-06 01:15:00,MHImain,HKFE,27670.0,27705.0,27541.0,27610.0,31456.0,868575325.0,0.0
2019-11-06 11:00:00,MHImain,HKFE,27610.0,27796.0,27610.0,27736.0,30388.0,842207607.0,0.0
2019-11-06 17:15:00,MHImain,HKFE,27731.0,27761.0,27682.0,27745.0,3173.0,87969246.0,0.0
2019-11-06 21:15:00,MHImain,HKFE,27745.0,27790.0,27648.0,27697.0,6806.0,188732347.0,0.0
2019-11-07 01:15:00,MHImain,HKFE,27696.0,27731.0,27541.0,27641.0,34710.0,959529378.0,0.0
2019-11-07 11:00:00,MHImain,HKFE,27640.0,27948.0,27564.0,27814.0,41134.0,1140359411.0,0.0
2019-11-07 17:15:00,MHImain,HKFE,27831.0,27886.0,27814.0,27839.0,4061.0,113109830.0,0.0
2019-11-07 21:15:00,MHImain,HKFE,27838.0,27922.0,27828.0,27879.0,6727.0,187499227.0,0.0
2019-11-08 01:15:00,MHImain,HKFE,27882.0,27938.0,27674.0,27723.0,31170.0,865336825.0,0.0
2019-11-08 11:00:00,MHImain,HKFE,27726.0,27796.0,27592.0,27679.0,28251.0,782071619.0,0.0
2019-11-08 17:15:00,MHImain,HKFE,27645.0,27721.0,27645.0,27687.0,3177.0,87949780.0,0.0
2019-11-08 21:15:00,MHImain,HKFE,27686.0,27710.0,27577.0,27656.0,6817.0,188457843.0,0.0
2019-11-09 01:15:00,MHImain,HKFE,27655.0,27659.0,27606.0,27618.0,939.0,25942869.0,0.0
2019-11-11 01:15:00,MHImain,HKFE,27515.0,27526.0,26983.0,27035.0,40725.0,1107165592.0,0.0
2019-11-11 11:00:00,MHImain,HKFE,27039.0,27094.0,26808.0,27002.0,40576.0,1093530805.0,0.0
2019-11-11 17:15:00,MHImain,HKFE,27005.0,27079.0,26954.0,27032.0,5835.0,157588782.0,0.0
2019-11-11 21:15:00,MHImain,HKFE,27035.0,27166.0,26986.0,27151.0,7683.0,208166659.0,0.0
2019-11-12 01:15:00,MHImain,HKFE,27151.0,27208.0,26830.0,26856.0,38222.0,1032116748.0,0.0
2019-11-12 11:00:00,MHImain,HKFE,26856.0,27097.0,26776.0,26982.0,39769.0,1072916106.0,0.0
2019-11-12 17:15:00,MHImain,HKFE,26982.0,27006.0,26934.0,26961.0,3786.0,102129770.0,0.0
2019-11-12 21:15:00,MHImain,HKFE,26961.0,27004.0,26913.0,26947.0,5871.0,158251228.0,0.0
2019-11-13 01:15:00,MHImain,HKFE,26947.0,26958.0,26455.0,26544.0,42669.0,1134580858.0,0.0
2019-11-13 11:00:00,MHImain,HKFE,26543.0,26668.0,26445.0,26494.0,37641.0,998589342.0,0.0
2019-11-13 17:15:00,MHImain,HKFE,26487.0,26502.0,26352.0,26418.0,8068.0,213019265.0,0.0
2019-11-13 21:15:00,MHImain,HKFE,26416.0,26520.0,26362.0,26505.0,8497.0,224634912.0,0.0
2019-11-14 01:15:00,MHImain,HKFE,26506.0,26624.0,26268.0,26319.0,47278.0,1250436260.0,0.0
2019-11-14 11:00:00,MHImain,HKFE,26318.0,26405.0,26178.0,26321.0,43982.0,1157231172.0,0.0
2019-11-14 17:15:00,MHImain,HKFE,26320.0,26412.0,26292.0,26355.0,4745.0,125099014.0,0.0
2019-11-14 21:15:00,MHImain,HKFE,26355.0,26395.0,26276.0,26304.0,6068.0,159853489.0,0.0
2019-11-15 01:15:00,MHImain,HKFE,26305.0,26617.0,26275.0,26434.0,39812.0,1053044045.0,0.0
2019-11-15 11:00:00,MHImain,HKFE,26433.0,26445.0,26273.0,26283.0,25629.0,675443406.0,0.0
2019-11-15 17:15:00,MHImain,HKFE,26284.0,26323.0,26225.0,26288.0,4601.0,120896463.0,0.0
2019-11-15 21:15:00,MHImain,HKFE,26290.0,26397.0,26272.0,26372.0,5845.0,153938094.0,0.0
2019-11-16 01:15:00,MHImain,HKFE,26373.0,26399.0,26368.0,26380.0,987.0,26037517.0,0.0
2019-11-18 01:15:00,MHImain,HKFE,26336.0,26682.0,26316.0,26619.0,41707.0,1106808704.0,0.0
2019-11-18 11:00:00,MHImain,HKFE,26620.0,26704.0,26462.0,26680.0,32240.0,857619389.0,0.0
2019-11-18 17:15:00,MHImain,HKFE,26679.0,26679.0,26611.0,26624.0,2852.0,75976117.0,0.0
2019-11-18 21:15:00,MHImain,HKFE,26624.0,26628.0,26523.0,26606.0,9834.0,261236768.0,0.0
2019-11-19 01:15:00,MHImain,HKFE,26610.0,26988.0,26501.0,26933.0,45926.0,1230574404.0,0.0
2019-11-19 11:00:00,MHImain,HKFE,26934.0,27106.0,26875.0,27072.0,33383.0,901366599.0,0.0
2019-11-19 17:15:00,MHImain,HKFE,27080.0,27123.0,27044.0,27053.0,4584.0,124152347.0,0.0
2019-11-19 21:15:00,MHImain,HKFE,27054.0,27069.0,26892.0,26951.0,10306.0,277836885.0,0.0
2019-11-20 01:15:00,MHImain,HKFE,26950.0,26959.0,26777.0,26894.0,38345.0,1030238587.0,0.0
2019-11-20 11:00:00,MHImain,HKFE,26894.0,26961.0,26804.0,26813.0,25578.0,687874700.0,0.0
2019-11-20 17:15:00,MHImain,HKFE,26802.0,26835.0,26752.0,26816.0,5220.0,139914100.0,0.0
2019-11-20 21:15:00,MHImain,HKFE,26819.0,26867.0,26786.0,26796.0,5666.0,152027246.0,0.0
2019-11-21 01:15:00,MHImain,HKFE,26794.0,26807.0,26267.0,26507.0,52703.0,1393298891.0,0.0
2019-11-21 11:00:00,MHImain,HKFE,26505.0,26518.0,26413.0,26439.0,25430.0,672759203.0,0.0
2019-11-21 17:15:00,MHImain,HKFE,26438.0,26592.0,26438.0,26574.0,6360.0,168712615.0,0.0
2019-11-21 21:15:00,MHImain,HKFE,26574.0,26578.0,26457.0,26527.0,8810.0,233643582.0,0.0
2019-11-22 01:15:00,MHImain,HKFE,26526.0,26675.0,26502.0,26523.0,33794.0,898472575.0,0.0
2019-11-22 11:00:00,MHImain,HKFE,26524.0,26644.0,26472.0,26622.0,22955.0,609236890.0,0.0
2019-11-22 17:15:00,MHImain,HKFE,26620.0,26631.0,26566.0,26605.0,4487.0,119340984.0,0.0
2019-11-22 21:15:00,MHImain,HKFE,26605.0,26656.0,26563.0,26577.0,6470.0,172156391.0,0.0
2019-11-23 01:15:00,MHImain,HKFE,26577.0,26588.0,26553.0,26573.0,799.0,21232586.0,0.0
2019-11-25 01:15:00,MHImain,HKFE,26638.0,27140.0,26638.0,27072.0,38102.0,1028193033.0,0.0
2019-11-25 11:00:00,MHImain,HKFE,27071.0,27102.0,26930.0,27030.0,24878.0,672520423.0,0.0
2019-11-25 17:15:00,MHImain,HKFE,27002.0,27032.0,26967.0,26985.0,2988.0,80665948.0,0.0
2019-11-25 21:15:00,MHImain,HKFE,26986.0,27092.0,26962.0,27046.0,5888.0,159193015.0,0.0
2019-11-26 01:15:00,MHImain,HKFE,27049.0,27267.0,26944.0,26989.0,50301.0,1363189780.0,0.0
2019-11-26 11:00:00,MHImain,HKFE,26993.0,27032.0,26923.0,26974.0,25362.0,684245567.0,0.0
2019-11-26 17:15:00,MHImain,HKFE,26945.0,26998.0,26901.0,26994.0,2799.0,75457861.0,0.0
2019-11-26 21:15:00,MHImain,HKFE,26995.0,27003.0,26921.0,26969.0,5342.0,144008812.0,0.0
2019-11-27 01:15:00,MHImain,HKFE,26964.0,27019.0,26876.0,26941.0,26209.0,706473258.0,0.0
2019-11-27 11:00:00,MHImain,HKFE,26941.0,26980.0,26888.0,26954.0,15304.0,412277568.0,0.0
2019-11-27 17:15:00,MHImain,HKFE,27028.0,27086.0,27028.0,27040.0,1341.0,36283175.0,0.0
2019-11-27 21:15:00,MHImain,HKFE,27040.0,27057.0,27004.0,27057.0,1449.0,39161909.0,0.0
2019-11-28 01:15:00,MHImain,HKFE,27055.0,27088.0,26791.0,26998.0,32535.0,876294314.0,0.0
2019-11-28 11:00:00,MHImain,HKFE,26999.0,27015.0,26860.0,26880.0,19711.0,531258653.0,0.0
2019-11-28 17:15:00,MHImain,HKFE,26883.0,26914.0,26863.0,26883.0,2673.0,71885669.0,0.0
2019-11-28 21:15:00,MHImain,HKFE,26885.0,26909.0,26881.0,26901.0,1589.0,42738183.0,0.0
2019-11-29 01:15:00,MHImain,HKFE,26901.0,26917.0,26420.0,26457.0,40722.0,1081334002.0,0.0
2019-11-29 11:00:00,MHImain,HKFE,26458.0,26458.0,26324.0,26344.0,33436.0,881970622.0,0.0
2019-11-29 17:15:00,MHImain,HKFE,26374.0,26443.0,26357.0,26402.0,5067.0,133833275.0,0.0
2019-11-29 21:15:00,MHImain,HKFE,26401.0,26430.0,26338.0,26396.0,7234.0,190934883.0,0.0
2019-11-30 01:15:00,MHImain,HKFE,26392.0,26407.0,26370.0,26370.0,1360.0,35887439.0,0.0
2019-12-02 01:15:00,MHImain,HKFE,26468.0,26575.0,26413.0,26482.0,29538.0,782714001.0,0.0
2019-12-02 11:00:00,MHImain,HKFE,26481.0,26510.0,26444.0,26490.0,15326.0,405752089.0,0.0
2019-12-02 17:15:00,MHImain,HKFE,26492.0,26500.0,26395.0,26419.0,4107.0,108587507.0,0.0
2019-12-02 21:15:00,MHImain,HKFE,26418.0,26433.0,26327.0,26367.0,9249.0,243986960.0,0.0
2019-12-03 01:15:00,MHImain,HKFE,26369.0,26422.0,26063.0,26346.0,47987.0,1259969606.0,0.0
2019-12-03 11:00:00,MHImain,HKFE,26347.0,26471.0,26339.0,26385.0,22989.0,607231489.0,0.0
2019-12-03 17:15:00,MHImain,HKFE,26412.0,26413.0,26153.0,26163.0,8691.0,228429067.0,0.0
2019-12-03 21:15:00,MHImain,HKFE,26163.0,26170.0,25949.0,26056.0,18369.0,478513749.0,0.0
2019-12-04 01:15:00,MHImain,HKFE,26056.0,26205.0,25962.0,26096.0,40117.0,1047082327.0,0.0
2019-12-04 11:00:00,MHImain,HKFE,26095.0,26152.0,26042.0,26080.0,22163.0,578372822.0,0.0
2019-12-04 17:15:00,MHImain,HKFE,26085.0,26285.0,26085.0,26233.0,7795.0,204404643.0,0.0
2019-12-04 21:15:00,MHImain,HKFE,26232.0,26294.0,26208.0,26261.0,6359.0,166955011.0,0.0
2019-12-05 01:15:00,MHImain,HKFE,26261.0,26326.0,26171.0,26174.0,30262.0,794025054.0,0.0
2019-12-05 11:00:00,MHImain,HKFE,26172.0,26275.0,26126.0,26241.0,24431.0,640006414.0,0.0
2019-12-05 17:15:00,MHImain,HKFE,26246.0,26285.0,26211.0,26241.0,3561.0,93481674.0,0.0
2019-12-05 21:15:00,MHImain,HKFE,26242.0,26269.0,26195.0,26247.0,5378.0,141098701.0,0.0
2019-12-06 01:15:00,MHImain,HKFE,26247.0,26540.0,26230.0,26392.0,34931.0,923305379.0,0.0
2019-12-06 11:00:00,MHImain,HKFE,26393.0,26555.0,26381.0,26520.0,23602.0,624608296.0,0.0
2019-12-06 17:15:00,MHImain,HKFE,26523.0,26537.0,26500.0,26507.0,2156.0,57168326.0,0.0
2019-12-06 21:15:00,MHImain,HKFE,26509.0,26604.0,26503.0,26567.0,7701.0,204555505.0,0.0
2019-12-07 01:15:00,MHImain,HKFE,26566.0,26598.0,26562.0,26598.0,951.0,25278734.0,0.0
2019-12-09 01:15:00,MHImain,HKFE,26501.0,26664.0,26426.0,26598.0,34323.0,910771946.0,0.0
2019-12-09 11:00:00,MHImain,HKFE,26598.0,26628.0,26480.0,26512.0,21789.0,578128886.0,0.0
2019-12-09 17:15:00,MHImain,HKFE,26510.0,26516.0,26478.0,26505.0,1722.0,45626236.0,0.0
2019-12-09 21:15:00,MHImain,HKFE,26505.0,26534.0,26461.0,26485.0,3030.0,80311290.0,0.0
2019-12-10 01:15:00,MHImain,HKFE,26483.0,26573.0,26292.0,26507.0,33633.0,889733016.0,0.0
2019-12-10 11:00:00,MHImain,HKFE,26508.0,26538.0,26418.0,26423.0,16990.0,450103378.0,0.0
2019-12-10 17:15:00,MHImain,HKFE,26409.0,26409.0,26257.0,26367.0,5975.0,157343567.0,0.0
2019-12-10 21:15:00,MHImain,HKFE,26368.0,26501.0,26357.0,26471.0,9817.0,259702178.0,0.0
2019-12-11 01:15:00,MHImain,HKFE,26469.0,26524.0,26362.0,26509.0,29651.0,784129338.0,0.0
2019-12-11 11:00:00,MHImain,HKFE,26509.0,26689.0,26475.0,26653.0,27265.0,725388334.0,0.0
2019-12-11 17:15:00,MHImain,HKFE,26641.0,26668.0,26590.0,26647.0,3217.0,85680905.0,0.0
2019-12-11 21:15:00,MHImain,HKFE,26649.0,26679.0,26625.0,26628.0,3733.0,99496011.0,0.0
2019-12-12 01:15:00,MHImain,HKFE,26627.0,27095.0,26625.0,27044.0,35463.0,956471705.0,0.0
2019-12-12 11:00:00,MHImain,HKFE,27043.0,27076.0,26985.0,27007.0,20230.0,546851324.0,0.0
2019-12-12 17:15:00,MHImain,HKFE,27008.0,27026.0,26925.0,26931.0,4628.0,124844093.0,0.0
2019-12-12 21:15:00,MHImain,HKFE,26929.0,27600.0,26916.0,27160.0,19661.0,534964359.0,0.0
2019-12-13 01:15:00,MHImain,HKFE,27164.0,27577.0,27125.0,27506.0,32308.0,887504789.0,0.0
2019-12-13 11:00:00,MHImain,HKFE,27507.0,27745.0,27501.0,27706.0,35262.0,974113398.0,0.0
2019-12-13 17:15:00,MHImain,HKFE,27705.0,27845.0,27611.0,27716.0,10824.0,300330840.0,0.0
2019-12-13 21:15:00,MHImain,HKFE,27717.0,27889.0,27447.0,27536.0,36205.0,1000873876.0,0.0
2019-12-14 01:15:00,MHImain,HKFE,27535.0,27555.0,27505.0,27511.0,1577.0,43417907.0,0.0
2019-12-16 01:15:00,MHImain,HKFE,27600.0,27747.0,27509.0,27570.0,35461.0,979897553.0,0.0
2019-12-16 11:00:00,MHImain,HKFE,27569.0,27656.0,27518.0,27585.0,23507.0,648807127.0,0.0
2019-12-16 17:15:00,MHImain,HKFE,27575.0,27630.0,27566.0,27625.0,3374.0,93114023.0,0.0
2019-12-16 21:15:00,MHImain,HKFE,27625.0,27726.0,27622.0,27718.0,8115.0,224640557.0,0.0
2019-12-17 01:15:00,MHImain,HKFE,27716.0,27793.0,27562.0,27759.0,37063.0,1026213325.0,0.0
2019-12-17 11:00:00,MHImain,HKFE,27760.0,27922.0,27728.0,27823.0,35356.0,983991282.0,0.0
2019-12-17 17:15:00,MHImain,HKFE,27819.0,27846.0,27766.0,27813.0,4823.0,134084029.0,0.0
2019-12-17 21:15:00,MHImain,HKFE,27812.0,27866.0,27784.0,27850.0,6146.0,170993925.0,0.0
2019-12-18 01:15:00,MHImain,HKFE,27848.0,28031.0,27817.0,27836.0,39150.0,1093114242.0,0.0
2019-12-18 11:00:00,MHImain,HKFE,27838.0,27931.0,27786.0,27913.0,27280.0,759839662.0,0.0
2019-12-18 17:15:00,MHImain,HKFE,27912.0,27966.0,27897.0,27925.0,3692.0,103127526.0,0.0
2019-12-18 21:15:00,MHImain,HKFE,27924.0,27939.0,27877.0,27899.0,5258.0,146733601.0,0.0
2019-12-19 01:15:00,MHImain,HKFE,27897.0,27975.0,27692.0,27728.0,32561.0,906238068.0,0.0
2019-12-19 11:00:00,MHImain,HKFE,27727.0,27865.0,27722.0,27809.0,19964.0,554760458.0,0.0
2019-12-19 17:15:00,MHImain,HKFE,27805.0,27823.0,27762.0,27764.0,4078.0,113350939.0,0.0
2019-12-19 21:15:00,MHImain,HKFE,27764.0,27861.0,27752.0,27844.0,4917.0,136695476.0,0.0
2019-12-20 01:15:00,MHImain,HKFE,27845.0,28014.0,27757.0,27973.0,39094.0,1090283915.0,0.0
2019-12-20 11:00:00,MHImain,HKFE,27976.0,27993.0,27819.0,27935.0,23755.0,662679479.0,0.0
2019-12-20 17:15:00,MHImain,HKFE,27935.0,27991.0,27913.0,27967.0,4341.0,121342471.0,0.0
2019-12-20 21:15:00,MHImain,HKFE,27965.0,27984.0,27929.0,27944.0,4825.0,134895950.0,0.0
2019-12-21 01:15:00,MHImain,HKFE,27943.0,27960.0,27930.0,27960.0,979.0,27360199.0,0.0
2019-12-23 01:15:00,MHImain,HKFE,28048.0,28084.0,27873.0,27876.0,31727.0,886861769.0,0.0
2019-12-23 11:00:00,MHImain,HKFE,27875.0,27923.0,27846.0,27860.0,18192.0,507318013.0,0.0
2019-12-23 17:15:00,MHImain,HKFE,27862.0,27907.0,27858.0,27897.0,1993.0,55585032.0,0.0
2019-12-23 21:15:00,MHImain,HKFE,27897.0,27900.0,27837.0,27851.0,2822.0,78658881.0,0.0
2019-12-24 01:15:00,MHImain,HKFE,27853.0,27921.0,27798.0,27859.0,23544.0,655769608.0,0.0
2019-12-24 11:00:00,MHImain,HKFE,27859.0,27892.0,27848.0,27859.0,5057.0,140927525.0,0.0
2019-12-24 17:15:00,MHImain,HKFE,27868.0,27868.0,27868.0,27868.0,0.0,0.0,0.0
2019-12-24 21:15:00,MHImain,HKFE,27868.0,27868.0,27868.0,27868.0,0.0,0.0,0.0
2019-12-25 01:15:00,MHImain,HKFE,27868.0,27868.0,27868.0,27868.0,0.0,0.0,0.0
2019-12-27 01:15:00,MHImain,HKFE,28020.0,28258.0,28000.0,28214.0,23544.0,662990515.0,0.0
2019-12-27 11:00:00,MHImain,HKFE,28213.0,28246.0,28165.0,28220.0,14517.0,409526492.0,0.0
2019-12-27 17:15:00,MHImain,HKFE,28325.0,28371.0,28302.0,28355.0,1199.0,33988360.0,0.0
2019-12-27 21:15:00,MHImain,HKFE,28350.0,28360.0,28300.0,28339.0,1798.0,50942840.0,0.0
2019-12-28 01:15:00,MHImain,HKFE,28339.0,28342.0,28322.0,28322.0,280.0,7932941.0,0.0
2019-12-30 01:15:00,MHImain,HKFE,28322.0,28472.0,28270.0,28460.0,24947.0,707753337.0,0.0
2019-12-30 11:00:00,MHImain,HKFE,28459.0,28535.0,28391.0,28420.0,21605.0,614880494.0,0.0
2019-12-30 17:15:00,MHImain,HKFE,28415.0,28447.0,28371.0,28444.0,2800.0,79535058.0,0.0
2019-12-30 21:15:00,MHImain,HKFE,28445.0,28465.0,28323.0,28353.0,7978.0,226423595.0,0.0
2019-12-31 01:15:00,MHImain,HKFE,28355.0,28408.0,28219.0,28237.0,23526.0,666048385.0,0.0
2019-12-31 11:00:00,MHImain,HKFE,28239.0,28289.0,28198.0,28284.0,6203.0,175193029.0,0.0
2019-12-31 17:15:00,MHImain,HKFE,28276.0,28276.0,28276.0,28276.0,0.0,0.0,0.0
2020-01-02 01:15:00,MHImain,HKFE,28360.0,28619.0,28210.0,28552.0,35596.0,1012923167.0,0.0
2020-01-02 11:00:00,MHImain,HKFE,28553.0,28629.0,28457.0,28600.0,22486.0,642056998.0,0.0
2020-01-02 17:15:00,MHImain,HKFE,28612.0,28670.0,28605.0,28644.0,3288.0,94173398.0,0.0
2020-01-02 21:15:00,MHImain,HKFE,28644.0,28788.0,28642.0,28760.0,9288.0,266856550.0,0.0
2020-01-03 01:15:00,MHImain,HKFE,28758.0,28946.0,28480.0,28582.0,47318.0,1359390798.0,0.0
2020-01-03 11:00:00,MHImain,HKFE,28581.0,28615.0,28426.0,28435.0,25760.0,734485060.0,0.0
2020-01-03 17:15:00,MHImain,HKFE,28430.0,28430.0,28278.0,28426.0,9080.0,257489484.0,0.0
2020-01-03 21:15:00,MHImain,HKFE,28426.0,28534.0,28375.0,28472.0,12379.0,352356412.0,0.0
2020-01-04 01:15:00,MHImain,HKFE,28472.0,28492.0,28375.0,28427.0,1565.0,44495902.0,0.0
2020-01-06 01:15:00,MHImain,HKFE,28300.0,28435.0,28233.0,28297.0,34749.0,984021933.0,0.0
2020-01-06 11:00:00,MHImain,HKFE,28294.0,28369.0,28075.0,28194.0,33625.0,949476432.0,0.0
2020-01-06 17:15:00,MHImain,HKFE,28190.0,28265.0,28106.0,28207.0,6197.0,174790058.0,0.0
2020-01-06 21:15:00,MHImain,HKFE,28208.0,28307.0,28168.0,28256.0,8694.0,245561565.0,0.0
2020-01-07 01:15:00,MHImain,HKFE,28254.0,28530.0,28253.0,28422.0,38526.0,1095421167.0,0.0
2020-01-07 11:00:00,MHImain,HKFE,28422.0,28453.0,28281.0,28378.0,24137.0,685240766.0,0.0
2020-01-07 17:15:00,MHImain,HKFE,28355.0,28394.0,28330.0,28340.0,3850.0,109196155.0,0.0
2020-01-07 21:15:00,MHImain,HKFE,28340.0,28350.0,28240.0,28288.0,9692.0,274211189.0,0.0
2020-01-08 01:15:00,MHImain,HKFE,28290.0,28310.0,27860.0,28149.0,46019.0,1289520833.0,0.0
2020-01-08 11:00:00,MHImain,HKFE,28150.0,28253.0,27998.0,28056.0,35436.0,996282129.0,0.0
2020-01-08 17:15:00,MHImain,HKFE,28068.0,28176.0,28068.0,28160.0,5696.0,160260449.0,0.0
2020-01-08 21:15:00,MHImain,HKFE,28160.0,28452.0,28136.0,28414.0,14747.0,416785945.0,0.0
2020-01-09 01:15:00,MHImain,HKFE,28411.0,28504.0,28368.0,28435.0,33787.0,960761116.0,0.0
2020-01-09 11:00:00,MHImain,HKFE,28436.0,28633.0,28411.0,28624.0,26247.0,748668979.0,0.0
2020-01-09 17:15:00,MHImain,HKFE,28625.0,28628.0,28516.0,28540.0,6303.0,180028930.0,0.0
2020-01-09 21:15:00,MHImain,HKFE,28539.0,28610.0,28511.0,28578.0,7011.0,200184716.0,0.0
2020-01-10 01:15:00,MHImain,HKFE,28578.0,28725.0,28532.0,28620.0,30374.0,868969892.0,0.0
2020-01-10 11:00:00,MHImain,HKFE,28619.0,28707.0,28589.0,28662.0,21857.0,626362085.0,0.0
2020-01-10 17:15:00,MHImain,HKFE,28662.0,28734.0,28646.0,28698.0,3322.0,95352660.0,0.0
2020-01-10 21:15:00,MHImain,HKFE,28700.0,28758.0,28652.0,28682.0,9051.0,259844829.0,0.0
2020-01-11 01:15:00,MHImain,HKFE,28684.0,28777.0,28673.0,28766.0,1435.0,41232096.0,0.0
2020-01-13 01:15:00,MHImain,HKFE,28711.0,28984.0,28711.0,28973.0,38587.0,1112112286.0,0.0
2020-01-13 11:00:00,MHImain,HKFE,28974.0,29039.0,28901.0,28959.0,24355.0,705576048.0,0.0
2020-01-13 17:15:00,MHImain,HKFE,28960.0,28981.0,28906.0,28941.0,3420.0,98988915.0,0.0
2020-01-13 21:15:00,MHImain,HKFE,28943.0,29091.0,28887.0,29089.0,8243.0,238803012.0,0.0
2020-01-14 01:15:00,MHImain,HKFE,29088.0,29227.0,28963.0,29028.0,31732.0,923047403.0,0.0
2020-01-14 11:00:00,MHImain,HKFE,29030.0,29040.0,28797.0,28800.0,29211.0,845151103.0,0.0
2020-01-14 17:15:00,MHImain,HKFE,28805.0,28952.0,28795.0,28904.0,6535.0,188889500.0,0.0
2020-01-14 21:15:00,MHImain,HKFE,28902.0,28992.0,28900.0,28989.0,7588.0,219660491.0,0.0
2020-01-15 01:15:00,MHImain,HKFE,28989.0,29030.0,28683.0,28754.0,40401.0,1165541862.0,0.0
2020-01-15 11:00:00,MHImain,HKFE,28754.0,28837.0,28660.0,28755.0,25525.0,733761643.0,0.0
2020-01-15 17:15:00,MHImain,HKFE,28746.0,28823.0,28735.0,28801.0,3174.0,91391469.0,0.0
2020-01-15 21:15:00,MHImain,HKFE,28799.0,28866.0,28781.0,28860.0,7536.0,217248806.0,0.0
2020-01-16 01:15:00,MHImain,HKFE,28860.0,29041.0,28738.0,28903.0,39896.0,1152906170.0,0.0
2020-01-16 11:00:00,MHImain,HKFE,28903.0,28909.0,28758.0,28893.0,25118.0,724021091.0,0.0
2020-01-16 17:15:00,MHImain,HKFE,28899.0,28926.0,28862.0,28921.0,3690.0,106637181.0,0.0
2020-01-16 21:15:00,MHImain,HKFE,28920.0,28998.0,28905.0,28966.0,6221.0,180144261.0,0.0
2020-01-17 01:15:00,MHImain,HKFE,28965.0,29162.0,28807.0,28920.0,44753.0,1296260350.0,0.0
2020-01-17 11:00:00,MHImain,HKFE,28920.0,29078.0,28850.0,29066.0,24751.0,716213173.0,0.0
2020-01-17 17:15:00,MHImain,HKFE,29080.0,29134.0,29056.0,29094.0,3848.0,111956539.0,0.0
2020-01-17 21:15:00,MHImain,HKFE,29093.0,29121.0,29012.0,29065.0,6297.0,183037121.0,0.0
2020-01-18 01:15:00,MHImain,HKFE,29064.0,29095.0,29050.0,29089.0,950.0,27622012.0,0.0
2020-01-20 01:15:00,MHImain,HKFE,29150.0,29210.0,28938.0,28953.0,35636.0,1035935624.0,0.0
2020-01-20 11:00:00,MHImain,HKFE,28954.0,29026.0,28685.0,28694.0,32913.0,950659628.0,0.0
2020-01-20 17:15:00,MHImain,HKFE,28683.0,28753.0,28663.0,28736.0,3601.0,103421917.0,0.0
2020-01-20 21:15:00,MHImain,HKFE,28737.0,28746.0,28666.0,28680.0,3290.0,94437093.0,0.0
2020-01-21 01:15:00,MHImain,HKFE,28680.0,28688.0,28215.0,28266.0,48559.0,1376388587.0,0.0
2020-01-21 11:00:00,MHImain,HKFE,28264.0,28326.0,27842.0,27909.0,51984.0,1459678697.0,0.0
2020-01-21 17:15:00,MHImain,HKFE,27919.0,27998.0,27912.0,27945.0,6184.0,172850207.0,0.0
2020-01-21 21:15:00,MHImain,HKFE,27949.0,28122.0,27945.0,28082.0,11488.0,322301266.0,0.0
2020-01-22 01:15:00,MHImain,HKFE,28083.0,28254.0,27939.0,28249.0,45520.0,1279169756.0,0.0
2020-01-22 11:00:00,MHImain,HKFE,28250.0,28377.0,28126.0,28318.0,37184.0,1051405984.0,0.0
2020-01-22 17:15:00,MHImain,HKFE,28308.0,28333.0,28192.0,28259.0,5551.0,156798988.0,0.0
2020-01-22 21:15:00,MHImain,HKFE,28260.0,28279.0,28081.0,28081.0,10364.0,292038035.0,0.0
2020-01-23 01:15:00,MHImain,HKFE,28083.0,28166.0,27910.0,27994.0,43402.0,1217012394.0,0.0
2020-01-23 11:00:00,MHImain,HKFE,27993.0,28037.0,27703.0,27815.0,52240.0,1453138216.0,0.0
2020-01-23 17:15:00,MHImain,HKFE,27813.0,27862.0,27780.0,27789.0,4430.0,123278171.0,0.0
2020-01-23 21:15:00,MHImain,HKFE,27789.0,27823.0,27555.0,27626.0,17137.0,474030383.0,0.0
2020-01-24 01:15:00,MHImain,HKFE,27628.0,27941.0,27593.0,27892.0,26758.0,744477417.0,0.0
2020-01-24 11:00:00,MHImain,HKFE,27893.0,27965.0,27866.0,27914.0,6622.0,184862184.0,0.0
2020-01-24 17:15:00,MHImain,HKFE,27925.0,27925.0,27925.0,27925.0,0.0,0.0,0.0
2020-01-24 21:15:00,MHImain,HKFE,27925.0,27925.0,27925.0,27925.0,0.0,0.0,0.0
2020-01-29 01:15:00,MHImain,HKFE,27010.0,27317.0,27000.0,27219.0,28913.0,786370449.0,0.0
2020-01-29 11:00:00,MHImain,HKFE,27219.0,27339.0,27103.0,27123.0,23397.0,636604877.0,0.0
2020-01-29 17:15:00,MHImain,HKFE,27063.0,27109.0,27010.0,27070.0,2470.0,66860786.0,0.0
2020-01-29 21:15:00,MHImain,HKFE,27071.0,27075.0,26913.0,26948.0,5574.0,150417100.0,0.0
2020-01-30 01:15:00,MHImain,HKFE,26950.0,27085.0,26619.0,26680.0,35534.0,954619691.0,0.0
2020-01-30 11:00:00,MHImain,HKFE,26684.0,26787.0,26260.0,26355.0,51338.0,1359826656.0,0.0
2020-01-30 17:15:00,MHImain,HKFE,26380.0,26462.0,26311.0,26341.0,9870.0,260372917.0,0.0
2020-01-30 21:15:00,MHImain,HKFE,26343.0,26464.0,26268.0,26388.0,17631.0,465182059.0,0.0
2020-01-31 01:15:00,MHImain,HKFE,26386.0,26760.0,26319.0,26520.0,44242.0,1175450595.0,0.0
2020-01-31 11:00:00,MHImain,HKFE,26518.0,26560.0,26230.0,26233.0,38338.0,1010645001.0,0.0
2020-01-31 17:15:00,MHImain,HKFE,26230.0,26252.0,26050.0,26128.0,11672.0,304974878.0,0.0
2020-01-31 21:15:00,MHImain,HKFE,26128.0,26156.0,25921.0,25974.0,17540.0,456761466.0,0.0
2020-02-01 01:15:00,MHImain,HKFE,25975.0,25981.0,25880.0,25889.0,4100.0,106262572.0,0.0
2020-02-03 01:15:00,MHImain,HKFE,26195.0,26460.0,26024.0,26167.0,56826.0,1492129950.0,0.0
2020-02-03 11:00:00,MHImain,HKFE,26165.0,26410.0,26140.0,26202.0,44050.0,1157978089.0,0.0
2020-02-03 17:15:00,MHImain,HKFE,26248.0,26300.0,26206.0,26299.0,6073.0,159480066.0,0.0
2020-02-03 21:15:00,MHImain,HKFE,26299.0,26388.0,26246.0,26278.0,13009.0,342264590.0,0.0
2020-02-04 01:15:00,MHImain,HKFE,26280.0,26644.0,26266.0,26433.0,53160.0,1408868419.0,0.0
2020-02-04 11:00:00,MHImain,HKFE,26433.0,26776.0,26400.0,26771.0,43416.0,1152851391.0,0.0
2020-02-04 17:15:00,MHImain,HKFE,26775.0,26796.0,26684.0,26780.0,8893.0,237811371.0,0.0
2020-02-04 21:15:00,MHImain,HKFE,26780.0,26937.0,26775.0,26922.0,13671.0,367022331.0,0.0
2020-02-05 01:15:00,MHImain,HKFE,26922.0,26929.0,26578.0,26699.0,53273.0,1423969383.0,0.0
2020-02-05 11:00:00,MHImain,HKFE,26698.0,26742.0,26526.0,26734.0,43385.0,1155689196.0,0.0
2020-02-05 17:15:00,MHImain,HKFE,26742.0,27184.0,26742.0,27113.0,19329.0,523647889.0,0.0
2020-02-05 21:15:00,MHImain,HKFE,27116.0,27157.0,26834.0,26948.0,21764.0,586992642.0,0.0
2020-02-06 01:15:00,MHImain,HKFE,26951.0,27228.0,26892.0,27170.0,48101.0,1301357874.0,0.0
2020-02-06 11:00:00,MHImain,HKFE,27168.0,27568.0,27163.0,27384.0,57018.0,1561343554.0,0.0
2020-02-06 17:15:00,MHImain,HKFE,27395.0,27413.0,27219.0,27300.0,11033.0,301207611.0,0.0
2020-02-06 21:15:00,MHImain,HKFE,27298.0,27369.0,27172.0,27240.0,16470.0,448898435.0,0.0
2020-02-07 01:15:00,MHImain,HKFE,27241.0,27341.0,27131.0,27188.0,40898.0,1114260089.0,0.0
2020-02-07 11:00:00,MHImain,HKFE,27188.0,27324.0,27128.0,27272.0,34689.0,944295906.0,0.0
2020-02-07 17:15:00,MHImain,HKFE,27270.0,27288.0,27043.0,27099.0,12278.0,333115412.0,0.0
2020-02-07 21:15:00,MHImain,HKFE,27099.0,27165.0,26993.0,27045.0,16612.0,449547102.0,0.0
2020-02-08 01:15:00,MHImain,HKFE,27046.0,27054.0,26985.0,26990.0,2130.0,57550651.0,0.0
2020-02-10 01:15:00,MHImain,HKFE,26910.0,27242.0,26904.0,27179.0,43146.0,1169104104.0,0.0
2020-02-10 11:00:00,MHImain,HKFE,27177.0,27223.0,27067.0,27095.0,30733.0,834131642.0,0.0
2020-02-10 17:15:00,MHImain,HKFE,27100.0,27130.0,27043.0,27084.0,7176.0,194375756.0,0.0
2020-02-10 21:15:00,MHImain,HKFE,27086.0,27150.0,27042.0,27113.0,8910.0,241466863.0,0.0
2020-02-11 01:15:00,MHImain,HKFE,27113.0,27621.0,27094.0,27524.0,42036.0,1155216310.0,0.0
2020-02-11 11:00:00,MHImain,HKFE,27523.0,27592.0,27466.0,27565.0,27295.0,751437490.0,0.0
2020-02-11 17:15:00,MHImain,HKFE,27520.0,27560.0,27497.0,27527.0,4555.0,125379624.0,0.0
2020-02-11 21:15:00,MHImain,HKFE,27527.0,27698.0,27500.0,27628.0,12750.0,352090103.0,0.0
2020-02-12 01:15:00,MHImain,HKFE,27624.0,27720.0,27536.0,27665.0,39930.0,1103129220.0,0.0
2020-02-12 11:00:00,MHImain,HKFE,27665.0,27820.0,27663.0,27770.0,30036.0,833794462.0,0.0
2020-02-12 17:15:00,MHImain,HKFE,27782.0,27842.0,27749.0,27815.0,4478.0,124498011.0,0.0
2020-02-12 21:15:00,MHImain,HKFE,27817.0,27877.0,27770.0,27860.0,7809.0,217249186.0,0.0
2020-02-13 01:15:00,MHImain,HKFE,27860.0,27899.0,27615.0,27714.0,40582.0,1125852398.0,0.0
2020-02-13 11:00:00,MHImain,HKFE,27715.0,27779.0,27590.0,27666.0,30504.0,843939094.0,0.0
2020-02-13 17:15:00,MHImain,HKFE,27660.0,27660.0,27490.0,27577.0,10211.0,281351378.0,0.0
2020-02-13 21:15:00,MHImain,HKFE,27578.0,27696.0,27558.0,27667.0,12258.0,338451892.0,0.0
2020-02-14 01:15:00,MHImain,HKFE,27667.0,27875.0,27601.0,27874.0,32295.0,896048014.0,0.0
2020-02-14 11:00:00,MHImain,HKFE,27875.0,27909.0,27712.0,27747.0,30275.0,841617337.0,0.0
2020-02-14 17:15:00,MHImain,HKFE,27771.0,27771.0,27702.0,27762.0,3281.0,91027265.0,0.0
2020-02-14 21:15:00,MHImain,HKFE,27762.0,27767.0,27651.0,27652.0,6693.0,185453246.0,0.0
2020-02-15 01:15:00,MHImain,HKFE,27651.0,27655.0,27578.0,27582.0,2172.0,59990979.0,0.0
2020-02-17 01:15:00,MHImain,HKFE,27676.0,27978.0,27640.0,27954.0,31986.0,891310432.0,0.0
2020-02-17 11:00:00,MHImain,HKFE,27955.0,28011.0,27837.0,27852.0,29697.0,828848347.0,0.0
2020-02-17 17:15:00,MHImain,HKFE,27838.0,27871.0,27820.0,27851.0,2599.0,72383801.0,0.0
2020-02-17 21:15:00,MHImain,HKFE,27851.0,27898.0,27842.0,27883.0,2531.0,70532782.0,0.0
2020-02-18 01:15:00,MHImain,HKFE,27883.0,27888.0,27466.0,27476.0,44587.0,1230797319.0,0.0
2020-02-18 11:00:00,MHImain,HKFE,27476.0,27535.0,27424.0,27426.0,29387.0,807677091.0,0.0
2020-02-18 17:15:00,MHImain,HKFE,27423.0,27431.0,27353.0,27372.0,6624.0,181415981.0,0.0
2020-02-18 21:15:00,MHImain,HKFE,27371.0,27449.0,27348.0,27379.0,8455.0,231713197.0,0.0
2020-02-19 01:15:00,MHImain,HKFE,27380.0,27646.0,27340.0,27540.0,35777.0,984993367.0,0.0
2020-02-19 11:00:00,MHImain,HKFE,27541.0,27634.0,27527.0,27569.0,27552.0,759932905.0,0.0
2020-02-19 17:15:00,MHImain,HKFE,27577.0,27597.0,27552.0,27582.0,2487.0,68577904.0,0.0
2020-02-19 21:15:00,MHImain,HKFE,27580.0,27616.0,27556.0,27568.0,5778.0,159376024.0,0.0
2020-02-20 01:15:00,MHImain,HKFE,27571.0,27748.0,27261.0,27341.0,50939.0,1400702068.0,0.0
2020-02-20 11:00:00,MHImain,HKFE,27340.0,27540.0,27288.0,27425.0,39085.0,1071989250.0,0.0
2020-02-20 17:15:00,MHImain,HKFE,27454.0,27465.0,27384.0,27397.0,4973.0,136362377.0,0.0
2020-02-20 21:15:00,MHImain,HKFE,27396.0,27423.0,27215.0,27244.0,13266.0,362527734.0,0.0
2020-02-21 01:15:00,MHImain,HKFE,27244.0,27392.0,27154.0,27227.0,43115.0,1175508275.0,0.0
2020-02-21 11:00:00,MHImain,HKFE,27226.0,27362.0,27164.0,27209.0,34705.0,946284649.0,0.0
2020-02-21 17:15:00,MHImain,HKFE,27213.0,27331.0,27213.0,27311.0,5863.0,159894792.0,0.0
2020-02-21 21:15:00,MHImain,HKFE,27312.0,27334.0,27214.0,27315.0,12982.0,354127772.0,0.0
2020-02-22 01:15:00,MHImain,HKFE,27313.0,27320.0,27248.0,27271.0,1472.0,40167828.0,0.0
2020-02-24 01:15:00,MHImain,HKFE,26975.0,27060.0,26734.0,26765.0,51472.0,1383039759.0,0.0
2020-02-24 11:00:00,MHImain,HKFE,26764.0,26861.0,26664.0,26667.0,46692.0,1250273838.0,0.0
2020-02-24 17:15:00,MHImain,HKFE,26663.0,26663.0,26419.0,26473.0,16269.0,430776992.0,0.0
2020-02-24 21:15:00,MHImain,HKFE,26474.0,26510.0,26310.0,26445.0,19884.0,525437783.0,0.0
2020-02-25 01:15:00,MHImain,HKFE,26441.0,26826.0,26418.0,26654.0,44995.0,1202348276.0,0.0
2020-02-25 11:00:00,MHImain,HKFE,26653.0,26815.0,26567.0,26764.0,34813.0,930028678.0,0.0
2020-02-25 17:15:00,MHImain,HKFE,26750.0,26750.0,26578.0,26694.0,10978.0,292659158.0,0.0
2020-02-25 21:15:00,MHImain,HKFE,26694.0,26694.0,26433.0,26485.0,18749.0,497856261.0,0.0
2020-02-26 01:15:00,MHImain,HKFE,26485.0,26614.0,26297.0,26573.0,45145.0,1195320768.0,0.0
2020-02-26 11:00:00,MHImain,HKFE,26573.0,26684.0,26537.0,26585.0,32799.0,872776801.0,0.0
2020-02-26 17:15:00,MHImain,HKFE,26563.0,26648.0,26226.0,26576.0,9962.0,263987776.0,0.0
2020-02-26 21:15:00,MHImain,HKFE,26576.0,26786.0,26576.0,26646.0,10629.0,283740529.0,0.0
2020-02-27 01:15:00,MHImain,HKFE,26650.0,26693.0,26343.0,26400.0,41849.0,1106514245.0,0.0
2020-02-27 11:00:00,MHImain,HKFE,26401.0,26845.0,26388.0,26678.0,49699.0,1321958108.0,0.0
2020-02-27 17:15:00,MHImain,HKFE,26687.0,26834.0,26586.0,26595.0,16290.0,435156930.0,0.0
2020-02-27 21:15:00,MHImain,HKFE,26595.0,26620.0,26158.0,26512.0,44229.0,1167816838.0,0.0
2020-02-28 01:15:00,MHImain,HKFE,26513.0,26582.0,25980.0,26066.0,63572.0,1665220184.0,0.0
2020-02-28 11:00:00,MHImain,HKFE,26065.0,26267.0,25923.0,26178.0,71905.0,1873086847.0,0.0
2020-02-28 17:15:00,MHImain,HKFE,26196.0,26211.0,25900.0,26173.0,27171.0,708121816.0,0.0
2020-02-28 21:15:00,MHImain,HKFE,26176.0,26176.0,25581.0,25950.0,50217.0,1297713191.0,0.0
2020-02-29 01:15:00,MHImain,HKFE,25945.0,26039.0,25778.0,25790.0,7499.0,194567227.0,0.0
2020-03-02 01:15:00,MHImain,HKFE,25963.0,26358.0,25921.0,26275.0,48891.0,1281870518.0,0.0
2020-03-02 11:00:00,MHImain,HKFE,26276.0,26352.0,26208.0,26278.0,39549.0,1039639460.0,0.0
2020-03-02 17:15:00,MHImain,HKFE,26271.0,26288.0,25828.0,26003.0,20058.0,521742176.0,0.0
2020-03-02 21:15:00,MHImain,HKFE,26007.0,26266.0,25912.0,26211.0,31187.0,812371381.0,0.0
2020-03-03 01:15:00,MHImain,HKFE,26214.0,26530.0,26135.0,26413.0,45913.0,1211888042.0,0.0
2020-03-03 11:00:00,MHImain,HKFE,26412.0,26478.0,26167.0,26308.0,49379.0,1299643538.0,0.0
2020-03-03 17:15:00,MHImain,HKFE,26331.0,26397.0,26129.0,26189.0,17815.0,468023296.0,0.0
2020-03-03 21:15:00,MHImain,HKFE,26188.0,26613.0,26153.0,26255.0,37926.0,999238715.0,0.0
2020-03-04 01:15:00,MHImain,HKFE,26255.0,26323.0,25971.0,26182.0,45512.0,1190100429.0,0.0
2020-03-04 11:00:00,MHImain,HKFE,26183.0,26361.0,26150.0,26150.0,42525.0,1115804518.0,0.0
2020-03-04 17:15:00,MHImain,HKFE,26163.0,26337.0,26163.0,26257.0,12754.0,335220195.0,0.0
2020-03-04 21:15:00,MHImain,HKFE,26258.0,26317.0,26187.0,26235.0,17964.0,471500152.0,0.0
2020-03-05 01:15:00,MHImain,HKFE,26237.0,26467.0,26220.0,26459.0,46109.0,1214744857.0,0.0
2020-03-05 11:00:00,MHImain,HKFE,26460.0,26768.0,26430.0,26699.0,52607.0,1401394306.0,0.0
2020-03-05 17:15:00,MHImain,HKFE,26686.0,26686.0,26501.0,26523.0,16300.0,433073172.0,0.0
2020-03-05 21:15:00,MHImain,HKFE,26520.0,26557.0,26446.0,26460.0,19152.0,507468162.0,0.0
2020-03-06 01:15:00,MHImain,HKFE,26460.0,26478.0,26140.0,26150.0,47438.0,1245968881.0,0.0
2020-03-06 11:00:00,MHImain,HKFE,26149.0,26177.0,26006.0,26013.0,42674.0,1113181452.0,0.0
2020-03-06 17:15:00,MHImain,HKFE,26020.0,26048.0,25661.0,25685.0,22998.0,593184824.0,0.0
2020-03-06 21:15:00,MHImain,HKFE,25685.0,25864.0,25668.0,25715.0,29683.0,764874253.0,0.0
2020-03-07 01:15:00,MHImain,HKFE,25711.0,25758.0,25655.0,25672.0,3762.0,96755535.0,0.0
2020-03-09 01:15:00,MHImain,HKFE,25142.0,25226.0,24923.0,25118.0,60731.0,1520886348.0,0.0
2020-03-09 11:00:00,MHImain,HKFE,25119.0,25273.0,24813.0,24845.0,69385.0,1738114000.0,0.0
2020-03-09 17:15:00,MHImain,HKFE,24880.0,25177.0,24611.0,24614.0,18853.0,469261802.0,0.0
2020-03-09 21:15:00,MHImain,HKFE,24612.0,25043.0,24361.0,24875.0,51090.0,1264855014.0,0.0
2020-03-10 01:15:00,MHImain,HKFE,24870.0,25388.0,24635.0,25080.0,53590.0,1345282302.0,0.0
2020-03-10 11:00:00,MHImain,HKFE,25075.0,25563.0,25045.0,25438.0,61742.0,1567983876.0,0.0
2020-03-10 17:15:00,MHImain,HKFE,25449.0,25743.0,25449.0,25541.0,26461.0,677399275.0,0.0
2020-03-10 21:15:00,MHImain,HKFE,25539.0,25659.0,25212.0,25330.0,44594.0,1133310917.0,0.0
2020-03-11 01:15:00,MHImain,HKFE,25328.0,25511.0,25229.0,25362.0,50919.0,1290673185.0,0.0
2020-03-11 11:00:00,MHImain,HKFE,25361.0,25420.0,25085.0,25135.0,53185.0,1340588921.0,0.0
2020-03-11 17:15:00,MHImain,HKFE,25156.0,25314.0,24994.0,25045.0,18536.0,465780824.0,0.0
2020-03-11 21:15:00,MHImain,HKFE,25044.0,25206.0,24954.0,24972.0,27997.0,702233419.0,0.0
2020-03-12 01:15:00,MHImain,HKFE,24972.0,25056.0,24001.0,24217.0,71760.0,1749173483.0,0.0
2020-03-12 11:00:00,MHImain,HKFE,24217.0,24421.0,24036.0,24074.0,55752.0,1351339529.0,0.0
2020-03-12 17:15:00,MHImain,HKFE,24071.0,24071.0,23223.0,23231.0,32168.0,761729832.0,0.0
2020-03-12 21:15:00,MHImain,HKFE,23235.0,23326.0,22871.0,23005.0,39095.0,900006041.0,0.0
2020-03-13 01:15:00,MHImain,HKFE,23007.0,23176.0,22116.0,23055.0,73716.0,1674286873.0,0.0
2020-03-13 11:00:00,MHImain,HKFE,23054.0,24173.0,22772.0,23887.0,100605.0,2373355398.0,0.0
2020-03-13 17:15:00,MHImain,HKFE,23846.0,24750.0,23772.0,24489.0,31734.0,772055258.0,0.0
2020-03-13 21:15:00,MHImain,HKFE,24484.0,24538.0,23191.0,23605.0,50738.0,1205992938.0,0.0
2020-03-14 01:15:00,MHImain,HKFE,23605.0,23825.0,23531.0,23750.0,5635.0,133533621.0,0.0
2020-03-16 01:15:00,MHImain,HKFE,23058.0,23528.0,22877.0,23518.0,40227.0,938876782.0,0.0
2020-03-16 11:00:00,MHImain,HKFE,23513.0,23540.0,22664.0,22717.0,69761.0,1608467898.0,0.0
2020-03-16 17:15:00,MHImain,HKFE,22710.0,22710.0,21591.0,21665.0,36966.0,816494927.0,0.0
2020-03-16 21:15:00,MHImain,HKFE,21664.0,22710.0,21582.0,22258.0,52899.0,1174193219.0,0.0
2020-03-17 01:15:00,MHImain,HKFE,22262.0,23390.0,22008.0,22954.0,79568.0,1821282809.0,0.0
2020-03-17 11:00:00,MHImain,HKFE,22950.0,23348.0,22869.0,23020.0,74786.0,1727388280.0,0.0
2020-03-17 17:15:00,MHImain,HKFE,22997.0,22997.0,22203.0,22668.0,52394.0,1179555742.0,0.0
2020-03-17 21:15:00,MHImain,HKFE,22671.0,23417.0,22393.0,22990.0,56584.0,1294894469.0,0.0
2020-03-18 01:15:00,MHImain,HKFE,22990.0,23378.0,22640.0,23339.0,51600.0,1193876533.0,0.0
2020-03-18 11:00:00,MHImain,HKFE,23340.0,23370.0,22000.0,22005.0,89266.0,2017457956.0,0.0
2020-03-18 17:15:00,MHImain,HKFE,22039.0,22108.0,21604.0,21735.0,37126.0,810237380.0,0.0
2020-03-18 21:15:00,MHImain,HKFE,21735.0,22303.0,21608.0,21750.0,68551.0,1510921280.0,0.0
2020-03-19 01:15:00,MHImain,HKFE,21750.0,22367.0,21017.0,21017.0,84993.0,1843447320.0,0.0
2020-03-19 11:00:00,MHImain,HKFE,21028.0,21934.0,20966.0,21837.0,98524.0,2121151862.0,0.0
2020-03-19 17:15:00,MHImain,HKFE,21900.0,21978.0,21494.0,21883.0,37501.0,814098913.0,0.0
2020-03-19 21:15:00,MHImain,HKFE,21889.0,22155.0,21497.0,22097.0,55788.0,1217357854.0,0.0
2020-03-20 01:15:00,MHImain,HKFE,22091.0,22632.0,22002.0,22399.0,62299.0,1391676112.0,0.0
2020-03-20 11:00:00,MHImain,HKFE,22398.0,23106.0,22121.0,23079.0,79454.0,1787808117.0,0.0
2020-03-20 17:15:00,MHImain,HKFE,23103.0,23176.0,22675.0,22787.0,39856.0,912546151.0,0.0
2020-03-20 21:15:00,MHImain,HKFE,22790.0,22861.0,22348.0,22549.0,54016.0,1220297072.0,0.0
2020-03-21 01:15:00,MHImain,HKFE,22554.0,22589.0,22175.0,22214.0,7940.0,177906514.0,0.0
2020-03-23 01:15:00,MHImain,HKFE,21311.0,21965.0,21300.0,21809.0,47498.0,1032785020.0,0.0
2020-03-23 11:00:00,MHImain,HKFE,21808.0,22065.0,21397.0,21485.0,72477.0,1578194336.0,0.0
2020-03-23 17:15:00,MHImain,HKFE,21500.0,22536.0,21500.0,22305.0,56208.0,1239303789.0,0.0
2020-03-23 21:15:00,MHImain,HKFE,22303.0,22323.0,21517.0,22120.0,62660.0,1372219322.0,0.0
2020-03-24 01:15:00,MHImain,HKFE,22120.0,22690.0,21753.0,22614.0,59935.0,1345016724.0,0.0
2020-03-24 11:00:00,MHImain,HKFE,22611.0,22789.0,22357.0,22733.0,69279.0,1563984553.0,0.0
2020-03-24 17:15:00,MHImain,HKFE,22750.0,23142.0,22750.0,23064.0,33338.0,765430300.0,0.0
2020-03-24 21:15:00,MHImain,HKFE,23066.0,23299.0,22902.0,23138.0,29555.0,681443481.0,0.0
2020-03-25 01:15:00,MHImain,HKFE,23141.0,23492.0,22995.0,23198.0,50795.0,1180550581.0,0.0
2020-03-25 11:00:00,MHImain,HKFE,23200.0,23638.0,23011.0,23612.0,70937.0,1653220692.0,0.0
2020-03-25 17:15:00,MHImain,HKFE,23640.0,23839.0,23164.0,23461.0,44617.0,1045911514.0,0.0
2020-03-25 21:15:00,MHImain,HKFE,23460.0,23700.0,23221.0,23654.0,42241.0,988402528.0,0.0
2020-03-26 01:15:00,MHImain,HKFE,23650.0,23879.0,23096.0,23335.0,54666.0,1275342425.0,0.0
2020-03-26 11:00:00,MHImain,HKFE,23338.0,23553.0,23129.0,23180.0,64082.0,1495621272.0,0.0
2020-03-26 17:15:00,MHImain,HKFE,23156.0,23448.0,23130.0,23388.0,25713.0,598062281.0,0.0
2020-03-26 21:15:00,MHImain,HKFE,23388.0,23993.0,23342.0,23871.0,39206.0,928287640.0,0.0
2020-03-27 01:15:00,MHImain,HKFE,23866.0,24042.0,23440.0,23526.0,41308.0,977963452.0,0.0
2020-03-27 11:00:00,MHImain,HKFE,23524.0,23685.0,23310.0,23497.0,51224.0,1203983422.0,0.0
2020-03-27 17:15:00,MHImain,HKFE,23468.0,23468.0,22802.0,22825.0,12776.0,294556198.0,0.0
2020-03-27 21:15:00,MHImain,HKFE,22824.0,23046.0,22820.0,22940.0,8985.0,206032362.0,0.0
2020-03-28 01:15:00,MHImain,HKFE,22939.0,23055.0,22917.0,23055.0,1591.0,36593954.0,0.0
2020-03-30 01:15:00,MHImain,HKFE,22769.0,23195.0,22765.0,23135.0,31648.0,729853296.0,0.0
2020-03-30 11:00:00,MHImain,HKFE,23138.0,23518.0,23003.0,23012.0,55113.0,1282209251.0,0.0
2020-03-30 17:15:00,MHImain,HKFE,23050.0,23278.0,22914.0,23232.0,21752.0,502105110.0,0.0
2020-03-30 21:15:00,MHImain,HKFE,23225.0,23419.0,23054.0,23360.0,27528.0,639849338.0,0.0
2020-03-31 01:15:00,MHImain,HKFE,23368.0,23690.0,23290.0,23510.0,41098.0,966793775.0,0.0
2020-03-31 11:00:00,MHImain,HKFE,23510.0,23750.0,23211.0,23713.0,61330.0,1436805838.0,0.0
2020-03-31 17:15:00,MHImain,HKFE,23700.0,23720.0,23330.0,23480.0,24596.0,577005686.0,0.0
2020-03-31 21:15:00,MHImain,HKFE,23481.0,23730.0,23475.0,23507.0,28550.0,673903527.0,0.0
2020-04-01 01:15:00,MHImain,HKFE,23504.0,23563.0,23208.0,23464.0,46941.0,1100077992.0,0.0
2020-04-01 11:00:00,MHImain,HKFE,23466.0,23480.0,22888.0,22936.0,72398.0,1673664859.0,0.0
2020-04-01 17:15:00,MHImain,HKFE,22950.0,23046.0,22893.0,22982.0,17840.0,409730264.0,0.0
2020-04-01 21:15:00,MHImain,HKFE,22980.0,23045.0,22598.0,22612.0,26438.0,604645545.0,0.0
2020-04-02 01:15:00,MHImain,HKFE,22612.0,23034.0,22560.0,22985.0,42420.0,969165965.0,0.0
2020-04-02 11:00:00,MHImain,HKFE,22986.0,23282.0,22947.0,23268.0,53190.0,1229631467.0,0.0
2020-04-02 17:15:00,MHImain,HKFE,23282.0,23283.0,22906.0,22917.0,20922.0,483858411.0,0.0
2020-04-02 21:15:00,MHImain,HKFE,22914.0,23281.0,22908.0,23024.0,32018.0,739322076.0,0.0
2020-04-03 01:15:00,MHImain,HKFE,23024.0,23214.0,22927.0,23153.0,38251.0,883725615.0,0.0
2020-04-03 11:00:00,MHImain,HKFE,23153.0,23248.0,23015.0,23186.0,41980.0,970575074.0,0.0
2020-04-03 17:15:00,MHImain,HKFE,23184.0,23365.0,23091.0,23270.0,18601.0,431966913.0,0.0
2020-04-03 21:15:00,MHImain,HKFE,23268.0,23348.0,22973.0,23045.0,23311.0,539649315.0,0.0
2020-04-04 01:15:00,MHImain,HKFE,23043.0,23090.0,22975.0,23060.0,3254.0,74893781.0,0.0
2020-04-06 01:15:00,MHImain,HKFE,23706.0,23724.0,23274.0,23461.0,39190.0,918564675.0,0.0
2020-04-06 11:00:00,MHImain,HKFE,23461.0,23865.0,23413.0,23735.0,51353.0,1215803455.0,0.0
2020-04-06 17:15:00,MHImain,HKFE,23748.0,23794.0,23685.0,23775.0,9669.0,229480735.0,0.0
2020-04-06 21:15:00,MHImain,HKFE,23776.0,23970.0,23747.0,23941.0,17957.0,428862632.0,0.0
2020-04-07 01:15:00,MHImain,HKFE,23941.0,24158.0,23772.0,23908.0,42536.0,1018346786.0,0.0
2020-04-07 11:00:00,MHImain,HKFE,23908.0,24438.0,23748.0,24417.0,56115.0,1350005753.0,0.0
2020-04-07 17:15:00,MHImain,HKFE,24399.0,24605.0,24317.0,24542.0,18518.0,453257832.0,0.0
2020-04-07 21:15:00,MHImain,HKFE,24541.0,24582.0,24190.0,24274.0,27840.0,677693948.0,0.0
2020-04-08 01:15:00,MHImain,HKFE,24277.0,24280.0,23980.0,23991.0,37247.0,897169784.0,0.0
2020-04-08 11:00:00,MHImain,HKFE,23992.0,24163.0,23770.0,23773.0,54019.0,1294837349.0,0.0
2020-04-08 17:15:00,MHImain,HKFE,23774.0,24000.0,23760.0,23973.0,14090.0,336889603.0,0.0
2020-04-08 21:15:00,MHImain,HKFE,23972.0,24139.0,23845.0,24115.0,20829.0,499897312.0,0.0
2020-04-09 01:15:00,MHImain,HKFE,24115.0,24249.0,24018.0,24082.0,34501.0,831967949.0,0.0
2020-04-09 11:00:00,MHImain,HKFE,24083.0,24342.0,24053.0,24210.0,40175.0,971934179.0,0.0
2020-04-09 17:15:00,MHImain,HKFE,24191.0,24250.0,23958.0,24235.0,20805.0,501442148.0,0.0
2020-04-09 21:15:00,MHImain,HKFE,24235.0,24397.0,24171.0,24380.0,23406.0,568295528.0,0.0
2020-04-10 01:15:00,MHImain,HKFE,24381.0,24444.0,24200.0,24234.0,4619.0,112427014.0,0.0
2020-04-14 01:15:00,MHImain,HKFE,24266.0,24597.0,24240.0,24522.0,36249.0,885114816.0,0.0
2020-04-14 11:00:00,MHImain,HKFE,24521.0,24563.0,24353.0,24402.0,31391.0,767934976.0,0.0
2020-04-14 17:15:00,MHImain,HKFE,24410.0,24467.0,24366.0,24460.0,7287.0,177925169.0,0.0
2020-04-14 21:15:00,MHImain,HKFE,24461.0,24565.0,24434.0,24494.0,14605.0,357782761.0,0.0
2020-04-15 01:15:00,MHImain,HKFE,24491.0,24611.0,24289.0,24356.0,32528.0,795763424.0,0.0
2020-04-15 11:00:00,MHImain,HKFE,24361.0,24434.0,24024.0,24050.0,41887.0,1015747282.0,0.0
2020-04-15 17:15:00,MHImain,HKFE,24035.0,24037.0,23818.0,23854.0,14458.0,346103849.0,0.0
2020-04-15 21:15:00,MHImain,HKFE,23854.0,23921.0,23793.0,23909.0,17144.0,409050734.0,0.0
2020-04-16 01:15:00,MHImain,HKFE,23909.0,24098.0,23825.0,23962.0,39131.0,937461602.0,0.0
2020-04-16 11:00:00,MHImain,HKFE,23962.0,24124.0,23924.0,23948.0,37042.0,889090457.0,0.0
2020-04-16 17:15:00,MHImain,HKFE,23942.0,23994.0,23858.0,23976.0,11312.0,270594905.0,0.0
2020-04-16 21:15:00,MHImain,HKFE,23976.0,24009.0,23828.0,23897.0,18678.0,446707295.0,0.0
2020-04-17 01:15:00,MHImain,HKFE,23897.0,24686.0,23866.0,24572.0,38704.0,949266748.0,0.0
2020-04-17 11:00:00,MHImain,HKFE,24571.0,24649.0,24266.0,24358.0,47912.0,1171661558.0,0.0
2020-04-17 17:15:00,MHImain,HKFE,24350.0,24456.0,24303.0,24387.0,9959.0,242968358.0,0.0
2020-04-17 21:15:00,MHImain,HKFE,24390.0,24408.0,24244.0,24304.0,14717.0,357749477.0,0.0
2020-04-18 01:15:00,MHImain,HKFE,24305.0,24322.0,24266.0,24286.0,1672.0,40613538.0,0.0
2020-04-20 01:15:00,MHImain,HKFE,24319.0,24443.0,24175.0,24411.0,35968.0,875516580.0,0.0
2020-04-20 11:00:00,MHImain,HKFE,24411.0,24474.0,24250.0,24288.0,37727.0,918375925.0,0.0
2020-04-20 17:15:00,MHImain,HKFE,24301.0,24316.0,24067.0,24091.0,11647.0,281452831.0,0.0
2020-04-20 21:15:00,MHImain,HKFE,24090.0,24341.0,24081.0,24246.0,14670.0,355440939.0,0.0
2020-04-21 01:15:00,MHImain,HKFE,24245.0,24247.0,23630.0,23740.0,53441.0,1278074957.0,0.0
2020-04-21 11:00:00,MHImain,HKFE,23740.0,23902.0,23693.0,23734.0,38598.0,917853633.0,0.0
2020-04-21 17:15:00,MHImain,HKFE,23702.0,23710.0,23500.0,23538.0,14833.0,349834856.0,0.0
2020-04-21 21:15:00,MHImain,HKFE,23538.0,23643.0,23448.0,23489.0,20915.0,492338964.0,0.0
2020-04-22 01:15:00,MHImain,HKFE,23488.0,23660.0,23418.0,23624.0,39664.0,933909501.0,0.0
2020-04-22 11:00:00,MHImain,HKFE,23625.0,23928.0,23557.0,23875.0,42467.0,1009628390.0,0.0
2020-04-22 17:15:00,MHImain,HKFE,23880.0,23957.0,23832.0,23932.0,9823.0,234705031.0,0.0
2020-04-22 21:15:00,MHImain,HKFE,23932.0,23964.0,23850.0,23882.0,10137.0,242246092.0,0.0
2020-04-23 01:15:00,MHImain,HKFE,23883.0,24096.0,23759.0,23853.0,37409.0,895680344.0,0.0
2020-04-23 11:00:00,MHImain,HKFE,23848.0,24069.0,23845.0,23998.0,38259.0,917023807.0,0.0
2020-04-23 17:15:00,MHImain,HKFE,23998.0,24082.0,23937.0,24058.0,8903.0,213706243.0,0.0
2020-04-23 21:15:00,MHImain,HKFE,24059.0,24238.0,23983.0,24071.0,19192.0,463006325.0,0.0
2020-04-24 01:15:00,MHImain,HKFE,24068.0,24070.0,23677.0,23902.0,37596.0,895903431.0,0.0
2020-04-24 11:00:00,MHImain,HKFE,23902.0,23924.0,23757.0,23831.0,30091.0,717622842.0,0.0
2020-04-24 17:15:00,MHImain,HKFE,23840.0,24029.0,23840.0,23994.0,8752.0,209739455.0,0.0
2020-04-24 21:15:00,MHImain,HKFE,23993.0,24012.0,23850.0,23935.0,11240.0,268949595.0,0.0
2020-04-25 01:15:00,MHImain,HKFE,23931.0,24011.0,23923.0,23988.0,1824.0,43733230.0,0.0
2020-04-27 01:15:00,MHImain,HKFE,24013.0,24277.0,24013.0,24171.0,24099.0,582683319.0,0.0
2020-04-27 11:00:00,MHImain,HKFE,24173.0,24333.0,24168.0,24272.0,24713.0,599914574.0,0.0
2020-04-27 17:15:00,MHImain,HKFE,24218.0,24237.0,24193.0,24198.0,1895.0,45887852.0,0.0
2020-04-27 21:15:00,MHImain,HKFE,24193.0,24285.0,24139.0,24273.0,3477.0,84186555.0,0.0
2020-04-28 01:15:00,MHImain,HKFE,24270.0,24318.0,24053.0,24291.0,28622.0,692485225.0,0.0
2020-04-28 11:00:00,MHImain,HKFE,24293.0,24578.0,24250.0,24572.0,35248.0,859586774.0,0.0
2020-04-28 17:15:00,MHImain,HKFE,24580.0,24775.0,24550.0,24768.0,9150.0,225939573.0,0.0
2020-04-28 21:15:00,MHImain,HKFE,24766.0,24773.0,24512.0,24551.0,16434.0,404561350.0,0.0
2020-04-29 01:15:00,MHImain,HKFE,24547.0,24778.0,24515.0,24577.0,36673.0,903584141.0,0.0
2020-04-29 11:00:00,MHImain,HKFE,24575.0,24580.0,24441.0,24501.0,28968.0,709803157.0,0.0
2020-04-29 17:15:00,MHImain,HKFE,24505.0,24710.0,24477.0,24698.0,9692.0,238243950.0,0.0
2020-04-29 21:15:00,MHImain,HKFE,24699.0,24758.0,24620.0,24745.0,11542.0,284906674.0,0.0
2020-04-30 01:15:00,MHImain,HKFE,24746.0,24756.0,24688.0,24753.0,2051.0,50702351.0,0.0
2020-05-04 01:15:00,MHImain,HKFE,23780.0,23793.0,23516.0,23548.0,35949.0,849377808.0,0.0
2020-05-04 11:00:00,MHImain,HKFE,23548.0,23628.0,23305.0,23370.0,34805.0,817766658.0,0.0
2020-05-04 17:15:00,MHImain,HKFE,23340.0,23425.0,23242.0,23351.0,9807.0,228857703.0,0.0
2020-05-04 21:15:00,MHImain,HKFE,23350.0,23406.0,23287.0,23340.0,11901.0,277908039.0,0.0
2020-05-05 01:15:00,MHImain,HKFE,23342.0,23718.0,23319.0,23597.0,30674.0,724316792.0,0.0
2020-05-05 11:00:00,MHImain,HKFE,23597.0,23800.0,23568.0,23755.0,29267.0,693470357.0,0.0
2020-05-05 17:15:00,MHImain,HKFE,23745.0,23745.0,23611.0,23732.0,8618.0,204117108.0,0.0
2020-05-05 21:15:00,MHImain,HKFE,23732.0,23812.0,23696.0,23752.0,9799.0,232777422.0,0.0
2020-05-06 01:15:00,MHImain,HKFE,23752.0,23967.0,23622.0,23887.0,34280.0,817497110.0,0.0
2020-05-06 11:00:00,MHImain,HKFE,23887.0,24133.0,23865.0,24057.0,34327.0,824460861.0,0.0
2020-05-06 17:15:00,MHImain,HKFE,24072.0,24079.0,23941.0,23991.0,6871.0,165001217.0,0.0
2020-05-06 21:15:00,MHImain,HKFE,23987.0,24022.0,23812.0,23866.0,14306.0,341760342.0,0.0
2020-05-07 01:15:00,MHImain,HKFE,23863.0,23954.0,23770.0,23901.0,31173.0,743943349.0,0.0
2020-05-07 11:00:00,MHImain,HKFE,23902.0,23969.0,23809.0,23856.0,30933.0,738829491.0,0.0
2020-05-07 17:15:00,MHImain,HKFE,23847.0,23948.0,23847.0,23898.0,7191.0,171874627.0,0.0
2020-05-07 21:15:00,MHImain,HKFE,23897.0,23939.0,23792.0,23903.0,12664.0,302335045.0,0.0
2020-05-08 01:15:00,MHImain,HKFE,23900.0,24196.0,23801.0,24125.0,34343.0,826594264.0,0.0
2020-05-08 11:00:00,MHImain,HKFE,24126.0,24180.0,24046.0,24112.0,24738.0,596644666.0,0.0
2020-05-08 17:15:00,MHImain,HKFE,24129.0,24172.0,24104.0,24138.0,6110.0,147490029.0,0.0
2020-05-08 21:15:00,MHImain,HKFE,24138.0,24294.0,24110.0,24233.0,11493.0,278409487.0,0.0
2020-05-09 01:15:00,MHImain,HKFE,24232.0,24235.0,24181.0,24193.0,1807.0,43738589.0,0.0
2020-05-11 01:15:00,MHImain,HKFE,24350.0,24700.0,24316.0,24607.0,28080.0,690084469.0,0.0
2020-05-11 11:00:00,MHImain,HKFE,24608.0,24646.0,24457.0,24476.0,27588.0,676993313.0,0.0
2020-05-11 17:15:00,MHImain,HKFE,24470.0,24470.0,24184.0,24247.0,12175.0,295818668.0,0.0
2020-05-11 21:15:00,MHImain,HKFE,24248.0,24365.0,24226.0,24358.0,11289.0,274071727.0,0.0
2020-05-12 01:15:00,MHImain,HKFE,24357.0,24373.0,24001.0,24146.0,37026.0,894305889.0,0.0
2020-05-12 11:00:00,MHImain,HKFE,24145.0,24174.0,24018.0,24144.0,31966.0,770398997.0,0.0
2020-05-12 17:15:00,MHImain,HKFE,24137.0,24285.0,24124.0,24263.0,7917.0,191777331.0,0.0
2020-05-12 21:15:00,MHImain,HKFE,24261.0,24353.0,24190.0,24294.0,12330.0,299424383.0,0.0
2020-05-13 01:15:00,MHImain,HKFE,24294.0,24304.0,23877.0,24139.0,40713.0,978707753.0,0.0
2020-05-13 11:00:00,MHImain,HKFE,24138.0,24246.0,24055.0,24070.0,32629.0,788263332.0,0.0
2020-05-13 17:15:00,MHImain,HKFE,24079.0,24303.0,24052.0,24237.0,12985.0,314605729.0,0.0
2020-05-13 21:15:00,MHImain,HKFE,24237.0,24247.0,23871.0,23926.0,23893.0,575359977.0,0.0
2020-05-14 01:15:00,MHImain,HKFE,23927.0,23964.0,23639.0,23810.0,42912.0,1020628292.0,0.0
2020-05-14 11:00:00,MHImain,HKFE,23810.0,23874.0,23653.0,23684.0,35593.0,845147421.0,0.0
2020-05-14 17:15:00,MHImain,HKFE,23684.0,23728.0,23444.0,23518.0,15481.0,364842438.0,0.0
2020-05-14 21:15:00,MHImain,HKFE,23519.0,23725.0,23421.0,23685.0,25668.0,605076680.0,0.0
2020-05-15 01:15:00,MHImain,HKFE,23690.0,23842.0,23544.0,23678.0,42323.0,1002598700.0,0.0
2020-05-15 11:00:00,MHImain,HKFE,23680.0,23913.0,23638.0,23678.0,40350.0,958422821.0,0.0
2020-05-15 17:15:00,MHImain,HKFE,23684.0,23709.0,23388.0,23432.0,17174.0,403717102.0,0.0
2020-05-15 21:15:00,MHImain,HKFE,23431.0,23543.0,23397.0,23500.0,17677.0,414817052.0,0.0
2020-05-16 01:15:00,MHImain,HKFE,23501.0,23503.0,23439.0,23450.0,2476.0,58113418.0,0.0
2020-05-18 01:15:00,MHImain,HKFE,23648.0,23886.0,23604.0,23810.0,34317.0,815189596.0,0.0
2020-05-18 11:00:00,MHImain,HKFE,23812.0,23935.0,23750.0,23922.0,29796.0,709898934.0,0.0
2020-05-18 17:15:00,MHImain,HKFE,23924.0,24142.0,23844.0,24115.0,11992.0,287558370.0,0.0
2020-05-18 21:15:00,MHImain,HKFE,24116.0,24393.0,24088.0,24366.0,17085.0,414158109.0,0.0
2020-05-19 01:15:00,MHImain,HKFE,24368.0,24550.0,24301.0,24370.0,38844.0,949213514.0,0.0
2020-05-19 11:00:00,MHImain,HKFE,24370.0,24456.0,24245.0,24339.0,39248.0,955639621.0,0.0
2020-05-19 17:15:00,MHImain,HKFE,24322.0,24367.0,24259.0,24338.0,10060.0,244616458.0,0.0
2020-05-19 21:15:00,MHImain,HKFE,24337.0,24393.0,24264.0,24336.0,12677.0,308502595.0,0.0
2020-05-20 01:15:00,MHImain,HKFE,24334.0,24484.0,24261.0,24328.0,32818.0,800052992.0,0.0
2020-05-20 11:00:00,MHImain,HKFE,24327.0,24443.0,24267.0,24436.0,25271.0,614735269.0,0.0
2020-05-20 17:15:00,MHImain,HKFE,24442.0,24583.0,24420.0,24564.0,9167.0,224781865.0,0.0
2020-05-20 21:15:00,MHImain,HKFE,24564.0,24636.0,24430.0,24443.0,14522.0,356379560.0,0.0
2020-05-21 01:15:00,MHImain,HKFE,24443.0,24497.0,24120.0,24340.0,45044.0,1095243248.0,0.0
2020-05-21 11:00:00,MHImain,HKFE,24340.0,24398.0,24114.0,24134.0,38401.0,931820632.0,0.0
2020-05-21 17:15:00,MHImain,HKFE,24124.0,24146.0,23796.0,23916.0,21537.0,515792425.0,0.0
2020-05-21 21:15:00,MHImain,HKFE,23915.0,23969.0,23723.0,23805.0,22529.0,536648961.0,0.0
2020-05-22 01:15:00,MHImain,HKFE,23807.0,23809.0,23277.0,23326.0,53471.0,1254783434.0,0.0
2020-05-22 11:00:00,MHImain,HKFE,23327.0,23346.0,22698.0,22709.0,84513.0,1940326213.0,0.0
2020-05-22 17:15:00,MHImain,HKFE,22725.0,23029.0,22725.0,22995.0,16116.0,369111314.0,0.0
2020-05-22 21:15:00,MHImain,HKFE,22996.0,22998.0,22796.0,22810.0,16194.0,370405520.0,0.0
2020-05-23 01:15:00,MHImain,HKFE,22812.0,22838.0,22783.0,22802.0,1957.0,44640953.0,0.0
2020-05-25 01:15:00,MHImain,HKFE,22825.0,22945.0,22498.0,22578.0,55024.0,1249089831.0,0.0
2020-05-25 11:00:00,MHImain,HKFE,22579.0,22925.0,22575.0,22884.0,42112.0,959501890.0,0.0
2020-05-25 17:15:00,MHImain,HKFE,22884.0,22884.0,22884.0,22884.0,0.0,0.0,0.0
2020-05-25 21:15:00,MHImain,HKFE,22884.0,22884.0,22884.0,22884.0,0.0,0.0,0.0
2020-05-26 01:15:00,MHImain,HKFE,22884.0,23395.0,22884.0,23327.0,38093.0,887373836.0,0.0
2020-05-26 11:00:00,MHImain,HKFE,23329.0,23478.0,23289.0,23355.0,34493.0,806852781.0,0.0
2020-05-26 17:15:00,MHImain,HKFE,23363.0,23407.0,23296.0,23406.0,8629.0,201450708.0,0.0
2020-05-26 21:15:00,MHImain,HKFE,23405.0,23450.0,23329.0,23370.0,12610.0,295064076.0,0.0
2020-05-27 01:15:00,MHImain,HKFE,23372.0,23509.0,23119.0,23255.0,42238.0,984619617.0,0.0
2020-05-27 11:00:00,MHImain,HKFE,23256.0,23313.0,23103.0,23197.0,31276.0,725359149.0,0.0
2020-05-27 17:15:00,MHImain,HKFE,23018.0,23167.0,23015.0,23055.0,6091.0,140710016.0,0.0
2020-05-27 21:15:00,MHImain,HKFE,23056.0,23064.0,22685.0,22732.0,13743.0,314384530.0,0.0
2020-05-28 01:15:00,MHImain,HKFE,22732.0,23237.0,22670.0,22969.0,44654.0,1028278128.0,0.0
2020-05-28 11:00:00,MHImain,HKFE,22970.0,23117.0,22534.0,22890.0,81951.0,1872614800.0,0.0
2020-05-28 17:15:00,MHImain,HKFE,22900.0,23015.0,22781.0,22995.0,15569.0,356111038.0,0.0
2020-05-28 21:15:00,MHImain,HKFE,22995.0,23078.0,22861.0,23051.0,18586.0,426542015.0,0.0
2020-05-29 01:15:00,MHImain,HKFE,23052.0,23075.0,22388.0,22864.0,52744.0,1198178030.0,0.0
2020-05-29 11:00:00,MHImain,HKFE,22864.0,22871.0,22630.0,22766.0,53036.0,1206661291.0,0.0
2020-05-29 17:15:00,MHImain,HKFE,22757.0,22942.0,22755.0,22800.0,12988.0,296656822.0,0.0
2020-05-29 21:15:00,MHImain,HKFE,22801.0,22812.0,22614.0,22719.0,22395.0,508846938.0,0.0
2020-05-30 01:15:00,MHImain,HKFE,22719.0,22860.0,22630.0,22860.0,6572.0,149506369.0,0.0
2020-06-01 01:15:00,MHImain,HKFE,23152.0,23660.0,23152.0,23575.0,48867.0,1148314964.0,0.0
2020-06-01 11:00:00,MHImain,HKFE,23577.0,23656.0,23300.0,23419.0,40959.0,964079009.0,0.0
2020-06-01 17:15:00,MHImain,HKFE,23448.0,23482.0,23361.0,23368.0,10526.0,246528400.0,0.0
2020-06-01 21:15:00,MHImain,HKFE,23368.0,23587.0,23322.0,23571.0,17955.0,421331151.0,0.0
2020-06-02 01:15:00,MHImain,HKFE,23573.0,23853.0,23517.0,23629.0,47099.0,1115889830.0,0.0
2020-06-02 11:00:00,MHImain,HKFE,23630.0,23960.0,23628.0,23936.0,36254.0,861175091.0,0.0
2020-06-02 17:15:00,MHImain,HKFE,23938.0,24074.0,23926.0,24055.0,11785.0,282971739.0,0.0
2020-06-02 21:15:00,MHImain,HKFE,24056.0,24264.0,23981.0,24141.0,18970.0,457599541.0,0.0
2020-06-03 01:15:00,MHImain,HKFE,24140.0,24357.0,24084.0,24153.0,45301.0,1095325138.0,0.0
2020-06-03 11:00:00,MHImain,HKFE,24152.0,24255.0,24118.0,24237.0,31291.0,756739876.0,0.0
2020-06-03 17:15:00,MHImain,HKFE,24254.0,24435.0,24254.0,24409.0,15787.0,384669859.0,0.0
2020-06-03 21:15:00,MHImain,HKFE,24410.0,24609.0,24381.0,24538.0,17625.0,431959360.0,0.0
2020-06-04 01:15:00,MHImain,HKFE,24537.0,24618.0,24122.0,24131.0,48328.0,1176063645.0,0.0
2020-06-04 11:00:00,MHImain,HKFE,24134.0,24320.0,24117.0,24291.0,37128.0,898733749.0,0.0
2020-06-04 17:15:00,MHImain,HKFE,24295.0,24375.0,24143.0,24251.0,16771.0,406458618.0,0.0
2020-06-04 21:15:00,MHImain,HKFE,24253.0,24362.0,24174.0,24189.0,17987.0,436244257.0,0.0
2020-06-05 01:15:00,MHImain,HKFE,24188.0,24382.0,24158.0,24264.0,36561.0,887283546.0,0.0
2020-06-05 11:00:00,MHImain,HKFE,24262.0,24781.0,24256.0,24702.0,46857.0,1149718486.0,0.0
2020-06-05 17:15:00,MHImain,HKFE,24695.0,24958.0,24604.0,24952.0,19047.0,471439351.0,0.0
2020-06-05 21:15:00,MHImain,HKFE,24952.0,25074.0,24877.0,25025.0,21627.0,540236717.0,0.0
2020-06-06 01:15:00,MHImain,HKFE,25024.0,25042.0,24930.0,24977.0,3034.0,75851089.0,0.0
2020-06-08 01:15:00,MHImain,HKFE,24950.0,24985.0,24769.0,24813.0,37308.0,927419710.0,0.0
2020-06-08 11:00:00,MHImain,HKFE,24810.0,24850.0,24598.0,24736.0,40968.0,1012290671.0,0.0
2020-06-08 17:15:00,MHImain,HKFE,24744.0,24864.0,24744.0,24839.0,10027.0,248829270.0,0.0
2020-06-08 21:15:00,MHImain,HKFE,24840.0,24848.0,24682.0,24801.0,12892.0,319232760.0,0.0
2020-06-09 01:15:00,MHImain,HKFE,24801.0,25083.0,24722.0,25003.0,37823.0,943069513.0,0.0
2020-06-09 11:00:00,MHImain,HKFE,25005.0,25183.0,24823.0,24847.0,41635.0,1042851120.0,0.0
2020-06-09 17:15:00,MHImain,HKFE,24847.0,24919.0,24768.0,24840.0,12124.0,301285555.0,0.0
2020-06-09 21:15:00,MHImain,HKFE,24840.0,24936.0,24720.0,24802.0,17973.0,446464128.0,0.0
2020-06-10 01:15:00,MHImain,HKFE,24802.0,25254.0,24800.0,24984.0,48077.0,1205781704.0,0.0
2020-06-10 11:00:00,MHImain,HKFE,24982.0,25108.0,24938.0,25014.0,35242.0,881796882.0,0.0
2020-06-10 17:15:00,MHImain,HKFE,25000.0,25039.0,24809.0,25011.0,13510.0,336652446.0,0.0
2020-06-10 21:15:00,MHImain,HKFE,25011.0,25016.0,24864.0,24882.0,15462.0,385297844.0,0.0
2020-06-11 01:15:00,MHImain,HKFE,24885.0,25080.0,24786.0,24869.0,43285.0,1077788135.0,0.0
2020-06-11 11:00:00,MHImain,HKFE,24869.0,24895.0,24328.0,24361.0,58290.0,1432626051.0,0.0
2020-06-11 17:15:00,MHImain,HKFE,24365.0,24488.0,24196.0,24233.0,17093.0,416164629.0,0.0
2020-06-11 21:15:00,MHImain,HKFE,24235.0,24338.0,23913.0,24028.0,28580.0,691012531.0,0.0
2020-06-12 01:15:00,MHImain,HKFE,24027.0,24188.0,23785.0,24079.0,51645.0,1239960533.0,0.0
2020-06-12 11:00:00,MHImain,HKFE,24079.0,24228.0,23983.0,24216.0,49459.0,1191508609.0,0.0
2020-06-12 17:15:00,MHImain,HKFE,24220.0,24384.0,24211.0,24350.0,16425.0,399280348.0,0.0
2020-06-12 21:15:00,MHImain,HKFE,24348.0,24376.0,23981.0,24091.0,31792.0,768098911.0,0.0
2020-06-13 01:15:00,MHImain,HKFE,24098.0,24123.0,23953.0,24082.0,8056.0,193603910.0,0.0
2020-06-15 01:15:00,MHImain,HKFE,23913.0,24156.0,23805.0,23957.0,40089.0,962958418.0,0.0
2020-06-15 11:00:00,MHImain,HKFE,23956.0,24086.0,23556.0,23703.0,66602.0,1581608197.0,0.0
2020-06-15 17:15:00,MHImain,HKFE,23706.0,23857.0,23706.0,23749.0,18130.0,431128391.0,0.0
2020-06-15 21:15:00,MHImain,HKFE,23749.0,24024.0,23675.0,24006.0,25978.0,619497826.0,0.0
2020-06-16 01:15:00,MHImain,HKFE,24010.0,24471.0,23979.0,24471.0,49131.0,1193797083.0,0.0
2020-06-16 11:00:00,MHImain,HKFE,24472.0,24474.0,24252.0,24357.0,45877.0,1117391229.0,0.0
2020-06-16 17:15:00,MHImain,HKFE,24360.0,24633.0,24345.0,24562.0,14895.0,364923380.0,0.0
2020-06-16 21:15:00,MHImain,HKFE,24561.0,24589.0,24097.0,24291.0,34345.0,836263082.0,0.0
2020-06-17 01:15:00,MHImain,HKFE,24297.0,24390.0,24076.0,24254.0,46843.0,1135218866.0,0.0
2020-06-17 11:00:00,MHImain,HKFE,24256.0,24474.0,24126.0,24400.0,43960.0,1068762171.0,0.0
2020-06-17 17:15:00,MHImain,HKFE,24391.0,24408.0,24237.0,24319.0,12422.0,302059875.0,0.0
2020-06-17 21:15:00,MHImain,HKFE,24319.0,24415.0,24273.0,24377.0,16724.0,407099127.0,0.0
2020-06-18 01:15:00,MHImain,HKFE,24380.0,24400.0,24016.0,24119.0,47393.0,1144036883.0,0.0
2020-06-18 11:00:00,MHImain,HKFE,24120.0,24439.0,24108.0,24348.0,51312.0,1247906165.0,0.0
2020-06-18 17:15:00,MHImain,HKFE,24398.0,24501.0,24208.0,24261.0,16633.0,404682051.0,0.0
2020-06-18 21:15:00,MHImain,HKFE,24263.0,24389.0,24252.0,24337.0,14264.0,346901535.0,0.0
2020-06-19 01:15:00,MHImain,HKFE,24337.0,24466.0,24230.0,24387.0,42241.0,1028646286.0,0.0
2020-06-19 11:00:00,MHImain,HKFE,24386.0,24732.0,24338.0,24615.0,49092.0,1205412236.0,0.0
2020-06-19 17:15:00,MHImain,HKFE,24622.0,24707.0,24622.0,24670.0,8420.0,207727011.0,0.0
2020-06-19 21:15:00,MHImain,HKFE,24669.0,24700.0,24298.0,24394.0,19911.0,487904593.0,0.0
2020-06-20 01:15:00,MHImain,HKFE,24393.0,24428.0,24344.0,24426.0,3772.0,91973413.0,0.0
2020-06-22 01:15:00,MHImain,HKFE,24380.0,24624.0,24362.0,24568.0,38595.0,946796785.0,0.0
2020-06-22 11:00:00,MHImain,HKFE,24565.0,24575.0,24354.0,24453.0,39318.0,962253555.0,0.0
2020-06-22 17:15:00,MHImain,HKFE,24494.0,24558.0,24423.0,24488.0,8003.0,195998165.0,0.0
2020-06-22 21:15:00,MHImain,HKFE,24488.0,24675.0,24433.0,24650.0,13254.0,325423618.0,0.0
2020-06-23 01:15:00,MHImain,HKFE,24652.0,24803.0,24138.0,24705.0,76639.0,1873268223.0,0.0
2020-06-23 11:00:00,MHImain,HKFE,24702.0,24979.0,24654.0,24950.0,43418.0,1076431455.0,0.0
2020-06-23 17:15:00,MHImain,HKFE,24926.0,25034.0,24901.0,24982.0,7824.0,195457055.0,0.0
2020-06-23 21:15:00,MHImain,HKFE,24983.0,25044.0,24939.0,25005.0,10913.0,272756918.0,0.0
2020-06-24 01:15:00,MHImain,HKFE,25003.0,25128.0,24866.0,24874.0,36058.0,900308070.0,0.0
2020-06-24 11:00:00,MHImain,HKFE,24876.0,24964.0,24649.0,24710.0,37395.0,929150459.0,0.0
2020-06-24 17:15:00,MHImain,HKFE,24670.0,24742.0,24586.0,24715.0,8023.0,197939266.0,0.0
2020-06-24 21:15:00,MHImain,HKFE,24714.0,24749.0,24376.0,24486.0,22929.0,562780653.0,0.0
2020-06-25 01:15:00,MHImain,HKFE,24490.0,24524.0,24431.0,24484.0,2817.0,68958425.0,0.0
2020-06-26 01:15:00,MHImain,HKFE,24522.0,24757.0,24500.0,24638.0,24417.0,601911436.0,0.0
2020-06-26 11:00:00,MHImain,HKFE,24637.0,24686.0,24481.0,24502.0,20875.0,513151482.0,0.0
2020-06-26 17:15:00,MHImain,HKFE,24382.0,24497.0,24367.0,24400.0,2526.0,61709120.0,0.0
2020-06-26 21:15:00,MHImain,HKFE,24402.0,24407.0,24187.0,24272.0,5348.0,129819898.0,0.0
2020-06-27 01:15:00,MHImain,HKFE,24276.0,24300.0,24220.0,24244.0,767.0,18605897.0,0.0
2020-06-29 01:15:00,MHImain,HKFE,24288.0,24422.0,24112.0,24124.0,34731.0,842720841.0,0.0
2020-06-29 11:00:00,MHImain,HKFE,24123.0,24180.0,23914.0,24049.0,42946.0,1033306248.0,0.0
2020-06-29 17:15:00,MHImain,HKFE,24056.0,24212.0,24056.0,24152.0,7624.0,184119117.0,0.0
2020-06-29 21:15:00,MHImain,HKFE,24150.0,24252.0,24081.0,24239.0,12551.0,303496014.0,0.0
2020-06-30 01:15:00,MHImain,HKFE,24239.0,24406.0,24208.0,24297.0,33992.0,826435609.0,0.0
2020-06-30 11:00:00,MHImain,HKFE,24296.0,24384.0,24057.0,24244.0,43207.0,1046323983.0,0.0
2020-06-30 17:15:00,MHImain,HKFE,24235.0,24289.0,24177.0,24191.0,6465.0,156620964.0,0.0
2020-06-30 21:15:00,MHImain,HKFE,24193.0,24272.0,24140.0,24164.0,11594.0,280538665.0,0.0
2020-07-01 01:15:00,MHImain,HKFE,24160.0,24165.0,24128.0,24161.0,1765.0,42618296.0,0.0
2020-07-02 01:15:00,MHImain,HKFE,24410.0,24821.0,24360.0,24771.0,48342.0,1193424098.0,0.0
2020-07-02 11:00:00,MHImain,HKFE,24772.0,25154.0,24680.0,25140.0,43381.0,1079611775.0,0.0
2020-07-02 17:15:00,MHImain,HKFE,25135.0,25180.0,25024.0,25155.0,9875.0,247843379.0,0.0
2020-07-02 21:15:00,MHImain,HKFE,25154.0,25227.0,24989.0,25109.0,15192.0,381372248.0,0.0
2020-07-03 01:15:00,MHImain,HKFE,25104.0,25345.0,25088.0,25184.0,39832.0,1004718387.0,0.0
2020-07-03 11:00:00,MHImain,HKFE,25182.0,25418.0,25157.0,25298.0,40489.0,1024389967.0,0.0
2020-07-03 17:15:00,MHImain,HKFE,25318.0,25320.0,25212.0,25253.0,5206.0,131457163.0,0.0
2020-07-03 21:15:00,MHImain,HKFE,25251.0,25272.0,25166.0,25217.0,5080.0,128104358.0,0.0
2020-07-04 01:15:00,MHImain,HKFE,25224.0,25262.0,25207.0,25240.0,462.0,11653938.0,0.0
2020-07-06 01:15:00,MHImain,HKFE,25489.0,25973.0,25488.0,25972.0,42920.0,1106611340.0,0.0
2020-07-06 11:00:00,MHImain,HKFE,25973.0,26443.0,25948.0,26321.0,64578.0,1692074202.0,0.0
2020-07-06 17:15:00,MHImain,HKFE,26300.0,26491.0,26230.0,26453.0,8583.0,226299930.0,0.0
2020-07-06 21:15:00,MHImain,HKFE,26453.0,26591.0,26448.0,26495.0,14034.0,372105457.0,0.0
2020-07-07 01:15:00,MHImain,HKFE,26492.0,26791.0,26215.0,26298.0,62082.0,1641417898.0,0.0
2020-07-07 11:00:00,MHImain,HKFE,26300.0,26429.0,25931.0,25970.0,51803.0,1356310815.0,0.0
2020-07-07 17:15:00,MHImain,HKFE,25958.0,26074.0,25874.0,26058.0,8276.0,215034328.0,0.0
2020-07-07 21:15:00,MHImain,HKFE,26060.0,26226.0,26033.0,26112.0,12185.0,318565217.0,0.0
2020-07-08 01:15:00,MHImain,HKFE,26110.0,26328.0,25877.0,26128.0,53428.0,1394463991.0,0.0
2020-07-08 11:00:00,MHImain,HKFE,26130.0,26207.0,25930.0,26064.0,50964.0,1329321087.0,0.0
2020-07-08 17:15:00,MHImain,HKFE,26052.0,26107.0,25957.0,26087.0,10055.0,261754962.0,0.0
2020-07-08 21:15:00,MHImain,HKFE,26090.0,26264.0,26061.0,26239.0,13597.0,355527354.0,0.0
2020-07-09 01:15:00,MHImain,HKFE,26242.0,26389.0,26085.0,26217.0,51877.0,1361945675.0,0.0
2020-07-09 11:00:00,MHImain,HKFE,26220.0,26279.0,26002.0,26247.0,46346.0,1213152758.0,0.0
2020-07-09 17:15:00,MHImain,HKFE,26231.0,26277.0,26179.0,26245.0,6542.0,171538302.0,0.0
2020-07-09 21:15:00,MHImain,HKFE,26243.0,26314.0,25865.0,26053.0,22402.0,583817143.0,0.0
2020-07-10 01:15:00,MHImain,HKFE,26056.0,26168.0,25838.0,25927.0,47921.0,1245952073.0,0.0
2020-07-10 11:00:00,MHImain,HKFE,25928.0,25984.0,25549.0,25688.0,56275.0,1447255613.0,0.0
2020-07-10 17:15:00,MHImain,HKFE,25678.0,25867.0,25613.0,25815.0,9803.0,252659575.0,0.0
2020-07-10 21:15:00,MHImain,HKFE,25817.0,25843.0,25663.0,25723.0,14845.0,382424187.0,0.0
2020-07-11 01:15:00,MHImain,HKFE,25725.0,25781.0,25710.0,25766.0,1718.0,44243230.0,0.0
2020-07-13 01:15:00,MHImain,HKFE,25842.0,25943.0,25729.0,25883.0,39791.0,1028274849.0,0.0
2020-07-13 11:00:00,MHImain,HKFE,25883.0,26110.0,25716.0,25750.0,47059.0,1220596620.0,0.0
2020-07-13 17:15:00,MHImain,HKFE,25760.0,25848.0,25716.0,25812.0,6926.0,178649489.0,0.0
2020-07-13 21:15:00,MHImain,HKFE,25812.0,26030.0,25794.0,25974.0,13728.0,355909507.0,0.0
2020-07-14 01:15:00,MHImain,HKFE,25976.0,26008.0,25254.0,25348.0,62703.0,1598783192.0,0.0
2020-07-14 11:00:00,MHImain,HKFE,25350.0,25557.0,25283.0,25530.0,56681.0,1440118924.0,0.0
2020-07-14 17:15:00,MHImain,HKFE,25522.0,25592.0,25429.0,25435.0,9014.0,230098905.0,0.0
2020-07-14 21:15:00,MHImain,HKFE,25433.0,25697.0,25427.0,25669.0,19678.0,502840255.0,0.0
2020-07-15 01:15:00,MHImain,HKFE,25671.0,25898.0,25449.0,25539.0,51992.0,1335192271.0,0.0
2020-07-15 11:00:00,MHImain,HKFE,25535.0,25549.0,25306.0,25485.0,57028.0,1450443358.0,0.0
2020-07-15 17:15:00,MHImain,HKFE,25472.0,25640.0,25438.0,25600.0,8157.0,208541773.0,0.0
2020-07-15 21:15:00,MHImain,HKFE,25600.0,25666.0,25473.0,25585.0,14916.0,381399796.0,0.0
2020-07-16 01:15:00,MHImain,HKFE,25586.0,25628.0,25138.0,25225.0,57553.0,1461335672.0,0.0
2020-07-16 11:00:00,MHImain,HKFE,25224.0,25248.0,24886.0,24920.0,66969.0,1680187185.0,0.0
2020-07-16 17:15:00,MHImain,HKFE,24911.0,25063.0,24844.0,25021.0,10313.0,257617947.0,0.0
2020-07-16 21:15:00,MHImain,HKFE,25020.0,25168.0,24985.0,25138.0,13505.0,338959654.0,0.0
2020-07-17 01:15:00,MHImain,HKFE,25136.0,25258.0,25034.0,25147.0,48129.0,1210424533.0,0.0
2020-07-17 11:00:00,MHImain,HKFE,25145.0,25172.0,25006.0,25160.0,44883.0,1126439683.0,0.0
2020-07-17 17:15:00,MHImain,HKFE,25169.0,25220.0,25148.0,25196.0,5362.0,135032937.0,0.0
2020-07-17 21:15:00,MHImain,HKFE,25198.0,25274.0,25108.0,25206.0,11477.0,288989650.0,0.0
2020-07-18 01:15:00,MHImain,HKFE,25204.0,25214.0,25160.0,25162.0,1544.0,38890342.0,0.0
2020-07-20 01:15:00,MHImain,HKFE,25010.0,25169.0,24722.0,25085.0,51737.0,1290967831.0,0.0
2020-07-20 11:00:00,MHImain,HKFE,25085.0,25209.0,24928.0,25028.0,49525.0,1241563070.0,0.0
2020-07-20 17:15:00,MHImain,HKFE,25045.0,25144.0,25045.0,25108.0,6104.0,153239357.0,0.0
2020-07-20 21:15:00,MHImain,HKFE,25111.0,25234.0,25068.0,25213.0,10465.0,263253911.0,0.0
2020-07-21 01:15:00,MHImain,HKFE,25215.0,25529.0,25215.0,25475.0,42879.0,1090626404.0,0.0
2020-07-21 11:00:00,MHImain,HKFE,25474.0,25636.0,25397.0,25618.0,45046.0,1149436576.0,0.0
2020-07-21 17:15:00,MHImain,HKFE,25611.0,25707.0,25610.0,25626.0,5952.0,152750153.0,0.0
2020-07-21 21:15:00,MHImain,HKFE,25625.0,25637.0,25511.0,25541.0,13973.0,357337846.0,0.0
2020-07-22 01:15:00,MHImain,HKFE,25541.0,25788.0,25475.0,25748.0,43039.0,1102720661.0,0.0
2020-07-22 11:00:00,MHImain,HKFE,25749.0,25757.0,24992.0,25099.0,63258.0,1606901275.0,0.0
2020-07-22 17:15:00,MHImain,HKFE,25099.0,25250.0,24969.0,25193.0,12747.0,320737206.0,0.0
2020-07-22 21:15:00,MHImain,HKFE,25193.0,25233.0,25061.0,25103.0,13429.0,337725186.0,0.0
2020-07-23 01:15:00,MHImain,HKFE,25103.0,25325.0,24963.0,24993.0,57007.0,1434131691.0,0.0
2020-07-23 11:00:00,MHImain,HKFE,24990.0,25270.0,24969.0,25248.0,46999.0,1182141629.0,0.0
2020-07-23 17:15:00,MHImain,HKFE,25228.0,25235.0,25059.0,25123.0,7721.0,194272218.0,0.0
2020-07-23 21:15:00,MHImain,HKFE,25125.0,25180.0,25052.0,25071.0,13146.0,330245515.0,0.0
2020-07-24 01:15:00,MHImain,HKFE,25068.0,25106.0,24877.0,24930.0,50792.0,1269231521.0,0.0
2020-07-24 11:00:00,MHImain,HKFE,24931.0,24935.0,24574.0,24688.0,69038.0,1705327402.0,0.0
2020-07-24 17:15:00,MHImain,HKFE,24700.0,24779.0,24697.0,24713.0,6951.0,171918418.0,0.0
2020-07-24 21:15:00,MHImain,HKFE,24714.0,24802.0,24663.0,24718.0,13140.0,325147813.0,0.0
2020-07-25 01:15:00,MHImain,HKFE,24718.0,24825.0,24716.0,24821.0,1815.0,44984685.0,0.0
2020-07-27 01:15:00,MHImain,HKFE,24908.0,24972.0,24692.0,24804.0,41875.0,1040886317.0,0.0
2020-07-27 11:00:00,MHImain,HKFE,24805.0,24824.0,24539.0,24638.0,46194.0,1138615914.0,0.0
2020-07-27 17:15:00,MHImain,HKFE,24633.0,24715.0,24623.0,24692.0,6101.0,150543296.0,0.0
2020-07-27 21:15:00,MHImain,HKFE,24691.0,24797.0,24664.0,24732.0,9198.0,227523472.0,0.0
2020-07-28 01:15:00,MHImain,HKFE,24732.0,24988.0,24723.0,24779.0,35343.0,877854335.0,0.0
2020-07-28 11:00:00,MHImain,HKFE,24778.0,24807.0,24647.0,24755.0,31202.0,771348236.0,0.0
2020-07-28 17:15:00,MHImain,HKFE,24776.0,24796.0,24658.0,24706.0,6429.0,158876398.0,0.0
2020-07-28 21:15:00,MHImain,HKFE,24706.0,24746.0,24657.0,24696.0,8934.0,220720334.0,0.0
2020-07-29 01:15:00,MHImain,HKFE,24695.0,24908.0,24667.0,24806.0,27717.0,687325902.0,0.0
2020-07-29 11:00:00,MHImain,HKFE,24806.0,24898.0,24671.0,24879.0,26660.0,661292675.0,0.0
2020-07-29 17:15:00,MHImain,HKFE,24847.0,24906.0,24815.0,24856.0,2036.0,50621997.0,0.0
2020-07-29 21:15:00,MHImain,HKFE,24854.0,24923.0,24838.0,24866.0,3551.0,88352797.0,0.0
2020-07-30 01:15:00,MHImain,HKFE,24866.0,25087.0,24851.0,25044.0,33048.0,824451874.0,0.0
2020-07-30 11:00:00,MHImain,HKFE,25044.0,25188.0,24536.0,24635.0,61871.0,1538123040.0,0.0
2020-07-30 17:15:00,MHImain,HKFE,24627.0,24670.0,24564.0,24600.0,8573.0,211061439.0,0.0
2020-07-30 21:15:00,MHImain,HKFE,24599.0,24652.0,24371.0,24627.0,21814.0,534185009.0,0.0
2020-07-31 01:15:00,MHImain,HKFE,24627.0,24928.0,24605.0,24614.0,45771.0,1134188733.0,0.0
2020-07-31 11:00:00,MHImain,HKFE,24614.0,24750.0,24481.0,24560.0,52998.0,1305533976.0,0.0
2020-07-31 17:15:00,MHImain,HKFE,24579.0,24595.0,24495.0,24523.0,6470.0,158750094.0,0.0
2020-07-31 21:15:00,MHImain,HKFE,24520.0,24541.0,24291.0,24305.0,19129.0,467017394.0,0.0
2020-08-01 01:15:00,MHImain,HKFE,24310.0,24370.0,24272.0,24367.0,2184.0,53091857.0,0.0
2020-08-03 01:15:00,MHImain,HKFE,24558.0,24605.0,24184.0,24355.0,49750.0,1214394752.0,0.0
2020-08-03 11:00:00,MHImain,HKFE,24356.0,24435.0,24240.0,24388.0,41986.0,1021841054.0,0.0
2020-08-03 17:15:00,MHImain,HKFE,24377.0,24490.0,24334.0,24434.0,6560.0,160228662.0,0.0
2020-08-03 21:15:00,MHImain,HKFE,24435.0,24515.0,24400.0,24489.0,9635.0,235746829.0,0.0
2020-08-04 01:15:00,MHImain,HKFE,24489.0,24678.0,24488.0,24630.0,42289.0,1039636583.0,0.0
2020-08-04 11:00:00,MHImain,HKFE,24630.0,25069.0,24544.0,24930.0,65102.0,1617405231.0,0.0
2020-08-04 17:15:00,MHImain,HKFE,24929.0,24974.0,24800.0,24854.0,8099.0,201565066.0,0.0
2020-08-04 21:15:00,MHImain,HKFE,24852.0,24968.0,24833.0,24930.0,10056.0,250285466.0,0.0
2020-08-05 01:15:00,MHImain,HKFE,24930.0,25090.0,24840.0,25004.0,42230.0,1053349477.0,0.0
2020-08-05 11:00:00,MHImain,HKFE,25000.0,25168.0,24951.0,25048.0,46656.0,1168787065.0,0.0
2020-08-05 17:15:00,MHImain,HKFE,25080.0,25120.0,25037.0,25063.0,5836.0,146384158.0,0.0
2020-08-05 21:15:00,MHImain,HKFE,25070.0,25163.0,25053.0,25081.0,9372.0,235361590.0,0.0
2020-08-06 01:15:00,MHImain,HKFE,25080.0,25230.0,24592.0,24613.0,64245.0,1599168263.0,0.0
2020-08-06 11:00:00,MHImain,HKFE,24615.0,24968.0,24605.0,24815.0,53734.0,1331265143.0,0.0
2020-08-06 17:15:00,MHImain,HKFE,24830.0,24849.0,24662.0,24774.0,10183.0,252083734.0,0.0
2020-08-06 21:15:00,MHImain,HKFE,24772.0,24838.0,24716.0,24797.0,11860.0,293846156.0,0.0
2020-08-07 01:15:00,MHImain,HKFE,24798.0,24925.0,24443.0,24504.0,55045.0,1358052643.0,0.0
2020-08-07 11:00:00,MHImain,HKFE,24504.0,24549.0,24150.0,24400.0,69819.0,1704542564.0,0.0
2020-08-07 17:15:00,MHImain,HKFE,24381.0,24449.0,24331.0,24372.0,6368.0,155407482.0,0.0
2020-08-07 21:15:00,MHImain,HKFE,24376.0,24430.0,24201.0,24291.0,19739.0,480094301.0,0.0
2020-08-08 01:15:00,MHImain,HKFE,24288.0,24359.0,24253.0,24342.0,2199.0,53425181.0,0.0
2020-08-10 01:15:00,MHImain,HKFE,24246.0,24492.0,24222.0,24415.0,45281.0,1102982899.0,0.0
2020-08-10 11:00:00,MHImain,HKFE,24418.0,24506.0,24306.0,24409.0,37932.0,925974842.0,0.0
2020-08-10 17:15:00,MHImain,HKFE,24427.0,24455.0,24397.0,24423.0,4525.0,110531271.0,0.0
2020-08-10 21:15:00,MHImain,HKFE,24423.0,24475.0,24348.0,24465.0,9476.0,231299056.0,0.0
2020-08-11 01:15:00,MHImain,HKFE,24467.0,24979.0,24460.0,24869.0,44253.0,1097850279.0,0.0
2020-08-11 11:00:00,MHImain,HKFE,24868.0,25030.0,24724.0,24892.0,51522.0,1281669216.0,0.0
2020-08-11 17:15:00,MHImain,HKFE,24906.0,25013.0,24860.0,24945.0,7149.0,178548116.0,0.0
2020-08-11 21:15:00,MHImain,HKFE,24946.0,24975.0,24844.0,24926.0,11937.0,297387306.0,0.0
2020-08-12 01:15:00,MHImain,HKFE,24923.0,24935.0,24653.0,24810.0,46603.0,1153930302.0,0.0
2020-08-12 11:00:00,MHImain,HKFE,24811.0,25299.0,24719.0,25238.0,56114.0,1402919269.0,0.0
2020-08-12 17:15:00,MHImain,HKFE,25265.0,25341.0,25251.0,25331.0,7828.0,198080826.0,0.0
2020-08-12 21:15:00,MHImain,HKFE,25333.0,25432.0,25293.0,25346.0,11301.0,286662362.0,0.0
2020-08-13 01:15:00,MHImain,HKFE,25345.0,25458.0,25154.0,25222.0,46407.0,1173727151.0,0.0
2020-08-13 11:00:00,MHImain,HKFE,25223.0,25236.0,25094.0,25137.0,42013.0,1057725964.0,0.0
2020-08-13 17:15:00,MHImain,HKFE,25148.0,25244.0,25131.0,25218.0,4800.0,120941677.0,0.0
2020-08-13 21:15:00,MHImain,HKFE,25219.0,25233.0,25119.0,25192.0,7306.0,184011104.0,0.0
2020-08-14 01:15:00,MHImain,HKFE,25192.0,25267.0,25028.0,25201.0,38831.0,976968922.0,0.0
2020-08-14 11:00:00,MHImain,HKFE,25201.0,25358.0,25042.0,25086.0,42041.0,1059638561.0,0.0
2020-08-14 17:15:00,MHImain,HKFE,25068.0,25125.0,25013.0,25102.0,6180.0,154942778.0,0.0
2020-08-14 21:15:00,MHImain,HKFE,25102.0,25199.0,25077.0,25167.0,8426.0,211954615.0,0.0
2020-08-15 01:15:00,MHImain,HKFE,25165.0,25177.0,25146.0,25170.0,1014.0,25514361.0,0.0
2020-08-17 01:15:00,MHImain,HKFE,25193.0,25518.0,25146.0,25467.0,40438.0,1025073192.0,0.0
2020-08-17 11:00:00,MHImain,HKFE,25467.0,25575.0,25258.0,25285.0,46770.0,1188735642.0,0.0
2020-08-17 17:15:00,MHImain,HKFE,25300.0,25350.0,25290.0,25335.0,3681.0,93199569.0,0.0
2020-08-17 21:15:00,MHImain,HKFE,25336.0,25420.0,25334.0,25403.0,7106.0,180389248.0,0.0
2020-08-18 01:15:00,MHImain,HKFE,25406.0,25441.0,25232.0,25294.0,40303.0,1021819250.0,0.0
2020-08-18 11:00:00,MHImain,HKFE,25296.0,25416.0,25212.0,25338.0,38398.0,971912547.0,0.0
2020-08-18 17:15:00,MHImain,HKFE,25345.0,25394.0,25333.0,25363.0,3375.0,85629978.0,0.0
2020-08-18 21:15:00,MHImain,HKFE,25361.0,25367.0,25196.0,25253.0,6436.0,162662062.0,0.0
2020-08-19 01:15:00,MHImain,HKFE,25253.0,25253.0,25253.0,25253.0,0.0,0.0,0.0
2020-08-19 11:00:00,MHImain,HKFE,25253.0,25338.0,25040.0,25139.0,45655.0,1148457262.0,0.0
2020-08-19 17:15:00,MHImain,HKFE,25130.0,25208.0,25130.0,25171.0,3425.0,86256785.0,0.0
2020-08-19 21:15:00,MHImain,HKFE,25174.0,25196.0,25101.0,25158.0,8223.0,206818574.0,0.0
2020-08-20 01:15:00,MHImain,HKFE,25160.0,25186.0,24587.0,24689.0,53164.0,1315663407.0,0.0
2020-08-20 11:00:00,MHImain,HKFE,24688.0,24828.0,24544.0,24674.0,49909.0,1231013258.0,0.0
2020-08-20 17:15:00,MHImain,HKFE,24683.0,24742.0,24650.0,24650.0,5374.0,132777324.0,0.0
2020-08-20 21:15:00,MHImain,HKFE,24652.0,24833.0,24620.0,24831.0,11451.0,283052835.0,0.0
2020-08-21 01:15:00,MHImain,HKFE,24833.0,25003.0,24832.0,24991.0,38886.0,968640797.0,0.0
2020-08-21 11:00:00,MHImain,HKFE,24996.0,25185.0,24994.0,25066.0,43686.0,1095923159.0,0.0
2020-08-21 17:15:00,MHImain,HKFE,25096.0,25107.0,24936.0,24987.0,7416.0,185414664.0,0.0
2020-08-21 21:15:00,MHImain,HKFE,24986.0,25138.0,24951.0,25067.0,11012.0,275649310.0,0.0
2020-08-22 01:15:00,MHImain,HKFE,25066.0,25130.0,25061.0,25129.0,1271.0,31891405.0,0.0
2020-08-24 01:15:00,MHImain,HKFE,25193.0,25550.0,25193.0,25436.0,37125.0,944521436.0,0.0
2020-08-24 11:00:00,MHImain,HKFE,25434.0,25547.0,25427.0,25497.0,27801.0,708531090.0,0.0
2020-08-24 17:15:00,MHImain,HKFE,25506.0,25580.0,25501.0,25506.0,5014.0,128045802.0,0.0
2020-08-24 21:15:00,MHImain,HKFE,25504.0,25518.0,25404.0,25448.0,10234.0,260562246.0,0.0
2020-08-25 01:15:00,MHImain,HKFE,25448.0,25619.0,25392.0,25494.0,35170.0,897561717.0,0.0
2020-08-25 11:00:00,MHImain,HKFE,25494.0,25551.0,25327.0,25462.0,34624.0,881137211.0,0.0
2020-08-25 17:15:00,MHImain,HKFE,25450.0,25472.0,25428.0,25442.0,3159.0,80387868.0,0.0
2020-08-25 21:15:00,MHImain,HKFE,25443.0,25510.0,25406.0,25432.0,9779.0,248905941.0,0.0
2020-08-26 01:15:00,MHImain,HKFE,25433.0,25602.0,25427.0,25442.0,31879.0,813022799.0,0.0
2020-08-26 11:00:00,MHImain,HKFE,25442.0,25495.0,25307.0,25440.0,32667.0,830391427.0,0.0
2020-08-26 17:15:00,MHImain,HKFE,25450.0,25466.0,25412.0,25438.0,2498.0,63542194.0,0.0
2020-08-26 21:15:00,MHImain,HKFE,25440.0,25512.0,25425.0,25508.0,5374.0,136850432.0,0.0
2020-08-27 01:15:00,MHImain,HKFE,25507.0,25525.0,25164.0,25228.0,32859.0,831080118.0,0.0
2020-08-27 11:00:00,MHImain,HKFE,25230.0,25375.0,25189.0,25220.0,23857.0,602770374.0,0.0
2020-08-27 17:15:00,MHImain,HKFE,25130.0,25219.0,25088.0,25218.0,2166.0,54476705.0,0.0
2020-08-27 21:15:00,MHImain,HKFE,25219.0,25256.0,25013.0,25090.0,6888.0,173123906.0,0.0
2020-08-28 01:15:00,MHImain,HKFE,25090.0,25417.0,25080.0,25413.0,29840.0,754366067.0,0.0
2020-08-28 11:00:00,MHImain,HKFE,25413.0,25705.0,25254.0,25361.0,58863.0,1499416775.0,0.0
2020-08-28 17:15:00,MHImain,HKFE,25380.0,25395.0,25316.0,25380.0,4152.0,105277865.0,0.0
2020-08-28 21:15:00,MHImain,HKFE,25382.0,25439.0,25334.0,25388.0,8751.0,222179371.0,0.0
2020-08-29 01:15:00,MHImain,HKFE,25387.0,25420.0,25381.0,25418.0,842.0,21386344.0,0.0
2020-08-31 01:15:00,MHImain,HKFE,25580.0,25789.0,25545.0,25739.0,33716.0,866671986.0,0.0
2020-08-31 11:00:00,MHImain,HKFE,25740.0,25751.0,24975.0,25067.0,59300.0,1504803591.0,0.0
2020-08-31 17:15:00,MHImain,HKFE,25076.0,25141.0,25051.0,25088.0,5365.0,134640821.0,0.0
2020-08-31 21:15:00,MHImain,HKFE,25084.0,25103.0,24872.0,24943.0,12703.0,317227291.0,0.0
2020-09-01 01:15:00,MHImain,HKFE,24945.0,25180.0,24850.0,25131.0,40447.0,1013969409.0,0.0
2020-09-01 11:00:00,MHImain,HKFE,25132.0,25202.0,25025.0,25067.0,33371.0,838381767.0,0.0
2020-09-01 17:15:00,MHImain,HKFE,25090.0,25099.0,24960.0,24985.0,5126.0,128389143.0,0.0
2020-09-01 21:15:00,MHImain,HKFE,24983.0,25055.0,24930.0,24943.0,9631.0,240671345.0,0.0
2020-09-02 01:15:00,MHImain,HKFE,24940.0,25138.0,24824.0,24888.0,40483.0,1010826007.0,0.0
2020-09-02 11:00:00,MHImain,HKFE,24888.0,25184.0,24860.0,25054.0,42450.0,1062897341.0,0.0
2020-09-02 17:15:00,MHImain,HKFE,25060.0,25125.0,25035.0,25044.0,4679.0,117347794.0,0.0
2020-09-02 21:15:00,MHImain,HKFE,25042.0,25042.0,24878.0,24963.0,13654.0,340786778.0,0.0
2020-09-03 01:15:00,MHImain,HKFE,24960.0,25171.0,24777.0,25078.0,43803.0,1095922101.0,0.0
2020-09-03 11:00:00,MHImain,HKFE,25078.0,25083.0,24805.0,24920.0,49851.0,1242724006.0,0.0
2020-09-03 17:15:00,MHImain,HKFE,24910.0,24927.0,24840.0,24858.0,5625.0,139949410.0,0.0
2020-09-03 21:15:00,MHImain,HKFE,24859.0,24893.0,24554.0,24676.0,28540.0,705564593.0,0.0
2020-09-04 01:15:00,MHImain,HKFE,24676.0,24688.0,24416.0,24508.0,47921.0,1176101389.0,0.0
2020-09-04 11:00:00,MHImain,HKFE,24505.0,24788.0,24424.0,24681.0,45158.0,1110605586.0,0.0
2020-09-04 17:15:00,MHImain,HKFE,24691.0,24730.0,24598.0,24664.0,8620.0,212512700.0,0.0
2020-09-04 21:15:00,MHImain,HKFE,24666.0,24718.0,24301.0,24547.0,32628.0,799037523.0,0.0
2020-09-05 01:15:00,MHImain,HKFE,24539.0,24685.0,24510.0,24663.0,3108.0,76429768.0,0.0
2020-09-07 01:15:00,MHImain,HKFE,24660.0,24873.0,24512.0,24602.0,44475.0,1097288278.0,0.0
2020-09-07 11:00:00,MHImain,HKFE,24604.0,24716.0,24429.0,24523.0,47238.0,1161035791.0,0.0
2020-09-07 17:15:00,MHImain,HKFE,24520.0,24605.0,24506.0,24571.0,3943.0,96853738.0,0.0
2020-09-07 21:15:00,MHImain,HKFE,24568.0,24628.0,24561.0,24600.0,4120.0,101347230.0,0.0
2020-09-08 01:15:00,MHImain,HKFE,24600.0,24765.0,24496.0,24496.0,45206.0,1114210441.0,0.0
2020-09-08 11:00:00,MHImain,HKFE,24497.0,24683.0,24282.0,24492.0,64799.0,1588223196.0,0.0
2020-09-08 17:15:00,MHImain,HKFE,24480.0,24480.0,24237.0,24243.0,12801.0,311723169.0,0.0
2020-09-08 21:15:00,MHImain,HKFE,24245.0,24418.0,24238.0,24390.0,19467.0,473955755.0,0.0
2020-09-09 01:15:00,MHImain,HKFE,24388.0,24436.0,24143.0,24290.0,49022.0,1189771768.0,0.0
2020-09-09 11:00:00,MHImain,HKFE,24289.0,24471.0,24244.0,24414.0,45969.0,1118927743.0,0.0
2020-09-09 17:15:00,MHImain,HKFE,24412.0,24490.0,24362.0,24486.0,7332.0,179064038.0,0.0
2020-09-09 21:15:00,MHImain,HKFE,24487.0,24587.0,24445.0,24583.0,12304.0,301521982.0,0.0
2020-09-10 01:15:00,MHImain,HKFE,24583.0,24633.0,24352.0,24434.0,40673.0,995501487.0,0.0
2020-09-10 11:00:00,MHImain,HKFE,24434.0,24492.0,24209.0,24236.0,41070.0,1001619992.0,0.0
2020-09-10 17:15:00,MHImain,HKFE,24248.0,24362.0,24236.0,24348.0,8601.0,208956768.0,0.0
2020-09-10 21:15:00,MHImain,HKFE,24350.0,24419.0,24239.0,24275.0,15438.0,375789939.0,0.0
2020-09-11 01:15:00,MHImain,HKFE,24277.0,24393.0,24151.0,24318.0,36396.0,884831284.0,0.0
2020-09-11 11:00:00,MHImain,HKFE,24318.0,24528.0,24295.0,24455.0,38665.0,944120891.0,0.0
2020-09-11 17:15:00,MHImain,HKFE,24481.0,24490.0,24411.0,24442.0,4839.0,118326617.0,0.0
2020-09-11 21:15:00,MHImain,HKFE,24442.0,24473.0,24298.0,24299.0,14293.0,348765560.0,0.0
2020-09-12 01:15:00,MHImain,HKFE,24302.0,24341.0,24244.0,24325.0,4227.0,102673517.0,0.0
2020-09-14 01:15:00,MHImain,HKFE,24549.0,24724.0,24476.0,24580.0,36279.0,892173168.0,0.0
2020-09-14 11:00:00,MHImain,HKFE,24580.0,24684.0,24528.0,24540.0,28010.0,689209866.0,0.0
2020-09-14 17:15:00,MHImain,HKFE,24535.0,24547.0,24466.0,24512.0,5824.0,142711415.0,0.0
2020-09-14 21:15:00,MHImain,HKFE,24513.0,24532.0,24476.0,24488.0,6908.0,169277066.0,0.0
2020-09-15 01:15:00,MHImain,HKFE,24488.0,24749.0,24421.0,24748.0,34443.0,848346602.0,0.0
2020-09-15 11:00:00,MHImain,HKFE,24747.0,24777.0,24633.0,24750.0,33681.0,832346827.0,0.0
2020-09-15 17:15:00,MHImain,HKFE,24758.0,24897.0,24758.0,24868.0,6954.0,172754465.0,0.0
2020-09-15 21:15:00,MHImain,HKFE,24867.0,24888.0,24800.0,24830.0,8054.0,200059533.0,0.0
2020-09-16 01:15:00,MHImain,HKFE,24830.0,24845.0,24692.0,24707.0,30352.0,751573416.0,0.0
2020-09-16 11:00:00,MHImain,HKFE,24706.0,24747.0,24600.0,24710.0,33191.0,819045975.0,0.0
2020-09-16 17:15:00,MHImain,HKFE,24716.0,24733.0,24651.0,24655.0,3560.0,87908509.0,0.0
2020-09-16 21:15:00,MHImain,HKFE,24655.0,24699.0,24602.0,24657.0,8351.0,205909969.0,0.0
2020-09-17 01:15:00,MHImain,HKFE,24658.0,24726.0,24290.0,24322.0,45288.0,1108484618.0,0.0
2020-09-17 11:00:00,MHImain,HKFE,24321.0,24357.0,24198.0,24337.0,40773.0,990199300.0,0.0
2020-09-17 17:15:00,MHImain,HKFE,24337.0,24355.0,24250.0,24253.0,4866.0,118289811.0,0.0
2020-09-17 21:15:00,MHImain,HKFE,24257.0,24403.0,24250.0,24365.0,12192.0,296832650.0,0.0
2020-09-18 01:15:00,MHImain,HKFE,24370.0,24436.0,24251.0,24336.0,32935.0,801964991.0,0.0
2020-09-18 11:00:00,MHImain,HKFE,24336.0,24460.0,24336.0,24451.0,30231.0,737842696.0,0.0
2020-09-18 17:15:00,MHImain,HKFE,24444.0,24491.0,24369.0,24411.0,6351.0,155165854.0,0.0
2020-09-18 21:15:00,MHImain,HKFE,24409.0,24411.0,24332.0,24357.0,8241.0,200824980.0,0.0
2020-09-19 01:15:00,MHImain,HKFE,24358.0,24359.0,24277.0,24358.0,2852.0,69354513.0,0.0
2020-09-21 01:15:00,MHImain,HKFE,24401.0,24578.0,24202.0,24226.0,42301.0,1029705928.0,0.0
2020-09-21 11:00:00,MHImain,HKFE,24225.0,24249.0,23861.0,23898.0,51966.0,1249911423.0,0.0
2020-09-21 17:15:00,MHImain,HKFE,23906.0,23920.0,23712.0,23747.0,10643.0,253351051.0,0.0
2020-09-21 21:15:00,MHImain,HKFE,23751.0,23792.0,23614.0,23775.0,17321.0,410770887.0,0.0
2020-09-22 01:15:00,MHImain,HKFE,23774.0,23899.0,23665.0,23785.0,35882.0,853038149.0,0.0
2020-09-22 11:00:00,MHImain,HKFE,23785.0,23867.0,23622.0,23661.0,35379.0,839484083.0,0.0
2020-09-22 17:15:00,MHImain,HKFE,23676.0,23766.0,23670.0,23752.0,6142.0,145731841.0,0.0
2020-09-22 21:15:00,MHImain,HKFE,23753.0,23768.0,23536.0,23595.0,14095.0,333157928.0,0.0
2020-09-23 01:15:00,MHImain,HKFE,23596.0,23745.0,23583.0,23629.0,37646.0,890509300.0,0.0
2020-09-23 11:00:00,MHImain,HKFE,23628.0,23760.0,23506.0,23700.0,40939.0,968809568.0,0.0
2020-09-23 17:15:00,MHImain,HKFE,23712.0,23772.0,23631.0,23660.0,5893.0,139641563.0,0.0
2020-09-23 21:15:00,MHImain,HKFE,23662.0,23686.0,23525.0,23579.0,10863.0,256337168.0,0.0
2020-09-24 01:15:00,MHImain,HKFE,23579.0,23590.0,23253.0,23302.0,50318.0,1177593270.0,0.0
2020-09-24 11:00:00,MHImain,HKFE,23301.0,23349.0,23163.0,23258.0,36429.0,847724838.0,0.0
2020-09-24 17:15:00,MHImain,HKFE,23255.0,23322.0,23165.0,23187.0,7804.0,181441567.0,0.0
2020-09-24 21:15:00,MHImain,HKFE,23190.0,23396.0,23164.0,23396.0,16316.0,379723274.0,0.0
2020-09-25 01:15:00,MHImain,HKFE,23397.0,23475.0,23341.0,23361.0,33774.0,790438130.0,0.0
2020-09-25 11:00:00,MHImain,HKFE,23363.0,23404.0,23114.0,23150.0,46504.0,1081070882.0,0.0
2020-09-25 17:15:00,MHImain,HKFE,23159.0,23205.0,22978.0,23103.0,10311.0,237845330.0,0.0
2020-09-25 21:15:00,MHImain,HKFE,23102.0,23118.0,22965.0,23110.0,12887.0,297124044.0,0.0
2020-09-26 01:15:00,MHImain,HKFE,23108.0,23162.0,23087.0,23160.0,1405.0,32492547.0,0.0
2020-09-28 01:15:00,MHImain,HKFE,23212.0,23398.0,23211.0,23331.0,24872.0,579840437.0,0.0
2020-09-28 11:00:00,MHImain,HKFE,23330.0,23496.0,23300.0,23432.0,24577.0,575389511.0,0.0
2020-09-28 17:15:00,MHImain,HKFE,23413.0,23540.0,23403.0,23506.0,2994.0,70306022.0,0.0
2020-09-28 21:15:00,MHImain,HKFE,23508.0,23538.0,23473.0,23507.0,3145.0,73903499.0,0.0
2020-09-29 01:15:00,MHImain,HKFE,23508.0,23587.0,23339.0,23405.0,31050.0,728184533.0,0.0
2020-09-29 11:00:00,MHImain,HKFE,23406.0,23419.0,23197.0,23271.0,38346.0,893582550.0,0.0
2020-09-29 17:15:00,MHImain,HKFE,23270.0,23348.0,23267.0,23336.0,4722.0,110101913.0,0.0
2020-09-29 21:15:00,MHImain,HKFE,23336.0,23384.0,23322.0,23354.0,8542.0,199501251.0,0.0
2020-09-30 01:15:00,MHImain,HKFE,23360.0,23777.0,23359.0,23693.0,43245.0,1019487807.0,0.0
2020-09-30 11:00:00,MHImain,HKFE,23697.0,23706.0,23326.0,23435.0,48422.0,1137062163.0,0.0
2020-09-30 17:15:00,MHImain,HKFE,23431.0,23554.0,23385.0,23551.0,6753.0,158503764.0,0.0
2020-09-30 21:15:00,MHImain,HKFE,23551.0,23743.0,23537.0,23683.0,14257.0,337330889.0,0.0
2020-10-01 01:15:00,MHImain,HKFE,23685.0,23755.0,23678.0,23747.0,3074.0,72903630.0,0.0
2020-10-05 01:15:00,MHImain,HKFE,23900.0,23954.0,23626.0,23772.0,36856.0,875991134.0,0.0
2020-10-05 11:00:00,MHImain,HKFE,23772.0,23827.0,23664.0,23758.0,26579.0,631162159.0,0.0
2020-10-05 17:15:00,MHImain,HKFE,23767.0,23808.0,23749.0,23776.0,3704.0,88077480.0,0.0
2020-10-05 21:15:00,MHImain,HKFE,23776.0,23875.0,23767.0,23847.0,6753.0,160947805.0,0.0
2020-10-06 01:15:00,MHImain,HKFE,23845.0,23983.0,23788.0,23892.0,32512.0,776857046.0,0.0
2020-10-06 11:00:00,MHImain,HKFE,23891.0,23978.0,23857.0,23951.0,25019.0,598594115.0,0.0
2020-10-06 17:15:00,MHImain,HKFE,23952.0,24043.0,23930.0,24028.0,5740.0,137699885.0,0.0
2020-10-06 21:15:00,MHImain,HKFE,24028.0,24086.0,23984.0,24063.0,9950.0,239159910.0,0.0
2020-10-07 01:15:00,MHImain,HKFE,24060.0,24186.0,23880.0,24073.0,40242.0,967525342.0,0.0
2020-10-07 11:00:00,MHImain,HKFE,24074.0,24264.0,24056.0,24170.0,30492.0,737102059.0,0.0
2020-10-07 17:15:00,MHImain,HKFE,24170.0,24250.0,24170.0,24250.0,4506.0,109066250.0,0.0
2020-10-07 21:15:00,MHImain,HKFE,24251.0,24285.0,24164.0,24234.0,8840.0,214255116.0,0.0
2020-10-08 01:15:00,MHImain,HKFE,24235.0,24283.0,23992.0,24027.0,35676.0,859060131.0,0.0
2020-10-08 11:00:00,MHImain,HKFE,24027.0,24158.0,23995.0,24104.0,24918.0,599909246.0,0.0
2020-10-08 17:15:00,MHImain,HKFE,24104.0,24179.0,24095.0,24136.0,5159.0,124527419.0,0.0
2020-10-08 21:15:00,MHImain,HKFE,24136.0,24238.0,24127.0,24223.0,8020.0,193877652.0,0.0
2020-10-09 01:15:00,MHImain,HKFE,24222.0,24372.0,24076.0,24179.0,33558.0,812198672.0,0.0
2020-10-09 11:00:00,MHImain,HKFE,24178.0,24256.0,24016.0,24038.0,31322.0,755369559.0,0.0
2020-10-09 17:15:00,MHImain,HKFE,24039.0,24132.0,24035.0,24123.0,3802.0,91554857.0,0.0
2020-10-09 21:15:00,MHImain,HKFE,24124.0,24255.0,24089.0,24237.0,8982.0,217240803.0,0.0
2020-10-10 01:15:00,MHImain,HKFE,24238.0,24245.0,24199.0,24203.0,1126.0,27272901.0,0.0
2020-10-12 01:15:00,MHImain,HKFE,24178.0,24513.0,24151.0,24466.0,35278.0,860350817.0,0.0
2020-10-12 11:00:00,MHImain,HKFE,24468.0,24712.0,24424.0,24668.0,37127.0,913943868.0,0.0
2020-10-12 17:15:00,MHImain,HKFE,24794.0,24794.0,24607.0,24658.0,4645.0,114475068.0,0.0
2020-10-12 21:15:00,MHImain,HKFE,24658.0,24744.0,24621.0,24713.0,7651.0,188851438.0,0.0
2020-10-13 01:15:00,MHImain,HKFE,24712.0,24735.0,24691.0,24706.0,1706.0,42159787.0,0.0
2020-10-14 01:15:00,MHImain,HKFE,24794.0,24800.0,24475.0,24572.0,36423.0,895077101.0,0.0
2020-10-14 11:00:00,MHImain,HKFE,24570.0,24659.0,24536.0,24607.0,31073.0,764477138.0,0.0
2020-10-14 17:15:00,MHImain,HKFE,24606.0,24649.0,24520.0,24626.0,6444.0,158428080.0,0.0
2020-10-14 21:15:00,MHImain,HKFE,24628.0,24642.0,24463.0,24526.0,8885.0,218284184.0,0.0
2020-10-15 01:15:00,MHImain,HKFE,24524.0,24565.0,24331.0,24348.0,43922.0,1073803294.0,0.0
2020-10-15 11:00:00,MHImain,HKFE,24349.0,24406.0,24057.0,24082.0,47736.0,1157695971.0,0.0
2020-10-15 17:15:00,MHImain,HKFE,24082.0,24112.0,23982.0,24047.0,8436.0,202876098.0,0.0
2020-10-15 21:15:00,MHImain,HKFE,24043.0,24129.0,24038.0,24124.0,8388.0,202052538.0,0.0
2020-10-16 01:15:00,MHImain,HKFE,24122.0,24388.0,24115.0,24357.0,34777.0,844052752.0,0.0
2020-10-16 11:00:00,MHImain,HKFE,24357.0,24435.0,24235.0,24356.0,35447.0,863157405.0,0.0
2020-10-16 17:15:00,MHImain,HKFE,24360.0,24409.0,24324.0,24388.0,4461.0,108733792.0,0.0
2020-10-16 21:15:00,MHImain,HKFE,24386.0,24429.0,24319.0,24417.0,7358.0,179434859.0,0.0
2020-10-17 01:15:00,MHImain,HKFE,24419.0,24442.0,24402.0,24420.0,1239.0,30261584.0,0.0
2020-10-19 01:15:00,MHImain,HKFE,24488.0,24765.0,24425.0,24593.0,39378.0,970407894.0,0.0
2020-10-19 11:00:00,MHImain,HKFE,24595.0,24610.0,24452.0,24545.0,31650.0,776191136.0,0.0
2020-10-19 17:15:00,MHImain,HKFE,24547.0,24566.0,24504.0,24525.0,3316.0,81363065.0,0.0
2020-10-19 21:15:00,MHImain,HKFE,24525.0,24582.0,24500.0,24518.0,7445.0,182719916.0,0.0
2020-10-20 01:15:00,MHImain,HKFE,24516.0,24580.0,24405.0,24521.0,38516.0,943453572.0,0.0
2020-10-20 11:00:00,MHImain,HKFE,24523.0,24552.0,24442.0,24512.0,25193.0,617136188.0,0.0
2020-10-20 17:15:00,MHImain,HKFE,24507.0,24537.0,24467.0,24488.0,3448.0,84482676.0,0.0
2020-10-20 21:15:00,MHImain,HKFE,24489.0,24606.0,24482.0,24600.0,8469.0,207943307.0,0.0
2020-10-21 01:15:00,MHImain,HKFE,24600.0,24890.0,24558.0,24627.0,47110.0,1165715311.0,0.0
2020-10-21 11:00:00,MHImain,HKFE,24623.0,24855.0,24609.0,24635.0,32350.0,800244017.0,0.0
2020-10-21 17:15:00,MHImain,HKFE,24631.0,24702.0,24594.0,24695.0,4685.0,115567989.0,0.0
2020-10-21 21:15:00,MHImain,HKFE,24695.0,24813.0,24673.0,24696.0,11543.0,285555281.0,0.0
2020-10-22 01:15:00,MHImain,HKFE,24701.0,24724.0,24521.0,24677.0,39873.0,980774083.0,0.0
2020-10-22 11:00:00,MHImain,HKFE,24677.0,24868.0,24636.0,24866.0,35821.0,886097481.0,0.0
2020-10-22 17:15:00,MHImain,HKFE,24865.0,24876.0,24805.0,24834.0,5033.0,125019871.0,0.0
2020-10-22 21:15:00,MHImain,HKFE,24832.0,24853.0,24715.0,24823.0,10427.0,258367852.0,0.0
2020-10-23 01:15:00,MHImain,HKFE,24826.0,24859.0,24647.0,24857.0,33692.0,834119501.0,0.0
2020-10-23 11:00:00,MHImain,HKFE,24857.0,24966.0,24757.0,24917.0,39729.0,988552899.0,0.0
2020-10-23 17:15:00,MHImain,HKFE,24913.0,24938.0,24891.0,24919.0,2952.0,73570081.0,0.0
2020-10-23 21:15:00,MHImain,HKFE,24918.0,24930.0,24851.0,24919.0,8383.0,208680171.0,0.0
2020-10-24 01:15:00,MHImain,HKFE,24920.0,24959.0,24915.0,24958.0,1252.0,31223094.0,0.0
2020-10-27 01:15:00,MHImain,HKFE,24740.0,24836.0,24652.0,24653.0,36260.0,897569322.0,0.0
2020-10-27 11:00:00,MHImain,HKFE,24653.0,24810.0,24568.0,24714.0,36887.0,910527302.0,0.0
2020-10-27 17:15:00,MHImain,HKFE,24710.0,24798.0,24680.0,24753.0,4357.0,107815178.0,0.0
2020-10-27 21:15:00,MHImain,HKFE,24751.0,24815.0,24687.0,24796.0,6811.0,168593912.0,0.0
2020-10-28 01:15:00,MHImain,HKFE,24798.0,24837.0,24562.0,24666.0,29150.0,719180128.0,0.0
2020-10-28 11:00:00,MHImain,HKFE,24666.0,24830.0,24572.0,24597.0,29165.0,720640456.0,0.0
2020-10-28 17:15:00,MHImain,HKFE,24575.0,24606.0,24384.0,24406.0,6936.0,169812630.0,0.0
2020-10-28 21:15:00,MHImain,HKFE,24406.0,24461.0,24270.0,24270.0,8345.0,203259933.0,0.0
2020-10-29 01:15:00,MHImain,HKFE,24270.0,24404.0,24208.0,24367.0,34076.0,828829776.0,0.0
2020-10-29 11:00:00,MHImain,HKFE,24367.0,24613.0,24339.0,24494.0,41084.0,1006116098.0,0.0
2020-10-29 17:15:00,MHImain,HKFE,24499.0,24532.0,24420.0,24472.0,7759.0,189888696.0,0.0
2020-10-29 21:15:00,MHImain,HKFE,24472.0,24527.0,24368.0,24480.0,12580.0,307732921.0,0.0
2020-10-30 01:15:00,MHImain,HKFE,24478.0,24590.0,24345.0,24442.0,31631.0,772955698.0,0.0
2020-10-30 11:00:00,MHImain,HKFE,24442.0,24535.0,23948.0,24152.0,62234.0,1505296861.0,0.0
2020-10-30 17:15:00,MHImain,HKFE,24149.0,24240.0,24131.0,24203.0,8927.0,215932788.0,0.0
2020-10-30 21:15:00,MHImain,HKFE,24203.0,24244.0,24087.0,24093.0,13361.0,322778122.0,0.0
2020-10-31 01:15:00,MHImain,HKFE,24092.0,24145.0,24070.0,24123.0,2448.0,59004116.0,0.0
2020-11-02 01:15:00,MHImain,HKFE,24147.0,24298.0,24147.0,24174.0,31143.0,754399201.0,0.0
2020-11-02 11:00:00,MHImain,HKFE,24175.0,24428.0,24164.0,24341.0,35628.0,866312077.0,0.0
2020-11-02 17:15:00,MHImain,HKFE,24370.0,24556.0,24370.0,24524.0,7957.0,194850196.0,0.0
2020-11-02 21:15:00,MHImain,HKFE,24523.0,24544.0,24441.0,24446.0,7420.0,181722746.0,0.0
2020-11-03 01:15:00,MHImain,HKFE,24448.0,25025.0,24399.0,24990.0,39187.0,971820007.0,0.0
2020-11-03 11:00:00,MHImain,HKFE,24991.0,25032.0,24863.0,25030.0,34444.0,859252754.0,0.0
2020-11-03 17:15:00,MHImain,HKFE,25032.0,25154.0,24861.0,24930.0,12257.0,306913743.0,0.0
2020-11-03 21:15:00,MHImain,HKFE,24934.0,24995.0,24715.0,24936.0,23661.0,587894405.0,0.0
2020-11-04 01:15:00,MHImain,HKFE,24934.0,25063.0,24625.0,24799.0,54929.0,1364715129.0,0.0
2020-11-04 11:00:00,MHImain,HKFE,24803.0,25040.0,24749.0,24949.0,55987.0,1394293747.0,0.0
2020-11-04 17:15:00,MHImain,HKFE,24930.0,25336.0,24910.0,25285.0,18700.0,469591241.0,0.0
2020-11-04 21:15:00,MHImain,HKFE,25285.0,25590.0,25180.0,25570.0,24915.0,631731716.0,0.0
2020-11-05 01:15:00,MHImain,HKFE,25574.0,25623.0,25296.0,25436.0,45763.0,1164256956.0,0.0
2020-11-05 11:00:00,MHImain,HKFE,25437.0,25814.0,25426.0,25806.0,43370.0,1109046888.0,0.0
2020-11-05 17:15:00,MHImain,HKFE,25803.0,26023.0,25747.0,25972.0,17318.0,448809322.0,0.0
2020-11-05 21:15:00,MHImain,HKFE,25973.0,26009.0,25808.0,25837.0,16570.0,429208496.0,0.0
2020-11-06 01:15:00,MHImain,HKFE,25838.0,25904.0,25610.0,25700.0,40665.0,1045455726.0,0.0
2020-11-06 11:00:00,MHImain,HKFE,25698.0,25793.0,25543.0,25719.0,37463.0,960891283.0,0.0
2020-11-06 17:15:00,MHImain,HKFE,25703.0,25755.0,25580.0,25681.0,9312.0,238987226.0,0.0
2020-11-06 21:15:00,MHImain,HKFE,25684.0,25870.0,25658.0,25833.0,14192.0,365919745.0,0.0
2020-11-07 01:15:00,MHImain,HKFE,25834.0,25896.0,25819.0,25892.0,1418.0,36675639.0,0.0
2020-11-09 01:15:00,MHImain,HKFE,26200.0,26222.0,25963.0,26059.0,36968.0,963243698.0,0.0
2020-11-09 11:00:00,MHImain,HKFE,26057.0,26192.0,25944.0,26030.0,38621.0,1006506414.0,0.0
2020-11-09 17:15:00,MHImain,HKFE,26032.0,26713.0,26032.0,26668.0,32232.0,852422453.0,0.0
2020-11-09 21:15:00,MHImain,HKFE,26668.0,26870.0,26525.0,26545.0,30155.0,804598322.0,0.0
2020-11-10 01:15:00,MHImain,HKFE,26543.0,26595.0,26223.0,26246.0,40942.0,1077882001.0,0.0
2020-11-10 11:00:00,MHImain,HKFE,26244.0,26367.0,26063.0,26357.0,44706.0,1171528913.0,0.0
2020-11-10 17:15:00,MHImain,HKFE,26356.0,26454.0,26271.0,26313.0,11969.0,315334451.0,0.0
2020-11-10 21:15:00,MHImain,HKFE,26317.0,26398.0,26182.0,26368.0,16687.0,438512857.0,0.0
2020-11-11 01:15:00,MHImain,HKFE,26370.0,26444.0,26193.0,26283.0,41311.0,1086771422.0,0.0
2020-11-11 11:00:00,MHImain,HKFE,26285.0,26408.0,26176.0,26263.0,36687.0,965250517.0,0.0
2020-11-11 17:15:00,MHImain,HKFE,26262.0,26381.0,26262.0,26339.0,6232.0,164091913.0,0.0
2020-11-11 21:15:00,MHImain,HKFE,26340.0,26403.0,26288.0,26393.0,9042.0,238240091.0,0.0
2020-11-12 01:15:00,MHImain,HKFE,26393.0,26491.0,26146.0,26246.0,39848.0,1048572850.0,0.0
2020-11-12 11:00:00,MHImain,HKFE,26249.0,26260.0,26072.0,26228.0,36033.0,942346355.0,0.0
2020-11-12 17:15:00,MHImain,HKFE,26227.0,26365.0,26200.0,26208.0,9723.0,255490939.0,0.0
2020-11-12 21:15:00,MHImain,HKFE,26208.0,26302.0,26205.0,26254.0,8283.0,217455165.0,0.0
2020-11-13 01:15:00,MHImain,HKFE,26253.0,26271.0,25920.0,26082.0,39362.0,1024140209.0,0.0
2020-11-13 11:00:00,MHImain,HKFE,26080.0,26196.0,26009.0,26182.0,31228.0,814718266.0,0.0
2020-11-13 17:15:00,MHImain,HKFE,26181.0,26283.0,26165.0,26201.0,5844.0,153290658.0,0.0
2020-11-13 21:15:00,MHImain,HKFE,26200.0,26240.0,26123.0,26185.0,7180.0,188015386.0,0.0
2020-11-14 01:15:00,MHImain,HKFE,26184.0,26286.0,26176.0,26283.0,1722.0,45175308.0,0.0
2020-11-16 01:15:00,MHImain,HKFE,26410.0,26467.0,26203.0,26294.0,35619.0,937135792.0,0.0
2020-11-16 11:00:00,MHImain,HKFE,26295.0,26393.0,26245.0,26375.0,24674.0,649223739.0,0.0
2020-11-16 17:15:00,MHImain,HKFE,26370.0,26502.0,26334.0,26467.0,8762.0,231616539.0,0.0
2020-11-16 21:15:00,MHImain,HKFE,26467.0,26573.0,26434.0,26523.0,10801.0,286309809.0,0.0
2020-11-17 01:15:00,MHImain,HKFE,26522.0,26535.0,26357.0,26380.0,30812.0,814477252.0,0.0
2020-11-17 11:00:00,MHImain,HKFE,26382.0,26437.0,26331.0,26415.0,22395.0,590926223.0,0.0
2020-11-17 17:15:00,MHImain,HKFE,26396.0,26437.0,26328.0,26342.0,4628.0,122131879.0,0.0
2020-11-17 21:15:00,MHImain,HKFE,26342.0,26431.0,26287.0,26431.0,9618.0,253357229.0,0.0
2020-11-18 01:15:00,MHImain,HKFE,26431.0,26488.0,26366.0,26416.0,28067.0,741553948.0,0.0
2020-11-18 11:00:00,MHImain,HKFE,26417.0,26643.0,26391.0,26556.0,33499.0,887847116.0,0.0
2020-11-18 17:15:00,MHImain,HKFE,26544.0,26632.0,26534.0,26609.0,5914.0,157246766.0,0.0
2020-11-18 21:15:00,MHImain,HKFE,26609.0,26615.0,26514.0,26587.0,7918.0,210305023.0,0.0
2020-11-19 01:15:00,MHImain,HKFE,26584.0,26591.0,26316.0,26344.0,31213.0,823915018.0,0.0
2020-11-19 11:00:00,MHImain,HKFE,26343.0,26445.0,26323.0,26353.0,25021.0,660362626.0,0.0
2020-11-19 17:15:00,MHImain,HKFE,26351.0,26355.0,26226.0,26341.0,8678.0,228150616.0,0.0
2020-11-19 21:15:00,MHImain,HKFE,26340.0,26437.0,26311.0,26430.0,7726.0,203852671.0,0.0
2020-11-20 01:15:00,MHImain,HKFE,26429.0,26484.0,26334.0,26461.0,26414.0,697732765.0,0.0
2020-11-20 11:00:00,MHImain,HKFE,26462.0,26574.0,26385.0,26448.0,26836.0,710214659.0,0.0
2020-11-20 17:15:00,MHImain,HKFE,26436.0,26528.0,26436.0,26498.0,4270.0,113114830.0,0.0
2020-11-20 21:15:00,MHImain,HKFE,26495.0,26534.0,26473.0,26517.0,5064.0,134222914.0,0.0
2020-11-21 01:15:00,MHImain,HKFE,26516.0,26551.0,26505.0,26543.0,1024.0,27169635.0,0.0
2020-11-23 01:15:00,MHImain,HKFE,26628.0,26709.0,26375.0,26429.0,32347.0,857435084.0,0.0
2020-11-23 11:00:00,MHImain,HKFE,26430.0,26512.0,26387.0,26495.0,23638.0,625086561.0,0.0
2020-11-23 17:15:00,MHImain,HKFE,26497.0,26528.0,26482.0,26503.0,3403.0,90201155.0,0.0
2020-11-23 21:15:00,MHImain,HKFE,26504.0,26517.0,26352.0,26406.0,10583.0,279733212.0,0.0
2020-11-24 01:15:00,MHImain,HKFE,26404.0,26554.0,26404.0,26489.0,25294.0,669551562.0,0.0
2020-11-24 11:00:00,MHImain,HKFE,26488.0,26620.0,26466.0,26617.0,21410.0,567922833.0,0.0
2020-11-24 17:15:00,MHImain,HKFE,26617.0,26651.0,26580.0,26608.0,4869.0,129603648.0,0.0
2020-11-24 21:15:00,MHImain,HKFE,26611.0,26676.0,26539.0,26659.0,8105.0,215585069.0,0.0
2020-11-25 01:15:00,MHImain,HKFE,26657.0,27005.0,26647.0,26928.0,35310.0,949772865.0,0.0
2020-11-25 11:00:00,MHImain,HKFE,26929.0,27077.0,26593.0,26642.0,43863.0,1174039068.0,0.0
2020-11-25 17:15:00,MHImain,HKFE,26635.0,26660.0,26558.0,26620.0,4949.0,131667363.0,0.0
2020-11-25 21:15:00,MHImain,HKFE,26620.0,26695.0,26583.0,26662.0,6084.0,162092645.0,0.0
2020-11-26 01:15:00,MHImain,HKFE,26663.0,26733.0,26619.0,26664.0,20211.0,539024828.0,0.0
2020-11-26 11:00:00,MHImain,HKFE,26665.0,26824.0,26653.0,26799.0,20642.0,551678923.0,0.0
2020-11-26 17:15:00,MHImain,HKFE,26780.0,26797.0,26756.0,26759.0,1030.0,27578884.0,0.0
2020-11-26 21:15:00,MHImain,HKFE,26760.0,26780.0,26735.0,26736.0,1109.0,29677287.0,0.0
2020-11-27 01:15:00,MHImain,HKFE,26736.0,26793.0,26715.0,26768.0,15897.0,425261532.0,0.0
2020-11-27 11:00:00,MHImain,HKFE,26768.0,27033.0,26730.0,26925.0,29451.0,792047519.0,0.0
2020-11-27 17:15:00,MHImain,HKFE,26935.0,26961.0,26882.0,26900.0,3282.0,88336448.0,0.0
2020-11-27 21:15:00,MHImain,HKFE,26899.0,26994.0,26891.0,26920.0,5400.0,145522491.0,0.0
2020-11-28 01:15:00,MHImain,HKFE,26918.0,26975.0,26917.0,26942.0,1014.0,27325331.0,0.0
2020-11-30 01:15:00,MHImain,HKFE,26800.0,26953.0,26772.0,26789.0,23564.0,632873062.0,0.0
2020-11-30 11:00:00,MHImain,HKFE,26790.0,26837.0,26304.0,26433.0,44822.0,1189817786.0,0.0
2020-11-30 17:15:00,MHImain,HKFE,26435.0,26515.0,26402.0,26478.0,5898.0,156065677.0,0.0
2020-11-30 21:15:00,MHImain,HKFE,26476.0,26506.0,26285.0,26320.0,9547.0,252048711.0,0.0
2020-12-01 01:15:00,MHImain,HKFE,26320.0,26551.0,26304.0,26532.0,26298.0,695930577.0,0.0
2020-12-01 11:00:00,MHImain,HKFE,26532.0,26659.0,26475.0,26583.0,31436.0,835491573.0,0.0
2020-12-01 17:15:00,MHImain,HKFE,26598.0,26606.0,26537.0,26568.0,3446.0,91574273.0,0.0
2020-12-01 21:15:00,MHImain,HKFE,26565.0,26666.0,26510.0,26656.0,7531.0,200278807.0,0.0
2020-12-02 01:15:00,MHImain,HKFE,26655.0,26694.0,26333.0,26484.0,35234.0,932732856.0,0.0
2020-12-02 11:00:00,MHImain,HKFE,26483.0,26609.0,26454.0,26536.0,28413.0,753801130.0,0.0
2020-12-02 17:15:00,MHImain,HKFE,26560.0,26591.0,26506.0,26537.0,3301.0,87647639.0,0.0
2020-12-02 21:15:00,MHImain,HKFE,26533.0,26640.0,26495.0,26624.0,6878.0,182762243.0,0.0
2020-12-03 01:15:00,MHImain,HKFE,26625.0,26662.0,26544.0,26610.0,25794.0,686225274.0,0.0
2020-12-03 11:00:00,MHImain,HKFE,26610.0,26810.0,26588.0,26725.0,33788.0,902709260.0,0.0
2020-12-03 17:15:00,MHImain,HKFE,26722.0,26727.0,26667.0,26711.0,3362.0,89752625.0,0.0
2020-12-03 21:15:00,MHImain,HKFE,26710.0,26826.0,26699.0,26756.0,7423.0,198701047.0,0.0
2020-12-04 01:15:00,MHImain,HKFE,26756.0,26808.0,26654.0,26702.0,24579.0,657058856.0,0.0
2020-12-04 11:00:00,MHImain,HKFE,26703.0,26900.0,26677.0,26875.0,28222.0,755881052.0,0.0
2020-12-04 17:15:00,MHImain,HKFE,26864.0,26934.0,26837.0,26854.0,4143.0,111403546.0,0.0
2020-12-04 21:15:00,MHImain,HKFE,26853.0,26876.0,26807.0,26832.0,6595.0,176987438.0,0.0
2020-12-05 01:15:00,MHImain,HKFE,26832.0,26850.0,26822.0,26831.0,782.0,20983088.0,0.0
2020-12-07 01:15:00,MHImain,HKFE,26845.0,26849.0,26318.0,26330.0,40532.0,1074421070.0,0.0
2020-12-07 11:00:00,MHImain,HKFE,26328.0,26533.0,26258.0,26429.0,34447.0,910152473.0,0.0
2020-12-07 17:15:00,MHImain,HKFE,26424.0,26472.0,26376.0,26453.0,4560.0,120500585.0,0.0
2020-12-07 21:15:00,MHImain,HKFE,26454.0,26566.0,26453.0,26559.0,5939.0,157496167.0,0.0
2020-12-08 01:15:00,MHImain,HKFE,26562.0,26566.0,26328.0,26384.0,29271.0,773049918.0,0.0
2020-12-08 11:00:00,MHImain,HKFE,26384.0,26425.0,26280.0,26295.0,29027.0,764979669.0,0.0
2020-12-08 17:15:00,MHImain,HKFE,26300.0,26342.0,26278.0,26324.0,4323.0,113742201.0,0.0
2020-12-08 21:15:00,MHImain,HKFE,26323.0,26411.0,26304.0,26386.0,5756.0,151680089.0,0.0
2020-12-09 01:15:00,MHImain,HKFE,26389.0,26698.0,26376.0,26669.0,30182.0,801797492.0,0.0
2020-12-09 11:00:00,MHImain,HKFE,26670.0,26684.0,26477.0,26545.0,32075.0,852273625.0,0.0
2020-12-09 17:15:00,MHImain,HKFE,26548.0,26561.0,26510.0,26526.0,2426.0,64384895.0,0.0
2020-12-09 21:15:00,MHImain,HKFE,26526.0,26543.0,26320.0,26352.0,8849.0,233901111.0,0.0
2020-12-10 01:15:00,MHImain,HKFE,26352.0,26449.0,26235.0,26428.0,26798.0,706181617.0,0.0
2020-12-10 11:00:00,MHImain,HKFE,26430.0,26440.0,26327.0,26414.0,20403.0,538367110.0,0.0
2020-12-10 17:15:00,MHImain,HKFE,26414.0,26473.0,26397.0,26428.0,4226.0,111719394.0,0.0
2020-12-10 21:15:00,MHImain,HKFE,26429.0,26522.0,26320.0,26494.0,12157.0,321195404.0,0.0
2020-12-11 01:15:00,MHImain,HKFE,26495.0,26728.0,26481.0,26515.0,35431.0,942523116.0,0.0
2020-12-11 11:00:00,MHImain,HKFE,26512.0,26576.0,26446.0,26457.0,27499.0,729222741.0,0.0
2020-12-11 17:15:00,MHImain,HKFE,26454.0,26465.0,26320.0,26370.0,7919.0,208935808.0,0.0
2020-12-11 21:15:00,MHImain,HKFE,26372.0,26414.0,26322.0,26333.0,7271.0,191703398.0,0.0
2020-12-12 01:15:00,MHImain,HKFE,26332.0,26365.0,26306.0,26357.0,1854.0,48821910.0,0.0
2020-12-14 01:15:00,MHImain,HKFE,26510.0,26574.0,26432.0,26489.0,22750.0,603053447.0,0.0
2020-12-14 11:00:00,MHImain,HKFE,26491.0,26500.0,26300.0,26367.0,28208.0,744478517.0,0.0
2020-12-14 17:15:00,MHImain,HKFE,26371.0,26452.0,26364.0,26431.0,3224.0,85163374.0,0.0
2020-12-14 21:15:00,MHImain,HKFE,26431.0,26475.0,26380.0,26415.0,6837.0,180719398.0,0.0
2020-12-15 01:15:00,MHImain,HKFE,26415.0,26422.0,26100.0,26222.0,34850.0,914616940.0,0.0
2020-12-15 11:00:00,MHImain,HKFE,26221.0,26270.0,26128.0,26243.0,26237.0,687479944.0,0.0
2020-12-15 17:15:00,MHImain,HKFE,26248.0,26298.0,26248.0,26296.0,3989.0,104831108.0,0.0
2020-12-15 21:15:00,MHImain,HKFE,26297.0,26337.0,26266.0,26327.0,6076.0,159810472.0,0.0
2020-12-16 01:15:00,MHImain,HKFE,26325.0,26466.0,26306.0,26441.0,27569.0,727487170.0,0.0
2020-12-16 11:00:00,MHImain,HKFE,26441.0,26537.0,26401.0,26524.0,24856.0,657827670.0,0.0
2020-12-16 17:15:00,MHImain,HKFE,26529.0,26570.0,26501.0,26520.0,3806.0,101003786.0,0.0
2020-12-16 21:15:00,MHImain,HKFE,26518.0,26539.0,26457.0,26517.0,6298.0,166906359.0,0.0
2020-12-17 01:15:00,MHImain,HKFE,26517.0,26572.0,26398.0,26517.0,30378.0,804422101.0,0.0
2020-12-17 11:00:00,MHImain,HKFE,26518.0,26711.0,26486.0,26698.0,30523.0,811203529.0,0.0
2020-12-17 17:15:00,MHImain,HKFE,26690.0,26698.0,26658.0,26677.0,3055.0,81494687.0,0.0
2020-12-17 21:15:00,MHImain,HKFE,26678.0,26690.0,26607.0,26637.0,6171.0,164452807.0,0.0
2020-12-18 01:15:00,MHImain,HKFE,26637.0,26671.0,26460.0,26495.0,26690.0,708720010.0,0.0
2020-12-18 11:00:00,MHImain,HKFE,26493.0,26521.0,26345.0,26497.0,29775.0,787502609.0,0.0
2020-12-18 17:15:00,MHImain,HKFE,26498.0,26563.0,26477.0,26502.0,3166.0,83937111.0,0.0
2020-12-18 21:15:00,MHImain,HKFE,26504.0,26531.0,26434.0,26472.0,5764.0,152635324.0,0.0
2020-12-19 01:15:00,MHImain,HKFE,26474.0,26494.0,26432.0,26454.0,1227.0,32473963.0,0.0
2020-12-21 01:15:00,MHImain,HKFE,26425.0,26483.0,26264.0,26466.0,30124.0,794598026.0,0.0
2020-12-21 11:00:00,MHImain,HKFE,26465.0,26517.0,26271.0,26343.0,27557.0,727565665.0,0.0
2020-12-21 17:15:00,MHImain,HKFE,26342.0,26342.0,25957.0,26057.0,20618.0,538079739.0,0.0
2020-12-21 21:15:00,MHImain,HKFE,26057.0,26247.0,26041.0,26235.0,13443.0,351452028.0,0.0
2020-12-22 01:15:00,MHImain,HKFE,26237.0,26380.0,26187.0,26352.0,27408.0,720269907.0,0.0
2020-12-22 11:00:00,MHImain,HKFE,26351.0,26351.0,25992.0,26129.0,42311.0,1105202351.0,0.0
2020-12-22 17:15:00,MHImain,HKFE,26134.0,26226.0,26119.0,26198.0,5613.0,146902335.0,0.0
2020-12-22 21:15:00,MHImain,HKFE,26199.0,26204.0,26068.0,26120.0,8449.0,220756359.0,0.0
2020-12-23 01:15:00,MHImain,HKFE,26120.0,26210.0,26008.0,26153.0,27155.0,709646344.0,0.0
2020-12-23 11:00:00,MHImain,HKFE,26154.0,26357.0,26138.0,26328.0,31594.0,829723464.0,0.0
2020-12-23 17:15:00,MHImain,HKFE,26329.0,26347.0,26295.0,26295.0,3003.0,79044157.0,0.0
2020-12-23 21:15:00,MHImain,HKFE,26294.0,26387.0,26292.0,26387.0,6404.0,168740869.0,0.0
2020-12-24 01:15:00,MHImain,HKFE,26388.0,26470.0,26245.0,26400.0,26857.0,708223043.0,0.0
2020-12-24 11:00:00,MHImain,HKFE,26399.0,26438.0,26377.0,26433.0,5287.0,139610339.0,0.0
2020-12-24 17:15:00,MHImain,HKFE,26415.0,26415.0,26415.0,26415.0,0.0,0.0,0.0
2020-12-24 21:15:00,MHImain,HKFE,26415.0,26415.0,26415.0,26415.0,0.0,0.0,0.0
2020-12-25 01:15:00,MHImain,HKFE,26415.0,26415.0,26415.0,26415.0,0.0,0.0,0.0
2020-12-28 01:15:00,MHImain,HKFE,26390.0,26545.0,26203.0,26448.0,26416.0,698781534.0,0.0
2020-12-28 11:00:00,MHImain,HKFE,26446.0,26479.0,26301.0,26366.0,20641.0,544570746.0,0.0
2020-12-28 17:15:00,MHImain,HKFE,26366.0,26444.0,26366.0,26435.0,2525.0,66689078.0,0.0
2020-12-28 21:15:00,MHImain,HKFE,26434.0,26450.0,26378.0,26435.0,4353.0,114996238.0,0.0
2020-12-29 01:15:00,MHImain,HKFE,26435.0,26589.0,26399.0,26553.0,20907.0,554321503.0,0.0
2020-12-29 11:00:00,MHImain,HKFE,26554.0,26624.0,26512.0,26594.0,16120.0,428248232.0,0.0
2020-12-29 17:15:00,MHImain,HKFE,26619.0,26650.0,26608.0,26624.0,1095.0,29157653.0,0.0
2020-12-29 21:15:00,MHImain,HKFE,26626.0,26700.0,26620.0,26660.0,3031.0,80827999.0,0.0
2020-12-30 01:15:00,MHImain,HKFE,26657.0,27005.0,26620.0,27000.0,25764.0,691399229.0,0.0
2020-12-30 11:00:00,MHImain,HKFE,27002.0,27298.0,26936.0,27288.0,32668.0,884405656.0,0.0
2020-12-30 17:15:00,MHImain,HKFE,27287.0,27306.0,27218.0,27233.0,4288.0,116889930.0,0.0
2020-12-30 21:15:00,MHImain,HKFE,27235.0,27269.0,27184.0,27193.0,5911.0,160895398.0,0.0
2020-12-31 01:15:00,MHImain,HKFE,27195.0,27396.0,27178.0,27236.0,24622.0,671967505.0,0.0
2020-12-31 11:00:00,MHImain,HKFE,27233.0,27335.0,27182.0,27293.0,7923.0,216043873.0,0.0
2020-12-31 17:15:00,MHImain,HKFE,27242.0,27242.0,27242.0,27242.0,0.0,0.0,0.0
2021-01-04 01:15:00,MHImain,HKFE,27219.0,27460.0,27105.0,27355.0,30160.0,823749763.0,0.0
2021-01-04 11:00:00,MHImain,HKFE,27353.0,27530.0,27335.0,27489.0,30595.0,839704173.0,0.0
2021-01-04 17:15:00,MHImain,HKFE,27492.0,27574.0,27458.0,27467.0,4551.0,125217600.0,0.0
2021-01-04 21:15:00,MHImain,HKFE,27468.0,27511.0,27135.0,27135.0,15402.0,421407156.0,0.0
2021-01-05 01:15:00,MHImain,HKFE,27135.0,27474.0,27108.0,27433.0,33760.0,921470947.0,0.0
2021-01-05 11:00:00,MHImain,HKFE,27433.0,27704.0,27365.0,27570.0,38802.0,1069066019.0,0.0
2021-01-05 17:15:00,MHImain,HKFE,27567.0,27622.0,27515.0,27534.0,5000.0,137840932.0,0.0
2021-01-05 21:15:00,MHImain,HKFE,27537.0,27689.0,27465.0,27677.0,11114.0,306522100.0,0.0
2021-01-06 01:15:00,MHImain,HKFE,27676.0,27772.0,27507.0,27507.0,37241.0,1028562467.0,0.0
2021-01-06 11:00:00,MHImain,HKFE,27507.0,27775.0,27402.0,27621.0,44294.0,1222382511.0,0.0
2021-01-06 17:15:00,MHImain,HKFE,27624.0,27748.0,27622.0,27702.0,6892.0,190861066.0,0.0
2021-01-06 21:15:00,MHImain,HKFE,27700.0,27784.0,27563.0,27748.0,11934.0,330270064.0,0.0
2021-01-07 01:15:00,MHImain,HKFE,27748.0,27846.0,27556.0,27690.0,36207.0,1001909407.0,0.0
2021-01-07 11:00:00,MHImain,HKFE,27689.0,27697.0,27466.0,27548.0,41721.0,1150958381.0,0.0
2021-01-07 17:15:00,MHImain,HKFE,27541.0,27559.0,27448.0,27470.0,6932.0,190605411.0,0.0
2021-01-07 21:15:00,MHImain,HKFE,27471.0,27526.0,27411.0,27463.0,10357.0,284528659.0,0.0
2021-01-08 01:15:00,MHImain,HKFE,27464.0,27866.0,27454.0,27808.0,35061.0,971186443.0,0.0
2021-01-08 11:00:00,MHImain,HKFE,27808.0,27967.0,27738.0,27798.0,43676.0,1217012615.0,0.0
2021-01-08 17:15:00,MHImain,HKFE,27795.0,27835.0,27774.0,27824.0,3590.0,99850216.0,0.0
2021-01-08 21:15:00,MHImain,HKFE,27825.0,27984.0,27764.0,27984.0,15994.0,445898077.0,0.0
2021-01-09 01:15:00,MHImain,HKFE,27985.0,27994.0,27830.0,27855.0,3366.0,93953111.0,0.0
2021-01-11 01:15:00,MHImain,HKFE,27968.0,28187.0,27889.0,28077.0,45388.0,1271283954.0,0.0
2021-01-11 11:00:00,MHImain,HKFE,28080.0,28141.0,27783.0,27982.0,44537.0,1245653114.0,0.0
2021-01-11 17:15:00,MHImain,HKFE,27974.0,27981.0,27901.0,27935.0,4045.0,113006522.0,0.0
2021-01-11 21:15:00,MHImain,HKFE,27936.0,27936.0,27757.0,27833.0,13009.0,362127848.0,0.0
2021-01-12 01:15:00,MHImain,HKFE,27835.0,28077.0,27804.0,28076.0,32467.0,907194017.0,0.0
2021-01-12 11:00:00,MHImain,HKFE,28076.0,28287.0,27955.0,28256.0,39807.0,1120200514.0,0.0
2021-01-12 17:15:00,MHImain,HKFE,28263.0,28326.0,28235.0,28245.0,5455.0,154268611.0,0.0
2021-01-12 21:15:00,MHImain,HKFE,28247.0,28314.0,28201.0,28242.0,8133.0,229820445.0,0.0
2021-01-13 01:15:00,MHImain,HKFE,28239.0,28408.0,28222.0,28289.0,32371.0,917087900.0,0.0
2021-01-13 11:00:00,MHImain,HKFE,28288.0,28351.0,28172.0,28235.0,34902.0,986620709.0,0.0
2021-01-13 17:15:00,MHImain,HKFE,28239.0,28264.0,28178.0,28184.0,4329.0,122128232.0,0.0
2021-01-13 21:15:00,MHImain,HKFE,28185.0,28248.0,28169.0,28229.0,6189.0,174602491.0,0.0
2021-01-14 01:15:00,MHImain,HKFE,28228.0,28425.0,28212.0,28365.0,27626.0,782704189.0,0.0
2021-01-14 11:00:00,MHImain,HKFE,28363.0,28505.0,28317.0,28473.0,35584.0,1011146415.0,0.0
2021-01-14 17:15:00,MHImain,HKFE,28477.0,28528.0,28460.0,28505.0,3497.0,99667555.0,0.0
2021-01-14 21:15:00,MHImain,HKFE,28504.0,28604.0,28496.0,28598.0,6568.0,187568880.0,0.0
2021-01-15 01:15:00,MHImain,HKFE,28595.0,28645.0,28388.0,28620.0,30256.0,862474561.0,0.0
2021-01-15 11:00:00,MHImain,HKFE,28622.0,28674.0,28315.0,28592.0,49120.0,1400119361.0,0.0
2021-01-15 17:15:00,MHImain,HKFE,28595.0,28627.0,28519.0,28547.0,4843.0,138358249.0,0.0
2021-01-15 21:15:00,MHImain,HKFE,28545.0,28562.0,28383.0,28451.0,12014.0,342036597.0,0.0
2021-01-16 01:15:00,MHImain,HKFE,28456.0,28495.0,28447.0,28490.0,1332.0,37930979.0,0.0
2021-01-18 01:15:00,MHImain,HKFE,28427.0,28744.0,28378.0,28742.0,34164.0,975874777.0,0.0
2021-01-18 11:00:00,MHImain,HKFE,28742.0,28844.0,28618.0,28829.0,35417.0,1018417074.0,0.0
2021-01-18 17:15:00,MHImain,HKFE,28836.0,28917.0,28800.0,28884.0,4799.0,138526259.0,0.0
2021-01-18 21:15:00,MHImain,HKFE,28885.0,28953.0,28881.0,28931.0,3696.0,106869432.0,0.0
2021-01-19 01:15:00,MHImain,HKFE,28931.0,29568.0,28912.0,29501.0,47428.0,1390751359.0,0.0
2021-01-19 11:00:00,MHImain,HKFE,29502.0,29903.0,29357.0,29616.0,76197.0,2256050165.0,0.0
2021-01-19 17:15:00,MHImain,HKFE,29617.0,29726.0,29606.0,29643.0,6065.0,179899737.0,0.0
2021-01-19 21:15:00,MHImain,HKFE,29643.0,29649.0,29491.0,29521.0,10275.0,303630166.0,0.0
2021-01-20 01:15:00,MHImain,HKFE,29528.0,29960.0,29500.0,29916.0,42894.0,1277489609.0,0.0
2021-01-20 11:00:00,MHImain,HKFE,29916.0,29978.0,29677.0,29889.0,51839.0,1546565289.0,0.0
2021-01-20 17:15:00,MHImain,HKFE,29895.0,29953.0,29847.0,29856.0,5355.0,160099181.0,0.0
2021-01-20 21:15:00,MHImain,HKFE,29857.0,29972.0,29807.0,29916.0,10006.0,299097822.0,0.0
2021-01-21 01:15:00,MHImain,HKFE,29917.0,30100.0,29815.0,30096.0,45591.0,1365490648.0,0.0
2021-01-21 11:00:00,MHImain,HKFE,30098.0,30144.0,29779.0,29916.0,53229.0,1594277249.0,0.0
2021-01-21 17:15:00,MHImain,HKFE,29914.0,29949.0,29890.0,29905.0,3197.0,95644176.0,0.0
2021-01-21 21:15:00,MHImain,HKFE,29907.0,29914.0,29778.0,29820.0,9254.0,276132727.0,0.0
2021-01-22 01:15:00,MHImain,HKFE,29820.0,29888.0,29552.0,29675.0,45318.0,1348217099.0,0.0
2021-01-22 11:00:00,MHImain,HKFE,29676.0,29717.0,29415.0,29457.0,50570.0,1493041485.0,0.0
2021-01-22 17:15:00,MHImain,HKFE,29457.0,29500.0,29331.0,29359.0,7772.0,228418811.0,0.0
2021-01-22 21:15:00,MHImain,HKFE,29358.0,29472.0,29324.0,29457.0,9281.0,272957852.0,0.0
2021-01-23 01:15:00,MHImain,HKFE,29462.0,29511.0,29435.0,29505.0,1220.0,35959410.0,0.0
2021-01-25 01:15:00,MHImain,HKFE,29574.0,29968.0,29566.0,29966.0,39798.0,1185298649.0,0.0
2021-01-25 11:00:00,MHImain,HKFE,29967.0,30157.0,29917.0,30080.0,49660.0,1491500873.0,0.0
2021-01-25 17:15:00,MHImain,HKFE,30085.0,30102.0,29964.0,29994.0,6843.0,205538080.0,0.0
2021-01-25 21:15:00,MHImain,HKFE,29995.0,30058.0,29793.0,29863.0,15773.0,472189266.0,0.0
2021-01-26 01:15:00,MHImain,HKFE,29863.0,29956.0,29568.0,29583.0,43261.0,1288918568.0,0.0
2021-01-26 11:00:00,MHImain,HKFE,29581.0,29608.0,29347.0,29445.0,55862.0,1646472346.0,0.0
2021-01-26 17:15:00,MHImain,HKFE,29445.0,29583.0,29441.0,29580.0,5968.0,176192102.0,0.0
2021-01-26 21:15:00,MHImain,HKFE,29580.0,29662.0,29551.0,29593.0,8339.0,246875277.0,0.0
2021-01-27 01:15:00,MHImain,HKFE,29587.0,29648.0,29230.0,29403.0,40185.0,1183196430.0,0.0
2021-01-27 11:00:00,MHImain,HKFE,29402.0,29500.0,29239.0,29280.0,30956.0,910236186.0,0.0
2021-01-27 17:15:00,MHImain,HKFE,29281.0,29310.0,28979.0,29006.0,5684.0,165579963.0,0.0
2021-01-27 21:15:00,MHImain,HKFE,29007.0,29128.0,28941.0,29115.0,7888.0,229081834.0,0.0
2021-01-28 01:15:00,MHImain,HKFE,29116.0,29183.0,28651.0,28807.0,56537.0,1635413801.0,0.0
2021-01-28 11:00:00,MHImain,HKFE,28811.0,28818.0,28435.0,28561.0,59156.0,1694158566.0,0.0
2021-01-28 17:15:00,MHImain,HKFE,28557.0,28614.0,28334.0,28528.0,15363.0,437781773.0,0.0
2021-01-28 21:15:00,MHImain,HKFE,28525.0,28908.0,28511.0,28896.0,19038.0,546984369.0,0.0
2021-01-29 01:15:00,MHImain,HKFE,28899.0,28977.0,28529.0,28694.0,51823.0,1488456947.0,0.0
2021-01-29 11:00:00,MHImain,HKFE,28695.0,28743.0,28039.0,28317.0,72723.0,2064551649.0,0.0
2021-01-29 17:15:00,MHImain,HKFE,28317.0,28402.0,28177.0,28300.0,14205.0,402144124.0,0.0
2021-01-29 21:15:00,MHImain,HKFE,28301.0,28517.0,28278.0,28332.0,18646.0,529570114.0,0.0
2021-01-30 01:15:00,MHImain,HKFE,28332.0,28332.0,28153.0,28188.0,5523.0,155862902.0,0.0
2021-02-01 01:15:00,MHImain,HKFE,28202.0,28626.0,28202.0,28513.0,42292.0,1205349954.0,0.0
2021-02-01 11:00:00,MHImain,HKFE,28515.0,28936.0,28501.0,28809.0,54822.0,1578730702.0,0.0
2021-02-01 17:15:00,MHImain,HKFE,28809.0,28875.0,28730.0,28778.0,8718.0,250995024.0,0.0
2021-02-01 21:15:00,MHImain,HKFE,28778.0,28815.0,28688.0,28797.0,11015.0,316728553.0,0.0
2021-02-02 01:15:00,MHImain,HKFE,28799.0,29438.0,28771.0,29379.0,40512.0,1185103025.0,0.0
2021-02-02 11:00:00,MHImain,HKFE,29380.0,29420.0,29132.0,29231.0,42175.0,1234525079.0,0.0
2021-02-02 17:15:00,MHImain,HKFE,29234.0,29263.0,29128.0,29147.0,6097.0,177954655.0,0.0
2021-02-02 21:15:00,MHImain,HKFE,29148.0,29162.0,29027.0,29160.0,12005.0,349342304.0,0.0
2021-02-03 01:15:00,MHImain,HKFE,29162.0,29247.0,28887.0,28991.0,47192.0,1370854257.0,0.0
2021-02-03 11:00:00,MHImain,HKFE,28993.0,29303.0,28921.0,29211.0,42634.0,1241209452.0,0.0
2021-02-03 17:15:00,MHImain,HKFE,29211.0,29211.0,29071.0,29095.0,6194.0,180447038.0,0.0
2021-02-03 21:15:00,MHImain,HKFE,29095.0,29153.0,29032.0,29112.0,10646.0,309817444.0,0.0
2021-02-04 01:15:00,MHImain,HKFE,29115.0,29347.0,28945.0,29206.0,41104.0,1200083880.0,0.0
2021-02-04 11:00:00,MHImain,HKFE,29208.0,29240.0,28689.0,29092.0,64835.0,1875797079.0,0.0
2021-02-04 17:15:00,MHImain,HKFE,29089.0,29089.0,29022.0,29070.0,3594.0,104428963.0,0.0
2021-02-04 21:15:00,MHImain,HKFE,29071.0,29086.0,28993.0,29079.0,7892.0,229169318.0,0.0
2021-02-05 01:15:00,MHImain,HKFE,29078.0,29417.0,29055.0,29273.0,38871.0,1138508760.0,0.0
2021-02-05 11:00:00,MHImain,HKFE,29275.0,29347.0,29098.0,29265.0,42366.0,1238292355.0,0.0
2021-02-05 17:15:00,MHImain,HKFE,29279.0,29330.0,29250.0,29276.0,3594.0,105299650.0,0.0
2021-02-05 21:15:00,MHImain,HKFE,29276.0,29349.0,29233.0,29320.0,8669.0,254013938.0,0.0
2021-02-06 01:15:00,MHImain,HKFE,29322.0,29368.0,29317.0,29344.0,1133.0,33255079.0,0.0
2021-02-08 01:15:00,MHImain,HKFE,29463.0,29624.0,29383.0,29506.0,43170.0,1273501513.0,0.0
2021-02-08 11:00:00,MHImain,HKFE,29509.0,29549.0,29167.0,29172.0,40926.0,1200593870.0,0.0
2021-02-08 17:15:00,MHImain,HKFE,29175.0,29231.0,29134.0,29216.0,3852.0,112450332.0,0.0
2021-02-08 21:15:00,MHImain,HKFE,29216.0,29357.0,29209.0,29271.0,8974.0,262825872.0,0.0
2021-02-09 01:15:00,MHImain,HKFE,29270.0,29369.0,29203.0,29241.0,33207.0,972384723.0,0.0
2021-02-09 11:00:00,MHImain,HKFE,29241.0,29459.0,29230.0,29400.0,39203.0,1150680680.0,0.0
2021-02-09 17:15:00,MHImain,HKFE,29401.0,29441.0,29368.0,29391.0,4035.0,118643225.0,0.0
2021-02-09 21:15:00,MHImain,HKFE,29393.0,29590.0,29367.0,29590.0,9750.0,287515865.0,0.0
2021-02-10 01:15:00,MHImain,HKFE,29590.0,29994.0,29540.0,29860.0,34768.0,1036211624.0,0.0
2021-02-10 11:00:00,MHImain,HKFE,29857.0,30046.0,29851.0,29949.0,28129.0,842033212.0,0.0
2021-02-10 17:15:00,MHImain,HKFE,29944.0,29994.0,29914.0,29941.0,2975.0,89128220.0,0.0
2021-02-10 21:15:00,MHImain,HKFE,29939.0,30034.0,29703.0,29801.0,16614.0,496189612.0,0.0
2021-02-11 01:15:00,MHImain,HKFE,29802.0,29973.0,29767.0,29916.0,21732.0,648878751.0,0.0
2021-02-11 11:00:00,MHImain,HKFE,29916.0,30086.0,29887.0,30073.0,7701.0,230936545.0,0.0
2021-02-11 17:15:00,MHImain,HKFE,30138.0,30138.0,30138.0,30138.0,0.0,0.0,0.0
2021-02-11 21:15:00,MHImain,HKFE,30138.0,30138.0,30138.0,30138.0,0.0,0.0,0.0
2021-02-12 01:15:00,MHImain,HKFE,30138.0,30138.0,30138.0,30138.0,0.0,0.0,0.0
2021-02-16 01:15:00,MHImain,HKFE,30574.0,30701.0,30446.0,30617.0,34007.0,1039779367.0,0.0
2021-02-16 11:00:00,MHImain,HKFE,30616.0,30768.0,30498.0,30695.0,37354.0,1145149787.0,0.0
2021-02-16 17:15:00,MHImain,HKFE,30698.0,30804.0,30648.0,30719.0,6036.0,185574335.0,0.0
2021-02-16 21:15:00,MHImain,HKFE,30717.0,30728.0,30571.0,30594.0,10247.0,314293716.0,0.0
2021-02-17 01:15:00,MHImain,HKFE,30591.0,30763.0,30422.0,30754.0,29778.0,910657413.0,0.0
2021-02-17 11:00:00,MHImain,HKFE,30752.0,31086.0,30696.0,30984.0,43536.0,1346508760.0,0.0
2021-02-17 17:15:00,MHImain,HKFE,31005.0,31014.0,30933.0,30996.0,4133.0,127988614.0,0.0
2021-02-17 21:15:00,MHImain,HKFE,30994.0,30997.0,30820.0,30843.0,13798.0,426335888.0,0.0
2021-02-18 01:15:00,MHImain,HKFE,30846.0,31117.0,30739.0,30928.0,43548.0,1344922950.0,0.0
2021-02-18 11:00:00,MHImain,HKFE,30930.0,30947.0,30433.0,30446.0,54970.0,1684155755.0,0.0
2021-02-18 17:15:00,MHImain,HKFE,30468.0,30557.0,30391.0,30479.0,7986.0,243444616.0,0.0
2021-02-18 21:15:00,MHImain,HKFE,30479.0,30483.0,30170.0,30226.0,17333.0,525095385.0,0.0
2021-02-19 01:15:00,MHImain,HKFE,30225.0,30428.0,30022.0,30033.0,54021.0,1633350672.0,0.0
2021-02-19 11:00:00,MHImain,HKFE,30035.0,30620.0,30028.0,30521.0,57790.0,1756258726.0,0.0
2021-02-19 17:15:00,MHImain,HKFE,30523.0,30697.0,30523.0,30690.0,7468.0,228856173.0,0.0
2021-02-19 21:15:00,MHImain,HKFE,30691.0,30856.0,30676.0,30807.0,9583.0,294785502.0,0.0
2021-02-20 01:15:00,MHImain,HKFE,30806.0,30811.0,30677.0,30720.0,3820.0,117392150.0,0.0
2021-02-22 01:15:00,MHImain,HKFE,30818.0,30991.0,30573.0,30618.0,49551.0,1523108369.0,0.0
2021-02-22 11:00:00,MHImain,HKFE,30621.0,30730.0,30052.0,30075.0,64133.0,1952842839.0,0.0
2021-02-22 17:15:00,MHImain,HKFE,30075.0,30197.0,30070.0,30124.0,7406.0,223229782.0,0.0
2021-02-22 21:15:00,MHImain,HKFE,30124.0,30274.0,30103.0,30242.0,12834.0,387436240.0,0.0
2021-02-23 01:15:00,MHImain,HKFE,30242.0,30645.0,30070.0,30578.0,46081.0,1398643202.0,0.0
2021-02-23 11:00:00,MHImain,HKFE,30578.0,30937.0,30556.0,30586.0,48876.0,1500048302.0,0.0
2021-02-23 17:15:00,MHImain,HKFE,30581.0,30581.0,30331.0,30425.0,11386.0,346457456.0,0.0
2021-02-23 21:15:00,MHImain,HKFE,30425.0,30506.0,30151.0,30362.0,19325.0,586456750.0,0.0
2021-02-24 01:15:00,MHImain,HKFE,30360.0,30808.0,30144.0,30268.0,48694.0,1486731086.0,0.0
2021-02-24 11:00:00,MHImain,HKFE,30264.0,30372.0,29561.0,29697.0,83207.0,2484173020.0,0.0
2021-02-24 17:15:00,MHImain,HKFE,29600.0,29830.0,29600.0,29763.0,4147.0,123351288.0,0.0
2021-02-24 21:15:00,MHImain,HKFE,29765.0,29799.0,29501.0,29790.0,8298.0,245992840.0,0.0
2021-02-25 01:15:00,MHImain,HKFE,29793.0,30197.0,29736.0,30109.0,42775.0,1281329377.0,0.0
2021-02-25 11:00:00,MHImain,HKFE,30112.0,30314.0,29870.0,29965.0,50519.0,1521627197.0,0.0
2021-02-25 17:15:00,MHImain,HKFE,29960.0,30030.0,29851.0,29853.0,9043.0,270649329.0,0.0
2021-02-25 21:15:00,MHImain,HKFE,29854.0,29947.0,29664.0,29705.0,18723.0,558474699.0,0.0
2021-02-26 01:15:00,MHImain,HKFE,29703.0,29718.0,29063.0,29275.0,57485.0,1685042926.0,0.0
2021-02-26 11:00:00,MHImain,HKFE,29277.0,29364.0,28808.0,28957.0,63209.0,1837204224.0,0.0
2021-02-26 17:15:00,MHImain,HKFE,28958.0,29066.0,28742.0,28955.0,15295.0,442128710.0,0.0
2021-02-26 21:15:00,MHImain,HKFE,28956.0,29067.0,28793.0,29034.0,24558.0,710996170.0,0.0
2021-02-27 01:15:00,MHImain,HKFE,29031.0,29056.0,28930.0,28973.0,3363.0,97546252.0,0.0
2021-03-01 01:15:00,MHImain,HKFE,29295.0,29377.0,29093.0,29115.0,41583.0,1214989878.0,0.0
2021-03-01 11:00:00,MHImain,HKFE,29115.0,29321.0,29062.0,29256.0,39814.0,1163081959.0,0.0
2021-03-01 17:15:00,MHImain,HKFE,29254.0,29261.0,29135.0,29206.0,6778.0,197840218.0,0.0
2021-03-01 21:15:00,MHImain,HKFE,29208.0,29404.0,29186.0,29394.0,12961.0,379725090.0,0.0
2021-03-02 01:15:00,MHImain,HKFE,29394.0,29593.0,29030.0,29058.0,55077.0,1618124569.0,0.0
2021-03-02 11:00:00,MHImain,HKFE,29057.0,29208.0,28781.0,28933.0,66675.0,1930848059.0,0.0
2021-03-02 17:15:00,MHImain,HKFE,28927.0,29047.0,28860.0,29011.0,6264.0,181579336.0,0.0
2021-03-02 21:15:00,MHImain,HKFE,29013.0,29111.0,28960.0,29024.0,13236.0,384359267.0,0.0
2021-03-03 01:15:00,MHImain,HKFE,29024.0,29495.0,29008.0,29453.0,47010.0,1375049300.0,0.0
2021-03-03 11:00:00,MHImain,HKFE,29452.0,29793.0,29414.0,29689.0,48907.0,1447074383.0,0.0
2021-03-03 17:15:00,MHImain,HKFE,29687.0,29718.0,29551.0,29563.0,8227.0,243861345.0,0.0
2021-03-03 21:15:00,MHImain,HKFE,29566.0,29584.0,29352.0,29457.0,22292.0,656408647.0,0.0
2021-03-04 01:15:00,MHImain,HKFE,29457.0,29457.0,29030.0,29047.0,50716.0,1483526445.0,0.0
2021-03-04 11:00:00,MHImain,HKFE,29043.0,29264.0,28909.0,29079.0,59437.0,1726832593.0,0.0
2021-03-04 17:15:00,MHImain,HKFE,29074.0,29090.0,28947.0,29069.0,9484.0,275191516.0,0.0
2021-03-04 21:15:00,MHImain,HKFE,29070.0,29205.0,28972.0,29117.0,19102.0,555778821.0,0.0
2021-03-05 01:15:00,MHImain,HKFE,29115.0,29195.0,28372.0,28932.0,61278.0,1756646723.0,0.0
2021-03-05 11:00:00,MHImain,HKFE,28934.0,29275.0,28791.0,28890.0,64270.0,1865444298.0,0.0
2021-03-05 17:15:00,MHImain,HKFE,28897.0,29079.0,28871.0,29063.0,7527.0,218174044.0,0.0
2021-03-05 21:15:00,MHImain,HKFE,29065.0,29218.0,28778.0,28872.0,28437.0,824589814.0,0.0
2021-03-06 01:15:00,MHImain,HKFE,28869.0,29085.0,28866.0,29045.0,4862.0,140925634.0,0.0
2021-03-08 01:15:00,MHImain,HKFE,29335.0,29342.0,28643.0,28755.0,50251.0,1457377900.0,0.0
2021-03-08 11:00:00,MHImain,HKFE,28756.0,28831.0,28327.0,28477.0,75898.0,2168513988.0,0.0
2021-03-08 17:15:00,MHImain,HKFE,28476.0,28570.0,28373.0,28559.0,9859.0,280820202.0,0.0
2021-03-08 21:15:00,MHImain,HKFE,28562.0,28776.0,28542.0,28626.0,23838.0,683133724.0,0.0
2021-03-09 01:15:00,MHImain,HKFE,28627.0,28850.0,28283.0,28816.0,85433.0,2441237457.0,0.0
2021-03-09 11:00:00,MHImain,HKFE,28817.0,28977.0,28422.0,28770.0,73179.0,2102480598.0,0.0
2021-03-09 17:15:00,MHImain,HKFE,28797.0,28925.0,28781.0,28826.0,11121.0,320816062.0,0.0
2021-03-09 21:15:00,MHImain,HKFE,28826.0,29075.0,28773.0,29053.0,17555.0,508189482.0,0.0
2021-03-10 01:15:00,MHImain,HKFE,29053.0,29155.0,28645.0,28882.0,62789.0,1813000092.0,0.0
2021-03-10 11:00:00,MHImain,HKFE,28883.0,28969.0,28639.0,28799.0,51633.0,1485902877.0,0.0
2021-03-10 17:15:00,MHImain,HKFE,28803.0,28907.0,28781.0,28815.0,7767.0,224028332.0,0.0
2021-03-10 21:15:00,MHImain,HKFE,28813.0,29003.0,28796.0,28868.0,18842.0,544490516.0,0.0
2021-03-11 01:15:00,MHImain,HKFE,28866.0,29405.0,28772.0,29340.0,46538.0,1357071324.0,0.0
2021-03-11 11:00:00,MHImain,HKFE,29341.0,29388.0,29043.0,29276.0,46904.0,1372525552.0,0.0
2021-03-11 17:15:00,MHImain,HKFE,29281.0,29358.0,29217.0,29292.0,6806.0,199300964.0,0.0
2021-03-11 21:15:00,MHImain,HKFE,29291.0,29455.0,29209.0,29446.0,12960.0,379767513.0,0.0
2021-03-12 01:15:00,MHImain,HKFE,29445.0,29568.0,29126.0,29228.0,57635.0,1690491228.0,0.0
2021-03-12 11:00:00,MHImain,HKFE,29227.0,29353.0,28645.0,28708.0,63900.0,1855950105.0,0.0
2021-03-12 17:15:00,MHImain,HKFE,28703.0,28723.0,28566.0,28677.0,8971.0,256862519.0,0.0
2021-03-12 21:15:00,MHImain,HKFE,28679.0,28780.0,28564.0,28768.0,15924.0,456446311.0,0.0
2021-03-13 01:15:00,MHImain,HKFE,28770.0,28799.0,28713.0,28749.0,1926.0,55384033.0,0.0
2021-03-15 01:15:00,MHImain,HKFE,28862.0,29129.0,28683.0,28821.0,54847.0,1585305717.0,0.0
2021-03-15 11:00:00,MHImain,HKFE,28815.0,28952.0,28601.0,28838.0,55326.0,1591811440.0,0.0
2021-03-15 17:15:00,MHImain,HKFE,28842.0,28920.0,28763.0,28811.0,6951.0,200466027.0,0.0
2021-03-15 21:15:00,MHImain,HKFE,28810.0,28935.0,28754.0,28913.0,12121.0,349789268.0,0.0
2021-03-16 01:15:00,MHImain,HKFE,28911.0,29118.0,28838.0,29017.0,55401.0,1604895872.0,0.0
2021-03-16 11:00:00,MHImain,HKFE,29018.0,29067.0,28836.0,28950.0,43325.0,1254933677.0,0.0
2021-03-16 17:15:00,MHImain,HKFE,28949.0,29063.0,28920.0,29034.0,6315.0,183074985.0,0.0
2021-03-16 21:15:00,MHImain,HKFE,29034.0,29109.0,29007.0,29075.0,8767.0,254738892.0,0.0
2021-03-17 01:15:00,MHImain,HKFE,29074.0,29152.0,28737.0,28987.0,51978.0,1505883015.0,0.0
2021-03-17 11:00:00,MHImain,HKFE,28986.0,29041.0,28858.0,28993.0,36086.0,1045079508.0,0.0
2021-03-17 17:15:00,MHImain,HKFE,28994.0,29022.0,28892.0,28969.0,6415.0,185718536.0,0.0
2021-03-17 21:15:00,MHImain,HKFE,28969.0,28992.0,28889.0,28948.0,9054.0,261985345.0,0.0
2021-03-18 01:15:00,MHImain,HKFE,28948.0,29568.0,28936.0,29565.0,54090.0,1589671598.0,0.0
2021-03-18 11:00:00,MHImain,HKFE,29566.0,29575.0,29301.0,29370.0,48538.0,1429044147.0,0.0
2021-03-18 17:15:00,MHImain,HKFE,29366.0,29381.0,29232.0,29234.0,7983.0,233917025.0,0.0
2021-03-18 21:15:00,MHImain,HKFE,29233.0,29339.0,29209.0,29250.0,11029.0,322795505.0,0.0
2021-03-19 01:15:00,MHImain,HKFE,29249.0,29276.0,28878.0,28920.0,55638.0,1617233872.0,0.0
2021-03-19 11:00:00,MHImain,HKFE,28919.0,28984.0,28704.0,28940.0,55536.0,1602066806.0,0.0
2021-03-19 17:15:00,MHImain,HKFE,28933.0,28959.0,28781.0,28855.0,7950.0,229625045.0,0.0
2021-03-19 21:15:00,MHImain,HKFE,28854.0,29028.0,28757.0,29028.0,15017.0,433769984.0,0.0
2021-03-20 01:15:00,MHImain,HKFE,29027.0,29049.0,29005.0,29049.0,1722.0,49986089.0,0.0
2021-03-22 01:15:00,MHImain,HKFE,28950.0,29111.0,28720.0,28897.0,51763.0,1498039275.0,0.0
2021-03-22 11:00:00,MHImain,HKFE,28898.0,28994.0,28802.0,28860.0,36736.0,1062147250.0,0.0
2021-03-22 17:15:00,MHImain,HKFE,28855.0,28966.0,28832.0,28930.0,5105.0,147600872.0,0.0
2021-03-22 21:15:00,MHImain,HKFE,28929.0,28990.0,28849.0,28964.0,8619.0,249321416.0,0.0
2021-03-23 01:15:00,MHImain,HKFE,28965.0,29028.0,28455.0,28459.0,60815.0,1748267362.0,0.0
2021-03-23 11:00:00,MHImain,HKFE,28460.0,28506.0,28305.0,28481.0,47617.0,1353190779.0,0.0
2021-03-23 17:15:00,MHImain,HKFE,28482.0,28517.0,28384.0,28491.0,7698.0,219041994.0,0.0
2021-03-23 21:15:00,MHImain,HKFE,28492.0,28579.0,28446.0,28556.0,11250.0,320778032.0,0.0
2021-03-24 01:15:00,MHImain,HKFE,28557.0,28567.0,27951.0,27990.0,52995.0,1493829833.0,0.0
2021-03-24 11:00:00,MHImain,HKFE,27991.0,28043.0,27774.0,27888.0,49667.0,1385201715.0,0.0
2021-03-24 17:15:00,MHImain,HKFE,27887.0,27991.0,27884.0,27962.0,6136.0,171482735.0,0.0
2021-03-24 21:15:00,MHImain,HKFE,27963.0,27987.0,27784.0,27784.0,11397.0,318250332.0,0.0
2021-03-25 01:15:00,MHImain,HKFE,27783.0,27967.0,27502.0,27945.0,55574.0,1541092446.0,0.0
2021-03-25 11:00:00,MHImain,HKFE,27946.0,27983.0,27772.0,27864.0,43497.0,1212718262.0,0.0
2021-03-25 17:15:00,MHImain,HKFE,27856.0,27938.0,27758.0,27798.0,7790.0,216912585.0,0.0
2021-03-25 21:15:00,MHImain,HKFE,27796.0,27945.0,27716.0,27941.0,17366.0,483187986.0,0.0
2021-03-26 01:15:00,MHImain,HKFE,27943.0,28153.0,27867.0,28144.0,47502.0,1332056897.0,0.0
2021-03-26 11:00:00,MHImain,HKFE,28144.0,28381.0,28138.0,28293.0,47510.0,1343005018.0,0.0
2021-03-26 17:15:00,MHImain,HKFE,28294.0,28295.0,28185.0,28209.0,5048.0,142541377.0,0.0
2021-03-26 21:15:00,MHImain,HKFE,28209.0,28326.0,28138.0,28188.0,11848.0,334407578.0,0.0
2021-03-27 01:15:00,MHImain,HKFE,28187.0,28265.0,28171.0,28247.0,3147.0,88813488.0,0.0
2021-03-29 01:15:00,MHImain,HKFE,28285.0,28496.0,28088.0,28434.0,40957.0,1160129092.0,0.0
2021-03-29 11:00:00,MHImain,HKFE,28438.0,28453.0,28141.0,28387.0,39380.0,1114294392.0,0.0
2021-03-29 17:15:00,MHImain,HKFE,28330.0,28408.0,28320.0,28352.0,2113.0,59947897.0,0.0
2021-03-29 21:15:00,MHImain,HKFE,28351.0,28510.0,28350.0,28488.0,5287.0,150254361.0,0.0
2021-03-30 01:15:00,MHImain,HKFE,28488.0,28605.0,28335.0,28490.0,40245.0,1145449101.0,0.0
2021-03-30 11:00:00,MHImain,HKFE,28489.0,28687.0,28479.0,28520.0,38488.0,1100607152.0,0.0
2021-03-30 17:15:00,MHImain,HKFE,28522.0,28561.0,28436.0,28498.0,6483.0,184701264.0,0.0
2021-03-30 21:15:00,MHImain,HKFE,28497.0,28650.0,28432.0,28617.0,11433.0,326382324.0,0.0
2021-03-31 01:15:00,MHImain,HKFE,28616.0,28772.0,28342.0,28368.0,44552.0,1272979497.0,0.0
2021-03-31 11:00:00,MHImain,HKFE,28367.0,28555.0,28277.0,28317.0,43888.0,1246968184.0,0.0
2021-03-31 17:15:00,MHImain,HKFE,28347.0,28397.0,28319.0,28335.0,4570.0,129584132.0,0.0
2021-03-31 21:15:00,MHImain,HKFE,28335.0,28542.0,28333.0,28535.0,9005.0,256124946.0,0.0
2021-04-01 01:15:00,MHImain,HKFE,28535.0,28688.0,28450.0,28527.0,53353.0,1524611375.0,0.0
2021-04-01 11:00:00,MHImain,HKFE,28527.0,28912.0,28506.0,28819.0,51569.0,1480486850.0,0.0
2021-04-01 17:15:00,MHImain,HKFE,28817.0,28926.0,28795.0,28919.0,3977.0,114748179.0,0.0
2021-04-01 21:15:00,MHImain,HKFE,28919.0,28998.0,28883.0,28949.0,7586.0,219500473.0,0.0
2021-04-02 01:15:00,MHImain,HKFE,28950.0,28978.0,28925.0,28936.0,1352.0,39139538.0,0.0
2021-04-07 01:15:00,MHImain,HKFE,29130.0,29149.0,28622.0,28640.0,43952.0,1267709836.0,0.0
2021-04-07 11:00:00,MHImain,HKFE,28638.0,28768.0,28515.0,28546.0,39078.0,1119678492.0,0.0
2021-04-07 17:15:00,MHImain,HKFE,28546.0,28546.0,28168.0,28228.0,14949.0,422858788.0,0.0
2021-04-07 21:15:00,MHImain,HKFE,28230.0,28412.0,28222.0,28346.0,13261.0,375513487.0,0.0
2021-04-08 01:15:00,MHImain,HKFE,28346.0,28898.0,28328.0,28892.0,54172.0,1554567556.0,0.0
2021-04-08 11:00:00,MHImain,HKFE,28892.0,29055.0,28835.0,29033.0,40500.0,1172585005.0,0.0
2021-04-08 17:15:00,MHImain,HKFE,29034.0,29095.0,28968.0,29055.0,4864.0,141213960.0,0.0
2021-04-08 21:15:00,MHImain,HKFE,29055.0,29066.0,28942.0,29018.0,8206.0,238070898.0,0.0
2021-04-09 01:15:00,MHImain,HKFE,29022.0,29112.0,28723.0,28737.0,43164.0,1245021591.0,0.0
2021-04-09 11:00:00,MHImain,HKFE,28735.0,28783.0,28548.0,28638.0,35941.0,1029726809.0,0.0
2021-04-09 17:15:00,MHImain,HKFE,28639.0,28709.0,28598.0,28627.0,5759.0,165045997.0,0.0
2021-04-09 21:15:00,MHImain,HKFE,28626.0,28685.0,28620.0,28655.0,5314.0,152256743.0,0.0
2021-04-10 01:15:00,MHImain,HKFE,28656.0,28697.0,28645.0,28660.0,1226.0,35151409.0,0.0
2021-04-12 01:15:00,MHImain,HKFE,28576.0,28795.0,28231.0,28252.0,40485.0,1153684525.0,0.0
2021-04-12 11:00:00,MHImain,HKFE,28253.0,28472.0,28222.0,28418.0,34891.0,989676293.0,0.0
2021-04-12 17:15:00,MHImain,HKFE,28411.0,28499.0,28406.0,28471.0,4167.0,118597971.0,0.0
2021-04-12 21:15:00,MHImain,HKFE,28473.0,28500.0,28396.0,28459.0,7055.0,200697192.0,0.0
2021-04-13 01:15:00,MHImain,HKFE,28458.0,28840.0,28432.0,28794.0,44502.0,1276231358.0,0.0
2021-04-13 11:00:00,MHImain,HKFE,28789.0,28831.0,28408.0,28518.0,45363.0,1295495735.0,0.0
2021-04-13 17:15:00,MHImain,HKFE,28528.0,28549.0,28403.0,28514.0,6919.0,197106471.0,0.0
2021-04-13 21:15:00,MHImain,HKFE,28514.0,28623.0,28475.0,28613.0,8020.0,228986891.0,0.0
2021-04-14 01:15:00,MHImain,HKFE,28612.0,28966.0,28594.0,28787.0,50356.0,1450756149.0,0.0
2021-04-14 11:00:00,MHImain,HKFE,28788.0,28923.0,28712.0,28917.0,34561.0,996933170.0,0.0
2021-04-14 17:15:00,MHImain,HKFE,28917.0,28945.0,28847.0,28861.0,4403.0,127279697.0,0.0
2021-04-14 21:15:00,MHImain,HKFE,28861.0,28892.0,28820.0,28875.0,7208.0,208007260.0,0.0
2021-04-15 01:15:00,MHImain,HKFE,28877.0,28884.0,28522.0,28530.0,46118.0,1323826836.0,0.0
2021-04-15 11:00:00,MHImain,HKFE,28532.0,28818.0,28474.0,28788.0,37469.0,1073421676.0,0.0
2021-04-15 17:15:00,MHImain,HKFE,28786.0,28879.0,28778.0,28839.0,6091.0,175601587.0,0.0
2021-04-15 21:15:00,MHImain,HKFE,28841.0,28883.0,28805.0,28845.0,6516.0,187881346.0,0.0
2021-04-16 01:15:00,MHImain,HKFE,28846.0,28912.0,28665.0,28738.0,45545.0,1310413010.0,0.0
2021-04-16 11:00:00,MHImain,HKFE,28739.0,29065.0,28739.0,28970.0,42177.0,1220167260.0,0.0
2021-04-16 17:15:00,MHImain,HKFE,28991.0,29046.0,28977.0,28998.0,3788.0,109907484.0,0.0
2021-04-16 21:15:00,MHImain,HKFE,28998.0,29038.0,28911.0,28996.0,7878.0,228341356.0,0.0
2021-04-17 01:15:00,MHImain,HKFE,28996.0,29052.0,28996.0,29051.0,1115.0,32366038.0,0.0
2021-04-19 01:15:00,MHImain,HKFE,28940.0,29319.0,28750.0,29247.0,51447.0,1495168074.0,0.0
2021-04-19 11:00:00,MHImain,HKFE,29249.0,29271.0,29001.0,29016.0,36673.0,1068647380.0,0.0
2021-04-19 17:15:00,MHImain,HKFE,29015.0,29019.0,28900.0,28902.0,5989.0,173345585.0,0.0
2021-04-19 21:15:00,MHImain,HKFE,28901.0,28943.0,28819.0,28862.0,9399.0,271510300.0,0.0
2021-04-20 01:15:00,MHImain,HKFE,28865.0,29110.0,28829.0,29035.0,48877.0,1416056768.0,0.0
2021-04-20 11:00:00,MHImain,HKFE,29036.0,29209.0,29021.0,29077.0,34534.0,1005342706.0,0.0
2021-04-20 17:15:00,MHImain,HKFE,29073.0,29073.0,28885.0,28915.0,8417.0,243538299.0,0.0
2021-04-20 21:15:00,MHImain,HKFE,28914.0,28942.0,28709.0,28760.0,12875.0,371017908.0,0.0
2021-04-21 01:15:00,MHImain,HKFE,28759.0,28778.0,28446.0,28609.0,55148.0,1576627865.0,0.0
2021-04-21 11:00:00,MHImain,HKFE,28608.0,28706.0,28526.0,28532.0,35088.0,1003479952.0,0.0
2021-04-21 17:15:00,MHImain,HKFE,28531.0,28583.0,28464.0,28532.0,6942.0,198045790.0,0.0
2021-04-21 21:15:00,MHImain,HKFE,28534.0,28703.0,28491.0,28697.0,10995.0,314571794.0,0.0
2021-04-22 01:15:00,MHImain,HKFE,28695.0,28803.0,28543.0,28711.0,49357.0,1415655940.0,0.0
2021-04-22 11:00:00,MHImain,HKFE,28713.0,28777.0,28655.0,28742.0,28226.0,810836599.0,0.0
2021-04-22 17:15:00,MHImain,HKFE,28725.0,28756.0,28679.0,28740.0,4661.0,133847071.0,0.0
2021-04-22 21:15:00,MHImain,HKFE,28740.0,28816.0,28676.0,28733.0,9315.0,267844408.0,0.0
2021-04-23 01:15:00,MHImain,HKFE,28732.0,29066.0,28601.0,29059.0,47133.0,1362088132.0,0.0
2021-04-23 11:00:00,MHImain,HKFE,29058.0,29094.0,28889.0,29052.0,30380.0,880581933.0,0.0
2021-04-23 17:15:00,MHImain,HKFE,29045.0,29080.0,29004.0,29019.0,3441.0,99948979.0,0.0
2021-04-23 21:15:00,MHImain,HKFE,29019.0,29144.0,28992.0,29132.0,8486.0,246744233.0,0.0
2021-04-24 01:15:00,MHImain,HKFE,29130.0,29188.0,29123.0,29182.0,1518.0,44260116.0,0.0
2021-04-26 01:15:00,MHImain,HKFE,29130.0,29249.0,28982.0,29141.0,45936.0,1337221297.0,0.0
2021-04-26 11:00:00,MHImain,HKFE,29143.0,29170.0,28904.0,28943.0,33803.0,981200152.0,0.0
2021-04-26 17:15:00,MHImain,HKFE,28943.0,28943.0,28771.0,28793.0,7274.0,209602796.0,0.0
2021-04-26 21:15:00,MHImain,HKFE,28793.0,28901.0,28790.0,28879.0,7363.0,212466354.0,0.0
2021-04-27 01:15:00,MHImain,HKFE,28880.0,29018.0,28800.0,28868.0,39704.0,1147796248.0,0.0
2021-04-27 11:00:00,MHImain,HKFE,28866.0,29049.0,28847.0,28893.0,28002.0,810199259.0,0.0
2021-04-27 17:15:00,MHImain,HKFE,28889.0,28941.0,28840.0,28915.0,4022.0,116218439.0,0.0
2021-04-27 21:15:00,MHImain,HKFE,28915.0,29017.0,28900.0,28976.0,6534.0,189183626.0,0.0
2021-04-28 01:15:00,MHImain,HKFE,28976.0,29061.0,28849.0,28972.0,31302.0,906212520.0,0.0
2021-04-28 11:00:00,MHImain,HKFE,28970.0,29049.0,28930.0,29024.0,20289.0,588137160.0,0.0
2021-04-28 17:15:00,MHImain,HKFE,28852.0,28895.0,28835.0,28884.0,1803.0,52058877.0,0.0
2021-04-28 21:15:00,MHImain,HKFE,28885.0,28970.0,28865.0,28892.0,3402.0,98353110.0,0.0
2021-04-29 01:15:00,MHImain,HKFE,28892.0,29252.0,28841.0,29121.0,37000.0,1078527271.0,0.0
2021-04-29 11:00:00,MHImain,HKFE,29122.0,29170.0,28995.0,29109.0,28546.0,830497197.0,0.0
2021-04-29 17:15:00,MHImain,HKFE,29100.0,29162.0,29098.0,29127.0,3146.0,91665219.0,0.0
2021-04-29 21:15:00,MHImain,HKFE,29129.0,29145.0,28896.0,28969.0,13736.0,398320193.0,0.0
2021-04-30 01:15:00,MHImain,HKFE,28971.0,29035.0,28628.0,28661.0,40094.0,1154189618.0,0.0
2021-04-30 11:00:00,MHImain,HKFE,28663.0,28704.0,28449.0,28530.0,30230.0,864222696.0,0.0
2021-04-30 17:15:00,MHImain,HKFE,28529.0,28551.0,28456.0,28542.0,4788.0,136499953.0,0.0
2021-04-30 21:15:00,MHImain,HKFE,28542.0,28584.0,28465.0,28493.0,8877.0,253222750.0,0.0
2021-05-01 01:15:00,MHImain,HKFE,28496.0,28522.0,28430.0,28435.0,1780.0,50660479.0,0.0
2021-05-03 01:15:00,MHImain,HKFE,28524.0,28563.0,28061.0,28097.0,39192.0,1106485621.0,0.0
2021-05-03 11:00:00,MHImain,HKFE,28098.0,28182.0,28052.0,28132.0,24385.0,685474505.0,0.0
2021-05-03 17:15:00,MHImain,HKFE,28133.0,28242.0,28083.0,28227.0,5638.0,158880563.0,0.0
2021-05-03 21:15:00,MHImain,HKFE,28227.0,28359.0,28190.0,28340.0,10492.0,296742589.0,0.0
2021-05-04 01:15:00,MHImain,HKFE,28341.0,28368.0,28120.0,28290.0,35534.0,1002616943.0,0.0
2021-05-04 11:00:00,MHImain,HKFE,28290.0,28458.0,28244.0,28446.0,27357.0,775596570.0,0.0
2021-05-04 17:15:00,MHImain,HKFE,28443.0,28481.0,28256.0,28288.0,9374.0,265850400.0,0.0
2021-05-04 21:15:00,MHImain,HKFE,28286.0,28330.0,28024.0,28110.0,19730.0,555022564.0,0.0
2021-05-05 01:15:00,MHImain,HKFE,28106.0,28551.0,28076.0,28470.0,38159.0,1082694423.0,0.0
2021-05-05 11:00:00,MHImain,HKFE,28469.0,28484.0,28167.0,28305.0,30425.0,860815336.0,0.0
2021-05-05 17:15:00,MHImain,HKFE,28304.0,28351.0,28278.0,28314.0,4294.0,121597481.0,0.0
2021-05-05 21:15:00,MHImain,HKFE,28314.0,28412.0,28247.0,28366.0,8192.0,232112009.0,0.0
2021-05-06 01:15:00,MHImain,HKFE,28367.0,28698.0,28271.0,28290.0,47955.0,1367234624.0,0.0
2021-05-06 11:00:00,MHImain,HKFE,28286.0,28527.0,28216.0,28526.0,37539.0,1065267469.0,0.0
2021-05-06 17:15:00,MHImain,HKFE,28520.0,28520.0,28415.0,28465.0,6408.0,182371229.0,0.0
2021-05-06 21:15:00,MHImain,HKFE,28463.0,28539.0,28403.0,28489.0,9982.0,284311708.0,0.0
2021-05-07 01:15:00,MHImain,HKFE,28489.0,28754.0,28394.0,28699.0,42807.0,1226224486.0,0.0
2021-05-07 11:00:00,MHImain,HKFE,28702.0,28728.0,28431.0,28515.0,37197.0,1062280925.0,0.0
2021-05-07 17:15:00,MHImain,HKFE,28515.0,28620.0,28493.0,28587.0,7924.0,226323456.0,0.0
2021-05-07 21:15:00,MHImain,HKFE,28585.0,28695.0,28523.0,28623.0,8752.0,250544880.0,0.0
2021-05-08 01:15:00,MHImain,HKFE,28621.0,28653.0,28598.0,28650.0,1525.0,43643796.0,0.0
2021-05-10 01:15:00,MHImain,HKFE,28682.0,28746.0,28427.0,28446.0,46557.0,1331208357.0,0.0
2021-05-10 11:00:00,MHImain,HKFE,28446.0,28502.0,28335.0,28470.0,35535.0,1009912502.0,0.0
2021-05-10 17:15:00,MHImain,HKFE,28467.0,28523.0,28466.0,28494.0,3732.0,106352174.0,0.0
2021-05-10 21:15:00,MHImain,HKFE,28491.0,28508.0,28301.0,28383.0,11228.0,318747537.0,0.0
2021-05-11 01:15:00,MHImain,HKFE,28380.0,28397.0,27751.0,27825.0,53252.0,1486108042.0,0.0
2021-05-11 11:00:00,MHImain,HKFE,27827.0,28020.0,27743.0,27809.0,44176.0,1230796675.0,0.0
2021-05-11 17:15:00,MHImain,HKFE,27822.0,27868.0,27620.0,27645.0,10323.0,286452236.0,0.0
2021-05-11 21:15:00,MHImain,HKFE,27645.0,27906.0,27633.0,27878.0,20781.0,577835558.0,0.0
2021-05-12 01:15:00,MHImain,HKFE,27882.0,27976.0,27766.0,27904.0,45982.0,1282181758.0,0.0
2021-05-12 11:00:00,MHImain,HKFE,27907.0,28074.0,27709.0,28019.0,40102.0,1119035690.0,0.0
2021-05-12 17:15:00,MHImain,HKFE,28021.0,28059.0,27867.0,27972.0,10625.0,297085784.0,0.0
2021-05-12 21:15:00,MHImain,HKFE,27972.0,27991.0,27737.0,27806.0,16004.0,446004143.0,0.0
2021-05-13 01:15:00,MHImain,HKFE,27807.0,27893.0,27655.0,27870.0,45924.0,1275315149.0,0.0
2021-05-13 11:00:00,MHImain,HKFE,27870.0,27916.0,27487.0,27527.0,46394.0,1284499464.0,0.0
2021-05-13 17:15:00,MHImain,HKFE,27526.0,27708.0,27490.0,27678.0,10750.0,296880800.0,0.0
2021-05-13 21:15:00,MHImain,HKFE,27680.0,27788.0,27643.0,27676.0,14738.0,408546725.0,0.0
2021-05-14 01:15:00,MHImain,HKFE,27676.0,27804.0,27556.0,27760.0,42898.0,1187674998.0,0.0
2021-05-14 11:00:00,MHImain,HKFE,27759.0,27938.0,27755.0,27908.0,38010.0,1058322020.0,0.0
2021-05-14 17:15:00,MHImain,HKFE,27930.0,27966.0,27879.0,27933.0,4722.0,131868115.0,0.0
2021-05-14 21:15:00,MHImain,HKFE,27934.0,28093.0,27915.0,28055.0,9655.0,270427104.0,0.0
2021-05-15 01:15:00,MHImain,HKFE,28055.0,28110.0,28049.0,28100.0,1348.0,37857007.0,0.0
2021-05-17 01:15:00,MHImain,HKFE,28050.0,28137.0,27912.0,28029.0,38781.0,1086738662.0,0.0
2021-05-17 11:00:00,MHImain,HKFE,28027.0,28129.0,27973.0,28087.0,28168.0,790131351.0,0.0
2021-05-17 17:15:00,MHImain,HKFE,28093.0,28100.0,27967.0,28033.0,5362.0,150286993.0,0.0
2021-05-17 21:15:00,MHImain,HKFE,28034.0,28151.0,27993.0,28107.0,9937.0,278920435.0,0.0
2021-05-18 01:15:00,MHImain,HKFE,28112.0,28528.0,28079.0,28441.0,34373.0,976802252.0,0.0
2021-05-18 11:00:00,MHImain,HKFE,28443.0,28498.0,28410.0,28460.0,18144.0,516331295.0,0.0
2021-05-18 17:15:00,MHImain,HKFE,28457.0,28464.0,28360.0,28368.0,4830.0,137241406.0,0.0
2021-05-18 21:15:00,MHImain,HKFE,28367.0,28477.0,28365.0,28472.0,7450.0,211754869.0,0.0
2021-05-19 01:15:00,MHImain,HKFE,28472.0,28489.0,28398.0,28401.0,1692.0,48133365.0,0.0
2021-05-20 01:15:00,MHImain,HKFE,28296.0,28396.0,28154.0,28203.0,34835.0,984779300.0,0.0
2021-05-20 11:00:00,MHImain,HKFE,28202.0,28366.0,28187.0,28280.0,24371.0,689483687.0,0.0
2021-05-20 17:15:00,MHImain,HKFE,28283.0,28340.0,28176.0,28336.0,6243.0,176372742.0,0.0
2021-05-20 21:15:00,MHImain,HKFE,28336.0,28455.0,28330.0,28389.0,7589.0,215487268.0,0.0
2021-05-21 01:15:00,MHImain,HKFE,28390.0,28530.0,28175.0,28252.0,37312.0,1056838530.0,0.0
2021-05-21 11:00:00,MHImain,HKFE,28252.0,28360.0,28196.0,28340.0,24595.0,695930075.0,0.0
2021-05-21 17:15:00,MHImain,HKFE,28346.0,28412.0,28346.0,28385.0,4153.0,117858926.0,0.0
2021-05-21 21:15:00,MHImain,HKFE,28386.0,28405.0,28212.0,28240.0,9218.0,261001237.0,0.0
2021-05-22 01:15:00,MHImain,HKFE,28241.0,28300.0,28228.0,28293.0,1394.0,39412478.0,0.0
2021-05-24 01:15:00,MHImain,HKFE,28307.0,28348.0,28075.0,28171.0,36490.0,1029385502.0,0.0
2021-05-24 11:00:00,MHImain,HKFE,28171.0,28354.0,28162.0,28310.0,25419.0,718593195.0,0.0
2021-05-24 17:15:00,MHImain,HKFE,28315.0,28336.0,28274.0,28313.0,3397.0,96149862.0,0.0
2021-05-24 21:15:00,MHImain,HKFE,28310.0,28394.0,28285.0,28385.0,5496.0,155863160.0,0.0
2021-05-25 01:15:00,MHImain,HKFE,28386.0,28740.0,28381.0,28723.0,38104.0,1088866167.0,0.0
2021-05-25 11:00:00,MHImain,HKFE,28724.0,28904.0,28701.0,28891.0,26808.0,772203202.0,0.0
2021-05-25 17:15:00,MHImain,HKFE,28890.0,28957.0,28877.0,28929.0,3899.0,112767996.0,0.0
2021-05-25 21:15:00,MHImain,HKFE,28930.0,28964.0,28847.0,28919.0,9141.0,264269753.0,0.0
2021-05-26 01:15:00,MHImain,HKFE,28919.0,29152.0,28888.0,29090.0,34518.0,1002857482.0,0.0
2021-05-26 11:00:00,MHImain,HKFE,29088.0,29271.0,29041.0,29149.0,30041.0,875036692.0,0.0
2021-05-26 17:15:00,MHImain,HKFE,29159.0,29187.0,29116.0,29125.0,3798.0,110716959.0,0.0
2021-05-26 21:15:00,MHImain,HKFE,29124.0,29166.0,29078.0,29153.0,4952.0,144199387.0,0.0
2021-05-27 01:15:00,MHImain,HKFE,29151.0,29189.0,28963.0,29139.0,31653.0,920049986.0,0.0
2021-05-27 11:00:00,MHImain,HKFE,29138.0,29200.0,29065.0,29191.0,20289.0,590687103.0,0.0
2021-05-27 17:15:00,MHImain,HKFE,29066.0,29071.0,28981.0,29047.0,2775.0,80529986.0,0.0
2021-05-27 21:15:00,MHImain,HKFE,29047.0,29099.0,29009.0,29047.0,3207.0,93171384.0,0.0
2021-05-28 01:15:00,MHImain,HKFE,29047.0,29233.0,28995.0,29133.0,27395.0,797737209.0,0.0
2021-05-28 11:00:00,MHImain,HKFE,29134.0,29253.0,28950.0,28993.0,31272.0,909413681.0,0.0
2021-05-28 17:15:00,MHImain,HKFE,28989.0,29055.0,28939.0,28957.0,4402.0,127655191.0,0.0
2021-05-28 21:15:00,MHImain,HKFE,28958.0,29081.0,28958.0,29060.0,6101.0,177170470.0,0.0
2021-05-29 01:15:00,MHImain,HKFE,29060.0,29075.0,29054.0,29065.0,874.0,25401497.0,0.0
2021-05-31 01:15:00,MHImain,HKFE,29159.0,29177.0,28835.0,28906.0,30167.0,872823015.0,0.0
2021-05-31 11:00:00,MHImain,HKFE,28907.0,29026.0,28791.0,28966.0,27900.0,806165790.0,0.0
2021-05-31 17:15:00,MHImain,HKFE,28966.0,28966.0,28966.0,28966.0,0.0,0.0,0.0
2021-05-31 21:15:00,MHImain,HKFE,28966.0,28966.0,28966.0,28966.0,0.0,0.0,0.0
2021-06-01 01:15:00,MHImain,HKFE,28966.0,29125.0,28922.0,29034.0,34558.0,1003545118.0,0.0
2021-06-01 11:00:00,MHImain,HKFE,29032.0,29400.0,29028.0,29356.0,36757.0,1074918839.0,0.0
2021-06-01 17:15:00,MHImain,HKFE,29338.0,29395.0,29338.0,29370.0,3040.0,89288453.0,0.0
2021-06-01 21:15:00,MHImain,HKFE,29370.0,29395.0,29230.0,29250.0,9501.0,278318360.0,0.0
2021-06-02 01:15:00,MHImain,HKFE,29251.0,29397.0,29177.0,29178.0,34657.0,1015221107.0,0.0
2021-06-02 11:00:00,MHImain,HKFE,29178.0,29237.0,29081.0,29128.0,29791.0,868851311.0,0.0
2021-06-02 17:15:00,MHImain,HKFE,29126.0,29197.0,29124.0,29168.0,3606.0,105162491.0,0.0
2021-06-02 21:15:00,MHImain,HKFE,29167.0,29229.0,29124.0,29184.0,5285.0,154258235.0,0.0
2021-06-03 01:15:00,MHImain,HKFE,29183.0,29280.0,29073.0,29115.0,35502.0,1035790862.0,0.0
2021-06-03 11:00:00,MHImain,HKFE,29116.0,29145.0,28801.0,28864.0,36915.0,1068769082.0,0.0
2021-06-03 17:15:00,MHImain,HKFE,28858.0,28893.0,28768.0,28831.0,6714.0,193520313.0,0.0
2021-06-03 21:15:00,MHImain,HKFE,28830.0,28892.0,28777.0,28835.0,9108.0,262704968.0,0.0
2021-06-04 01:15:00,MHImain,HKFE,28835.0,28892.0,28631.0,28800.0,34732.0,999072836.0,0.0
2021-06-04 11:00:00,MHImain,HKFE,28802.0,28934.0,28716.0,28806.0,36004.0,1037511792.0,0.0
2021-06-04 17:15:00,MHImain,HKFE,28810.0,28928.0,28768.0,28900.0,4851.0,139985478.0,0.0
2021-06-04 21:15:00,MHImain,HKFE,28901.0,28984.0,28897.0,28976.0,5272.0,152564880.0,0.0
2021-06-05 01:15:00,MHImain,HKFE,28974.0,28987.0,28969.0,28973.0,793.0,22980819.0,0.0
2021-06-07 01:15:00,MHImain,HKFE,28900.0,28938.0,28528.0,28611.0,40114.0,1150323674.0,0.0
2021-06-07 11:00:00,MHImain,HKFE,28612.0,28745.0,28603.0,28737.0,23893.0,685116070.0,0.0
2021-06-07 17:15:00,MHImain,HKFE,28733.0,28784.0,28716.0,28752.0,3151.0,90605885.0,0.0
2021-06-07 21:15:00,MHImain,HKFE,28753.0,28755.0,28672.0,28731.0,6671.0,191516386.0,0.0
2021-06-08 01:15:00,MHImain,HKFE,28730.0,28924.0,28566.0,28569.0,40949.0,1178499894.0,0.0
2021-06-08 11:00:00,MHImain,HKFE,28567.0,28724.0,28560.0,28688.0,27610.0,790816805.0,0.0
2021-06-08 17:15:00,MHImain,HKFE,28695.0,28740.0,28639.0,28727.0,4840.0,138925383.0,0.0
2021-06-08 21:15:00,MHImain,HKFE,28731.0,28733.0,28616.0,28670.0,6394.0,183307690.0,0.0
2021-06-09 01:15:00,MHImain,HKFE,28670.0,28794.0,28628.0,28741.0,35737.0,1025784782.0,0.0
2021-06-09 11:00:00,MHImain,HKFE,28744.0,28809.0,28617.0,28709.0,24953.0,715849972.0,0.0
2021-06-09 17:15:00,MHImain,HKFE,28698.0,28722.0,28671.0,28711.0,2836.0,81382242.0,0.0
2021-06-09 21:15:00,MHImain,HKFE,28712.0,28760.0,28650.0,28688.0,7400.0,212348227.0,0.0
2021-06-10 01:15:00,MHImain,HKFE,28689.0,28895.0,28652.0,28809.0,33973.0,978463560.0,0.0
2021-06-10 11:00:00,MHImain,HKFE,28808.0,28832.0,28581.0,28614.0,29242.0,839323087.0,0.0
2021-06-10 17:15:00,MHImain,HKFE,28644.0,28713.0,28585.0,28686.0,5986.0,171531387.0,0.0
2021-06-10 21:15:00,MHImain,HKFE,28686.0,28753.0,28635.0,28741.0,8145.0,233788881.0,0.0
2021-06-11 01:15:00,MHImain,HKFE,28742.0,28913.0,28657.0,28804.0,41562.0,1196239807.0,0.0
2021-06-11 11:00:00,MHImain,HKFE,28802.0,28861.0,28755.0,28801.0,23308.0,671278859.0,0.0
2021-06-11 17:15:00,MHImain,HKFE,28805.0,28838.0,28763.0,28786.0,3061.0,88148259.0,0.0
2021-06-11 21:15:00,MHImain,HKFE,28786.0,28786.0,28680.0,28696.0,5675.0,162975942.0,0.0
2021-06-12 01:15:00,MHImain,HKFE,28695.0,28726.0,28694.0,28712.0,1122.0,32217125.0,0.0
2021-06-15 01:15:00,MHImain,HKFE,28898.0,28925.0,28352.0,28376.0,42807.0,1222548147.0,0.0
2021-06-15 11:00:00,MHImain,HKFE,28375.0,28625.0,28359.0,28508.0,29876.0,852300597.0,0.0
2021-06-15 17:15:00,MHImain,HKFE,28506.0,28556.0,28495.0,28524.0,3268.0,93227517.0,0.0
2021-06-15 21:15:00,MHImain,HKFE,28522.0,28543.0,28443.0,28445.0,4780.0,136179806.0,0.0
2021-06-16 01:15:00,MHImain,HKFE,28443.0,28571.0,28431.0,28542.0,31052.0,885017733.0,0.0
2021-06-16 11:00:00,MHImain,HKFE,28541.0,28550.0,28358.0,28373.0,24591.0,699319617.0,0.0
2021-06-16 17:15:00,MHImain,HKFE,28393.0,28415.0,28370.0,28408.0,2390.0,67866745.0,0.0
2021-06-16 21:15:00,MHImain,HKFE,28410.0,28460.0,28390.0,28402.0,4250.0,120820416.0,0.0
2021-06-17 01:15:00,MHImain,HKFE,28403.0,28403.0,28086.0,28393.0,37469.0,1058644178.0,0.0
2021-06-17 11:00:00,MHImain,HKFE,28394.0,28464.0,28311.0,28438.0,26305.0,746870311.0,0.0
2021-06-17 17:15:00,MHImain,HKFE,28434.0,28452.0,28396.0,28439.0,3289.0,93480741.0,0.0
2021-06-17 21:15:00,MHImain,HKFE,28439.0,28532.0,28408.0,28482.0,9481.0,269996510.0,0.0
2021-06-18 01:15:00,MHImain,HKFE,28484.0,28752.0,28419.0,28635.0,36896.0,1055771322.0,0.0
2021-06-18 11:00:00,MHImain,HKFE,28638.0,28770.0,28601.0,28756.0,22984.0,658933715.0,0.0
2021-06-18 17:15:00,MHImain,HKFE,28759.0,28771.0,28580.0,28608.0,7274.0,208464081.0,0.0
2021-06-18 21:15:00,MHImain,HKFE,28607.0,28633.0,28536.0,28590.0,9282.0,265249802.0,0.0
2021-06-19 01:15:00,MHImain,HKFE,28590.0,28594.0,28527.0,28532.0,1297.0,37045862.0,0.0
2021-06-21 01:15:00,MHImain,HKFE,28481.0,28516.0,28290.0,28475.0,34125.0,968947921.0,0.0
2021-06-21 11:00:00,MHImain,HKFE,28474.0,28480.0,28242.0,28422.0,33677.0,954668685.0,0.0
2021-06-21 17:15:00,MHImain,HKFE,28425.0,28491.0,28400.0,28425.0,4043.0,115012165.0,0.0
2021-06-21 21:15:00,MHImain,HKFE,28426.0,28529.0,28368.0,28516.0,8136.0,231534397.0,0.0
2021-06-22 01:15:00,MHImain,HKFE,28517.0,28565.0,28279.0,28381.0,33374.0,947462836.0,0.0
2021-06-22 11:00:00,MHImain,HKFE,28380.0,28433.0,28164.0,28190.0,28152.0,797209662.0,0.0
2021-06-22 17:15:00,MHImain,HKFE,28196.0,28288.0,28185.0,28238.0,5039.0,142329928.0,0.0
2021-06-22 21:15:00,MHImain,HKFE,28241.0,28324.0,28205.0,28306.0,5632.0,159203408.0,0.0
2021-06-23 01:15:00,MHImain,HKFE,28305.0,28591.0,28286.0,28519.0,38740.0,1101370493.0,0.0
2021-06-23 11:00:00,MHImain,HKFE,28520.0,28856.0,28519.0,28741.0,38087.0,1093410602.0,0.0
2021-06-23 17:15:00,MHImain,HKFE,28732.0,28743.0,28659.0,28717.0,4966.0,142526830.0,0.0
2021-06-23 21:15:00,MHImain,HKFE,28715.0,28803.0,28660.0,28690.0,7827.0,224912016.0,0.0
2021-06-24 01:15:00,MHImain,HKFE,28693.0,28945.0,28686.0,28831.0,31501.0,908897558.0,0.0
2021-06-24 11:00:00,MHImain,HKFE,28832.0,28870.0,28733.0,28831.0,24882.0,716917883.0,0.0
2021-06-24 17:15:00,MHImain,HKFE,28834.0,28875.0,28810.0,28835.0,2685.0,77445148.0,0.0
2021-06-24 21:15:00,MHImain,HKFE,28837.0,28916.0,28821.0,28912.0,4117.0,118844899.0,0.0
2021-06-25 01:15:00,MHImain,HKFE,28913.0,29125.0,28887.0,29116.0,33525.0,971886519.0,0.0
2021-06-25 11:00:00,MHImain,HKFE,29116.0,29256.0,29085.0,29221.0,28828.0,841594930.0,0.0
2021-06-25 17:15:00,MHImain,HKFE,29220.0,29267.0,29208.0,29234.0,2732.0,79883710.0,0.0
2021-06-25 21:15:00,MHImain,HKFE,29237.0,29258.0,29197.0,29220.0,4107.0,120035021.0,0.0
2021-06-26 01:15:00,MHImain,HKFE,29218.0,29260.0,29210.0,29257.0,941.0,27507251.0,0.0
2021-06-28 01:15:00,MHImain,HKFE,29257.0,29257.0,29257.0,29257.0,0.0,0.0,0.0
2021-06-28 11:00:00,MHImain,HKFE,29257.0,29333.0,29207.0,29224.0,20377.0,596077442.0,0.0
2021-06-28 17:15:00,MHImain,HKFE,29163.0,29215.0,29149.0,29215.0,1157.0,33760952.0,0.0
2021-06-28 21:15:00,MHImain,HKFE,29213.0,29239.0,29146.0,29147.0,1895.0,55315634.0,0.0
2021-06-29 01:15:00,MHImain,HKFE,29145.0,29201.0,28975.0,29003.0,22817.0,663220753.0,0.0
2021-06-29 11:00:00,MHImain,HKFE,29004.0,29014.0,28777.0,28854.0,28518.0,823794677.0,0.0
2021-06-29 17:15:00,MHImain,HKFE,28838.0,28890.0,28822.0,28866.0,2700.0,77915595.0,0.0
2021-06-29 21:15:00,MHImain,HKFE,28868.0,28930.0,28851.0,28922.0,4175.0,120620234.0,0.0
2021-06-30 01:15:00,MHImain,HKFE,28922.0,29026.0,28802.0,28856.0,27097.0,783250069.0,0.0
2021-06-30 11:00:00,MHImain,HKFE,28851.0,28877.0,28613.0,28634.0,27391.0,787824422.0,0.0
2021-06-30 17:15:00,MHImain,HKFE,28612.0,28696.0,28592.0,28634.0,4204.0,120446886.0,0.0
2021-06-30 21:15:00,MHImain,HKFE,28634.0,28718.0,28630.0,28671.0,5026.0,144142623.0,0.0
2021-07-01 01:15:00,MHImain,HKFE,28671.0,28679.0,28643.0,28649.0,755.0,21635735.0,0.0
2021-07-02 01:15:00,MHImain,HKFE,28675.0,28770.0,28194.0,28209.0,36321.0,1031621855.0,0.0
2021-07-02 11:00:00,MHImain,HKFE,28208.0,28264.0,28083.0,28145.0,31075.0,875148284.0,0.0
2021-07-02 17:15:00,MHImain,HKFE,28149.0,28278.0,28149.0,28259.0,5449.0,153777866.0,0.0
2021-07-02 21:15:00,MHImain,HKFE,28258.0,28305.0,28222.0,28291.0,5686.0,160724318.0,0.0
2021-07-03 01:15:00,MHImain,HKFE,28293.0,28337.0,28288.0,28327.0,1407.0,39844356.0,0.0
2021-07-05 01:15:00,MHImain,HKFE,28200.0,28253.0,27903.0,28154.0,31037.0,872937348.0,0.0
2021-07-05 11:00:00,MHImain,HKFE,28153.0,28204.0,27994.0,28095.0,23062.0,647281114.0,0.0
2021-07-05 17:15:00,MHImain,HKFE,28089.0,28122.0,28051.0,28060.0,2323.0,65248335.0,0.0
2021-07-05 21:15:00,MHImain,HKFE,28060.0,28060.0,28013.0,28036.0,2256.0,63240103.0,0.0
2021-07-06 01:15:00,MHImain,HKFE,28037.0,28106.0,27807.0,27884.0,34793.0,972002563.0,0.0
2021-07-06 11:00:00,MHImain,HKFE,27883.0,28041.0,27820.0,27947.0,29043.0,811195386.0,0.0
2021-07-06 17:15:00,MHImain,HKFE,27933.0,27960.0,27885.0,27904.0,3270.0,91300138.0,0.0
2021-07-06 21:15:00,MHImain,HKFE,27903.0,27932.0,27724.0,27766.0,8524.0,237093219.0,0.0
2021-07-07 01:15:00,MHImain,HKFE,27765.0,27887.0,27707.0,27877.0,31333.0,871212887.0,0.0
2021-07-07 11:00:00,MHImain,HKFE,27878.0,27979.0,27722.0,27905.0,31277.0,871167224.0,0.0
2021-07-07 17:15:00,MHImain,HKFE,27914.0,28017.0,27892.0,27960.0,4071.0,113814441.0,0.0
2021-07-07 21:15:00,MHImain,HKFE,27958.0,27985.0,27746.0,27877.0,9793.0,272840429.0,0.0
2021-07-08 01:15:00,MHImain,HKFE,27875.0,27924.0,27345.0,27384.0,44391.0,1226079348.0,0.0
2021-07-08 11:00:00,MHImain,HKFE,27383.0,27430.0,27076.0,27097.0,44680.0,1216543213.0,0.0
2021-07-08 17:15:00,MHImain,HKFE,27111.0,27117.0,26945.0,27061.0,10006.0,270478489.0,0.0
2021-07-08 21:15:00,MHImain,HKFE,27062.0,27244.0,27048.0,27199.0,12722.0,345152057.0,0.0
2021-07-09 01:15:00,MHImain,HKFE,27199.0,27285.0,26857.0,27264.0,44836.0,1215551448.0,0.0
2021-07-09 11:00:00,MHImain,HKFE,27266.0,27415.0,27214.0,27247.0,33220.0,907699256.0,0.0
2021-07-09 17:15:00,MHImain,HKFE,27255.0,27468.0,27255.0,27450.0,6800.0,186390108.0,0.0
2021-07-09 21:15:00,MHImain,HKFE,27449.0,27623.0,27404.0,27607.0,7285.0,200524428.0,0.0
2021-07-10 01:15:00,MHImain,HKFE,27609.0,27718.0,27608.0,27706.0,1791.0,49565693.0,0.0
2021-07-12 01:15:00,MHImain,HKFE,27602.0,27666.0,27353.0,27441.0,33324.0,916153680.0,0.0
2021-07-12 11:00:00,MHImain,HKFE,27441.0,27538.0,27372.0,27534.0,23423.0,643265878.0,0.0
2021-07-12 17:15:00,MHImain,HKFE,27531.0,27551.0,27441.0,27537.0,3872.0,106473136.0,0.0
2021-07-12 21:15:00,MHImain,HKFE,27536.0,27634.0,27523.0,27615.0,4905.0,135270215.0,0.0
2021-07-13 01:15:00,MHImain,HKFE,27617.0,28014.0,27592.0,27916.0,39696.0,1103794674.0,0.0
2021-07-13 11:00:00,MHImain,HKFE,27916.0,28016.0,27855.0,27882.0,26788.0,748284913.0,0.0
2021-07-13 17:15:00,MHImain,HKFE,27883.0,27916.0,27738.0,27797.0,6407.0,178350986.0,0.0
2021-07-13 21:15:00,MHImain,HKFE,27794.0,27924.0,27789.0,27881.0,6650.0,185338505.0,0.0
2021-07-14 01:15:00,MHImain,HKFE,27881.0,27891.0,27663.0,27753.0,34570.0,960192370.0,0.0
2021-07-14 11:00:00,MHImain,HKFE,27752.0,27836.0,27689.0,27771.0,21504.0,596828700.0,0.0
2021-07-14 17:15:00,MHImain,HKFE,27777.0,27930.0,27777.0,27906.0,4830.0,134563094.0,0.0
2021-07-14 21:15:00,MHImain,HKFE,27907.0,27923.0,27739.0,27800.0,7549.0,210053407.0,0.0
2021-07-15 01:15:00,MHImain,HKFE,27797.0,28158.0,27650.0,28154.0,35016.0,977960469.0,0.0
2021-07-15 11:00:00,MHImain,HKFE,28153.0,28183.0,27935.0,28010.0,28964.0,813024303.0,0.0
2021-07-15 17:15:00,MHImain,HKFE,28010.0,28025.0,27891.0,27924.0,5892.0,164675146.0,0.0
2021-07-15 21:15:00,MHImain,HKFE,27922.0,27980.0,27855.0,27857.0,7973.0,222563446.0,0.0
2021-07-16 01:15:00,MHImain,HKFE,27857.0,27992.0,27808.0,27909.0,30346.0,846541497.0,0.0
2021-07-16 11:00:00,MHImain,HKFE,27909.0,28215.0,27882.0,28018.0,36285.0,1018542233.0,0.0
2021-07-16 17:15:00,MHImain,HKFE,28023.0,28076.0,27965.0,28028.0,3700.0,103646381.0,0.0
2021-07-16 21:15:00,MHImain,HKFE,28029.0,28049.0,27825.0,27874.0,8636.0,240898497.0,0.0
2021-07-17 01:15:00,MHImain,HKFE,27875.0,27876.0,27779.0,27779.0,1870.0,52016903.0,0.0
2021-07-19 01:15:00,MHImain,HKFE,27705.0,27753.0,27353.0,27415.0,36397.0,1001478645.0,0.0
2021-07-19 11:00:00,MHImain,HKFE,27417.0,27556.0,27402.0,27467.0,29748.0,817485595.0,0.0
2021-07-19 17:15:00,MHImain,HKFE,27458.0,27458.0,27271.0,27333.0,9030.0,246924414.0,0.0
2021-07-19 21:15:00,MHImain,HKFE,27332.0,27369.0,27176.0,27229.0,14391.0,392234550.0,0.0
2021-07-20 01:15:00,MHImain,HKFE,27230.0,27532.0,27202.0,27348.0,40154.0,1100359075.0,0.0
2021-07-20 11:00:00,MHImain,HKFE,27347.0,27390.0,27092.0,27233.0,40397.0,1099438179.0,0.0
2021-07-20 17:15:00,MHImain,HKFE,27225.0,27238.0,27094.0,27100.0,7034.0,190969974.0,0.0
2021-07-20 21:15:00,MHImain,HKFE,27101.0,27275.0,27044.0,27251.0,10251.0,278564935.0,0.0
2021-07-21 01:15:00,MHImain,HKFE,27252.0,27394.0,26915.0,26967.0,41482.0,1127813554.0,0.0
2021-07-21 11:00:00,MHImain,HKFE,26965.0,27230.0,26960.0,27229.0,32942.0,893303167.0,0.0
2021-07-21 17:15:00,MHImain,HKFE,27224.0,27256.0,27134.0,27204.0,4819.0,131084269.0,0.0
2021-07-21 21:15:00,MHImain,HKFE,27205.0,27388.0,27189.0,27374.0,7718.0,210646330.0,0.0
2021-07-22 01:15:00,MHImain,HKFE,27374.0,27766.0,27367.0,27684.0,38635.0,1066780899.0,0.0
2021-07-22 11:00:00,MHImain,HKFE,27685.0,27745.0,27615.0,27708.0,24313.0,673144709.0,0.0
2021-07-22 17:15:00,MHImain,HKFE,27707.0,27710.0,27610.0,27635.0,3597.0,99506188.0,0.0
2021-07-22 21:15:00,MHImain,HKFE,27635.0,27670.0,27537.0,27612.0,6706.0,185187063.0,0.0
2021-07-23 01:15:00,MHImain,HKFE,27611.0,27714.0,27410.0,27434.0,33653.0,926478490.0,0.0
2021-07-23 11:00:00,MHImain,HKFE,27431.0,27504.0,27201.0,27270.0,30622.0,837889288.0,0.0
2021-07-23 17:15:00,MHImain,HKFE,27276.0,27324.0,27172.0,27201.0,4410.0,120231337.0,0.0
2021-07-23 21:15:00,MHImain,HKFE,27201.0,27207.0,27003.0,27050.0,11736.0,317708584.0,0.0
2021-07-24 01:15:00,MHImain,HKFE,27051.0,27075.0,27031.0,27056.0,1457.0,39415921.0,0.0
2021-07-26 01:15:00,MHImain,HKFE,26909.0,26940.0,26569.0,26580.0,45613.0,1219085558.0,0.0
2021-07-26 11:00:00,MHImain,HKFE,26577.0,26633.0,26113.0,26131.0,54301.0,1434251593.0,0.0
2021-07-26 17:15:00,MHImain,HKFE,26134.0,26294.0,26134.0,26243.0,6624.0,173785708.0,0.0
2021-07-26 21:15:00,MHImain,HKFE,26245.0,26372.0,26180.0,26193.0,9936.0,261261783.0,0.0
2021-07-27 01:15:00,MHImain,HKFE,26191.0,26342.0,25726.0,26087.0,51710.0,1349775986.0,0.0
2021-07-27 11:00:00,MHImain,HKFE,26087.0,26092.0,24746.0,25047.0,85090.0,2161378069.0,0.0
2021-07-27 17:15:00,MHImain,HKFE,25045.0,25304.0,25045.0,25217.0,8749.0,220624474.0,0.0
2021-07-27 21:15:00,MHImain,HKFE,25215.0,25318.0,24979.0,24988.0,14729.0,370675945.0,0.0
2021-07-28 01:15:00,MHImain,HKFE,24987.0,25588.0,24930.0,25203.0,58965.0,1489592594.0,0.0
2021-07-28 11:00:00,MHImain,HKFE,25198.0,25480.0,24869.0,25384.0,53116.0,1339404667.0,0.0
2021-07-28 17:15:00,MHImain,HKFE,25320.0,25709.0,25320.0,25677.0,3757.0,95823652.0,0.0
2021-07-28 21:15:00,MHImain,HKFE,25676.0,26080.0,25625.0,26045.0,8400.0,217213223.0,0.0
2021-07-29 01:15:00,MHImain,HKFE,26044.0,26169.0,25750.0,26011.0,41041.0,1062940520.0,0.0
2021-07-29 11:00:00,MHImain,HKFE,26013.0,26259.0,25984.0,26190.0,43702.0,1141337402.0,0.0
2021-07-29 17:15:00,MHImain,HKFE,26208.0,26284.0,26130.0,26206.0,8990.0,235589667.0,0.0
2021-07-29 21:15:00,MHImain,HKFE,26207.0,26222.0,25986.0,26066.0,13508.0,352322385.0,0.0
2021-07-30 01:15:00,MHImain,HKFE,26065.0,26086.0,25809.0,25947.0,45276.0,1175074957.0,0.0
2021-07-30 11:00:00,MHImain,HKFE,25945.0,25999.0,25560.0,25907.0,52397.0,1349029072.0,0.0
2021-07-30 17:15:00,MHImain,HKFE,25900.0,25912.0,25722.0,25750.0,7090.0,182967465.0,0.0
2021-07-30 21:15:00,MHImain,HKFE,25750.0,25988.0,25750.0,25958.0,11532.0,298867479.0,0.0
2021-07-31 01:15:00,MHImain,HKFE,25958.0,25966.0,25840.0,25863.0,1709.0,44261520.0,0.0
2021-08-02 01:15:00,MHImain,HKFE,25975.0,26194.0,25668.0,26143.0,49563.0,1283555420.0,0.0
2021-08-02 11:00:00,MHImain,HKFE,26147.0,26242.0,26046.0,26124.0,36966.0,966397112.0,0.0
2021-08-02 17:15:00,MHImain,HKFE,26126.0,26174.0,26077.0,26090.0,5341.0,139519176.0,0.0
2021-08-02 21:15:00,MHImain,HKFE,26088.0,26229.0,26073.0,26169.0,9929.0,259571346.0,0.0
2021-08-03 01:15:00,MHImain,HKFE,26170.0,26187.0,25702.0,25764.0,48572.0,1258766050.0,0.0
2021-08-03 11:00:00,MHImain,HKFE,25764.0,26193.0,25725.0,26055.0,40061.0,1042759647.0,0.0
2021-08-03 17:15:00,MHImain,HKFE,26051.0,26158.0,26029.0,26034.0,6217.0,162185422.0,0.0
2021-08-03 21:15:00,MHImain,HKFE,26034.0,26086.0,25921.0,26081.0,10781.0,280252594.0,0.0
2021-08-04 01:15:00,MHImain,HKFE,26082.0,26567.0,25929.0,26507.0,50037.0,1314915373.0,0.0
2021-08-04 11:00:00,MHImain,HKFE,26506.0,26583.0,26293.0,26364.0,34350.0,908123957.0,0.0
2021-08-04 17:15:00,MHImain,HKFE,26370.0,26395.0,26286.0,26307.0,4555.0,119969290.0,0.0
2021-08-04 21:15:00,MHImain,HKFE,26310.0,26436.0,26297.0,26376.0,10014.0,264032931.0,0.0
2021-08-05 01:15:00,MHImain,HKFE,26374.0,26486.0,26209.0,26394.0,40517.0,1068749700.0,0.0
2021-08-05 11:00:00,MHImain,HKFE,26392.0,26433.0,26057.0,26126.0,44927.0,1178529021.0,0.0
2021-08-05 17:15:00,MHImain,HKFE,26139.0,26176.0,26115.0,26146.0,3784.0,98935955.0,0.0
2021-08-05 21:15:00,MHImain,HKFE,26145.0,26273.0,26144.0,26241.0,6797.0,178217247.0,0.0
2021-08-06 01:15:00,MHImain,HKFE,26240.0,26256.0,25900.0,26029.0,42352.0,1103186267.0,0.0
2021-08-06 11:00:00,MHImain,HKFE,26029.0,26212.0,26025.0,26120.0,29760.0,777402214.0,0.0
2021-08-06 17:15:00,MHImain,HKFE,26130.0,26213.0,26113.0,26165.0,4516.0,118169868.0,0.0
2021-08-06 21:15:00,MHImain,HKFE,26164.0,26194.0,25966.0,26036.0,8978.0,233988917.0,0.0
2021-08-07 01:15:00,MHImain,HKFE,26036.0,26067.0,26025.0,26030.0,1040.0,27088670.0,0.0
2021-08-09 01:15:00,MHImain,HKFE,25900.0,26454.0,25814.0,26435.0,46708.0,1222087360.0,0.0
2021-08-09 11:00:00,MHImain,HKFE,26437.0,26476.0,26158.0,26221.0,32421.0,852413520.0,0.0
2021-08-09 17:15:00,MHImain,HKFE,26227.0,26277.0,26212.0,26250.0,3459.0,90775455.0,0.0
2021-08-09 21:15:00,MHImain,HKFE,26252.0,26349.0,26221.0,26326.0,6161.0,162017263.0,0.0
2021-08-10 01:15:00,MHImain,HKFE,26323.0,26408.0,26027.0,26289.0,47536.0,1245521659.0,0.0
2021-08-10 11:00:00,MHImain,HKFE,26290.0,26516.0,26215.0,26477.0,38060.0,1004381801.0,0.0
2021-08-10 17:15:00,MHImain,HKFE,26477.0,26480.0,26416.0,26435.0,2753.0,72787828.0,0.0
2021-08-10 21:15:00,MHImain,HKFE,26436.0,26452.0,26350.0,26408.0,7409.0,195620906.0,0.0
2021-08-11 01:15:00,MHImain,HKFE,26407.0,26722.0,26298.0,26633.0,47322.0,1255644497.0,0.0
2021-08-11 11:00:00,MHImain,HKFE,26632.0,26662.0,26467.0,26543.0,28882.0,766627000.0,0.0
2021-08-11 17:15:00,MHImain,HKFE,26548.0,26733.0,26516.0,26673.0,6646.0,176997608.0,0.0
2021-08-11 21:15:00,MHImain,HKFE,26675.0,26678.0,26474.0,26577.0,8980.0,238622351.0,0.0
2021-08-12 01:15:00,MHImain,HKFE,26580.0,26619.0,26421.0,26545.0,43289.0,1148057523.0,0.0
2021-08-12 11:00:00,MHImain,HKFE,26546.0,26616.0,26295.0,26387.0,34723.0,918151949.0,0.0
2021-08-12 17:15:00,MHImain,HKFE,26387.0,26434.0,26315.0,26340.0,4235.0,111716178.0,0.0
2021-08-12 21:15:00,MHImain,HKFE,26342.0,26356.0,26215.0,26234.0,8457.0,222107207.0,0.0
2021-08-13 01:15:00,MHImain,HKFE,26235.0,26445.0,26081.0,26113.0,44468.0,1168144516.0,0.0
2021-08-13 11:00:00,MHImain,HKFE,26116.0,26334.0,26106.0,26310.0,32593.0,854248621.0,0.0
2021-08-13 17:15:00,MHImain,HKFE,26319.0,26353.0,26286.0,26347.0,2602.0,68474154.0,0.0
2021-08-13 21:15:00,MHImain,HKFE,26347.0,26369.0,26258.0,26331.0,6662.0,175345305.0,0.0
2021-08-14 01:15:00,MHImain,HKFE,26331.0,26348.0,26316.0,26345.0,844.0,22226205.0,0.0
2021-08-16 01:15:00,MHImain,HKFE,26350.0,26381.0,26032.0,26200.0,47170.0,1236985204.0,0.0
2021-08-16 11:00:00,MHImain,HKFE,26199.0,26220.0,25987.0,26088.0,33273.0,868133172.0,0.0
2021-08-16 17:15:00,MHImain,HKFE,26088.0,26134.0,26055.0,26113.0,3581.0,93466888.0,0.0
2021-08-16 21:15:00,MHImain,HKFE,26115.0,26130.0,25995.0,26100.0,8533.0,222415371.0,0.0
2021-08-17 01:15:00,MHImain,HKFE,26102.0,26201.0,25965.0,26094.0,45798.0,1194653321.0,0.0
2021-08-17 11:00:00,MHImain,HKFE,26094.0,26106.0,25551.0,25691.0,59203.0,1525705340.0,0.0
2021-08-17 17:15:00,MHImain,HKFE,25700.0,25726.0,25588.0,25610.0,5285.0,135615540.0,0.0
2021-08-17 21:15:00,MHImain,HKFE,25613.0,25764.0,25552.0,25619.0,13592.0,348895978.0,0.0
2021-08-18 01:15:00,MHImain,HKFE,25617.0,25876.0,25562.0,25827.0,44867.0,1156613401.0,0.0
2021-08-18 11:00:00,MHImain,HKFE,25827.0,25955.0,25734.0,25761.0,34086.0,881132189.0,0.0
2021-08-18 17:15:00,MHImain,HKFE,25795.0,25820.0,25717.0,25762.0,4231.0,109018722.0,0.0
2021-08-18 21:15:00,MHImain,HKFE,25760.0,25835.0,25736.0,25788.0,8766.0,226007966.0,0.0
2021-08-19 01:15:00,MHImain,HKFE,25787.0,25870.0,25355.0,25372.0,47216.0,1208003231.0,0.0
2021-08-19 11:00:00,MHImain,HKFE,25373.0,25536.0,25145.0,25225.0,51952.0,1315080272.0,0.0
2021-08-19 17:15:00,MHImain,HKFE,25195.0,25294.0,25124.0,25289.0,8060.0,203396040.0,0.0
2021-08-19 21:15:00,MHImain,HKFE,25289.0,25393.0,25267.0,25335.0,14205.0,359859411.0,0.0
2021-08-20 01:15:00,MHImain,HKFE,25333.0,25358.0,24829.0,24857.0,59567.0,1492797204.0,0.0
2021-08-20 11:00:00,MHImain,HKFE,24855.0,24939.0,24554.0,24785.0,63295.0,1566604831.0,0.0
2021-08-20 17:15:00,MHImain,HKFE,24770.0,24948.0,24736.0,24947.0,5605.0,139363277.0,0.0
2021-08-20 21:15:00,MHImain,HKFE,24947.0,25107.0,24878.0,25075.0,13894.0,347893843.0,0.0
2021-08-21 01:15:00,MHImain,HKFE,25076.0,25078.0,24990.0,24990.0,1300.0,32542566.0,0.0
2021-08-23 01:15:00,MHImain,HKFE,25050.0,25443.0,25048.0,25349.0,47631.0,1203149665.0,0.0
2021-08-23 11:00:00,MHImain,HKFE,25346.0,25384.0,25021.0,25090.0,37579.0,946742242.0,0.0
2021-08-23 17:15:00,MHImain,HKFE,25099.0,25214.0,25099.0,25173.0,4120.0,103662945.0,0.0
2021-08-23 21:15:00,MHImain,HKFE,25174.0,25289.0,25157.0,25286.0,7720.0,194644804.0,0.0
2021-08-24 01:15:00,MHImain,HKFE,25284.0,25588.0,25274.0,25469.0,42738.0,1087601208.0,0.0
2021-08-24 11:00:00,MHImain,HKFE,25470.0,25705.0,25440.0,25638.0,40138.0,1025293145.0,0.0
2021-08-24 17:15:00,MHImain,HKFE,25650.0,25650.0,25564.0,25604.0,4704.0,120384439.0,0.0
2021-08-24 21:15:00,MHImain,HKFE,25602.0,25786.0,25600.0,25709.0,10738.0,276039834.0,0.0
2021-08-25 01:15:00,MHImain,HKFE,25709.0,25954.0,25557.0,25597.0,54824.0,1412355629.0,0.0
2021-08-25 11:00:00,MHImain,HKFE,25596.0,25713.0,25533.0,25675.0,31857.0,816197660.0,0.0
2021-08-25 17:15:00,MHImain,HKFE,25680.0,25695.0,25604.0,25640.0,3792.0,97258944.0,0.0
2021-08-25 21:15:00,MHImain,HKFE,25642.0,25666.0,25570.0,25604.0,7354.0,188394558.0,0.0
2021-08-26 01:15:00,MHImain,HKFE,25603.0,25682.0,25368.0,25464.0,43837.0,1119636743.0,0.0
2021-08-26 11:00:00,MHImain,HKFE,25461.0,25474.0,25230.0,25415.0,39088.0,990083782.0,0.0
2021-08-26 17:15:00,MHImain,HKFE,25408.0,25453.0,25375.0,25427.0,4102.0,104245541.0,0.0
2021-08-26 21:15:00,MHImain,HKFE,25429.0,25474.0,25349.0,25443.0,8187.0,208110487.0,0.0
2021-08-27 01:15:00,MHImain,HKFE,25444.0,25648.0,25296.0,25555.0,41225.0,1049679509.0,0.0
2021-08-27 11:00:00,MHImain,HKFE,25553.0,25581.0,25314.0,25357.0,28903.0,735311751.0,0.0
2021-08-27 17:15:00,MHImain,HKFE,25257.0,25333.0,25252.0,25288.0,1251.0,31638533.0,0.0
2021-08-27 21:15:00,MHImain,HKFE,25291.0,25417.0,25259.0,25364.0,2678.0,67879880.0,0.0
2021-08-28 01:15:00,MHImain,HKFE,25362.0,25364.0,25333.0,25333.0,370.0,9378865.0,0.0
2021-08-30 01:15:00,MHImain,HKFE,25350.0,25437.0,25088.0,25327.0,39166.0,989964125.0,0.0
2021-08-30 11:00:00,MHImain,HKFE,25329.0,25482.0,25255.0,25428.0,32736.0,830057936.0,0.0
2021-08-30 17:15:00,MHImain,HKFE,25414.0,25437.0,25308.0,25352.0,4454.0,112910738.0,0.0
2021-08-30 21:15:00,MHImain,HKFE,25354.0,25398.0,25264.0,25389.0,6681.0,169172130.0,0.0
2021-08-31 01:15:00,MHImain,HKFE,25391.0,25445.0,25006.0,25027.0,45633.0,1150080511.0,0.0
2021-08-31 11:00:00,MHImain,HKFE,25029.0,25792.0,25004.0,25761.0,58774.0,1494995371.0,0.0
2021-08-31 17:15:00,MHImain,HKFE,25747.0,25756.0,25604.0,25635.0,6304.0,161786936.0,0.0
2021-08-31 21:15:00,MHImain,HKFE,25635.0,25719.0,25611.0,25667.0,8773.0,225071823.0,0.0
2021-09-01 01:15:00,MHImain,HKFE,25668.0,25850.0,25574.0,25849.0,50491.0,1298596723.0,0.0
2021-09-01 11:00:00,MHImain,HKFE,25849.0,25978.0,25825.0,25923.0,35996.0,932656903.0,0.0
2021-09-01 17:15:00,MHImain,HKFE,25926.0,25963.0,25861.0,25913.0,3749.0,97117913.0,0.0
2021-09-01 21:15:00,MHImain,HKFE,25910.0,26123.0,25892.0,26100.0,9970.0,259493258.0,0.0
2021-09-02 01:15:00,MHImain,HKFE,26102.0,26266.0,26005.0,26053.0,46090.0,1204788993.0,0.0
2021-09-02 11:00:00,MHImain,HKFE,26051.0,26051.0,25892.0,26019.0,36849.0,956995322.0,0.0
2021-09-02 17:15:00,MHImain,HKFE,26007.0,26077.0,25984.0,25995.0,3797.0,98829260.0,0.0
2021-09-02 21:15:00,MHImain,HKFE,25998.0,26047.0,25945.0,25952.0,6159.0,160100508.0,0.0
2021-09-03 01:15:00,MHImain,HKFE,25955.0,25984.0,25724.0,25940.0,48372.0,1251463236.0,0.0
2021-09-03 11:00:00,MHImain,HKFE,25943.0,25962.0,25744.0,25845.0,29526.0,762810649.0,0.0
2021-09-03 17:15:00,MHImain,HKFE,25863.0,25877.0,25756.0,25848.0,7298.0,188440705.0,0.0
2021-09-03 21:15:00,MHImain,HKFE,25848.0,25887.0,25780.0,25886.0,7295.0,188514716.0,0.0
2021-09-04 01:15:00,MHImain,HKFE,25885.0,25886.0,25857.0,25860.0,806.0,20853321.0,0.0
2021-09-06 01:15:00,MHImain,HKFE,25828.0,26043.0,25705.0,25951.0,39793.0,1031229380.0,0.0
2021-09-06 11:00:00,MHImain,HKFE,25951.0,26111.0,25932.0,26080.0,27751.0,722450815.0,0.0
2021-09-06 17:15:00,MHImain,HKFE,26088.0,26159.0,26077.0,26129.0,3445.0,90016007.0,0.0
2021-09-06 21:15:00,MHImain,HKFE,26127.0,26159.0,26123.0,26143.0,2214.0,57881498.0,0.0
2021-09-07 01:15:00,MHImain,HKFE,26143.0,26355.0,26031.0,26332.0,45093.0,1180204552.0,0.0
2021-09-07 11:00:00,MHImain,HKFE,26335.0,26393.0,26189.0,26229.0,35779.0,940697011.0,0.0
2021-09-07 17:15:00,MHImain,HKFE,26212.0,26229.0,26167.0,26202.0,3481.0,91209160.0,0.0
2021-09-07 21:15:00,MHImain,HKFE,26201.0,26302.0,26190.0,26290.0,8200.0,215255980.0,0.0
2021-09-08 01:15:00,MHImain,HKFE,26290.0,26476.0,26251.0,26336.0,42863.0,1129737890.0,0.0
2021-09-08 11:00:00,MHImain,HKFE,26335.0,26359.0,26070.0,26212.0,39824.0,1042904668.0,0.0
2021-09-08 17:15:00,MHImain,HKFE,26219.0,26312.0,26203.0,26269.0,5278.0,138683889.0,0.0
2021-09-08 21:15:00,MHImain,HKFE,26270.0,26290.0,26068.0,26093.0,12527.0,327534303.0,0.0
2021-09-09 01:15:00,MHImain,HKFE,26093.0,26119.0,25838.0,25864.0,45414.0,1179125136.0,0.0
2021-09-09 11:00:00,MHImain,HKFE,25861.0,25929.0,25581.0,25647.0,48780.0,1255905602.0,0.0
2021-09-09 17:15:00,MHImain,HKFE,25621.0,25759.0,25610.0,25750.0,6115.0,157182538.0,0.0
2021-09-09 21:15:00,MHImain,HKFE,25750.0,25859.0,25717.0,25838.0,9372.0,241876904.0,0.0
2021-09-10 01:15:00,MHImain,HKFE,25836.0,26136.0,25740.0,26059.0,48434.0,1258830033.0,0.0
2021-09-10 11:00:00,MHImain,HKFE,26060.0,26174.0,26038.0,26148.0,30824.0,804824788.0,0.0
2021-09-10 17:15:00,MHImain,HKFE,26160.0,26191.0,26118.0,26131.0,3507.0,91720105.0,0.0
2021-09-10 21:15:00,MHImain,HKFE,26133.0,26159.0,25923.0,26000.0,12811.0,333406846.0,0.0
2021-09-11 01:15:00,MHImain,HKFE,26001.0,26003.0,25951.0,25961.0,1110.0,28833011.0,0.0
2021-09-13 01:15:00,MHImain,HKFE,25919.0,25920.0,25630.0,25659.0,45376.0,1167731106.0,0.0
2021-09-13 11:00:00,MHImain,HKFE,25660.0,25803.0,25534.0,25787.0,37948.0,973232259.0,0.0
2021-09-13 17:15:00,MHImain,HKFE,25800.0,25831.0,25768.0,25811.0,3675.0,94813518.0,0.0
2021-09-13 21:15:00,MHImain,HKFE,25813.0,25892.0,25718.0,25881.0,11060.0,285347381.0,0.0
2021-09-14 01:15:00,MHImain,HKFE,25882.0,25885.0,25588.0,25762.0,47393.0,1219628219.0,0.0
2021-09-14 11:00:00,MHImain,HKFE,25762.0,25777.0,25322.0,25445.0,50501.0,1289374479.0,0.0
2021-09-14 17:15:00,MHImain,HKFE,25453.0,25475.0,25349.0,25465.0,6792.0,172611549.0,0.0
2021-09-14 21:15:00,MHImain,HKFE,25466.0,25478.0,25325.0,25358.0,9297.0,236010059.0,0.0
2021-09-15 01:15:00,MHImain,HKFE,25358.0,25409.0,25100.0,25323.0,50428.0,1274137747.0,0.0
2021-09-15 11:00:00,MHImain,HKFE,25325.0,25365.0,24983.0,25049.0,46875.0,1177049445.0,0.0
2021-09-15 17:15:00,MHImain,HKFE,25049.0,25055.0,24987.0,25017.0,3441.0,86111118.0,0.0
2021-09-15 21:15:00,MHImain,HKFE,25019.0,25042.0,24932.0,25006.0,10657.0,266242801.0,0.0
2021-09-16 01:15:00,MHImain,HKFE,25008.0,25057.0,24596.0,24721.0,55629.0,1381084980.0,0.0
2021-09-16 11:00:00,MHImain,HKFE,24719.0,24727.0,24478.0,24656.0,52545.0,1291873771.0,0.0
2021-09-16 17:15:00,MHImain,HKFE,24645.0,24663.0,24574.0,24628.0,5317.0,130911137.0,0.0
2021-09-16 21:15:00,MHImain,HKFE,24626.0,24694.0,24562.0,24680.0,7981.0,196609465.0,0.0
2021-09-17 01:15:00,MHImain,HKFE,24680.0,24822.0,24406.0,24749.0,53738.0,1324651767.0,0.0
2021-09-17 11:00:00,MHImain,HKFE,24750.0,24925.0,24670.0,24880.0,37479.0,928668152.0,0.0
2021-09-17 17:15:00,MHImain,HKFE,24878.0,24914.0,24822.0,24874.0,5034.0,125136534.0,0.0
2021-09-17 21:15:00,MHImain,HKFE,24872.0,24880.0,24760.0,24802.0,8666.0,215037667.0,0.0
2021-09-18 01:15:00,MHImain,HKFE,24803.0,24805.0,24743.0,24787.0,1460.0,36174308.0,0.0
2021-09-20 01:15:00,MHImain,HKFE,24660.0,24718.0,23948.0,23953.0,50762.0,1230585280.0,0.0
2021-09-20 11:00:00,MHImain,HKFE,23953.0,24152.0,23831.0,24065.0,48320.0,1159687021.0,0.0
2021-09-20 17:15:00,MHImain,HKFE,24071.0,24072.0,23881.0,23989.0,7460.0,178735685.0,0.0
2021-09-20 21:15:00,MHImain,HKFE,23989.0,24078.0,23780.0,23805.0,13115.0,314416505.0,0.0
2021-09-21 01:15:00,MHImain,HKFE,23805.0,24181.0,23663.0,24112.0,45083.0,1081697883.0,0.0
2021-09-21 11:00:00,MHImain,HKFE,24114.0,24260.0,23854.0,24179.0,39913.0,959633997.0,0.0
2021-09-21 17:15:00,MHImain,HKFE,24170.0,24196.0,23993.0,24061.0,5681.0,136945124.0,0.0
2021-09-21 21:15:00,MHImain,HKFE,24062.0,24169.0,24018.0,24130.0,11717.0,282306784.0,0.0
2021-09-22 01:15:00,MHImain,HKFE,24133.0,24134.0,24065.0,24120.0,1652.0,39819158.0,0.0
2021-09-23 01:15:00,MHImain,HKFE,24443.0,24792.0,24406.0,24463.0,51857.0,1275683802.0,0.0
2021-09-23 11:00:00,MHImain,HKFE,24464.0,24523.0,24284.0,24515.0,43945.0,1072658055.0,0.0
2021-09-23 17:15:00,MHImain,HKFE,24524.0,24649.0,24312.0,24340.0,12574.0,307422055.0,0.0
2021-09-23 21:15:00,MHImain,HKFE,24335.0,24463.0,24335.0,24449.0,8481.0,206965637.0,0.0
2021-09-24 01:15:00,MHImain,HKFE,24449.0,24596.0,24275.0,24537.0,51833.0,1267413563.0,0.0
2021-09-24 11:00:00,MHImain,HKFE,24537.0,24550.0,24035.0,24164.0,48647.0,1182617930.0,0.0
2021-09-24 17:15:00,MHImain,HKFE,24166.0,24197.0,23954.0,24002.0,8288.0,199397402.0,0.0
2021-09-24 21:15:00,MHImain,HKFE,24001.0,24056.0,23924.0,23999.0,9772.0,234458045.0,0.0
2021-09-25 01:15:00,MHImain,HKFE,23996.0,24004.0,23951.0,23993.0,1156.0,27714033.0,0.0
2021-09-27 01:15:00,MHImain,HKFE,24055.0,24491.0,24030.0,24443.0,53028.0,1290503505.0,0.0
2021-09-27 11:00:00,MHImain,HKFE,24445.0,24479.0,24108.0,24181.0,42420.0,1028989316.0,0.0
2021-09-27 17:15:00,MHImain,HKFE,24183.0,24218.0,24076.0,24123.0,6961.0,168091554.0,0.0
2021-09-27 21:15:00,MHImain,HKFE,24123.0,24268.0,24054.0,24253.0,10049.0,242965146.0,0.0
2021-09-28 01:15:00,MHImain,HKFE,24256.0,24622.0,24175.0,24583.0,47049.0,1147754945.0,0.0
2021-09-28 11:00:00,MHImain,HKFE,24585.0,24681.0,24406.0,24479.0,39758.0,976190241.0,0.0
2021-09-28 17:15:00,MHImain,HKFE,24450.0,24459.0,24321.0,24376.0,3390.0,82612278.0,0.0
2021-09-28 21:15:00,MHImain,HKFE,24379.0,24398.0,24155.0,24173.0,6005.0,145613853.0,0.0
2021-09-29 01:15:00,MHImain,HKFE,24173.0,24408.0,23988.0,24281.0,44093.0,1067637081.0,0.0
2021-09-29 11:00:00,MHImain,HKFE,24283.0,24666.0,24224.0,24522.0,52158.0,1277487610.0,0.0
2021-09-29 17:15:00,MHImain,HKFE,24523.0,24557.0,24497.0,24505.0,3884.0,95252457.0,0.0
2021-09-29 21:15:00,MHImain,HKFE,24507.0,24532.0,24358.0,24376.0,11697.0,286050050.0,0.0
2021-09-30 01:15:00,MHImain,HKFE,24377.0,24549.0,24279.0,24395.0,51439.0,1254533273.0,0.0
2021-09-30 11:00:00,MHImain,HKFE,24395.0,24622.0,24315.0,24525.0,36785.0,900397071.0,0.0
2021-09-30 17:15:00,MHImain,HKFE,24530.0,24545.0,24450.0,24501.0,3733.0,91439068.0,0.0
2021-09-30 21:15:00,MHImain,HKFE,24501.0,24625.0,24436.0,24510.0,13122.0,321908461.0,0.0
2021-10-01 01:15:00,MHImain,HKFE,24508.0,24568.0,24472.0,24560.0,1939.0,47542408.0,0.0
2021-10-04 01:15:00,MHImain,HKFE,24338.0,24409.0,23836.0,24054.0,54581.0,1313818754.0,0.0
2021-10-04 11:00:00,MHImain,HKFE,24053.0,24080.0,23869.0,23965.0,37114.0,889988954.0,0.0
2021-10-04 17:15:00,MHImain,HKFE,23984.0,24097.0,23984.0,24072.0,5335.0,128322949.0,0.0
2021-10-04 21:15:00,MHImain,HKFE,24068.0,24075.0,23785.0,23925.0,14926.0,356749888.0,0.0
2021-10-05 01:15:00,MHImain,HKFE,23925.0,24043.0,23644.0,24023.0,53333.0,1272124561.0,0.0
2021-10-05 11:00:00,MHImain,HKFE,24023.0,24177.0,23980.0,24066.0,37700.0,907472033.0,0.0
2021-10-05 17:15:00,MHImain,HKFE,24069.0,24111.0,24027.0,24072.0,4401.0,105951308.0,0.0
2021-10-05 21:15:00,MHImain,HKFE,24072.0,24266.0,24066.0,24257.0,9443.0,228296898.0,0.0
2021-10-06 01:15:00,MHImain,HKFE,24259.0,24283.0,23743.0,23851.0,50240.0,1201739171.0,0.0
2021-10-06 11:00:00,MHImain,HKFE,23851.0,24090.0,23792.0,23965.0,41110.0,984004013.0,0.0
2021-10-06 17:15:00,MHImain,HKFE,23936.0,23984.0,23837.0,23974.0,6707.0,160325614.0,0.0
2021-10-06 21:15:00,MHImain,HKFE,23971.0,24078.0,23919.0,23991.0,12629.0,303190973.0,0.0
2021-10-07 01:15:00,MHImain,HKFE,23989.0,24541.0,23989.0,24533.0,42908.0,1047675771.0,0.0
2021-10-07 11:00:00,MHImain,HKFE,24533.0,24712.0,24447.0,24623.0,37592.0,923837973.0,0.0
2021-10-07 17:15:00,MHImain,HKFE,24629.0,24697.0,24591.0,24623.0,5008.0,123425300.0,0.0
2021-10-07 21:15:00,MHImain,HKFE,24623.0,24875.0,24608.0,24832.0,11871.0,293990018.0,0.0
2021-10-08 01:15:00,MHImain,HKFE,24832.0,24990.0,24621.0,24704.0,52001.0,1288108642.0,0.0
2021-10-08 11:00:00,MHImain,HKFE,24703.0,24830.0,24559.0,24825.0,36720.0,906286542.0,0.0
2021-10-08 17:15:00,MHImain,HKFE,24808.0,25004.0,24766.0,24954.0,8566.0,213366074.0,0.0
2021-10-08 21:15:00,MHImain,HKFE,24956.0,24990.0,24881.0,24989.0,8160.0,203562102.0,0.0
2021-10-09 01:15:00,MHImain,HKFE,24987.0,25037.0,24962.0,25028.0,1418.0,35457375.0,0.0
2021-10-11 01:15:00,MHImain,HKFE,24978.0,25336.0,24968.0,25285.0,44176.0,1114287432.0,0.0
2021-10-11 11:00:00,MHImain,HKFE,25287.0,25382.0,25214.0,25268.0,33340.0,843121990.0,0.0
2021-10-11 17:15:00,MHImain,HKFE,25263.0,25269.0,25191.0,25242.0,4309.0,108680164.0,0.0
2021-10-11 21:15:00,MHImain,HKFE,25243.0,25269.0,25107.0,25117.0,9413.0,237109387.0,0.0
2021-10-12 01:15:00,MHImain,HKFE,25115.0,25139.0,24860.0,25036.0,47128.0,1178993231.0,0.0
2021-10-12 11:00:00,MHImain,HKFE,25036.0,25108.0,24818.0,24912.0,36811.0,917927878.0,0.0
2021-10-12 17:15:00,MHImain,HKFE,24918.0,25030.0,24918.0,24970.0,1109.0,27711313.0,0.0
2021-10-12 21:15:00,MHImain,HKFE,24970.0,24970.0,24970.0,24970.0,0.0,0.0,0.0
2021-10-15 01:15:00,MHImain,HKFE,25150.0,25224.0,24864.0,25115.0,47458.0,1188179252.0,0.0
2021-10-15 11:00:00,MHImain,HKFE,25115.0,25336.0,25066.0,25308.0,36337.0,916278876.0,0.0
2021-10-15 17:15:00,MHImain,HKFE,25301.0,25315.0,25261.0,25284.0,3371.0,85232814.0,0.0
2021-10-15 21:15:00,MHImain,HKFE,25284.0,25478.0,25254.0,25415.0,9651.0,245130443.0,0.0
2021-10-16 01:15:00,MHImain,HKFE,25413.0,25464.0,25405.0,25460.0,1133.0,28820485.0,0.0
2021-10-18 01:15:00,MHImain,HKFE,25420.0,25438.0,25086.0,25157.0,40336.0,1016541693.0,0.0
2021-10-18 11:00:00,MHImain,HKFE,25154.0,25465.0,25076.0,25440.0,31957.0,805899933.0,0.0
2021-10-18 17:15:00,MHImain,HKFE,25420.0,25468.0,25377.0,25387.0,4449.0,113095579.0,0.0
2021-10-18 21:15:00,MHImain,HKFE,25392.0,25581.0,25386.0,25549.0,7566.0,192950515.0,0.0
2021-10-19 01:15:00,MHImain,HKFE,25549.0,25800.0,25445.0,25727.0,37725.0,966111854.0,0.0
2021-10-19 11:00:00,MHImain,HKFE,25722.0,25812.0,25650.0,25770.0,24531.0,631367103.0,0.0
2021-10-19 17:15:00,MHImain,HKFE,25756.0,25853.0,25752.0,25752.0,4116.0,106209980.0,0.0
2021-10-19 21:15:00,MHImain,HKFE,25752.0,25965.0,25745.0,25950.0,8982.0,232324228.0,0.0
2021-10-20 01:15:00,MHImain,HKFE,25950.0,26089.0,25862.0,26048.0,39307.0,1020775082.0,0.0
2021-10-20 11:00:00,MHImain,HKFE,26049.0,26184.0,26006.0,26158.0,32498.0,848250008.0,0.0
2021-10-20 17:15:00,MHImain,HKFE,26152.0,26210.0,26137.0,26207.0,3469.0,90796559.0,0.0
2021-10-20 21:15:00,MHImain,HKFE,26208.0,26217.0,26069.0,26110.0,9353.0,244500224.0,0.0
2021-10-21 01:15:00,MHImain,HKFE,26108.0,26223.0,26022.0,26160.0,37936.0,991189610.0,0.0
2021-10-21 11:00:00,MHImain,HKFE,26160.0,26202.0,25818.0,25970.0,39097.0,1015269033.0,0.0
2021-10-21 17:15:00,MHImain,HKFE,25967.0,25989.0,25938.0,25962.0,3066.0,79603778.0,0.0
2021-10-21 21:15:00,MHImain,HKFE,25964.0,26049.0,25924.0,25994.0,7348.0,190926570.0,0.0
2021-10-22 01:15:00,MHImain,HKFE,25993.0,26175.0,25948.0,26099.0,35005.0,912374617.0,0.0
2021-10-22 11:00:00,MHImain,HKFE,26098.0,26162.0,25985.0,26110.0,27960.0,729099878.0,0.0
2021-10-22 17:15:00,MHImain,HKFE,26112.0,26139.0,26077.0,26082.0,2499.0,65245552.0,0.0
2021-10-22 21:15:00,MHImain,HKFE,26082.0,26227.0,25995.0,26029.0,11607.0,303071511.0,0.0
2021-10-23 01:15:00,MHImain,HKFE,26028.0,26055.0,25975.0,26003.0,1929.0,50175748.0,0.0
2021-10-25 01:15:00,MHImain,HKFE,26000.0,26162.0,25886.0,26123.0,36762.0,957248582.0,0.0
2021-10-25 11:00:00,MHImain,HKFE,26127.0,26193.0,26075.0,26138.0,21663.0,566087366.0,0.0
2021-10-25 17:15:00,MHImain,HKFE,26148.0,26150.0,26089.0,26121.0,2367.0,61808847.0,0.0
2021-10-25 21:15:00,MHImain,HKFE,26118.0,26168.0,26035.0,26167.0,6680.0,174332681.0,0.0
2021-10-26 01:15:00,MHImain,HKFE,26166.0,26257.0,26035.0,26096.0,32784.0,856219114.0,0.0
2021-10-26 11:00:00,MHImain,HKFE,26096.0,26111.0,25898.0,26035.0,29386.0,763853154.0,0.0
2021-10-26 17:15:00,MHImain,HKFE,26050.0,26091.0,26014.0,26060.0,2721.0,70920840.0,0.0
2021-10-26 21:15:00,MHImain,HKFE,26060.0,26072.0,25808.0,25833.0,9021.0,234162703.0,0.0
2021-10-27 01:15:00,MHImain,HKFE,25833.0,25872.0,25555.0,25598.0,33932.0,871026547.0,0.0
2021-10-27 11:00:00,MHImain,HKFE,25597.0,25681.0,25555.0,25640.0,21334.0,546565212.0,0.0
2021-10-27 17:15:00,MHImain,HKFE,25569.0,25569.0,25459.0,25527.0,2675.0,68211166.0,0.0
2021-10-27 21:15:00,MHImain,HKFE,25524.0,25628.0,25504.0,25572.0,5198.0,132897408.0,0.0
2021-10-28 01:15:00,MHImain,HKFE,25571.0,25705.0,25459.0,25518.0,31312.0,800916288.0,0.0
2021-10-28 11:00:00,MHImain,HKFE,25519.0,25618.0,25399.0,25409.0,28253.0,720581305.0,0.0
2021-10-28 17:15:00,MHImain,HKFE,25452.0,25462.0,25384.0,25446.0,4197.0,106733808.0,0.0
2021-10-28 21:15:00,MHImain,HKFE,25444.0,25499.0,25377.0,25475.0,7906.0,201180684.0,0.0
2021-10-29 01:15:00,MHImain,HKFE,25479.0,25511.0,25250.0,25390.0,37132.0,941919846.0,0.0
2021-10-29 11:00:00,MHImain,HKFE,25392.0,25438.0,25286.0,25312.0,25679.0,651261797.0,0.0
2021-10-29 17:15:00,MHImain,HKFE,25318.0,25340.0,25231.0,25310.0,5069.0,128169708.0,0.0
2021-10-29 21:15:00,MHImain,HKFE,25307.0,25348.0,25212.0,25234.0,7818.0,197508741.0,0.0
2021-10-30 01:15:00,MHImain,HKFE,25234.0,25250.0,25136.0,25168.0,2209.0,55635243.0,0.0
2021-11-01 01:15:00,MHImain,HKFE,25278.0,25298.0,24919.0,25024.0,40205.0,1007152663.0,0.0
2021-11-01 11:00:00,MHImain,HKFE,25023.0,25144.0,24966.0,25107.0,23965.0,600920894.0,0.0
2021-11-01 17:15:00,MHImain,HKFE,25113.0,25149.0,25081.0,25130.0,2946.0,74005952.0,0.0
2021-11-01 21:15:00,MHImain,HKFE,25128.0,25468.0,25125.0,25458.0,15433.0,390912484.0,0.0
2021-11-02 01:15:00,MHImain,HKFE,25460.0,25622.0,25325.0,25361.0,39751.0,1013593794.0,0.0
2021-11-02 11:00:00,MHImain,HKFE,25362.0,25385.0,24998.0,25010.0,40347.0,1014946038.0,0.0
2021-11-02 17:15:00,MHImain,HKFE,25015.0,25072.0,25003.0,25058.0,3139.0,78589480.0,0.0
2021-11-02 21:15:00,MHImain,HKFE,25061.0,25062.0,24926.0,24965.0,8949.0,223666748.0,0.0
2021-11-03 01:15:00,MHImain,HKFE,24963.0,25153.0,24754.0,24855.0,42071.0,1049835795.0,0.0
2021-11-03 11:00:00,MHImain,HKFE,24854.0,25030.0,24774.0,25010.0,29484.0,733899503.0,0.0
2021-11-03 17:15:00,MHImain,HKFE,25015.0,25025.0,24966.0,24967.0,2899.0,72459139.0,0.0
2021-11-03 21:15:00,MHImain,HKFE,24969.0,24986.0,24888.0,24938.0,7676.0,191383316.0,0.0
2021-11-04 01:15:00,MHImain,HKFE,24938.0,25191.0,24913.0,25135.0,36931.0,927312753.0,0.0
2021-11-04 11:00:00,MHImain,HKFE,25136.0,25232.0,24964.0,25192.0,32678.0,819321887.0,0.0
2021-11-04 17:15:00,MHImain,HKFE,25191.0,25224.0,25139.0,25159.0,3561.0,89641771.0,0.0
2021-11-04 21:15:00,MHImain,HKFE,25160.0,25165.0,24907.0,24943.0,11596.0,290071767.0,0.0
2021-11-05 01:15:00,MHImain,HKFE,24941.0,25017.0,24732.0,24941.0,40512.0,1008218573.0,0.0
2021-11-05 11:00:00,MHImain,HKFE,24942.0,24998.0,24672.0,24865.0,31838.0,791153662.0,0.0
2021-11-05 17:15:00,MHImain,HKFE,24869.0,24950.0,24835.0,24949.0,4348.0,108223411.0,0.0
2021-11-05 21:15:00,MHImain,HKFE,24948.0,24975.0,24716.0,24721.0,12090.0,300115071.0,0.0
2021-11-06 01:15:00,MHImain,HKFE,24719.0,24777.0,24688.0,24716.0,2076.0,51344317.0,0.0
2021-11-08 01:15:00,MHImain,HKFE,24689.0,24836.0,24618.0,24788.0,33978.0,840388246.0,0.0
2021-11-08 11:00:00,MHImain,HKFE,24788.0,24808.0,24663.0,24742.0,27607.0,682840468.0,0.0
2021-11-08 17:15:00,MHImain,HKFE,24758.0,24878.0,24741.0,24850.0,4686.0,116324906.0,0.0
2021-11-08 21:15:00,MHImain,HKFE,24850.0,24898.0,24842.0,24871.0,5582.0,138808368.0,0.0
2021-11-09 01:15:00,MHImain,HKFE,24872.0,24975.0,24725.0,24730.0,31847.0,790983017.0,0.0
2021-11-09 11:00:00,MHImain,HKFE,24730.0,24829.0,24645.0,24773.0,25561.0,632536777.0,0.0
2021-11-09 17:15:00,MHImain,HKFE,24799.0,24828.0,24748.0,24770.0,3100.0,76845602.0,0.0
2021-11-09 21:15:00,MHImain,HKFE,24768.0,24865.0,24666.0,24696.0,10730.0,265554878.0,0.0
2021-11-10 01:15:00,MHImain,HKFE,24694.0,24827.0,24490.0,24496.0,43699.0,1078232028.0,0.0
2021-11-10 11:00:00,MHImain,HKFE,24497.0,25033.0,24433.0,25020.0,48466.0,1196885090.0,0.0
2021-11-10 17:15:00,MHImain,HKFE,25008.0,25008.0,24863.0,24891.0,6090.0,151709017.0,0.0
2021-11-10 21:15:00,MHImain,HKFE,24892.0,25016.0,24836.0,24948.0,10489.0,261481344.0,0.0
2021-11-11 01:15:00,MHImain,HKFE,24948.0,25114.0,24769.0,24915.0,41066.0,1024108538.0,0.0
2021-11-11 11:00:00,MHImain,HKFE,24916.0,25315.0,24859.0,25204.0,44351.0,1113849189.0,0.0
2021-11-11 17:15:00,MHImain,HKFE,25215.0,25243.0,25156.0,25180.0,4468.0,112595474.0,0.0
2021-11-11 21:15:00,MHImain,HKFE,25182.0,25400.0,25175.0,25387.0,10106.0,255758360.0,0.0
2021-11-12 01:15:00,MHImain,HKFE,25388.0,25528.0,25305.0,25347.0,35471.0,901053337.0,0.0
2021-11-12 11:00:00,MHImain,HKFE,25344.0,25352.0,25181.0,25310.0,33383.0,843788221.0,0.0
2021-11-12 17:15:00,MHImain,HKFE,25315.0,25319.0,25233.0,25257.0,3668.0,92706005.0,0.0
2021-11-12 21:15:00,MHImain,HKFE,25257.0,25379.0,25218.0,25365.0,8080.0,204346893.0,0.0
2021-11-13 01:15:00,MHImain,HKFE,25366.0,25377.0,25328.0,25354.0,1382.0,35034238.0,0.0
2021-11-15 01:15:00,MHImain,HKFE,25380.0,25440.0,25233.0,25242.0,29931.0,757880285.0,0.0
2021-11-15 11:00:00,MHImain,HKFE,25242.0,25403.0,25178.0,25368.0,27268.0,689431307.0,0.0
2021-11-15 17:15:00,MHImain,HKFE,25377.0,25429.0,25375.0,25428.0,2527.0,64201949.0,0.0
2021-11-15 21:15:00,MHImain,HKFE,25429.0,25474.0,25349.0,25368.0,7924.0,201416040.0,0.0
2021-11-16 01:15:00,MHImain,HKFE,25367.0,25629.0,25346.0,25580.0,33564.0,855841276.0,0.0
2021-11-16 11:00:00,MHImain,HKFE,25583.0,25744.0,25563.0,25635.0,31230.0,800916491.0,0.0
2021-11-16 17:15:00,MHImain,HKFE,25646.0,25677.0,25621.0,25661.0,2535.0,65028077.0,0.0
2021-11-16 21:15:00,MHImain,HKFE,25664.0,25666.0,25505.0,25606.0,9949.0,254480524.0,0.0
2021-11-17 01:15:00,MHImain,HKFE,25606.0,25626.0,25471.0,25594.0,31756.0,811271963.0,0.0
2021-11-17 11:00:00,MHImain,HKFE,25595.0,25640.0,25507.0,25623.0,23197.0,593085160.0,0.0
2021-11-17 17:15:00,MHImain,HKFE,25623.0,25629.0,25528.0,25594.0,4355.0,111358015.0,0.0
2021-11-17 21:15:00,MHImain,HKFE,25591.0,25615.0,25438.0,25439.0,9752.0,248780058.0,0.0
2021-11-18 01:15:00,MHImain,HKFE,25438.0,25450.0,25189.0,25266.0,34774.0,879437741.0,0.0
2021-11-18 11:00:00,MHImain,HKFE,25266.0,25329.0,25206.0,25307.0,23865.0,603050771.0,0.0
2021-11-18 17:15:00,MHImain,HKFE,25310.0,25343.0,25124.0,25165.0,7147.0,180258862.0,0.0
2021-11-18 21:15:00,MHImain,HKFE,25163.0,25166.0,24858.0,25052.0,17876.0,446734867.0,0.0
2021-11-19 01:15:00,MHImain,HKFE,25052.0,25069.0,24801.0,24849.0,37771.0,941071725.0,0.0
2021-11-19 11:00:00,MHImain,HKFE,24852.0,25043.0,24778.0,24991.0,32334.0,806233182.0,0.0
2021-11-19 17:15:00,MHImain,HKFE,24986.0,24991.0,24802.0,24885.0,8884.0,221041145.0,0.0
2021-11-19 21:15:00,MHImain,HKFE,24885.0,25050.0,24872.0,24968.0,10883.0,271786833.0,0.0
2021-11-20 01:15:00,MHImain,HKFE,24967.0,24979.0,24900.0,24900.0,1670.0,41637812.0,0.0
2021-11-22 01:15:00,MHImain,HKFE,24980.0,25097.0,24937.0,24994.0,29338.0,733670964.0,0.0
2021-11-22 11:00:00,MHImain,HKFE,24993.0,25017.0,24851.0,24923.0,24185.0,602814300.0,0.0
2021-11-22 17:15:00,MHImain,HKFE,24921.0,24922.0,24858.0,24866.0,3096.0,77053496.0,0.0
2021-11-22 21:15:00,MHImain,HKFE,24867.0,24913.0,24674.0,24704.0,10465.0,259681160.0,0.0
2021-11-23 01:15:00,MHImain,HKFE,24708.0,24797.0,24600.0,24696.0,29215.0,720927254.0,0.0
2021-11-23 11:00:00,MHImain,HKFE,24695.0,24799.0,24562.0,24567.0,29621.0,730679056.0,0.0
2021-11-23 17:15:00,MHImain,HKFE,24569.0,24638.0,24564.0,24629.0,5142.0,126518739.0,0.0
2021-11-23 21:15:00,MHImain,HKFE,24632.0,24701.0,24533.0,24550.0,10835.0,266702338.0,0.0
2021-11-24 01:15:00,MHImain,HKFE,24554.0,24712.0,24535.0,24610.0,29881.0,736004473.0,0.0
2021-11-24 11:00:00,MHImain,HKFE,24611.0,24854.0,24562.0,24690.0,36667.0,906466506.0,0.0
2021-11-24 17:15:00,MHImain,HKFE,24682.0,24717.0,24554.0,24625.0,7228.0,178010401.0,0.0
2021-11-24 21:15:00,MHImain,HKFE,24625.0,24667.0,24438.0,24594.0,15268.0,374791615.0,0.0
2021-11-25 01:15:00,MHImain,HKFE,24592.0,24707.0,24510.0,24635.0,28131.0,692161251.0,0.0
2021-11-25 11:00:00,MHImain,HKFE,24633.0,24765.0,24600.0,24744.0,23877.0,590024984.0,0.0
2021-11-25 17:15:00,MHImain,HKFE,24748.0,24753.0,24655.0,24680.0,3122.0,77090398.0,0.0
2021-11-25 21:15:00,MHImain,HKFE,24681.0,24715.0,24663.0,24714.0,2568.0,63395776.0,0.0
2021-11-26 01:15:00,MHImain,HKFE,24715.0,24720.0,24240.0,24248.0,28475.0,692925686.0,0.0
2021-11-26 11:00:00,MHImain,HKFE,24248.0,24272.0,24044.0,24085.0,35700.0,862125362.0,0.0
2021-11-26 17:15:00,MHImain,HKFE,24033.0,24087.0,23936.0,24011.0,3240.0,77837807.0,0.0
2021-11-26 21:15:00,MHImain,HKFE,24011.0,24034.0,23634.0,23730.0,7251.0,172670407.0,0.0
2021-11-27 01:15:00,MHImain,HKFE,23730.0,23850.0,23725.0,23760.0,1581.0,37601414.0,0.0
2021-11-29 01:15:00,MHImain,HKFE,23900.0,24133.0,23831.0,23841.0,29042.0,696614515.0,0.0
2021-11-29 11:00:00,MHImain,HKFE,23843.0,23944.0,23725.0,23738.0,34251.0,816130668.0,0.0
2021-11-29 17:15:00,MHImain,HKFE,23738.0,23790.0,23672.0,23750.0,6280.0,149099356.0,0.0
2021-11-29 21:15:00,MHImain,HKFE,23748.0,23820.0,23634.0,23724.0,11250.0,266692997.0,0.0
2021-11-30 01:15:00,MHImain,HKFE,23722.0,23858.0,23471.0,23537.0,37666.0,891391296.0,0.0
2021-11-30 11:00:00,MHImain,HKFE,23538.0,23585.0,23106.0,23471.0,57991.0,1354161591.0,0.0
2021-11-30 17:15:00,MHImain,HKFE,23467.0,23532.0,23332.0,23494.0,9722.0,227794963.0,0.0
2021-11-30 21:15:00,MHImain,HKFE,23496.0,23628.0,23260.0,23331.0,21899.0,513690056.0,0.0
2021-12-01 01:15:00,MHImain,HKFE,23332.0,23838.0,23331.0,23818.0,36061.0,853787323.0,0.0
2021-12-01 11:00:00,MHImain,HKFE,23814.0,23871.0,23546.0,23597.0,32059.0,760070532.0,0.0
2021-12-01 17:15:00,MHImain,HKFE,23598.0,23725.0,23598.0,23647.0,5849.0,138424611.0,0.0
2021-12-01 21:15:00,MHImain,HKFE,23648.0,23824.0,23609.0,23717.0,13151.0,311837893.0,0.0
2021-12-02 01:15:00,MHImain,HKFE,23716.0,23784.0,23448.0,23746.0,35980.0,850760930.0,0.0
2021-12-02 11:00:00,MHImain,HKFE,23747.0,23802.0,23632.0,23744.0,29846.0,707960234.0,0.0
2021-12-02 17:15:00,MHImain,HKFE,23748.0,23802.0,23630.0,23680.0,7926.0,187895431.0,0.0
2021-12-02 21:15:00,MHImain,HKFE,23675.0,23844.0,23616.0,23824.0,17353.0,411867241.0,0.0
2021-12-03 01:15:00,MHImain,HKFE,23820.0,23848.0,23402.0,23541.0,37873.0,891627916.0,0.0
2021-12-03 11:00:00,MHImain,HKFE,23540.0,23845.0,23479.0,23784.0,39856.0,943798205.0,0.0
2021-12-03 17:15:00,MHImain,HKFE,23784.0,23816.0,23715.0,23780.0,6121.0,145483503.0,0.0
2021-12-03 21:15:00,MHImain,HKFE,23778.0,23843.0,23320.0,23393.0,29821.0,700492495.0,0.0
2021-12-04 01:15:00,MHImain,HKFE,23392.0,23451.0,23362.0,23372.0,3319.0,77689839.0,0.0
2021-12-06 01:15:00,MHImain,HKFE,23401.0,23618.0,23347.0,23483.0,36552.0,858664596.0,0.0
2021-12-06 11:00:00,MHImain,HKFE,23485.0,23535.0,23302.0,23326.0,32768.0,766886688.0,0.0
2021-12-06 17:15:00,MHImain,HKFE,23333.0,23424.0,23242.0,23319.0,8832.0,205923831.0,0.0
2021-12-06 21:15:00,MHImain,HKFE,23319.0,23678.0,23295.0,23663.0,21357.0,501979644.0,0.0
2021-12-07 01:15:00,MHImain,HKFE,23661.0,23762.0,23501.0,23617.0,37241.0,879517780.0,0.0
2021-12-07 11:00:00,MHImain,HKFE,23616.0,24029.0,23612.0,24013.0,42848.0,1021488231.0,0.0
2021-12-07 17:15:00,MHImain,HKFE,24018.0,24138.0,24007.0,24104.0,7488.0,180332873.0,0.0
2021-12-07 21:15:00,MHImain,HKFE,24103.0,24150.0,24024.0,24096.0,11449.0,275743060.0,0.0
2021-12-08 01:15:00,MHImain,HKFE,24095.0,24131.0,23901.0,24035.0,32912.0,790017331.0,0.0
2021-12-08 11:00:00,MHImain,HKFE,24037.0,24055.0,23923.0,24001.0,24856.0,596179720.0,0.0
2021-12-08 17:15:00,MHImain,HKFE,23990.0,24075.0,23940.0,24011.0,6527.0,156728138.0,0.0
2021-12-08 21:15:00,MHImain,HKFE,24009.0,24188.0,23955.0,24178.0,10868.0,261550640.0,0.0
2021-12-09 01:15:00,MHImain,HKFE,24180.0,24330.0,24143.0,24291.0,33842.0,820393811.0,0.0
2021-12-09 11:00:00,MHImain,HKFE,24292.0,24334.0,24152.0,24152.0,26835.0,650332434.0,0.0
2021-12-09 17:15:00,MHImain,HKFE,24151.0,24170.0,24022.0,24025.0,6480.0,156121388.0,0.0
2021-12-09 21:15:00,MHImain,HKFE,24026.0,24174.0,24017.0,24106.0,10493.0,252940957.0,0.0
2021-12-10 01:15:00,MHImain,HKFE,24106.0,24222.0,23970.0,24124.0,29356.0,708612997.0,0.0
2021-12-10 11:00:00,MHImain,HKFE,24125.0,24160.0,23910.0,23976.0,28582.0,687041030.0,0.0
2021-12-10 17:15:00,MHImain,HKFE,23998.0,24088.0,23977.0,24036.0,4556.0,109521977.0,0.0
2021-12-10 21:15:00,MHImain,HKFE,24035.0,24135.0,24012.0,24060.0,11435.0,275267635.0,0.0
2021-12-11 01:15:00,MHImain,HKFE,24060.0,24084.0,24046.0,24058.0,903.0,21727921.0,0.0
2021-12-13 01:15:00,MHImain,HKFE,24200.0,24391.0,24145.0,24216.0,30423.0,738594223.0,0.0
2021-12-13 11:00:00,MHImain,HKFE,24215.0,24254.0,23930.0,24016.0,34116.0,821519473.0,0.0
2021-12-13 17:15:00,MHImain,HKFE,24020.0,24037.0,23962.0,23974.0,3274.0,78539877.0,0.0
2021-12-13 21:15:00,MHImain,HKFE,23976.0,23998.0,23685.0,23728.0,13701.0,326352502.0,0.0
2021-12-14 01:15:00,MHImain,HKFE,23729.0,23813.0,23613.0,23650.0,31551.0,748386004.0,0.0
2021-12-14 11:00:00,MHImain,HKFE,23649.0,23693.0,23553.0,23595.0,27366.0,646556752.0,0.0
2021-12-14 17:15:00,MHImain,HKFE,23618.0,23618.0,23456.0,23551.0,7310.0,171975182.0,0.0
2021-12-14 21:15:00,MHImain,HKFE,23552.0,23702.0,23445.0,23594.0,17680.0,416892341.0,0.0
2021-12-15 01:15:00,MHImain,HKFE,23588.0,23745.0,23551.0,23681.0,31049.0,734836031.0,0.0
2021-12-15 11:00:00,MHImain,HKFE,23682.0,23723.0,23325.0,23400.0,34520.0,811416015.0,0.0
2021-12-15 17:15:00,MHImain,HKFE,23414.0,23414.0,23350.0,23368.0,3732.0,87236915.0,0.0
2021-12-15 21:15:00,MHImain,HKFE,23369.0,23402.0,23069.0,23097.0,15665.0,363487499.0,0.0
2021-12-16 01:15:00,MHImain,HKFE,23095.0,23375.0,23090.0,23242.0,37214.0,865652967.0,0.0
2021-12-16 11:00:00,MHImain,HKFE,23243.0,23532.0,23221.0,23480.0,31841.0,744237112.0,0.0
2021-12-16 17:15:00,MHImain,HKFE,23496.0,23593.0,23467.0,23572.0,5221.0,122893184.0,0.0
2021-12-16 21:15:00,MHImain,HKFE,23572.0,23695.0,23459.0,23470.0,17575.0,414493240.0,0.0
2021-12-17 01:15:00,MHImain,HKFE,23468.0,23555.0,23244.0,23324.0,30620.0,715734848.0,0.0
2021-12-17 11:00:00,MHImain,HKFE,23324.0,23324.0,23124.0,23147.0,34229.0,794698066.0,0.0
2021-12-17 17:15:00,MHImain,HKFE,23160.0,23160.0,22991.0,23073.0,9825.0,226682532.0,0.0
2021-12-17 21:15:00,MHImain,HKFE,23074.0,23257.0,23013.0,23175.0,17508.0,404736176.0,0.0
2021-12-18 01:15:00,MHImain,HKFE,23174.0,23233.0,23156.0,23229.0,2190.0,50794045.0,0.0
2021-12-20 01:15:00,MHImain,HKFE,23118.0,23176.0,22904.0,22919.0,32692.0,753490026.0,0.0
2021-12-20 11:00:00,MHImain,HKFE,22918.0,22973.0,22665.0,22781.0,41142.0,938491887.0,0.0
2021-12-20 17:15:00,MHImain,HKFE,22781.0,22883.0,22701.0,22840.0,6370.0,145378240.0,0.0
2021-12-20 21:15:00,MHImain,HKFE,22843.0,22898.0,22728.0,22760.0,11715.0,267276895.0,0.0
2021-12-21 01:15:00,MHImain,HKFE,22761.0,22928.0,22745.0,22773.0,28931.0,661000492.0,0.0
2021-12-21 11:00:00,MHImain,HKFE,22775.0,23087.0,22771.0,22915.0,32363.0,742571396.0,0.0
2021-12-21 17:15:00,MHImain,HKFE,22929.0,22985.0,22905.0,22977.0,3133.0,71901660.0,0.0
2021-12-21 21:15:00,MHImain,HKFE,22979.0,23163.0,22935.0,23159.0,12105.0,279124656.0,0.0
2021-12-22 01:15:00,MHImain,HKFE,23157.0,23249.0,23035.0,23064.0,31223.0,722834476.0,0.0
2021-12-22 11:00:00,MHImain,HKFE,23062.0,23125.0,22980.0,23098.0,27649.0,637146838.0,0.0
2021-12-22 17:15:00,MHImain,HKFE,23090.0,23165.0,23090.0,23136.0,2921.0,67572531.0,0.0
2021-12-22 21:15:00,MHImain,HKFE,23136.0,23220.0,23032.0,23185.0,10842.0,250874071.0,0.0
2021-12-23 01:15:00,MHImain,HKFE,23186.0,23262.0,23026.0,23207.0,31774.0,735839863.0,0.0
2021-12-23 11:00:00,MHImain,HKFE,23204.0,23236.0,23115.0,23216.0,21803.0,505340264.0,0.0
2021-12-23 17:15:00,MHImain,HKFE,23225.0,23228.0,23187.0,23209.0,2393.0,55528826.0,0.0
2021-12-23 21:15:00,MHImain,HKFE,23206.0,23320.0,23164.0,23305.0,7952.0,184803073.0,0.0
2021-12-24 01:15:00,MHImain,HKFE,23304.0,23410.0,23192.0,23237.0,24762.0,576427738.0,0.0
2021-12-24 11:00:00,MHImain,HKFE,23236.0,23267.0,23223.0,23253.0,4558.0,105946732.0,0.0
2021-12-24 17:15:00,MHImain,HKFE,23220.0,23220.0,23220.0,23220.0,0.0,0.0,0.0
2021-12-24 21:15:00,MHImain,HKFE,23220.0,23220.0,23220.0,23220.0,0.0,0.0,0.0
2021-12-25 01:15:00,MHImain,HKFE,23220.0,23220.0,23220.0,23220.0,0.0,0.0,0.0
2021-12-28 01:15:00,MHImain,HKFE,23318.0,23344.0,23105.0,23224.0,26272.0,609956173.0,0.0
2021-12-28 11:00:00,MHImain,HKFE,23225.0,23376.0,23196.0,23363.0,21473.0,499696832.0,0.0
2021-12-28 17:15:00,MHImain,HKFE,23362.0,23382.0,23341.0,23366.0,2202.0,51442000.0,0.0
2021-12-28 21:15:00,MHImain,HKFE,23367.0,23374.0,23239.0,23275.0,5569.0,129789252.0,0.0
2021-12-29 01:15:00,MHImain,HKFE,23269.0,23324.0,23092.0,23132.0,19383.0,449068196.0,0.0
2021-12-29 11:00:00,MHImain,HKFE,23132.0,23145.0,23015.0,23065.0,15470.0,356933370.0,0.0
2021-12-29 17:15:00,MHImain,HKFE,23076.0,23093.0,23054.0,23080.0,1528.0,35259585.0,0.0
2021-12-29 21:15:00,MHImain,HKFE,23080.0,23119.0,22928.0,23008.0,6048.0,139280619.0,0.0
2021-12-30 01:15:00,MHImain,HKFE,23010.0,23242.0,23003.0,23178.0,20723.0,479833200.0,0.0
2021-12-30 11:00:00,MHImain,HKFE,23178.0,23194.0,22968.0,23145.0,25683.0,592851454.0,0.0
2021-12-30 17:15:00,MHImain,HKFE,23128.0,23155.0,23098.0,23127.0,2223.0,51410540.0,0.0
2021-12-30 21:15:00,MHImain,HKFE,23128.0,23479.0,23106.0,23474.0,14738.0,343987173.0,0.0
2021-12-31 01:15:00,MHImain,HKFE,23472.0,23607.0,23465.0,23513.0,25970.0,611068544.0,0.0
2021-12-31 11:00:00,MHImain,HKFE,23513.0,23531.0,23375.0,23423.0,7589.0,177874182.0,0.0
2021-12-31 17:15:00,MHImain,HKFE,23458.0,23458.0,23458.0,23458.0,0.0,0.0,0.0
2022-01-03 01:15:00,MHImain,HKFE,23476.0,23623.0,23300.0,23339.0,27029.0,633205229.0,0.0
2022-01-03 11:00:00,MHImain,HKFE,23338.0,23338.0,23173.0,23250.0,23437.0,544727094.0,0.0
2022-01-03 17:15:00,MHImain,HKFE,23227.0,23303.0,23227.0,23283.0,2522.0,58716150.0,0.0
2022-01-03 21:15:00,MHImain,HKFE,23280.0,23343.0,23134.0,23323.0,14783.0,343597581.0,0.0
2022-01-04 01:15:00,MHImain,HKFE,23325.0,23434.0,23162.0,23215.0,29524.0,687923973.0,0.0
2022-01-04 11:00:00,MHImain,HKFE,23215.0,23369.0,23140.0,23304.0,29038.0,675396279.0,0.0
2022-01-04 17:15:00,MHImain,HKFE,23305.0,23367.0,23298.0,23349.0,3891.0,90799852.0,0.0
2022-01-04 21:15:00,MHImain,HKFE,23349.0,23394.0,23239.0,23293.0,12487.0,291196404.0,0.0
2022-01-05 01:15:00,MHImain,HKFE,23293.0,23329.0,23002.0,23197.0,38247.0,885347089.0,0.0
2022-01-05 11:00:00,MHImain,HKFE,23196.0,23211.0,22864.0,22910.0,40414.0,929658942.0,0.0
2022-01-05 17:15:00,MHImain,HKFE,22911.0,22968.0,22904.0,22934.0,3660.0,83955518.0,0.0
2022-01-05 21:15:00,MHImain,HKFE,22933.0,23190.0,22912.0,23124.0,17814.0,411451366.0,0.0
2022-01-06 01:15:00,MHImain,HKFE,23128.0,23148.0,22710.0,22780.0,41458.0,948614753.0,0.0
2022-01-06 11:00:00,MHImain,HKFE,22777.0,23090.0,22745.0,22997.0,41390.0,947429154.0,0.0
2022-01-06 17:15:00,MHImain,HKFE,23010.0,23084.0,22988.0,23068.0,4602.0,106045431.0,0.0
2022-01-06 21:15:00,MHImain,HKFE,23070.0,23241.0,23028.0,23192.0,21099.0,488280237.0,0.0
2022-01-07 01:15:00,MHImain,HKFE,23192.0,23332.0,23140.0,23251.0,38378.0,890845131.0,0.0
2022-01-07 11:00:00,MHImain,HKFE,23249.0,23512.0,23221.0,23474.0,43755.0,1023869774.0,0.0
2022-01-07 17:15:00,MHImain,HKFE,23470.0,23542.0,23465.0,23478.0,4809.0,113038848.0,0.0
2022-01-07 21:15:00,MHImain,HKFE,23478.0,23645.0,23445.0,23585.0,22725.0,535069879.0,0.0
2022-01-08 01:15:00,MHImain,HKFE,23590.0,23596.0,23534.0,23564.0,1860.0,43824412.0,0.0
2022-01-10 01:15:00,MHImain,HKFE,23510.0,23714.0,23401.0,23684.0,36640.0,864018075.0,0.0
2022-01-10 11:00:00,MHImain,HKFE,23684.0,23792.0,23626.0,23669.0,32067.0,759993210.0,0.0
2022-01-10 17:15:00,MHImain,HKFE,23687.0,23723.0,23586.0,23592.0,5373.0,127107033.0,0.0
2022-01-10 21:15:00,MHImain,HKFE,23592.0,23705.0,23455.0,23544.0,18708.0,440805549.0,0.0
2022-01-11 01:15:00,MHImain,HKFE,23544.0,23808.0,23498.0,23772.0,38387.0,908254978.0,0.0
2022-01-11 11:00:00,MHImain,HKFE,23775.0,23852.0,23561.0,23695.0,36404.0,863702031.0,0.0
2022-01-11 17:15:00,MHImain,HKFE,23724.0,23795.0,23715.0,23724.0,4483.0,106503621.0,0.0
2022-01-11 21:15:00,MHImain,HKFE,23728.0,23984.0,23661.0,23978.0,19583.0,467053968.0,0.0
2022-01-12 01:15:00,MHImain,HKFE,23979.0,24187.0,23943.0,24172.0,31333.0,755078101.0,0.0
2022-01-12 11:00:00,MHImain,HKFE,24175.0,24398.0,24158.0,24319.0,33858.0,822492238.0,0.0
2022-01-12 17:15:00,MHImain,HKFE,24327.0,24444.0,24315.0,24426.0,5734.0,139901652.0,0.0
2022-01-12 21:15:00,MHImain,HKFE,24427.0,24568.0,24361.0,24486.0,18719.0,458071258.0,0.0
2022-01-13 01:15:00,MHImain,HKFE,24487.0,24540.0,24373.0,24454.0,31485.0,770220293.0,0.0
2022-01-13 11:00:00,MHImain,HKFE,24452.0,24485.0,24296.0,24465.0,32606.0,794936677.0,0.0
2022-01-13 17:15:00,MHImain,HKFE,24456.0,24472.0,24404.0,24426.0,3338.0,81573731.0,0.0
2022-01-13 21:15:00,MHImain,HKFE,24426.0,24484.0,24301.0,24380.0,13468.0,328489268.0,0.0
2022-01-14 01:15:00,MHImain,HKFE,24380.0,24380.0,24146.0,24232.0,32181.0,780227684.0,0.0
2022-01-14 11:00:00,MHImain,HKFE,24232.0,24388.0,24163.0,24380.0,31791.0,771661148.0,0.0
2022-01-14 17:15:00,MHImain,HKFE,24362.0,24448.0,24291.0,24314.0,5968.0,145482141.0,0.0
2022-01-14 21:15:00,MHImain,HKFE,24316.0,24467.0,24296.0,24347.0,13434.0,327740993.0,0.0
2022-01-15 01:15:00,MHImain,HKFE,24350.0,24383.0,24303.0,24373.0,1640.0,39913359.0,0.0
2022-01-17 01:15:00,MHImain,HKFE,24410.0,24414.0,24175.0,24228.0,29244.0,709693573.0,0.0
2022-01-17 11:00:00,MHImain,HKFE,24229.0,24261.0,24088.0,24184.0,29636.0,716537079.0,0.0
2022-01-17 17:15:00,MHImain,HKFE,24190.0,24253.0,24183.0,24220.0,3680.0,89167132.0,0.0
2022-01-17 21:15:00,MHImain,HKFE,24219.0,24261.0,24213.0,24236.0,2985.0,72342125.0,0.0
2022-01-18 01:15:00,MHImain,HKFE,24236.0,24383.0,24187.0,24365.0,29845.0,725298004.0,0.0
2022-01-18 11:00:00,MHImain,HKFE,24366.0,24373.0,24011.0,24036.0,39251.0,947132252.0,0.0
2022-01-18 17:15:00,MHImain,HKFE,24034.0,24034.0,23926.0,23975.0,7923.0,189954566.0,0.0
2022-01-18 21:15:00,MHImain,HKFE,23970.0,24149.0,23929.0,24123.0,13966.0,335867397.0,0.0
2022-01-19 01:15:00,MHImain,HKFE,24123.0,24274.0,24056.0,24185.0,34007.0,822116298.0,0.0
2022-01-19 11:00:00,MHImain,HKFE,24187.0,24188.0,23942.0,24079.0,34919.0,839746528.0,0.0
2022-01-19 17:15:00,MHImain,HKFE,24088.0,24354.0,24088.0,24347.0,8674.0,210454356.0,0.0
2022-01-19 21:15:00,MHImain,HKFE,24347.0,24400.0,24220.0,24362.0,16986.0,412911328.0,0.0
2022-01-20 01:15:00,MHImain,HKFE,24361.0,24600.0,24216.0,24584.0,37709.0,921411757.0,0.0
2022-01-20 11:00:00,MHImain,HKFE,24583.0,24988.0,24561.0,24985.0,43155.0,1069973771.0,0.0
2022-01-20 17:15:00,MHImain,HKFE,24979.0,25119.0,24936.0,25079.0,9868.0,247179816.0,0.0
2022-01-20 21:15:00,MHImain,HKFE,25079.0,25242.0,25011.0,25218.0,16426.0,412640821.0,0.0
2022-01-21 01:15:00,MHImain,HKFE,25219.0,25224.0,24808.0,24882.0,38716.0,964297021.0,0.0
2022-01-21 11:00:00,MHImain,HKFE,24885.0,24957.0,24734.0,24908.0,37707.0,936382424.0,0.0
2022-01-21 17:15:00,MHImain,HKFE,24902.0,25031.0,24901.0,24937.0,7167.0,179083023.0,0.0
2022-01-21 21:15:00,MHImain,HKFE,24937.0,24975.0,24691.0,24762.0,21640.0,537014655.0,0.0
2022-01-22 01:15:00,MHImain,HKFE,24758.0,24776.0,24683.0,24688.0,3128.0,77339742.0,0.0
2022-01-24 01:15:00,MHImain,HKFE,24679.0,24760.0,24580.0,24651.0,31863.0,786389709.0,0.0
2022-01-24 11:00:00,MHImain,HKFE,24652.0,24791.0,24590.0,24663.0,27402.0,676477603.0,0.0
2022-01-24 17:15:00,MHImain,HKFE,24660.0,24660.0,24396.0,24405.0,12306.0,301321123.0,0.0
2022-01-24 21:15:00,MHImain,HKFE,24406.0,24417.0,24010.0,24023.0,29868.0,723613941.0,0.0
2022-01-25 01:15:00,MHImain,HKFE,24023.0,24348.0,23998.0,24329.0,41555.0,1006478664.0,0.0
2022-01-25 11:00:00,MHImain,HKFE,24331.0,24358.0,23996.0,24233.0,41718.0,1010085672.0,0.0
2022-01-25 17:15:00,MHImain,HKFE,24290.0,24356.0,24192.0,24223.0,8347.0,202717996.0,0.0
2022-01-25 21:15:00,MHImain,HKFE,24223.0,24402.0,24174.0,24279.0,19637.0,476750890.0,0.0
2022-01-26 01:15:00,MHImain,HKFE,24282.0,24477.0,24227.0,24330.0,29783.0,725997591.0,0.0
2022-01-26 11:00:00,MHImain,HKFE,24329.0,24375.0,24121.0,24316.0,33038.0,800969593.0,0.0
2022-01-26 17:15:00,MHImain,HKFE,24317.0,24486.0,24317.0,24476.0,6372.0,155654703.0,0.0
2022-01-26 21:15:00,MHImain,HKFE,24478.0,24508.0,24229.0,24303.0,13101.0,318854241.0,0.0
2022-01-27 01:15:00,MHImain,HKFE,24294.0,24324.0,23734.0,23785.0,33155.0,791068531.0,0.0
2022-01-27 11:00:00,MHImain,HKFE,23785.0,23876.0,23568.0,23838.0,34735.0,823453185.0,0.0
2022-01-27 17:15:00,MHImain,HKFE,23838.0,24016.0,23838.0,23937.0,6306.0,150905105.0,0.0
2022-01-27 21:15:00,MHImain,HKFE,23937.0,24001.0,23852.0,23912.0,7772.0,186092856.0,0.0
2022-01-28 01:15:00,MHImain,HKFE,23914.0,23917.0,23503.0,23674.0,31744.0,751373019.0,0.0
2022-01-28 11:00:00,MHImain,HKFE,23674.0,23683.0,23389.0,23419.0,34940.0,822720105.0,0.0
2022-01-28 17:15:00,MHImain,HKFE,23438.0,23472.0,23272.0,23305.0,7921.0,185157645.0,0.0
2022-01-28 21:15:00,MHImain,HKFE,23307.0,23565.0,23305.0,23538.0,17634.0,412992277.0,0.0
2022-01-29 01:15:00,MHImain,HKFE,23540.0,23557.0,23456.0,23485.0,2493.0,58565584.0,0.0
2022-01-31 01:15:00,MHImain,HKFE,23580.0,23790.0,23425.0,23776.0,24279.0,573126699.0,0.0
2022-01-31 11:00:00,MHImain,HKFE,23778.0,23957.0,23760.0,23821.0,9136.0,217983601.0,0.0
2022-01-31 17:15:00,MHImain,HKFE,23858.0,23858.0,23858.0,23858.0,0.0,0.0,0.0
2022-01-31 21:15:00,MHImain,HKFE,23858.0,23858.0,23858.0,23858.0,0.0,0.0,0.0
2022-02-01 01:15:00,MHImain,HKFE,23858.0,23858.0,23858.0,23858.0,0.0,0.0,0.0
2022-02-04 01:15:00,MHImain,HKFE,24234.0,24419.0,24105.0,24379.0,30252.0,734228779.0,0.0
2022-02-04 11:00:00,MHImain,HKFE,24380.0,24604.0,24366.0,24539.0,28497.0,698540316.0,0.0
2022-02-04 17:15:00,MHImain,HKFE,24526.0,24564.0,24454.0,24497.0,5755.0,141025698.0,0.0
2022-02-04 21:15:00,MHImain,HKFE,24494.0,24604.0,24389.0,24545.0,15738.0,385435214.0,0.0
2022-02-05 01:15:00,MHImain,HKFE,24545.0,24588.0,24501.0,24582.0,1795.0,44067001.0,0.0
2022-02-07 01:15:00,MHImain,HKFE,24498.0,24583.0,24338.0,24385.0,30181.0,737753611.0,0.0
2022-02-07 11:00:00,MHImain,HKFE,24385.0,24546.0,24334.0,24458.0,31442.0,768931666.0,0.0
2022-02-07 17:15:00,MHImain,HKFE,24470.0,24551.0,24428.0,24541.0,4418.0,108199973.0,0.0
2022-02-07 21:15:00,MHImain,HKFE,24541.0,24563.0,24457.0,24501.0,9581.0,234850121.0,0.0
2022-02-08 01:15:00,MHImain,HKFE,24498.0,24574.0,24253.0,24281.0,29532.0,720573262.0,0.0
2022-02-08 11:00:00,MHImain,HKFE,24281.0,24400.0,24132.0,24332.0,36155.0,877063437.0,0.0
2022-02-08 17:15:00,MHImain,HKFE,24333.0,24481.0,24333.0,24423.0,7252.0,177083937.0,0.0
2022-02-08 21:15:00,MHImain,HKFE,24421.0,24741.0,24402.0,24718.0,16001.0,394072981.0,0.0
2022-02-09 01:15:00,MHImain,HKFE,24717.0,24847.0,24676.0,24728.0,28801.0,712982755.0,0.0
2022-02-09 11:00:00,MHImain,HKFE,24726.0,24902.0,24722.0,24826.0,29243.0,725559354.0,0.0
2022-02-09 17:15:00,MHImain,HKFE,24836.0,24898.0,24836.0,24890.0,3373.0,83900826.0,0.0
2022-02-09 21:15:00,MHImain,HKFE,24885.0,25089.0,24864.0,25024.0,11589.0,289526334.0,0.0
2022-02-10 01:15:00,MHImain,HKFE,25022.0,25058.0,24722.0,24744.0,28959.0,719469600.0,0.0
2022-02-10 11:00:00,MHImain,HKFE,24743.0,25011.0,24648.0,24990.0,32560.0,807504862.0,0.0
2022-02-10 17:15:00,MHImain,HKFE,24982.0,25028.0,24913.0,25017.0,5048.0,126031406.0,0.0
2022-02-10 21:15:00,MHImain,HKFE,25013.0,25152.0,24759.0,25076.0,23262.0,580560219.0,0.0
2022-02-11 01:15:00,MHImain,HKFE,25070.0,25088.0,24732.0,24898.0,33726.0,838129776.0,0.0
2022-02-11 11:00:00,MHImain,HKFE,24899.0,24938.0,24737.0,24858.0,34988.0,868593684.0,0.0
2022-02-11 17:15:00,MHImain,HKFE,24850.0,24958.0,24798.0,24927.0,5599.0,139289456.0,0.0
2022-02-11 21:15:00,MHImain,HKFE,24929.0,25011.0,24876.0,24966.0,14464.0,360774362.0,0.0
2022-02-12 01:15:00,MHImain,HKFE,24968.0,24972.0,24726.0,24768.0,3677.0,91339736.0,0.0
2022-02-14 01:15:00,MHImain,HKFE,24680.0,24738.0,24476.0,24631.0,32724.0,804833875.0,0.0
2022-02-14 11:00:00,MHImain,HKFE,24630.0,24654.0,24433.0,24447.0,30512.0,749265582.0,0.0
2022-02-14 17:15:00,MHImain,HKFE,24437.0,24635.0,24329.0,24544.0,11665.0,285401138.0,0.0
2022-02-14 21:15:00,MHImain,HKFE,24545.0,24578.0,24365.0,24456.0,16655.0,407240404.0,0.0
2022-02-15 01:15:00,MHImain,HKFE,24460.0,24565.0,24340.0,24432.0,28850.0,706319146.0,0.0
2022-02-15 11:00:00,MHImain,HKFE,24431.0,24523.0,24215.0,24500.0,37803.0,919632701.0,0.0
2022-02-15 17:15:00,MHImain,HKFE,24505.0,24565.0,24461.0,24544.0,6566.0,161036212.0,0.0
2022-02-15 21:15:00,MHImain,HKFE,24542.0,24657.0,24492.0,24630.0,12694.0,311982956.0,0.0
2022-02-16 01:15:00,MHImain,HKFE,24630.0,24735.0,24528.0,24681.0,30525.0,751745285.0,0.0
2022-02-16 11:00:00,MHImain,HKFE,24680.0,24746.0,24597.0,24717.0,27193.0,670781927.0,0.0
2022-02-16 17:15:00,MHImain,HKFE,24705.0,24726.0,24625.0,24640.0,5303.0,130799571.0,0.0
2022-02-16 21:15:00,MHImain,HKFE,24639.0,24732.0,24581.0,24722.0,11433.0,281947959.0,0.0
2022-02-17 01:15:00,MHImain,HKFE,24720.0,24872.0,24680.0,24795.0,28775.0,712638203.0,0.0
2022-02-17 11:00:00,MHImain,HKFE,24795.0,24825.0,24516.0,24709.0,38742.0,956201292.0,0.0
2022-02-17 17:15:00,MHImain,HKFE,24713.0,24776.0,24676.0,24731.0,5115.0,126453444.0,0.0
2022-02-17 21:15:00,MHImain,HKFE,24731.0,24808.0,24655.0,24709.0,15085.0,373005050.0,0.0
2022-02-18 01:15:00,MHImain,HKFE,24706.0,24765.0,24551.0,24708.0,27532.0,679376559.0,0.0
2022-02-18 11:00:00,MHImain,HKFE,24708.0,24738.0,24275.0,24320.0,45315.0,1111404267.0,0.0
2022-02-18 17:15:00,MHImain,HKFE,24298.0,24391.0,24261.0,24323.0,6221.0,151395353.0,0.0
2022-02-18 21:15:00,MHImain,HKFE,24323.0,24335.0,24102.0,24140.0,19128.0,463092948.0,0.0
2022-02-19 01:15:00,MHImain,HKFE,24139.0,24171.0,24077.0,24140.0,3204.0,77305032.0,0.0
2022-02-21 01:15:00,MHImain,HKFE,24138.0,24230.0,24034.0,24166.0,28671.0,692554383.0,0.0
2022-02-21 11:00:00,MHImain,HKFE,24167.0,24206.0,23998.0,24170.0,36945.0,891699823.0,0.0
2022-02-21 17:15:00,MHImain,HKFE,24169.0,24169.0,23991.0,24031.0,7661.0,184341558.0,0.0
2022-02-21 21:15:00,MHImain,HKFE,24033.0,24097.0,23956.0,24012.0,10673.0,256479342.0,0.0
2022-02-22 01:15:00,MHImain,HKFE,24013.0,24037.0,23409.0,23438.0,42616.0,1007734737.0,0.0
2022-02-22 11:00:00,MHImain,HKFE,23438.0,23608.0,23346.0,23588.0,46487.0,1090190662.0,0.0
2022-02-22 17:15:00,MHImain,HKFE,23583.0,23735.0,23568.0,23615.0,10233.0,242037797.0,0.0
2022-02-22 21:15:00,MHImain,HKFE,23616.0,23722.0,23574.0,23582.0,11854.0,280417401.0,0.0
2022-02-23 01:15:00,MHImain,HKFE,23583.0,23703.0,23492.0,23658.0,30571.0,721979973.0,0.0
2022-02-23 11:00:00,MHImain,HKFE,23660.0,23744.0,23613.0,23680.0,27141.0,642571681.0,0.0
2022-02-23 17:15:00,MHImain,HKFE,23680.0,23722.0,23591.0,23667.0,4952.0,117143440.0,0.0
2022-02-23 21:15:00,MHImain,HKFE,23664.0,23700.0,23386.0,23448.0,12712.0,299132363.0,0.0
2022-02-24 01:15:00,MHImain,HKFE,23449.0,23487.0,23130.0,23172.0,32625.0,759872602.0,0.0
2022-02-24 11:00:00,MHImain,HKFE,23166.0,23178.0,22801.0,22888.0,54442.0,1249199693.0,0.0
2022-02-24 17:15:00,MHImain,HKFE,22820.0,22850.0,22451.0,22455.0,10077.0,227786675.0,0.0
2022-02-24 21:15:00,MHImain,HKFE,22455.0,22630.0,22391.0,22511.0,12833.0,288839562.0,0.0
2022-02-25 01:15:00,MHImain,HKFE,22510.0,22961.0,22480.0,22754.0,29409.0,671423007.0,0.0
2022-02-25 11:00:00,MHImain,HKFE,22752.0,22831.0,22622.0,22643.0,31648.0,718882523.0,0.0
2022-02-25 17:15:00,MHImain,HKFE,22632.0,22849.0,22575.0,22820.0,10008.0,227155902.0,0.0
2022-02-25 21:15:00,MHImain,HKFE,22823.0,22932.0,22695.0,22907.0,18107.0,413420130.0,0.0
2022-02-26 01:15:00,MHImain,HKFE,22906.0,22960.0,22875.0,22960.0,2544.0,58314914.0,0.0
2022-02-28 01:15:00,MHImain,HKFE,22674.0,22744.0,22334.0,22365.0,38532.0,868102245.0,0.0
2022-02-28 11:00:00,MHImain,HKFE,22366.0,22698.0,22339.0,22668.0,38081.0,857326293.0,0.0
2022-02-28 17:15:00,MHImain,HKFE,22670.0,22697.0,22453.0,22591.0,10019.0,226007921.0,0.0
2022-02-28 21:15:00,MHImain,HKFE,22591.0,22742.0,22528.0,22659.0,13181.0,298240383.0,0.0
2022-03-01 01:15:00,MHImain,HKFE,22658.0,22760.0,22544.0,22648.0,31269.0,707682745.0,0.0
2022-03-01 11:00:00,MHImain,HKFE,22646.0,22866.0,22514.0,22560.0,43571.0,988477244.0,0.0
2022-03-01 17:15:00,MHImain,HKFE,22555.0,22572.0,22396.0,22434.0,11160.0,250742124.0,0.0
2022-03-01 21:15:00,MHImain,HKFE,22434.0,22598.0,22331.0,22365.0,18918.0,425704569.0,0.0
2022-03-02 01:15:00,MHImain,HKFE,22362.0,22620.0,22333.0,22486.0,30947.0,695893128.0,0.0
2022-03-02 11:00:00,MHImain,HKFE,22484.0,22508.0,22220.0,22312.0,39217.0,876796331.0,0.0
2022-03-02 17:15:00,MHImain,HKFE,22330.0,22400.0,22252.0,22310.0,8647.0,193183911.0,0.0
2022-03-02 21:15:00,MHImain,HKFE,22310.0,22444.0,22226.0,22400.0,20393.0,455420220.0,0.0
2022-03-03 01:15:00,MHImain,HKFE,22401.0,22478.0,22285.0,22385.0,28449.0,636526013.0,0.0
2022-03-03 11:00:00,MHImain,HKFE,22386.0,22430.0,22300.0,22377.0,26926.0,602284796.0,0.0
2022-03-03 17:15:00,MHImain,HKFE,22365.0,22365.0,22251.0,22308.0,7435.0,165797112.0,0.0
2022-03-03 21:15:00,MHImain,HKFE,22308.0,22377.0,22011.0,22080.0,20230.0,448640643.0,0.0
2022-03-04 01:15:00,MHImain,HKFE,22079.0,22159.0,21723.0,21858.0,37223.0,813992638.0,0.0
2022-03-04 11:00:00,MHImain,HKFE,21859.0,21938.0,21756.0,21845.0,32652.0,712552689.0,0.0
2022-03-04 17:15:00,MHImain,HKFE,21828.0,21828.0,21630.0,21672.0,12256.0,265930114.0,0.0
2022-03-04 21:15:00,MHImain,HKFE,21675.0,21758.0,21452.0,21568.0,22712.0,490527392.0,0.0
2022-03-05 01:15:00,MHImain,HKFE,21566.0,21616.0,21518.0,21526.0,4044.0,87265491.0,0.0
2022-03-07 01:15:00,MHImain,HKFE,21379.0,21395.0,20730.0,21087.0,45657.0,959353371.0,0.0
2022-03-07 11:00:00,MHImain,HKFE,21088.0,21267.0,20881.0,20890.0,49182.0,1036990797.0,0.0
2022-03-07 17:15:00,MHImain,HKFE,20937.0,21150.0,20872.0,21075.0,12643.0,265552351.0,0.0
2022-03-07 21:15:00,MHImain,HKFE,21075.0,21254.0,20952.0,20993.0,19836.0,418924818.0,0.0
2022-03-08 01:15:00,MHImain,HKFE,20986.0,21244.0,20882.0,20900.0,38364.0,808510442.0,0.0
2022-03-08 11:00:00,MHImain,HKFE,20896.0,21030.0,20565.0,20860.0,62108.0,1291091493.0,0.0
2022-03-08 17:15:00,MHImain,HKFE,20832.0,21065.0,20794.0,20884.0,13527.0,282932921.0,0.0
2022-03-08 21:15:00,MHImain,HKFE,20882.0,20964.0,20625.0,20942.0,24042.0,499578764.0,0.0
2022-03-09 01:15:00,MHImain,HKFE,20942.0,21057.0,20426.0,20480.0,44618.0,926603959.0,0.0
2022-03-09 11:00:00,MHImain,HKFE,20478.0,20658.0,20048.0,20515.0,79493.0,1616752238.0,0.0
2022-03-09 17:15:00,MHImain,HKFE,20557.0,20768.0,20545.0,20752.0,11848.0,244734670.0,0.0
2022-03-09 21:15:00,MHImain,HKFE,20751.0,20923.0,20674.0,20894.0,20146.0,419142149.0,0.0
2022-03-10 01:15:00,MHImain,HKFE,20893.0,21088.0,20815.0,20975.0,38439.0,805895179.0,0.0
2022-03-10 11:00:00,MHImain,HKFE,20973.0,21010.0,20685.0,20792.0,47610.0,990270626.0,0.0
2022-03-10 17:15:00,MHImain,HKFE,20805.0,20858.0,20558.0,20609.0,12877.0,266196862.0,0.0
2022-03-10 21:15:00,MHImain,HKFE,20609.0,20675.0,20242.0,20363.0,29517.0,602744771.0,0.0
2022-03-11 01:15:00,MHImain,HKFE,20364.0,20425.0,20137.0,20191.0,40146.0,813402321.0,0.0
2022-03-11 11:00:00,MHImain,HKFE,20191.0,20785.0,20064.0,20500.0,74541.0,1523067160.0,0.0
2022-03-11 17:15:00,MHImain,HKFE,20545.0,20725.0,20362.0,20626.0,20015.0,411579300.0,0.0
2022-03-11 21:15:00,MHImain,HKFE,20627.0,20668.0,20100.0,20138.0,26754.0,543547055.0,0.0
2022-03-12 01:15:00,MHImain,HKFE,20142.0,20200.0,20048.0,20065.0,3414.0,68711655.0,0.0
2022-03-14 01:15:00,MHImain,HKFE,20025.0,20228.0,19819.0,19868.0,45200.0,905104583.0,0.0
2022-03-14 11:00:00,MHImain,HKFE,19867.0,19960.0,19423.0,19593.0,86670.0,1706662463.0,0.0
2022-03-14 17:15:00,MHImain,HKFE,19600.0,19736.0,19504.0,19507.0,13853.0,271634324.0,0.0
2022-03-14 21:15:00,MHImain,HKFE,19505.0,19663.0,19206.0,19215.0,39952.0,776435738.0,0.0
2022-03-15 01:15:00,MHImain,HKFE,19213.0,19405.0,18575.0,19099.0,88677.0,1684777321.0,0.0
2022-03-15 11:00:00,MHImain,HKFE,19099.0,19176.0,18238.0,18308.0,100815.0,1878663145.0,0.0
2022-03-15 17:15:00,MHImain,HKFE,18349.0,18569.0,18136.0,18545.0,23213.0,425962434.0,0.0
2022-03-15 21:15:00,MHImain,HKFE,18546.0,19067.0,18423.0,18788.0,54142.0,1016310487.0,0.0
2022-03-16 01:15:00,MHImain,HKFE,18789.0,19071.0,18714.0,18720.0,49501.0,935194335.0,0.0
2022-03-16 11:00:00,MHImain,HKFE,18719.0,20241.0,18569.0,20120.0,126129.0,2471109600.0,0.0
2022-03-16 17:15:00,MHImain,HKFE,20142.0,20675.0,20105.0,20465.0,34310.0,701229972.0,0.0
2022-03-16 21:15:00,MHImain,HKFE,20464.0,20942.0,20296.0,20850.0,43015.0,889182310.0,0.0
2022-03-17 01:15:00,MHImain,HKFE,20848.0,21504.0,20711.0,21072.0,74312.0,1563862916.0,0.0
2022-03-17 11:00:00,MHImain,HKFE,21073.0,21546.0,21032.0,21473.0,74232.0,1578225855.0,0.0
2022-03-17 17:15:00,MHImain,HKFE,21450.0,21509.0,21222.0,21310.0,15661.0,333610273.0,0.0
2022-03-17 21:15:00,MHImain,HKFE,21310.0,21349.0,20872.0,21164.0,40146.0,847541996.0,0.0
2022-03-18 01:15:00,MHImain,HKFE,21167.0,21304.0,21063.0,21097.0,42211.0,893205106.0,0.0
2022-03-18 11:00:00,MHImain,HKFE,21096.0,21637.0,20917.0,21425.0,81655.0,1740381973.0,0.0
2022-03-18 17:15:00,MHImain,HKFE,21401.0,21458.0,21275.0,21302.0,10332.0,220719861.0,0.0
2022-03-18 21:15:00,MHImain,HKFE,21300.0,22211.0,21182.0,22122.0,59527.0,1294665952.0,0.0
2022-03-19 01:15:00,MHImain,HKFE,22125.0,22208.0,22060.0,22119.0,7552.0,167154111.0,0.0
2022-03-21 01:15:00,MHImain,HKFE,21950.0,21990.0,21353.0,21439.0,45904.0,988376867.0,0.0
2022-03-21 11:00:00,MHImain,HKFE,21439.0,21482.0,21071.0,21237.0,56047.0,1190164528.0,0.0
2022-03-21 17:15:00,MHImain,HKFE,21242.0,21530.0,21236.0,21530.0,8680.0,185527396.0,0.0
2022-03-21 21:15:00,MHImain,HKFE,21528.0,21595.0,21190.0,21300.0,32311.0,690891402.0,0.0
2022-03-22 01:15:00,MHImain,HKFE,21296.0,21492.0,21261.0,21447.0,38810.0,829880849.0,0.0
2022-03-22 11:00:00,MHImain,HKFE,21449.0,21963.0,21366.0,21924.0,58053.0,1257267716.0,0.0
2022-03-22 17:15:00,MHImain,HKFE,21930.0,22059.0,21907.0,22048.0,7567.0,166257578.0,0.0
2022-03-22 21:15:00,MHImain,HKFE,22047.0,22259.0,21980.0,22108.0,26162.0,578781947.0,0.0
2022-03-23 01:15:00,MHImain,HKFE,22109.0,22362.0,21956.0,22321.0,41797.0,925518325.0,0.0
2022-03-23 11:00:00,MHImain,HKFE,22323.0,22399.0,22039.0,22103.0,53351.0,1184482403.0,0.0
2022-03-23 17:15:00,MHImain,HKFE,22075.0,22075.0,21754.0,21810.0,13245.0,289646727.0,0.0
2022-03-23 21:15:00,MHImain,HKFE,21807.0,22242.0,21688.0,22080.0,31128.0,683855693.0,0.0
2022-03-24 01:15:00,MHImain,HKFE,22083.0,22162.0,21875.0,22114.0,41655.0,916816918.0,0.0
2022-03-24 11:00:00,MHImain,HKFE,22115.0,22224.0,21868.0,21939.0,45662.0,1007690594.0,0.0
2022-03-24 17:15:00,MHImain,HKFE,21940.0,21982.0,21841.0,21896.0,9016.0,197550007.0,0.0
2022-03-24 21:15:00,MHImain,HKFE,21900.0,21934.0,21682.0,21785.0,27975.0,609732070.0,0.0
2022-03-25 01:15:00,MHImain,HKFE,21785.0,21941.0,21666.0,21857.0,35189.0,768247939.0,0.0
2022-03-25 11:00:00,MHImain,HKFE,21853.0,21866.0,21283.0,21357.0,66786.0,1433884622.0,0.0
2022-03-25 17:15:00,MHImain,HKFE,21380.0,21573.0,21380.0,21515.0,8214.0,176537214.0,0.0
2022-03-25 21:15:00,MHImain,HKFE,21516.0,21615.0,21419.0,21562.0,19755.0,425238036.0,0.0
2022-03-26 01:15:00,MHImain,HKFE,21562.0,21663.0,21554.0,21619.0,2715.0,58680569.0,0.0
2022-03-28 01:15:00,MHImain,HKFE,21502.0,21751.0,21202.0,21692.0,44631.0,957329788.0,0.0
2022-03-28 11:00:00,MHImain,HKFE,21690.0,21800.0,21530.0,21766.0,39463.0,854753197.0,0.0
2022-03-28 17:15:00,MHImain,HKFE,21762.0,21887.0,21731.0,21766.0,7000.0,152717459.0,0.0
2022-03-28 21:15:00,MHImain,HKFE,21766.0,21895.0,21640.0,21733.0,15018.0,326733640.0,0.0
2022-03-29 01:15:00,MHImain,HKFE,21731.0,21942.0,21713.0,21833.0,32066.0,699929987.0,0.0
2022-03-29 11:00:00,MHImain,HKFE,21835.0,21957.0,21767.0,21954.0,26297.0,574898285.0,0.0
2022-03-29 17:15:00,MHImain,HKFE,21943.0,22233.0,21943.0,22230.0,5862.0,129435155.0,0.0
2022-03-29 21:15:00,MHImain,HKFE,22234.0,22353.0,22111.0,22130.0,9246.0,205503676.0,0.0
2022-03-30 01:15:00,MHImain,HKFE,22133.0,22323.0,22036.0,22053.0,32753.0,726239875.0,0.0
2022-03-30 11:00:00,MHImain,HKFE,22052.0,22381.0,22051.0,22175.0,41294.0,918324471.0,0.0
2022-03-30 17:15:00,MHImain,HKFE,22156.0,22237.0,22135.0,22158.0,5376.0,119274815.0,0.0
2022-03-30 21:15:00,MHImain,HKFE,22162.0,22412.0,22142.0,22310.0,16612.0,370965721.0,0.0
2022-03-31 01:15:00,MHImain,HKFE,22309.0,22312.0,21913.0,22029.0,38290.0,845330164.0,0.0
2022-03-31 11:00:00,MHImain,HKFE,22029.0,22145.0,21929.0,21986.0,36170.0,796712073.0,0.0
2022-03-31 17:15:00,MHImain,HKFE,21988.0,22015.0,21885.0,21949.0,6795.0,149117896.0,0.0
2022-03-31 21:15:00,MHImain,HKFE,21950.0,21970.0,21740.0,21761.0,19046.0,415505233.0,0.0
2022-04-01 01:15:00,MHImain,HKFE,21762.0,21833.0,21544.0,21801.0,40616.0,880662291.0,0.0
2022-04-01 11:00:00,MHImain,HKFE,21804.0,22061.0,21748.0,22030.0,45861.0,1004034807.0,0.0
2022-04-01 17:15:00,MHImain,HKFE,22030.0,22428.0,21997.0,22351.0,13576.0,302909837.0,0.0
2022-04-01 21:15:00,MHImain,HKFE,22351.0,22446.0,22087.0,22092.0,21921.0,488214815.0,0.0
2022-04-02 01:15:00,MHImain,HKFE,22092.0,22216.0,22075.0,22170.0,2593.0,57417374.0,0.0
2022-04-04 01:15:00,MHImain,HKFE,22215.0,22352.0,22118.0,22330.0,30906.0,687006043.0,0.0
2022-04-04 11:00:00,MHImain,HKFE,22328.0,22534.0,22289.0,22470.0,41299.0,926179130.0,0.0
2022-04-04 17:15:00,MHImain,HKFE,22488.0,22565.0,22422.0,22465.0,6557.0,147471321.0,0.0
2022-04-04 21:15:00,MHImain,HKFE,22466.0,22669.0,22407.0,22546.0,18169.0,409553593.0,0.0
2022-04-05 01:15:00,MHImain,HKFE,22545.0,22610.0,22541.0,22590.0,1373.0,31002008.0,0.0
2022-04-06 01:15:00,MHImain,HKFE,22250.0,22285.0,22012.0,22106.0,40051.0,886232134.0,0.0
2022-04-06 11:00:00,MHImain,HKFE,22104.0,22258.0,21997.0,22081.0,39468.0,874410088.0,0.0
2022-04-06 17:15:00,MHImain,HKFE,22070.0,22100.0,21948.0,22010.0,6842.0,150612646.0,0.0
2022-04-06 21:15:00,MHImain,HKFE,22009.0,22034.0,21812.0,21857.0,16545.0,362141030.0,0.0
2022-04-07 01:15:00,MHImain,HKFE,21856.0,22220.0,21775.0,22065.0,39250.0,865501389.0,0.0
2022-04-07 11:00:00,MHImain,HKFE,22065.0,22079.0,21745.0,21802.0,45584.0,996764991.0,0.0
2022-04-07 17:15:00,MHImain,HKFE,21781.0,21931.0,21781.0,21806.0,5946.0,129919868.0,0.0
2022-04-07 21:15:00,MHImain,HKFE,21803.0,21851.0,21560.0,21643.0,17065.0,369955976.0,0.0
2022-04-08 01:15:00,MHImain,HKFE,21643.0,21814.0,21570.0,21762.0,38589.0,837160695.0,0.0
2022-04-08 11:00:00,MHImain,HKFE,21764.0,21950.0,21656.0,21933.0,35174.0,765977218.0,0.0
2022-04-08 17:15:00,MHImain,HKFE,21915.0,21915.0,21785.0,21792.0,4338.0,94843834.0,0.0
2022-04-08 21:15:00,MHImain,HKFE,21793.0,21944.0,21758.0,21913.0,14209.0,310627314.0,0.0
2022-04-09 01:15:00,MHImain,HKFE,21915.0,21915.0,21828.0,21879.0,1644.0,35954936.0,0.0
2022-04-11 01:15:00,MHImain,HKFE,21777.0,21787.0,21233.0,21301.0,37068.0,793965567.0,0.0
2022-04-11 11:00:00,MHImain,HKFE,21299.0,21367.0,21108.0,21128.0,45005.0,955596032.0,0.0
2022-04-11 17:15:00,MHImain,HKFE,21107.0,21480.0,21104.0,21363.0,12780.0,272787563.0,0.0
2022-04-11 21:15:00,MHImain,HKFE,21362.0,21518.0,21291.0,21434.0,16921.0,362157653.0,0.0
2022-04-12 01:15:00,MHImain,HKFE,21434.0,21444.0,21079.0,21084.0,40767.0,866082779.0,0.0
2022-04-12 11:00:00,MHImain,HKFE,21085.0,21515.0,20963.0,21308.0,60841.0,1293166409.0,0.0
2022-04-12 17:15:00,MHImain,HKFE,21313.0,21511.0,21313.0,21430.0,8075.0,172909698.0,0.0
2022-04-12 21:15:00,MHImain,HKFE,21430.0,21477.0,21307.0,21350.0,14028.0,299955716.0,0.0
2022-04-13 01:15:00,MHImain,HKFE,21348.0,21360.0,21123.0,21316.0,36428.0,773730088.0,0.0
2022-04-13 11:00:00,MHImain,HKFE,21316.0,21526.0,21258.0,21313.0,42126.0,900785257.0,0.0
2022-04-13 17:15:00,MHImain,HKFE,21338.0,21427.0,21260.0,21283.0,6894.0,147046084.0,0.0
2022-04-13 21:15:00,MHImain,HKFE,21283.0,21468.0,21229.0,21464.0,12276.0,262302167.0,0.0
2022-04-14 01:15:00,MHImain,HKFE,21462.0,21552.0,21352.0,21465.0,30401.0,651962693.0,0.0
2022-04-14 11:00:00,MHImain,HKFE,21461.0,21594.0,21410.0,21525.0,32066.0,689355537.0,0.0
2022-04-14 17:15:00,MHImain,HKFE,21533.0,21539.0,21401.0,21404.0,4238.0,91047295.0,0.0
2022-04-14 21:15:00,MHImain,HKFE,21403.0,21469.0,21297.0,21319.0,10998.0,235243536.0,0.0
2022-04-15 01:15:00,MHImain,HKFE,21318.0,21390.0,21313.0,21353.0,1530.0,32673929.0,0.0
2022-04-19 01:15:00,MHImain,HKFE,21120.0,21194.0,20857.0,20970.0,32131.0,674082187.0,0.0
2022-04-19 11:00:00,MHImain,HKFE,20971.0,21168.0,20941.0,21000.0,34668.0,729157455.0,0.0
2022-04-19 17:15:00,MHImain,HKFE,20975.0,21002.0,20872.0,20886.0,4663.0,97545583.0,0.0
2022-04-19 21:15:00,MHImain,HKFE,20887.0,21016.0,20790.0,20984.0,12794.0,267564860.0,0.0
2022-04-20 01:15:00,MHImain,HKFE,20985.0,21080.0,20907.0,21022.0,31468.0,660290814.0,0.0
2022-04-20 11:00:00,MHImain,HKFE,21021.0,21217.0,20869.0,20927.0,39566.0,831945146.0,0.0
2022-04-20 17:15:00,MHImain,HKFE,20940.0,21063.0,20940.0,21023.0,4682.0,98410178.0,0.0
2022-04-20 21:15:00,MHImain,HKFE,21021.0,21045.0,20824.0,20852.0,13235.0,276600254.0,0.0
2022-04-21 01:15:00,MHImain,HKFE,20851.0,20920.0,20670.0,20714.0,33983.0,706981272.0,0.0
2022-04-21 11:00:00,MHImain,HKFE,20715.0,20731.0,20485.0,20659.0,49006.0,1010405798.0,0.0
2022-04-21 17:15:00,MHImain,HKFE,20679.0,20720.0,20640.0,20704.0,3351.0,69307113.0,0.0
2022-04-21 21:15:00,MHImain,HKFE,20706.0,20730.0,20318.0,20350.0,17585.0,360557155.0,0.0
2022-04-22 01:15:00,MHImain,HKFE,20348.0,20518.0,20166.0,20443.0,41938.0,853857377.0,0.0
2022-04-22 11:00:00,MHImain,HKFE,20444.0,20712.0,20436.0,20613.0,43268.0,891189119.0,0.0
2022-04-22 17:15:00,MHImain,HKFE,20590.0,20599.0,20458.0,20473.0,5999.0,123064959.0,0.0
2022-04-22 21:15:00,MHImain,HKFE,20472.0,20708.0,20364.0,20370.0,18738.0,385051986.0,0.0
2022-04-23 01:15:00,MHImain,HKFE,20368.0,20414.0,20338.0,20360.0,2617.0,53299835.0,0.0
2022-04-25 01:15:00,MHImain,HKFE,20239.0,20283.0,19997.0,20112.0,36700.0,737664757.0,0.0
2022-04-25 11:00:00,MHImain,HKFE,20114.0,20220.0,19784.0,19804.0,47747.0,953655665.0,0.0
2022-04-25 17:15:00,MHImain,HKFE,19792.0,19905.0,19650.0,19829.0,12668.0,250841254.0,0.0
2022-04-25 21:15:00,MHImain,HKFE,19830.0,19969.0,19715.0,19911.0,21395.0,424859132.0,0.0
2022-04-26 01:15:00,MHImain,HKFE,19910.0,20158.0,19856.0,20139.0,35301.0,706843975.0,0.0
2022-04-26 11:00:00,MHImain,HKFE,20139.0,20272.0,19865.0,19961.0,45008.0,903205681.0,0.0
2022-04-26 17:15:00,MHImain,HKFE,19950.0,19979.0,19857.0,19872.0,3662.0,72937185.0,0.0
2022-04-26 21:15:00,MHImain,HKFE,19873.0,19883.0,19624.0,19709.0,15436.0,304585629.0,0.0
2022-04-27 01:15:00,MHImain,HKFE,19707.0,19975.0,19621.0,19948.0,33657.0,667215733.0,0.0
2022-04-27 11:00:00,MHImain,HKFE,19950.0,20050.0,19845.0,19920.0,33321.0,665026644.0,0.0
2022-04-27 17:15:00,MHImain,HKFE,19843.0,19916.0,19739.0,19755.0,3663.0,72640323.0,0.0
2022-04-27 21:15:00,MHImain,HKFE,19748.0,20036.0,19732.0,19858.0,10807.0,214686394.0,0.0
2022-04-28 01:15:00,MHImain,HKFE,19857.0,20125.0,19819.0,20086.0,29618.0,591216929.0,0.0
2022-04-28 11:00:00,MHImain,HKFE,20086.0,20194.0,19837.0,20180.0,40108.0,803174964.0,0.0
2022-04-28 17:15:00,MHImain,HKFE,20161.0,20183.0,20067.0,20081.0,7008.0,140980031.0,0.0
2022-04-28 21:15:00,MHImain,HKFE,20081.0,20109.0,19867.0,20036.0,20231.0,403725802.0,0.0
2022-04-29 01:15:00,MHImain,HKFE,20035.0,20170.0,19912.0,20000.0,34430.0,690392749.0,0.0
2022-04-29 11:00:00,MHImain,HKFE,20000.0,21087.0,19964.0,21000.0,84539.0,1749324492.0,0.0
2022-04-29 17:15:00,MHImain,HKFE,20960.0,20975.0,20777.0,20867.0,9871.0,206086389.0,0.0
2022-04-29 21:15:00,MHImain,HKFE,20867.0,21060.0,20765.0,20782.0,20451.0,427527542.0,0.0
2022-04-30 01:15:00,MHImain,HKFE,20783.0,20862.0,20710.0,20710.0,3055.0,63465302.0,0.0
2022-05-03 01:15:00,MHImain,HKFE,20798.0,21038.0,20530.0,21038.0,38788.0,806640404.0,0.0
2022-05-03 11:00:00,MHImain,HKFE,21036.0,21205.0,20938.0,20958.0,38188.0,803238235.0,0.0
2022-05-03 17:15:00,MHImain,HKFE,20948.0,20990.0,20862.0,20979.0,5846.0,122289350.0,0.0
2022-05-03 21:15:00,MHImain,HKFE,20977.0,21044.0,20878.0,20966.0,15848.0,332001197.0,0.0
2022-05-04 01:15:00,MHImain,HKFE,20967.0,21015.0,20733.0,20734.0,28510.0,594542804.0,0.0
2022-05-04 11:00:00,MHImain,HKFE,20733.0,20825.0,20668.0,20722.0,27775.0,576311337.0,0.0
2022-05-04 17:15:00,MHImain,HKFE,20708.0,20742.0,20650.0,20715.0,3987.0,82543380.0,0.0
2022-05-04 21:15:00,MHImain,HKFE,20716.0,20787.0,20632.0,20757.0,12458.0,257776624.0,0.0
2022-05-05 01:15:00,MHImain,HKFE,20756.0,21216.0,20613.0,20852.0,43551.0,913226205.0,0.0
2022-05-05 11:00:00,MHImain,HKFE,20850.0,20948.0,20603.0,20655.0,33982.0,707163710.0,0.0
2022-05-05 17:15:00,MHImain,HKFE,20638.0,20693.0,20512.0,20530.0,5747.0,118523389.0,0.0
2022-05-05 21:15:00,MHImain,HKFE,20529.0,20560.0,20027.0,20175.0,29369.0,594631546.0,0.0
2022-05-06 01:15:00,MHImain,HKFE,20175.0,20228.0,19942.0,20008.0,40293.0,810496586.0,0.0
2022-05-06 11:00:00,MHImain,HKFE,20012.0,20025.0,19846.0,19877.0,39265.0,781932046.0,0.0
2022-05-06 17:15:00,MHImain,HKFE,19866.0,20046.0,19840.0,19906.0,8324.0,165985499.0,0.0
2022-05-06 21:15:00,MHImain,HKFE,19908.0,19955.0,19591.0,19806.0,27999.0,553782610.0,0.0
2022-05-07 01:15:00,MHImain,HKFE,19805.0,19815.0,19658.0,19685.0,3609.0,71207373.0,0.0
2022-05-10 01:15:00,MHImain,HKFE,19240.0,19544.0,19062.0,19343.0,44240.0,853860250.0,0.0
2022-05-10 11:00:00,MHImain,HKFE,19344.0,19654.0,19250.0,19478.0,42994.0,837211082.0,0.0
2022-05-10 17:15:00,MHImain,HKFE,19499.0,19585.0,19408.0,19567.0,6011.0,117109198.0,0.0
2022-05-10 21:15:00,MHImain,HKFE,19567.0,19579.0,19178.0,19264.0,24051.0,465234720.0,0.0
2022-05-11 01:15:00,MHImain,HKFE,19265.0,19797.0,19216.0,19774.0,41218.0,806842643.0,0.0
2022-05-11 11:00:00,MHImain,HKFE,19774.0,19974.0,19645.0,19772.0,44429.0,879928548.0,0.0
2022-05-11 17:15:00,MHImain,HKFE,19780.0,19864.0,19480.0,19612.0,13310.0,261606308.0,0.0
2022-05-11 21:15:00,MHImain,HKFE,19614.0,19798.0,19462.0,19473.0,26720.0,525447108.0,0.0
2022-05-12 01:15:00,MHImain,HKFE,19473.0,19610.0,19346.0,19432.0,36603.0,713525266.0,0.0
2022-05-12 11:00:00,MHImain,HKFE,19431.0,19556.0,19212.0,19223.0,42989.0,831562602.0,0.0
2022-05-12 17:15:00,MHImain,HKFE,19213.0,19289.0,19094.0,19267.0,11467.0,220140103.0,0.0
2022-05-12 21:15:00,MHImain,HKFE,19266.0,19500.0,19085.0,19310.0,31861.0,615069969.0,0.0
2022-05-13 01:15:00,MHImain,HKFE,19313.0,19723.0,19127.0,19600.0,36821.0,720369792.0,0.0
2022-05-13 11:00:00,MHImain,HKFE,19599.0,19838.0,19587.0,19770.0,39719.0,783359475.0,0.0
2022-05-13 17:15:00,MHImain,HKFE,19783.0,19784.0,19676.0,19708.0,5383.0,106157525.0,0.0
2022-05-13 21:15:00,MHImain,HKFE,19706.0,20018.0,19668.0,19987.0,19505.0,388301867.0,0.0
2022-05-14 01:15:00,MHImain,HKFE,19984.0,19991.0,19871.0,19963.0,2980.0,59369506.0,0.0
2022-05-16 01:15:00,MHImain,HKFE,20066.0,20087.0,19699.0,19768.0,34485.0,685612052.0,0.0
2022-05-16 11:00:00,MHImain,HKFE,19765.0,19928.0,19655.0,19925.0,37621.0,744981132.0,0.0
2022-05-16 17:15:00,MHImain,HKFE,19917.0,20000.0,19896.0,19961.0,5168.0,103051270.0,0.0
2022-05-16 21:15:00,MHImain,HKFE,19961.0,20072.0,19901.0,20023.0,18571.0,371183645.0,0.0
2022-05-17 01:15:00,MHImain,HKFE,20022.0,20321.0,19991.0,20308.0,37575.0,758412852.0,0.0
2022-05-17 11:00:00,MHImain,HKFE,20310.0,20579.0,20273.0,20573.0,36279.0,740375249.0,0.0
2022-05-17 17:15:00,MHImain,HKFE,20580.0,20665.0,20528.0,20605.0,8247.0,169811347.0,0.0
2022-05-17 21:15:00,MHImain,HKFE,20604.0,20683.0,20408.0,20475.0,19203.0,394170444.0,0.0
2022-05-18 01:15:00,MHImain,HKFE,20475.0,20532.0,20297.0,20348.0,35448.0,722697852.0,0.0
2022-05-18 11:00:00,MHImain,HKFE,20349.0,20619.0,20329.0,20485.0,35126.0,719260219.0,0.0
2022-05-18 17:15:00,MHImain,HKFE,20480.0,20525.0,20383.0,20386.0,5984.0,122404459.0,0.0
2022-05-18 21:15:00,MHImain,HKFE,20385.0,20465.0,20167.0,20171.0,19350.0,393566215.0,0.0
2022-05-19 01:15:00,MHImain,HKFE,20170.0,20178.0,19815.0,20000.0,38965.0,777877469.0,0.0
2022-05-19 11:00:00,MHImain,HKFE,20001.0,20210.0,19953.0,20022.0,40151.0,805037758.0,0.0
2022-05-19 17:15:00,MHImain,HKFE,20015.0,20156.0,19934.0,20144.0,9370.0,188020715.0,0.0
2022-05-19 21:15:00,MHImain,HKFE,20144.0,20405.0,20113.0,20320.0,24066.0,487445877.0,0.0
2022-05-20 01:15:00,MHImain,HKFE,20323.0,20537.0,20311.0,20457.0,38207.0,780504893.0,0.0
2022-05-20 11:00:00,MHImain,HKFE,20456.0,20745.0,20373.0,20610.0,39570.0,813512151.0,0.0
2022-05-20 17:15:00,MHImain,HKFE,20617.0,20698.0,20582.0,20601.0,4741.0,97893910.0,0.0
2022-05-20 21:15:00,MHImain,HKFE,20602.0,20705.0,20248.0,20262.0,21809.0,446503099.0,0.0
2022-05-21 01:15:00,MHImain,HKFE,20268.0,20347.0,20215.0,20320.0,4121.0,83593492.0,0.0
2022-05-23 01:15:00,MHImain,HKFE,20650.0,20679.0,20316.0,20388.0,28743.0,588023542.0,0.0
2022-05-23 11:00:00,MHImain,HKFE,20387.0,20477.0,20225.0,20415.0,39771.0,809944504.0,0.0
2022-05-23 17:15:00,MHImain,HKFE,20427.0,20546.0,20406.0,20501.0,6523.0,133661101.0,0.0
2022-05-23 21:15:00,MHImain,HKFE,20503.0,20546.0,20356.0,20482.0,17551.0,358992445.0,0.0
2022-05-24 01:15:00,MHImain,HKFE,20482.0,20527.0,20135.0,20158.0,37210.0,756963537.0,0.0
2022-05-24 11:00:00,MHImain,HKFE,20160.0,20198.0,19961.0,20108.0,38239.0,767978678.0,0.0
2022-05-24 17:15:00,MHImain,HKFE,20097.0,20172.0,20063.0,20165.0,5199.0,104655574.0,0.0
2022-05-24 21:15:00,MHImain,HKFE,20164.0,20185.0,19914.0,19982.0,19529.0,390870981.0,0.0
2022-05-25 01:15:00,MHImain,HKFE,19989.0,20300.0,19959.0,20082.0,32778.0,660439523.0,0.0
2022-05-25 11:00:00,MHImain,HKFE,20082.0,20391.0,20076.0,20120.0,40647.0,821244828.0,0.0
2022-05-25 17:15:00,MHImain,HKFE,20120.0,20170.0,20034.0,20096.0,6053.0,121653402.0,0.0
2022-05-25 21:15:00,MHImain,HKFE,20098.0,20203.0,20053.0,20069.0,14207.0,286093534.0,0.0
2022-05-26 01:15:00,MHImain,HKFE,20070.0,20327.0,19878.0,19980.0,39532.0,792621243.0,0.0
2022-05-26 11:00:00,MHImain,HKFE,19979.0,20168.0,19902.0,20053.0,38357.0,768570234.0,0.0
2022-05-26 17:15:00,MHImain,HKFE,20055.0,20226.0,20044.0,20212.0,6772.0,136545998.0,0.0
2022-05-26 21:15:00,MHImain,HKFE,20210.0,20680.0,20178.0,20660.0,22164.0,454561104.0,0.0
2022-05-27 01:15:00,MHImain,HKFE,20657.0,20815.0,20575.0,20651.0,33254.0,689121257.0,0.0
2022-05-27 11:00:00,MHImain,HKFE,20650.0,20765.0,20499.0,20749.0,32926.0,678935847.0,0.0
2022-05-27 17:15:00,MHImain,HKFE,20540.0,20674.0,20536.0,20649.0,3141.0,64683390.0,0.0
2022-05-27 21:15:00,MHImain,HKFE,20650.0,20688.0,20501.0,20644.0,5364.0,110523365.0,0.0
2022-05-28 01:15:00,MHImain,HKFE,20641.0,20698.0,20621.0,20686.0,601.0,12416611.0,0.0
2022-05-30 01:15:00,MHImain,HKFE,20746.0,21000.0,20697.0,20947.0,28559.0,594790870.0,0.0
2022-05-30 11:00:00,MHImain,HKFE,20947.0,20999.0,20843.0,20980.0,25558.0,534790530.0,0.0
2022-05-30 17:15:00,MHImain,HKFE,20969.0,21066.0,20955.0,20970.0,5126.0,107651008.0,0.0
2022-05-30 21:15:00,MHImain,HKFE,20973.0,20991.0,20914.0,20932.0,4154.0,87050262.0,0.0
2022-05-31 01:15:00,MHImain,HKFE,20932.0,21074.0,20849.0,21064.0,35187.0,737062674.0,0.0
2022-05-31 11:00:00,MHImain,HKFE,21063.0,21413.0,20955.0,21393.0,48990.0,1036038418.0,0.0
2022-05-31 17:15:00,MHImain,HKFE,21366.0,21407.0,21261.0,21339.0,8071.0,172186457.0,0.0
2022-05-31 21:15:00,MHImain,HKFE,21341.0,21350.0,21159.0,21205.0,16218.0,344499598.0,0.0
2022-06-01 01:15:00,MHImain,HKFE,21202.0,21310.0,21070.0,21092.0,31838.0,674676718.0,0.0
2022-06-01 11:00:00,MHImain,HKFE,21089.0,21216.0,21006.0,21103.0,35453.0,748371860.0,0.0
2022-06-01 17:15:00,MHImain,HKFE,21104.0,21220.0,21069.0,21208.0,4887.0,103328088.0,0.0
2022-06-01 21:15:00,MHImain,HKFE,21206.0,21235.0,20817.0,20885.0,19146.0,402035027.0,0.0
2022-06-02 01:15:00,MHImain,HKFE,20885.0,21004.0,20722.0,20737.0,35517.0,740228175.0,0.0
2022-06-02 11:00:00,MHImain,HKFE,20735.0,20977.0,20733.0,20948.0,32756.0,683249153.0,0.0
2022-06-02 17:15:00,MHImain,HKFE,20946.0,21060.0,20934.0,20970.0,5354.0,112488045.0,0.0
2022-06-02 21:15:00,MHImain,HKFE,20970.0,21295.0,20943.0,21246.0,16863.0,355996326.0,0.0
2022-06-03 01:15:00,MHImain,HKFE,21245.0,21294.0,21231.0,21261.0,1891.0,40222879.0,0.0
2022-06-06 01:15:00,MHImain,HKFE,21230.0,21263.0,20863.0,21158.0,35110.0,739518078.0,0.0
2022-06-06 11:00:00,MHImain,HKFE,21160.0,21615.0,21112.0,21600.0,41956.0,894070696.0,0.0
2022-06-06 17:15:00,MHImain,HKFE,21589.0,21616.0,21525.0,21584.0,4008.0,86412413.0,0.0
2022-06-06 21:15:00,MHImain,HKFE,21586.0,21733.0,21414.0,21467.0,18549.0,400723304.0,0.0
2022-06-07 01:15:00,MHImain,HKFE,21465.0,21543.0,21272.0,21485.0,39313.0,841866703.0,0.0
2022-06-07 11:00:00,MHImain,HKFE,21484.0,21604.0,21251.0,21360.0,44310.0,948384244.0,0.0
2022-06-07 17:15:00,MHImain,HKFE,21352.0,21411.0,21266.0,21349.0,6413.0,136900785.0,0.0
2022-06-07 21:15:00,MHImain,HKFE,21345.0,21597.0,21326.0,21544.0,16197.0,347898303.0,0.0
2022-06-08 01:15:00,MHImain,HKFE,21545.0,21870.0,21544.0,21786.0,40125.0,871257900.0,0.0
2022-06-08 11:00:00,MHImain,HKFE,21788.0,21920.0,21650.0,21840.0,44932.0,978821902.0,0.0
2022-06-08 17:15:00,MHImain,HKFE,21849.0,21850.0,21762.0,21813.0,5536.0,120743258.0,0.0
2022-06-08 21:15:00,MHImain,HKFE,21815.0,21988.0,21755.0,21904.0,18991.0,415401452.0,0.0
2022-06-09 01:15:00,MHImain,HKFE,21904.0,22026.0,21744.0,21851.0,46374.0,1014938860.0,0.0
2022-06-09 11:00:00,MHImain,HKFE,21855.0,21904.0,21646.0,21788.0,42797.0,931176457.0,0.0
2022-06-09 17:15:00,MHImain,HKFE,21793.0,22180.0,21760.0,21781.0,22578.0,495867452.0,0.0
2022-06-09 21:15:00,MHImain,HKFE,21785.0,21790.0,21469.0,21605.0,23935.0,518044757.0,0.0
2022-06-10 01:15:00,MHImain,HKFE,21610.0,21641.0,21346.0,21607.0,39870.0,857803928.0,0.0
2022-06-10 11:00:00,MHImain,HKFE,21608.0,21827.0,21601.0,21686.0,45103.0,979885228.0,0.0
2022-06-10 17:15:00,MHImain,HKFE,21686.0,21759.0,21508.0,21544.0,10540.0,227985060.0,0.0
2022-06-10 21:15:00,MHImain,HKFE,21543.0,21550.0,21163.0,21232.0,26538.0,565893345.0,0.0
2022-06-11 01:15:00,MHImain,HKFE,21228.0,21338.0,21228.0,21326.0,2513.0,53524628.0,0.0
2022-06-13 01:15:00,MHImain,HKFE,21100.0,21199.0,20953.0,21161.0,35719.0,753407210.0,0.0
2022-06-13 11:00:00,MHImain,HKFE,21162.0,21172.0,20871.0,20890.0,43384.0,910553957.0,0.0
2022-06-13 17:15:00,MHImain,HKFE,20870.0,20972.0,20833.0,20905.0,9232.0,192981069.0,0.0
2022-06-13 21:15:00,MHImain,HKFE,20906.0,20954.0,20472.0,20627.0,28602.0,591384771.0,0.0
2022-06-14 01:15:00,MHImain,HKFE,20622.0,20849.0,20574.0,20750.0,36639.0,759134283.0,0.0
2022-06-14 11:00:00,MHImain,HKFE,20749.0,21055.0,20688.0,20907.0,45128.0,942796424.0,0.0
2022-06-14 17:15:00,MHImain,HKFE,20895.0,20942.0,20777.0,20840.0,10116.0,210993055.0,0.0
2022-06-14 21:15:00,MHImain,HKFE,20837.0,21015.0,20767.0,20992.0,23391.0,489001961.0,0.0
2022-06-15 01:15:00,MHImain,HKFE,20992.0,21233.0,20892.0,21183.0,35615.0,751868980.0,0.0
2022-06-15 11:00:00,MHImain,HKFE,21183.0,21319.0,21128.0,21220.0,41146.0,873253550.0,0.0
2022-06-15 17:15:00,MHImain,HKFE,21210.0,21210.0,21119.0,21172.0,6057.0,128206630.0,0.0
2022-06-15 21:15:00,MHImain,HKFE,21169.0,21236.0,21095.0,21178.0,13215.0,279767832.0,0.0
2022-06-16 01:15:00,MHImain,HKFE,21176.0,21490.0,21015.0,21206.0,50421.0,1068540433.0,0.0
2022-06-16 11:00:00,MHImain,HKFE,21206.0,21239.0,20575.0,20747.0,53553.0,1118187970.0,0.0
2022-06-16 17:15:00,MHImain,HKFE,20743.0,20748.0,20629.0,20702.0,8547.0,176791756.0,0.0
2022-06-16 21:15:00,MHImain,HKFE,20702.0,20744.0,20502.0,20714.0,18364.0,378552707.0,0.0
2022-06-17 01:15:00,MHImain,HKFE,20708.0,21007.0,20518.0,20856.0,42485.0,885833491.0,0.0
2022-06-17 11:00:00,MHImain,HKFE,20854.0,21059.0,20798.0,20994.0,39984.0,837964864.0,0.0
2022-06-17 17:15:00,MHImain,HKFE,21017.0,21317.0,20950.0,21190.0,12359.0,261651865.0,0.0
2022-06-17 21:15:00,MHImain,HKFE,21190.0,21268.0,20757.0,20980.0,27770.0,582237241.0,0.0
2022-06-18 01:15:00,MHImain,HKFE,20980.0,20983.0,20888.0,20910.0,2853.0,59704769.0,0.0
2022-06-20 01:15:00,MHImain,HKFE,20886.0,21044.0,20760.0,21036.0,36608.0,764344601.0,0.0
2022-06-20 11:00:00,MHImain,HKFE,21035.0,21137.0,20927.0,21114.0,34295.0,721485642.0,0.0
2022-06-20 17:15:00,MHImain,HKFE,21113.0,21165.0,21084.0,21136.0,3291.0,69523795.0,0.0
2022-06-20 21:15:00,MHImain,HKFE,21134.0,21224.0,21131.0,21184.0,4003.0,84792808.0,0.0
2022-06-21 01:15:00,MHImain,HKFE,21184.0,21380.0,21081.0,21276.0,35189.0,747189563.0,0.0
2022-06-21 11:00:00,MHImain,HKFE,21277.0,21545.0,21273.0,21468.0,41589.0,890294509.0,0.0
2022-06-21 17:15:00,MHImain,HKFE,21467.0,21493.0,21397.0,21434.0,5151.0,110465478.0,0.0
2022-06-21 21:15:00,MHImain,HKFE,21436.0,21510.0,21353.0,21448.0,13741.0,294653191.0,0.0
2022-06-22 01:15:00,MHImain,HKFE,21448.0,21463.0,21225.0,21228.0,34139.0,728547678.0,0.0
2022-06-22 11:00:00,MHImain,HKFE,21231.0,21272.0,20891.0,20964.0,43855.0,925594054.0,0.0
2022-06-22 17:15:00,MHImain,HKFE,20977.0,21100.0,20977.0,21034.0,7028.0,147909216.0,0.0
2022-06-22 21:15:00,MHImain,HKFE,21035.0,21215.0,21012.0,21155.0,16793.0,354634639.0,0.0
2022-06-23 01:15:00,MHImain,HKFE,21152.0,21216.0,20934.0,21076.0,33113.0,698157249.0,0.0
2022-06-23 11:00:00,MHImain,HKFE,21074.0,21385.0,21043.0,21225.0,43456.0,922910560.0,0.0
2022-06-23 17:15:00,MHImain,HKFE,21233.0,21327.0,21228.0,21275.0,4884.0,103913120.0,0.0
2022-06-23 21:15:00,MHImain,HKFE,21276.0,21430.0,21087.0,21118.0,20276.0,431618596.0,0.0
2022-06-24 01:15:00,MHImain,HKFE,21116.0,21588.0,21090.0,21533.0,38138.0,818286230.0,0.0
2022-06-24 11:00:00,MHImain,HKFE,21531.0,21692.0,21439.0,21602.0,34825.0,752048452.0,0.0
2022-06-24 17:15:00,MHImain,HKFE,21618.0,21648.0,21574.0,21605.0,4608.0,99582848.0,0.0
2022-06-24 21:15:00,MHImain,HKFE,21609.0,21797.0,21575.0,21710.0,14244.0,309230710.0,0.0
2022-06-25 01:15:00,MHImain,HKFE,21710.0,21780.0,21704.0,21770.0,1366.0,29701655.0,0.0
2022-06-27 01:15:00,MHImain,HKFE,21820.0,22275.0,21808.0,22270.0,33005.0,728529638.0,0.0
2022-06-27 11:00:00,MHImain,HKFE,22271.0,22360.0,22060.0,22194.0,44008.0,976727193.0,0.0
2022-06-27 17:15:00,MHImain,HKFE,22169.0,22200.0,22118.0,22158.0,3297.0,73052638.0,0.0
2022-06-27 21:15:00,MHImain,HKFE,22159.0,22198.0,21965.0,21999.0,12189.0,269216443.0,0.0
2022-06-28 01:15:00,MHImain,HKFE,21998.0,22148.0,21894.0,21988.0,31982.0,703577319.0,0.0
2022-06-28 11:00:00,MHImain,HKFE,21990.0,22413.0,21927.0,22370.0,40587.0,900007369.0,0.0
2022-06-28 17:15:00,MHImain,HKFE,22300.0,22407.0,22261.0,22291.0,3411.0,76176542.0,0.0
2022-06-28 21:15:00,MHImain,HKFE,22291.0,22425.0,22060.0,22065.0,9019.0,200630389.0,0.0
2022-06-29 01:15:00,MHImain,HKFE,22061.0,22195.0,22003.0,22033.0,27126.0,599264617.0,0.0
2022-06-29 11:00:00,MHImain,HKFE,22034.0,22045.0,21744.0,21867.0,41663.0,912593917.0,0.0
2022-06-29 17:15:00,MHImain,HKFE,21856.0,21945.0,21798.0,21925.0,5978.0,130793924.0,0.0
2022-06-29 21:15:00,MHImain,HKFE,21925.0,21968.0,21843.0,21913.0,12722.0,278663381.0,0.0
2022-06-30 01:15:00,MHImain,HKFE,21913.0,21992.0,21778.0,21968.0,31293.0,685227309.0,0.0
2022-06-30 11:00:00,MHImain,HKFE,21969.0,22027.0,21610.0,21746.0,50663.0,1105529717.0,0.0
2022-06-30 17:15:00,MHImain,HKFE,21738.0,21753.0,21643.0,21689.0,5539.0,120186259.0,0.0
2022-06-30 21:15:00,MHImain,HKFE,21684.0,21873.0,21546.0,21805.0,17439.0,378310379.0,0.0
2022-07-01 01:15:00,MHImain,HKFE,21805.0,21868.0,21780.0,21790.0,2193.0,47867397.0,0.0
2022-07-04 01:15:00,MHImain,HKFE,21751.0,21766.0,21400.0,21635.0,38817.0,838632330.0,0.0
2022-07-04 11:00:00,MHImain,HKFE,21638.0,21848.0,21623.0,21818.0,31531.0,685919565.0,0.0
2022-07-04 17:15:00,MHImain,HKFE,21822.0,21968.0,21803.0,21944.0,5551.0,121621641.0,0.0
2022-07-04 21:15:00,MHImain,HKFE,21943.0,21972.0,21875.0,21962.0,4187.0,91763052.0,0.0
2022-07-05 01:15:00,MHImain,HKFE,21962.0,22168.0,21823.0,21840.0,37925.0,834743815.0,0.0
2022-07-05 11:00:00,MHImain,HKFE,21841.0,21964.0,21690.0,21705.0,38830.0,847985285.0,0.0
2022-07-05 17:15:00,MHImain,HKFE,21688.0,21742.0,21442.0,21471.0,11520.0,248897578.0,0.0
2022-07-05 21:15:00,MHImain,HKFE,21471.0,21518.0,21348.0,21510.0,18879.0,404803571.0,0.0
2022-07-06 01:15:00,MHImain,HKFE,21511.0,21792.0,21431.0,21467.0,38691.0,837194690.0,0.0
2022-07-06 11:00:00,MHImain,HKFE,21467.0,21594.0,21238.0,21508.0,47149.0,1009627537.0,0.0
2022-07-06 17:15:00,MHImain,HKFE,21501.0,21554.0,21474.0,21535.0,4715.0,101448005.0,0.0
2022-07-06 21:15:00,MHImain,HKFE,21535.0,21552.0,21322.0,21431.0,14445.0,309097049.0,0.0
2022-07-07 01:15:00,MHImain,HKFE,21429.0,21536.0,21217.0,21499.0,36856.0,788310194.0,0.0
2022-07-07 11:00:00,MHImain,HKFE,21498.0,21725.0,21434.0,21720.0,34970.0,754796949.0,0.0
2022-07-07 17:15:00,MHImain,HKFE,21728.0,21831.0,21728.0,21803.0,6170.0,134383390.0,0.0
2022-07-07 21:15:00,MHImain,HKFE,21803.0,22015.0,21785.0,21964.0,14465.0,317381609.0,0.0
2022-07-08 01:15:00,MHImain,HKFE,21962.0,22052.0,21707.0,21715.0,34965.0,763934344.0,0.0
2022-07-08 11:00:00,MHImain,HKFE,21713.0,21771.0,21632.0,21732.0,35213.0,764236121.0,0.0
2022-07-08 17:15:00,MHImain,HKFE,21722.0,21805.0,21587.0,21710.0,8677.0,188272295.0,0.0
2022-07-08 21:15:00,MHImain,HKFE,21711.0,21861.0,21641.0,21690.0,16462.0,358078908.0,0.0
2022-07-09 01:15:00,MHImain,HKFE,21689.0,21766.0,21677.0,21750.0,1925.0,41826918.0,0.0
2022-07-11 01:15:00,MHImain,HKFE,21600.0,21630.0,21110.0,21124.0,36803.0,783640676.0,0.0
2022-07-11 11:00:00,MHImain,HKFE,21123.0,21178.0,21001.0,21162.0,34443.0,726427186.0,0.0
2022-07-11 17:15:00,MHImain,HKFE,21168.0,21196.0,21126.0,21134.0,4284.0,90679093.0,0.0
2022-07-11 21:15:00,MHImain,HKFE,21135.0,21142.0,20924.0,21070.0,15984.0,335733246.0,0.0
2022-07-12 01:15:00,MHImain,HKFE,21068.0,21098.0,20861.0,20892.0,36858.0,773261793.0,0.0
2022-07-12 11:00:00,MHImain,HKFE,20892.0,20953.0,20797.0,20833.0,35188.0,734381768.0,0.0
2022-07-12 17:15:00,MHImain,HKFE,20840.0,20971.0,20808.0,20889.0,7230.0,151016653.0,0.0
2022-07-12 21:15:00,MHImain,HKFE,20890.0,20987.0,20797.0,20932.0,14821.0,309853155.0,0.0
2022-07-13 01:15:00,MHImain,HKFE,20932.0,21054.0,20854.0,21040.0,34345.0,719187977.0,0.0
2022-07-13 11:00:00,MHImain,HKFE,21040.0,21061.0,20744.0,20821.0,37709.0,787465820.0,0.0
2022-07-13 17:15:00,MHImain,HKFE,20840.0,20940.0,20568.0,20603.0,12921.0,267484086.0,0.0
2022-07-13 21:15:00,MHImain,HKFE,20601.0,20911.0,20556.0,20850.0,22694.0,470755843.0,0.0
2022-07-14 01:15:00,MHImain,HKFE,20852.0,20873.0,20700.0,20844.0,30394.0,632050347.0,0.0
2022-07-14 11:00:00,MHImain,HKFE,20843.0,20902.0,20543.0,20706.0,38933.0,806914896.0,0.0
2022-07-14 17:15:00,MHImain,HKFE,20705.0,20726.0,20581.0,20599.0,8476.0,175053651.0,0.0
2022-07-14 21:15:00,MHImain,HKFE,20599.0,20621.0,20417.0,20437.0,19913.0,408270530.0,0.0
2022-07-15 01:15:00,MHImain,HKFE,20440.0,20674.0,20428.0,20601.0,32265.0,663713894.0,0.0
2022-07-15 11:00:00,MHImain,HKFE,20602.0,20607.0,20206.0,20280.0,50494.0,1028594607.0,0.0
2022-07-15 17:15:00,MHImain,HKFE,20295.0,20351.0,20221.0,20325.0,6633.0,134504317.0,0.0
2022-07-15 21:15:00,MHImain,HKFE,20324.0,20344.0,20074.0,20342.0,18870.0,381515421.0,0.0
2022-07-16 01:15:00,MHImain,HKFE,20339.0,20342.0,20306.0,20330.0,1352.0,27483331.0,0.0
2022-07-18 01:15:00,MHImain,HKFE,20333.0,20643.0,20291.0,20642.0,36566.0,748209436.0,0.0
2022-07-18 11:00:00,MHImain,HKFE,20643.0,20896.0,20639.0,20847.0,44148.0,918476698.0,0.0
2022-07-18 17:15:00,MHImain,HKFE,20849.0,20860.0,20775.0,20818.0,3814.0,79405572.0,0.0
2022-07-18 21:15:00,MHImain,HKFE,20820.0,20976.0,20820.0,20877.0,12754.0,266528236.0,0.0
2022-07-19 01:15:00,MHImain,HKFE,20875.0,20875.0,20560.0,20595.0,35534.0,734636939.0,0.0
2022-07-19 11:00:00,MHImain,HKFE,20592.0,20778.0,20546.0,20655.0,33730.0,696887554.0,0.0
2022-07-19 17:15:00,MHImain,HKFE,20670.0,20815.0,20670.0,20808.0,6419.0,133153033.0,0.0
2022-07-19 21:15:00,MHImain,HKFE,20808.0,20911.0,20756.0,20882.0,12227.0,254722345.0,0.0
2022-07-20 01:15:00,MHImain,HKFE,20880.0,21134.0,20866.0,21045.0,29020.0,610576221.0,0.0
2022-07-20 11:00:00,MHImain,HKFE,21048.0,21088.0,20865.0,20900.0,31422.0,659017325.0,0.0
2022-07-20 17:15:00,MHImain,HKFE,20908.0,20917.0,20762.0,20799.0,7500.0,156163393.0,0.0
2022-07-20 21:15:00,MHImain,HKFE,20799.0,20874.0,20699.0,20709.0,13915.0,289392727.0,0.0
2022-07-21 01:15:00,MHImain,HKFE,20705.0,20845.0,20598.0,20624.0,34686.0,718595348.0,0.0
2022-07-21 11:00:00,MHImain,HKFE,20623.0,20797.0,20503.0,20575.0,38609.0,797020071.0,0.0
2022-07-21 17:15:00,MHImain,HKFE,20580.0,20705.0,20546.0,20638.0,7651.0,157843181.0,0.0
2022-07-21 21:15:00,MHImain,HKFE,20637.0,20757.0,20587.0,20699.0,16799.0,347295532.0,0.0
2022-07-22 01:15:00,MHImain,HKFE,20696.0,20808.0,20608.0,20614.0,28590.0,592125766.0,0.0
2022-07-22 11:00:00,MHImain,HKFE,20613.0,20656.0,20515.0,20608.0,29851.0,614888978.0,0.0
2022-07-22 17:15:00,MHImain,HKFE,20615.0,20659.0,20602.0,20654.0,3484.0,71888700.0,0.0
2022-07-22 21:15:00,MHImain,HKFE,20656.0,20696.0,20457.0,20460.0,12662.0,260609879.0,0.0
2022-07-23 01:15:00,MHImain,HKFE,20461.0,20469.0,20397.0,20424.0,2318.0,47352619.0,0.0
2022-07-25 01:15:00,MHImain,HKFE,20425.0,20586.0,20381.0,20512.0,28422.0,582214627.0,0.0
2022-07-25 11:00:00,MHImain,HKFE,20509.0,20613.0,20343.0,20550.0,34542.0,707867888.0,0.0
2022-07-25 17:15:00,MHImain,HKFE,20566.0,20677.0,20566.0,20614.0,4040.0,83364158.0,0.0
2022-07-25 21:15:00,MHImain,HKFE,20616.0,20682.0,20543.0,20671.0,10180.0,209822271.0,0.0
2022-07-26 01:15:00,MHImain,HKFE,20671.0,20873.0,20612.0,20825.0,33043.0,684701835.0,0.0
2022-07-26 11:00:00,MHImain,HKFE,20823.0,20976.0,20816.0,20876.0,29297.0,612578473.0,0.0
2022-07-26 17:15:00,MHImain,HKFE,20892.0,20893.0,20772.0,20817.0,5204.0,108389928.0,0.0
2022-07-26 21:15:00,MHImain,HKFE,20818.0,20873.0,20617.0,20652.0,10831.0,224655782.0,0.0
2022-07-27 01:15:00,MHImain,HKFE,20653.0,20780.0,20575.0,20590.0,25153.0,519816098.0,0.0
2022-07-27 11:00:00,MHImain,HKFE,20589.0,20712.0,20575.0,20668.0,22143.0,457004823.0,0.0
2022-07-27 17:15:00,MHImain,HKFE,20649.0,20715.0,20616.0,20686.0,2064.0,42671137.0,0.0
2022-07-27 21:15:00,MHImain,HKFE,20686.0,20686.0,20538.0,20612.0,4763.0,98184674.0,0.0
2022-07-28 01:15:00,MHImain,HKFE,20608.0,20765.0,20555.0,20679.0,26137.0,539914282.0,0.0
2022-07-28 11:00:00,MHImain,HKFE,20679.0,20683.0,20493.0,20598.0,28507.0,586655413.0,0.0
2022-07-28 17:15:00,MHImain,HKFE,20595.0,20631.0,20522.0,20583.0,7236.0,148883797.0,0.0
2022-07-28 21:15:00,MHImain,HKFE,20584.0,20658.0,20310.0,20459.0,17924.0,366633954.0,0.0
2022-07-29 01:15:00,MHImain,HKFE,20458.0,20658.0,20256.0,20291.0,35287.0,721913395.0,0.0
2022-07-29 11:00:00,MHImain,HKFE,20290.0,20303.0,20017.0,20109.0,41360.0,832324827.0,0.0
2022-07-29 17:15:00,MHImain,HKFE,20109.0,20124.0,20004.0,20009.0,5115.0,102646398.0,0.0
2022-07-29 21:15:00,MHImain,HKFE,20008.0,20097.0,19921.0,20034.0,14956.0,299178028.0,0.0
2022-07-30 01:15:00,MHImain,HKFE,20033.0,20040.0,19996.0,20028.0,1043.0,20876868.0,0.0
2022-08-01 01:15:00,MHImain,HKFE,19943.0,20068.0,19854.0,20067.0,33300.0,664415432.0,0.0
2022-08-01 11:00:00,MHImain,HKFE,20067.0,20235.0,20039.0,20137.0,33340.0,671069017.0,0.0
2022-08-01 17:15:00,MHImain,HKFE,20138.0,20170.0,19983.0,20015.0,5218.0,104850559.0,0.0
2022-08-01 21:15:00,MHImain,HKFE,20016.0,20075.0,19821.0,19929.0,19525.0,389797194.0,0.0
2022-08-02 01:15:00,MHImain,HKFE,19928.0,19939.0,19470.0,19528.0,39448.0,775269401.0,0.0
2022-08-02 11:00:00,MHImain,HKFE,19526.0,19744.0,19491.0,19594.0,35399.0,694476369.0,0.0
2022-08-02 17:15:00,MHImain,HKFE,19618.0,19619.0,19458.0,19600.0,7953.0,155381385.0,0.0
2022-08-02 21:15:00,MHImain,HKFE,19600.0,19973.0,19513.0,19872.0,29168.0,574886110.0,0.0
2022-08-03 01:15:00,MHImain,HKFE,19874.0,19898.0,19650.0,19679.0,34731.0,687237058.0,0.0
2022-08-03 11:00:00,MHImain,HKFE,19678.0,19857.0,19633.0,19745.0,33177.0,654885745.0,0.0
2022-08-03 17:15:00,MHImain,HKFE,19746.0,19797.0,19743.0,19772.0,3608.0,71326321.0,0.0
2022-08-03 21:15:00,MHImain,HKFE,19770.0,19947.0,19665.0,19931.0,15925.0,314975149.0,0.0
2022-08-04 01:15:00,MHImain,HKFE,19934.0,20195.0,19890.0,20124.0,32256.0,647930249.0,0.0
2022-08-04 11:00:00,MHImain,HKFE,20126.0,20165.0,19958.0,20135.0,29603.0,594041644.0,0.0
2022-08-04 17:15:00,MHImain,HKFE,20136.0,20336.0,20118.0,20260.0,10450.0,211513209.0,0.0
2022-08-04 21:15:00,MHImain,HKFE,20259.0,20353.0,20127.0,20182.0,17464.0,353315569.0,0.0
2022-08-05 01:15:00,MHImain,HKFE,20185.0,20303.0,20077.0,20099.0,29105.0,586902690.0,0.0
2022-08-05 11:00:00,MHImain,HKFE,20098.0,20252.0,20050.0,20115.0,31217.0,629276472.0,0.0
2022-08-05 17:15:00,MHImain,HKFE,20109.0,20139.0,19945.0,19958.0,8663.0,173548939.0,0.0
2022-08-05 21:15:00,MHImain,HKFE,19957.0,20085.0,19908.0,20046.0,13730.0,274710329.0,0.0
2022-08-06 01:15:00,MHImain,HKFE,20046.0,20047.0,19988.0,20006.0,1123.0,22475889.0,0.0
2022-08-08 01:15:00,MHImain,HKFE,20031.0,20165.0,19936.0,19985.0,28954.0,579671028.0,0.0
2022-08-08 11:00:00,MHImain,HKFE,19984.0,20088.0,19909.0,20000.0,25951.0,519205376.0,0.0
2022-08-08 17:15:00,MHImain,HKFE,19999.0,20062.0,19958.0,20015.0,3873.0,77503406.0,0.0
2022-08-08 21:15:00,MHImain,HKFE,20015.0,20096.0,19955.0,19994.0,10192.0,204251333.0,0.0
2022-08-09 01:15:00,MHImain,HKFE,19993.0,20049.0,19816.0,19971.0,30404.0,605944457.0,0.0
2022-08-09 11:00:00,MHImain,HKFE,19971.0,20236.0,19942.0,19998.0,42245.0,847920299.0,0.0
2022-08-09 17:15:00,MHImain,HKFE,19994.0,20034.0,19933.0,19968.0,3935.0,78598179.0,0.0
2022-08-09 21:15:00,MHImain,HKFE,19969.0,20032.0,19884.0,19906.0,10196.0,203395705.0,0.0
2022-08-10 01:15:00,MHImain,HKFE,19903.0,19920.0,19523.0,19569.0,34298.0,676735543.0,0.0
2022-08-10 11:00:00,MHImain,HKFE,19570.0,19594.0,19426.0,19557.0,31269.0,610192777.0,0.0
2022-08-10 17:15:00,MHImain,HKFE,19570.0,19796.0,19570.0,19705.0,11787.0,232053001.0,0.0
2022-08-10 21:15:00,MHImain,HKFE,19706.0,19828.0,19638.0,19811.0,13349.0,263437439.0,0.0
2022-08-11 01:15:00,MHImain,HKFE,19811.0,19874.0,19761.0,19827.0,26864.0,532314577.0,0.0
2022-08-11 11:00:00,MHImain,HKFE,19827.0,20075.0,19820.0,20021.0,39272.0,784140650.0,0.0
2022-08-11 17:15:00,MHImain,HKFE,20030.0,20089.0,19980.0,20065.0,5431.0,108792837.0,0.0
2022-08-11 21:15:00,MHImain,HKFE,20065.0,20333.0,20033.0,20124.0,21775.0,439774967.0,0.0
2022-08-12 01:15:00,MHImain,HKFE,20124.0,20152.0,19979.0,20097.0,29051.0,582448185.0,0.0
2022-08-12 11:00:00,MHImain,HKFE,20099.0,20201.0,20062.0,20134.0,29398.0,591756566.0,0.0
2022-08-12 17:15:00,MHImain,HKFE,20116.0,20116.0,19870.0,19928.0,11312.0,225630352.0,0.0
2022-08-12 21:15:00,MHImain,HKFE,19927.0,20123.0,19921.0,20114.0,14279.0,285682321.0,0.0
2022-08-13 01:15:00,MHImain,HKFE,20114.0,20160.0,20102.0,20122.0,1310.0,26378659.0,0.0
2022-08-15 01:15:00,MHImain,HKFE,20080.0,20253.0,19951.0,20021.0,30226.0,607072015.0,0.0
2022-08-15 11:00:00,MHImain,HKFE,20022.0,20172.0,19987.0,20034.0,27229.0,546810839.0,0.0
2022-08-15 17:15:00,MHImain,HKFE,20027.0,20034.0,19928.0,19969.0,5570.0,111275366.0,0.0
2022-08-15 21:15:00,MHImain,HKFE,19969.0,20093.0,19938.0,20080.0,9697.0,194005185.0,0.0
2022-08-16 01:15:00,MHImain,HKFE,20080.0,20165.0,20005.0,20081.0,28981.0,581941763.0,0.0
2022-08-16 11:00:00,MHImain,HKFE,20080.0,20091.0,19649.0,19825.0,45563.0,904124801.0,0.0
2022-08-16 17:15:00,MHImain,HKFE,19839.0,19898.0,19819.0,19849.0,6029.0,119728164.0,0.0
2022-08-16 21:15:00,MHImain,HKFE,19853.0,19965.0,19832.0,19956.0,9223.0,183568825.0,0.0
2022-08-17 01:15:00,MHImain,HKFE,19956.0,20020.0,19776.0,19917.0,29775.0,591878610.0,0.0
2022-08-17 11:00:00,MHImain,HKFE,19918.0,20068.0,19852.0,19903.0,29351.0,585816589.0,0.0
2022-08-17 17:15:00,MHImain,HKFE,19896.0,19925.0,19763.0,19840.0,7328.0,145296977.0,0.0
2022-08-17 21:15:00,MHImain,HKFE,19838.0,19933.0,19831.0,19920.0,10102.0,200847704.0,0.0
2022-08-18 01:15:00,MHImain,HKFE,19922.0,19993.0,19752.0,19781.0,29045.0,576555604.0,0.0
2022-08-18 11:00:00,MHImain,HKFE,19781.0,19875.0,19658.0,19736.0,32358.0,639187428.0,0.0
2022-08-18 17:15:00,MHImain,HKFE,19745.0,19804.0,19730.0,19765.0,5117.0,101176633.0,0.0
2022-08-18 21:15:00,MHImain,HKFE,19765.0,19765.0,19630.0,19653.0,10688.0,210386308.0,0.0
2022-08-19 01:15:00,MHImain,HKFE,19657.0,19872.0,19603.0,19868.0,28428.0,561766803.0,0.0
2022-08-19 11:00:00,MHImain,HKFE,19870.0,19898.0,19678.0,19723.0,29253.0,578894783.0,0.0
2022-08-19 17:15:00,MHImain,HKFE,19727.0,19729.0,19616.0,19640.0,5104.0,100355254.0,0.0
2022-08-19 21:15:00,MHImain,HKFE,19642.0,19700.0,19538.0,19574.0,10201.0,199930550.0,0.0
2022-08-20 01:15:00,MHImain,HKFE,19574.0,19590.0,19543.0,19552.0,1194.0,23360965.0,0.0
2022-08-22 01:15:00,MHImain,HKFE,19510.0,19818.0,19452.0,19811.0,30237.0,594217834.0,0.0
2022-08-22 11:00:00,MHImain,HKFE,19811.0,19818.0,19577.0,19593.0,28871.0,569324555.0,0.0
2022-08-22 17:15:00,MHImain,HKFE,19596.0,19659.0,19553.0,19589.0,4252.0,83349051.0,0.0
2022-08-22 21:15:00,MHImain,HKFE,19590.0,19679.0,19569.0,19639.0,9997.0,196220707.0,0.0
2022-08-23 01:15:00,MHImain,HKFE,19642.0,19679.0,19435.0,19450.0,29415.0,574948395.0,0.0
2022-08-23 11:00:00,MHImain,HKFE,19449.0,19587.0,19345.0,19473.0,36609.0,712342879.0,0.0
2022-08-23 17:15:00,MHImain,HKFE,19481.0,19533.0,19455.0,19470.0,4572.0,89099005.0,0.0
2022-08-23 21:15:00,MHImain,HKFE,19472.0,19545.0,19351.0,19508.0,14428.0,280959053.0,0.0
2022-08-24 01:15:00,MHImain,HKFE,19507.0,19529.0,19225.0,19234.0,29089.0,562861261.0,0.0
2022-08-24 11:00:00,MHImain,HKFE,19235.0,19307.0,19165.0,19241.0,30604.0,588680049.0,0.0
2022-08-24 17:15:00,MHImain,HKFE,19254.0,19277.0,19204.0,19263.0,3165.0,60915710.0,0.0
2022-08-24 21:15:00,MHImain,HKFE,19263.0,19263.0,19263.0,19263.0,0.0,0.0,0.0
2022-08-25 01:15:00,MHImain,HKFE,19263.0,19263.0,19263.0,19263.0,0.0,0.0,0.0
2022-08-25 11:00:00,MHImain,HKFE,19263.0,19974.0,19263.0,19920.0,60320.0,1189087705.0,0.0
2022-08-25 17:15:00,MHImain,HKFE,19944.0,19970.0,19869.0,19932.0,6110.0,121607632.0,0.0
2022-08-25 21:15:00,MHImain,HKFE,19934.0,20187.0,19865.0,20136.0,27828.0,558123476.0,0.0
2022-08-26 01:15:00,MHImain,HKFE,20136.0,20237.0,20069.0,20070.0,31037.0,624667648.0,0.0
2022-08-26 11:00:00,MHImain,HKFE,20071.0,20171.0,20044.0,20124.0,26434.0,531324069.0,0.0
2022-08-26 17:15:00,MHImain,HKFE,20140.0,20627.0,20138.0,20624.0,15839.0,323006998.0,0.0
2022-08-26 21:15:00,MHImain,HKFE,20625.0,20674.0,20169.0,20221.0,28302.0,576934097.0,0.0
2022-08-27 01:15:00,MHImain,HKFE,20221.0,20233.0,20130.0,20145.0,2221.0,44812789.0,0.0
2022-08-29 01:15:00,MHImain,HKFE,20000.0,20057.0,19857.0,19967.0,26282.0,524569412.0,0.0
2022-08-29 11:00:00,MHImain,HKFE,19965.0,20082.0,19961.0,20027.0,21356.0,427482995.0,0.0
2022-08-29 17:15:00,MHImain,HKFE,19920.0,19999.0,19898.0,19973.0,2254.0,44982082.0,0.0
2022-08-29 21:15:00,MHImain,HKFE,19971.0,20127.0,19925.0,20000.0,7540.0,150955794.0,0.0
2022-08-30 01:15:00,MHImain,HKFE,19996.0,20022.0,19526.0,19661.0,32820.0,646593791.0,0.0
2022-08-30 11:00:00,MHImain,HKFE,19662.0,19873.0,19634.0,19872.0,32056.0,633752218.0,0.0
2022-08-30 17:15:00,MHImain,HKFE,19850.0,19886.0,19753.0,19764.0,5421.0,107448539.0,0.0
2022-08-30 21:15:00,MHImain,HKFE,19764.0,19772.0,19435.0,19437.0,21888.0,428109329.0,0.0
2022-08-31 01:15:00,MHImain,HKFE,19437.0,19630.0,19414.0,19590.0,29327.0,573198289.0,0.0
2022-08-31 11:00:00,MHImain,HKFE,19590.0,20075.0,19580.0,19827.0,49084.0,974574723.0,0.0
2022-08-31 17:15:00,MHImain,HKFE,19818.0,19875.0,19746.0,19848.0,6202.0,122831330.0,0.0
2022-08-31 21:15:00,MHImain,HKFE,19850.0,19966.0,19768.0,19780.0,17175.0,341131201.0,0.0
2022-09-01 01:15:00,MHImain,HKFE,19779.0,19790.0,19571.0,19693.0,31548.0,620258857.0,0.0
2022-09-01 11:00:00,MHImain,HKFE,19693.0,19725.0,19446.0,19500.0,38435.0,751391963.0,0.0
2022-09-01 17:15:00,MHImain,HKFE,19525.0,19563.0,19472.0,19505.0,4410.0,86065962.0,0.0
2022-09-01 21:15:00,MHImain,HKFE,19503.0,19554.0,19355.0,19440.0,15725.0,305460691.0,0.0
2022-09-02 01:15:00,MHImain,HKFE,19440.0,19546.0,19310.0,19354.0,31612.0,614125245.0,0.0
2022-09-02 11:00:00,MHImain,HKFE,19354.0,19430.0,19247.0,19401.0,30291.0,586036928.0,0.0
2022-09-02 17:15:00,MHImain,HKFE,19404.0,19449.0,19321.0,19401.0,5626.0,109078314.0,0.0
2022-09-02 21:15:00,MHImain,HKFE,19403.0,19458.0,19272.0,19302.0,13295.0,257454835.0,0.0
2022-09-03 01:15:00,MHImain,HKFE,19301.0,19319.0,19235.0,19250.0,2740.0,52810101.0,0.0
2022-09-05 01:15:00,MHImain,HKFE,19281.0,19290.0,18990.0,19032.0,32508.0,621145678.0,0.0
2022-09-05 11:00:00,MHImain,HKFE,19029.0,19233.0,18972.0,19145.0,30761.0,587984890.0,0.0
2022-09-05 17:15:00,MHImain,HKFE,19157.0,19312.0,19133.0,19208.0,5270.0,101219396.0,0.0
2022-09-05 21:15:00,MHImain,HKFE,19208.0,19239.0,19193.0,19217.0,2627.0,50477694.0,0.0
2022-09-06 01:15:00,MHImain,HKFE,19217.0,19322.0,19085.0,19177.0,28991.0,556714605.0,0.0
2022-09-06 11:00:00,MHImain,HKFE,19175.0,19260.0,19060.0,19135.0,30891.0,591855807.0,0.0
2022-09-06 17:15:00,MHImain,HKFE,19131.0,19168.0,19081.0,19095.0,3795.0,72590446.0,0.0
2022-09-06 21:15:00,MHImain,HKFE,19094.0,19115.0,18894.0,18929.0,16018.0,304197264.0,0.0
2022-09-07 01:15:00,MHImain,HKFE,18931.0,18979.0,18790.0,18869.0,30225.0,570824271.0,0.0
2022-09-07 11:00:00,MHImain,HKFE,18871.0,19056.0,18772.0,19002.0,41132.0,777280253.0,0.0
2022-09-07 17:15:00,MHImain,HKFE,18997.0,19001.0,18892.0,18906.0,4537.0,85958095.0,0.0
2022-09-07 21:15:00,MHImain,HKFE,18904.0,18999.0,18845.0,18994.0,11083.0,209835406.0,0.0
2022-09-08 01:15:00,MHImain,HKFE,18994.0,19104.0,18880.0,18899.0,29099.0,551990937.0,0.0
2022-09-08 11:00:00,MHImain,HKFE,18899.0,18973.0,18770.0,18856.0,32805.0,618953244.0,0.0
2022-09-08 17:15:00,MHImain,HKFE,18864.0,18909.0,18803.0,18804.0,5139.0,96897467.0,0.0
2022-09-08 21:15:00,MHImain,HKFE,18804.0,18920.0,18722.0,18885.0,14501.0,273058431.0,0.0
2022-09-09 01:15:00,MHImain,HKFE,18884.0,19314.0,18822.0,19302.0,38124.0,729267223.0,0.0
2022-09-09 11:00:00,MHImain,HKFE,19300.0,19413.0,19243.0,19360.0,30438.0,588659596.0,0.0
2022-09-09 17:15:00,MHImain,HKFE,19352.0,19355.0,19263.0,19278.0,4528.0,87412893.0,0.0
2022-09-09 21:15:00,MHImain,HKFE,19277.0,19351.0,19226.0,19276.0,8679.0,167441574.0,0.0
2022-09-10 01:15:00,MHImain,HKFE,19275.0,19290.0,19256.0,19261.0,1007.0,19412636.0,0.0
2022-09-13 01:15:00,MHImain,HKFE,19475.0,19514.0,19285.0,19458.0,27879.0,540707212.0,0.0
2022-09-13 11:00:00,MHImain,HKFE,19455.0,19492.0,19281.0,19319.0,26029.0,504862757.0,0.0
2022-09-13 17:15:00,MHImain,HKFE,19319.0,19405.0,19054.0,19067.0,11012.0,211470886.0,0.0
2022-09-13 21:15:00,MHImain,HKFE,19067.0,19155.0,19020.0,19029.0,9964.0,190078834.0,0.0
2022-09-14 01:15:00,MHImain,HKFE,19031.0,19051.0,18794.0,18804.0,31721.0,598561537.0,0.0
2022-09-14 11:00:00,MHImain,HKFE,18803.0,18896.0,18759.0,18804.0,27669.0,520863802.0,0.0
2022-09-14 17:15:00,MHImain,HKFE,18830.0,18848.0,18768.0,18836.0,4690.0,88229865.0,0.0
2022-09-14 21:15:00,MHImain,HKFE,18837.0,18860.0,18742.0,18855.0,9499.0,178723094.0,0.0
2022-09-15 01:15:00,MHImain,HKFE,18856.0,18989.0,18788.0,18893.0,26481.0,500458172.0,0.0
2022-09-15 11:00:00,MHImain,HKFE,18893.0,18956.0,18824.0,18861.0,24402.0,461118611.0,0.0
2022-09-15 17:15:00,MHImain,HKFE,18867.0,18879.0,18782.0,18829.0,4751.0,89462318.0,0.0
2022-09-15 21:15:00,MHImain,HKFE,18830.0,18948.0,18772.0,18875.0,11881.0,224041890.0,0.0
2022-09-16 01:15:00,MHImain,HKFE,18878.0,18903.0,18637.0,18803.0,33891.0,635240756.0,0.0
2022-09-16 11:00:00,MHImain,HKFE,18805.0,18908.0,18665.0,18713.0,31288.0,587984650.0,0.0
2022-09-16 17:15:00,MHImain,HKFE,18731.0,18791.0,18701.0,18731.0,4072.0,76346410.0,0.0
2022-09-16 21:15:00,MHImain,HKFE,18730.0,18768.0,18630.0,18638.0,11954.0,223547175.0,0.0
2022-09-17 01:15:00,MHImain,HKFE,18638.0,18680.0,18622.0,18670.0,1686.0,31441027.0,0.0
2022-09-19 01:15:00,MHImain,HKFE,18734.0,18764.0,18501.0,18624.0,34078.0,633653403.0,0.0
2022-09-19 11:00:00,MHImain,HKFE,18623.0,18635.0,18488.0,18579.0,26011.0,482667712.0,0.0
2022-09-19 17:15:00,MHImain,HKFE,18575.0,18625.0,18516.0,18587.0,5514.0,102408394.0,0.0
2022-09-19 21:15:00,MHImain,HKFE,18581.0,18690.0,18560.0,18674.0,9505.0,177130475.0,0.0
2022-09-20 01:15:00,MHImain,HKFE,18669.0,18831.0,18655.0,18803.0,29513.0,553474731.0,0.0
2022-09-20 11:00:00,MHImain,HKFE,18805.0,18873.0,18729.0,18756.0,28461.0,534727756.0,0.0
2022-09-20 17:15:00,MHImain,HKFE,18747.0,18747.0,18675.0,18693.0,4691.0,87754434.0,0.0
2022-09-20 21:15:00,MHImain,HKFE,18695.0,18735.0,18640.0,18643.0,7718.0,144263951.0,0.0
2022-09-21 01:15:00,MHImain,HKFE,18640.0,18640.0,18433.0,18513.0,29342.0,543621681.0,0.0
2022-09-21 11:00:00,MHImain,HKFE,18515.0,18630.0,18421.0,18453.0,33019.0,610958579.0,0.0
2022-09-21 17:15:00,MHImain,HKFE,18454.0,18497.0,18436.0,18463.0,3838.0,70882594.0,0.0
2022-09-21 21:15:00,MHImain,HKFE,18464.0,18482.0,18340.0,18345.0,8958.0,164707732.0,0.0
2022-09-22 01:15:00,MHImain,HKFE,18343.0,18488.0,17955.0,18163.0,39165.0,709771012.0,0.0
2022-09-22 11:00:00,MHImain,HKFE,18166.0,18174.0,18047.0,18166.0,23615.0,427451113.0,0.0
2022-09-22 17:15:00,MHImain,HKFE,18142.0,18208.0,18124.0,18198.0,5208.0,94584455.0,0.0
2022-09-22 21:15:00,MHImain,HKFE,18202.0,18225.0,18071.0,18085.0,9609.0,174210508.0,0.0
2022-09-23 01:15:00,MHImain,HKFE,18083.0,18157.0,17997.0,17999.0,26961.0,487280419.0,0.0
2022-09-23 11:00:00,MHImain,HKFE,17999.0,18103.0,17869.0,17890.0,36419.0,655355094.0,0.0
2022-09-23 17:15:00,MHImain,HKFE,17872.0,17916.0,17804.0,17854.0,6347.0,113322635.0,0.0
2022-09-23 21:15:00,MHImain,HKFE,17855.0,17869.0,17727.0,17786.0,11850.0,210844106.0,0.0
2022-09-24 01:15:00,MHImain,HKFE,17786.0,17805.0,17700.0,17709.0,2523.0,44768164.0,0.0
2022-09-26 01:15:00,MHImain,HKFE,17718.0,18084.0,17710.0,17973.0,34030.0,609970728.0,0.0
2022-09-26 11:00:00,MHImain,HKFE,17975.0,17998.0,17728.0,17869.0,38452.0,686964581.0,0.0
2022-09-26 17:15:00,MHImain,HKFE,17876.0,17885.0,17772.0,17860.0,5571.0,99291216.0,0.0
2022-09-26 21:15:00,MHImain,HKFE,17863.0,17976.0,17799.0,17800.0,10181.0,182252752.0,0.0
2022-09-27 01:15:00,MHImain,HKFE,17800.0,17913.0,17675.0,17700.0,31156.0,554717915.0,0.0
2022-09-27 11:00:00,MHImain,HKFE,17700.0,17892.0,17651.0,17831.0,33430.0,594136414.0,0.0
2022-09-27 17:15:00,MHImain,HKFE,17820.0,17823.0,17757.0,17788.0,4146.0,73765074.0,0.0
2022-09-27 21:15:00,MHImain,HKFE,17791.0,17888.0,17537.0,17555.0,13286.0,235407453.0,0.0
2022-09-28 01:15:00,MHImain,HKFE,17555.0,17675.0,17358.0,17407.0,33057.0,578859344.0,0.0
2022-09-28 11:00:00,MHImain,HKFE,17406.0,17507.0,17175.0,17251.0,35028.0,607846426.0,0.0
2022-09-28 17:15:00,MHImain,HKFE,17241.0,17356.0,17181.0,17334.0,5568.0,96241801.0,0.0
2022-09-28 21:15:00,MHImain,HKFE,17338.0,17609.0,17324.0,17597.0,8800.0,153825257.0,0.0
2022-09-29 01:15:00,MHImain,HKFE,17600.0,17665.0,17437.0,17456.0,25883.0,454076406.0,0.0
2022-09-29 11:00:00,MHImain,HKFE,17455.0,17499.0,17027.0,17175.0,44342.0,764198905.0,0.0
2022-09-29 17:15:00,MHImain,HKFE,17180.0,17297.0,17180.0,17226.0,8240.0,142007397.0,0.0
2022-09-29 21:15:00,MHImain,HKFE,17222.0,17255.0,17061.0,17192.0,13347.0,228891901.0,0.0
2022-09-30 01:15:00,MHImain,HKFE,17190.0,17362.0,17044.0,17251.0,43069.0,740881431.0,0.0
2022-09-30 11:00:00,MHImain,HKFE,17253.0,17346.0,17126.0,17211.0,37711.0,649563898.0,0.0
2022-09-30 17:15:00,MHImain,HKFE,17232.0,17264.0,17109.0,17177.0,5122.0,88050265.0,0.0
2022-09-30 21:15:00,MHImain,HKFE,17176.0,17328.0,17142.0,17235.0,9168.0,158023771.0,0.0
2022-10-01 01:15:00,MHImain,HKFE,17233.0,17254.0,17190.0,17200.0,1339.0,23053550.0,0.0
2022-10-03 01:15:00,MHImain,HKFE,17010.0,17277.0,16979.0,17053.0,30635.0,524573272.0,0.0
2022-10-03 11:00:00,MHImain,HKFE,17053.0,17183.0,16928.0,17078.0,36582.0,624068657.0,0.0
2022-10-03 17:15:00,MHImain,HKFE,17096.0,17217.0,17065.0,17207.0,4844.0,83050754.0,0.0
2022-10-03 21:15:00,MHImain,HKFE,17207.0,17318.0,17116.0,17296.0,11614.0,200267864.0,0.0
2022-10-04 01:15:00,MHImain,HKFE,17299.0,17350.0,17295.0,17350.0,1589.0,27526050.0,0.0
2022-10-05 01:15:00,MHImain,HKFE,17721.0,18005.0,17673.0,17967.0,41449.0,739099786.0,0.0
2022-10-05 11:00:00,MHImain,HKFE,17966.0,18204.0,17947.0,18077.0,43154.0,780659723.0,0.0
2022-10-05 17:15:00,MHImain,HKFE,18082.0,18103.0,17994.0,17996.0,4356.0,78604950.0,0.0
2022-10-05 21:15:00,MHImain,HKFE,17993.0,18070.0,17866.0,18016.0,14859.0,266797740.0,0.0
2022-10-06 01:15:00,MHImain,HKFE,18017.0,18132.0,17973.0,18031.0,31469.0,567683794.0,0.0
2022-10-06 11:00:00,MHImain,HKFE,18029.0,18164.0,17974.0,17991.0,28597.0,516238108.0,0.0
2022-10-06 17:15:00,MHImain,HKFE,17998.0,17999.0,17913.0,17942.0,4920.0,88320641.0,0.0
2022-10-06 21:15:00,MHImain,HKFE,17943.0,18013.0,17870.0,17935.0,12259.0,219789828.0,0.0
2022-10-07 01:15:00,MHImain,HKFE,17933.0,17947.0,17797.0,17866.0,25440.0,454219045.0,0.0
2022-10-07 11:00:00,MHImain,HKFE,17866.0,17882.0,17713.0,17743.0,28509.0,507178289.0,0.0
2022-10-07 17:15:00,MHImain,HKFE,17750.0,17798.0,17606.0,17706.0,9354.0,165603244.0,0.0
2022-10-07 21:15:00,MHImain,HKFE,17707.0,17762.0,17563.0,17579.0,12251.0,216344037.0,0.0
2022-10-08 01:15:00,MHImain,HKFE,17583.0,17612.0,17551.0,17555.0,1662.0,29224396.0,0.0
2022-10-10 01:15:00,MHImain,HKFE,17480.0,17484.0,17271.0,17296.0,33241.0,577094743.0,0.0
2022-10-10 11:00:00,MHImain,HKFE,17295.0,17333.0,17189.0,17220.0,34769.0,599953847.0,0.0
2022-10-10 17:15:00,MHImain,HKFE,17233.0,17326.0,17226.0,17309.0,4023.0,69543718.0,0.0
2022-10-10 21:15:00,MHImain,HKFE,17309.0,17312.0,17075.0,17116.0,13012.0,223585417.0,0.0
2022-10-11 01:15:00,MHImain,HKFE,17116.0,17253.0,16892.0,16973.0,39026.0,665085149.0,0.0
2022-10-11 11:00:00,MHImain,HKFE,16972.0,17045.0,16793.0,16846.0,43465.0,734757702.0,0.0
2022-10-11 17:15:00,MHImain,HKFE,16834.0,16937.0,16773.0,16868.0,7386.0,124418695.0,0.0
2022-10-11 21:15:00,MHImain,HKFE,16868.0,16900.0,16643.0,16849.0,19469.0,326546387.0,0.0
2022-10-12 01:15:00,MHImain,HKFE,16849.0,16861.0,16455.0,16499.0,39115.0,649158839.0,0.0
2022-10-12 11:00:00,MHImain,HKFE,16500.0,17060.0,16444.0,16725.0,72441.0,1211313366.0,0.0
2022-10-12 17:15:00,MHImain,HKFE,16728.0,16777.0,16610.0,16615.0,7581.0,126590852.0,0.0
2022-10-12 21:15:00,MHImain,HKFE,16615.0,16733.0,16552.0,16635.0,13863.0,230714470.0,0.0
2022-10-13 01:15:00,MHImain,HKFE,16633.0,16737.0,16470.0,16484.0,38634.0,641398494.0,0.0
2022-10-13 11:00:00,MHImain,HKFE,16485.0,16661.0,16385.0,16402.0,42148.0,695258604.0,0.0
2022-10-13 17:15:00,MHImain,HKFE,16425.0,16585.0,16135.0,16188.0,16555.0,270357277.0,0.0
2022-10-13 21:15:00,MHImain,HKFE,16183.0,16682.0,16156.0,16634.0,31206.0,512510963.0,0.0
2022-10-14 01:15:00,MHImain,HKFE,16635.0,16942.0,16580.0,16939.0,42474.0,713689178.0,0.0
2022-10-14 11:00:00,MHImain,HKFE,16941.0,17038.0,16522.0,16596.0,55712.0,935996309.0,0.0
2022-10-14 17:15:00,MHImain,HKFE,16596.0,16767.0,16526.0,16729.0,9875.0,164260198.0,0.0
2022-10-14 21:15:00,MHImain,HKFE,16730.0,16731.0,16401.0,16427.0,17287.0,285773920.0,0.0
2022-10-15 01:15:00,MHImain,HKFE,16430.0,16460.0,16386.0,16395.0,1626.0,26699302.0,0.0
2022-10-17 01:15:00,MHImain,HKFE,16385.0,16612.0,16322.0,16378.0,38391.0,631716688.0,0.0
2022-10-17 11:00:00,MHImain,HKFE,16375.0,16760.0,16335.0,16569.0,51708.0,855303647.0,0.0
2022-10-17 17:15:00,MHImain,HKFE,16580.0,16718.0,16577.0,16714.0,5571.0,92751191.0,0.0
2022-10-17 21:15:00,MHImain,HKFE,16714.0,16915.0,16694.0,16882.0,15483.0,260609435.0,0.0
2022-10-18 01:15:00,MHImain,HKFE,16884.0,16960.0,16548.0,16631.0,39715.0,664760302.0,0.0
2022-10-18 11:00:00,MHImain,HKFE,16631.0,16950.0,16624.0,16890.0,47843.0,804080378.0,0.0
2022-10-18 17:15:00,MHImain,HKFE,16878.0,16965.0,16826.0,16945.0,6256.0,105711406.0,0.0
2022-10-18 21:15:00,MHImain,HKFE,16943.0,16982.0,16614.0,16715.0,19924.0,333912405.0,0.0
2022-10-19 01:15:00,MHImain,HKFE,16713.0,16940.0,16652.0,16790.0,35900.0,603983601.0,0.0
2022-10-19 11:00:00,MHImain,HKFE,16791.0,16800.0,16487.0,16519.0,45561.0,757468249.0,0.0
2022-10-19 17:15:00,MHImain,HKFE,16528.0,16561.0,16432.0,16437.0,6724.0,110906165.0,0.0
2022-10-19 21:15:00,MHImain,HKFE,16441.0,16498.0,16297.0,16309.0,14784.0,242647525.0,0.0
2022-10-20 01:15:00,MHImain,HKFE,16311.0,16323.0,16016.0,16195.0,43351.0,699555753.0,0.0
2022-10-20 11:00:00,MHImain,HKFE,16197.0,16475.0,16072.0,16242.0,58236.0,947192275.0,0.0
2022-10-20 17:15:00,MHImain,HKFE,16264.0,16432.0,16262.0,16340.0,9466.0,154814327.0,0.0
2022-10-20 21:15:00,MHImain,HKFE,16343.0,16608.0,16333.0,16371.0,20025.0,330110206.0,0.0
2022-10-21 01:15:00,MHImain,HKFE,16371.0,16387.0,16177.0,16230.0,37535.0,610805139.0,0.0
2022-10-21 11:00:00,MHImain,HKFE,16231.0,16345.0,16141.0,16185.0,38855.0,630834900.0,0.0
2022-10-21 17:15:00,MHImain,HKFE,16198.0,16262.0,16086.0,16208.0,9365.0,151342707.0,0.0
2022-10-21 21:15:00,MHImain,HKFE,16210.0,16381.0,16134.0,16363.0,20511.0,333488724.0,0.0
2022-10-22 01:15:00,MHImain,HKFE,16362.0,16393.0,16339.0,16383.0,2053.0,33605503.0,0.0
2022-10-24 01:15:00,MHImain,HKFE,16240.0,16240.0,15445.0,15501.0,65608.0,1031622638.0,0.0
2022-10-24 11:00:00,MHImain,HKFE,15506.0,15545.0,15091.0,15130.0,61464.0,939514059.0,0.0
2022-10-24 17:15:00,MHImain,HKFE,15140.0,15272.0,15140.0,15228.0,7379.0,112283797.0,0.0
2022-10-24 21:15:00,MHImain,HKFE,15229.0,15254.0,14797.0,15063.0,26393.0,396716773.0,0.0
2022-10-25 01:15:00,MHImain,HKFE,15060.0,15328.0,14957.0,15032.0,65612.0,992743173.0,0.0
2022-10-25 11:00:00,MHImain,HKFE,15034.0,15448.0,15011.0,15178.0,66135.0,1007939835.0,0.0
2022-10-25 17:15:00,MHImain,HKFE,15165.0,15262.0,15064.0,15181.0,7355.0,111375971.0,0.0
2022-10-25 21:15:00,MHImain,HKFE,15183.0,15295.0,15147.0,15157.0,12816.0,194897914.0,0.0
2022-10-26 01:15:00,MHImain,HKFE,15158.0,15594.0,15051.0,15528.0,51172.0,787163766.0,0.0
2022-10-26 11:00:00,MHImain,HKFE,15527.0,15594.0,15223.0,15339.0,49961.0,768237436.0,0.0
2022-10-26 17:15:00,MHImain,HKFE,15347.0,15347.0,15219.0,15263.0,4679.0,71414855.0,0.0
2022-10-26 21:15:00,MHImain,HKFE,15262.0,15742.0,15242.0,15640.0,22558.0,350549613.0,0.0
2022-10-27 01:15:00,MHImain,HKFE,15644.0,15843.0,15591.0,15648.0,42571.0,670022296.0,0.0
2022-10-27 11:00:00,MHImain,HKFE,15646.0,15712.0,15408.0,15465.0,35853.0,557803062.0,0.0
2022-10-27 17:15:00,MHImain,HKFE,15498.0,15517.0,15398.0,15494.0,3110.0,48077576.0,0.0
2022-10-27 21:15:00,MHImain,HKFE,15496.0,15618.0,15404.0,15548.0,8549.0,132715336.0,0.0
2022-10-28 01:15:00,MHImain,HKFE,15546.0,15550.0,15173.0,15192.0,36464.0,559735390.0,0.0
2022-10-28 11:00:00,MHImain,HKFE,15191.0,15242.0,14803.0,14881.0,50722.0,759120525.0,0.0
2022-10-28 17:15:00,MHImain,HKFE,14888.0,14980.0,14870.0,14930.0,6393.0,95419410.0,0.0
2022-10-28 21:15:00,MHImain,HKFE,14931.0,14982.0,14856.0,14976.0,10600.0,158116970.0,0.0
2022-10-29 01:15:00,MHImain,HKFE,14978.0,15028.0,14947.0,15025.0,1408.0,21090034.0,0.0
2022-10-31 01:15:00,MHImain,HKFE,14955.0,15052.0,14623.0,14937.0,51646.0,767254730.0,0.0
2022-10-31 11:00:00,MHImain,HKFE,14940.0,15144.0,14616.0,14632.0,52311.0,778671933.0,0.0
2022-10-31 17:15:00,MHImain,HKFE,14664.0,14687.0,14623.0,14680.0,3707.0,54348745.0,0.0
2022-10-31 21:15:00,MHImain,HKFE,14681.0,14842.0,14677.0,14784.0,13980.0,206548502.0,0.0
2022-11-01 01:15:00,MHImain,HKFE,14785.0,15320.0,14772.0,15199.0,52497.0,791269948.0,0.0
2022-11-01 11:00:00,MHImain,HKFE,15203.0,15647.0,15014.0,15457.0,98407.0,1511644309.0,0.0
2022-11-01 17:15:00,MHImain,HKFE,15438.0,15518.0,15415.0,15513.0,4452.0,68878555.0,0.0
2022-11-01 21:15:00,MHImain,HKFE,15511.0,15558.0,15328.0,15419.0,16914.0,260840381.0,0.0
2022-11-02 01:15:00,MHImain,HKFE,15414.0,15665.0,15284.0,15623.0,47092.0,726137461.0,0.0
2022-11-02 11:00:00,MHImain,HKFE,15623.0,15888.0,15568.0,15835.0,33894.0,533979586.0,0.0
2022-11-02 17:15:00,MHImain,HKFE,15835.0,15835.0,15835.0,15835.0,0.0,0.0,0.0
2022-11-03 01:15:00,MHImain,HKFE,15498.0,15634.0,15391.0,15392.0,39867.0,618153247.0,0.0
2022-11-03 11:00:00,MHImain,HKFE,15390.0,15476.0,15298.0,15314.0,43098.0,663000829.0,0.0
2022-11-03 17:15:00,MHImain,HKFE,15320.0,15358.0,15217.0,15257.0,5657.0,86370126.0,0.0
2022-11-03 21:15:00,MHImain,HKFE,15257.0,15585.0,15222.0,15536.0,19675.0,303688426.0,0.0
2022-11-04 01:15:00,MHImain,HKFE,15537.0,16075.0,15415.0,16059.0,52023.0,822921743.0,0.0
2022-11-04 11:00:00,MHImain,HKFE,16056.0,16538.0,16033.0,16169.0,89045.0,1450754563.0,0.0
2022-11-04 17:15:00,MHImain,HKFE,16152.0,16547.0,16149.0,16513.0,16156.0,263743408.0,0.0
2022-11-04 21:15:00,MHImain,HKFE,16514.0,16519.0,16220.0,16397.0,23490.0,384327974.0,0.0
2022-11-05 01:15:00,MHImain,HKFE,16400.0,16484.0,16354.0,16460.0,1943.0,31887540.0,0.0
2022-11-07 01:15:00,MHImain,HKFE,16110.0,16573.0,15933.0,16504.0,62445.0,1020201782.0,0.0
2022-11-07 11:00:00,MHImain,HKFE,16504.0,16847.0,16504.0,16644.0,69475.0,1158145880.0,0.0
2022-11-07 17:15:00,MHImain,HKFE,16666.0,16783.0,16641.0,16691.0,6205.0,103581203.0,0.0
2022-11-07 21:15:00,MHImain,HKFE,16693.0,16776.0,16524.0,16561.0,12332.0,205146490.0,0.0
2022-11-08 01:15:00,MHImain,HKFE,16553.0,16742.0,16445.0,16553.0,50416.0,836027443.0,0.0
2022-11-08 11:00:00,MHImain,HKFE,16551.0,16638.0,16446.0,16580.0,38119.0,630532620.0,0.0
2022-11-08 17:15:00,MHImain,HKFE,16584.0,16628.0,16561.0,16575.0,3572.0,59282997.0,0.0
2022-11-08 21:15:00,MHImain,HKFE,16580.0,16674.0,16457.0,16655.0,10558.0,174847161.0,0.0
2022-11-09 01:15:00,MHImain,HKFE,16655.0,16762.0,16425.0,16431.0,48260.0,799642045.0,0.0
2022-11-09 11:00:00,MHImain,HKFE,16433.0,16463.0,16230.0,16413.0,49549.0,809292630.0,0.0
2022-11-09 17:15:00,MHImain,HKFE,16390.0,16403.0,16270.0,16277.0,5117.0,83531352.0,0.0
2022-11-09 21:15:00,MHImain,HKFE,16275.0,16312.0,16186.0,16192.0,9869.0,160369284.0,0.0
2022-11-10 01:15:00,MHImain,HKFE,16188.0,16199.0,15946.0,16065.0,43161.0,692069530.0,0.0
2022-11-10 11:00:00,MHImain,HKFE,16065.0,16124.0,15998.0,16075.0,34865.0,560024055.0,0.0
2022-11-10 17:15:00,MHImain,HKFE,16080.0,16240.0,16039.0,16212.0,10253.0,165545887.0,0.0
2022-11-10 21:15:00,MHImain,HKFE,16210.0,16878.0,16189.0,16835.0,33489.0,558193944.0,0.0
2022-11-11 01:15:00,MHImain,HKFE,16835.0,17207.0,16765.0,16994.0,57404.0,974981472.0,0.0
2022-11-11 11:00:00,MHImain,HKFE,16993.0,17388.0,16948.0,17352.0,64865.0,1116657931.0,0.0
2022-11-11 17:15:00,MHImain,HKFE,17338.0,17494.0,17335.0,17458.0,8482.0,147844365.0,0.0
2022-11-11 21:15:00,MHImain,HKFE,17457.0,17623.0,17420.0,17539.0,20104.0,352333964.0,0.0
2022-11-12 01:15:00,MHImain,HKFE,17541.0,17606.0,17528.0,17540.0,2187.0,38423423.0,0.0
2022-11-14 01:15:00,MHImain,HKFE,17763.0,18201.0,17605.0,17877.0,61680.0,1101299352.0,0.0
2022-11-14 11:00:00,MHImain,HKFE,17877.0,17950.0,17544.0,17679.0,53202.0,942901250.0,0.0
2022-11-14 17:15:00,MHImain,HKFE,17670.0,17807.0,17558.0,17780.0,8423.0,148893381.0,0.0
2022-11-14 21:15:00,MHImain,HKFE,17781.0,17815.0,17627.0,17727.0,14521.0,257516387.0,0.0
2022-11-15 01:15:00,MHImain,HKFE,17732.0,18236.0,17577.0,18157.0,61621.0,1105445392.0,0.0
2022-11-15 11:00:00,MHImain,HKFE,18157.0,18382.0,18100.0,18321.0,63691.0,1163294865.0,0.0
2022-11-15 17:15:00,MHImain,HKFE,18305.0,18353.0,18222.0,18343.0,7257.0,132757963.0,0.0
2022-11-15 21:15:00,MHImain,HKFE,18346.0,18494.0,18279.0,18448.0,20728.0,381349724.0,0.0
2022-11-16 01:15:00,MHImain,HKFE,18448.0,18466.0,18107.0,18240.0,56891.0,1039463596.0,0.0
2022-11-16 11:00:00,MHImain,HKFE,18242.0,18318.0,18049.0,18229.0,49484.0,900019685.0,0.0
2022-11-16 17:15:00,MHImain,HKFE,18228.0,18320.0,18185.0,18271.0,7292.0,133155376.0,0.0
2022-11-16 21:15:00,MHImain,HKFE,18272.0,18297.0,18034.0,18047.0,13551.0,245855813.0,0.0
2022-11-17 01:15:00,MHImain,HKFE,18047.0,18145.0,17733.0,17838.0,48950.0,877643133.0,0.0
2022-11-17 11:00:00,MHImain,HKFE,17836.0,18240.0,17723.0,18045.0,58002.0,1041844486.0,0.0
2022-11-17 17:15:00,MHImain,HKFE,18042.0,18042.0,17816.0,17831.0,11278.0,202081992.0,0.0
2022-11-17 21:15:00,MHImain,HKFE,17832.0,18358.0,17741.0,18345.0,23741.0,428493278.0,0.0
2022-11-18 01:15:00,MHImain,HKFE,18345.0,18466.0,18115.0,18147.0,46538.0,850717196.0,0.0
2022-11-18 11:00:00,MHImain,HKFE,18145.0,18239.0,17912.0,17992.0,44621.0,806352942.0,0.0
2022-11-18 17:15:00,MHImain,HKFE,18000.0,18099.0,17981.0,18041.0,6722.0,121302613.0,0.0
2022-11-18 21:15:00,MHImain,HKFE,18041.0,18093.0,17924.0,17936.0,9489.0,170812357.0,0.0
2022-11-19 01:15:00,MHImain,HKFE,17936.0,17977.0,17885.0,17930.0,1751.0,31391578.0,0.0
2022-11-21 01:15:00,MHImain,HKFE,17800.0,17800.0,17395.0,17504.0,42460.0,744284559.0,0.0
2022-11-21 11:00:00,MHImain,HKFE,17500.0,17770.0,17467.0,17666.0,38215.0,674318689.0,0.0
2022-11-21 17:15:00,MHImain,HKFE,17663.0,17684.0,17622.0,17671.0,2921.0,51576942.0,0.0
2022-11-21 21:15:00,MHImain,HKFE,17671.0,17766.0,17583.0,17635.0,10443.0,184499447.0,0.0
2022-11-22 01:15:00,MHImain,HKFE,17638.0,17785.0,17422.0,17539.0,39754.0,699624710.0,0.0
2022-11-22 11:00:00,MHImain,HKFE,17540.0,17713.0,17307.0,17473.0,52539.0,919161780.0,0.0
2022-11-22 17:15:00,MHImain,HKFE,17485.0,17586.0,17482.0,17520.0,6135.0,107570794.0,0.0
2022-11-22 21:15:00,MHImain,HKFE,17518.0,17588.0,17386.0,17539.0,10771.0,188425758.0,0.0
2022-11-23 01:15:00,MHImain,HKFE,17540.0,17572.0,17387.0,17533.0,40844.0,713872916.0,0.0
2022-11-23 11:00:00,MHImain,HKFE,17536.0,17662.0,17418.0,17565.0,41692.0,731998285.0,0.0
2022-11-23 17:15:00,MHImain,HKFE,17573.0,17689.0,17543.0,17644.0,5491.0,96754051.0,0.0
2022-11-23 21:15:00,MHImain,HKFE,17644.0,17732.0,17591.0,17643.0,9320.0,164579774.0,0.0
2022-11-24 01:15:00,MHImain,HKFE,17643.0,17780.0,17562.0,17618.0,36390.0,642852977.0,0.0
2022-11-24 11:00:00,MHImain,HKFE,17619.0,17707.0,17527.0,17658.0,31426.0,553901716.0,0.0
2022-11-24 17:15:00,MHImain,HKFE,17665.0,17714.0,17651.0,17700.0,2916.0,51576212.0,0.0
2022-11-24 21:15:00,MHImain,HKFE,17700.0,17738.0,17691.0,17724.0,2475.0,43848738.0,0.0
2022-11-25 01:15:00,MHImain,HKFE,17724.0,17748.0,17413.0,17473.0,35796.0,627046710.0,0.0
2022-11-25 11:00:00,MHImain,HKFE,17480.0,17653.0,17447.0,17571.0,29123.0,511142801.0,0.0
2022-11-25 17:15:00,MHImain,HKFE,17586.0,17649.0,17551.0,17552.0,3871.0,68125662.0,0.0
2022-11-25 21:15:00,MHImain,HKFE,17552.0,17558.0,17471.0,17511.0,5544.0,97112271.0,0.0
2022-11-26 01:15:00,MHImain,HKFE,17511.0,17511.0,17460.0,17474.0,1124.0,19648771.0,0.0
2022-11-28 01:15:00,MHImain,HKFE,17105.0,17281.0,16825.0,17268.0,41516.0,704984531.0,0.0
2022-11-28 11:00:00,MHImain,HKFE,17268.0,17355.0,17136.0,17316.0,27189.0,468700978.0,0.0
2022-11-28 17:15:00,MHImain,HKFE,17411.0,17455.0,17361.0,17407.0,2347.0,40857192.0,0.0
2022-11-28 21:15:00,MHImain,HKFE,17405.0,17741.0,17383.0,17625.0,7800.0,137424229.0,0.0
2022-11-29 01:15:00,MHImain,HKFE,17628.0,18049.0,17565.0,17955.0,40151.0,714331553.0,0.0
2022-11-29 11:00:00,MHImain,HKFE,17957.0,18335.0,17955.0,18334.0,48151.0,871833634.0,0.0
2022-11-29 17:15:00,MHImain,HKFE,18304.0,18361.0,18270.0,18286.0,6601.0,120904786.0,0.0
2022-11-29 21:15:00,MHImain,HKFE,18289.0,18396.0,18252.0,18289.0,11961.0,219131733.0,0.0
2022-11-30 01:15:00,MHImain,HKFE,18287.0,18458.0,18123.0,18315.0,41532.0,759030687.0,0.0
2022-11-30 11:00:00,MHImain,HKFE,18312.0,18724.0,18259.0,18621.0,54123.0,999792989.0,0.0
2022-11-30 17:15:00,MHImain,HKFE,18625.0,18824.0,18625.0,18781.0,8402.0,157623595.0,0.0
2022-11-30 21:15:00,MHImain,HKFE,18781.0,18962.0,18730.0,18885.0,14807.0,279225739.0,0.0
2022-12-01 01:15:00,MHImain,HKFE,18883.0,19295.0,18840.0,18928.0,51860.0,988130330.0,0.0
2022-12-01 11:00:00,MHImain,HKFE,18931.0,19057.0,18741.0,18791.0,47058.0,889809653.0,0.0
2022-12-01 17:15:00,MHImain,HKFE,18780.0,18840.0,18755.0,18833.0,4106.0,77199171.0,0.0
2022-12-01 21:15:00,MHImain,HKFE,18834.0,19006.0,18787.0,18850.0,14477.0,273611974.0,0.0
2022-12-02 01:15:00,MHImain,HKFE,18850.0,18916.0,18692.0,18720.0,37295.0,701526471.0,0.0
2022-12-02 11:00:00,MHImain,HKFE,18720.0,18828.0,18604.0,18760.0,35640.0,667449719.0,0.0
2022-12-02 17:15:00,MHImain,HKFE,18774.0,18842.0,18753.0,18795.0,2972.0,55833949.0,0.0
2022-12-02 21:15:00,MHImain,HKFE,18794.0,19259.0,18532.0,19241.0,27614.0,522375457.0,0.0
2022-12-03 01:15:00,MHImain,HKFE,19236.0,19238.0,19140.0,19158.0,2995.0,57476059.0,0.0
2022-12-05 01:15:00,MHImain,HKFE,19369.0,19463.0,19091.0,19372.0,47014.0,907417170.0,0.0
2022-12-05 11:00:00,MHImain,HKFE,19371.0,19606.0,19291.0,19530.0,47244.0,919291245.0,0.0
2022-12-05 17:15:00,MHImain,HKFE,19534.0,19562.0,19406.0,19416.0,5746.0,111886417.0,0.0
2022-12-05 21:15:00,MHImain,HKFE,19419.0,19440.0,19142.0,19176.0,16181.0,311650240.0,0.0
2022-12-06 01:15:00,MHImain,HKFE,19175.0,19643.0,19119.0,19370.0,50379.0,979681506.0,0.0
2022-12-06 11:00:00,MHImain,HKFE,19371.0,19543.0,19284.0,19502.0,38323.0,743496827.0,0.0
2022-12-06 17:15:00,MHImain,HKFE,19518.0,19585.0,19488.0,19513.0,4582.0,89520934.0,0.0
2022-12-06 21:15:00,MHImain,HKFE,19514.0,19569.0,19342.0,19489.0,14451.0,281020377.0,0.0
2022-12-07 01:15:00,MHImain,HKFE,19489.0,19684.0,19391.0,19525.0,41631.0,812919694.0,0.0
2022-12-07 11:00:00,MHImain,HKFE,19524.0,19807.0,18837.0,18904.0,84936.0,1642064738.0,0.0
2022-12-07 17:15:00,MHImain,HKFE,18881.0,18920.0,18750.0,18880.0,8762.0,165112040.0,0.0
2022-12-07 21:15:00,MHImain,HKFE,18879.0,19151.0,18875.0,19094.0,17408.0,331166320.0,0.0
2022-12-08 01:15:00,MHImain,HKFE,19094.0,19323.0,18969.0,19305.0,43478.0,833080525.0,0.0
2022-12-08 11:00:00,MHImain,HKFE,19307.0,19570.0,19292.0,19502.0,54331.0,1054954200.0,0.0
2022-12-08 17:15:00,MHImain,HKFE,19486.0,19538.0,19432.0,19483.0,4713.0,91830610.0,0.0
2022-12-08 21:15:00,MHImain,HKFE,19485.0,19650.0,19418.0,19519.0,17299.0,338012338.0,0.0
2022-12-09 01:15:00,MHImain,HKFE,19519.0,19777.0,19446.0,19650.0,45257.0,887160575.0,0.0
2022-12-09 11:00:00,MHImain,HKFE,19652.0,19993.0,19652.0,19939.0,55339.0,1099209177.0,0.0
2022-12-09 17:15:00,MHImain,HKFE,19954.0,19957.0,19845.0,19877.0,5511.0,109597415.0,0.0
2022-12-09 21:15:00,MHImain,HKFE,19877.0,19906.0,19722.0,19779.0,14162.0,280286083.0,0.0
2022-12-10 01:15:00,MHImain,HKFE,19777.0,19784.0,19647.0,19685.0,2983.0,58769980.0,0.0
2022-12-12 01:15:00,MHImain,HKFE,19589.0,19787.0,19555.0,19618.0,38351.0,754174780.0,0.0
2022-12-12 11:00:00,MHImain,HKFE,19618.0,19640.0,19411.0,19444.0,40790.0,796784549.0,0.0
2022-12-12 17:15:00,MHImain,HKFE,19422.0,19568.0,19422.0,19541.0,3934.0,76821774.0,0.0
2022-12-12 21:15:00,MHImain,HKFE,19538.0,19544.0,19273.0,19359.0,12110.0,234594624.0,0.0
2022-12-13 01:15:00,MHImain,HKFE,19357.0,19758.0,19354.0,19678.0,39123.0,766308299.0,0.0
2022-12-13 11:00:00,MHImain,HKFE,19679.0,19723.0,19519.0,19690.0,37226.0,730940251.0,0.0
2022-12-13 17:15:00,MHImain,HKFE,19688.0,19694.0,19431.0,19578.0,8961.0,175310250.0,0.0
2022-12-13 21:15:00,MHImain,HKFE,19580.0,20168.0,19577.0,19750.0,34862.0,695219993.0,0.0
2022-12-14 01:15:00,MHImain,HKFE,19747.0,19932.0,19575.0,19638.0,41546.0,820564029.0,0.0
2022-12-14 11:00:00,MHImain,HKFE,19638.0,19894.0,19618.0,19725.0,37144.0,734423906.0,0.0
2022-12-14 17:15:00,MHImain,HKFE,19711.0,19733.0,19652.0,19670.0,3253.0,64058181.0,0.0
2022-12-14 21:15:00,MHImain,HKFE,19669.0,19801.0,19602.0,19751.0,9278.0,182692268.0,0.0
2022-12-15 01:15:00,MHImain,HKFE,19752.0,19802.0,19271.0,19371.0,40168.0,780713266.0,0.0
2022-12-15 11:00:00,MHImain,HKFE,19370.0,19567.0,19323.0,19385.0,34499.0,671026939.0,0.0
2022-12-15 17:15:00,MHImain,HKFE,19377.0,19564.0,19329.0,19466.0,6057.0,117759603.0,0.0
2022-12-15 21:15:00,MHImain,HKFE,19460.0,19842.0,19310.0,19329.0,33356.0,653252022.0,0.0
2022-12-16 01:15:00,MHImain,HKFE,19329.0,19677.0,19161.0,19656.0,52547.0,1018693130.0,0.0
2022-12-16 11:00:00,MHImain,HKFE,19652.0,19668.0,19358.0,19389.0,42119.0,820779963.0,0.0
2022-12-16 17:15:00,MHImain,HKFE,19375.0,19481.0,19281.0,19468.0,7286.0,141225444.0,0.0
2022-12-16 21:15:00,MHImain,HKFE,19469.0,19530.0,19335.0,19415.0,12735.0,247493231.0,0.0
2022-12-17 01:15:00,MHImain,HKFE,19417.0,19452.0,19360.0,19380.0,1519.0,29484626.0,0.0
2022-12-19 01:15:00,MHImain,HKFE,19558.0,19832.0,19313.0,19375.0,40300.0,788659108.0,0.0
2022-12-19 11:00:00,MHImain,HKFE,19374.0,19501.0,19293.0,19447.0,34844.0,675493530.0,0.0
2022-12-19 17:15:00,MHImain,HKFE,19451.0,19493.0,19424.0,19440.0,3531.0,68686465.0,0.0
2022-12-19 21:15:00,MHImain,HKFE,19441.0,19452.0,19228.0,19288.0,10781.0,208399862.0,0.0
2022-12-20 01:15:00,MHImain,HKFE,19288.0,19326.0,19037.0,19259.0,41270.0,791885675.0,0.0
2022-12-20 11:00:00,MHImain,HKFE,19262.0,19294.0,18917.0,19130.0,47855.0,912812609.0,0.0
2022-12-20 17:15:00,MHImain,HKFE,19134.0,19214.0,19079.0,19104.0,4455.0,85344469.0,0.0
2022-12-20 21:15:00,MHImain,HKFE,19104.0,19285.0,19078.0,19166.0,11064.0,212259027.0,0.0
2022-12-21 01:15:00,MHImain,HKFE,19170.0,19293.0,19106.0,19240.0,32972.0,633370007.0,0.0
2022-12-21 11:00:00,MHImain,HKFE,19239.0,19253.0,19081.0,19189.0,28010.0,536461349.0,0.0
2022-12-21 17:15:00,MHImain,HKFE,19189.0,19234.0,19167.0,19223.0,3481.0,66848062.0,0.0
2022-12-21 21:15:00,MHImain,HKFE,19221.0,19382.0,19159.0,19367.0,10511.0,202645338.0,0.0
2022-12-22 01:15:00,MHImain,HKFE,19366.0,19759.0,19350.0,19721.0,40705.0,798440546.0,0.0
2022-12-22 11:00:00,MHImain,HKFE,19721.0,19774.0,19580.0,19680.0,33148.0,652082275.0,0.0
2022-12-22 17:15:00,MHImain,HKFE,19679.0,19818.0,19646.0,19658.0,5522.0,108825129.0,0.0
2022-12-22 21:15:00,MHImain,HKFE,19660.0,19660.0,19350.0,19353.0,12450.0,242725812.0,0.0
2022-12-23 01:15:00,MHImain,HKFE,19354.0,19698.0,19259.0,19585.0,38715.0,756666798.0,0.0
2022-12-23 11:00:00,MHImain,HKFE,19585.0,19704.0,19510.0,19550.0,27924.0,547400587.0,0.0
2022-12-23 17:15:00,MHImain,HKFE,19551.0,19620.0,19524.0,19614.0,3437.0,67303120.0,0.0
2022-12-23 21:15:00,MHImain,HKFE,19615.0,19673.0,19385.0,19447.0,14022.0,273646574.0,0.0
2022-12-24 01:15:00,MHImain,HKFE,19448.0,19472.0,19405.0,19417.0,1165.0,22644966.0,0.0
2022-12-28 01:15:00,MHImain,HKFE,19920.0,20130.0,19757.0,20030.0,32856.0,656336571.0,0.0
2022-12-28 11:00:00,MHImain,HKFE,20032.0,20126.0,19815.0,20019.0,29669.0,591437234.0,0.0
2022-12-28 17:15:00,MHImain,HKFE,20091.0,20118.0,20036.0,20112.0,1742.0,34979754.0,0.0
2022-12-28 21:15:00,MHImain,HKFE,20112.0,20143.0,19715.0,19750.0,8205.0,163245476.0,0.0
2022-12-29 01:15:00,MHImain,HKFE,19748.0,19860.0,19622.0,19788.0,32261.0,636895091.0,0.0
2022-12-29 11:00:00,MHImain,HKFE,19789.0,19844.0,19725.0,19836.0,19328.0,382408854.0,0.0
2022-12-29 17:15:00,MHImain,HKFE,19837.0,19890.0,19837.0,19866.0,2776.0,55158209.0,0.0
2022-12-29 21:15:00,MHImain,HKFE,19866.0,20128.0,19855.0,20045.0,14538.0,290901663.0,0.0
2022-12-30 01:15:00,MHImain,HKFE,20044.0,20180.0,19880.0,19944.0,39649.0,794178740.0,0.0
2022-12-30 11:00:00,MHImain,HKFE,19945.0,20021.0,19843.0,19918.0,27505.0,548391510.0,0.0
2022-12-30 17:15:00,MHImain,HKFE,19915.0,19928.0,19792.0,19793.0,4600.0,91364250.0,0.0
2022-12-30 21:15:00,MHImain,HKFE,19794.0,19945.0,19714.0,19722.0,13813.0,273793183.0,0.0
2022-12-31 01:15:00,MHImain,HKFE,19725.0,19763.0,19699.0,19713.0,1762.0,34757403.0,0.0
2023-01-03 01:15:00,MHImain,HKFE,19666.0,20043.0,19338.0,20008.0,58523.0,1151270580.0,0.0
2023-01-03 11:00:00,MHImain,HKFE,20011.0,20305.0,19967.0,20242.0,44832.0,904052952.0,0.0
2023-01-03 17:15:00,MHImain,HKFE,20245.0,20316.0,20161.0,20172.0,6770.0,136979955.0,0.0
2023-01-03 21:15:00,MHImain,HKFE,20172.0,20468.0,20169.0,20271.0,18615.0,378864816.0,0.0
2023-01-04 01:15:00,MHImain,HKFE,20273.0,20653.0,20229.0,20608.0,41675.0,852957305.0,0.0
2023-01-04 11:00:00,MHImain,HKFE,20610.0,20958.0,20541.0,20925.0,44999.0,932173879.0,0.0
2023-01-04 17:15:00,MHImain,HKFE,20922.0,20922.0,20854.0,20892.0,6884.0,143777132.0,0.0
2023-01-04 21:15:00,MHImain,HKFE,20890.0,21267.0,20880.0,21255.0,20622.0,433828901.0,0.0
2023-01-05 01:15:00,MHImain,HKFE,21254.0,21474.0,21115.0,21170.0,53032.0,1128288156.0,0.0
2023-01-05 11:00:00,MHImain,HKFE,21169.0,21230.0,21028.0,21215.0,37406.0,790630065.0,0.0
2023-01-05 17:15:00,MHImain,HKFE,21194.0,21303.0,21193.0,21230.0,5108.0,108589832.0,0.0
2023-01-05 21:15:00,MHImain,HKFE,21236.0,21372.0,21128.0,21292.0,19441.0,412980672.0,0.0
2023-01-06 01:15:00,MHImain,HKFE,21289.0,21407.0,21092.0,21193.0,36736.0,778871931.0,0.0
2023-01-06 11:00:00,MHImain,HKFE,21191.0,21368.0,20939.0,21075.0,47322.0,999743024.0,0.0
2023-01-06 17:15:00,MHImain,HKFE,21057.0,21103.0,21002.0,21047.0,3779.0,79568949.0,0.0
2023-01-06 21:15:00,MHImain,HKFE,21047.0,21460.0,21020.0,21400.0,23752.0,504448922.0,0.0
2023-01-07 01:15:00,MHImain,HKFE,21400.0,21418.0,21359.0,21403.0,1931.0,41302038.0,0.0
2023-01-09 01:15:00,MHImain,HKFE,21490.0,21561.0,21277.0,21433.0,44878.0,960808572.0,0.0
2023-01-09 11:00:00,MHImain,HKFE,21433.0,21499.0,21336.0,21490.0,26720.0,572302957.0,0.0
2023-01-09 17:15:00,MHImain,HKFE,21485.0,21567.0,21472.0,21501.0,5439.0,117024992.0,0.0
2023-01-09 21:15:00,MHImain,HKFE,21501.0,21595.0,21401.0,21495.0,14968.0,321946986.0,0.0
2023-01-10 01:15:00,MHImain,HKFE,21493.0,21515.0,21251.0,21355.0,39602.0,846835997.0,0.0
2023-01-10 11:00:00,MHImain,HKFE,21353.0,21472.0,21297.0,21428.0,27895.0,596536015.0,0.0
2023-01-10 17:15:00,MHImain,HKFE,21424.0,21482.0,21388.0,21430.0,4177.0,89527039.0,0.0
2023-01-10 21:15:00,MHImain,HKFE,21427.0,21517.0,21352.0,21507.0,12800.0,274551173.0,0.0
2023-01-11 01:15:00,MHImain,HKFE,21507.0,21742.0,21456.0,21685.0,41374.0,894185336.0,0.0
2023-01-11 11:00:00,MHImain,HKFE,21687.0,21756.0,21398.0,21538.0,40979.0,884522059.0,0.0
2023-01-11 17:15:00,MHImain,HKFE,21550.0,21589.0,21530.0,21588.0,3966.0,85505113.0,0.0
2023-01-11 21:15:00,MHImain,HKFE,21588.0,21718.0,21557.0,21712.0,14269.0,308772758.0,0.0
2023-01-12 01:15:00,MHImain,HKFE,21711.0,21766.0,21458.0,21465.0,42387.0,917522913.0,0.0
2023-01-12 11:00:00,MHImain,HKFE,21463.0,21605.0,21291.0,21592.0,47530.0,1019508956.0,0.0
2023-01-12 17:15:00,MHImain,HKFE,21585.0,21662.0,21563.0,21639.0,5757.0,124409379.0,0.0
2023-01-12 21:15:00,MHImain,HKFE,21637.0,21777.0,21473.0,21711.0,24442.0,529284551.0,0.0
2023-01-13 01:15:00,MHImain,HKFE,21712.0,21750.0,21520.0,21557.0,41319.0,893004703.0,0.0
2023-01-13 11:00:00,MHImain,HKFE,21555.0,21837.0,21531.0,21778.0,36834.0,798775161.0,0.0
2023-01-13 17:15:00,MHImain,HKFE,21788.0,21822.0,21685.0,21705.0,5852.0,127290376.0,0.0
2023-01-13 21:15:00,MHImain,HKFE,21703.0,21906.0,21696.0,21821.0,14034.0,306072033.0,0.0
2023-01-14 01:15:00,MHImain,HKFE,21821.0,21894.0,21820.0,21871.0,1823.0,39849030.0,0.0
2023-01-16 01:15:00,MHImain,HKFE,21900.0,21997.0,21772.0,21942.0,38362.0,839561782.0,0.0
2023-01-16 11:00:00,MHImain,HKFE,21945.0,21962.0,21634.0,21723.0,40596.0,884283057.0,0.0
2023-01-16 17:15:00,MHImain,HKFE,21738.0,21738.0,21655.0,21678.0,4136.0,89718308.0,0.0
2023-01-16 21:15:00,MHImain,HKFE,21679.0,21698.0,21640.0,21652.0,3418.0,74062660.0,0.0
2023-01-17 01:15:00,MHImain,HKFE,21650.0,21840.0,21533.0,21593.0,40785.0,883929162.0,0.0
2023-01-17 11:00:00,MHImain,HKFE,21590.0,21640.0,21458.0,21630.0,30950.0,666995553.0,0.0
2023-01-17 17:15:00,MHImain,HKFE,21626.0,21691.0,21607.0,21635.0,4037.0,87381475.0,0.0
2023-01-17 21:15:00,MHImain,HKFE,21638.0,21708.0,21552.0,21595.0,11834.0,255909547.0,0.0
2023-01-18 01:15:00,MHImain,HKFE,21600.0,21740.0,21460.0,21692.0,38958.0,841829103.0,0.0
2023-01-18 11:00:00,MHImain,HKFE,21693.0,21777.0,21517.0,21712.0,31245.0,676257535.0,0.0
2023-01-18 17:15:00,MHImain,HKFE,21709.0,21727.0,21675.0,21709.0,2888.0,62668898.0,0.0
2023-01-18 21:15:00,MHImain,HKFE,21705.0,21833.0,21525.0,21560.0,15286.0,331426974.0,0.0
2023-01-19 01:15:00,MHImain,HKFE,21556.0,21653.0,21394.0,21601.0,40739.0,876961533.0,0.0
2023-01-19 11:00:00,MHImain,HKFE,21606.0,21779.0,21580.0,21653.0,31684.0,686847780.0,0.0
2023-01-19 17:15:00,MHImain,HKFE,21643.0,21650.0,21548.0,21567.0,3985.0,86074755.0,0.0
2023-01-19 21:15:00,MHImain,HKFE,21569.0,21799.0,21550.0,21761.0,13605.0,295353581.0,0.0
2023-01-20 01:15:00,MHImain,HKFE,21761.0,21928.0,21731.0,21819.0,33358.0,728366414.0,0.0
2023-01-20 11:00:00,MHImain,HKFE,21820.0,22087.0,21808.0,21993.0,32737.0,719233011.0,0.0
2023-01-20 17:15:00,MHImain,HKFE,21989.0,22024.0,21930.0,22013.0,2844.0,62534615.0,0.0
2023-01-20 21:15:00,MHImain,HKFE,22013.0,22158.0,21968.0,22100.0,8867.0,195680978.0,0.0
2023-01-21 01:15:00,MHImain,HKFE,22102.0,22227.0,22100.0,22227.0,2410.0,53427788.0,0.0
2023-01-26 01:15:00,MHImain,HKFE,22385.0,22501.0,22335.0,22452.0,28828.0,646389704.0,0.0
2023-01-26 11:00:00,MHImain,HKFE,22450.0,22589.0,22360.0,22580.0,31470.0,707305625.0,0.0
2023-01-26 17:15:00,MHImain,HKFE,22579.0,22595.0,22513.0,22575.0,3713.0,83722238.0,0.0
2023-01-26 21:15:00,MHImain,HKFE,22578.0,22680.0,22535.0,22602.0,10643.0,240442267.0,0.0
2023-01-27 01:15:00,MHImain,HKFE,22604.0,22683.0,22495.0,22592.0,27436.0,619708297.0,0.0
2023-01-27 11:00:00,MHImain,HKFE,22592.0,22687.0,22526.0,22663.0,17582.0,397486349.0,0.0
2023-01-27 17:15:00,MHImain,HKFE,22767.0,22777.0,22730.0,22755.0,1096.0,24929761.0,0.0
2023-01-27 21:15:00,MHImain,HKFE,22755.0,22801.0,22639.0,22727.0,3743.0,85076698.0,0.0
2023-01-28 01:15:00,MHImain,HKFE,22729.0,22767.0,22720.0,22746.0,641.0,14579995.0,0.0
2023-01-30 01:15:00,MHImain,HKFE,22680.0,22746.0,22499.0,22535.0,30140.0,681918282.0,0.0
2023-01-30 11:00:00,MHImain,HKFE,22534.0,22541.0,22075.0,22137.0,44508.0,991726843.0,0.0
2023-01-30 17:15:00,MHImain,HKFE,22165.0,22243.0,22151.0,22238.0,5160.0,114599356.0,0.0
2023-01-30 21:15:00,MHImain,HKFE,22238.0,22285.0,22094.0,22267.0,13009.0,288980323.0,0.0
2023-01-31 01:15:00,MHImain,HKFE,22267.0,22360.0,22038.0,22044.0,43075.0,956137679.0,0.0
2023-01-31 11:00:00,MHImain,HKFE,22044.0,22059.0,21704.0,21907.0,47401.0,1036291265.0,0.0
2023-01-31 17:15:00,MHImain,HKFE,21900.0,21909.0,21843.0,21879.0,3506.0,76693392.0,0.0
2023-01-31 21:15:00,MHImain,HKFE,21880.0,22002.0,21795.0,21964.0,13552.0,296817889.0,0.0
2023-02-01 01:15:00,MHImain,HKFE,21965.0,22031.0,21771.0,21853.0,40710.0,891739098.0,0.0
2023-02-01 11:00:00,MHImain,HKFE,21853.0,22138.0,21848.0,22100.0,43429.0,956509897.0,0.0
2023-02-01 17:15:00,MHImain,HKFE,22090.0,22096.0,22028.0,22086.0,3997.0,88170690.0,0.0
2023-02-01 21:15:00,MHImain,HKFE,22085.0,22215.0,22045.0,22058.0,12751.0,282044387.0,0.0
2023-02-02 01:15:00,MHImain,HKFE,22056.0,22371.0,22008.0,22197.0,41875.0,930851540.0,0.0
2023-02-02 11:00:00,MHImain,HKFE,22197.0,22277.0,21982.0,22079.0,34202.0,756729141.0,0.0
2023-02-02 17:15:00,MHImain,HKFE,22060.0,22079.0,21976.0,22020.0,4956.0,109113983.0,0.0
2023-02-02 21:15:00,MHImain,HKFE,22018.0,22077.0,21819.0,21888.0,16786.0,368200719.0,0.0
2023-02-03 01:15:00,MHImain,HKFE,21888.0,21935.0,21508.0,21545.0,40843.0,885979344.0,0.0
2023-02-03 11:00:00,MHImain,HKFE,21546.0,21750.0,21525.0,21645.0,38202.0,826888645.0,0.0
2023-02-03 17:15:00,MHImain,HKFE,21654.0,21805.0,21654.0,21783.0,5487.0,119358787.0,0.0
2023-02-03 21:15:00,MHImain,HKFE,21780.0,21791.0,21513.0,21600.0,20070.0,434550214.0,0.0
2023-02-04 01:15:00,MHImain,HKFE,21600.0,21623.0,21489.0,21551.0,2600.0,56017085.0,0.0
2023-02-06 01:15:00,MHImain,HKFE,21350.0,21427.0,21169.0,21215.0,41220.0,877075118.0,0.0
2023-02-06 11:00:00,MHImain,HKFE,21210.0,21340.0,21125.0,21248.0,39394.0,836003268.0,0.0
2023-02-06 17:15:00,MHImain,HKFE,21250.0,21253.0,21175.0,21196.0,3359.0,71240703.0,0.0
2023-02-06 21:15:00,MHImain,HKFE,21198.0,21282.0,21067.0,21214.0,15622.0,330542729.0,0.0
2023-02-07 01:15:00,MHImain,HKFE,21212.0,21550.0,21202.0,21483.0,38738.0,830195493.0,0.0
2023-02-07 11:00:00,MHImain,HKFE,21483.0,21547.0,21289.0,21350.0,35834.0,766569032.0,0.0
2023-02-07 17:15:00,MHImain,HKFE,21350.0,21420.0,21297.0,21302.0,2848.0,60791305.0,0.0
2023-02-07 21:15:00,MHImain,HKFE,21306.0,21348.0,21178.0,21202.0,11237.0,238802181.0,0.0
2023-02-08 01:15:00,MHImain,HKFE,21200.0,21495.0,21114.0,21374.0,50238.0,1071495289.0,0.0
2023-02-08 11:00:00,MHImain,HKFE,21373.0,21443.0,21254.0,21258.0,30019.0,640559805.0,0.0
2023-02-08 17:15:00,MHImain,HKFE,21275.0,21287.0,21228.0,21252.0,3183.0,67659428.0,0.0
2023-02-08 21:15:00,MHImain,HKFE,21251.0,21296.0,21085.0,21154.0,13967.0,295842285.0,0.0
2023-02-09 01:15:00,MHImain,HKFE,21153.0,21473.0,21110.0,21400.0,38483.0,821524967.0,0.0
2023-02-09 11:00:00,MHImain,HKFE,21401.0,21703.0,21347.0,21680.0,47243.0,1017807104.0,0.0
2023-02-09 17:15:00,MHImain,HKFE,21681.0,21737.0,21650.0,21678.0,5212.0,113082161.0,0.0
2023-02-09 21:15:00,MHImain,HKFE,21677.0,21747.0,21560.0,21602.0,11996.0,259707381.0,0.0
2023-02-10 01:15:00,MHImain,HKFE,21602.0,21626.0,21316.0,21319.0,36384.0,781907258.0,0.0
2023-02-10 11:00:00,MHImain,HKFE,21321.0,21323.0,21172.0,21231.0,36344.0,771827828.0,0.0
2023-02-10 17:15:00,MHImain,HKFE,21203.0,21220.0,21085.0,21150.0,6748.0,142656394.0,0.0
2023-02-10 21:15:00,MHImain,HKFE,21149.0,21215.0,21031.0,21037.0,13647.0,288429960.0,0.0
2023-02-11 01:15:00,MHImain,HKFE,21036.0,21130.0,21028.0,21064.0,2302.0,48536483.0,0.0
2023-02-13 01:15:00,MHImain,HKFE,20950.0,21112.0,20814.0,21103.0,39949.0,837957021.0,0.0
2023-02-13 11:00:00,MHImain,HKFE,21102.0,21253.0,21059.0,21180.0,32473.0,686635096.0,0.0
2023-02-13 17:15:00,MHImain,HKFE,21171.0,21264.0,21171.0,21229.0,3486.0,73981112.0,0.0
2023-02-13 21:15:00,MHImain,HKFE,21230.0,21328.0,21172.0,21323.0,10989.0,233478772.0,0.0
2023-02-14 01:15:00,MHImain,HKFE,21321.0,21347.0,21078.0,21129.0,33185.0,702341458.0,0.0
2023-02-14 11:00:00,MHImain,HKFE,21129.0,21263.0,21097.0,21098.0,25401.0,537547664.0,0.0
2023-02-14 17:15:00,MHImain,HKFE,21096.0,21210.0,21095.0,21191.0,3079.0,65164961.0,0.0
2023-02-14 21:15:00,MHImain,HKFE,21191.0,21298.0,20978.0,21119.0,23133.0,488944017.0,0.0
2023-02-15 01:15:00,MHImain,HKFE,21117.0,21172.0,20734.0,20787.0,38223.0,798970340.0,0.0
2023-02-15 11:00:00,MHImain,HKFE,20787.0,20926.0,20759.0,20816.0,31023.0,646201719.0,0.0
2023-02-15 17:15:00,MHImain,HKFE,20831.0,20872.0,20806.0,20808.0,3167.0,65992523.0,0.0
2023-02-15 21:15:00,MHImain,HKFE,20806.0,20882.0,20756.0,20824.0,12443.0,259016977.0,0.0
2023-02-16 01:15:00,MHImain,HKFE,20826.0,21292.0,20801.0,21281.0,41666.0,878581439.0,0.0
2023-02-16 11:00:00,MHImain,HKFE,21285.0,21334.0,20935.0,21006.0,43042.0,909267763.0,0.0
2023-02-16 17:15:00,MHImain,HKFE,20984.0,21019.0,20931.0,20948.0,3286.0,68876131.0,0.0
2023-02-16 21:15:00,MHImain,HKFE,20948.0,21050.0,20799.0,21007.0,16430.0,343680056.0,0.0
2023-02-17 01:15:00,MHImain,HKFE,21009.0,21087.0,20865.0,20895.0,34028.0,713000467.0,0.0
2023-02-17 11:00:00,MHImain,HKFE,20896.0,20933.0,20634.0,20640.0,32367.0,673489925.0,0.0
2023-02-17 17:15:00,MHImain,HKFE,20633.0,20703.0,20595.0,20630.0,4451.0,91896345.0,0.0
2023-02-17 21:15:00,MHImain,HKFE,20628.0,20663.0,20528.0,20544.0,10265.0,211444380.0,0.0
2023-02-18 01:15:00,MHImain,HKFE,20548.0,20553.0,20503.0,20510.0,1638.0,33616451.0,0.0
2023-02-20 01:15:00,MHImain,HKFE,20606.0,20822.0,20600.0,20807.0,38788.0,803744208.0,0.0
2023-02-20 11:00:00,MHImain,HKFE,20808.0,20993.0,20766.0,20886.0,35132.0,734044081.0,0.0
2023-02-20 17:15:00,MHImain,HKFE,20889.0,20897.0,20851.0,20892.0,2280.0,47580420.0,0.0
2023-02-20 21:15:00,MHImain,HKFE,20895.0,20924.0,20870.0,20894.0,3494.0,73013593.0,0.0
2023-02-21 01:15:00,MHImain,HKFE,20891.0,20970.0,20750.0,20820.0,39949.0,832464278.0,0.0
2023-02-21 11:00:00,MHImain,HKFE,20817.0,20818.0,20512.0,20550.0,44254.0,912588302.0,0.0
2023-02-21 17:15:00,MHImain,HKFE,20537.0,20582.0,20495.0,20531.0,5064.0,104017934.0,0.0
2023-02-21 21:15:00,MHImain,HKFE,20530.0,20663.0,20500.0,20522.0,14519.0,298923130.0,0.0
2023-02-22 01:15:00,MHImain,HKFE,20520.0,20636.0,20354.0,20580.0,44733.0,916726377.0,0.0
2023-02-22 11:00:00,MHImain,HKFE,20581.0,20615.0,20340.0,20350.0,32677.0,669535090.0,0.0
2023-02-22 17:15:00,MHImain,HKFE,20350.0,20501.0,20350.0,20460.0,5925.0,121148663.0,0.0
2023-02-22 21:15:00,MHImain,HKFE,20460.0,20470.0,20292.0,20297.0,12633.0,257469453.0,0.0
2023-02-23 01:15:00,MHImain,HKFE,20299.0,20561.0,20283.0,20555.0,38902.0,794807397.0,0.0
2023-02-23 11:00:00,MHImain,HKFE,20555.0,20600.0,20314.0,20361.0,36564.0,747153574.0,0.0
2023-02-23 17:15:00,MHImain,HKFE,20342.0,20436.0,20300.0,20395.0,5290.0,107759402.0,0.0
2023-02-23 21:15:00,MHImain,HKFE,20398.0,20456.0,20055.0,20090.0,15845.0,321470068.0,0.0
2023-02-24 01:15:00,MHImain,HKFE,20090.0,20240.0,20006.0,20018.0,35183.0,707853015.0,0.0
2023-02-24 11:00:00,MHImain,HKFE,20016.0,20134.0,19939.0,19970.0,28906.0,579824918.0,0.0
2023-02-24 17:15:00,MHImain,HKFE,19971.0,19988.0,19866.0,19871.0,1841.0,36695396.0,0.0
2023-02-24 21:15:00,MHImain,HKFE,19871.0,19898.0,19668.0,19702.0,6849.0,135421666.0,0.0
2023-02-25 01:15:00,MHImain,HKFE,19698.0,19728.0,19663.0,19706.0,828.0,16306486.0,0.0
2023-02-27 01:15:00,MHImain,HKFE,19774.0,20045.0,19742.0,20019.0,29994.0,597677274.0,0.0
2023-02-27 11:00:00,MHImain,HKFE,20022.0,20073.0,19822.0,19919.0,32795.0,653018790.0,0.0
2023-02-27 17:15:00,MHImain,HKFE,19943.0,19986.0,19872.0,19964.0,3889.0,77562410.0,0.0
2023-02-27 21:15:00,MHImain,HKFE,19963.0,20015.0,19903.0,19958.0,9533.0,190292391.0,0.0
2023-02-28 01:15:00,MHImain,HKFE,19961.0,20182.0,19947.0,20058.0,38551.0,773699511.0,0.0
2023-02-28 11:00:00,MHImain,HKFE,20057.0,20088.0,19718.0,19739.0,45232.0,899301887.0,0.0
2023-02-28 17:15:00,MHImain,HKFE,19754.0,19823.0,19734.0,19820.0,3876.0,76719417.0,0.0
2023-02-28 21:15:00,MHImain,HKFE,19816.0,19928.0,19778.0,19874.0,10949.0,217546746.0,0.0
2023-03-01 01:15:00,MHImain,HKFE,19877.0,20353.0,19800.0,20350.0,44656.0,897474695.0,0.0
2023-03-01 11:00:00,MHImain,HKFE,20349.0,20654.0,20317.0,20587.0,50201.0,1028296538.0,0.0
2023-03-01 17:15:00,MHImain,HKFE,20600.0,20609.0,20559.0,20574.0,3626.0,74643529.0,0.0
2023-03-01 21:15:00,MHImain,HKFE,20575.0,20578.0,20419.0,20465.0,13141.0,269422224.0,0.0
2023-03-02 01:15:00,MHImain,HKFE,20467.0,20557.0,20336.0,20493.0,43680.0,893055159.0,0.0
2023-03-02 11:00:00,MHImain,HKFE,20494.0,20574.0,20426.0,20460.0,25296.0,518421202.0,0.0
2023-03-02 17:15:00,MHImain,HKFE,20475.0,20504.0,20454.0,20466.0,2878.0,58946478.0,0.0
2023-03-02 21:15:00,MHImain,HKFE,20466.0,20659.0,20410.0,20620.0,12739.0,261788659.0,0.0
2023-03-03 01:15:00,MHImain,HKFE,20616.0,20802.0,20518.0,20560.0,36021.0,743330474.0,0.0
2023-03-03 11:00:00,MHImain,HKFE,20560.0,20736.0,20542.0,20577.0,31031.0,640206449.0,0.0
2023-03-03 17:15:00,MHImain,HKFE,20583.0,20617.0,20563.0,20596.0,2672.0,55020752.0,0.0
2023-03-03 21:15:00,MHImain,HKFE,20598.0,20671.0,20584.0,20652.0,8521.0,175791388.0,0.0
2023-03-04 01:15:00,MHImain,HKFE,20652.0,20677.0,20630.0,20655.0,1017.0,21005891.0,0.0
2023-03-06 01:15:00,MHImain,HKFE,20553.0,20704.0,20359.0,20620.0,41289.0,847854173.0,0.0
2023-03-06 11:00:00,MHImain,HKFE,20618.0,20740.0,20564.0,20624.0,28349.0,585406087.0,0.0
2023-03-06 17:15:00,MHImain,HKFE,20610.0,20645.0,20580.0,20644.0,2397.0,49405549.0,0.0
2023-03-06 21:15:00,MHImain,HKFE,20645.0,20752.0,20574.0,20737.0,8871.0,183331962.0,0.0
2023-03-07 01:15:00,MHImain,HKFE,20737.0,21055.0,20553.0,20780.0,52908.0,1101056412.0,0.0
2023-03-07 11:00:00,MHImain,HKFE,20779.0,20902.0,20372.0,20576.0,55156.0,1136688680.0,0.0
2023-03-07 17:15:00,MHImain,HKFE,20584.0,20592.0,20522.0,20542.0,2454.0,50428168.0,0.0
2023-03-07 21:15:00,MHImain,HKFE,20542.0,20552.0,20307.0,20348.0,14825.0,302349926.0,0.0
2023-03-08 01:15:00,MHImain,HKFE,20348.0,20410.0,20023.0,20036.0,42333.0,853126827.0,0.0
2023-03-08 11:00:00,MHImain,HKFE,20035.0,20128.0,19981.0,20029.0,31591.0,633518200.0,0.0
2023-03-08 17:15:00,MHImain,HKFE,20029.0,20089.0,20016.0,20055.0,3137.0,62935152.0,0.0
2023-03-08 21:15:00,MHImain,HKFE,20055.0,20135.0,20028.0,20078.0,9298.0,186743374.0,0.0
2023-03-09 01:15:00,MHImain,HKFE,20077.0,20146.0,19966.0,20059.0,38917.0,780886316.0,0.0
2023-03-09 11:00:00,MHImain,HKFE,20059.0,20181.0,19902.0,19930.0,35633.0,714909566.0,0.0
2023-03-09 17:15:00,MHImain,HKFE,19949.0,19949.0,19853.0,19867.0,4179.0,83164613.0,0.0
2023-03-09 21:15:00,MHImain,HKFE,19866.0,19932.0,19714.0,19738.0,12589.0,249670787.0,0.0
2023-03-10 01:15:00,MHImain,HKFE,19740.0,19745.0,19424.0,19563.0,44431.0,868274095.0,0.0
2023-03-10 11:00:00,MHImain,HKFE,19567.0,19588.0,19272.0,19311.0,37138.0,721248867.0,0.0
2023-03-10 17:15:00,MHImain,HKFE,19320.0,19406.0,19300.0,19326.0,5418.0,104961944.0,0.0
2023-03-10 21:15:00,MHImain,HKFE,19327.0,19507.0,19281.0,19414.0,20059.0,389285965.0,0.0
2023-03-11 01:15:00,MHImain,HKFE,19412.0,19452.0,19306.0,19330.0,2833.0,54895054.0,0.0
2023-03-13 01:15:00,MHImain,HKFE,19485.0,19728.0,19365.0,19676.0,48280.0,943657535.0,0.0
2023-03-13 11:00:00,MHImain,HKFE,19675.0,19827.0,19620.0,19620.0,42235.0,833050539.0,0.0
2023-03-13 17:15:00,MHImain,HKFE,19620.0,19620.0,19330.0,19399.0,15057.0,292924927.0,0.0
2023-03-13 21:15:00,MHImain,HKFE,19400.0,19582.0,19347.0,19497.0,19637.0,382629464.0,0.0
2023-03-14 01:15:00,MHImain,HKFE,19495.0,19671.0,19335.0,19341.0,45020.0,879120807.0,0.0
2023-03-14 11:00:00,MHImain,HKFE,19341.0,19435.0,19136.0,19271.0,51998.0,1003604123.0,0.0
2023-03-14 17:15:00,MHImain,HKFE,19249.0,19426.0,19189.0,19419.0,8900.0,172076669.0,0.0
2023-03-14 21:15:00,MHImain,HKFE,19418.0,19610.0,19388.0,19516.0,15937.0,310945808.0,0.0
2023-03-15 01:15:00,MHImain,HKFE,19515.0,19780.0,19493.0,19661.0,41812.0,822872253.0,0.0
2023-03-15 11:00:00,MHImain,HKFE,19662.0,19680.0,19443.0,19599.0,41395.0,809338437.0,0.0
2023-03-15 17:15:00,MHImain,HKFE,19592.0,19592.0,19116.0,19164.0,19569.0,377381064.0,0.0
2023-03-15 21:15:00,MHImain,HKFE,19161.0,19213.0,19025.0,19114.0,19674.0,375940919.0,0.0
2023-03-16 01:15:00,MHImain,HKFE,19115.0,19408.0,19076.0,19332.0,47456.0,913391071.0,0.0
2023-03-16 11:00:00,MHImain,HKFE,19333.0,19354.0,19129.0,19151.0,39357.0,756901357.0,0.0
2023-03-16 17:15:00,MHImain,HKFE,19157.0,19157.0,19071.0,19107.0,6514.0,124529172.0,0.0
2023-03-16 21:15:00,MHImain,HKFE,19113.0,19377.0,19053.0,19345.0,19420.0,372744403.0,0.0
2023-03-17 01:15:00,MHImain,HKFE,19343.0,19515.0,19286.0,19474.0,40644.0,789440785.0,0.0
2023-03-17 11:00:00,MHImain,HKFE,19479.0,19628.0,19423.0,19578.0,41978.0,820086004.0,0.0
2023-03-17 17:15:00,MHImain,HKFE,19597.0,19639.0,19390.0,19411.0,8481.0,165423944.0,0.0
2023-03-17 21:15:00,MHImain,HKFE,19409.0,19464.0,19182.0,19264.0,17310.0,334110471.0,0.0
2023-03-18 01:15:00,MHImain,HKFE,19264.0,19293.0,19224.0,19247.0,1805.0,34754974.0,0.0
2023-03-20 01:15:00,MHImain,HKFE,19406.0,19429.0,19109.0,19165.0,35849.0,689789357.0,0.0
2023-03-20 11:00:00,MHImain,HKFE,19162.0,19182.0,18845.0,18928.0,48106.0,913095011.0,0.0
2023-03-20 17:15:00,MHImain,HKFE,18937.0,19091.0,18937.0,19065.0,7718.0,147010447.0,0.0
2023-03-20 21:15:00,MHImain,HKFE,19064.0,19277.0,19020.0,19207.0,18580.0,356137875.0,0.0
2023-03-21 01:15:00,MHImain,HKFE,19211.0,19235.0,19084.0,19142.0,35427.0,678550203.0,0.0
2023-03-21 11:00:00,MHImain,HKFE,19142.0,19306.0,19029.0,19272.0,38559.0,739397807.0,0.0
2023-03-21 17:15:00,MHImain,HKFE,19275.0,19393.0,19261.0,19382.0,5254.0,101634999.0,0.0
2023-03-21 21:15:00,MHImain,HKFE,19383.0,19494.0,19306.0,19344.0,13216.0,256119655.0,0.0
2023-03-22 01:15:00,MHImain,HKFE,19345.0,19795.0,19342.0,19662.0,42379.0,833051346.0,0.0
2023-03-22 11:00:00,MHImain,HKFE,19660.0,19687.0,19559.0,19611.0,28666.0,562538961.0,0.0
2023-03-22 17:15:00,MHImain,HKFE,19614.0,19704.0,19609.0,19697.0,4249.0,83532602.0,0.0
2023-03-22 21:15:00,MHImain,HKFE,19698.0,19754.0,19633.0,19662.0,9205.0,181347405.0,0.0
2023-03-23 01:15:00,MHImain,HKFE,19661.0,19855.0,19520.0,19749.0,46822.0,921029790.0,0.0
2023-03-23 11:00:00,MHImain,HKFE,19747.0,20081.0,19693.0,20035.0,45304.0,901659842.0,0.0
2023-03-23 17:15:00,MHImain,HKFE,20030.0,20053.0,19956.0,20043.0,6164.0,123291264.0,0.0
2023-03-23 21:15:00,MHImain,HKFE,20043.0,20229.0,20018.0,20020.0,14607.0,294116475.0,0.0
2023-03-24 01:15:00,MHImain,HKFE,20022.0,20132.0,19840.0,19946.0,41749.0,833184867.0,0.0
2023-03-24 11:00:00,MHImain,HKFE,19946.0,20066.0,19860.0,19905.0,30543.0,609375050.0,0.0
2023-03-24 17:15:00,MHImain,HKFE,19901.0,19930.0,19661.0,19740.0,11123.0,219568128.0,0.0
2023-03-24 21:15:00,MHImain,HKFE,19739.0,19880.0,19715.0,19846.0,13600.0,269575607.0,0.0
2023-03-25 01:15:00,MHImain,HKFE,19844.0,19891.0,19826.0,19871.0,1734.0,34437818.0,0.0
2023-03-27 01:15:00,MHImain,HKFE,19923.0,19924.0,19501.0,19589.0,37506.0,736250786.0,0.0
2023-03-27 11:00:00,MHImain,HKFE,19589.0,19951.0,19533.0,19603.0,49851.0,982934990.0,0.0
2023-03-27 17:15:00,MHImain,HKFE,19609.0,19676.0,19578.0,19650.0,4110.0,80716563.0,0.0
2023-03-27 21:15:00,MHImain,HKFE,19652.0,19684.0,19533.0,19585.0,9256.0,181412078.0,0.0
2023-03-28 01:15:00,MHImain,HKFE,19585.0,19804.0,19553.0,19690.0,38338.0,753568484.0,0.0
2023-03-28 11:00:00,MHImain,HKFE,19691.0,19895.0,19657.0,19780.0,32790.0,648200448.0,0.0
2023-03-28 17:15:00,MHImain,HKFE,19798.0,20041.0,19798.0,20008.0,9036.0,180108519.0,0.0
2023-03-28 21:15:00,MHImain,HKFE,20013.0,20156.0,19980.0,20146.0,15012.0,301255781.0,0.0
2023-03-29 01:15:00,MHImain,HKFE,20143.0,20538.0,20097.0,20184.0,39455.0,800787984.0,0.0
2023-03-29 11:00:00,MHImain,HKFE,20185.0,20250.0,20111.0,20229.0,23772.0,479692577.0,0.0
2023-03-29 17:15:00,MHImain,HKFE,20296.0,20324.0,20231.0,20264.0,2335.0,47361285.0,0.0
2023-03-29 21:15:00,MHImain,HKFE,20255.0,20388.0,20182.0,20368.0,6107.0,124094536.0,0.0
2023-03-30 01:15:00,MHImain,HKFE,20365.0,20373.0,20052.0,20064.0,32984.0,666845958.0,0.0
2023-03-30 11:00:00,MHImain,HKFE,20065.0,20391.0,20055.0,20350.0,34760.0,704312120.0,0.0
2023-03-30 17:15:00,MHImain,HKFE,20364.0,20514.0,20317.0,20485.0,6568.0,134095102.0,0.0
2023-03-30 21:15:00,MHImain,HKFE,20489.0,20643.0,20461.0,20555.0,17010.0,349749672.0,0.0
2023-03-31 01:15:00,MHImain,HKFE,20557.0,20792.0,20525.0,20598.0,41865.0,865504977.0,0.0
2023-03-31 11:00:00,MHImain,HKFE,20601.0,20622.0,20406.0,20480.0,36144.0,741211841.0,0.0
2023-03-31 17:15:00,MHImain,HKFE,20496.0,20563.0,20448.0,20483.0,5318.0,109073313.0,0.0
2023-03-31 21:15:00,MHImain,HKFE,20485.0,20549.0,20416.0,20437.0,9798.0,200689684.0,0.0
2023-04-01 01:15:00,MHImain,HKFE,20439.0,20447.0,20356.0,20362.0,1946.0,39680519.0,0.0
2023-04-03 01:15:00,MHImain,HKFE,20359.0,20525.0,20285.0,20383.0,34926.0,713111755.0,0.0
2023-04-03 11:00:00,MHImain,HKFE,20385.0,20484.0,20253.0,20452.0,31719.0,646231935.0,0.0
2023-04-03 17:15:00,MHImain,HKFE,20456.0,20510.0,20456.0,20499.0,2816.0,57682294.0,0.0
2023-04-03 21:15:00,MHImain,HKFE,20499.0,20555.0,20423.0,20459.0,11637.0,238460324.0,0.0
2023-04-04 01:15:00,MHImain,HKFE,20460.0,20486.0,20158.0,20252.0,34693.0,703788876.0,0.0
2023-04-04 11:00:00,MHImain,HKFE,20254.0,20405.0,20224.0,20309.0,29738.0,603930032.0,0.0
2023-04-04 17:15:00,MHImain,HKFE,20313.0,20356.0,20291.0,20331.0,2467.0,50169969.0,0.0
2023-04-04 21:15:00,MHImain,HKFE,20335.0,20420.0,20305.0,20352.0,11018.0,224275912.0,0.0
2023-04-05 01:15:00,MHImain,HKFE,20352.0,20458.0,20352.0,20420.0,2301.0,46953633.0,0.0
2023-04-06 01:15:00,MHImain,HKFE,20226.0,20359.0,20068.0,20333.0,36665.0,742082609.0,0.0
2023-04-06 11:00:00,MHImain,HKFE,20333.0,20392.0,20184.0,20306.0,30848.0,625847785.0,0.0
2023-04-06 17:15:00,MHImain,HKFE,20317.0,20370.0,20302.0,20303.0,2807.0,57082918.0,0.0
2023-04-06 21:15:00,MHImain,HKFE,20303.0,20563.0,20276.0,20519.0,13521.0,275940223.0,0.0
2023-04-07 01:15:00,MHImain,HKFE,20518.0,20593.0,20512.0,20561.0,1681.0,34555591.0,0.0
2023-04-11 01:15:00,MHImain,HKFE,20550.0,20811.0,20502.0,20533.0,41230.0,850467586.0,0.0
2023-04-11 11:00:00,MHImain,HKFE,20535.0,20570.0,20331.0,20554.0,38155.0,780007628.0,0.0
2023-04-11 17:15:00,MHImain,HKFE,20565.0,20600.0,20537.0,20571.0,3675.0,75595683.0,0.0
2023-04-11 21:15:00,MHImain,HKFE,20574.0,20624.0,20515.0,20522.0,9434.0,194063333.0,0.0
2023-04-12 01:15:00,MHImain,HKFE,20523.0,20574.0,20325.0,20427.0,34571.0,705942579.0,0.0
2023-04-12 11:00:00,MHImain,HKFE,20429.0,20430.0,20278.0,20365.0,29015.0,590589172.0,0.0
2023-04-12 17:15:00,MHImain,HKFE,20360.0,20452.0,20331.0,20418.0,5887.0,120047026.0,0.0
2023-04-12 21:15:00,MHImain,HKFE,20418.0,20432.0,20116.0,20199.0,17298.0,350220623.0,0.0
2023-04-13 01:15:00,MHImain,HKFE,20196.0,20304.0,19896.0,20207.0,46224.0,928788632.0,0.0
2023-04-13 11:00:00,MHImain,HKFE,20206.0,20389.0,20126.0,20376.0,33428.0,676723320.0,0.0
2023-04-13 17:15:00,MHImain,HKFE,20369.0,20433.0,20334.0,20406.0,4907.0,99987981.0,0.0
2023-04-13 21:15:00,MHImain,HKFE,20403.0,20476.0,20376.0,20471.0,9441.0,192887111.0,0.0
2023-04-14 01:15:00,MHImain,HKFE,20469.0,20550.0,20344.0,20375.0,33309.0,681139339.0,0.0
2023-04-14 11:00:00,MHImain,HKFE,20375.0,20498.0,20318.0,20443.0,27519.0,561608862.0,0.0
2023-04-14 17:15:00,MHImain,HKFE,20439.0,20488.0,20382.0,20395.0,4493.0,91791741.0,0.0
2023-04-14 21:15:00,MHImain,HKFE,20395.0,20449.0,20246.0,20294.0,11715.0,238322653.0,0.0
2023-04-15 01:15:00,MHImain,HKFE,20296.0,20324.0,20268.0,20324.0,1304.0,26468486.0,0.0
2023-04-17 01:15:00,MHImain,HKFE,20329.0,20595.0,20285.0,20473.0,34890.0,713917690.0,0.0
2023-04-17 11:00:00,MHImain,HKFE,20474.0,20899.0,20446.0,20785.0,46626.0,965585243.0,0.0
2023-04-17 17:15:00,MHImain,HKFE,20768.0,20808.0,20674.0,20675.0,6313.0,130979345.0,0.0
2023-04-17 21:15:00,MHImain,HKFE,20676.0,20698.0,20576.0,20642.0,11072.0,228411735.0,0.0
2023-04-18 01:15:00,MHImain,HKFE,20643.0,20771.0,20608.0,20622.0,38601.0,798296097.0,0.0
2023-04-18 11:00:00,MHImain,HKFE,20620.0,20687.0,20566.0,20658.0,27206.0,561265294.0,0.0
2023-04-18 17:15:00,MHImain,HKFE,20660.0,20776.0,20660.0,20741.0,5655.0,117293314.0,0.0
2023-04-18 21:15:00,MHImain,HKFE,20741.0,20755.0,20574.0,20596.0,9539.0,197088364.0,0.0
2023-04-19 01:15:00,MHImain,HKFE,20595.0,20632.0,20397.0,20548.0,33734.0,691884733.0,0.0
2023-04-19 11:00:00,MHImain,HKFE,20548.0,20585.0,20309.0,20324.0,34981.0,715242429.0,0.0
2023-04-19 17:15:00,MHImain,HKFE,20316.0,20370.0,20292.0,20345.0,5225.0,106226281.0,0.0
2023-04-19 21:15:00,MHImain,HKFE,20344.0,20413.0,20302.0,20403.0,7896.0,160770487.0,0.0
2023-04-20 01:15:00,MHImain,HKFE,20402.0,20486.0,20324.0,20379.0,33196.0,677531925.0,0.0
2023-04-20 11:00:00,MHImain,HKFE,20382.0,20483.0,20302.0,20395.0,33105.0,675097761.0,0.0
2023-04-20 17:15:00,MHImain,HKFE,20384.0,20416.0,20319.0,20402.0,4725.0,96207099.0,0.0
2023-04-20 21:15:00,MHImain,HKFE,20400.0,20483.0,20310.0,20333.0,10208.0,208285129.0,0.0
2023-04-21 01:15:00,MHImain,HKFE,20333.0,20391.0,20202.0,20283.0,36337.0,738018692.0,0.0
2023-04-21 11:00:00,MHImain,HKFE,20282.0,20331.0,19977.0,20029.0,45177.0,909977910.0,0.0
2023-04-21 17:15:00,MHImain,HKFE,20037.0,20067.0,19998.0,20051.0,3599.0,72119567.0,0.0
2023-04-21 21:15:00,MHImain,HKFE,20052.0,20071.0,19916.0,20020.0,11529.0,230526401.0,0.0
2023-04-22 01:15:00,MHImain,HKFE,20021.0,20053.0,20005.0,20018.0,1218.0,24393320.0,0.0
2023-04-24 01:15:00,MHImain,HKFE,19986.0,20154.0,19905.0,19932.0,36817.0,737852223.0,0.0
2023-04-24 11:00:00,MHImain,HKFE,19930.0,20012.0,19744.0,19924.0,43402.0,862428054.0,0.0
2023-04-24 17:15:00,MHImain,HKFE,19933.0,19973.0,19895.0,19917.0,2869.0,57191732.0,0.0
2023-04-24 21:15:00,MHImain,HKFE,19915.0,19927.0,19798.0,19827.0,7476.0,148534484.0,0.0
2023-04-25 01:15:00,MHImain,HKFE,19827.0,19936.0,19615.0,19639.0,36411.0,719555867.0,0.0
2023-04-25 11:00:00,MHImain,HKFE,19638.0,19736.0,19536.0,19569.0,39211.0,769017205.0,0.0
2023-04-25 17:15:00,MHImain,HKFE,19566.0,19629.0,19546.0,19547.0,2854.0,55902545.0,0.0
2023-04-25 21:15:00,MHImain,HKFE,19546.0,19578.0,19410.0,19410.0,9533.0,185813854.0,0.0
2023-04-26 01:15:00,MHImain,HKFE,19411.0,19767.0,19373.0,19740.0,35762.0,701730962.0,0.0
2023-04-26 11:00:00,MHImain,HKFE,19738.0,19926.0,19703.0,19754.0,32917.0,651694959.0,0.0
2023-04-26 17:15:00,MHImain,HKFE,19694.0,19809.0,19630.0,19782.0,4384.0,86458283.0,0.0
2023-04-26 21:15:00,MHImain,HKFE,19782.0,19843.0,19670.0,19723.0,7456.0,147106219.0,0.0
2023-04-27 01:15:00,MHImain,HKFE,19722.0,19763.0,19603.0,19700.0,28230.0,555839510.0,0.0
2023-04-27 11:00:00,MHImain,HKFE,19698.0,19846.0,19651.0,19758.0,29819.0,588886959.0,0.0
2023-04-27 17:15:00,MHImain,HKFE,19775.0,19789.0,19726.0,19756.0,3071.0,60671956.0,0.0
2023-04-27 21:15:00,MHImain,HKFE,19756.0,19895.0,19713.0,19890.0,9249.0,183194920.0,0.0
2023-04-28 01:15:00,MHImain,HKFE,19890.0,20135.0,19849.0,19982.0,37993.0,759258710.0,0.0
2023-04-28 11:00:00,MHImain,HKFE,19982.0,19999.0,19800.0,19802.0,31358.0,624289434.0,0.0
2023-04-28 17:15:00,MHImain,HKFE,19800.0,19915.0,19786.0,19900.0,3514.0,69765040.0,0.0
2023-04-28 21:15:00,MHImain,HKFE,19902.0,20016.0,19857.0,20005.0,8625.0,172044459.0,0.0
2023-04-29 01:15:00,MHImain,HKFE,20005.0,20024.0,19991.0,20001.0,1261.0,25225515.0,0.0
2023-05-02 01:15:00,MHImain,HKFE,19941.0,20257.0,19705.0,19746.0,44257.0,883833834.0,0.0
2023-05-02 11:00:00,MHImain,HKFE,19745.0,19990.0,19735.0,19841.0,33783.0,671920759.0,0.0
2023-05-02 17:15:00,MHImain,HKFE,19833.0,19866.0,19810.0,19810.0,1856.0,36823278.0,0.0
2023-05-02 21:15:00,MHImain,HKFE,19810.0,19834.0,19557.0,19629.0,13769.0,270543844.0,0.0
2023-05-03 01:15:00,MHImain,HKFE,19629.0,19675.0,19482.0,19574.0,37694.0,738263235.0,0.0
2023-05-03 11:00:00,MHImain,HKFE,19574.0,19640.0,19468.0,19597.0,29044.0,567812961.0,0.0
2023-05-03 17:15:00,MHImain,HKFE,19600.0,19621.0,19557.0,19579.0,2258.0,44223098.0,0.0
2023-05-03 21:15:00,MHImain,HKFE,19576.0,19647.0,19546.0,19636.0,6026.0,118137280.0,0.0
2023-05-04 01:15:00,MHImain,HKFE,19640.0,19935.0,19575.0,19865.0,44429.0,878927836.0,0.0
2023-05-04 11:00:00,MHImain,HKFE,19866.0,19943.0,19781.0,19914.0,34673.0,688546268.0,0.0
2023-05-04 17:15:00,MHImain,HKFE,19924.0,19949.0,19825.0,19846.0,4660.0,92668560.0,0.0
2023-05-04 21:15:00,MHImain,HKFE,19846.0,19965.0,19825.0,19879.0,11163.0,221909000.0,0.0
2023-05-05 01:15:00,MHImain,HKFE,19881.0,20168.0,19876.0,20041.0,44069.0,883322984.0,0.0
2023-05-05 11:00:00,MHImain,HKFE,20040.0,20080.0,19943.0,19981.0,24472.0,489623398.0,0.0
2023-05-05 17:15:00,MHImain,HKFE,19995.0,19998.0,19899.0,19939.0,4392.0,87598301.0,0.0
2023-05-05 21:15:00,MHImain,HKFE,19938.0,20085.0,19910.0,20084.0,8872.0,177420575.0,0.0
2023-05-06 01:15:00,MHImain,HKFE,20083.0,20138.0,20053.0,20135.0,1375.0,27629577.0,0.0
2023-05-08 01:15:00,MHImain,HKFE,20118.0,20205.0,20016.0,20132.0,39490.0,793932315.0,0.0
2023-05-08 11:00:00,MHImain,HKFE,20134.0,20283.0,20105.0,20258.0,31752.0,641279363.0,0.0
2023-05-08 17:15:00,MHImain,HKFE,20253.0,20265.0,20229.0,20257.0,1566.0,31705345.0,0.0
2023-05-08 21:15:00,MHImain,HKFE,20259.0,20287.0,20174.0,20209.0,7332.0,148227664.0,0.0
2023-05-09 01:15:00,MHImain,HKFE,20211.0,20259.0,20113.0,20191.0,34460.0,695459611.0,0.0
2023-05-09 11:00:00,MHImain,HKFE,20189.0,20206.0,19755.0,19778.0,46552.0,928692894.0,0.0
2023-05-09 17:15:00,MHImain,HKFE,19771.0,19810.0,19720.0,19737.0,3298.0,65194689.0,0.0
2023-05-09 21:15:00,MHImain,HKFE,19737.0,19844.0,19706.0,19836.0,7905.0,156488642.0,0.0
2023-05-10 01:15:00,MHImain,HKFE,19836.0,19874.0,19625.0,19653.0,35718.0,704133712.0,0.0
2023-05-10 11:00:00,MHImain,HKFE,19654.0,19766.0,19653.0,19700.0,27249.0,536935412.0,0.0
2023-05-10 17:15:00,MHImain,HKFE,19691.0,19800.0,19675.0,19777.0,5353.0,105677195.0,0.0
2023-05-10 21:15:00,MHImain,HKFE,19775.0,19815.0,19671.0,19679.0,12816.0,253057981.0,0.0
2023-05-11 01:15:00,MHImain,HKFE,19677.0,19866.0,19622.0,19720.0,35997.0,711006213.0,0.0
2023-05-11 11:00:00,MHImain,HKFE,19718.0,19758.0,19520.0,19712.0,39671.0,779260479.0,0.0
2023-05-11 17:15:00,MHImain,HKFE,19712.0,19785.0,19655.0,19664.0,6082.0,119971060.0,0.0
2023-05-11 21:15:00,MHImain,HKFE,19663.0,19794.0,19633.0,19792.0,11071.0,218015582.0,0.0
2023-05-12 01:15:00,MHImain,HKFE,19792.0,19865.0,19577.0,19645.0,38607.0,761406021.0,0.0
2023-05-12 11:00:00,MHImain,HKFE,19645.0,19691.0,19549.0,19596.0,26979.0,529153666.0,0.0
2023-05-12 17:15:00,MHImain,HKFE,19612.0,19626.0,19567.0,19591.0,2593.0,50807738.0,0.0
2023-05-12 21:15:00,MHImain,HKFE,19592.0,19594.0,19404.0,19430.0,10937.0,213121295.0,0.0
2023-05-13 01:15:00,MHImain,HKFE,19430.0,19452.0,19396.0,19424.0,1481.0,28755924.0,0.0
2023-05-15 01:15:00,MHImain,HKFE,19440.0,19689.0,19414.0,19551.0,35656.0,697679973.0,0.0
2023-05-15 11:00:00,MHImain,HKFE,19551.0,20040.0,19548.0,19955.0,51442.0,1021137860.0,0.0
2023-05-15 17:15:00,MHImain,HKFE,19963.0,19966.0,19930.0,19942.0,2041.0,40714037.0,0.0
2023-05-15 21:15:00,MHImain,HKFE,19943.0,20165.0,19874.0,20164.0,14297.0,286175976.0,0.0
2023-05-16 01:15:00,MHImain,HKFE,20164.0,20191.0,19980.0,20042.0,30822.0,618441251.0,0.0
2023-05-16 11:00:00,MHImain,HKFE,20041.0,20060.0,19840.0,19909.0,28405.0,566191110.0,0.0
2023-05-16 17:15:00,MHImain,HKFE,19910.0,19935.0,19818.0,19837.0,3126.0,62130921.0,0.0
2023-05-16 21:15:00,MHImain,HKFE,19835.0,19944.0,19811.0,19861.0,9935.0,197450477.0,0.0
2023-05-17 01:15:00,MHImain,HKFE,19862.0,19953.0,19756.0,19914.0,32139.0,638364234.0,0.0
2023-05-17 11:00:00,MHImain,HKFE,19914.0,19921.0,19456.0,19486.0,43104.0,847884770.0,0.0
2023-05-17 17:15:00,MHImain,HKFE,19479.0,19544.0,19448.0,19536.0,3994.0,77894635.0,0.0
2023-05-17 21:15:00,MHImain,HKFE,19535.0,19657.0,19517.0,19648.0,10462.0,204902278.0,0.0
2023-05-18 01:15:00,MHImain,HKFE,19648.0,19848.0,19577.0,19766.0,44477.0,876503538.0,0.0
2023-05-18 11:00:00,MHImain,HKFE,19768.0,19814.0,19570.0,19676.0,33349.0,655810193.0,0.0
2023-05-18 17:15:00,MHImain,HKFE,19671.0,19726.0,19641.0,19655.0,4664.0,91784790.0,0.0
2023-05-18 21:15:00,MHImain,HKFE,19653.0,19659.0,19447.0,19469.0,16935.0,330618899.0,0.0
2023-05-19 01:15:00,MHImain,HKFE,19469.0,19538.0,19303.0,19506.0,38079.0,739035002.0,0.0
2023-05-19 11:00:00,MHImain,HKFE,19505.0,19572.0,19368.0,19390.0,34259.0,666415166.0,0.0
2023-05-19 17:15:00,MHImain,HKFE,19414.0,19458.0,19393.0,19427.0,3152.0,61244827.0,0.0
2023-05-19 21:15:00,MHImain,HKFE,19428.0,19464.0,19372.0,19404.0,9327.0,181124725.0,0.0
2023-05-20 01:15:00,MHImain,HKFE,19402.0,19420.0,19380.0,19414.0,907.0,17596069.0,0.0
2023-05-22 01:15:00,MHImain,HKFE,19421.0,19770.0,19379.0,19721.0,41753.0,817166407.0,0.0
2023-05-22 11:00:00,MHImain,HKFE,19725.0,19782.0,19605.0,19685.0,35048.0,689779765.0,0.0
2023-05-22 17:15:00,MHImain,HKFE,19690.0,19751.0,19664.0,19690.0,3886.0,76555068.0,0.0
2023-05-22 21:15:00,MHImain,HKFE,19691.0,19819.0,19675.0,19720.0,9916.0,195761285.0,0.0
2023-05-23 01:15:00,MHImain,HKFE,19718.0,19774.0,19603.0,19681.0,31307.0,616238338.0,0.0
2023-05-23 11:00:00,MHImain,HKFE,19677.0,19678.0,19351.0,19434.0,35610.0,693968512.0,0.0
2023-05-23 17:15:00,MHImain,HKFE,19417.0,19422.0,19370.0,19394.0,2416.0,46858180.0,0.0
2023-05-23 21:15:00,MHImain,HKFE,19391.0,19437.0,19334.0,19352.0,6826.0,132355714.0,0.0
2023-05-24 01:15:00,MHImain,HKFE,19354.0,19356.0,19140.0,19190.0,36358.0,698882296.0,0.0
2023-05-24 11:00:00,MHImain,HKFE,19188.0,19282.0,19026.0,19080.0,35742.0,684712940.0,0.0
2023-05-24 17:15:00,MHImain,HKFE,19086.0,19097.0,18991.0,19010.0,4372.0,83153992.0,0.0
2023-05-24 21:15:00,MHImain,HKFE,19006.0,19026.0,18846.0,18850.0,11510.0,217626416.0,0.0
2023-05-25 01:15:00,MHImain,HKFE,18855.0,18962.0,18712.0,18723.0,33209.0,625327478.0,0.0
2023-05-25 11:00:00,MHImain,HKFE,18724.0,18771.0,18608.0,18697.0,33558.0,627275042.0,0.0
2023-05-25 17:15:00,MHImain,HKFE,18708.0,18780.0,18708.0,18738.0,3544.0,66452994.0,0.0
2023-05-25 21:15:00,MHImain,HKFE,18739.0,18747.0,18516.0,18566.0,10678.0,198862094.0,0.0
2023-05-26 01:15:00,MHImain,HKFE,18566.0,18596.0,18522.0,18547.0,2157.0,40041028.0,0.0
2023-05-29 01:15:00,MHImain,HKFE,18767.0,18876.0,18642.0,18677.0,27423.0,514429261.0,0.0
2023-05-29 11:00:00,MHImain,HKFE,18677.0,18738.0,18495.0,18530.0,24941.0,464360716.0,0.0
2023-05-29 17:15:00,MHImain,HKFE,18530.0,18530.0,18530.0,18530.0,0.0,0.0,0.0
2023-05-30 01:15:00,MHImain,HKFE,18524.0,18610.0,18373.0,18403.0,32097.0,593934985.0,0.0
2023-05-30 11:00:00,MHImain,HKFE,18403.0,18564.0,18316.0,18494.0,36194.0,667152707.0,0.0
2023-05-30 17:15:00,MHImain,HKFE,18518.0,18541.0,18457.0,18458.0,3944.0,72956821.0,0.0
2023-05-30 21:15:00,MHImain,HKFE,18456.0,18471.0,18208.0,18212.0,12497.0,228934173.0,0.0
2023-05-31 01:15:00,MHImain,HKFE,18212.0,18332.0,18072.0,18107.0,37091.0,675273738.0,0.0
2023-05-31 11:00:00,MHImain,HKFE,18107.0,18228.0,17966.0,18193.0,40395.0,730053403.0,0.0
2023-05-31 17:15:00,MHImain,HKFE,18199.0,18249.0,18148.0,18162.0,5351.0,97395666.0,0.0
2023-05-31 21:15:00,MHImain,HKFE,18161.0,18185.0,17949.0,18050.0,12137.0,219128494.0,0.0
2023-06-01 01:15:00,MHImain,HKFE,18050.0,18366.0,18035.0,18314.0,47486.0,865634284.0,0.0
2023-06-01 11:00:00,MHImain,HKFE,18316.0,18395.0,18102.0,18150.0,37330.0,681161615.0,0.0
2023-06-01 17:15:00,MHImain,HKFE,18153.0,18179.0,18076.0,18117.0,4543.0,82361775.0,0.0
2023-06-01 21:15:00,MHImain,HKFE,18117.0,18528.0,18112.0,18519.0,19619.0,360275348.0,0.0
2023-06-02 01:15:00,MHImain,HKFE,18522.0,18754.0,18444.0,18751.0,40267.0,749217954.0,0.0
2023-06-02 11:00:00,MHImain,HKFE,18751.0,18946.0,18732.0,18884.0,42801.0,806568900.0,0.0
2023-06-02 17:15:00,MHImain,HKFE,18908.0,19008.0,18901.0,18960.0,8019.0,152108434.0,0.0
2023-06-02 21:15:00,MHImain,HKFE,18961.0,19130.0,18958.0,19120.0,14951.0,285065675.0,0.0
2023-06-03 01:15:00,MHImain,HKFE,19122.0,19148.0,19075.0,19103.0,1592.0,30417480.0,0.0
2023-06-05 01:15:00,MHImain,HKFE,19043.0,19043.0,18813.0,18985.0,36149.0,684480375.0,0.0
2023-06-05 11:00:00,MHImain,HKFE,18986.0,19051.0,18843.0,19023.0,32208.0,610916477.0,0.0
2023-06-05 17:15:00,MHImain,HKFE,19025.0,19048.0,18967.0,19012.0,2479.0,47120256.0,0.0
2023-06-05 21:15:00,MHImain,HKFE,19013.0,19040.0,18917.0,19023.0,9094.0,172647573.0,0.0
2023-06-06 01:15:00,MHImain,HKFE,19017.0,19312.0,18964.0,19272.0,42671.0,816836414.0,0.0
2023-06-06 11:00:00,MHImain,HKFE,19274.0,19282.0,18955.0,18995.0,39171.0,747695255.0,0.0
2023-06-06 17:15:00,MHImain,HKFE,18990.0,19035.0,18969.0,19033.0,1963.0,37310515.0,0.0
2023-06-06 21:15:00,MHImain,HKFE,19034.0,19358.0,19003.0,19313.0,15566.0,298561262.0,0.0
2023-06-07 01:15:00,MHImain,HKFE,19314.0,19380.0,19162.0,19270.0,38162.0,735256916.0,0.0
2023-06-07 11:00:00,MHImain,HKFE,19269.0,19334.0,19138.0,19220.0,32053.0,616428741.0,0.0
2023-06-07 17:15:00,MHImain,HKFE,19221.0,19277.0,19217.0,19250.0,2801.0,53923403.0,0.0
2023-06-07 21:15:00,MHImain,HKFE,19249.0,19382.0,19165.0,19183.0,14789.0,285149839.0,0.0
2023-06-08 01:15:00,MHImain,HKFE,19179.0,19260.0,19051.0,19153.0,36773.0,704456169.0,0.0
2023-06-08 11:00:00,MHImain,HKFE,19154.0,19318.0,19084.0,19255.0,33678.0,646780620.0,0.0
2023-06-08 17:15:00,MHImain,HKFE,19248.0,19272.0,19192.0,19253.0,3156.0,60719967.0,0.0
2023-06-08 21:15:00,MHImain,HKFE,19252.0,19399.0,19244.0,19389.0,9754.0,188575981.0,0.0
2023-06-09 01:15:00,MHImain,HKFE,19388.0,19416.0,19195.0,19274.0,31557.0,608688552.0,0.0
2023-06-09 11:00:00,MHImain,HKFE,19273.0,19454.0,19244.0,19364.0,33843.0,655483888.0,0.0
2023-06-09 17:15:00,MHImain,HKFE,19370.0,19399.0,19311.0,19397.0,3210.0,62127475.0,0.0
2023-06-09 21:15:00,MHImain,HKFE,19398.0,19447.0,19331.0,19373.0,10608.0,205666084.0,0.0
2023-06-10 01:15:00,MHImain,HKFE,19374.0,19405.0,19335.0,19356.0,1255.0,24308899.0,0.0
2023-06-12 01:15:00,MHImain,HKFE,19350.0,19417.0,19231.0,19302.0,31426.0,606875415.0,0.0
2023-06-12 11:00:00,MHImain,HKFE,19299.0,19432.0,19225.0,19400.0,32446.0,627869429.0,0.0
2023-06-12 17:15:00,MHImain,HKFE,19404.0,19452.0,19363.0,19380.0,3265.0,63344100.0,0.0
2023-06-12 21:15:00,MHImain,HKFE,19379.0,19385.0,19326.0,19344.0,5795.0,112171798.0,0.0
2023-06-13 01:15:00,MHImain,HKFE,19341.0,19387.0,19241.0,19345.0,32939.0,636029725.0,0.0
2023-06-13 11:00:00,MHImain,HKFE,19345.0,19569.0,19338.0,19515.0,40034.0,779728866.0,0.0
2023-06-13 17:15:00,MHImain,HKFE,19501.0,19584.0,19477.0,19566.0,4447.0,86879665.0,0.0
2023-06-13 21:15:00,MHImain,HKFE,19565.0,19649.0,19516.0,19556.0,11317.0,221538645.0,0.0
2023-06-14 01:15:00,MHImain,HKFE,19557.0,19644.0,19457.0,19515.0,32758.0,640307271.0,0.0
2023-06-14 11:00:00,MHImain,HKFE,19515.0,19549.0,19352.0,19422.0,30158.0,586144991.0,0.0
2023-06-14 17:15:00,MHImain,HKFE,19399.0,19498.0,19391.0,19494.0,4398.0,85502342.0,0.0
2023-06-14 21:15:00,MHImain,HKFE,19494.0,19718.0,19481.0,19702.0,14737.0,289104761.0,0.0
2023-06-15 01:15:00,MHImain,HKFE,19700.0,19725.0,19522.0,19565.0,35386.0,693916361.0,0.0
2023-06-15 11:00:00,MHImain,HKFE,19565.0,19848.0,19506.0,19810.0,42450.0,836516247.0,0.0
2023-06-15 17:15:00,MHImain,HKFE,19810.0,19884.0,19785.0,19882.0,4424.0,87709542.0,0.0
2023-06-15 21:15:00,MHImain,HKFE,19882.0,19965.0,19843.0,19935.0,13443.0,267634083.0,0.0
2023-06-16 01:15:00,MHImain,HKFE,19932.0,19993.0,19873.0,19940.0,28565.0,569415701.0,0.0
2023-06-16 11:00:00,MHImain,HKFE,19941.0,20184.0,19936.0,20125.0,44897.0,900969378.0,0.0
2023-06-16 17:15:00,MHImain,HKFE,20133.0,20204.0,20125.0,20174.0,5603.0,113035346.0,0.0
2023-06-16 21:15:00,MHImain,HKFE,20173.0,20193.0,19933.0,20000.0,18813.0,376766379.0,0.0
2023-06-17 01:15:00,MHImain,HKFE,20001.0,20021.0,19984.0,19989.0,988.0,19759578.0,0.0
2023-06-19 01:15:00,MHImain,HKFE,19996.0,20027.0,19841.0,19867.0,25658.0,511144257.0,0.0
2023-06-19 11:00:00,MHImain,HKFE,19865.0,19975.0,19721.0,19895.0,38036.0,754184001.0,0.0
2023-06-19 17:15:00,MHImain,HKFE,19905.0,19977.0,19893.0,19896.0,3088.0,61552276.0,0.0
2023-06-19 21:15:00,MHImain,HKFE,19897.0,19937.0,19883.0,19915.0,3281.0,65316567.0,0.0
2023-06-20 01:15:00,MHImain,HKFE,19919.0,19927.0,19617.0,19676.0,31833.0,628366532.0,0.0
2023-06-20 11:00:00,MHImain,HKFE,19675.0,19675.0,19511.0,19581.0,35551.0,697093329.0,0.0
2023-06-20 17:15:00,MHImain,HKFE,19581.0,19584.0,19537.0,19559.0,2472.0,48362493.0,0.0
2023-06-20 21:15:00,MHImain,HKFE,19556.0,19589.0,19298.0,19340.0,15902.0,308732907.0,0.0
2023-06-21 01:15:00,MHImain,HKFE,19340.0,19414.0,19212.0,19222.0,36948.0,713570469.0,0.0
2023-06-21 11:00:00,MHImain,HKFE,19222.0,19275.0,19183.0,19248.0,32837.0,631478396.0,0.0
2023-06-21 17:15:00,MHImain,HKFE,19262.0,19272.0,19192.0,19200.0,2641.0,50796429.0,0.0
2023-06-21 21:15:00,MHImain,HKFE,19200.0,19307.0,19156.0,19214.0,11002.0,211619723.0,0.0
2023-06-22 01:15:00,MHImain,HKFE,19214.0,19270.0,19211.0,19250.0,1034.0,19901133.0,0.0
2023-06-23 01:15:00,MHImain,HKFE,19150.0,19217.0,18845.0,18884.0,32551.0,617405980.0,0.0
2023-06-23 11:00:00,MHImain,HKFE,18882.0,18997.0,18792.0,18875.0,27605.0,520965830.0,0.0
2023-06-23 17:15:00,MHImain,HKFE,18860.0,18901.0,18823.0,18831.0,2353.0,44396524.0,0.0
2023-06-23 21:15:00,MHImain,HKFE,18830.0,18833.0,18675.0,18783.0,11087.0,207827789.0,0.0
2023-06-24 01:15:00,MHImain,HKFE,18783.0,18791.0,18738.0,18765.0,1052.0,19740792.0,0.0
2023-06-26 01:15:00,MHImain,HKFE,18726.0,19022.0,18725.0,18856.0,35631.0,672818825.0,0.0
2023-06-26 11:00:00,MHImain,HKFE,18856.0,18938.0,18766.0,18793.0,30539.0,575247525.0,0.0
2023-06-26 17:15:00,MHImain,HKFE,18797.0,18846.0,18779.0,18842.0,2150.0,40475055.0,0.0
2023-06-26 21:15:00,MHImain,HKFE,18842.0,18933.0,18797.0,18872.0,8433.0,159036651.0,0.0
2023-06-27 01:15:00,MHImain,HKFE,18872.0,19105.0,18816.0,19025.0,32315.0,613633451.0,0.0
2023-06-27 11:00:00,MHImain,HKFE,19026.0,19227.0,19009.0,19142.0,31486.0,602356997.0,0.0
2023-06-27 17:15:00,MHImain,HKFE,19140.0,19140.0,19091.0,19136.0,2712.0,51838761.0,0.0
2023-06-27 21:15:00,MHImain,HKFE,19139.0,19194.0,19102.0,19157.0,6386.0,122263434.0,0.0
2023-06-28 01:15:00,MHImain,HKFE,19158.0,19200.0,19021.0,19179.0,25202.0,481198408.0,0.0
2023-06-28 11:00:00,MHImain,HKFE,19176.0,19230.0,19076.0,19138.0,22385.0,428777541.0,0.0
2023-06-28 17:15:00,MHImain,HKFE,19063.0,19078.0,18982.0,18995.0,2137.0,40661187.0,0.0
2023-06-28 21:15:00,MHImain,HKFE,18992.0,19024.0,18923.0,19018.0,4758.0,90250252.0,0.0
2023-06-29 01:15:00,MHImain,HKFE,19018.0,19118.0,18796.0,18802.0,29201.0,553160506.0,0.0
2023-06-29 11:00:00,MHImain,HKFE,18802.0,18898.0,18752.0,18818.0,29623.0,557349757.0,0.0
2023-06-29 17:15:00,MHImain,HKFE,18825.0,18829.0,18716.0,18721.0,3802.0,71398383.0,0.0
2023-06-29 21:15:00,MHImain,HKFE,18722.0,18801.0,18718.0,18764.0,6487.0,121747261.0,0.0
2023-06-30 01:15:00,MHImain,HKFE,18766.0,18997.0,18732.0,18886.0,33811.0,637928399.0,0.0
2023-06-30 11:00:00,MHImain,HKFE,18889.0,18953.0,18781.0,18805.0,28341.0,534321666.0,0.0
2023-06-30 17:15:00,MHImain,HKFE,18816.0,18929.0,18816.0,18927.0,3728.0,70361652.0,0.0
2023-06-30 21:15:00,MHImain,HKFE,18929.0,19007.0,18885.0,18976.0,9406.0,178281434.0,0.0
2023-07-01 01:15:00,MHImain,HKFE,18976.0,18977.0,18928.0,18940.0,961.0,18212405.0,0.0
2023-07-03 01:15:00,MHImain,HKFE,18938.0,19173.0,18915.0,19126.0,34592.0,659227055.0,0.0
2023-07-03 11:00:00,MHImain,HKFE,19125.0,19303.0,19104.0,19244.0,38118.0,732078141.0,0.0
2023-07-03 17:15:00,MHImain,HKFE,19233.0,19242.0,19204.0,19228.0,2366.0,45477800.0,0.0
2023-07-03 21:15:00,MHImain,HKFE,19225.0,19306.0,19155.0,19175.0,8709.0,167475056.0,0.0
2023-07-04 01:15:00,MHImain,HKFE,19176.0,19380.0,19156.0,19273.0,33166.0,639137835.0,0.0
2023-07-04 11:00:00,MHImain,HKFE,19273.0,19364.0,19176.0,19340.0,31243.0,602704943.0,0.0
2023-07-04 17:15:00,MHImain,HKFE,19340.0,19350.0,19288.0,19295.0,2678.0,51720859.0,0.0
2023-07-04 21:15:00,MHImain,HKFE,19296.0,19311.0,19262.0,19279.0,1981.0,38210602.0,0.0
2023-07-05 01:15:00,MHImain,HKFE,19280.0,19310.0,19060.0,19105.0,35668.0,683575490.0,0.0
2023-07-05 11:00:00,MHImain,HKFE,19106.0,19118.0,18979.0,19013.0,28173.0,536541971.0,0.0
2023-07-05 17:15:00,MHImain,HKFE,19035.0,19035.0,18953.0,19001.0,2854.0,54173785.0,0.0
2023-07-05 21:15:00,MHImain,HKFE,19003.0,19015.0,18926.0,18938.0,7683.0,145675595.0,0.0
2023-07-06 01:15:00,MHImain,HKFE,18941.0,19022.0,18675.0,18731.0,42501.0,802703994.0,0.0
2023-07-06 11:00:00,MHImain,HKFE,18731.0,18734.0,18500.0,18540.0,36012.0,669349749.0,0.0
2023-07-06 17:15:00,MHImain,HKFE,18555.0,18600.0,18426.0,18438.0,5686.0,105284174.0,0.0
2023-07-06 21:15:00,MHImain,HKFE,18437.0,18515.0,18351.0,18411.0,9358.0,172340962.0,0.0
2023-07-07 01:15:00,MHImain,HKFE,18414.0,18479.0,18295.0,18352.0,30679.0,563727927.0,0.0
2023-07-07 11:00:00,MHImain,HKFE,18352.0,18565.0,18344.0,18367.0,40451.0,745804538.0,0.0
2023-07-07 17:15:00,MHImain,HKFE,18371.0,18523.0,18367.0,18460.0,5328.0,98281586.0,0.0
2023-07-07 21:15:00,MHImain,HKFE,18458.0,18785.0,18454.0,18782.0,16045.0,298871126.0,0.0
2023-07-08 01:15:00,MHImain,HKFE,18780.0,18797.0,18745.0,18754.0,2518.0,47285735.0,0.0
2023-07-10 01:15:00,MHImain,HKFE,18700.0,18820.0,18560.0,18610.0,35816.0,669532259.0,0.0
2023-07-10 11:00:00,MHImain,HKFE,18612.0,18628.0,18432.0,18545.0,29210.0,540590480.0,0.0
2023-07-10 17:15:00,MHImain,HKFE,18554.0,18561.0,18512.0,18525.0,2953.0,54733216.0,0.0
2023-07-10 21:15:00,MHImain,HKFE,18527.0,18720.0,18506.0,18687.0,13171.0,245574221.0,0.0
2023-07-11 01:15:00,MHImain,HKFE,18687.0,18833.0,18597.0,18833.0,36476.0,681861672.0,0.0
2023-07-11 11:00:00,MHImain,HKFE,18831.0,18848.0,18634.0,18644.0,31452.0,589847596.0,0.0
2023-07-11 17:15:00,MHImain,HKFE,18653.0,18718.0,18645.0,18713.0,3322.0,62105973.0,0.0
2023-07-11 21:15:00,MHImain,HKFE,18715.0,18775.0,18579.0,18721.0,11983.0,223793328.0,0.0
2023-07-12 01:15:00,MHImain,HKFE,18719.0,18973.0,18717.0,18950.0,42820.0,808196231.0,0.0
2023-07-12 11:00:00,MHImain,HKFE,18949.0,18952.0,18787.0,18862.0,31302.0,590623125.0,0.0
2023-07-12 17:15:00,MHImain,HKFE,18856.0,19107.0,18852.0,19092.0,10099.0,191831409.0,0.0
2023-07-12 21:15:00,MHImain,HKFE,19092.0,19213.0,19042.0,19203.0,14557.0,278554052.0,0.0
2023-07-13 01:15:00,MHImain,HKFE,19204.0,19414.0,19161.0,19395.0,39415.0,760219622.0,0.0
2023-07-13 11:00:00,MHImain,HKFE,19395.0,19418.0,19318.0,19398.0,29372.0,569054892.0,0.0
2023-07-13 17:15:00,MHImain,HKFE,19386.0,19440.0,19361.0,19412.0,5468.0,106100539.0,0.0
2023-07-13 21:15:00,MHImain,HKFE,19412.0,19561.0,19398.0,19554.0,12421.0,242019642.0,0.0
2023-07-14 01:15:00,MHImain,HKFE,19554.0,19595.0,19405.0,19455.0,33514.0,652965765.0,0.0
2023-07-14 11:00:00,MHImain,HKFE,19454.0,19516.0,19412.0,19455.0,23292.0,453133375.0,0.0
2023-07-14 17:15:00,MHImain,HKFE,19442.0,19450.0,19391.0,19413.0,3095.0,60098821.0,0.0
2023-07-14 21:15:00,MHImain,HKFE,19413.0,19417.0,19281.0,19313.0,11638.0,225070354.0,0.0
2023-07-15 01:15:00,MHImain,HKFE,19313.0,19338.0,19297.0,19316.0,1068.0,20630818.0,0.0
2023-07-18 01:15:00,MHImain,HKFE,19275.0,19383.0,18990.0,19101.0,36310.0,694829204.0,0.0
2023-07-18 11:00:00,MHImain,HKFE,19102.0,19103.0,19000.0,19030.0,23559.0,448674863.0,0.0
2023-07-18 17:15:00,MHImain,HKFE,19034.0,19047.0,18958.0,18977.0,3402.0,64643792.0,0.0
2023-07-18 21:15:00,MHImain,HKFE,18978.0,19045.0,18863.0,18878.0,11491.0,217867854.0,0.0
2023-07-19 01:15:00,MHImain,HKFE,18879.0,18919.0,18708.0,18727.0,34528.0,648681889.0,0.0
2023-07-19 11:00:00,MHImain,HKFE,18728.0,19026.0,18724.0,18902.0,44061.0,832375980.0,0.0
2023-07-19 17:15:00,MHImain,HKFE,18910.0,19064.0,18901.0,19055.0,5885.0,111745294.0,0.0
2023-07-19 21:15:00,MHImain,HKFE,19055.0,19149.0,18946.0,18979.0,14376.0,273706397.0,0.0
2023-07-20 01:15:00,MHImain,HKFE,18978.0,19248.0,18915.0,19035.0,41906.0,800019522.0,0.0
2023-07-20 11:00:00,MHImain,HKFE,19034.0,19063.0,18897.0,18952.0,27930.0,530064001.0,0.0
2023-07-20 17:15:00,MHImain,HKFE,18967.0,18992.0,18879.0,18887.0,4258.0,80631600.0,0.0
2023-07-20 21:15:00,MHImain,HKFE,18886.0,18975.0,18850.0,18935.0,12260.0,231823800.0,0.0
2023-07-21 01:15:00,MHImain,HKFE,18933.0,19198.0,18894.0,19160.0,39259.0,747528333.0,0.0
2023-07-21 11:00:00,MHImain,HKFE,19159.0,19161.0,18940.0,19061.0,28443.0,541785513.0,0.0
2023-07-21 17:15:00,MHImain,HKFE,19057.0,19109.0,19046.0,19070.0,2653.0,50621406.0,0.0
2023-07-21 21:15:00,MHImain,HKFE,19069.0,19099.0,18973.0,18993.0,7822.0,148812829.0,0.0
2023-07-22 01:15:00,MHImain,HKFE,18994.0,18994.0,18948.0,18956.0,1089.0,20657535.0,0.0
2023-07-24 01:15:00,MHImain,HKFE,18930.0,18960.0,18665.0,18869.0,36720.0,691442687.0,0.0
2023-07-24 11:00:00,MHImain,HKFE,18866.0,18886.0,18545.0,18676.0,39378.0,735967068.0,0.0
2023-07-24 17:15:00,MHImain,HKFE,18677.0,18768.0,18669.0,18743.0,4917.0,92100130.0,0.0
2023-07-24 21:15:00,MHImain,HKFE,18744.0,19313.0,18703.0,19209.0,29623.0,565309647.0,0.0
2023-07-25 01:15:00,MHImain,HKFE,19211.0,19356.0,19132.0,19325.0,47914.0,922118997.0,0.0
2023-07-25 11:00:00,MHImain,HKFE,19326.0,19505.0,19262.0,19492.0,35576.0,689733320.0,0.0
2023-07-25 17:15:00,MHImain,HKFE,19486.0,19545.0,19479.0,19520.0,4068.0,79382556.0,0.0
2023-07-25 21:15:00,MHImain,HKFE,19518.0,19608.0,19336.0,19370.0,15117.0,294065303.0,0.0
2023-07-26 01:15:00,MHImain,HKFE,19366.0,19434.0,19282.0,19301.0,30837.0,597220445.0,0.0
2023-07-26 11:00:00,MHImain,HKFE,19298.0,19423.0,19262.0,19378.0,24091.0,466070609.0,0.0
2023-07-26 17:15:00,MHImain,HKFE,19361.0,19370.0,19292.0,19298.0,2921.0,56459464.0,0.0
2023-07-26 21:15:00,MHImain,HKFE,19297.0,19560.0,19276.0,19540.0,14325.0,278926262.0,0.0
2023-07-27 01:15:00,MHImain,HKFE,19540.0,19722.0,19483.0,19650.0,32580.0,638743974.0,0.0
2023-07-27 11:00:00,MHImain,HKFE,19648.0,19713.0,19552.0,19683.0,25642.0,503681840.0,0.0
2023-07-27 17:15:00,MHImain,HKFE,19712.0,19740.0,19625.0,19630.0,2409.0,47423832.0,0.0
2023-07-27 21:15:00,MHImain,HKFE,19630.0,19661.0,19454.0,19585.0,7591.0,148370499.0,0.0
2023-07-28 01:15:00,MHImain,HKFE,19588.0,19746.0,19363.0,19743.0,31271.0,611068381.0,0.0
2023-07-28 11:00:00,MHImain,HKFE,19745.0,20002.0,19721.0,19962.0,42132.0,838118227.0,0.0
2023-07-28 17:15:00,MHImain,HKFE,19942.0,20086.0,19942.0,20043.0,5284.0,105903614.0,0.0
2023-07-28 21:15:00,MHImain,HKFE,20042.0,20204.0,20035.0,20129.0,14273.0,287302648.0,0.0
2023-07-29 01:15:00,MHImain,HKFE,20129.0,20178.0,20103.0,20160.0,1390.0,28000671.0,0.0
2023-07-31 01:15:00,MHImain,HKFE,20190.0,20421.0,20173.0,20292.0,43197.0,877531174.0,0.0
2023-07-31 11:00:00,MHImain,HKFE,20292.0,20310.0,20093.0,20201.0,38468.0,777802203.0,0.0
2023-07-31 17:15:00,MHImain,HKFE,20211.0,20280.0,20192.0,20233.0,3722.0,75308738.0,0.0
2023-07-31 21:15:00,MHImain,HKFE,20233.0,20313.0,20126.0,20285.0,12637.0,255715758.0,0.0
2023-08-01 01:15:00,MHImain,HKFE,20283.0,20404.0,20124.0,20175.0,41129.0,834251180.0,0.0
2023-08-01 11:00:00,MHImain,HKFE,20172.0,20217.0,19966.0,20028.0,38994.0,783015647.0,0.0
2023-08-01 17:15:00,MHImain,HKFE,20022.0,20091.0,19956.0,19978.0,5507.0,110175971.0,0.0
2023-08-01 21:15:00,MHImain,HKFE,19980.0,20035.0,19855.0,19893.0,13708.0,273370805.0,0.0
2023-08-02 01:15:00,MHImain,HKFE,19894.0,20033.0,19655.0,19657.0,43737.0,869446129.0,0.0
2023-08-02 11:00:00,MHImain,HKFE,19659.0,19702.0,19485.0,19525.0,40198.0,788070230.0,0.0
2023-08-02 17:15:00,MHImain,HKFE,19512.0,19649.0,19512.0,19580.0,6165.0,120817100.0,0.0
2023-08-02 21:15:00,MHImain,HKFE,19578.0,19589.0,19350.0,19417.0,14982.0,291417198.0,0.0
2023-08-03 01:15:00,MHImain,HKFE,19417.0,19603.0,19378.0,19469.0,37848.0,738046075.0,0.0
2023-08-03 11:00:00,MHImain,HKFE,19468.0,19689.0,19386.0,19441.0,45425.0,887676801.0,0.0
2023-08-03 17:15:00,MHImain,HKFE,19458.0,19627.0,19432.0,19596.0,6800.0,132941029.0,0.0
2023-08-03 21:15:00,MHImain,HKFE,19595.0,19779.0,19591.0,19730.0,16421.0,323213397.0,0.0
2023-08-04 01:15:00,MHImain,HKFE,19728.0,19899.0,19534.0,19586.0,47755.0,941929287.0,0.0
2023-08-04 11:00:00,MHImain,HKFE,19586.0,19725.0,19487.0,19530.0,35318.0,692331332.0,0.0
2023-08-04 17:15:00,MHImain,HKFE,19530.0,19603.0,19437.0,19592.0,7552.0,147315705.0,0.0
2023-08-04 21:15:00,MHImain,HKFE,19591.0,19673.0,19438.0,19599.0,17851.0,349298737.0,0.0
2023-08-05 01:15:00,MHImain,HKFE,19599.0,19604.0,19450.0,19455.0,2363.0,46110192.0,0.0
2023-08-07 01:15:00,MHImain,HKFE,19511.0,19594.0,19362.0,19566.0,33155.0,646790541.0,0.0
2023-08-07 11:00:00,MHImain,HKFE,19564.0,19574.0,19470.0,19530.0,26553.0,518539384.0,0.0
2023-08-07 17:15:00,MHImain,HKFE,19516.0,19576.0,19482.0,19550.0,4076.0,79582007.0,0.0
2023-08-07 21:15:00,MHImain,HKFE,19548.0,19565.0,19301.0,19375.0,15574.0,302171215.0,0.0
2023-08-08 01:15:00,MHImain,HKFE,19374.0,19420.0,19138.0,19340.0,41533.0,799748716.0,0.0
2023-08-08 11:00:00,MHImain,HKFE,19341.0,19392.0,19105.0,19144.0,34354.0,660617140.0,0.0
2023-08-08 17:15:00,MHImain,HKFE,19156.0,19156.0,18981.0,19000.0,7489.0,142645747.0,0.0
2023-08-08 21:15:00,MHImain,HKFE,19000.0,19043.0,18894.0,19025.0,14395.0,273079544.0,0.0
2023-08-09 01:15:00,MHImain,HKFE,19031.0,19283.0,19011.0,19277.0,39303.0,751538681.0,0.0
2023-08-09 11:00:00,MHImain,HKFE,19278.0,19283.0,19115.0,19239.0,29530.0,566599638.0,0.0
2023-08-09 17:15:00,MHImain,HKFE,19239.0,19284.0,19202.0,19202.0,4254.0,81885457.0,0.0
2023-08-09 21:15:00,MHImain,HKFE,19204.0,19249.0,19021.0,19128.0,16190.0,309629131.0,0.0
2023-08-10 01:15:00,MHImain,HKFE,19129.0,19221.0,19057.0,19077.0,37387.0,715535170.0,0.0
2023-08-10 11:00:00,MHImain,HKFE,19078.0,19342.0,19032.0,19256.0,40957.0,785730376.0,0.0
2023-08-10 17:15:00,MHImain,HKFE,19256.0,19384.0,19227.0,19308.0,10817.0,208973278.0,0.0
2023-08-10 21:15:00,MHImain,HKFE,19309.0,19517.0,19272.0,19302.0,21623.0,419213426.0,0.0
2023-08-11 01:15:00,MHImain,HKFE,19307.0,19357.0,19065.0,19068.0,36699.0,704971692.0,0.0
2023-08-11 11:00:00,MHImain,HKFE,19070.0,19202.0,19055.0,19085.0,31790.0,607765339.0,0.0
2023-08-11 17:15:00,MHImain,HKFE,19069.0,19074.0,18903.0,18908.0,9257.0,175550806.0,0.0
2023-08-11 21:15:00,MHImain,HKFE,18908.0,18922.0,18746.0,18782.0,16032.0,302003918.0,0.0
2023-08-12 01:15:00,MHImain,HKFE,18783.0,18856.0,18774.0,18855.0,1787.0,33610996.0,0.0
2023-08-14 01:15:00,MHImain,HKFE,18713.0,18755.0,18582.0,18591.0,38104.0,711076300.0,0.0
2023-08-14 11:00:00,MHImain,HKFE,18589.0,18831.0,18548.0,18727.0,38137.0,712042342.0,0.0
2023-08-14 17:15:00,MHImain,HKFE,18727.0,18733.0,18597.0,18613.0,5680.0,105984171.0,0.0
2023-08-14 21:15:00,MHImain,HKFE,18614.0,18752.0,18502.0,18660.0,16424.0,305672295.0,0.0
2023-08-15 01:15:00,MHImain,HKFE,18659.0,18743.0,18545.0,18578.0,41743.0,778057085.0,0.0
2023-08-15 11:00:00,MHImain,HKFE,18577.0,18677.0,18508.0,18530.0,38281.0,711862434.0,0.0
2023-08-15 17:15:00,MHImain,HKFE,18549.0,18597.0,18501.0,18570.0,5858.0,108673070.0,0.0
2023-08-15 21:15:00,MHImain,HKFE,18570.0,18572.0,18316.0,18338.0,17060.0,313912489.0,0.0
2023-08-16 01:15:00,MHImain,HKFE,18338.0,18437.0,18275.0,18320.0,35114.0,644464982.0,0.0
2023-08-16 11:00:00,MHImain,HKFE,18320.0,18408.0,18257.0,18290.0,31143.0,570712715.0,0.0
2023-08-16 17:15:00,MHImain,HKFE,18290.0,18290.0,18082.0,18090.0,10342.0,187835071.0,0.0
2023-08-16 21:15:00,MHImain,HKFE,18089.0,18166.0,18045.0,18062.0,13242.0,239647032.0,0.0
2023-08-17 01:15:00,MHImain,HKFE,18060.0,18247.0,17883.0,18233.0,46661.0,842284653.0,0.0
2023-08-17 11:00:00,MHImain,HKFE,18232.0,18389.0,18069.0,18261.0,55863.0,1019752903.0,0.0
2023-08-17 17:15:00,MHImain,HKFE,18257.0,18402.0,18229.0,18342.0,9455.0,173359824.0,0.0
2023-08-17 21:15:00,MHImain,HKFE,18345.0,18360.0,18166.0,18215.0,15493.0,282480848.0,0.0
2023-08-18 01:15:00,MHImain,HKFE,18216.0,18321.0,18131.0,18186.0,33453.0,609788076.0,0.0
2023-08-18 11:00:00,MHImain,HKFE,18186.0,18186.0,17884.0,17900.0,38344.0,690927681.0,0.0
2023-08-18 17:15:00,MHImain,HKFE,17914.0,17914.0,17741.0,17789.0,9254.0,164892291.0,0.0
2023-08-18 21:15:00,MHImain,HKFE,17789.0,17847.0,17683.0,17780.0,17450.0,309869014.0,0.0
2023-08-19 01:15:00,MHImain,HKFE,17780.0,17822.0,17751.0,17795.0,1458.0,25943135.0,0.0
2023-08-21 01:15:00,MHImain,HKFE,17797.0,17860.0,17613.0,17743.0,40792.0,724001557.0,0.0
2023-08-21 11:00:00,MHImain,HKFE,17744.0,17784.0,17574.0,17622.0,34817.0,615021261.0,0.0
2023-08-21 17:15:00,MHImain,HKFE,17619.0,17691.0,17615.0,17627.0,5132.0,90612115.0,0.0
2023-08-21 21:15:00,MHImain,HKFE,17631.0,17683.0,17540.0,17628.0,12711.0,223790395.0,0.0
2023-08-22 01:15:00,MHImain,HKFE,17632.0,17785.0,17578.0,17689.0,39409.0,697140433.0,0.0
2023-08-22 11:00:00,MHImain,HKFE,17688.0,17958.0,17546.0,17744.0,55499.0,984773891.0,0.0
2023-08-22 17:15:00,MHImain,HKFE,17749.0,17841.0,17749.0,17783.0,5164.0,91931060.0,0.0
2023-08-22 21:15:00,MHImain,HKFE,17781.0,17790.0,17591.0,17598.0,12087.0,213449275.0,0.0
2023-08-23 01:15:00,MHImain,HKFE,17597.0,17841.0,17589.0,17782.0,36971.0,656893700.0,0.0
2023-08-23 11:00:00,MHImain,HKFE,17781.0,17990.0,17728.0,17868.0,44040.0,786030714.0,0.0
2023-08-23 17:15:00,MHImain,HKFE,17858.0,17869.0,17782.0,17814.0,4842.0,86279487.0,0.0
2023-08-23 21:15:00,MHImain,HKFE,17814.0,18007.0,17793.0,17983.0,13924.0,249769043.0,0.0
2023-08-24 01:15:00,MHImain,HKFE,17983.0,18089.0,17920.0,18057.0,41367.0,744895911.0,0.0
2023-08-24 11:00:00,MHImain,HKFE,18057.0,18258.0,18015.0,18196.0,39675.0,721147977.0,0.0
2023-08-24 17:15:00,MHImain,HKFE,18194.0,18194.0,18110.0,18117.0,4506.0,81787919.0,0.0
2023-08-24 21:15:00,MHImain,HKFE,18118.0,18145.0,17962.0,18014.0,14183.0,256042735.0,0.0
2023-08-25 01:15:00,MHImain,HKFE,18013.0,18080.0,17957.0,18035.0,33479.0,603209748.0,0.0
2023-08-25 11:00:00,MHImain,HKFE,18037.0,18142.0,17935.0,17957.0,36094.0,650164941.0,0.0
2023-08-25 17:15:00,MHImain,HKFE,17957.0,18036.0,17925.0,17996.0,4116.0,74034301.0,0.0
2023-08-25 21:15:00,MHImain,HKFE,17996.0,18004.0,17792.0,17915.0,17690.0,316394915.0,0.0
2023-08-26 01:15:00,MHImain,HKFE,17919.0,17970.0,17876.0,17968.0,1588.0,28463393.0,0.0
2023-08-28 01:15:00,MHImain,HKFE,18383.0,18542.0,18246.0,18331.0,40125.0,737557644.0,0.0
2023-08-28 11:00:00,MHImain,HKFE,18332.0,18340.0,18105.0,18151.0,30199.0,549471356.0,0.0
2023-08-28 17:15:00,MHImain,HKFE,18145.0,18229.0,18128.0,18224.0,3002.0,54538700.0,0.0
2023-08-28 21:15:00,MHImain,HKFE,18223.0,18344.0,18164.0,18318.0,10572.0,193187902.0,0.0
2023-08-29 01:15:00,MHImain,HKFE,18319.0,18471.0,18250.0,18467.0,28337.0,519823569.0,0.0
2023-08-29 11:00:00,MHImain,HKFE,18467.0,18613.0,18433.0,18468.0,32752.0,606558292.0,0.0
2023-08-29 17:15:00,MHImain,HKFE,18419.0,18587.0,18396.0,18485.0,4477.0,82877708.0,0.0
2023-08-29 21:15:00,MHImain,HKFE,18483.0,18663.0,18420.0,18626.0,7304.0,135676528.0,0.0
2023-08-30 01:15:00,MHImain,HKFE,18624.0,18708.0,18492.0,18511.0,32194.0,599185277.0,0.0
2023-08-30 11:00:00,MHImain,HKFE,18513.0,18554.0,18367.0,18376.0,26312.0,486161624.0,0.0
2023-08-30 17:15:00,MHImain,HKFE,18376.0,18499.0,18373.0,18468.0,4710.0,86864209.0,0.0
2023-08-30 21:15:00,MHImain,HKFE,18468.0,18587.0,18447.0,18545.0,13165.0,243760647.0,0.0
2023-08-31 01:15:00,MHImain,HKFE,18542.0,18614.0,18461.0,18465.0,30426.0,563640628.0,0.0
2023-08-31 11:00:00,MHImain,HKFE,18462.0,18472.0,18267.0,18305.0,34860.0,640016587.0,0.0
2023-08-31 17:15:00,MHImain,HKFE,18590.0,18590.0,18217.0,18412.0,8902.0,163240851.0,0.0
2023-08-31 21:15:00,MHImain,HKFE,18412.0,18442.0,18281.0,18346.0,11424.0,209883070.0,0.0
2023-09-01 01:15:00,MHImain,HKFE,18349.0,18403.0,18343.0,18350.0,1309.0,24043040.0,0.0
2023-09-04 01:15:00,MHImain,HKFE,18590.0,18896.0,18516.0,18843.0,44511.0,832179503.0,0.0
2023-09-04 11:00:00,MHImain,HKFE,18843.0,18897.0,18779.0,18802.0,24076.0,453367198.0,0.0
2023-09-04 17:15:00,MHImain,HKFE,18809.0,18820.0,18752.0,18764.0,3367.0,63259441.0,0.0
2023-09-04 21:15:00,MHImain,HKFE,18762.0,18774.0,18704.0,18716.0,4080.0,76417354.0,0.0
2023-09-05 01:15:00,MHImain,HKFE,18716.0,18726.0,18505.0,18557.0,29214.0,543388313.0,0.0
2023-09-05 11:00:00,MHImain,HKFE,18556.0,18604.0,18378.0,18416.0,33458.0,618717401.0,0.0
2023-09-05 17:15:00,MHImain,HKFE,18424.0,18523.0,18424.0,18497.0,3914.0,72334198.0,0.0
2023-09-05 21:15:00,MHImain,HKFE,18499.0,18533.0,18383.0,18416.0,10450.0,192768772.0,0.0
2023-09-06 01:15:00,MHImain,HKFE,18415.0,18453.0,18217.0,18324.0,31511.0,577119139.0,0.0
2023-09-06 11:00:00,MHImain,HKFE,18324.0,18470.0,18267.0,18430.0,33940.0,623599656.0,0.0
2023-09-06 17:15:00,MHImain,HKFE,18425.0,18475.0,18415.0,18424.0,3531.0,65142252.0,0.0
2023-09-06 21:15:00,MHImain,HKFE,18423.0,18572.0,18392.0,18417.0,13617.0,251524022.0,0.0
2023-09-07 01:15:00,MHImain,HKFE,18417.0,18463.0,18257.0,18281.0,27942.0,511853856.0,0.0
2023-09-07 11:00:00,MHImain,HKFE,18281.0,18295.0,18147.0,18158.0,31351.0,571120933.0,0.0
2023-09-07 17:15:00,MHImain,HKFE,18166.0,18190.0,18072.0,18078.0,5054.0,91597906.0,0.0
2023-09-07 21:15:00,MHImain,HKFE,18080.0,18084.0,17923.0,17985.0,13239.0,238216294.0,0.0
2023-09-08 01:15:00,MHImain,HKFE,17982.0,18006.0,17957.0,17967.0,834.0,14994996.0,0.0
2023-09-11 01:15:00,MHImain,HKFE,17950.0,18027.0,17846.0,17987.0,34035.0,610725738.0,0.0
2023-09-11 11:00:00,MHImain,HKFE,17988.0,18192.0,17884.0,18116.0,39604.0,714817958.0,0.0
2023-09-11 17:15:00,MHImain,HKFE,18117.0,18132.0,18060.0,18109.0,3374.0,61055206.0,0.0
2023-09-11 21:15:00,MHImain,HKFE,18110.0,18162.0,18023.0,18073.0,8025.0,145028343.0,0.0
2023-09-12 01:15:00,MHImain,HKFE,18075.0,18134.0,17893.0,18133.0,35698.0,642458988.0,0.0
2023-09-12 11:00:00,MHImain,HKFE,18134.0,18177.0,18029.0,18092.0,26776.0,484525182.0,0.0
2023-09-12 17:15:00,MHImain,HKFE,18085.0,18095.0,18032.0,18032.0,2635.0,47593654.0,0.0
2023-09-12 21:15:00,MHImain,HKFE,18034.0,18172.0,18018.0,18152.0,9885.0,179176779.0,0.0
2023-09-13 01:15:00,MHImain,HKFE,18151.0,18230.0,17955.0,18027.0,36697.0,664231355.0,0.0
2023-09-13 11:00:00,MHImain,HKFE,18027.0,18077.0,17977.0,18060.0,25254.0,455297485.0,0.0
2023-09-13 17:15:00,MHImain,HKFE,18050.0,18123.0,18005.0,18055.0,5391.0,97378914.0,0.0
2023-09-13 21:15:00,MHImain,HKFE,18057.0,18125.0,18030.0,18081.0,8270.0,149518888.0,0.0
2023-09-14 01:15:00,MHImain,HKFE,18080.0,18205.0,17942.0,17966.0,35649.0,644024023.0,0.0
2023-09-14 11:00:00,MHImain,HKFE,17963.0,18173.0,17955.0,18072.0,32295.0,583609246.0,0.0
2023-09-14 17:15:00,MHImain,HKFE,18087.0,18187.0,18066.0,18152.0,6992.0,126822635.0,0.0
2023-09-14 21:15:00,MHImain,HKFE,18151.0,18227.0,18080.0,18196.0,11834.0,214944873.0,0.0
2023-09-15 01:15:00,MHImain,HKFE,18193.0,18392.0,18052.0,18376.0,49539.0,903468821.0,0.0
2023-09-15 11:00:00,MHImain,HKFE,18377.0,18418.0,18157.0,18187.0,36711.0,671754213.0,0.0
2023-09-15 17:15:00,MHImain,HKFE,18187.0,18188.0,18127.0,18152.0,3362.0,61033055.0,0.0
2023-09-15 21:15:00,MHImain,HKFE,18154.0,18178.0,18061.0,18063.0,9879.0,178975693.0,0.0
2023-09-16 01:15:00,MHImain,HKFE,18064.0,18086.0,18054.0,18072.0,1269.0,22932537.0,0.0
2023-09-18 01:15:00,MHImain,HKFE,18056.0,18129.0,17879.0,18024.0,40691.0,733755741.0,0.0
2023-09-18 11:00:00,MHImain,HKFE,18023.0,18064.0,17900.0,17942.0,24353.0,438386717.0,0.0
2023-09-18 17:15:00,MHImain,HKFE,17943.0,17956.0,17905.0,17917.0,2850.0,51095627.0,0.0
2023-09-18 21:15:00,MHImain,HKFE,17917.0,17973.0,17856.0,17966.0,8944.0,160261795.0,0.0
2023-09-19 01:15:00,MHImain,HKFE,17968.0,17977.0,17835.0,17971.0,30444.0,545148636.0,0.0
2023-09-19 11:00:00,MHImain,HKFE,17971.0,18033.0,17889.0,18008.0,27237.0,489281295.0,0.0
2023-09-19 17:15:00,MHImain,HKFE,18008.0,18054.0,17981.0,17984.0,3595.0,64806149.0,0.0
2023-09-19 21:15:00,MHImain,HKFE,17982.0,18033.0,17931.0,17944.0,7662.0,137755048.0,0.0
2023-09-20 01:15:00,MHImain,HKFE,17945.0,18025.0,17900.0,17916.0,31007.0,556674349.0,0.0
2023-09-20 11:00:00,MHImain,HKFE,17916.0,18016.0,17838.0,17929.0,28543.0,511444793.0,0.0
2023-09-20 17:15:00,MHImain,HKFE,17923.0,17993.0,17922.0,17975.0,2697.0,48425596.0,0.0
2023-09-20 21:15:00,MHImain,HKFE,17977.0,18068.0,17968.0,18035.0,7967.0,143685702.0,0.0
2023-09-21 01:15:00,MHImain,HKFE,18035.0,18037.0,17642.0,17642.0,35525.0,630541418.0,0.0
2023-09-21 11:00:00,MHImain,HKFE,17642.0,17702.0,17619.0,17668.0,21265.0,375530194.0,0.0
2023-09-21 17:15:00,MHImain,HKFE,17658.0,17658.0,17546.0,17567.0,5447.0,95798475.0,0.0
2023-09-21 21:15:00,MHImain,HKFE,17568.0,17636.0,17549.0,17577.0,8538.0,150168974.0,0.0
2023-09-22 01:15:00,MHImain,HKFE,17579.0,17816.0,17517.0,17792.0,38154.0,674980743.0,0.0
2023-09-22 11:00:00,MHImain,HKFE,17792.0,18120.0,17767.0,18090.0,44714.0,801846422.0,0.0
2023-09-22 17:15:00,MHImain,HKFE,18094.0,18178.0,18085.0,18167.0,5444.0,98711481.0,0.0
2023-09-22 21:15:00,MHImain,HKFE,18169.0,18170.0,18018.0,18032.0,11346.0,205168256.0,0.0
2023-09-23 01:15:00,MHImain,HKFE,18036.0,18053.0,18013.0,18050.0,1146.0,20661272.0,0.0
2023-09-25 01:15:00,MHImain,HKFE,18065.0,18080.0,17806.0,17825.0,28009.0,501369631.0,0.0
2023-09-25 11:00:00,MHImain,HKFE,17825.0,17862.0,17690.0,17701.0,24211.0,430676433.0,0.0
2023-09-25 17:15:00,MHImain,HKFE,17698.0,17715.0,17619.0,17625.0,3650.0,64513995.0,0.0
2023-09-25 21:15:00,MHImain,HKFE,17625.0,17756.0,17624.0,17744.0,7463.0,132083853.0,0.0
2023-09-26 01:15:00,MHImain,HKFE,17744.0,17745.0,17572.0,17605.0,26374.0,465065049.0,0.0
2023-09-26 11:00:00,MHImain,HKFE,17605.0,17616.0,17381.0,17532.0,26684.0,467603879.0,0.0
2023-09-26 17:15:00,MHImain,HKFE,17515.0,17553.0,17486.0,17520.0,3505.0,61399361.0,0.0
2023-09-26 21:15:00,MHImain,HKFE,17521.0,17605.0,17502.0,17515.0,6672.0,117075619.0,0.0
2023-09-27 01:15:00,MHImain,HKFE,17516.0,17683.0,17457.0,17577.0,25502.0,448542496.0,0.0
2023-09-27 11:00:00,MHImain,HKFE,17579.0,17688.0,17552.0,17626.0,22277.0,392330239.0,0.0
2023-09-27 17:15:00,MHImain,HKFE,17671.0,17690.0,17642.0,17686.0,1454.0,25682700.0,0.0
2023-09-27 21:15:00,MHImain,HKFE,17686.0,17697.0,17552.0,17555.0,3903.0,68736380.0,0.0
2023-09-28 01:15:00,MHImain,HKFE,17558.0,17673.0,17445.0,17454.0,25243.0,443032725.0,0.0
2023-09-28 11:00:00,MHImain,HKFE,17455.0,17512.0,17389.0,17405.0,21770.0,379655645.0,0.0
2023-09-28 17:15:00,MHImain,HKFE,17400.0,17503.0,17382.0,17450.0,5073.0,88530263.0,0.0
2023-09-28 21:15:00,MHImain,HKFE,17449.0,17581.0,17413.0,17556.0,8455.0,147957086.0,0.0
2023-09-29 01:15:00,MHImain,HKFE,17554.0,17888.0,17498.0,17886.0,31257.0,554523743.0,0.0
2023-09-29 11:00:00,MHImain,HKFE,17886.0,17996.0,17813.0,17896.0,25998.0,465408945.0,0.0
2023-09-29 17:15:00,MHImain,HKFE,17885.0,17923.0,17856.0,17909.0,2819.0,50431426.0,0.0
2023-09-29 21:15:00,MHImain,HKFE,17910.0,17912.0,17701.0,17727.0,9822.0,174615870.0,0.0
2023-09-30 01:15:00,MHImain,HKFE,17727.0,17760.0,17705.0,17753.0,1193.0,21146955.0,0.0
2023-10-03 01:15:00,MHImain,HKFE,17690.0,17693.0,17260.0,17273.0,36416.0,633760393.0,0.0
2023-10-03 11:00:00,MHImain,HKFE,17275.0,17390.0,17237.0,17354.0,25246.0,436963722.0,0.0
2023-10-03 17:15:00,MHImain,HKFE,17352.0,17365.0,17262.0,17285.0,4485.0,77650079.0,0.0
2023-10-03 21:15:00,MHImain,HKFE,17285.0,17354.0,17257.0,17330.0,10584.0,183258805.0,0.0
2023-10-04 01:15:00,MHImain,HKFE,17333.0,17359.0,17138.0,17247.0,33571.0,578828506.0,0.0
2023-10-04 11:00:00,MHImain,HKFE,17247.0,17268.0,17133.0,17248.0,22084.0,379908910.0,0.0
2023-10-04 17:15:00,MHImain,HKFE,17259.0,17373.0,17259.0,17324.0,6444.0,111526714.0,0.0
2023-10-04 21:15:00,MHImain,HKFE,17323.0,17328.0,17197.0,17252.0,8817.0,152149040.0,0.0
2023-10-05 01:15:00,MHImain,HKFE,17253.0,17365.0,17203.0,17321.0,26866.0,464544931.0,0.0
2023-10-05 11:00:00,MHImain,HKFE,17321.0,17372.0,17220.0,17260.0,20984.0,363105544.0,0.0
2023-10-05 17:15:00,MHImain,HKFE,17258.0,17268.0,17184.0,17238.0,4247.0,73195063.0,0.0
2023-10-05 21:15:00,MHImain,HKFE,17237.0,17313.0,17230.0,17311.0,6860.0,118450519.0,0.0
2023-10-06 01:15:00,MHImain,HKFE,17310.0,17659.0,17302.0,17655.0,36445.0,638596770.0,0.0
2023-10-06 11:00:00,MHImain,HKFE,17655.0,17662.0,17477.0,17540.0,22948.0,402633779.0,0.0
2023-10-06 17:15:00,MHImain,HKFE,17519.0,17565.0,17402.0,17440.0,6687.0,116839688.0,0.0
2023-10-06 21:15:00,MHImain,HKFE,17441.0,17742.0,17425.0,17705.0,17760.0,312179748.0,0.0
2023-10-07 01:15:00,MHImain,HKFE,17706.0,17750.0,17695.0,17725.0,1717.0,30431363.0,0.0
2023-10-09 01:15:00,MHImain,HKFE,17725.0,17725.0,17725.0,17725.0,0.0,0.0,0.0
2023-10-09 11:00:00,MHImain,HKFE,17725.0,17725.0,17471.0,17572.0,30662.0,538944916.0,0.0
2023-10-09 17:15:00,MHImain,HKFE,17581.0,17628.0,17517.0,17519.0,3964.0,69642517.0,0.0
2023-10-09 21:15:00,MHImain,HKFE,17520.0,17578.0,17497.0,17564.0,7626.0,133724379.0,0.0
2023-10-10 01:15:00,MHImain,HKFE,17563.0,17975.0,17562.0,17765.0,39481.0,705747186.0,0.0
2023-10-10 11:00:00,MHImain,HKFE,17765.0,17886.0,17677.0,17875.0,31745.0,563660223.0,0.0
2023-10-10 17:15:00,MHImain,HKFE,17855.0,17888.0,17808.0,17859.0,5023.0,89647427.0,0.0
2023-10-10 21:15:00,MHImain,HKFE,17861.0,18007.0,17826.0,17949.0,10963.0,196729348.0,0.0
2023-10-11 01:15:00,MHImain,HKFE,17949.0,18066.0,17942.0,17946.0,34049.0,612830011.0,0.0
2023-10-11 11:00:00,MHImain,HKFE,17944.0,18077.0,17915.0,17937.0,30953.0,556824763.0,0.0
2023-10-11 17:15:00,MHImain,HKFE,17944.0,18168.0,17920.0,18109.0,8583.0,154979087.0,0.0
2023-10-11 21:15:00,MHImain,HKFE,18110.0,18224.0,18084.0,18100.0,12869.0,233644858.0,0.0
2023-10-12 01:15:00,MHImain,HKFE,18099.0,18390.0,18075.0,18284.0,29433.0,537621632.0,0.0
2023-10-12 11:00:00,MHImain,HKFE,18285.0,18342.0,18246.0,18281.0,24070.0,440336815.0,0.0
2023-10-12 17:15:00,MHImain,HKFE,18281.0,18307.0,18186.0,18203.0,5895.0,107546271.0,0.0
2023-10-12 21:15:00,MHImain,HKFE,18203.0,18218.0,17966.0,17970.0,13912.0,251428762.0,0.0
2023-10-13 01:15:00,MHImain,HKFE,17967.0,18044.0,17894.0,17923.0,30136.0,541810172.0,0.0
2023-10-13 11:00:00,MHImain,HKFE,17922.0,17939.0,17793.0,17812.0,27697.0,494714140.0,0.0
2023-10-13 17:15:00,MHImain,HKFE,17807.0,17816.0,17684.0,17802.0,7964.0,141382447.0,0.0
2023-10-13 21:15:00,MHImain,HKFE,17801.0,17869.0,17702.0,17720.0,10630.0,189038774.0,0.0
2023-10-14 01:15:00,MHImain,HKFE,17718.0,17750.0,17705.0,17746.0,1340.0,23751056.0,0.0
2023-10-16 01:15:00,MHImain,HKFE,17807.0,17887.0,17723.0,17770.0,29582.0,526461937.0,0.0
2023-10-16 11:00:00,MHImain,HKFE,17772.0,17788.0,17626.0,17681.0,24053.0,425490828.0,0.0
2023-10-16 17:15:00,MHImain,HKFE,17683.0,17729.0,17672.0,17702.0,3668.0,64930796.0,0.0
2023-10-16 21:15:00,MHImain,HKFE,17702.0,17914.0,17640.0,17898.0,14323.0,254825081.0,0.0
2023-10-17 01:15:00,MHImain,HKFE,17898.0,17900.0,17696.0,17738.0,25868.0,459898023.0,0.0
2023-10-17 11:00:00,MHImain,HKFE,17738.0,17851.0,17736.0,17802.0,26301.0,468025683.0,0.0
2023-10-17 17:15:00,MHImain,HKFE,17785.0,17805.0,17675.0,17695.0,5683.0,100823391.0,0.0
2023-10-17 21:15:00,MHImain,HKFE,17692.0,17872.0,17678.0,17819.0,11831.0,210441267.0,0.0
2023-10-18 01:15:00,MHImain,HKFE,17817.0,17862.0,17637.0,17814.0,34918.0,620322134.0,0.0
2023-10-18 11:00:00,MHImain,HKFE,17814.0,17870.0,17729.0,17756.0,27379.0,486868389.0,0.0
2023-10-18 17:15:00,MHImain,HKFE,17766.0,17766.0,17659.0,17675.0,4842.0,85699644.0,0.0
2023-10-18 21:15:00,MHImain,HKFE,17675.0,17703.0,17557.0,17603.0,10103.0,178078799.0,0.0
2023-10-19 01:15:00,MHImain,HKFE,17606.0,17611.0,17380.0,17417.0,31892.0,556755701.0,0.0
2023-10-19 11:00:00,MHImain,HKFE,17415.0,17426.0,17251.0,17293.0,26827.0,465478807.0,0.0
2023-10-19 17:15:00,MHImain,HKFE,17291.0,17343.0,17254.0,17338.0,4826.0,83496777.0,0.0
2023-10-19 21:15:00,MHImain,HKFE,17338.0,17438.0,17310.0,17404.0,13070.0,226922081.0,0.0
2023-10-20 01:15:00,MHImain,HKFE,17405.0,17433.0,17048.0,17310.0,38209.0,657021863.0,0.0
2023-10-20 11:00:00,MHImain,HKFE,17309.0,17311.0,17123.0,17170.0,26048.0,448032144.0,0.0
2023-10-20 17:15:00,MHImain,HKFE,17164.0,17170.0,17063.0,17088.0,4396.0,75200693.0,0.0
2023-10-20 21:15:00,MHImain,HKFE,17086.0,17148.0,17022.0,17045.0,9638.0,164640416.0,0.0
2023-10-21 01:15:00,MHImain,HKFE,17043.0,17075.0,17010.0,17043.0,1300.0,22150528.0,0.0
2023-10-24 01:15:00,MHImain,HKFE,17013.0,17154.0,16877.0,17071.0,41271.0,702289734.0,0.0
2023-10-24 11:00:00,MHImain,HKFE,17070.0,17124.0,16960.0,16960.0,27086.0,461567898.0,0.0
2023-10-24 17:15:00,MHImain,HKFE,16969.0,17169.0,16969.0,17146.0,6885.0,117486437.0,0.0
2023-10-24 21:15:00,MHImain,HKFE,17146.0,17460.0,17113.0,17437.0,21972.0,381141263.0,0.0
2023-10-25 01:15:00,MHImain,HKFE,17436.0,17552.0,17347.0,17447.0,35866.0,625094507.0,0.0
2023-10-25 11:00:00,MHImain,HKFE,17447.0,17474.0,17003.0,17128.0,47503.0,817093142.0,0.0
2023-10-25 17:15:00,MHImain,HKFE,17123.0,17173.0,17080.0,17126.0,4817.0,82548855.0,0.0
2023-10-25 21:15:00,MHImain,HKFE,17127.0,17234.0,17048.0,17136.0,13036.0,223439241.0,0.0
2023-10-26 01:15:00,MHImain,HKFE,17135.0,17177.0,16947.0,16947.0,34215.0,583574022.0,0.0
2023-10-26 11:00:00,MHImain,HKFE,16947.0,17095.0,16922.0,17047.0,33439.0,568806119.0,0.0
2023-10-26 17:15:00,MHImain,HKFE,17036.0,17090.0,16984.0,17051.0,5864.0,99892631.0,0.0
2023-10-26 21:15:00,MHImain,HKFE,17058.0,17175.0,17027.0,17088.0,14572.0,249139540.0,0.0
2023-10-27 01:15:00,MHImain,HKFE,17090.0,17353.0,17049.0,17261.0,32232.0,555329695.0,0.0
2023-10-27 11:00:00,MHImain,HKFE,17260.0,17509.0,17171.0,17410.0,34375.0,596478657.0,0.0
2023-10-27 17:15:00,MHImain,HKFE,17439.0,17459.0,17358.0,17407.0,2726.0,47457441.0,0.0
2023-10-27 21:15:00,MHImain,HKFE,17408.0,17436.0,17222.0,17224.0,5991.0,103690309.0,0.0
2023-10-28 01:15:00,MHImain,HKFE,17229.0,17241.0,17200.0,17200.0,947.0,16311254.0,0.0
2023-10-30 01:15:00,MHImain,HKFE,17251.0,17433.0,17233.0,17330.0,30662.0,531586022.0,0.0
2023-10-30 11:00:00,MHImain,HKFE,17328.0,17504.0,17294.0,17471.0,28928.0,503000828.0,0.0
2023-10-30 17:15:00,MHImain,HKFE,17485.0,17590.0,17472.0,17535.0,6897.0,121055392.0,0.0
2023-10-30 21:15:00,MHImain,HKFE,17533.0,17550.0,17333.0,17338.0,14571.0,253934053.0,0.0
2023-10-31 01:15:00,MHImain,HKFE,17343.0,17405.0,17173.0,17187.0,34340.0,593155378.0,0.0
2023-10-31 11:00:00,MHImain,HKFE,17188.0,17202.0,17048.0,17143.0,34042.0,583057737.0,0.0
2023-10-31 17:15:00,MHImain,HKFE,17155.0,17246.0,17122.0,17127.0,6852.0,117783718.0,0.0
2023-10-31 21:15:00,MHImain,HKFE,17128.0,17182.0,16977.0,17021.0,16326.0,278898519.0,0.0
2023-11-01 01:15:00,MHImain,HKFE,17021.0,17213.0,16990.0,17131.0,38958.0,665955353.0,0.0
2023-11-01 11:00:00,MHImain,HKFE,17131.0,17166.0,17066.0,17088.0,25654.0,439219258.0,0.0
2023-11-01 17:15:00,MHImain,HKFE,17089.0,17134.0,17054.0,17113.0,4518.0,77220120.0,0.0
2023-11-01 21:15:00,MHImain,HKFE,17115.0,17200.0,17075.0,17145.0,12143.0,208094638.0,0.0
2023-11-02 01:15:00,MHImain,HKFE,17145.0,17486.0,17076.0,17300.0,42190.0,731746260.0,0.0
2023-11-02 11:00:00,MHImain,HKFE,17298.0,17341.0,17198.0,17299.0,29213.0,504357480.0,0.0
2023-11-02 17:15:00,MHImain,HKFE,17300.0,17430.0,17293.0,17416.0,7296.0,126718252.0,0.0
2023-11-02 21:15:00,MHImain,HKFE,17418.0,17475.0,17355.0,17422.0,14298.0,248986452.0,0.0
2023-11-03 01:15:00,MHImain,HKFE,17424.0,17678.0,17396.0,17656.0,44997.0,788396215.0,0.0
2023-11-03 11:00:00,MHImain,HKFE,17659.0,17752.0,17573.0,17656.0,35294.0,623485199.0,0.0
2023-11-03 17:15:00,MHImain,HKFE,17651.0,17760.0,17625.0,17732.0,7531.0,133192957.0,0.0
2023-11-03 21:15:00,MHImain,HKFE,17731.0,17887.0,17728.0,17847.0,15315.0,272960134.0,0.0
2023-11-04 01:15:00,MHImain,HKFE,17846.0,17878.0,17828.0,17860.0,1547.0,27621043.0,0.0
2023-11-06 01:15:00,MHImain,HKFE,17917.0,18063.0,17875.0,18035.0,35047.0,630191467.0,0.0
2023-11-06 11:00:00,MHImain,HKFE,18034.0,18072.0,17919.0,17992.0,29329.0,527747715.0,0.0
2023-11-06 17:15:00,MHImain,HKFE,18000.0,18039.0,17954.0,17967.0,4419.0,79537548.0,0.0
2023-11-06 21:15:00,MHImain,HKFE,17967.0,17989.0,17846.0,17914.0,9353.0,167618668.0,0.0
2023-11-07 01:15:00,MHImain,HKFE,17916.0,17922.0,17740.0,17774.0,30086.0,536258456.0,0.0
2023-11-07 11:00:00,MHImain,HKFE,17773.0,17798.0,17679.0,17710.0,29356.0,520516951.0,0.0
2023-11-07 17:15:00,MHImain,HKFE,17734.0,17738.0,17686.0,17723.0,3588.0,63543304.0,0.0
2023-11-07 21:15:00,MHImain,HKFE,17724.0,17796.0,17600.0,17712.0,13833.0,244759727.0,0.0
2023-11-08 01:15:00,MHImain,HKFE,17712.0,17783.0,17620.0,17750.0,33072.0,585499835.0,0.0
2023-11-08 11:00:00,MHImain,HKFE,17751.0,17765.0,17557.0,17621.0,33324.0,587804917.0,0.0
2023-11-08 17:15:00,MHImain,HKFE,17610.0,17627.0,17565.0,17615.0,3547.0,62418138.0,0.0
2023-11-08 21:15:00,MHImain,HKFE,17615.0,17727.0,17586.0,17636.0,12136.0,214245111.0,0.0
2023-11-09 01:15:00,MHImain,HKFE,17634.0,17657.0,17498.0,17502.0,34973.0,614595468.0,0.0
2023-11-09 11:00:00,MHImain,HKFE,17502.0,17593.0,17481.0,17503.0,25190.0,441993825.0,0.0
2023-11-09 17:15:00,MHImain,HKFE,17495.0,17544.0,17495.0,17537.0,2892.0,50681957.0,0.0
2023-11-09 21:15:00,MHImain,HKFE,17537.0,17625.0,17508.0,17531.0,9988.0,175459904.0,0.0
2023-11-10 01:15:00,MHImain,HKFE,17533.0,17535.0,17215.0,17262.0,33592.0,581088764.0,0.0
2023-11-10 11:00:00,MHImain,HKFE,17260.0,17323.0,17200.0,17223.0,26726.0,461218954.0,0.0
2023-11-10 17:15:00,MHImain,HKFE,17218.0,17244.0,17175.0,17242.0,3966.0,68245837.0,0.0
2023-11-10 21:15:00,MHImain,HKFE,17240.0,17286.0,17191.0,17252.0,9692.0,167113909.0,0.0
2023-11-11 01:15:00,MHImain,HKFE,17252.0,17328.0,17252.0,17324.0,1968.0,34030874.0,0.0
2023-11-13 01:15:00,MHImain,HKFE,17339.0,17364.0,17170.0,17170.0,28155.0,486457431.0,0.0
2023-11-13 11:00:00,MHImain,HKFE,17170.0,17505.0,17136.0,17498.0,39191.0,677708801.0,0.0
2023-11-13 17:15:00,MHImain,HKFE,17491.0,17537.0,17453.0,17460.0,5482.0,95900417.0,0.0
2023-11-13 21:15:00,MHImain,HKFE,17460.0,17658.0,17439.0,17605.0,12275.0,215209344.0,0.0
2023-11-14 01:15:00,MHImain,HKFE,17605.0,17615.0,17444.0,17450.0,33486.0,586482481.0,0.0
2023-11-14 11:00:00,MHImain,HKFE,17450.0,17510.0,17381.0,17403.0,28606.0,498747367.0,0.0
2023-11-14 17:15:00,MHImain,HKFE,17414.0,17564.0,17414.0,17488.0,6764.0,118328415.0,0.0
2023-11-14 21:15:00,MHImain,HKFE,17487.0,17888.0,17467.0,17815.0,24881.0,441261217.0,0.0
2023-11-15 01:15:00,MHImain,HKFE,17815.0,17954.0,17800.0,17926.0,36030.0,643871812.0,0.0
2023-11-15 11:00:00,MHImain,HKFE,17926.0,18154.0,17892.0,18118.0,39207.0,706398948.0,0.0
2023-11-15 17:15:00,MHImain,HKFE,18120.0,18267.0,18096.0,18259.0,9172.0,166721760.0,0.0
2023-11-15 21:15:00,MHImain,HKFE,18259.0,18430.0,18129.0,18342.0,26259.0,480033992.0,0.0
2023-11-16 01:15:00,MHImain,HKFE,18342.0,18347.0,17738.0,17769.0,52616.0,944320349.0,0.0
2023-11-16 11:00:00,MHImain,HKFE,17770.0,17959.0,17763.0,17844.0,36462.0,651341139.0,0.0
2023-11-16 17:15:00,MHImain,HKFE,17860.0,17873.0,17570.0,17651.0,14848.0,262856868.0,0.0
2023-11-16 21:15:00,MHImain,HKFE,17650.0,17814.0,17548.0,17605.0,24037.0,424794612.0,0.0
2023-11-17 01:15:00,MHImain,HKFE,17604.0,17655.0,17473.0,17528.0,32694.0,574272879.0,0.0
2023-11-17 11:00:00,MHImain,HKFE,17526.0,17527.0,17430.0,17494.0,23976.0,418993033.0,0.0
2023-11-17 17:15:00,MHImain,HKFE,17497.0,17646.0,17497.0,17639.0,10558.0,185629173.0,0.0
2023-11-17 21:15:00,MHImain,HKFE,17638.0,17715.0,17560.0,17639.0,14883.0,262357188.0,0.0
2023-11-18 01:15:00,MHImain,HKFE,17638.0,17665.0,17630.0,17665.0,1589.0,28045621.0,0.0
2023-11-20 01:15:00,MHImain,HKFE,17699.0,17725.0,17559.0,17675.0,27521.0,485239976.0,0.0
2023-11-20 11:00:00,MHImain,HKFE,17674.0,17824.0,17653.0,17768.0,36332.0,645397202.0,0.0
2023-11-20 17:15:00,MHImain,HKFE,17775.0,17847.0,17775.0,17837.0,4637.0,82641829.0,0.0
2023-11-20 21:15:00,MHImain,HKFE,17837.0,17998.0,17813.0,17967.0,12556.0,225100782.0,0.0
2023-11-21 01:15:00,MHImain,HKFE,17965.0,18098.0,17931.0,17957.0,35009.0,630884821.0,0.0
2023-11-21 11:00:00,MHImain,HKFE,17958.0,18021.0,17712.0,17749.0,37177.0,664291618.0,0.0
2023-11-21 17:15:00,MHImain,HKFE,17736.0,17766.0,17671.0,17738.0,5672.0,100510270.0,0.0
2023-11-21 21:15:00,MHImain,HKFE,17738.0,17807.0,17628.0,17692.0,15020.0,266132403.0,0.0
2023-11-22 01:15:00,MHImain,HKFE,17691.0,17822.0,17656.0,17768.0,28515.0,506150883.0,0.0
2023-11-22 11:00:00,MHImain,HKFE,17768.0,17789.0,17666.0,17744.0,22976.0,407397523.0,0.0
2023-11-22 17:15:00,MHImain,HKFE,17756.0,17799.0,17728.0,17766.0,4227.0,75128992.0,0.0
2023-11-22 21:15:00,MHImain,HKFE,17766.0,17779.0,17614.0,17689.0,12785.0,226264601.0,0.0
2023-11-23 01:15:00,MHImain,HKFE,17689.0,17747.0,17589.0,17714.0,28872.0,510450653.0,0.0
2023-11-23 11:00:00,MHImain,HKFE,17715.0,17955.0,17648.0,17917.0,38862.0,691679845.0,0.0
2023-11-23 17:15:00,MHImain,HKFE,17908.0,17968.0,17861.0,17864.0,5678.0,101698952.0,0.0
2023-11-23 21:15:00,MHImain,HKFE,17864.0,17901.0,17838.0,17871.0,5476.0,97850024.0,0.0
2023-11-24 01:15:00,MHImain,HKFE,17873.0,17873.0,17616.0,17621.0,27240.0,482177604.0,0.0
2023-11-24 11:00:00,MHImain,HKFE,17620.0,17698.0,17542.0,17590.0,27821.0,490062550.0,0.0
2023-11-24 17:15:00,MHImain,HKFE,17594.0,17608.0,17571.0,17596.0,2510.0,44151814.0,0.0
2023-11-24 21:15:00,MHImain,HKFE,17595.0,17704.0,17565.0,17676.0,9504.0,167756117.0,0.0
2023-11-25 01:15:00,MHImain,HKFE,17675.0,17706.0,17665.0,17690.0,1260.0,22284490.0,0.0
2023-11-27 01:15:00,MHImain,HKFE,17628.0,17700.0,17371.0,17390.0,28638.0,501389495.0,0.0
2023-11-27 11:00:00,MHImain,HKFE,17389.0,17577.0,17358.0,17565.0,27459.0,479941738.0,0.0
2023-11-27 17:15:00,MHImain,HKFE,17557.0,17557.0,17508.0,17537.0,3145.0,55137027.0,0.0
2023-11-27 21:15:00,MHImain,HKFE,17538.0,17538.0,17453.0,17478.0,6983.0,122099633.0,0.0
2023-11-28 01:15:00,MHImain,HKFE,17476.0,17552.0,17408.0,17431.0,22377.0,391009713.0,0.0
2023-11-28 11:00:00,MHImain,HKFE,17431.0,17453.0,17304.0,17344.0,24210.0,420664779.0,0.0
2023-11-28 17:15:00,MHImain,HKFE,17425.0,17480.0,17425.0,17435.0,2010.0,35083460.0,0.0
2023-11-28 21:15:00,MHImain,HKFE,17434.0,17475.0,17370.0,17439.0,5370.0,93559068.0,0.0
2023-11-29 01:15:00,MHImain,HKFE,17441.0,17481.0,17140.0,17158.0,32423.0,560761695.0,0.0
2023-11-29 11:00:00,MHImain,HKFE,17159.0,17175.0,16956.0,17042.0,34256.0,584398017.0,0.0
2023-11-29 17:15:00,MHImain,HKFE,17069.0,17105.0,17044.0,17074.0,3706.0,63295131.0,0.0
2023-11-29 21:15:00,MHImain,HKFE,17073.0,17163.0,17020.0,17076.0,11934.0,204005783.0,0.0
2023-11-30 01:15:00,MHImain,HKFE,17075.0,17146.0,16940.0,17132.0,39275.0,669418969.0,0.0
2023-11-30 11:00:00,MHImain,HKFE,17132.0,17143.0,17024.0,17049.0,26596.0,454452162.0,0.0
2023-11-30 17:15:00,MHImain,HKFE,17044.0,17097.0,17026.0,17087.0,3550.0,60555351.0,0.0
2023-11-30 21:15:00,MHImain,HKFE,17087.0,17137.0,16954.0,17079.0,13712.0,233909331.0,0.0
2023-12-01 01:15:00,MHImain,HKFE,17076.0,17125.0,16962.0,17006.0,33322.0,567551835.0,0.0
2023-12-01 11:00:00,MHImain,HKFE,17006.0,17108.0,16865.0,16898.0,42224.0,717200068.0,0.0
2023-12-01 17:15:00,MHImain,HKFE,16905.0,16957.0,16836.0,16843.0,5601.0,94653797.0,0.0
2023-12-01 21:15:00,MHImain,HKFE,16843.0,16908.0,16744.0,16902.0,12974.0,218138645.0,0.0
2023-12-02 01:15:00,MHImain,HKFE,16904.0,16950.0,16883.0,16941.0,1852.0,31349069.0,0.0
2023-12-04 01:15:00,MHImain,HKFE,16915.0,17100.0,16820.0,16843.0,36979.0,626397581.0,0.0
2023-12-04 11:00:00,MHImain,HKFE,16844.0,16880.0,16679.0,16750.0,31383.0,526465688.0,0.0
2023-12-04 17:15:00,MHImain,HKFE,16730.0,16756.0,16703.0,16735.0,2490.0,41672731.0,0.0
2023-12-04 21:15:00,MHImain,HKFE,16737.0,16793.0,16679.0,16729.0,9032.0,151131305.0,0.0
2023-12-05 01:15:00,MHImain,HKFE,16730.0,16739.0,16396.0,16409.0,40439.0,669207829.0,0.0
2023-12-05 11:00:00,MHImain,HKFE,16410.0,16468.0,16271.0,16372.0,35229.0,576812968.0,0.0
2023-12-05 17:15:00,MHImain,HKFE,16393.0,16407.0,16322.0,16364.0,3407.0,55722060.0,0.0
2023-12-05 21:15:00,MHImain,HKFE,16365.0,16410.0,16322.0,16367.0,8311.0,136026363.0,0.0
2023-12-06 01:15:00,MHImain,HKFE,16370.0,16515.0,16283.0,16477.0,37049.0,608255025.0,0.0
2023-12-06 11:00:00,MHImain,HKFE,16477.0,16647.0,16419.0,16510.0,37098.0,613009304.0,0.0
2023-12-06 17:15:00,MHImain,HKFE,16513.0,16523.0,16469.0,16480.0,2234.0,36830192.0,0.0
2023-12-06 21:15:00,MHImain,HKFE,16482.0,16578.0,16472.0,16500.0,7496.0,123869062.0,0.0
2023-12-07 01:15:00,MHImain,HKFE,16498.0,16500.0,16190.0,16244.0,34337.0,559472885.0,0.0
2023-12-07 11:00:00,MHImain,HKFE,16245.0,16409.0,16222.0,16380.0,29591.0,482965249.0,0.0
2023-12-07 17:15:00,MHImain,HKFE,16372.0,16398.0,16353.0,16378.0,2447.0,40068264.0,0.0
2023-12-07 21:15:00,MHImain,HKFE,16381.0,16459.0,16361.0,16417.0,7603.0,124800269.0,0.0
2023-12-08 01:15:00,MHImain,HKFE,16418.0,16507.0,16285.0,16294.0,33341.0,546139202.0,0.0
2023-12-08 11:00:00,MHImain,HKFE,16293.0,16468.0,16273.0,16356.0,28739.0,470686331.0,0.0
2023-12-08 17:15:00,MHImain,HKFE,16368.0,16422.0,16363.0,16384.0,2950.0,48355857.0,0.0
2023-12-08 21:15:00,MHImain,HKFE,16385.0,16406.0,16257.0,16264.0,9786.0,159871749.0,0.0
2023-12-09 01:15:00,MHImain,HKFE,16263.0,16331.0,16260.0,16328.0,1117.0,18196283.0,0.0
2023-12-11 01:15:00,MHImain,HKFE,16280.0,16280.0,15980.0,16022.0,33622.0,542220348.0,0.0
2023-12-11 11:00:00,MHImain,HKFE,16022.0,16315.0,16001.0,16201.0,38454.0,621410116.0,0.0
2023-12-11 17:15:00,MHImain,HKFE,16224.0,16233.0,16197.0,16219.0,1996.0,32368954.0,0.0
2023-12-11 21:15:00,MHImain,HKFE,16220.0,16365.0,16208.0,16339.0,7837.0,127672652.0,0.0
2023-12-12 01:15:00,MHImain,HKFE,16336.0,16365.0,16185.0,16348.0,31091.0,506658357.0,0.0
2023-12-12 11:00:00,MHImain,HKFE,16348.0,16456.0,16320.0,16393.0,27055.0,443442347.0,0.0
2023-12-12 17:15:00,MHImain,HKFE,16390.0,16455.0,16359.0,16380.0,4113.0,67482112.0,0.0
2023-12-12 21:15:00,MHImain,HKFE,16380.0,16433.0,16246.0,16307.0,10393.0,169593873.0,0.0
2023-12-13 01:15:00,MHImain,HKFE,16307.0,16405.0,16240.0,16258.0,23606.0,384922209.0,0.0
2023-12-13 11:00:00,MHImain,HKFE,16259.0,16297.0,16161.0,16279.0,26653.0,432833540.0,0.0
2023-12-13 17:15:00,MHImain,HKFE,16270.0,16304.0,16256.0,16284.0,2092.0,34059741.0,0.0
2023-12-13 21:15:00,MHImain,HKFE,16284.0,16317.0,16163.0,16170.0,7430.0,120685801.0,0.0
2023-12-14 01:15:00,MHImain,HKFE,16170.0,16614.0,16128.0,16436.0,40067.0,660227882.0,0.0
2023-12-14 11:00:00,MHImain,HKFE,16435.0,16502.0,16340.0,16470.0,29797.0,489427606.0,0.0
2023-12-14 17:15:00,MHImain,HKFE,16450.0,16484.0,16428.0,16462.0,3158.0,51980188.0,0.0
2023-12-14 21:15:00,MHImain,HKFE,16462.0,16718.0,16454.0,16718.0,18577.0,308863199.0,0.0
2023-12-15 01:15:00,MHImain,HKFE,16714.0,17004.0,16633.0,16960.0,45027.0,756701585.0,0.0
2023-12-15 11:00:00,MHImain,HKFE,16960.0,16980.0,16738.0,16825.0,37399.0,629732885.0,0.0
2023-12-15 17:15:00,MHImain,HKFE,16819.0,16846.0,16796.0,16818.0,3274.0,55067634.0,0.0
2023-12-15 21:15:00,MHImain,HKFE,16819.0,16866.0,16716.0,16782.0,12351.0,207349630.0,0.0
2023-12-16 01:15:00,MHImain,HKFE,16782.0,16803.0,16688.0,16696.0,2077.0,34772046.0,0.0
2023-12-18 01:15:00,MHImain,HKFE,16728.0,16733.0,16611.0,16658.0,25620.0,427084440.0,0.0
2023-12-18 11:00:00,MHImain,HKFE,16659.0,16714.0,16584.0,16633.0,24768.0,412231727.0,0.0
2023-12-18 17:15:00,MHImain,HKFE,16648.0,16704.0,16610.0,16638.0,3669.0,61110724.0,0.0
2023-12-18 21:15:00,MHImain,HKFE,16637.0,16646.0,16487.0,16519.0,9356.0,154843175.0,0.0
2023-12-19 01:15:00,MHImain,HKFE,16520.0,16605.0,16420.0,16546.0,31394.0,518495639.0,0.0
2023-12-19 11:00:00,MHImain,HKFE,16547.0,16594.0,16456.0,16545.0,24823.0,410093873.0,0.0
2023-12-19 17:15:00,MHImain,HKFE,16555.0,16589.0,16537.0,16586.0,2570.0,42565260.0,0.0
2023-12-19 21:15:00,MHImain,HKFE,16585.0,16760.0,16579.0,16702.0,11175.0,186504871.0,0.0
2023-12-20 01:15:00,MHImain,HKFE,16702.0,16785.0,16658.0,16742.0,29585.0,494585804.0,0.0
2023-12-20 11:00:00,MHImain,HKFE,16742.0,16753.0,16580.0,16644.0,26350.0,439164343.0,0.0
2023-12-20 17:15:00,MHImain,HKFE,16635.0,16635.0,16557.0,16569.0,3498.0,58017572.0,0.0
2023-12-20 21:15:00,MHImain,HKFE,16568.0,16611.0,16532.0,16555.0,6406.0,106120632.0,0.0
2023-12-21 01:15:00,MHImain,HKFE,16555.0,16594.0,16370.0,16568.0,29749.0,491066794.0,0.0
2023-12-21 11:00:00,MHImain,HKFE,16570.0,16674.0,16562.0,16610.0,24247.0,403003335.0,0.0
2023-12-21 17:15:00,MHImain,HKFE,16617.0,16656.0,16574.0,16641.0,3291.0,54685410.0,0.0
2023-12-21 21:15:00,MHImain,HKFE,16645.0,16728.0,16606.0,16668.0,8950.0,149218329.0,0.0
2023-12-22 01:15:00,MHImain,HKFE,16668.0,16794.0,16657.0,16762.0,24197.0,404367941.0,0.0
2023-12-22 11:00:00,MHImain,HKFE,16760.0,16876.0,16275.0,16350.0,65098.0,1075254844.0,0.0
2023-12-22 17:15:00,MHImain,HKFE,16360.0,16416.0,16355.0,16391.0,3988.0,65349348.0,0.0
2023-12-22 21:15:00,MHImain,HKFE,16393.0,16559.0,16375.0,16522.0,11302.0,186467892.0,0.0
2023-12-23 01:15:00,MHImain,HKFE,16523.0,16593.0,16523.0,16530.0,1594.0,26399103.0,0.0
2023-12-27 01:15:00,MHImain,HKFE,16581.0,16622.0,16445.0,16571.0,25336.0,418343604.0,0.0
2023-12-27 11:00:00,MHImain,HKFE,16569.0,16692.0,16539.0,16654.0,24321.0,404376102.0,0.0
2023-12-27 17:15:00,MHImain,HKFE,16742.0,16787.0,16723.0,16772.0,1832.0,30705766.0,0.0
2023-12-27 21:15:00,MHImain,HKFE,16772.0,16830.0,16731.0,16757.0,4842.0,81210803.0,0.0
2023-12-28 01:15:00,MHImain,HKFE,16756.0,16984.0,16736.0,16969.0,23949.0,404061683.0,0.0
2023-12-28 11:00:00,MHImain,HKFE,16969.0,17199.0,16962.0,17160.0,32313.0,552832406.0,0.0
2023-12-28 17:15:00,MHImain,HKFE,17148.0,17177.0,17112.0,17115.0,3961.0,67923201.0,0.0
2023-12-28 21:15:00,MHImain,HKFE,17116.0,17180.0,17058.0,17129.0,8830.0,151240175.0,0.0
2023-12-29 01:15:00,MHImain,HKFE,17129.0,17208.0,17065.0,17096.0,26290.0,450135911.0,0.0
2023-12-29 11:00:00,MHImain,HKFE,17095.0,17142.0,17042.0,17132.0,17923.0,306434501.0,0.0
2023-12-29 17:15:00,MHImain,HKFE,17129.0,17133.0,17074.0,17091.0,2732.0,46705152.0,0.0
2023-12-29 21:15:00,MHImain,HKFE,17091.0,17188.0,17060.0,17107.0,9308.0,159423903.0,0.0
2023-12-30 01:15:00,MHImain,HKFE,17106.0,17163.0,17106.0,17163.0,1218.0,20875125.0,0.0
2024-01-02 01:15:00,MHImain,HKFE,17160.0,17255.0,16825.0,16845.0,36257.0,616491016.0,0.0
2024-01-02 11:00:00,MHImain,HKFE,16844.0,16912.0,16792.0,16858.0,25265.0,425612006.0,0.0
2024-01-02 17:15:00,MHImain,HKFE,16854.0,16869.0,16692.0,16700.0,6584.0,110423837.0,0.0
2024-01-02 21:15:00,MHImain,HKFE,16700.0,16749.0,16634.0,16714.0,11718.0,195635152.0,0.0
2024-01-03 01:15:00,MHImain,HKFE,16710.0,16721.0,16592.0,16704.0,27173.0,452824352.0,0.0
2024-01-03 11:00:00,MHImain,HKFE,16705.0,16727.0,16629.0,16688.0,22510.0,375503352.0,0.0
2024-01-03 17:15:00,MHImain,HKFE,16681.0,16681.0,16560.0,16588.0,6307.0,104760062.0,0.0
2024-01-03 21:15:00,MHImain,HKFE,16589.0,16735.0,16571.0,16715.0,13219.0,220257700.0,0.0
2024-01-04 01:15:00,MHImain,HKFE,16715.0,16773.0,16576.0,16586.0,26314.0,438578770.0,0.0
2024-01-04 11:00:00,MHImain,HKFE,16585.0,16738.0,16561.0,16677.0,26562.0,442231831.0,0.0
2024-01-04 17:15:00,MHImain,HKFE,16675.0,16720.0,16656.0,16672.0,3916.0,65344880.0,0.0
2024-01-04 21:15:00,MHImain,HKFE,16670.0,16678.0,16609.0,16628.0,7689.0,127962257.0,0.0
2024-01-05 01:15:00,MHImain,HKFE,16630.0,16807.0,16497.0,16718.0,35100.0,584823387.0,0.0
2024-01-05 11:00:00,MHImain,HKFE,16719.0,16734.0,16525.0,16587.0,26014.0,432194149.0,0.0
2024-01-05 17:15:00,MHImain,HKFE,16580.0,16612.0,16534.0,16585.0,4970.0,82339760.0,0.0
2024-01-05 21:15:00,MHImain,HKFE,16586.0,16697.0,16503.0,16585.0,14679.0,243829102.0,0.0
2024-01-06 01:15:00,MHImain,HKFE,16588.0,16590.0,16546.0,16588.0,1669.0,27656807.0,0.0
2024-01-08 01:15:00,MHImain,HKFE,16565.0,16653.0,16251.0,16273.0,37437.0,615742256.0,0.0
2024-01-08 11:00:00,MHImain,HKFE,16272.0,16285.0,16184.0,16253.0,24703.0,401146346.0,0.0
2024-01-08 17:15:00,MHImain,HKFE,16250.0,16257.0,16190.0,16204.0,4251.0,68968634.0,0.0
2024-01-08 21:15:00,MHImain,HKFE,16204.0,16373.0,16194.0,16363.0,10274.0,167321206.0,0.0
2024-01-09 01:15:00,MHImain,HKFE,16362.0,16463.0,16266.0,16359.0,31697.0,518918669.0,0.0
2024-01-09 11:00:00,MHImain,HKFE,16357.0,16391.0,16214.0,16221.0,27223.0,443746171.0,0.0
2024-01-09 17:15:00,MHImain,HKFE,16213.0,16220.0,16140.0,16181.0,4570.0,73959137.0,0.0
2024-01-09 21:15:00,MHImain,HKFE,16182.0,16182.0,16118.0,16153.0,7061.0,114014271.0,0.0
2024-01-10 01:15:00,MHImain,HKFE,16154.0,16295.0,16078.0,16180.0,36317.0,588048734.0,0.0
2024-01-10 11:00:00,MHImain,HKFE,16178.0,16190.0,16068.0,16153.0,22984.0,370672188.0,0.0
2024-01-10 17:15:00,MHImain,HKFE,16154.0,16194.0,16118.0,16138.0,3898.0,62973784.0,0.0
2024-01-10 21:15:00,MHImain,HKFE,16139.0,16182.0,16098.0,16118.0,5620.0,90738793.0,0.0
2024-01-11 01:15:00,MHImain,HKFE,16116.0,16435.0,16097.0,16319.0,35076.0,570839149.0,0.0
2024-01-11 11:00:00,MHImain,HKFE,16319.0,16495.0,16311.0,16347.0,32239.0,528772169.0,0.0
2024-01-11 17:15:00,MHImain,HKFE,16338.0,16347.0,16302.0,16338.0,3364.0,54906115.0,0.0
2024-01-11 21:15:00,MHImain,HKFE,16336.0,16368.0,16140.0,16187.0,17589.0,285584590.0,0.0
2024-01-12 01:15:00,MHImain,HKFE,16187.0,16424.0,16171.0,16341.0,33022.0,538945459.0,0.0
2024-01-12 11:00:00,MHImain,HKFE,16342.0,16360.0,16216.0,16272.0,23468.0,382293232.0,0.0
2024-01-12 17:15:00,MHImain,HKFE,16280.0,16295.0,16218.0,16248.0,2927.0,47550181.0,0.0
2024-01-12 21:15:00,MHImain,HKFE,16248.0,16413.0,16238.0,16317.0,12992.0,212420947.0,0.0
2024-01-13 01:15:00,MHImain,HKFE,16317.0,16329.0,16284.0,16309.0,1281.0,20886502.0,0.0
2024-01-15 01:15:00,MHImain,HKFE,16280.0,16372.0,16121.0,16342.0,37827.0,614531199.0,0.0
2024-01-15 11:00:00,MHImain,HKFE,16343.0,16343.0,16190.0,16248.0,20993.0,341052532.0,0.0
2024-01-15 17:15:00,MHImain,HKFE,16246.0,16246.0,16128.0,16128.0,4819.0,77964206.0,0.0
2024-01-15 21:15:00,MHImain,HKFE,16128.0,16170.0,16102.0,16164.0,4271.0,68898837.0,0.0
2024-01-16 01:15:00,MHImain,HKFE,16164.0,16226.0,15951.0,16076.0,37780.0,609234069.0,0.0
2024-01-16 11:00:00,MHImain,HKFE,16076.0,16088.0,15827.0,15880.0,42990.0,684240269.0,0.0
2024-01-16 17:15:00,MHImain,HKFE,15875.0,15942.0,15849.0,15915.0,4596.0,73065273.0,0.0
2024-01-16 21:15:00,MHImain,HKFE,15915.0,15939.0,15773.0,15773.0,10827.0,171650903.0,0.0
2024-01-17 01:15:00,MHImain,HKFE,15772.0,15799.0,15416.0,15446.0,41306.0,643305409.0,0.0
2024-01-17 11:00:00,MHImain,HKFE,15444.0,15462.0,15198.0,15252.0,42542.0,651553501.0,0.0
2024-01-17 17:15:00,MHImain,HKFE,15243.0,15312.0,15200.0,15281.0,5911.0,90266411.0,0.0
2024-01-17 21:15:00,MHImain,HKFE,15281.0,15309.0,15171.0,15258.0,11233.0,171310601.0,0.0
2024-01-18 01:15:00,MHImain,HKFE,15258.0,15416.0,15193.0,15270.0,43235.0,661827702.0,0.0
2024-01-18 11:00:00,MHImain,HKFE,15269.0,15469.0,15248.0,15368.0,42652.0,655562438.0,0.0
2024-01-18 17:15:00,MHImain,HKFE,15369.0,15448.0,15368.0,15422.0,3888.0,59957447.0,0.0
2024-01-18 21:15:00,MHImain,HKFE,15422.0,15464.0,15351.0,15362.0,10202.0,157100153.0,0.0
2024-01-19 01:15:00,MHImain,HKFE,15362.0,15548.0,15359.0,15442.0,37657.0,582330175.0,0.0
2024-01-19 11:00:00,MHImain,HKFE,15440.0,15468.0,15219.0,15302.0,38088.0,583943151.0,0.0
2024-01-19 17:15:00,MHImain,HKFE,15316.0,15389.0,15281.0,15319.0,4644.0,71158295.0,0.0
2024-01-19 21:15:00,MHImain,HKFE,15320.0,15325.0,15223.0,15282.0,7216.0,110164887.0,0.0
2024-01-20 01:15:00,MHImain,HKFE,15282.0,15512.0,15282.0,15452.0,7434.0,114733451.0,0.0
2024-01-22 01:15:00,MHImain,HKFE,15481.0,15488.0,15066.0,15078.0,38856.0,591404632.0,0.0
2024-01-22 11:00:00,MHImain,HKFE,15076.0,15080.0,14795.0,14979.0,45969.0,687454892.0,0.0
2024-01-22 17:15:00,MHImain,HKFE,14975.0,15046.0,14957.0,14990.0,4876.0,73107955.0,0.0
2024-01-22 21:15:00,MHImain,HKFE,14988.0,15172.0,14988.0,15140.0,10820.0,163391055.0,0.0
2024-01-23 01:15:00,MHImain,HKFE,15138.0,15499.0,14998.0,15274.0,67950.0,1036955796.0,0.0
2024-01-23 11:00:00,MHImain,HKFE,15276.0,15538.0,15228.0,15315.0,48929.0,752689756.0,0.0
2024-01-23 17:15:00,MHImain,HKFE,15318.0,15497.0,15289.0,15467.0,5925.0,91093889.0,0.0
2024-01-23 21:15:00,MHImain,HKFE,15469.0,15693.0,15453.0,15625.0,24757.0,386161527.0,0.0
2024-01-24 01:15:00,MHImain,HKFE,15620.0,15735.0,15536.0,15546.0,39457.0,616372251.0,0.0
2024-01-24 11:00:00,MHImain,HKFE,15546.0,15999.0,15415.0,15935.0,73442.0,1151705116.0,0.0
2024-01-24 17:15:00,MHImain,HKFE,15937.0,16208.0,15937.0,16207.0,15366.0,247526658.0,0.0
2024-01-24 21:15:00,MHImain,HKFE,16208.0,16256.0,16071.0,16114.0,18082.0,292168564.0,0.0
2024-01-25 01:15:00,MHImain,HKFE,16113.0,16141.0,15828.0,16045.0,48209.0,770341444.0,0.0
2024-01-25 11:00:00,MHImain,HKFE,16046.0,16259.0,16045.0,16187.0,40742.0,659180391.0,0.0
2024-01-25 17:15:00,MHImain,HKFE,16199.0,16236.0,16178.0,16216.0,3326.0,53922953.0,0.0
2024-01-25 21:15:00,MHImain,HKFE,16215.0,16314.0,16061.0,16097.0,17550.0,283876941.0,0.0
2024-01-26 01:15:00,MHImain,HKFE,16101.0,16252.0,16050.0,16152.0,36057.0,583178121.0,0.0
2024-01-26 11:00:00,MHImain,HKFE,16152.0,16203.0,15892.0,15956.0,53878.0,864007711.0,0.0
2024-01-26 17:15:00,MHImain,HKFE,15955.0,16027.0,15946.0,16021.0,3684.0,58944571.0,0.0
2024-01-26 21:15:00,MHImain,HKFE,16021.0,16132.0,15995.0,16124.0,9863.0,158466353.0,0.0
2024-01-27 01:15:00,MHImain,HKFE,16124.0,16124.0,16071.0,16083.0,1252.0,20152044.0,0.0
2024-01-29 01:15:00,MHImain,HKFE,16068.0,16287.0,16043.0,16154.0,35773.0,578199533.0,0.0
2024-01-29 11:00:00,MHImain,HKFE,16154.0,16218.0,16034.0,16077.0,28659.0,461603686.0,0.0
2024-01-29 17:15:00,MHImain,HKFE,16114.0,16141.0,16086.0,16107.0,2232.0,35963036.0,0.0
2024-01-29 21:15:00,MHImain,HKFE,16108.0,16118.0,15881.0,15928.0,7756.0,123879840.0,0.0
2024-01-30 01:15:00,MHImain,HKFE,15922.0,15987.0,15720.0,15820.0,34937.0,553665066.0,0.0
2024-01-30 11:00:00,MHImain,HKFE,15818.0,15907.0,15716.0,15735.0,35320.0,558038610.0,0.0
2024-01-30 17:15:00,MHImain,HKFE,15730.0,15730.0,15654.0,15672.0,5667.0,88861323.0,0.0
2024-01-30 21:15:00,MHImain,HKFE,15670.0,15762.0,15614.0,15742.0,10787.0,169230886.0,0.0
2024-01-31 01:15:00,MHImain,HKFE,15743.0,15801.0,15514.0,15604.0,43456.0,679971616.0,0.0
2024-01-31 11:00:00,MHImain,HKFE,15603.0,15689.0,15466.0,15520.0,42901.0,667315284.0,0.0
2024-01-31 17:15:00,MHImain,HKFE,15513.0,15538.0,15458.0,15504.0,4062.0,62955299.0,0.0
2024-01-31 21:15:00,MHImain,HKFE,15506.0,15749.0,15505.0,15650.0,17906.0,280174255.0,0.0
2024-02-01 01:15:00,MHImain,HKFE,15650.0,15826.0,15469.0,15724.0,57649.0,901680788.0,0.0
2024-02-01 11:00:00,MHImain,HKFE,15721.0,15859.0,15562.0,15604.0,48893.0,766847812.0,0.0
2024-02-01 17:15:00,MHImain,HKFE,15612.0,15664.0,15605.0,15646.0,3690.0,57721921.0,0.0
2024-02-01 21:15:00,MHImain,HKFE,15645.0,15720.0,15570.0,15673.0,13654.0,213795460.0,0.0
2024-02-02 01:15:00,MHImain,HKFE,15675.0,15965.0,15657.0,15866.0,43335.0,687411218.0,0.0
2024-02-02 11:00:00,MHImain,HKFE,15864.0,15886.0,15473.0,15556.0,60651.0,948850350.0,0.0
2024-02-02 17:15:00,MHImain,HKFE,15563.0,15573.0,15507.0,15533.0,3210.0,49862788.0,0.0
2024-02-02 21:15:00,MHImain,HKFE,15531.0,15536.0,15336.0,15397.0,17204.0,265011654.0,0.0
2024-02-03 01:15:00,MHImain,HKFE,15397.0,15426.0,15375.0,15416.0,1905.0,29342054.0,0.0
2024-02-05 01:15:00,MHImain,HKFE,15398.0,15570.0,15297.0,15442.0,48038.0,742341437.0,0.0
2024-02-05 11:00:00,MHImain,HKFE,15444.0,15724.0,15433.0,15566.0,55840.0,871238817.0,0.0
2024-02-05 17:15:00,MHImain,HKFE,15555.0,15580.0,15522.0,15555.0,2829.0,43988480.0,0.0
2024-02-05 21:15:00,MHImain,HKFE,15551.0,15653.0,15464.0,15643.0,12652.0,196790427.0,0.0
2024-02-06 01:15:00,MHImain,HKFE,15643.0,15895.0,15568.0,15823.0,48067.0,757200412.0,0.0
2024-02-06 11:00:00,MHImain,HKFE,15827.0,16210.0,15810.0,16173.0,61157.0,983250686.0,0.0
2024-02-06 17:15:00,MHImain,HKFE,16173.0,16177.0,16108.0,16150.0,4891.0,78943193.0,0.0
2024-02-06 21:15:00,MHImain,HKFE,16152.0,16310.0,16058.0,16256.0,17747.0,287087267.0,0.0
2024-02-07 01:15:00,MHImain,HKFE,16256.0,16454.0,16248.0,16295.0,50208.0,820917888.0,0.0
2024-02-07 11:00:00,MHImain,HKFE,16295.0,16305.0,16078.0,16083.0,43085.0,696249151.0,0.0
2024-02-07 17:15:00,MHImain,HKFE,16085.0,16285.0,16073.0,16106.0,11046.0,178585636.0,0.0
2024-02-07 21:15:00,MHImain,HKFE,16108.0,16166.0,15988.0,16027.0,16342.0,262556250.0,0.0
2024-02-08 01:15:00,MHImain,HKFE,16025.0,16125.0,15920.0,15926.0,41149.0,659672521.0,0.0
2024-02-08 11:00:00,MHImain,HKFE,15927.0,16001.0,15840.0,15885.0,32708.0,520662969.0,0.0
2024-02-08 17:15:00,MHImain,HKFE,15886.0,15916.0,15820.0,15849.0,4311.0,68379050.0,0.0
2024-02-08 21:15:00,MHImain,HKFE,15850.0,15877.0,15749.0,15760.0,9313.0,147150664.0,0.0
2024-02-09 01:15:00,MHImain,HKFE,15760.0,15780.0,15549.0,15661.0,28875.0,451674734.0,0.0
2024-02-09 11:00:00,MHImain,HKFE,15660.0,15786.0,15649.0,15757.0,9624.0,151376213.0,0.0
2024-02-09 17:15:00,MHImain,HKFE,15708.0,15708.0,15708.0,15708.0,0.0,0.0,0.0
2024-02-09 21:15:00,MHImain,HKFE,15708.0,15708.0,15708.0,15708.0,0.0,0.0,0.0
2024-02-10 01:15:00,MHImain,HKFE,15708.0,15708.0,15708.0,15708.0,0.0,0.0,0.0
2024-02-14 01:15:00,MHImain,HKFE,15700.0,15741.0,15456.0,15737.0,32706.0,509892884.0,0.0
2024-02-14 11:00:00,MHImain,HKFE,15737.0,15940.0,15689.0,15926.0,27951.0,442742504.0,0.0
2024-02-14 17:15:00,MHImain,HKFE,15928.0,16015.0,15923.0,15964.0,4988.0,79663435.0,0.0
2024-02-14 21:15:00,MHImain,HKFE,15962.0,15964.0,15863.0,15898.0,8373.0,133253897.0,0.0
2024-02-15 01:15:00,MHImain,HKFE,15898.0,15977.0,15747.0,15966.0,34847.0,552474759.0,0.0
2024-02-15 11:00:00,MHImain,HKFE,15967.0,16060.0,15908.0,15992.0,25932.0,414294892.0,0.0
2024-02-15 17:15:00,MHImain,HKFE,15985.0,16007.0,15960.0,15975.0,1846.0,29500728.0,0.0
2024-02-15 21:15:00,MHImain,HKFE,15976.0,16080.0,15969.0,16036.0,8091.0,129713491.0,0.0
2024-02-16 01:15:00,MHImain,HKFE,16036.0,16224.0,15945.0,16222.0,36099.0,580043835.0,0.0
2024-02-16 11:00:00,MHImain,HKFE,16223.0,16428.0,16187.0,16350.0,37996.0,620674312.0,0.0
2024-02-16 17:15:00,MHImain,HKFE,16345.0,16407.0,16328.0,16376.0,2624.0,42956558.0,0.0
2024-02-16 21:15:00,MHImain,HKFE,16375.0,16414.0,16291.0,16361.0,10687.0,174840482.0,0.0
2024-02-17 01:15:00,MHImain,HKFE,16360.0,16380.0,16348.0,16375.0,1089.0,17820497.0,0.0
2024-02-19 01:15:00,MHImain,HKFE,16380.0,16414.0,16153.0,16192.0,33811.0,548665967.0,0.0
2024-02-19 11:00:00,MHImain,HKFE,16192.0,16262.0,16148.0,16161.0,25375.0,411082844.0,0.0
2024-02-19 17:15:00,MHImain,HKFE,16164.0,16201.0,16154.0,16193.0,2193.0,35483003.0,0.0
2024-02-19 21:15:00,MHImain,HKFE,16192.0,16222.0,16177.0,16210.0,2330.0,37753690.0,0.0
2024-02-20 01:15:00,MHImain,HKFE,16209.0,16357.0,16064.0,16133.0,40651.0,657535007.0,0.0
2024-02-20 11:00:00,MHImain,HKFE,16135.0,16275.0,16076.0,16256.0,28828.0,466237950.0,0.0
2024-02-20 17:15:00,MHImain,HKFE,16256.0,16316.0,16256.0,16296.0,3808.0,62055609.0,0.0
2024-02-20 21:15:00,MHImain,HKFE,16295.0,16365.0,16144.0,16195.0,11860.0,192694689.0,0.0
2024-02-21 01:15:00,MHImain,HKFE,16193.0,16677.0,16147.0,16669.0,45099.0,742048406.0,0.0
2024-02-21 11:00:00,MHImain,HKFE,16668.0,16778.0,16468.0,16488.0,50589.0,842040747.0,0.0
2024-02-21 17:15:00,MHImain,HKFE,16487.0,16537.0,16438.0,16477.0,6296.0,103736304.0,0.0
2024-02-21 21:15:00,MHImain,HKFE,16477.0,16566.0,16443.0,16475.0,9709.0,160183538.0,0.0
2024-02-22 01:15:00,MHImain,HKFE,16475.0,16565.0,16420.0,16548.0,38182.0,629981905.0,0.0
2024-02-22 11:00:00,MHImain,HKFE,16549.0,16803.0,16468.0,16781.0,39903.0,663640659.0,0.0
2024-02-22 17:15:00,MHImain,HKFE,16770.0,16774.0,16720.0,16729.0,3833.0,64173525.0,0.0
2024-02-22 21:15:00,MHImain,HKFE,16729.0,16731.0,16561.0,16616.0,12457.0,207232219.0,0.0
2024-02-23 01:15:00,MHImain,HKFE,16616.0,16902.0,16610.0,16716.0,40720.0,681679655.0,0.0
2024-02-23 11:00:00,MHImain,HKFE,16716.0,16782.0,16677.0,16718.0,25255.0,422457111.0,0.0
2024-02-23 17:15:00,MHImain,HKFE,16724.0,16815.0,16693.0,16786.0,5245.0,87906177.0,0.0
2024-02-23 21:15:00,MHImain,HKFE,16787.0,16822.0,16662.0,16751.0,10929.0,182902206.0,0.0
2024-02-24 01:15:00,MHImain,HKFE,16751.0,16774.0,16722.0,16748.0,1108.0,18558364.0,0.0
2024-02-26 01:15:00,MHImain,HKFE,16646.0,16774.0,16582.0,16663.0,34053.0,567715706.0,0.0
2024-02-26 11:00:00,MHImain,HKFE,16661.0,16700.0,16597.0,16632.0,22873.0,380558825.0,0.0
2024-02-26 17:15:00,MHImain,HKFE,16630.0,16692.0,16626.0,16680.0,3075.0,51247113.0,0.0
2024-02-26 21:15:00,MHImain,HKFE,16681.0,16753.0,16651.0,16670.0,8127.0,135734100.0,0.0
2024-02-27 01:15:00,MHImain,HKFE,16670.0,16688.0,16445.0,16461.0,30669.0,508493981.0,0.0
2024-02-27 11:00:00,MHImain,HKFE,16459.0,16835.0,16448.0,16800.0,34097.0,567729013.0,0.0
2024-02-27 17:15:00,MHImain,HKFE,16820.0,16866.0,16813.0,16841.0,2622.0,44165151.0,0.0
2024-02-27 21:15:00,MHImain,HKFE,16840.0,16860.0,16796.0,16834.0,5485.0,92307820.0,0.0
2024-02-28 01:15:00,MHImain,HKFE,16832.0,16879.0,16667.0,16715.0,31314.0,524996373.0,0.0
2024-02-28 11:00:00,MHImain,HKFE,16713.0,16842.0,16488.0,16492.0,50254.0,836801876.0,0.0
2024-02-28 17:15:00,MHImain,HKFE,16499.0,16511.0,16410.0,16472.0,7742.0,127439835.0,0.0
2024-02-28 21:15:00,MHImain,HKFE,16472.0,16515.0,16378.0,16431.0,9884.0,162501041.0,0.0
2024-02-29 01:15:00,MHImain,HKFE,16430.0,16693.0,16393.0,16683.0,41596.0,688819105.0,0.0
2024-02-29 11:00:00,MHImain,HKFE,16681.0,16681.0,16407.0,16453.0,47595.0,787308176.0,0.0
2024-02-29 17:15:00,MHImain,HKFE,16451.0,16459.0,16406.0,16430.0,3806.0,62538271.0,0.0
2024-02-29 21:15:00,MHImain,HKFE,16429.0,16509.0,16345.0,16368.0,12037.0,197858795.0,0.0
2024-03-01 01:15:00,MHImain,HKFE,16370.0,16600.0,16131.0,16577.0,45018.0,738424518.0,0.0
2024-03-01 11:00:00,MHImain,HKFE,16579.0,16627.0,16490.0,16555.0,38481.0,637241930.0,0.0
2024-03-01 17:15:00,MHImain,HKFE,16555.0,16577.0,16498.0,16555.0,3911.0,64680988.0,0.0
2024-03-01 21:15:00,MHImain,HKFE,16555.0,16592.0,16472.0,16585.0,8678.0,143514725.0,0.0
2024-03-02 01:15:00,MHImain,HKFE,16585.0,16596.0,16568.0,16587.0,1301.0,21574080.0,0.0
2024-03-04 01:15:00,MHImain,HKFE,16595.0,16640.0,16441.0,16606.0,39196.0,648443450.0,0.0
2024-03-04 11:00:00,MHImain,HKFE,16606.0,16616.0,16465.0,16551.0,28793.0,475981599.0,0.0
2024-03-04 17:15:00,MHImain,HKFE,16557.0,16566.0,16515.0,16527.0,2121.0,35076240.0,0.0
2024-03-04 21:15:00,MHImain,HKFE,16526.0,16534.0,16373.0,16390.0,11272.0,185312267.0,0.0
2024-03-05 01:15:00,MHImain,HKFE,16387.0,16428.0,16137.0,16171.0,45311.0,738350756.0,0.0
2024-03-05 11:00:00,MHImain,HKFE,16168.0,16266.0,16049.0,16112.0,37300.0,602311499.0,0.0
2024-03-05 17:15:00,MHImain,HKFE,16111.0,16158.0,16087.0,16142.0,3498.0,56410327.0,0.0
2024-03-05 21:15:00,MHImain,HKFE,16141.0,16235.0,16109.0,16151.0,12492.0,202045889.0,0.0
2024-03-06 01:15:00,MHImain,HKFE,16150.0,16373.0,16109.0,16354.0,43010.0,697592113.0,0.0
2024-03-06 11:00:00,MHImain,HKFE,16353.0,16527.0,16330.0,16439.0,51900.0,852801049.0,0.0
2024-03-06 17:15:00,MHImain,HKFE,16437.0,16473.0,16408.0,16458.0,3249.0,53433161.0,0.0
2024-03-06 21:15:00,MHImain,HKFE,16460.0,16534.0,16443.0,16496.0,11256.0,185582476.0,0.0
2024-03-07 01:15:00,MHImain,HKFE,16496.0,16552.0,16372.0,16459.0,41424.0,681302613.0,0.0
2024-03-07 11:00:00,MHImain,HKFE,16459.0,16472.0,16144.0,16233.0,41235.0,672126008.0,0.0
2024-03-07 17:15:00,MHImain,HKFE,16238.0,16285.0,16230.0,16266.0,3339.0,54279164.0,0.0
2024-03-07 21:15:00,MHImain,HKFE,16269.0,16312.0,16216.0,16303.0,8529.0,138757287.0,0.0
2024-03-08 01:15:00,MHImain,HKFE,16303.0,16527.0,16276.0,16331.0,39473.0,647582717.0,0.0
2024-03-08 11:00:00,MHImain,HKFE,16331.0,16507.0,16331.0,16350.0,34938.0,574262474.0,0.0
2024-03-08 17:15:00,MHImain,HKFE,16352.0,16472.0,16324.0,16344.0,5531.0,90549882.0,0.0
2024-03-08 21:15:00,MHImain,HKFE,16345.0,16433.0,16310.0,16360.0,11061.0,181184071.0,0.0
2024-03-09 01:15:00,MHImain,HKFE,16362.0,16392.0,16346.0,16379.0,1123.0,18380564.0,0.0
2024-03-11 01:15:00,MHImain,HKFE,16398.0,16655.0,16393.0,16534.0,40075.0,662886684.0,0.0
2024-03-11 11:00:00,MHImain,HKFE,16534.0,16626.0,16512.0,16615.0,26062.0,432333774.0,0.0
2024-03-11 17:15:00,MHImain,HKFE,16608.0,16638.0,16590.0,16616.0,2728.0,45320084.0,0.0
2024-03-11 21:15:00,MHImain,HKFE,16616.0,16765.0,16604.0,16727.0,11077.0,184979483.0,0.0
2024-03-12 01:15:00,MHImain,HKFE,16727.0,16846.0,16638.0,16778.0,43110.0,722226098.0,0.0
2024-03-12 11:00:00,MHImain,HKFE,16779.0,17204.0,16760.0,17127.0,54189.0,922328923.0,0.0
2024-03-12 17:15:00,MHImain,HKFE,17121.0,17194.0,17013.0,17038.0,9956.0,170226685.0,0.0
2024-03-12 21:15:00,MHImain,HKFE,17036.0,17108.0,16994.0,17067.0,9389.0,160070541.0,0.0
2024-03-13 01:15:00,MHImain,HKFE,17069.0,17215.0,17043.0,17184.0,41016.0,703093985.0,0.0
2024-03-13 11:00:00,MHImain,HKFE,17180.0,17255.0,17097.0,17123.0,34140.0,586122011.0,0.0
2024-03-13 17:15:00,MHImain,HKFE,17119.0,17154.0,17109.0,17152.0,2856.0,48939192.0,0.0
2024-03-13 21:15:00,MHImain,HKFE,17150.0,17250.0,17146.0,17160.0,10150.0,174588971.0,0.0
2024-03-14 01:15:00,MHImain,HKFE,17163.0,17237.0,17047.0,17071.0,36458.0,624881484.0,0.0
2024-03-14 11:00:00,MHImain,HKFE,17071.0,17088.0,16898.0,16971.0,34999.0,594187458.0,0.0
2024-03-14 17:15:00,MHImain,HKFE,16970.0,16994.0,16915.0,16936.0,3615.0,61296340.0,0.0
2024-03-14 21:15:00,MHImain,HKFE,16936.0,16942.0,16777.0,16808.0,11624.0,195758354.0,0.0
2024-03-15 01:15:00,MHImain,HKFE,16808.0,16850.0,16617.0,16623.0,36563.0,611885994.0,0.0
2024-03-15 11:00:00,MHImain,HKFE,16623.0,16748.0,16559.0,16722.0,35108.0,584706888.0,0.0
2024-03-15 17:15:00,MHImain,HKFE,16730.0,16779.0,16711.0,16766.0,4073.0,68223099.0,0.0
2024-03-15 21:15:00,MHImain,HKFE,16765.0,16816.0,16721.0,16729.0,8306.0,139332075.0,0.0
2024-03-16 01:15:00,MHImain,HKFE,16730.0,16758.0,16726.0,16744.0,835.0,13980035.0,0.0
2024-03-18 01:15:00,MHImain,HKFE,16711.0,16824.0,16648.0,16758.0,37577.0,628505535.0,0.0
2024-03-18 11:00:00,MHImain,HKFE,16759.0,16816.0,16719.0,16758.0,20584.0,345135509.0,0.0
2024-03-18 17:15:00,MHImain,HKFE,16760.0,16778.0,16713.0,16728.0,3065.0,51318991.0,0.0
2024-03-18 21:15:00,MHImain,HKFE,16726.0,16749.0,16646.0,16667.0,7502.0,125216207.0,0.0
2024-03-19 01:15:00,MHImain,HKFE,16666.0,16701.0,16484.0,16652.0,36480.0,605412916.0,0.0
2024-03-19 11:00:00,MHImain,HKFE,16652.0,16678.0,16522.0,16555.0,26530.0,439655324.0,0.0
2024-03-19 17:15:00,MHImain,HKFE,16560.0,16584.0,16531.0,16576.0,2520.0,41716048.0,0.0
2024-03-19 21:15:00,MHImain,HKFE,16578.0,16663.0,16510.0,16634.0,8238.0,136559973.0,0.0
2024-03-20 01:15:00,MHImain,HKFE,16633.0,16661.0,16431.0,16602.0,40295.0,666464751.0,0.0
2024-03-20 11:00:00,MHImain,HKFE,16602.0,16671.0,16529.0,16579.0,26564.0,440784914.0,0.0
2024-03-20 17:15:00,MHImain,HKFE,16577.0,16605.0,16545.0,16599.0,2853.0,47301996.0,0.0
2024-03-20 21:15:00,MHImain,HKFE,16598.0,16659.0,16567.0,16593.0,6510.0,108100560.0,0.0
2024-03-21 01:15:00,MHImain,HKFE,16593.0,17007.0,16593.0,16844.0,47863.0,807600742.0,0.0
2024-03-21 11:00:00,MHImain,HKFE,16845.0,16971.0,16816.0,16857.0,27587.0,466109786.0,0.0
2024-03-21 17:15:00,MHImain,HKFE,16853.0,16853.0,16781.0,16795.0,4929.0,82832179.0,0.0
2024-03-21 21:15:00,MHImain,HKFE,16794.0,16810.0,16728.0,16767.0,8008.0,134271102.0,0.0
2024-03-22 01:15:00,MHImain,HKFE,16767.0,16783.0,16437.0,16438.0,41943.0,696704702.0,0.0
2024-03-22 11:00:00,MHImain,HKFE,16438.0,16574.0,16340.0,16513.0,47716.0,785199644.0,0.0
2024-03-22 17:15:00,MHImain,HKFE,16521.0,16560.0,16438.0,16503.0,5989.0,98817327.0,0.0
2024-03-22 21:15:00,MHImain,HKFE,16503.0,16548.0,16445.0,16514.0,6388.0,105387023.0,0.0
2024-03-23 01:15:00,MHImain,HKFE,16515.0,16518.0,16488.0,16510.0,775.0,12790375.0,0.0
2024-03-25 01:15:00,MHImain,HKFE,16530.0,16625.0,16477.0,16567.0,35174.0,582246889.0,0.0
2024-03-25 11:00:00,MHImain,HKFE,16566.0,16639.0,16458.0,16497.0,29018.0,479938292.0,0.0
2024-03-25 17:15:00,MHImain,HKFE,16492.0,16494.0,16416.0,16470.0,3647.0,59990352.0,0.0
2024-03-25 21:15:00,MHImain,HKFE,16469.0,16531.0,16456.0,16477.0,5908.0,97487849.0,0.0
2024-03-26 01:15:00,MHImain,HKFE,16480.0,16690.0,16479.0,16522.0,36797.0,610433141.0,0.0
2024-03-26 11:00:00,MHImain,HKFE,16523.0,16768.0,16479.0,16666.0,34368.0,571306589.0,0.0
2024-03-26 17:15:00,MHImain,HKFE,16692.0,16713.0,16628.0,16636.0,2246.0,37451260.0,0.0
2024-03-26 21:15:00,MHImain,HKFE,16634.0,16640.0,16569.0,16607.0,3412.0,56644497.0,0.0
2024-03-27 01:15:00,MHImain,HKFE,16605.0,16654.0,16420.0,16574.0,33037.0,546482066.0,0.0
2024-03-27 11:00:00,MHImain,HKFE,16574.0,16574.0,16374.0,16400.0,33463.0,551648218.0,0.0
2024-03-27 17:15:00,MHImain,HKFE,16401.0,16447.0,16382.0,16401.0,3563.0,58491271.0,0.0
2024-03-27 21:15:00,MHImain,HKFE,16403.0,16496.0,16377.0,16464.0,7278.0,119746801.0,0.0
2024-03-28 01:15:00,MHImain,HKFE,16464.0,16593.0,16380.0,16563.0,40568.0,668242447.0,0.0
2024-03-28 11:00:00,MHImain,HKFE,16562.0,16772.0,16518.0,16567.0,47289.0,787397499.0,0.0
2024-03-28 17:15:00,MHImain,HKFE,16566.0,16618.0,16544.0,16603.0,3484.0,57765539.0,0.0
2024-03-28 21:15:00,MHImain,HKFE,16603.0,16710.0,16571.0,16647.0,7835.0,130441670.0,0.0
2024-03-29 01:15:00,MHImain,HKFE,16646.0,16656.0,16633.0,16650.0,810.0,13482220.0,0.0
2024-04-02 01:15:00,MHImain,HKFE,16777.0,17051.0,16773.0,17038.0,35932.0,609629637.0,0.0
2024-04-02 11:00:00,MHImain,HKFE,17037.0,17067.0,16901.0,16967.0,30420.0,516366533.0,0.0
2024-04-02 17:15:00,MHImain,HKFE,16968.0,17008.0,16950.0,16961.0,3423.0,58102292.0,0.0
2024-04-02 21:15:00,MHImain,HKFE,16960.0,17072.0,16933.0,17005.0,8602.0,146314354.0,0.0
2024-04-03 01:15:00,MHImain,HKFE,17005.0,17014.0,16768.0,16781.0,33401.0,563839205.0,0.0
2024-04-03 11:00:00,MHImain,HKFE,16781.0,16859.0,16718.0,16747.0,25821.0,433273712.0,0.0
2024-04-03 17:15:00,MHImain,HKFE,16750.0,16788.0,16738.0,16776.0,2581.0,43281839.0,0.0
2024-04-03 21:15:00,MHImain,HKFE,16776.0,16860.0,16753.0,16859.0,7576.0,127402272.0,0.0
2024-04-04 01:15:00,MHImain,HKFE,16860.0,16884.0,16857.0,16871.0,1199.0,20230624.0,0.0
2024-04-05 01:15:00,MHImain,HKFE,16790.0,16878.0,16504.0,16596.0,44246.0,738083214.0,0.0
2024-04-05 11:00:00,MHImain,HKFE,16596.0,16828.0,16570.0,16734.0,32392.0,541524679.0,0.0
2024-04-05 17:15:00,MHImain,HKFE,16739.0,16779.0,16702.0,16706.0,3908.0,65401335.0,0.0
2024-04-05 21:15:00,MHImain,HKFE,16706.0,16812.0,16697.0,16793.0,6689.0,112008522.0,0.0
2024-04-06 01:15:00,MHImain,HKFE,16793.0,16805.0,16772.0,16779.0,799.0,13411550.0,0.0
2024-04-08 01:15:00,MHImain,HKFE,16750.0,16942.0,16598.0,16932.0,41208.0,690413198.0,0.0
2024-04-08 11:00:00,MHImain,HKFE,16933.0,16943.0,16689.0,16771.0,36223.0,607939879.0,0.0
2024-04-08 17:15:00,MHImain,HKFE,16776.0,16855.0,16765.0,16845.0,3036.0,51024394.0,0.0
2024-04-08 21:15:00,MHImain,HKFE,16846.0,16912.0,16836.0,16837.0,6732.0,113599832.0,0.0
2024-04-09 01:15:00,MHImain,HKFE,16836.0,17064.0,16821.0,16901.0,42381.0,717649385.0,0.0
2024-04-09 11:00:00,MHImain,HKFE,16900.0,16935.0,16841.0,16855.0,23128.0,390669019.0,0.0
2024-04-09 17:15:00,MHImain,HKFE,16864.0,16922.0,16862.0,16916.0,3112.0,52570296.0,0.0
2024-04-09 21:15:00,MHImain,HKFE,16915.0,16988.0,16897.0,16929.0,8862.0,150135187.0,0.0
2024-04-10 01:15:00,MHImain,HKFE,16927.0,17181.0,16918.0,17167.0,43745.0,746096727.0,0.0
2024-04-10 11:00:00,MHImain,HKFE,17167.0,17241.0,17087.0,17179.0,42856.0,735949077.0,0.0
2024-04-10 17:15:00,MHImain,HKFE,17177.0,17189.0,16912.0,16916.0,11914.0,202996808.0,0.0
2024-04-10 21:15:00,MHImain,HKFE,16916.0,16984.0,16871.0,16876.0,12128.0,205242118.0,0.0
2024-04-11 01:15:00,MHImain,HKFE,16876.0,17025.0,16798.0,16976.0,41025.0,695052708.0,0.0
2024-04-11 11:00:00,MHImain,HKFE,16976.0,17175.0,16955.0,17114.0,37414.0,639582778.0,0.0
2024-04-11 17:15:00,MHImain,HKFE,17113.0,17113.0,17032.0,17089.0,7264.0,124041699.0,0.0
2024-04-11 21:15:00,MHImain,HKFE,17088.0,17106.0,16921.0,16979.0,13065.0,221875851.0,0.0
2024-04-12 01:15:00,MHImain,HKFE,16977.0,17045.0,16790.0,16827.0,40845.0,690521200.0,0.0
2024-04-12 11:00:00,MHImain,HKFE,16825.0,16870.0,16722.0,16760.0,35034.0,588303505.0,0.0
2024-04-12 17:15:00,MHImain,HKFE,16755.0,16765.0,16644.0,16663.0,7045.0,117693348.0,0.0
2024-04-12 21:15:00,MHImain,HKFE,16662.0,16674.0,16496.0,16502.0,13638.0,225907867.0,0.0
2024-04-13 01:15:00,MHImain,HKFE,16500.0,16510.0,16470.0,16479.0,2430.0,40068565.0,0.0
2024-04-15 01:15:00,MHImain,HKFE,16470.0,16652.0,16367.0,16635.0,38705.0,640661545.0,0.0
2024-04-15 11:00:00,MHImain,HKFE,16638.0,16668.0,16578.0,16596.0,26232.0,435998644.0,0.0
2024-04-15 17:15:00,MHImain,HKFE,16594.0,16656.0,16570.0,16649.0,4182.0,69448727.0,0.0
2024-04-15 21:15:00,MHImain,HKFE,16648.0,16650.0,16483.0,16493.0,10808.0,178716620.0,0.0
2024-04-16 01:15:00,MHImain,HKFE,16490.0,16490.0,16290.0,16365.0,40467.0,662920350.0,0.0
2024-04-16 11:00:00,MHImain,HKFE,16363.0,16365.0,16214.0,16280.0,35644.0,580614870.0,0.0
2024-04-16 17:15:00,MHImain,HKFE,16283.0,16322.0,16238.0,16246.0,5075.0,82655137.0,0.0
2024-04-16 21:15:00,MHImain,HKFE,16245.0,16262.0,16161.0,16259.0,10164.0,164782182.0,0.0
2024-04-17 01:15:00,MHImain,HKFE,16253.0,16319.0,16169.0,16253.0,39066.0,634746254.0,0.0
2024-04-17 11:00:00,MHImain,HKFE,16254.0,16298.0,16160.0,16294.0,29773.0,482906329.0,0.0
2024-04-17 17:15:00,MHImain,HKFE,16291.0,16296.0,16238.0,16282.0,3285.0,53443293.0,0.0
2024-04-17 21:15:00,MHImain,HKFE,16280.0,16297.0,16167.0,16206.0,8172.0,132561822.0,0.0
2024-04-18 01:15:00,MHImain,HKFE,16207.0,16518.0,16195.0,16488.0,42851.0,700267571.0,0.0
2024-04-18 11:00:00,MHImain,HKFE,16490.0,16508.0,16372.0,16377.0,34021.0,558962130.0,0.0
2024-04-18 17:15:00,MHImain,HKFE,16374.0,16378.0,16322.0,16365.0,4381.0,71649185.0,0.0
2024-04-18 21:15:00,MHImain,HKFE,16364.0,16449.0,16337.0,16366.0,9108.0,149279781.0,0.0
2024-04-19 01:15:00,MHImain,HKFE,16364.0,16377.0,16036.0,16049.0,48020.0,775854996.0,0.0
2024-04-19 11:00:00,MHImain,HKFE,16051.0,16256.0,16047.0,16245.0,36970.0,598025698.0,0.0
2024-04-19 17:15:00,MHImain,HKFE,16248.0,16333.0,16228.0,16315.0,4818.0,78411511.0,0.0
2024-04-19 21:15:00,MHImain,HKFE,16315.0,16380.0,16288.0,16338.0,7780.0,127101879.0,0.0
2024-04-20 01:15:00,MHImain,HKFE,16337.0,16365.0,16317.0,16339.0,1045.0,17075863.0,0.0
2024-04-22 01:15:00,MHImain,HKFE,16353.0,16655.0,16342.0,16577.0,39047.0,646252348.0,0.0
2024-04-22 11:00:00,MHImain,HKFE,16577.0,16595.0,16467.0,16526.0,30311.0,501209442.0,0.0
2024-04-22 17:15:00,MHImain,HKFE,16521.0,16548.0,16500.0,16506.0,3145.0,51992396.0,0.0
2024-04-22 21:15:00,MHImain,HKFE,16503.0,16640.0,16463.0,16638.0,8792.0,145495679.0,0.0
2024-04-23 01:15:00,MHImain,HKFE,16638.0,16793.0,16611.0,16774.0,42854.0,715735089.0,0.0
2024-04-23 11:00:00,MHImain,HKFE,16774.0,16880.0,16665.0,16877.0,37490.0,629783063.0,0.0
2024-04-23 17:15:00,MHImain,HKFE,16874.0,16877.0,16810.0,16814.0,4218.0,71038937.0,0.0
2024-04-23 21:15:00,MHImain,HKFE,16814.0,16927.0,16796.0,16920.0,9703.0,163674033.0,0.0
2024-04-24 01:15:00,MHImain,HKFE,16921.0,17168.0,16918.0,17152.0,41020.0,698873156.0,0.0
2024-04-24 11:00:00,MHImain,HKFE,17155.0,17255.0,17095.0,17251.0,34275.0,588886455.0,0.0
2024-04-24 17:15:00,MHImain,HKFE,17251.0,17254.0,17174.0,17185.0,3948.0,67967315.0,0.0
2024-04-24 21:15:00,MHImain,HKFE,17182.0,17214.0,17119.0,17140.0,7469.0,128163861.0,0.0
2024-04-25 01:15:00,MHImain,HKFE,17142.0,17470.0,17097.0,17425.0,43740.0,755369546.0,0.0
2024-04-25 11:00:00,MHImain,HKFE,17426.0,17449.0,17215.0,17340.0,36369.0,629298300.0,0.0
2024-04-25 17:15:00,MHImain,HKFE,17340.0,17375.0,17162.0,17165.0,7145.0,123365216.0,0.0
2024-04-25 21:15:00,MHImain,HKFE,17165.0,17310.0,17145.0,17297.0,8989.0,154825364.0,0.0
2024-04-26 01:15:00,MHImain,HKFE,17299.0,17600.0,17295.0,17581.0,39028.0,682802027.0,0.0
2024-04-26 11:00:00,MHImain,HKFE,17581.0,17784.0,17581.0,17680.0,38706.0,684359658.0,0.0
2024-04-26 17:15:00,MHImain,HKFE,17610.0,17653.0,17568.0,17584.0,3704.0,65188298.0,0.0
2024-04-26 21:15:00,MHImain,HKFE,17584.0,17642.0,17508.0,17530.0,4602.0,80835043.0,0.0
2024-04-27 01:15:00,MHImain,HKFE,17530.0,17563.0,17526.0,17556.0,506.0,8879517.0,0.0
2024-04-29 01:15:00,MHImain,HKFE,17630.0,17959.0,17608.0,17938.0,35797.0,635620348.0,0.0
2024-04-29 11:00:00,MHImain,HKFE,17939.0,17993.0,17660.0,17681.0,39258.0,698639936.0,0.0
2024-04-29 17:15:00,MHImain,HKFE,17679.0,17710.0,17620.0,17633.0,3976.0,70248571.0,0.0
2024-04-29 21:15:00,MHImain,HKFE,17634.0,17712.0,17595.0,17697.0,7488.0,132154602.0,0.0
2024-04-30 01:15:00,MHImain,HKFE,17699.0,17846.0,17681.0,17777.0,41052.0,729282041.0,0.0
2024-04-30 11:00:00,MHImain,HKFE,17777.0,17793.0,17634.0,17722.0,33024.0,584798037.0,0.0
2024-04-30 17:15:00,MHImain,HKFE,17720.0,17730.0,17586.0,17615.0,6071.0,107182418.0,0.0
2024-04-30 21:15:00,MHImain,HKFE,17613.0,17663.0,17521.0,17534.0,9113.0,160389056.0,0.0
2024-05-01 01:15:00,MHImain,HKFE,17532.0,17555.0,17524.0,17529.0,1328.0,23289861.0,0.0
2024-05-02 01:15:00,MHImain,HKFE,17656.0,18137.0,17655.0,18090.0,46680.0,833842972.0,0.0
2024-05-02 11:00:00,MHImain,HKFE,18093.0,18219.0,18015.0,18167.0,36085.0,653833454.0,0.0
2024-05-02 17:15:00,MHImain,HKFE,18165.0,18187.0,18132.0,18151.0,3785.0,68715409.0,0.0
2024-05-02 21:15:00,MHImain,HKFE,18153.0,18464.0,18114.0,18454.0,17618.0,321828455.0,0.0
2024-05-03 01:15:00,MHImain,HKFE,18454.0,18580.0,18302.0,18340.0,47686.0,879193595.0,0.0
2024-05-03 11:00:00,MHImain,HKFE,18338.0,18478.0,18314.0,18412.0,25263.0,464825888.0,0.0
2024-05-03 17:15:00,MHImain,HKFE,18415.0,18695.0,18410.0,18573.0,10623.0,197145012.0,0.0
2024-05-03 21:15:00,MHImain,HKFE,18572.0,18572.0,18413.0,18463.0,12015.0,221879989.0,0.0
2024-05-04 01:15:00,MHImain,HKFE,18459.0,18533.0,18458.0,18532.0,1336.0,24718833.0,0.0
2024-05-06 01:15:00,MHImain,HKFE,18492.0,18538.0,18334.0,18412.0,35005.0,644565396.0,0.0
2024-05-06 11:00:00,MHImain,HKFE,18412.0,18547.0,18373.0,18527.0,30647.0,565672364.0,0.0
2024-05-06 17:15:00,MHImain,HKFE,18524.0,18638.0,18521.0,18583.0,6097.0,113349493.0,0.0
2024-05-06 21:15:00,MHImain,HKFE,18580.0,18634.0,18490.0,18548.0,9906.0,183709037.0,0.0
2024-05-07 01:15:00,MHImain,HKFE,18547.0,18580.0,18369.0,18382.0,36935.0,682382724.0,0.0
2024-05-07 11:00:00,MHImain,HKFE,18383.0,18455.0,18349.0,18410.0,25144.0,462730822.0,0.0
2024-05-07 17:15:00,MHImain,HKFE,18409.0,18439.0,18368.0,18429.0,3424.0,63005305.0,0.0
2024-05-07 21:15:00,MHImain,HKFE,18430.0,18464.0,18388.0,18432.0,6551.0,120735594.0,0.0
2024-05-08 01:15:00,MHImain,HKFE,18431.0,18554.0,18370.0,18499.0,36207.0,668883050.0,0.0
2024-05-08 11:00:00,MHImain,HKFE,18502.0,18515.0,18226.0,18232.0,34418.0,630909840.0,0.0
2024-05-08 17:15:00,MHImain,HKFE,18227.0,18247.0,18150.0,18184.0,5991.0,109000645.0,0.0
2024-05-08 21:15:00,MHImain,HKFE,18180.0,18295.0,18160.0,18256.0,7834.0,142924545.0,0.0
2024-05-09 01:15:00,MHImain,HKFE,18257.0,18458.0,18256.0,18444.0,36048.0,662489361.0,0.0
2024-05-09 11:00:00,MHImain,HKFE,18445.0,18558.0,18419.0,18519.0,33547.0,620721516.0,0.0
2024-05-09 17:15:00,MHImain,HKFE,18518.0,18677.0,18496.0,18629.0,9868.0,183532734.0,0.0
2024-05-09 21:15:00,MHImain,HKFE,18629.0,18675.0,18560.0,18643.0,8602.0,160179935.0,0.0
2024-05-10 01:15:00,MHImain,HKFE,18644.0,18843.0,18606.0,18777.0,46211.0,865287388.0,0.0
2024-05-10 11:00:00,MHImain,HKFE,18778.0,18988.0,18773.0,18959.0,39998.0,756168966.0,0.0
2024-05-10 17:15:00,MHImain,HKFE,18963.0,19069.0,18957.0,19027.0,7869.0,149708854.0,0.0
2024-05-10 21:15:00,MHImain,HKFE,19027.0,19058.0,18900.0,18914.0,9278.0,175957934.0,0.0
2024-05-11 01:15:00,MHImain,HKFE,18915.0,18946.0,18903.0,18946.0,974.0,18425693.0,0.0
2024-05-13 01:15:00,MHImain,HKFE,18879.0,19080.0,18790.0,19017.0,40754.0,770495365.0,0.0
2024-05-13 11:00:00,MHImain,HKFE,19018.0,19110.0,18975.0,19091.0,32493.0,619108782.0,0.0
2024-05-13 17:15:00,MHImain,HKFE,19093.0,19129.0,19062.0,19103.0,4198.0,80180357.0,0.0
2024-05-13 21:15:00,MHImain,HKFE,19105.0,19280.0,19103.0,19200.0,13637.0,262147552.0,0.0
2024-05-14 01:15:00,MHImain,HKFE,19202.0,19295.0,19062.0,19100.0,39565.0,758127121.0,0.0
2024-05-14 11:00:00,MHImain,HKFE,19099.0,19137.0,19024.0,19072.0,22052.0,420963365.0,0.0
2024-05-14 17:15:00,MHImain,HKFE,19076.0,19176.0,18945.0,19046.0,13837.0,263853611.0,0.0
2024-05-14 21:15:00,MHImain,HKFE,19050.0,19123.0,19027.0,19069.0,9516.0,181595108.0,0.0
2024-05-15 01:15:00,MHImain,HKFE,19068.0,19083.0,19047.0,19047.0,984.0,18762751.0,0.0
2024-05-16 01:15:00,MHImain,HKFE,19277.0,19345.0,19093.0,19308.0,43257.0,830742778.0,0.0
2024-05-16 11:00:00,MHImain,HKFE,19308.0,19432.0,19246.0,19340.0,38370.0,742571388.0,0.0
2024-05-16 17:15:00,MHImain,HKFE,19342.0,19473.0,19342.0,19396.0,7247.0,140755159.0,0.0
2024-05-16 21:15:00,MHImain,HKFE,19395.0,19584.0,19333.0,19548.0,17059.0,332409183.0,0.0
2024-05-17 01:15:00,MHImain,HKFE,19543.0,19587.0,19338.0,19386.0,39150.0,762639569.0,0.0
2024-05-17 11:00:00,MHImain,HKFE,19386.0,19606.0,19371.0,19545.0,38436.0,749011009.0,0.0
2024-05-17 17:15:00,MHImain,HKFE,19545.0,19584.0,19505.0,19569.0,3943.0,77056820.0,0.0
2024-05-17 21:15:00,MHImain,HKFE,19569.0,19771.0,19528.0,19735.0,16521.0,325143518.0,0.0
2024-05-18 01:15:00,MHImain,HKFE,19736.0,19750.0,19681.0,19702.0,1637.0,32261875.0,0.0
2024-05-20 01:15:00,MHImain,HKFE,19698.0,19700.0,19570.0,19622.0,37371.0,733624277.0,0.0
2024-05-20 11:00:00,MHImain,HKFE,19626.0,19710.0,19580.0,19634.0,27913.0,548280461.0,0.0
2024-05-20 17:15:00,MHImain,HKFE,19630.0,19631.0,19472.0,19502.0,6683.0,130575181.0,0.0
2024-05-20 21:15:00,MHImain,HKFE,19500.0,19592.0,19482.0,19519.0,11108.0,217011027.0,0.0
2024-05-21 01:15:00,MHImain,HKFE,19518.0,19518.0,19185.0,19217.0,41022.0,793956499.0,0.0
2024-05-21 11:00:00,MHImain,HKFE,19216.0,19303.0,19169.0,19202.0,29446.0,566354212.0,0.0
2024-05-21 17:15:00,MHImain,HKFE,19199.0,19234.0,19130.0,19190.0,6663.0,127867962.0,0.0
2024-05-21 21:15:00,MHImain,HKFE,19190.0,19278.0,19143.0,19153.0,9782.0,188090209.0,0.0
2024-05-22 01:15:00,MHImain,HKFE,19154.0,19353.0,19143.0,19282.0,39337.0,757308752.0,0.0
2024-05-22 11:00:00,MHImain,HKFE,19280.0,19298.0,19161.0,19168.0,25607.0,492500170.0,0.0
2024-05-22 17:15:00,MHImain,HKFE,19168.0,19202.0,19110.0,19137.0,5669.0,108616409.0,0.0
2024-05-22 21:15:00,MHImain,HKFE,19139.0,19176.0,19041.0,19064.0,10002.0,191063490.0,0.0
2024-05-23 01:15:00,MHImain,HKFE,19066.0,19097.0,18765.0,18897.0,47953.0,906562039.0,0.0
2024-05-23 11:00:00,MHImain,HKFE,18898.0,18959.0,18813.0,18883.0,30733.0,580285188.0,0.0
2024-05-23 17:15:00,MHImain,HKFE,18881.0,18946.0,18875.0,18938.0,4902.0,92706355.0,0.0
2024-05-23 21:15:00,MHImain,HKFE,18939.0,18955.0,18691.0,18701.0,15026.0,282593392.0,0.0
2024-05-24 01:15:00,MHImain,HKFE,18702.0,18848.0,18547.0,18608.0,49312.0,921826596.0,0.0
2024-05-24 11:00:00,MHImain,HKFE,18609.0,18683.0,18507.0,18579.0,33777.0,627752431.0,0.0
2024-05-24 17:15:00,MHImain,HKFE,18580.0,18650.0,18580.0,18625.0,4589.0,85437975.0,0.0
2024-05-24 21:15:00,MHImain,HKFE,18625.0,18716.0,18569.0,18683.0,12921.0,240839714.0,0.0
2024-05-25 01:15:00,MHImain,HKFE,18682.0,18702.0,18662.0,18672.0,1257.0,23481258.0,0.0
2024-05-27 01:15:00,MHImain,HKFE,18615.0,18709.0,18488.0,18620.0,37947.0,706194517.0,0.0
2024-05-27 11:00:00,MHImain,HKFE,18618.0,18844.0,18613.0,18810.0,37793.0,708192334.0,0.0
2024-05-28 01:15:00,MHImain,HKFE,18815.0,18976.0,18735.0,18846.0,39384.0,742921095.0,0.0
2024-05-28 11:00:00,MHImain,HKFE,18844.0,18936.0,18745.0,18790.0,29995.0,564649662.0,0.0
2024-05-28 17:15:00,MHImain,HKFE,18790.0,18805.0,18699.0,18767.0,5311.0,99620671.0,0.0
2024-05-28 21:15:00,MHImain,HKFE,18770.0,18813.0,18665.0,18718.0,8434.0,157915706.0,0.0
2024-05-29 01:15:00,MHImain,HKFE,18716.0,18719.0,18516.0,18542.0,33559.0,624124053.0,0.0
2024-05-29 11:00:00,MHImain,HKFE,18544.0,18563.0,18429.0,18476.0,26954.0,498692992.0,0.0
2024-05-29 17:15:00,MHImain,HKFE,18426.0,18440.0,18350.0,18375.0,3657.0,67258844.0,0.0
2024-05-29 21:15:00,MHImain,HKFE,18374.0,18418.0,18325.0,18375.0,6376.0,117075145.0,0.0
2024-05-30 01:15:00,MHImain,HKFE,18378.0,18457.0,18178.0,18184.0,38436.0,704397980.0,0.0
2024-05-30 11:00:00,MHImain,HKFE,18184.0,18250.0,18093.0,18126.0,33117.0,601291322.0,0.0
2024-05-30 17:15:00,MHImain,HKFE,18126.0,18240.0,18126.0,18212.0,5310.0,96604599.0,0.0
2024-05-30 21:15:00,MHImain,HKFE,18212.0,18391.0,18193.0,18391.0,12366.0,226297637.0,0.0
2024-05-31 01:15:00,MHImain,HKFE,18391.0,18467.0,18311.0,18319.0,40684.0,748057970.0,0.0
2024-05-31 11:00:00,MHImain,HKFE,18318.0,18364.0,17963.0,18005.0,47521.0,863948057.0,0.0
2024-05-31 17:15:00,MHImain,HKFE,18005.0,18134.0,17949.0,18107.0,9898.0,178647670.0,0.0
2024-05-31 21:15:00,MHImain,HKFE,18106.0,18123.0,17992.0,18078.0,11377.0,205427613.0,0.0
2024-06-01 01:15:00,MHImain,HKFE,18080.0,18108.0,18070.0,18081.0,1194.0,21594875.0,0.0
2024-06-03 01:15:00,MHImain,HKFE,18248.0,18488.0,18181.0,18448.0,36825.0,676351493.0,0.0
2024-06-03 11:00:00,MHImain,HKFE,18448.0,18486.0,18282.0,18345.0,35870.0,659241460.0,0.0
2024-06-03 17:15:00,MHImain,HKFE,18342.0,18344.0,18311.0,18315.0,2932.0,53722998.0,0.0
2024-06-03 21:15:00,MHImain,HKFE,18317.0,18369.0,18121.0,18133.0,13680.0,249422925.0,0.0
2024-06-04 01:15:00,MHImain,HKFE,18132.0,18440.0,18132.0,18362.0,39466.0,723140243.0,0.0
2024-06-04 11:00:00,MHImain,HKFE,18362.0,18437.0,18300.0,18317.0,32587.0,598377174.0,0.0
2024-06-04 17:15:00,MHImain,HKFE,18315.0,18395.0,18220.0,18358.0,8253.0,151185585.0,0.0
2024-06-04 21:15:00,MHImain,HKFE,18354.0,18421.0,18251.0,18308.0,11639.0,213441340.0,0.0
2024-06-05 01:15:00,MHImain,HKFE,18306.0,18635.0,18300.0,18510.0,46480.0,860737708.0,0.0
2024-06-05 11:00:00,MHImain,HKFE,18510.0,18510.0,18272.0,18309.0,35181.0,646886529.0,0.0
2024-06-05 17:15:00,MHImain,HKFE,18308.0,18388.0,18308.0,18375.0,4423.0,81143478.0,0.0
2024-06-05 21:15:00,MHImain,HKFE,18375.0,18407.0,18298.0,18368.0,9948.0,182636309.0,0.0
2024-06-06 01:15:00,MHImain,HKFE,18368.0,18626.0,18357.0,18448.0,49080.0,908135576.0,0.0
2024-06-06 11:00:00,MHImain,HKFE,18446.0,18503.0,18302.0,18419.0,31419.0,577761404.0,0.0
2024-06-06 17:15:00,MHImain,HKFE,18422.0,18488.0,18418.0,18448.0,5122.0,94504487.0,0.0
2024-06-06 21:15:00,MHImain,HKFE,18453.0,18507.0,18374.0,18477.0,10139.0,187057137.0,0.0
2024-06-07 01:15:00,MHImain,HKFE,18477.0,18564.0,18327.0,18352.0,42567.0,784262925.0,0.0
2024-06-07 11:00:00,MHImain,HKFE,18351.0,18378.0,18222.0,18274.0,34824.0,637099110.0,0.0
2024-06-07 17:15:00,MHImain,HKFE,18276.0,18334.0,18129.0,18170.0,10799.0,196747989.0,0.0
2024-06-07 21:15:00,MHImain,HKFE,18169.0,18238.0,18093.0,18100.0,9054.0,164603838.0,0.0
2024-06-08 01:15:00,MHImain,HKFE,18098.0,18123.0,18067.0,18083.0,1693.0,30632447.0,0.0
2024-06-11 01:15:00,MHImain,HKFE,18080.0,18136.0,17922.0,17999.0,38908.0,701302740.0,0.0
2024-06-11 11:00:00,MHImain,HKFE,17997.0,18215.0,17964.0,18117.0,35627.0,644440249.0,0.0
2024-06-11 17:15:00,MHImain,HKFE,18111.0,18121.0,18032.0,18113.0,4581.0,82788213.0,0.0
2024-06-11 21:15:00,MHImain,HKFE,18114.0,18114.0,17942.0,17989.0,9351.0,168460192.0,0.0
2024-06-12 01:15:00,MHImain,HKFE,17989.0,18029.0,17808.0,17924.0,39517.0,707672813.0,0.0
2024-06-12 11:00:00,MHImain,HKFE,17927.0,17984.0,17865.0,17919.0,28208.0,505517996.0,0.0
2024-06-12 17:15:00,MHImain,HKFE,17916.0,18100.0,17880.0,18082.0,8280.0,149059565.0,0.0
2024-06-12 21:15:00,MHImain,HKFE,18082.0,18133.0,18022.0,18119.0,10352.0,187127316.0,0.0
2024-06-13 01:15:00,MHImain,HKFE,18121.0,18167.0,17967.0,17983.0,41559.0,750634842.0,0.0
2024-06-13 11:00:00,MHImain,HKFE,17983.0,18116.0,17946.0,18095.0,24611.0,443624787.0,0.0
2024-06-13 17:15:00,MHImain,HKFE,18093.0,18174.0,18038.0,18061.0,7200.0,130250965.0,0.0
2024-06-13 21:15:00,MHImain,HKFE,18061.0,18129.0,17906.0,17935.0,11065.0,199255474.0,0.0
2024-06-14 01:15:00,MHImain,HKFE,17934.0,18093.0,17898.0,17979.0,39903.0,717782904.0,0.0
2024-06-14 11:00:00,MHImain,HKFE,17978.0,18064.0,17870.0,17914.0,35882.0,645130810.0,0.0
2024-06-14 17:15:00,MHImain,HKFE,17913.0,17913.0,17795.0,17821.0,8057.0,143662591.0,0.0
2024-06-14 21:15:00,MHImain,HKFE,17823.0,17848.0,17753.0,17800.0,9449.0,168178802.0,0.0
2024-06-15 01:15:00,MHImain,HKFE,17798.0,17800.0,17765.0,17796.0,909.0,16164598.0,0.0
2024-06-17 01:15:00,MHImain,HKFE,17789.0,18120.0,17694.0,18062.0,48669.0,872311839.0,0.0
2024-06-17 11:00:00,MHImain,HKFE,18063.0,18068.0,17912.0,17950.0,27781.0,499089999.0,0.0
2024-06-17 17:15:00,MHImain,HKFE,17948.0,17950.0,17892.0,17924.0,4406.0,78962286.0,0.0
2024-06-17 21:15:00,MHImain,HKFE,17924.0,17972.0,17876.0,17960.0,6614.0,118484336.0,0.0
2024-06-18 01:15:00,MHImain,HKFE,17965.0,18041.0,17868.0,17959.0,39024.0,701150608.0,0.0
2024-06-18 11:00:00,MHImain,HKFE,17963.0,17987.0,17841.0,17897.0,27350.0,489642718.0,0.0
2024-06-18 17:15:00,MHImain,HKFE,17898.0,17980.0,17894.0,17970.0,4319.0,77462661.0,0.0
2024-06-18 21:15:00,MHImain,HKFE,17970.0,18073.0,17930.0,18049.0,9930.0,178906691.0,0.0
2024-06-19 01:15:00,MHImain,HKFE,18053.0,18328.0,18025.0,18252.0,42420.0,771136885.0,0.0
2024-06-19 11:00:00,MHImain,HKFE,18253.0,18459.0,18235.0,18430.0,36229.0,665006047.0,0.0
2024-06-19 17:15:00,MHImain,HKFE,18430.0,18434.0,18405.0,18414.0,3055.0,56270797.0,0.0
2024-06-19 21:15:00,MHImain,HKFE,18414.0,18428.0,18396.0,18410.0,2361.0,43468524.0,0.0
2024-06-20 01:15:00,MHImain,HKFE,18409.0,18513.0,18346.0,18349.0,39742.0,732136743.0,0.0
2024-06-20 11:00:00,MHImain,HKFE,18350.0,18367.0,18261.0,18295.0,29056.0,532275522.0,0.0
2024-06-20 17:15:00,MHImain,HKFE,18296.0,18319.0,18242.0,18248.0,3239.0,59236193.0,0.0
2024-06-20 21:15:00,MHImain,HKFE,18247.0,18271.0,18145.0,18173.0,9213.0,167691353.0,0.0
2024-06-21 01:15:00,MHImain,HKFE,18170.0,18206.0,18007.0,18030.0,36466.0,660148361.0,0.0
2024-06-21 11:00:00,MHImain,HKFE,18029.0,18091.0,17955.0,18018.0,30036.0,541386984.0,0.0
2024-06-21 17:15:00,MHImain,HKFE,18017.0,18052.0,17977.0,18042.0,3718.0,66977823.0,0.0
2024-06-21 21:15:00,MHImain,HKFE,18043.0,18058.0,17953.0,17968.0,6201.0,111638827.0,0.0
2024-06-22 01:15:00,MHImain,HKFE,17970.0,17987.0,17951.0,17987.0,942.0,16926100.0,0.0
2024-06-24 01:15:00,MHImain,HKFE,17949.0,17967.0,17797.0,17816.0,32646.0,583220642.0,0.0
2024-06-24 11:00:00,MHImain,HKFE,17817.0,18068.0,17777.0,18068.0,28376.0,508016222.0,0.0
2024-06-24 17:15:00,MHImain,HKFE,18064.0,18088.0,18016.0,18085.0,4376.0,78982819.0,0.0
2024-06-24 21:15:00,MHImain,HKFE,18085.0,18263.0,18074.0,18122.0,10896.0,198182613.0,0.0
2024-06-25 01:15:00,MHImain,HKFE,18122.0,18236.0,18050.0,18081.0,33850.0,614007115.0,0.0
2024-06-25 11:00:00,MHImain,HKFE,18083.0,18163.0,17952.0,18070.0,28726.0,518890953.0,0.0
2024-06-25 17:15:00,MHImain,HKFE,18070.0,18092.0,17997.0,18013.0,3438.0,62045585.0,0.0
2024-06-25 21:15:00,MHImain,HKFE,18013.0,18014.0,17910.0,17935.0,6239.0,111990393.0,0.0
2024-06-26 01:15:00,MHImain,HKFE,17933.0,18113.0,17888.0,18031.0,30335.0,546592976.0,0.0
2024-06-26 11:00:00,MHImain,HKFE,18030.0,18153.0,17998.0,18065.0,25131.0,454355222.0,0.0
2024-06-26 17:15:00,MHImain,HKFE,17951.0,17961.0,17849.0,17852.0,3065.0,54846934.0,0.0
2024-06-26 21:15:00,MHImain,HKFE,17852.0,17862.0,17796.0,17824.0,3366.0,60000299.0,0.0
2024-06-27 01:15:00,MHImain,HKFE,17824.0,17849.0,17594.0,17608.0,27341.0,484130103.0,0.0
2024-06-27 11:00:00,MHImain,HKFE,17609.0,17646.0,17560.0,17609.0,25921.0,456323846.0,0.0
2024-06-27 17:15:00,MHImain,HKFE,17613.0,17666.0,17595.0,17642.0,4654.0,82086098.0,0.0
2024-06-27 21:15:00,MHImain,HKFE,17642.0,17657.0,17517.0,17518.0,8337.0,146508094.0,0.0
2024-06-28 01:15:00,MHImain,HKFE,17518.0,17764.0,17425.0,17720.0,37645.0,663167194.0,0.0
2024-06-28 11:00:00,MHImain,HKFE,17721.0,17731.0,17585.0,17630.0,27407.0,483936582.0,0.0
2024-06-28 17:15:00,MHImain,HKFE,17632.0,17701.0,17631.0,17669.0,5340.0,94344517.0,0.0
2024-06-28 21:15:00,MHImain,HKFE,17669.0,17675.0,17541.0,17569.0,10082.0,177393102.0,0.0
2024-06-29 01:15:00,MHImain,HKFE,17568.0,17572.0,17547.0,17550.0,1035.0,18174876.0,0.0
2024-07-02 01:15:00,MHImain,HKFE,17593.0,17890.0,17483.0,17736.0,38623.0,685524288.0,0.0
2024-07-02 11:00:00,MHImain,HKFE,17739.0,17757.0,17613.0,17677.0,27149.0,479929271.0,0.0
2024-07-02 17:15:00,MHImain,HKFE,17681.0,17732.0,17665.0,17732.0,3538.0,62604248.0,0.0
2024-07-02 21:15:00,MHImain,HKFE,17732.0,17763.0,17664.0,17732.0,8904.0,157742193.0,0.0
2024-07-03 01:15:00,MHImain,HKFE,17734.0,17869.0,17706.0,17750.0,42884.0,762514153.0,0.0
2024-07-03 11:00:00,MHImain,HKFE,17749.0,17940.0,17746.0,17862.0,35873.0,640813591.0,0.0
2024-07-03 17:15:00,MHImain,HKFE,17867.0,17935.0,17865.0,17933.0,3233.0,57885237.0,0.0
2024-07-03 21:15:00,MHImain,HKFE,17934.0,18062.0,17905.0,18024.0,11238.0,202464061.0,0.0
2024-07-04 01:15:00,MHImain,HKFE,18022.0,18111.0,17952.0,18006.0,39906.0,719402611.0,0.0
2024-07-04 11:00:00,MHImain,HKFE,18003.0,18054.0,17905.0,18022.0,28466.0,511694675.0,0.0
2024-07-04 17:15:00,MHImain,HKFE,18024.0,18044.0,17998.0,18029.0,2593.0,46731582.0,0.0
2024-07-04 21:15:00,MHImain,HKFE,18028.0,18029.0,17958.0,17998.0,4096.0,73697018.0,0.0
2024-07-05 01:15:00,MHImain,HKFE,17997.0,18067.0,17823.0,17823.0,39394.0,707459303.0,0.0
2024-07-05 11:00:00,MHImain,HKFE,17825.0,17861.0,17728.0,17746.0,31085.0,553358576.0,0.0
2024-07-05 17:15:00,MHImain,HKFE,17747.0,17761.0,17675.0,17718.0,4695.0,83227719.0,0.0
2024-07-05 21:15:00,MHImain,HKFE,17716.0,17717.0,17558.0,17641.0,11825.0,208436805.0,0.0
2024-07-06 01:15:00,MHImain,HKFE,17641.0,17689.0,17638.0,17689.0,1085.0,19169983.0,0.0
2024-07-08 01:15:00,MHImain,HKFE,17617.0,17764.0,17554.0,17600.0,34685.0,611920875.0,0.0
2024-07-08 11:00:00,MHImain,HKFE,17599.0,17637.0,17493.0,17580.0,25547.0,448495498.0,0.0
2024-07-08 17:15:00,MHImain,HKFE,17579.0,17587.0,17534.0,17545.0,2468.0,43328937.0,0.0
2024-07-08 21:15:00,MHImain,HKFE,17546.0,17550.0,17474.0,17514.0,5829.0,102082266.0,0.0
2024-07-09 01:15:00,MHImain,HKFE,17515.0,17567.0,17403.0,17422.0,39668.0,693778108.0,0.0
2024-07-09 11:00:00,MHImain,HKFE,17423.0,17662.0,17420.0,17532.0,35676.0,626190197.0,0.0
2024-07-09 17:15:00,MHImain,HKFE,17532.0,17552.0,17449.0,17474.0,3891.0,68094696.0,0.0
2024-07-09 21:15:00,MHImain,HKFE,17474.0,17664.0,17461.0,17652.0,10245.0,179860454.0,0.0
2024-07-10 01:15:00,MHImain,HKFE,17653.0,17808.0,17610.0,17641.0,41538.0,735432072.0,0.0
2024-07-10 11:00:00,MHImain,HKFE,17640.0,17658.0,17478.0,17504.0,28437.0,499147440.0,0.0
2024-07-10 17:15:00,MHImain,HKFE,17507.0,17604.0,17504.0,17585.0,4563.0,80134624.0,0.0
2024-07-10 21:15:00,MHImain,HKFE,17586.0,17635.0,17552.0,17610.0,8970.0,157844269.0,0.0
2024-07-11 01:15:00,MHImain,HKFE,17609.0,17838.0,17588.0,17699.0,41171.0,729943673.0,0.0
2024-07-11 11:00:00,MHImain,HKFE,17698.0,17904.0,17694.0,17859.0,30492.0,543373217.0,0.0
2024-07-11 17:15:00,MHImain,HKFE,17857.0,17975.0,17838.0,17935.0,7875.0,141056384.0,0.0
2024-07-11 21:15:00,MHImain,HKFE,17940.0,18042.0,17916.0,17995.0,11700.0,210387747.0,0.0
2024-07-12 01:15:00,MHImain,HKFE,17995.0,18267.0,17970.0,18185.0,42227.0,767180500.0,0.0
2024-07-12 11:00:00,MHImain,HKFE,18182.0,18380.0,18173.0,18369.0,30659.0,560637773.0,0.0
2024-07-12 17:15:00,MHImain,HKFE,18368.0,18388.0,18290.0,18356.0,5408.0,99156174.0,0.0
2024-07-12 21:15:00,MHImain,HKFE,18357.0,18423.0,18262.0,18268.0,11778.0,215932548.0,0.0
2024-07-13 01:15:00,MHImain,HKFE,18266.0,18281.0,18256.0,18256.0,1163.0,21245484.0,0.0
2024-07-15 01:15:00,MHImain,HKFE,18222.0,18271.0,18108.0,18113.0,32220.0,586156391.0,0.0
2024-07-15 11:00:00,MHImain,HKFE,18110.0,18126.0,17967.0,18058.0,28158.0,508249436.0,0.0
2024-07-15 17:15:00,MHImain,HKFE,18058.0,18067.0,17983.0,17998.0,3555.0,64069399.0,0.0
2024-07-15 21:15:00,MHImain,HKFE,17996.0,18008.0,17852.0,17864.0,10471.0,187732095.0,0.0
2024-07-16 01:15:00,MHImain,HKFE,17864.0,17917.0,17744.0,17801.0,38330.0,683264627.0,0.0
2024-07-16 11:00:00,MHImain,HKFE,17801.0,17834.0,17732.0,17744.0,25053.0,445514677.0,0.0
2024-07-16 17:15:00,MHImain,HKFE,17745.0,17772.0,17704.0,17704.0,4104.0,72821368.0,0.0
2024-07-16 21:15:00,MHImain,HKFE,17703.0,17806.0,17659.0,17795.0,9576.0,169949927.0,0.0
2024-07-17 01:15:00,MHImain,HKFE,17795.0,17852.0,17677.0,17730.0,38773.0,688845501.0,0.0
2024-07-17 11:00:00,MHImain,HKFE,17728.0,17848.0,17708.0,17741.0,29049.0,516247324.0,0.0
2024-07-17 17:15:00,MHImain,HKFE,17747.0,17819.0,17725.0,17767.0,5089.0,90479448.0,0.0
2024-07-17 21:15:00,MHImain,HKFE,17766.0,17799.0,17658.0,17671.0,8064.0,143010622.0,0.0
2024-07-18 01:15:00,MHImain,HKFE,17670.0,17839.0,17635.0,17794.0,38310.0,679419268.0,0.0
2024-07-18 11:00:00,MHImain,HKFE,17794.0,17894.0,17760.0,17805.0,29947.0,534003884.0,0.0
2024-07-18 17:15:00,MHImain,HKFE,17809.0,17820.0,17722.0,17730.0,4448.0,78988491.0,0.0
2024-07-18 21:15:00,MHImain,HKFE,17730.0,17793.0,17582.0,17632.0,11969.0,211597657.0,0.0
2024-07-19 01:15:00,MHImain,HKFE,17633.0,17641.0,17415.0,17431.0,36500.0,638690303.0,0.0
2024-07-19 11:00:00,MHImain,HKFE,17432.0,17474.0,17380.0,17439.0,24669.0,429860092.0,0.0
2024-07-19 17:15:00,MHImain,HKFE,17441.0,17469.0,17398.0,17460.0,3552.0,61928685.0,0.0
2024-07-19 21:15:00,MHImain,HKFE,17460.0,17503.0,17425.0,17458.0,8077.0,141093319.0,0.0
2024-07-20 01:15:00,MHImain,HKFE,17460.0,17464.0,17431.0,17444.0,1035.0,18056815.0,0.0
2024-07-22 01:15:00,MHImain,HKFE,17500.0,17549.0,17319.0,17541.0,37294.0,650339246.0,0.0
2024-07-22 11:00:00,MHImain,HKFE,17542.0,17716.0,17526.0,17662.0,31682.0,557742560.0,0.0
2024-07-22 17:15:00,MHImain,HKFE,17662.0,17738.0,17650.0,17719.0,4121.0,72955547.0,0.0
2024-07-22 21:15:00,MHImain,HKFE,17720.0,17772.0,17650.0,17735.0,7951.0,140790536.0,0.0
2024-07-23 01:15:00,MHImain,HKFE,17735.0,17748.0,17557.0,17611.0,29871.0,526682250.0,0.0
2024-07-23 11:00:00,MHImain,HKFE,17612.0,17647.0,17458.0,17497.0,27032.0,474243401.0,0.0
2024-07-23 17:15:00,MHImain,HKFE,17498.0,17530.0,17447.0,17454.0,4146.0,72542123.0,0.0
2024-07-23 21:15:00,MHImain,HKFE,17451.0,17504.0,17410.0,17489.0,6024.0,105105653.0,0.0
2024-07-24 01:15:00,MHImain,HKFE,17489.0,17533.0,17330.0,17358.0,33704.0,587389976.0,0.0
2024-07-24 11:00:00,MHImain,HKFE,17355.0,17405.0,17267.0,17348.0,26646.0,461933922.0,0.0
2024-07-24 17:15:00,MHImain,HKFE,17349.0,17388.0,17330.0,17355.0,3378.0,58642788.0,0.0
2024-07-24 21:15:00,MHImain,HKFE,17353.0,17432.0,17316.0,17333.0,8860.0,153998581.0,0.0
2024-07-25 01:15:00,MHImain,HKFE,17332.0,17334.0,17021.0,17044.0,36636.0,628786274.0,0.0
2024-07-25 11:00:00,MHImain,HKFE,17046.0,17105.0,16977.0,17030.0,28087.0,478336427.0,0.0
2024-07-25 17:15:00,MHImain,HKFE,17034.0,17088.0,17029.0,17061.0,4650.0,79319626.0,0.0
2024-07-25 21:15:00,MHImain,HKFE,17060.0,17166.0,17060.0,17153.0,9418.0,161187631.0,0.0
2024-07-26 01:15:00,MHImain,HKFE,17153.0,17234.0,16978.0,16983.0,35265.0,603719319.0,0.0
2024-07-26 11:00:00,MHImain,HKFE,16980.0,17080.0,16930.0,17022.0,28154.0,479258841.0,0.0
2024-07-26 17:15:00,MHImain,HKFE,17027.0,17038.0,16986.0,17024.0,3153.0,53645225.0,0.0
2024-07-26 21:15:00,MHImain,HKFE,17027.0,17173.0,16985.0,17157.0,6838.0,116714974.0,0.0
2024-07-27 01:15:00,MHImain,HKFE,17157.0,17166.0,17124.0,17153.0,1815.0,31116628.0,0.0
2024-07-29 01:15:00,MHImain,HKFE,17195.0,17296.0,17159.0,17234.0,28590.0,492180899.0,0.0
2024-07-29 11:00:00,MHImain,HKFE,17235.0,17380.0,17231.0,17253.0,25407.0,439839603.0,0.0
2024-07-29 17:15:00,MHImain,HKFE,17260.0,17282.0,17210.0,17217.0,2424.0,41817833.0,0.0
2024-07-29 21:15:00,MHImain,HKFE,17218.0,17224.0,17157.0,17194.0,4638.0,79712252.0,0.0
2024-07-30 01:15:00,MHImain,HKFE,17194.0,17209.0,16998.0,17029.0,25161.0,429942625.0,0.0
2024-07-30 11:00:00,MHImain,HKFE,17028.0,17075.0,16981.0,17021.0,19268.0,327980745.0,0.0
2024-07-30 17:15:00,MHImain,HKFE,17024.0,17072.0,17024.0,17070.0,3286.0,56025846.0,0.0
2024-07-30 21:15:00,MHImain,HKFE,17071.0,17083.0,17021.0,17040.0,6527.0,111299600.0,0.0
2024-07-31 01:15:00,MHImain,HKFE,17039.0,17333.0,17025.0,17281.0,41990.0,721028586.0,0.0
2024-07-31 11:00:00,MHImain,HKFE,17280.0,17433.0,17259.0,17347.0,32119.0,557908886.0,0.0
2024-07-31 17:15:00,MHImain,HKFE,17350.0,17438.0,17350.0,17403.0,3920.0,68167307.0,0.0
2024-07-31 21:15:00,MHImain,HKFE,17403.0,17446.0,17315.0,17332.0,8489.0,147354173.0,0.0
2024-08-01 01:15:00,MHImain,HKFE,17332.0,17421.0,17252.0,17308.0,36387.0,630736435.0,0.0
2024-08-01 11:00:00,MHImain,HKFE,17305.0,17430.0,17280.0,17312.0,25062.0,434859567.0,0.0
2024-08-01 17:15:00,MHImain,HKFE,17315.0,17348.0,17301.0,17311.0,3314.0,57410808.0,0.0
2024-08-01 21:15:00,MHImain,HKFE,17311.0,17330.0,17073.0,17075.0,12031.0,206840188.0,0.0
2024-08-02 01:15:00,MHImain,HKFE,17073.0,17084.0,16897.0,16970.0,37766.0,641586512.0,0.0
2024-08-02 11:00:00,MHImain,HKFE,16967.0,17003.0,16878.0,16962.0,26325.0,445823484.0,0.0
2024-08-02 17:15:00,MHImain,HKFE,16963.0,17024.0,16913.0,16960.0,6148.0,104222975.0,0.0
2024-08-02 21:15:00,MHImain,HKFE,16963.0,16976.0,16823.0,16907.0,11802.0,199348390.0,0.0
2024-08-03 01:15:00,MHImain,HKFE,16907.0,16920.0,16872.0,16895.0,1105.0,18670601.0,0.0
2024-08-05 01:15:00,MHImain,HKFE,16700.0,16957.0,16584.0,16840.0,46506.0,780972457.0,0.0
2024-08-05 11:00:00,MHImain,HKFE,16843.0,16939.0,16436.0,16743.0,55311.0,921867317.0,0.0
2024-08-05 17:15:00,MHImain,HKFE,16737.0,16737.0,16510.0,16567.0,11831.0,196667960.0,0.0
2024-08-05 21:15:00,MHImain,HKFE,16566.0,16843.0,16554.0,16814.0,16207.0,270812180.0,0.0
2024-08-06 01:15:00,MHImain,HKFE,16815.0,16935.0,16688.0,16748.0,36487.0,613551287.0,0.0
2024-08-06 11:00:00,MHImain,HKFE,16746.0,16812.0,16591.0,16611.0,33790.0,564001110.0,0.0
2024-08-06 17:15:00,MHImain,HKFE,16611.0,16628.0,16501.0,16540.0,8330.0,137920671.0,0.0
2024-08-06 21:15:00,MHImain,HKFE,16540.0,16706.0,16513.0,16690.0,11017.0,183007223.0,0.0
2024-08-07 01:15:00,MHImain,HKFE,16690.0,16910.0,16635.0,16861.0,39322.0,660869612.0,0.0
2024-08-07 11:00:00,MHImain,HKFE,16861.0,17004.0,16796.0,16897.0,34248.0,578440733.0,0.0
2024-08-07 17:15:00,MHImain,HKFE,16899.0,16994.0,16899.0,16984.0,5076.0,86081657.0,0.0
2024-08-07 21:15:00,MHImain,HKFE,16982.0,16990.0,16797.0,16803.0,10559.0,178386087.0,0.0
2024-08-08 01:15:00,MHImain,HKFE,16800.0,16971.0,16649.0,16955.0,43051.0,722320787.0,0.0
2024-08-08 11:00:00,MHImain,HKFE,16955.0,17034.0,16836.0,16892.0,38639.0,654656746.0,0.0
2024-08-08 17:15:00,MHImain,HKFE,16893.0,16969.0,16873.0,16967.0,5192.0,87882498.0,0.0
2024-08-08 21:15:00,MHImain,HKFE,16968.0,17131.0,16960.0,17113.0,11782.0,200941623.0,0.0
2024-08-09 01:15:00,MHImain,HKFE,17111.0,17264.0,17084.0,17222.0,40736.0,699300247.0,0.0
2024-08-09 11:00:00,MHImain,HKFE,17222.0,17247.0,17071.0,17080.0,26589.0,455765213.0,0.0
2024-08-09 17:15:00,MHImain,HKFE,17081.0,17118.0,17010.0,17047.0,4320.0,73714160.0,0.0
2024-08-09 21:15:00,MHImain,HKFE,17047.0,17056.0,16974.0,17045.0,7334.0,124803065.0,0.0
2024-08-10 01:15:00,MHImain,HKFE,17047.0,17088.0,17047.0,17060.0,1485.0,25342527.0,0.0
2024-08-12 01:15:00,MHImain,HKFE,17100.0,17166.0,16994.0,17088.0,32642.0,557476861.0,0.0
2024-08-12 11:00:00,MHImain,HKFE,17090.0,17143.0,17027.0,17078.0,22400.0,382797293.0,0.0
2024-08-12 17:15:00,MHImain,HKFE,17076.0,17115.0,17051.0,17093.0,2668.0,45578482.0,0.0
2024-08-12 21:15:00,MHImain,HKFE,17092.0,17179.0,17068.0,17164.0,7887.0,135108273.0,0.0
2024-08-13 01:15:00,MHImain,HKFE,17165.0,17258.0,17065.0,17114.0,36814.0,631346430.0,0.0
2024-08-13 11:00:00,MHImain,HKFE,17109.0,17200.0,17075.0,17162.0,21808.0,373832414.0,0.0
2024-08-13 17:15:00,MHImain,HKFE,17164.0,17230.0,17115.0,17184.0,4810.0,82552561.0,0.0
2024-08-13 21:15:00,MHImain,HKFE,17185.0,17263.0,17184.0,17255.0,6251.0,107621576.0,0.0
2024-08-14 01:15:00,MHImain,HKFE,17254.0,17291.0,17084.0,17151.0,32338.0,555510794.0,0.0
2024-08-14 11:00:00,MHImain,HKFE,17151.0,17170.0,17056.0,17128.0,19533.0,334134197.0,0.0
2024-08-14 17:15:00,MHImain,HKFE,17128.0,17196.0,17128.0,17175.0,4874.0,83676290.0,0.0
2024-08-14 21:15:00,MHImain,HKFE,17176.0,17184.0,16945.0,16961.0,11908.0,203011394.0,0.0
2024-08-15 01:15:00,MHImain,HKFE,16961.0,17318.0,16919.0,17227.0,45550.0,779945857.0,0.0
2024-08-15 11:00:00,MHImain,HKFE,17229.0,17238.0,17047.0,17127.0,29177.0,499888171.0,0.0
2024-08-15 17:15:00,MHImain,HKFE,17128.0,17215.0,17104.0,17197.0,8053.0,138172525.0,0.0
2024-08-15 21:15:00,MHImain,HKFE,17194.0,17338.0,17174.0,17298.0,13563.0,234413817.0,0.0
2024-08-16 01:15:00,MHImain,HKFE,17300.0,17461.0,17265.0,17411.0,40038.0,695584155.0,0.0
2024-08-16 11:00:00,MHImain,HKFE,17410.0,17500.0,17387.0,17424.0,23406.0,408309875.0,0.0
2024-08-16 17:15:00,MHImain,HKFE,17424.0,17448.0,17354.0,17420.0,4601.0,80041832.0,0.0
2024-08-16 21:15:00,MHImain,HKFE,17420.0,17574.0,17414.0,17564.0,10661.0,186624722.0,0.0
2024-08-17 01:15:00,MHImain,HKFE,17564.0,17596.0,17559.0,17584.0,1334.0,23451132.0,0.0
2024-08-19 01:15:00,MHImain,HKFE,17566.0,17717.0,17548.0,17623.0,31119.0,549119603.0,0.0
2024-08-19 11:00:00,MHImain,HKFE,17622.0,17665.0,17568.0,17606.0,18239.0,321195722.0,0.0
2024-08-19 17:15:00,MHImain,HKFE,17605.0,17656.0,17583.0,17645.0,2694.0,47466285.0,0.0
2024-08-19 21:15:00,MHImain,HKFE,17646.0,17774.0,17640.0,17736.0,8478.0,150235353.0,0.0
2024-08-20 01:15:00,MHImain,HKFE,17737.0,17749.0,17492.0,17515.0,26541.0,466726155.0,0.0
2024-08-20 11:00:00,MHImain,HKFE,17513.0,17547.0,17464.0,17531.0,18307.0,320542846.0,0.0
2024-08-20 17:15:00,MHImain,HKFE,17533.0,17535.0,17445.0,17520.0,4707.0,82297740.0,0.0
2024-08-20 21:15:00,MHImain,HKFE,17520.0,17526.0,17323.0,17339.0,10599.0,184548556.0,0.0
2024-08-21 01:15:00,MHImain,HKFE,17341.0,17436.0,17251.0,17365.0,34204.0,593150334.0,0.0
2024-08-21 11:00:00,MHImain,HKFE,17366.0,17412.0,17328.0,17373.0,16446.0,285635907.0,0.0
2024-08-21 17:15:00,MHImain,HKFE,17373.0,17426.0,17371.0,17404.0,2866.0,49876929.0,0.0
2024-08-21 21:15:00,MHImain,HKFE,17404.0,17522.0,17395.0,17506.0,11012.0,192373259.0,0.0
2024-08-22 01:15:00,MHImain,HKFE,17506.0,17555.0,17398.0,17425.0,32782.0,572995256.0,0.0
2024-08-22 11:00:00,MHImain,HKFE,17424.0,17684.0,17400.0,17664.0,26857.0,471400147.0,0.0
2024-08-22 17:15:00,MHImain,HKFE,17663.0,17663.0,17600.0,17619.0,4289.0,75612520.0,0.0
2024-08-22 21:15:00,MHImain,HKFE,17618.0,17628.0,17445.0,17477.0,11388.0,199559702.0,0.0
2024-08-23 01:15:00,MHImain,HKFE,17477.0,17604.0,17456.0,17518.0,26210.0,459662373.0,0.0
2024-08-23 11:00:00,MHImain,HKFE,17518.0,17656.0,17504.0,17634.0,22087.0,388680182.0,0.0
2024-08-23 17:15:00,MHImain,HKFE,17633.0,17675.0,17628.0,17633.0,3081.0,54397347.0,0.0
2024-08-23 21:15:00,MHImain,HKFE,17633.0,17793.0,17588.0,17747.0,14607.0,258691267.0,0.0
2024-08-24 01:15:00,MHImain,HKFE,17748.0,17763.0,17732.0,17737.0,929.0,16486923.0,0.0
2024-08-26 01:15:00,MHImain,HKFE,17750.0,17843.0,17715.0,17771.0,29891.0,531672973.0,0.0
2024-08-26 11:00:00,MHImain,HKFE,17771.0,17849.0,17737.0,17809.0,17679.0,314645441.0,0.0
2024-08-26 17:15:00,MHImain,HKFE,17806.0,17822.0,17663.0,17668.0,6291.0,111664855.0,0.0
2024-08-26 21:15:00,MHImain,HKFE,17668.0,17751.0,17635.0,17707.0,9295.0,164443991.0,0.0
2024-08-27 01:15:00,MHImain,HKFE,17707.0,17812.0,17633.0,17779.0,25312.0,448460913.0,0.0
2024-08-27 11:00:00,MHImain,HKFE,17780.0,17921.0,17756.0,17913.0,20445.0,364715093.0,0.0
2024-08-27 17:15:00,MHImain,HKFE,17910.0,17934.0,17878.0,17891.0,4026.0,72101801.0,0.0
2024-08-27 21:15:00,MHImain,HKFE,17894.0,17919.0,17832.0,17853.0,6031.0,107756494.0,0.0
2024-08-28 01:15:00,MHImain,HKFE,17852.0,17905.0,17712.0,17737.0,25989.0,463027425.0,0.0
2024-08-28 11:00:00,MHImain,HKFE,17738.0,17756.0,17661.0,17708.0,18003.0,318689023.0,0.0
2024-08-28 17:15:00,MHImain,HKFE,17654.0,17750.0,17618.0,17656.0,2943.0,51998810.0,0.0
2024-08-28 21:15:00,MHImain,HKFE,17656.0,17698.0,17542.0,17548.0,5774.0,101712167.0,0.0
2024-08-29 01:15:00,MHImain,HKFE,17546.0,17608.0,17462.0,17479.0,27166.0,476307619.0,0.0
2024-08-29 11:00:00,MHImain,HKFE,17480.0,17748.0,17447.0,17722.0,30557.0,538643769.0,0.0
2024-08-29 17:15:00,MHImain,HKFE,17723.0,17796.0,17707.0,17726.0,5514.0,97924360.0,0.0
2024-08-29 21:15:00,MHImain,HKFE,17725.0,17757.0,17690.0,17742.0,6730.0,119288598.0,0.0
2024-08-30 01:15:00,MHImain,HKFE,17743.0,17996.0,17715.0,17994.0,32481.0,580784313.0,0.0
2024-08-30 11:00:00,MHImain,HKFE,17993.0,18159.0,17916.0,17949.0,39705.0,716329222.0,0.0
2024-08-30 17:15:00,MHImain,HKFE,17949.0,17969.0,17885.0,17892.0,6031.0,108092334.0,0.0
2024-08-30 21:15:00,MHImain,HKFE,17892.0,17907.0,17709.0,17739.0,12214.0,217483483.0,0.0
2024-08-31 01:15:00,MHImain,HKFE,17739.0,17792.0,17736.0,17787.0,1368.0,24302027.0,0.0
2024-09-02 01:15:00,MHImain,HKFE,17792.0,17805.0,17620.0,17644.0,28078.0,497071664.0,0.0
2024-09-02 11:00:00,MHImain,HKFE,17642.0,17677.0,17586.0,17647.0,19859.0,350111214.0,0.0
2024-09-02 17:15:00,MHImain,HKFE,17648.0,17659.0,17607.0,17636.0,2840.0,50074752.0,0.0
2024-09-02 21:15:00,MHImain,HKFE,17637.0,17666.0,17614.0,17664.0,2996.0,52858930.0,0.0
2024-09-03 01:15:00,MHImain,HKFE,17666.0,17695.0,17538.0,17613.0,33721.0,594114662.0,0.0
2024-09-03 11:00:00,MHImain,HKFE,17612.0,17629.0,17551.0,17593.0,16065.0,282559635.0,0.0
2024-09-03 17:15:00,MHImain,HKFE,17593.0,17593.0,17482.0,17510.0,5679.0,99462269.0,0.0
2024-09-03 21:15:00,MHImain,HKFE,17510.0,17557.0,17456.0,17540.0,8874.0,155345621.0,0.0
2024-09-04 01:15:00,MHImain,HKFE,17541.0,17553.0,17298.0,17491.0,36387.0,633245014.0,0.0
2024-09-04 11:00:00,MHImain,HKFE,17491.0,17508.0,17362.0,17435.0,24768.0,431526500.0,0.0
2024-09-04 17:15:00,MHImain,HKFE,17436.0,17498.0,17436.0,17489.0,3337.0,58318538.0,0.0
2024-09-04 21:15:00,MHImain,HKFE,17488.0,17546.0,17454.0,17505.0,8478.0,148435609.0,0.0
2024-09-05 01:15:00,MHImain,HKFE,17501.0,17543.0,17397.0,17431.0,32465.0,566927952.0,0.0
2024-09-05 11:00:00,MHImain,HKFE,17430.0,17443.0,17310.0,17440.0,22339.0,387965077.0,0.0
2024-09-05 17:15:00,MHImain,HKFE,17439.0,17441.0,17401.0,17432.0,2233.0,38910818.0,0.0
2024-09-05 21:15:00,MHImain,HKFE,17432.0,17432.0,17432.0,17432.0,0.0,0.0,0.0
2024-09-06 01:15:00,MHImain,HKFE,17432.0,17432.0,17432.0,17432.0,0.0,0.0,0.0
2024-09-06 11:00:00,MHImain,HKFE,17432.0,17432.0,17432.0,17432.0,0.0,0.0,0.0
2024-09-09 01:15:00,MHImain,HKFE,17300.0,17312.0,17090.0,17097.0,27034.0,464551953.0,0.0
2024-09-09 11:00:00,MHImain,HKFE,17095.0,17167.0,17059.0,17150.0,20154.0,344863185.0,0.0
2024-09-09 17:15:00,MHImain,HKFE,17153.0,17178.0,17092.0,17139.0,4080.0,69890070.0,0.0
2024-09-09 21:15:00,MHImain,HKFE,17140.0,17259.0,17136.0,17255.0,7508.0,129064878.0,0.0
2024-09-10 01:15:00,MHImain,HKFE,17254.0,17270.0,17117.0,17235.0,29451.0,506290129.0,0.0
2024-09-10 11:00:00,MHImain,HKFE,17236.0,17290.0,17185.0,17189.0,23529.0,405666301.0,0.0
2024-09-10 17:15:00,MHImain,HKFE,17188.0,17195.0,17145.0,17161.0,3799.0,65233649.0,0.0
2024-09-10 21:15:00,MHImain,HKFE,17160.0,17186.0,17015.0,17035.0,9143.0,156206506.0,0.0
2024-09-11 01:15:00,MHImain,HKFE,17035.0,17074.0,16948.0,17004.0,29584.0,503412627.0,0.0
2024-09-11 11:00:00,MHImain,HKFE,17005.0,17122.0,16954.0,17087.0,23061.0,392894098.0,0.0
2024-09-11 17:15:00,MHImain,HKFE,17085.0,17145.0,17055.0,17134.0,5477.0,93661662.0,0.0
2024-09-11 21:15:00,MHImain,HKFE,17134.0,17199.0,17019.0,17195.0,13077.0,223778445.0,0.0
2024-09-12 01:15:00,MHImain,HKFE,17195.0,17300.0,17136.0,17269.0,33495.0,576664086.0,0.0
2024-09-12 11:00:00,MHImain,HKFE,17270.0,17356.0,17233.0,17256.0,23196.0,401245531.0,0.0
2024-09-12 17:15:00,MHImain,HKFE,17257.0,17300.0,17248.0,17273.0,4371.0,75512546.0,0.0
2024-09-12 21:15:00,MHImain,HKFE,17270.0,17297.0,17166.0,17285.0,8310.0,143091710.0,0.0
2024-09-13 01:15:00,MHImain,HKFE,17286.0,17574.0,17260.0,17455.0,34252.0,598237928.0,0.0
2024-09-13 11:00:00,MHImain,HKFE,17456.0,17489.0,17375.0,17375.0,20706.0,360789842.0,0.0
2024-09-13 17:15:00,MHImain,HKFE,17379.0,17418.0,17315.0,17403.0,5181.0,89998911.0,0.0
2024-09-13 21:15:00,MHImain,HKFE,17403.0,17423.0,17325.0,17333.0,7935.0,137896837.0,0.0
2024-09-14 01:15:00,MHImain,HKFE,17333.0,17364.0,17328.0,17352.0,720.0,12491118.0,0.0
2024-09-16 01:15:00,MHImain,HKFE,17320.0,17351.0,17189.0,17308.0,26012.0,449546982.0,0.0
2024-09-16 11:00:00,MHImain,HKFE,17310.0,17450.0,17302.0,17449.0,17259.0,300020628.0,0.0
2024-09-16 17:15:00,MHImain,HKFE,17450.0,17468.0,17412.0,17446.0,2788.0,48613029.0,0.0
2024-09-16 21:15:00,MHImain,HKFE,17448.0,17473.0,17409.0,17427.0,4805.0,83812200.0,0.0
2024-09-17 01:15:00,MHImain,HKFE,17425.0,17704.0,17395.0,17678.0,27734.0,487235285.0,0.0
2024-09-17 11:00:00,MHImain,HKFE,17677.0,17743.0,17639.0,17676.0,20574.0,363948192.0,0.0
2024-09-17 17:15:00,MHImain,HKFE,17678.0,17715.0,17656.0,17667.0,3811.0,67392887.0,0.0
2024-09-17 21:15:00,MHImain,HKFE,17668.0,17737.0,17638.0,17652.0,5851.0,103501946.0,0.0
2024-09-18 01:15:00,MHImain,HKFE,17655.0,17675.0,17645.0,17669.0,997.0,17607712.0,0.0
2024-09-19 01:15:00,MHImain,HKFE,17728.0,17906.0,17601.0,17898.0,38735.0,687050830.0,0.0
2024-09-19 11:00:00,MHImain,HKFE,17900.0,18097.0,17865.0,18060.0,31398.0,565377552.0,0.0
2024-09-19 17:15:00,MHImain,HKFE,18062.0,18144.0,18033.0,18061.0,6722.0,121647882.0,0.0
2024-09-19 21:15:00,MHImain,HKFE,18061.0,18136.0,17955.0,18135.0,11463.0,206711416.0,0.0
2024-09-20 01:15:00,MHImain,HKFE,18136.0,18378.0,18048.0,18291.0,43522.0,793428130.0,0.0
2024-09-20 11:00:00,MHImain,HKFE,18291.0,18364.0,18180.0,18284.0,32687.0,596802367.0,0.0
2024-09-20 17:15:00,MHImain,HKFE,18284.0,18314.0,18255.0,18277.0,3287.0,60109214.0,0.0
2024-09-20 21:15:00,MHImain,HKFE,18276.0,18309.0,18166.0,18206.0,9054.0,164942523.0,0.0
2024-09-21 01:15:00,MHImain,HKFE,18206.0,18211.0,18169.0,18196.0,1102.0,20042076.0,0.0
2024-09-23 01:15:00,MHImain,HKFE,18250.0,18438.0,18225.0,18407.0,31920.0,585869663.0,0.0
2024-09-23 11:00:00,MHImain,HKFE,18405.0,18449.0,18224.0,18269.0,26024.0,476831901.0,0.0
2024-09-23 17:15:00,MHImain,HKFE,18265.0,18366.0,18253.0,18355.0,3518.0,64397820.0,0.0
2024-09-23 21:15:00,MHImain,HKFE,18354.0,18539.0,18317.0,18456.0,13835.0,255156414.0,0.0
2024-09-24 01:15:00,MHImain,HKFE,18456.0,18750.0,18443.0,18726.0,44934.0,837853158.0,0.0
2024-09-24 11:00:00,MHImain,HKFE,18727.0,19094.0,18722.0,19085.0,48849.0,924443570.0,0.0
2024-09-24 17:15:00,MHImain,HKFE,19088.0,19383.0,19068.0,19369.0,16207.0,311573184.0,0.0
2024-09-24 21:15:00,MHImain,HKFE,19368.0,19652.0,19288.0,19642.0,31150.0,605936731.0,0.0
2024-09-25 01:15:00,MHImain,HKFE,19646.0,19767.0,19343.0,19368.0,49713.0,969832877.0,0.0
2024-09-25 11:00:00,MHImain,HKFE,19370.0,19414.0,19090.0,19204.0,40268.0,775025026.0,0.0
2024-09-25 17:15:00,MHImain,HKFE,19204.0,19385.0,19144.0,19289.0,11566.0,223194068.0,0.0
2024-09-25 21:15:00,MHImain,HKFE,19290.0,19506.0,19243.0,19386.0,16729.0,324289906.0,0.0
2024-09-26 01:15:00,MHImain,HKFE,19386.0,19511.0,19172.0,19469.0,39879.0,772346673.0,0.0
2024-09-26 11:00:00,MHImain,HKFE,19469.0,20030.0,19465.0,20028.0,52544.0,1037822040.0,0.0
2024-09-26 17:15:00,MHImain,HKFE,20129.0,20793.0,20124.0,20575.0,22946.0,470082421.0,0.0
2024-09-26 21:15:00,MHImain,HKFE,20579.0,20805.0,20350.0,20576.0,24618.0,506212433.0,0.0
2024-09-27 01:15:00,MHImain,HKFE,20567.0,20728.0,20358.0,20566.0,50724.0,1039844663.0,0.0
2024-09-27 11:00:00,MHImain,HKFE,20565.0,20996.0,20390.0,20926.0,82010.0,1692942390.0,0.0
2024-09-27 17:15:00,MHImain,HKFE,20927.0,20986.0,20615.0,20660.0,33339.0,693238769.0,0.0
2024-09-27 21:15:00,MHImain,HKFE,20658.0,21068.0,20634.0,20929.0,31310.0,654375969.0,0.0
2024-09-28 01:15:00,MHImain,HKFE,20926.0,20953.0,20844.0,20893.0,3121.0,65250984.0,0.0
2024-09-30 01:15:00,MHImain,HKFE,21030.0,21398.0,20911.0,21087.0,68998.0,1458408362.0,0.0
2024-09-30 11:00:00,MHImain,HKFE,21085.0,21591.0,21080.0,21282.0,105930.0,2262258497.0,0.0
2024-09-30 17:15:00,MHImain,HKFE,21274.0,21349.0,21105.0,21216.0,18831.0,399480022.0,0.0
2024-09-30 21:15:00,MHImain,HKFE,21218.0,21219.0,20708.0,20780.0,38674.0,810137332.0,0.0
2024-10-01 01:15:00,MHImain,HKFE,20782.0,20829.0,20717.0,20769.0,4724.0,98111216.0,0.0
2024-10-02 01:15:00,MHImain,HKFE,21210.0,22257.0,21200.0,22222.0,87535.0,1911692876.0,0.0
2024-10-02 11:00:00,MHImain,HKFE,22224.0,22778.0,22049.0,22460.0,145315.0,3259519078.0,0.0
2024-10-02 17:15:00,MHImain,HKFE,22451.0,22862.0,22411.0,22446.0,46788.0,1058519952.0,0.0
2024-10-02 21:15:00,MHImain,HKFE,22441.0,22504.0,22111.0,22316.0,56965.0,1270173801.0,0.0
2024-10-03 01:15:00,MHImain,HKFE,22316.0,22700.0,21667.0,21684.0,89471.0,1974471157.0,0.0
2024-10-03 11:00:00,MHImain,HKFE,21685.0,22528.0,21527.0,22155.0,104460.0,2306898241.0,0.0
2024-10-03 17:15:00,MHImain,HKFE,22149.0,22350.0,21657.0,21727.0,31171.0,686694221.0,0.0
2024-10-03 21:15:00,MHImain,HKFE,21725.0,22256.0,21693.0,22089.0,39781.0,877505314.0,0.0
2024-10-04 01:15:00,MHImain,HKFE,22092.0,22705.0,21875.0,22621.0,81679.0,1821945348.0,0.0
2024-10-04 11:00:00,MHImain,HKFE,22622.0,22888.0,22398.0,22875.0,76921.0,1742042003.0,0.0
2024-10-04 17:15:00,MHImain,HKFE,22871.0,22877.0,22681.0,22759.0,21941.0,499568106.0,0.0
2024-10-04 21:15:00,MHImain,HKFE,22757.0,22781.0,22518.0,22608.0,34974.0,791379062.0,0.0
2024-10-05 01:15:00,MHImain,HKFE,22605.0,22652.0,22579.0,22609.0,3272.0,73993020.0,0.0
2024-10-07 01:15:00,MHImain,HKFE,22980.0,23330.0,22787.0,22975.0,75116.0,1729307475.0,0.0
2024-10-07 11:00:00,MHImain,HKFE,22971.0,23220.0,22970.0,23197.0,47848.0,1105226715.0,0.0
2024-10-07 17:15:00,MHImain,HKFE,23192.0,23277.0,23105.0,23137.0,13979.0,324219824.0,0.0
2024-10-07 21:15:00,MHImain,HKFE,23134.0,23274.0,22917.0,23218.0,29797.0,688334360.0,0.0
2024-10-08 01:15:00,MHImain,HKFE,23218.0,23333.0,20802.0,21466.0,141916.0,3123175560.0,0.0
2024-10-08 11:00:00,MHImain,HKFE,21466.0,22055.0,20649.0,20780.0,141633.0,3041231002.0,0.0
2024-10-08 17:15:00,MHImain,HKFE,20788.0,21430.0,20788.0,21315.0,36863.0,780196138.0,0.0
2024-10-08 21:15:00,MHImain,HKFE,21314.0,21510.0,21106.0,21125.0,33964.0,723847712.0,0.0
2024-10-09 01:15:00,MHImain,HKFE,21126.0,21474.0,20537.0,20568.0,106270.0,2235627155.0,0.0
2024-10-09 11:00:00,MHImain,HKFE,20568.0,21387.0,20239.0,20628.0,155192.0,3231206588.0,0.0
2024-10-09 17:15:00,MHImain,HKFE,20628.0,20899.0,20628.0,20700.0,17663.0,367322617.0,0.0
2024-10-09 21:15:00,MHImain,HKFE,20703.0,21209.0,20674.0,21067.0,34271.0,719995731.0,0.0
2024-10-10 01:15:00,MHImain,HKFE,21067.0,21415.0,21001.0,21384.0,79871.0,1695223375.0,0.0
2024-10-10 11:00:00,MHImain,HKFE,21383.0,21650.0,21181.0,21270.0,85413.0,1828560302.0,0.0
2024-10-10 17:15:00,MHImain,HKFE,21274.0,21448.0,21207.0,21392.0,12702.0,270774319.0,0.0
2024-10-10 21:15:00,MHImain,HKFE,21392.0,21398.0,20996.0,21308.0,29812.0,632517849.0,0.0
2024-10-11 01:15:00,MHImain,HKFE,21309.0,21443.0,21257.0,21289.0,3723.0,79561525.0,0.0
2024-10-14 01:15:00,MHImain,HKFE,21206.0,21355.0,20724.0,20905.0,64766.0,1361830399.0,0.0
2024-10-14 11:00:00,MHImain,HKFE,20910.0,21397.0,20867.0,21091.0,50529.0,1070291498.0,0.0
2024-10-14 17:15:00,MHImain,HKFE,21092.0,21134.0,20937.0,21059.0,5675.0,119389675.0,0.0
2024-10-14 21:15:00,MHImain,HKFE,21057.0,21427.0,20892.0,21086.0,24909.0,528884157.0,0.0
2024-10-15 01:15:00,MHImain,HKFE,21088.0,21182.0,20839.0,20862.0,46066.0,967966507.0,0.0
2024-10-15 11:00:00,MHImain,HKFE,20858.0,20914.0,20184.0,20365.0,60390.0,1238522768.0,0.0
2024-10-15 17:15:00,MHImain,HKFE,20365.0,20480.0,20285.0,20478.0,12032.0,245246606.0,0.0
2024-10-15 21:15:00,MHImain,HKFE,20480.0,20524.0,20163.0,20212.0,20969.0,426678890.0,0.0
2024-10-16 01:15:00,MHImain,HKFE,20213.0,20509.0,20088.0,20440.0,53712.0,1091552177.0,0.0
2024-10-16 11:00:00,MHImain,HKFE,20442.0,20592.0,20246.0,20288.0,53144.0,1085654652.0,0.0
2024-10-16 17:15:00,MHImain,HKFE,20288.0,20387.0,20262.0,20324.0,5764.0,117103651.0,0.0
2024-10-16 21:15:00,MHImain,HKFE,20321.0,20540.0,20308.0,20456.0,13584.0,277583915.0,0.0
2024-10-17 01:15:00,MHImain,HKFE,20454.0,20804.0,20383.0,20535.0,55116.0,1134649994.0,0.0
2024-10-17 11:00:00,MHImain,HKFE,20537.0,20562.0,20001.0,20040.0,49055.0,995193431.0,0.0
2024-10-17 17:15:00,MHImain,HKFE,20042.0,20099.0,19955.0,19989.0,8583.0,172030969.0,0.0
2024-10-17 21:15:00,MHImain,HKFE,19990.0,20082.0,19862.0,19976.0,17964.0,358868915.0,0.0
2024-10-18 01:15:00,MHImain,HKFE,19975.0,20464.0,19957.0,20333.0,57032.0,1154636842.0,0.0
2024-10-18 11:00:00,MHImain,HKFE,20332.0,20976.0,20221.0,20868.0,81736.0,1686330997.0,0.0
2024-10-18 17:15:00,MHImain,HKFE,20859.0,20934.0,20783.0,20885.0,8874.0,185153302.0,0.0
2024-10-18 21:15:00,MHImain,HKFE,20884.0,20894.0,20669.0,20759.0,17016.0,353049833.0,0.0
2024-10-19 01:15:00,MHImain,HKFE,20758.0,20790.0,20742.0,20789.0,1259.0,26141383.0,0.0
2024-10-21 01:15:00,MHImain,HKFE,20853.0,20864.0,20585.0,20693.0,48394.0,1002887480.0,0.0
2024-10-21 11:00:00,MHImain,HKFE,20689.0,20817.0,20433.0,20471.0,42440.0,873691333.0,0.0
2024-10-21 17:15:00,MHImain,HKFE,20476.0,20494.0,20321.0,20399.0,5311.0,108346971.0,0.0
2024-10-21 21:15:00,MHImain,HKFE,20398.0,20528.0,20278.0,20396.0,12213.0,249229479.0,0.0
2024-10-22 01:15:00,MHImain,HKFE,20391.0,20646.0,20305.0,20493.0,48427.0,994691640.0,0.0
2024-10-22 11:00:00,MHImain,HKFE,20490.0,20638.0,20384.0,20489.0,35136.0,720621024.0,0.0
2024-10-22 17:15:00,MHImain,HKFE,20487.0,20489.0,20384.0,20455.0,4859.0,99244199.0,0.0
2024-10-22 21:15:00,MHImain,HKFE,20458.0,20745.0,20458.0,20645.0,15839.0,326591733.0,0.0
2024-10-23 01:15:00,MHImain,HKFE,20645.0,20874.0,20451.0,20729.0,43874.0,907342543.0,0.0
2024-10-23 11:00:00,MHImain,HKFE,20725.0,20951.0,20686.0,20731.0,38334.0,797717551.0,0.0
2024-10-23 17:15:00,MHImain,HKFE,20725.0,20758.0,20647.0,20687.0,4389.0,90840894.0,0.0
2024-10-23 21:15:00,MHImain,HKFE,20689.0,20755.0,20508.0,20508.0,11994.0,247449827.0,0.0
2024-10-24 01:15:00,MHImain,HKFE,20511.0,20660.0,20459.0,20622.0,39680.0,815704354.0,0.0
2024-10-24 11:00:00,MHImain,HKFE,20621.0,20693.0,20450.0,20504.0,30549.0,627235634.0,0.0
2024-10-24 17:15:00,MHImain,HKFE,20500.0,20500.0,20396.0,20447.0,3686.0,75334308.0,0.0
2024-10-24 21:15:00,MHImain,HKFE,20446.0,20527.0,20284.0,20385.0,12298.0,250667472.0,0.0
2024-10-25 01:15:00,MHImain,HKFE,20385.0,20751.0,20378.0,20723.0,36510.0,752665773.0,0.0
2024-10-25 11:00:00,MHImain,HKFE,20722.0,20787.0,20560.0,20612.0,33653.0,695341233.0,0.0
2024-10-25 17:15:00,MHImain,HKFE,20612.0,20673.0,20548.0,20612.0,4155.0,85641388.0,0.0
2024-10-25 21:15:00,MHImain,HKFE,20612.0,20692.0,20498.0,20507.0,11750.0,241893461.0,0.0
2024-10-26 01:15:00,MHImain,HKFE,20503.0,20527.0,20472.0,20520.0,1250.0,25624752.0,0.0
2024-10-28 01:15:00,MHImain,HKFE,20581.0,20658.0,20415.0,20555.0,30829.0,633627860.0,0.0
2024-10-28 11:00:00,MHImain,HKFE,20555.0,20666.0,20509.0,20603.0,21151.0,435760532.0,0.0
2024-10-28 17:15:00,MHImain,HKFE,20597.0,20609.0,20533.0,20582.0,2484.0,51083892.0,0.0
2024-10-28 21:15:00,MHImain,HKFE,20585.0,20810.0,20541.0,20726.0,9368.0,193935693.0,0.0
2024-10-29 01:15:00,MHImain,HKFE,20725.0,20895.0,20670.0,20781.0,31294.0,650203973.0,0.0
2024-10-29 11:00:00,MHImain,HKFE,20784.0,20793.0,20551.0,20787.0,26349.0,544608222.0,0.0
2024-10-29 17:15:00,MHImain,HKFE,20843.0,21176.0,20843.0,20943.0,10040.0,211549424.0,0.0
2024-10-29 21:15:00,MHImain,HKFE,20943.0,20961.0,20746.0,20775.0,7489.0,155967973.0,0.0
2024-10-30 01:15:00,MHImain,HKFE,20774.0,20813.0,20540.0,20550.0,30799.0,635776378.0,0.0
2024-10-30 11:00:00,MHImain,HKFE,20551.0,20580.0,20320.0,20439.0,30610.0,624883278.0,0.0
2024-10-30 17:15:00,MHImain,HKFE,20428.0,20429.0,20295.0,20315.0,4926.0,100249950.0,0.0
2024-10-30 21:15:00,MHImain,HKFE,20313.0,20519.0,20287.0,20469.0,11021.0,225256882.0,0.0
2024-10-31 01:15:00,MHImain,HKFE,20469.0,20599.0,20438.0,20505.0,39740.0,815475784.0,0.0
2024-10-31 11:00:00,MHImain,HKFE,20508.0,20579.0,20333.0,20349.0,30859.0,630978622.0,0.0
2024-10-31 17:15:00,MHImain,HKFE,20356.0,20418.0,20317.0,20407.0,3490.0,71092401.0,0.0
2024-10-31 21:15:00,MHImain,HKFE,20407.0,20437.0,20229.0,20403.0,11365.0,230909548.0,0.0
2024-11-01 01:15:00,MHImain,HKFE,20403.0,20578.0,20380.0,20568.0,42945.0,880007611.0,0.0
2024-11-01 11:00:00,MHImain,HKFE,20567.0,20712.0,20476.0,20524.0,32952.0,677457103.0,0.0
2024-11-01 17:15:00,MHImain,HKFE,20529.0,20660.0,20473.0,20603.0,6055.0,124494226.0,0.0
2024-11-01 21:15:00,MHImain,HKFE,20601.0,20655.0,20513.0,20555.0,9247.0,190322868.0,0.0
2024-11-02 01:15:00,MHImain,HKFE,20553.0,20555.0,20456.0,20493.0,1526.0,31273861.0,0.0
2024-11-04 01:15:00,MHImain,HKFE,20555.0,20660.0,20452.0,20547.0,31958.0,657419608.0,0.0
2024-11-04 11:00:00,MHImain,HKFE,20549.0,20603.0,20486.0,20588.0,18115.0,372351424.0,0.0
2024-11-04 17:15:00,MHImain,HKFE,20583.0,20656.0,20571.0,20613.0,3185.0,65693592.0,0.0
2024-11-04 21:15:00,MHImain,HKFE,20614.0,20754.0,20540.0,20571.0,11533.0,238229202.0,0.0
2024-11-05 01:15:00,MHImain,HKFE,20572.0,20810.0,20375.0,20655.0,40996.0,845001420.0,0.0
2024-11-05 11:00:00,MHImain,HKFE,20654.0,21058.0,20640.0,21000.0,37718.0,787528793.0,0.0
2024-11-05 17:15:00,MHImain,HKFE,21003.0,21065.0,20923.0,20928.0,5087.0,106756143.0,0.0
2024-11-05 21:15:00,MHImain,HKFE,20929.0,21028.0,20868.0,20966.0,11380.0,238292336.0,0.0
2024-11-06 01:15:00,MHImain,HKFE,20970.0,20977.0,20573.0,20576.0,39486.0,820168202.0,0.0
2024-11-06 11:00:00,MHImain,HKFE,20577.0,20657.0,20351.0,20613.0,52795.0,1081992656.0,0.0
2024-11-06 17:15:00,MHImain,HKFE,20607.0,20612.0,20436.0,20441.0,6384.0,130885186.0,0.0
2024-11-06 21:15:00,MHImain,HKFE,20444.0,20556.0,20217.0,20504.0,19832.0,404519295.0,0.0
2024-11-07 01:15:00,MHImain,HKFE,20506.0,20833.0,20350.0,20758.0,43447.0,895009042.0,0.0
2024-11-07 11:00:00,MHImain,HKFE,20757.0,21073.0,20676.0,21060.0,40184.0,838412152.0,0.0
2024-11-07 17:15:00,MHImain,HKFE,21065.0,21132.0,20990.0,21118.0,6375.0,134214632.0,0.0
2024-11-07 21:15:00,MHImain,HKFE,21122.0,21292.0,21116.0,21268.0,16926.0,358939324.0,0.0
2024-11-08 01:15:00,MHImain,HKFE,21267.0,21377.0,20878.0,20974.0,46762.0,989148272.0,0.0
2024-11-08 11:00:00,MHImain,HKFE,20972.0,21008.0,20391.0,20583.0,56037.0,1163856304.0,0.0
2024-11-08 17:15:00,MHImain,HKFE,20591.0,20681.0,20388.0,20469.0,12780.0,262056638.0,0.0
2024-11-08 21:15:00,MHImain,HKFE,20468.0,20610.0,20183.0,20209.0,18890.0,385240724.0,0.0
2024-11-09 01:15:00,MHImain,HKFE,20209.0,20298.0,20191.0,20285.0,3068.0,62089197.0,0.0
2024-11-11 01:15:00,MHImain,HKFE,20294.0,20407.0,20161.0,20279.0,36586.0,741631461.0,0.0
2024-11-11 11:00:00,MHImain,HKFE,20279.0,20519.0,20240.0,20453.0,37059.0,755315890.0,0.0
2024-11-11 17:15:00,MHImain,HKFE,20444.0,20485.0,20362.0,20367.0,4653.0,94984903.0,0.0
2024-11-11 21:15:00,MHImain,HKFE,20367.0,20398.0,20268.0,20304.0,8549.0,173788955.0,0.0
2024-11-12 01:15:00,MHImain,HKFE,20306.0,20546.0,20197.0,20216.0,35557.0,723706850.0,0.0
2024-11-12 11:00:00,MHImain,HKFE,20217.0,20254.0,19775.0,19892.0,44596.0,889465975.0,0.0
2024-11-12 17:15:00,MHImain,HKFE,19888.0,19914.0,19731.0,19845.0,8672.0,171723040.0,0.0
2024-11-12 21:15:00,MHImain,HKFE,19845.0,19880.0,19586.0,19595.0,12309.0,242942725.0,0.0
2024-11-13 01:15:00,MHImain,HKFE,19593.0,19783.0,19569.0,19733.0,36114.0,710951734.0,0.0
2024-11-13 11:00:00,MHImain,HKFE,19734.0,19858.0,19646.0,19800.0,30727.0,606705487.0,0.0
2024-11-13 17:15:00,MHImain,HKFE,19812.0,19975.0,19768.0,19771.0,7989.0,158770933.0,0.0
2024-11-13 21:15:00,MHImain,HKFE,19769.0,19861.0,19592.0,19651.0,11961.0,235660973.0,0.0
2024-11-14 01:15:00,MHImain,HKFE,19651.0,19859.0,19585.0,19646.0,31272.0,616512148.0,0.0
2024-11-14 11:00:00,MHImain,HKFE,19641.0,19749.0,19389.0,19437.0,33172.0,647875630.0,0.0
2024-11-14 17:15:00,MHImain,HKFE,19442.0,19519.0,19409.0,19514.0,4785.0,93122378.0,0.0
2024-11-14 21:15:00,MHImain,HKFE,19516.0,19555.0,19359.0,19456.0,13739.0,267521193.0,0.0
2024-11-15 01:15:00,MHImain,HKFE,19453.0,19626.0,19339.0,19626.0,38613.0,753126783.0,0.0
2024-11-15 11:00:00,MHImain,HKFE,19624.0,19624.0,19407.0,19424.0,27192.0,530782838.0,0.0
2024-11-15 17:15:00,MHImain,HKFE,19425.0,19624.0,19425.0,19535.0,7135.0,139408768.0,0.0
2024-11-15 21:15:00,MHImain,HKFE,19538.0,19554.0,19404.0,19461.0,9465.0,184264397.0,0.0
2024-11-16 01:15:00,MHImain,HKFE,19458.0,19483.0,19432.0,19465.0,828.0,16107685.0,0.0
2024-11-18 01:15:00,MHImain,HKFE,19566.0,19799.0,19486.0,19739.0,38239.0,751487843.0,0.0
2024-11-18 11:00:00,MHImain,HKFE,19742.0,19755.0,19518.0,19611.0,27232.0,534163293.0,0.0
2024-11-18 17:15:00,MHImain,HKFE,19606.0,19662.0,19589.0,19620.0,3166.0,62135089.0,0.0
2024-11-18 21:15:00,MHImain,HKFE,19621.0,19743.0,19612.0,19740.0,7106.0,139875726.0,0.0
2024-11-19 01:15:00,MHImain,HKFE,19740.0,19794.0,19577.0,19654.0,27768.0,546781099.0,0.0
2024-11-19 11:00:00,MHImain,HKFE,19656.0,19725.0,19530.0,19691.0,25577.0,502338272.0,0.0
2024-11-19 17:15:00,MHImain,HKFE,19685.0,19685.0,19411.0,19570.0,9278.0,181132719.0,0.0
2024-11-19 21:15:00,MHImain,HKFE,19570.0,19618.0,19522.0,19592.0,6653.0,130185298.0,0.0
2024-11-20 01:15:00,MHImain,HKFE,19594.0,19754.0,19560.0,19655.0,24899.0,489331475.0,0.0
2024-11-20 11:00:00,MHImain,HKFE,19658.0,19779.0,19622.0,19716.0,22285.0,438782842.0,0.0
2024-11-20 17:15:00,MHImain,HKFE,19713.0,19716.0,19630.0,19681.0,3290.0,64696539.0,0.0
2024-11-20 21:15:00,MHImain,HKFE,19681.0,19693.0,19585.0,19620.0,5915.0,116136586.0,0.0
2024-11-21 01:15:00,MHImain,HKFE,19622.0,19787.0,19600.0,19670.0,26552.0,522680200.0,0.0
2024-11-21 11:00:00,MHImain,HKFE,19671.0,19711.0,19553.0,19589.0,19116.0,375577283.0,0.0
2024-11-21 17:15:00,MHImain,HKFE,19588.0,19603.0,19495.0,19560.0,5373.0,105029495.0,0.0
2024-11-21 21:15:00,MHImain,HKFE,19561.0,19634.0,19548.0,19570.0,7122.0,139512847.0,0.0
2024-11-22 01:15:00,MHImain,HKFE,19569.0,19725.0,19522.0,19581.0,25878.0,507807278.0,0.0
2024-11-22 11:00:00,MHImain,HKFE,19578.0,19611.0,19136.0,19221.0,34526.0,666830642.0,0.0
2024-11-22 17:15:00,MHImain,HKFE,19215.0,19215.0,19043.0,19198.0,7132.0,136348126.0,0.0
2024-11-22 21:15:00,MHImain,HKFE,19200.0,19220.0,19144.0,19199.0,5811.0,111471498.0,0.0
2024-11-23 01:15:00,MHImain,HKFE,19197.0,19217.0,19173.0,19213.0,786.0,15088249.0,0.0
2024-11-25 01:15:00,MHImain,HKFE,19327.0,19385.0,19238.0,19267.0,25565.0,493517699.0,0.0
2024-11-25 11:00:00,MHImain,HKFE,19269.0,19269.0,19111.0,19136.0,24462.0,469266939.0,0.0
2024-11-25 17:15:00,MHImain,HKFE,19136.0,19180.0,19116.0,19148.0,2662.0,50967722.0,0.0
2024-11-25 21:15:00,MHImain,HKFE,19147.0,19236.0,19135.0,19170.0,5921.0,113577208.0,0.0
2024-11-26 01:15:00,MHImain,HKFE,19172.0,19312.0,18965.0,19206.0,27720.0,531538552.0,0.0
2024-11-26 11:00:00,MHImain,HKFE,19207.0,19310.0,19136.0,19162.0,16471.0,316384448.0,0.0
2024-11-26 17:15:00,MHImain,HKFE,19166.0,19308.0,19166.0,19286.0,4365.0,84032669.0,0.0
2024-11-26 21:15:00,MHImain,HKFE,19286.0,19290.0,19077.0,19136.0,6142.0,117778997.0,0.0
2024-11-27 01:15:00,MHImain,HKFE,19135.0,19306.0,19081.0,19278.0,24963.0,479170974.0,0.0
2024-11-27 11:00:00,MHImain,HKFE,19276.0,19693.0,19222.0,19598.0,30798.0,599122521.0,0.0
2024-11-27 17:15:00,MHImain,HKFE,19643.0,19647.0,19576.0,19604.0,2851.0,55905875.0,0.0
2024-11-27 21:15:00,MHImain,HKFE,19604.0,19702.0,19590.0,19618.0,4519.0,88787228.0,0.0
2024-11-28 01:15:00,MHImain,HKFE,19618.0,19705.0,19386.0,19489.0,23850.0,465364991.0,0.0
2024-11-28 11:00:00,MHImain,HKFE,19486.0,19487.0,19360.0,19396.0,18116.0,351618073.0,0.0
2024-11-28 17:15:00,MHImain,HKFE,19395.0,19443.0,19395.0,19427.0,2199.0,42702921.0,0.0
2024-11-28 21:15:00,MHImain,HKFE,19427.0,19475.0,19418.0,19466.0,2930.0,56990442.0,0.0
2024-11-29 01:15:00,MHImain,HKFE,19466.0,19538.0,19362.0,19463.0,24870.0,483543325.0,0.0
2024-11-29 11:00:00,MHImain,HKFE,19462.0,19723.0,19375.0,19508.0,40428.0,789747467.0,0.0
2024-11-29 17:15:00,MHImain,HKFE,19515.0,19577.0,19481.0,19541.0,3447.0,67311753.0,0.0
2024-11-29 21:15:00,MHImain,HKFE,19541.0,19659.0,19453.0,19639.0,8768.0,171435357.0,0.0
2024-11-30 01:15:00,MHImain,HKFE,19643.0,19673.0,19634.0,19648.0,1614.0,31722956.0,0.0
2024-12-02 01:15:00,MHImain,HKFE,19600.0,19751.0,19444.0,19535.0,33064.0,648095239.0,0.0
2024-12-02 11:00:00,MHImain,HKFE,19533.0,19668.0,19453.0,19620.0,25756.0,503567564.0,0.0
2024-12-02 17:15:00,MHImain,HKFE,19625.0,19707.0,19615.0,19654.0,4211.0,82773763.0,0.0
2024-12-02 21:15:00,MHImain,HKFE,19654.0,19659.0,19507.0,19602.0,7528.0,147383351.0,0.0
2024-12-03 01:15:00,MHImain,HKFE,19601.0,19661.0,19429.0,19533.0,29114.0,569360124.0,0.0
2024-12-03 11:00:00,MHImain,HKFE,19533.0,19831.0,19519.0,19809.0,38171.0,751732916.0,0.0
2024-12-03 17:15:00,MHImain,HKFE,19809.0,19838.0,19766.0,19821.0,2935.0,58102931.0,0.0
2024-12-03 21:15:00,MHImain,HKFE,19822.0,19836.0,19681.0,19786.0,11158.0,220388192.0,0.0
2024-12-04 01:15:00,MHImain,HKFE,19789.0,19880.0,19659.0,19832.0,30308.0,598771419.0,0.0
2024-12-04 11:00:00,MHImain,HKFE,19833.0,19887.0,19755.0,19791.0,28068.0,556422563.0,0.0
2024-12-04 17:15:00,MHImain,HKFE,19795.0,19800.0,19735.0,19753.0,3371.0,66640673.0,0.0
2024-12-04 21:15:00,MHImain,HKFE,19755.0,19777.0,19583.0,19641.0,9321.0,183351310.0,0.0
2024-12-05 01:15:00,MHImain,HKFE,19641.0,19684.0,19495.0,19581.0,25982.0,509043112.0,0.0
2024-12-05 11:00:00,MHImain,HKFE,19581.0,19664.0,19538.0,19659.0,17649.0,345676974.0,0.0
2024-12-05 17:15:00,MHImain,HKFE,19653.0,19673.0,19595.0,19627.0,2712.0,53237271.0,0.0
2024-12-05 21:15:00,MHImain,HKFE,19628.0,19710.0,19619.0,19675.0,5082.0,99964936.0,0.0
2024-12-06 01:15:00,MHImain,HKFE,19675.0,19874.0,19617.0,19826.0,32973.0,650262626.0,0.0
2024-12-06 11:00:00,MHImain,HKFE,19825.0,20004.0,19817.0,19935.0,32148.0,640290062.0,0.0
2024-12-06 17:15:00,MHImain,HKFE,19935.0,19993.0,19915.0,19931.0,3555.0,70900015.0,0.0
2024-12-06 21:15:00,MHImain,HKFE,19934.0,20010.0,19818.0,19832.0,10082.0,200570871.0,0.0
2024-12-07 01:15:00,MHImain,HKFE,19834.0,19839.0,19808.0,19823.0,875.0,17345754.0,0.0
2024-12-09 01:15:00,MHImain,HKFE,19800.0,19991.0,19733.0,19901.0,27778.0,551383129.0,0.0
2024-12-09 11:00:00,MHImain,HKFE,19901.0,20688.0,19737.0,20648.0,61870.0,1246563594.0,0.0
2024-12-09 17:15:00,MHImain,HKFE,20657.0,20895.0,20657.0,20876.0,13207.0,275053541.0,0.0
2024-12-09 21:15:00,MHImain,HKFE,20878.0,21384.0,20863.0,21362.0,30846.0,652381093.0,0.0
2024-12-10 01:15:00,MHImain,HKFE,21359.0,21384.0,20651.0,20709.0,56910.0,1187338843.0,0.0
2024-12-10 11:00:00,MHImain,HKFE,20708.0,20759.0,20366.0,20437.0,44045.0,905625949.0,0.0
2024-12-10 17:15:00,MHImain,HKFE,20442.0,20492.0,20250.0,20473.0,9906.0,201851176.0,0.0
2024-12-10 21:15:00,MHImain,HKFE,20470.0,20518.0,20368.0,20414.0,9383.0,191715604.0,0.0
2024-12-11 01:15:00,MHImain,HKFE,20410.0,20562.0,20395.0,20458.0,27224.0,558032032.0,0.0
2024-12-11 11:00:00,MHImain,HKFE,20458.0,20464.0,20153.0,20203.0,37824.0,767262251.0,0.0
2024-12-11 17:15:00,MHImain,HKFE,20200.0,20308.0,20125.0,20269.0,5975.0,120811981.0,0.0
2024-12-11 21:15:00,MHImain,HKFE,20269.0,20319.0,20134.0,20205.0,9353.0,189031469.0,0.0
2024-12-12 01:15:00,MHImain,HKFE,20203.0,20310.0,20167.0,20250.0,24932.0,504648875.0,0.0
2024-12-12 11:00:00,MHImain,HKFE,20251.0,20608.0,20241.0,20471.0,46666.0,955607893.0,0.0
2024-12-12 17:15:00,MHImain,HKFE,20470.0,20558.0,20080.0,20181.0,18847.0,383238600.0,0.0
2024-12-12 21:15:00,MHImain,HKFE,20180.0,20337.0,20134.0,20235.0,12722.0,257297014.0,0.0
2024-12-13 01:15:00,MHImain,HKFE,20236.0,20282.0,20042.0,20116.0,30035.0,605060356.0,0.0
2024-12-13 11:00:00,MHImain,HKFE,20115.0,20160.0,19941.0,20018.0,29965.0,601310524.0,0.0
2024-12-13 17:15:00,MHImain,HKFE,20009.0,20087.0,20001.0,20059.0,4078.0,81755873.0,0.0
2024-12-13 21:15:00,MHImain,HKFE,20058.0,20073.0,19884.0,19935.0,7934.0,158261183.0,0.0
2024-12-14 01:15:00,MHImain,HKFE,19935.0,19981.0,19923.0,19969.0,1287.0,25681173.0,0.0
2024-12-16 01:15:00,MHImain,HKFE,19988.0,20095.0,19890.0,19910.0,24341.0,486593669.0,0.0
2024-12-16 11:00:00,MHImain,HKFE,19909.0,19933.0,19759.0,19823.0,25079.0,497647780.0,0.0
2024-12-16 17:15:00,MHImain,HKFE,19813.0,19826.0,19734.0,19753.0,3808.0,75297385.0,0.0
2024-12-16 21:15:00,MHImain,HKFE,19753.0,19822.0,19703.0,19764.0,6474.0,127897232.0,0.0
2024-12-17 01:15:00,MHImain,HKFE,19760.0,19829.0,19641.0,19689.0,28953.0,571509270.0,0.0
2024-12-17 11:00:00,MHImain,HKFE,19687.0,19975.0,19661.0,19741.0,31796.0,629503091.0,0.0
2024-12-17 17:15:00,MHImain,HKFE,19741.0,19799.0,19714.0,19748.0,2947.0,58219571.0,0.0
2024-12-17 21:15:00,MHImain,HKFE,19747.0,19937.0,19721.0,19899.0,8500.0,168571665.0,0.0
2024-12-18 01:15:00,MHImain,HKFE,19902.0,19967.0,19857.0,19906.0,22567.0,449291542.0,0.0
2024-12-18 11:00:00,MHImain,HKFE,19906.0,20000.0,19830.0,19879.0,23956.0,476826333.0,0.0
2024-12-18 17:15:00,MHImain,HKFE,19876.0,19898.0,19781.0,19859.0,4259.0,84500410.0,0.0
2024-12-18 21:15:00,MHImain,HKFE,19859.0,19906.0,19806.0,19824.0,4551.0,90324031.0,0.0
2024-12-19 01:15:00,MHImain,HKFE,19822.0,19875.0,19549.0,19666.0,25915.0,509572951.0,0.0
2024-12-19 11:00:00,MHImain,HKFE,19663.0,19872.0,19641.0,19790.0,25956.0,512943763.0,0.0
2024-12-19 17:15:00,MHImain,HKFE,19794.0,19827.0,19737.0,19761.0,3784.0,74825480.0,0.0
2024-12-19 21:15:00,MHImain,HKFE,19761.0,19812.0,19713.0,19719.0,5703.0,112685678.0,0.0
2024-12-20 01:15:00,MHImain,HKFE,19718.0,19876.0,19651.0,19863.0,24936.0,493072144.0,0.0
2024-12-20 11:00:00,MHImain,HKFE,19862.0,19891.0,19651.0,19684.0,23904.0,472776884.0,0.0
2024-12-20 17:15:00,MHImain,HKFE,19684.0,19734.0,19637.0,19720.0,4154.0,81796681.0,0.0
2024-12-20 21:15:00,MHImain,HKFE,19720.0,19904.0,19667.0,19895.0,8457.0,167422470.0,0.0
2024-12-21 01:15:00,MHImain,HKFE,19897.0,19923.0,19877.0,19885.0,1209.0,24057417.0,0.0
2024-12-23 01:15:00,MHImain,HKFE,19850.0,19932.0,19759.0,19824.0,21399.0,424455179.0,0.0
2024-12-23 11:00:00,MHImain,HKFE,19823.0,19965.0,19805.0,19895.0,21707.0,431446062.0,0.0
2024-12-23 17:15:00,MHImain,HKFE,19893.0,19963.0,19860.0,19884.0,2894.0,57603402.0,0.0
2024-12-23 21:15:00,MHImain,HKFE,19884.0,19896.0,19816.0,19883.0,4830.0,95888150.0,0.0
2024-12-24 01:15:00,MHImain,HKFE,19881.0,20146.0,19876.0,20126.0,23012.0,460884729.0,0.0
2024-12-24 11:00:00,MHImain,HKFE,20125.0,20162.0,20107.0,20128.0,5812.0,116995651.0,0.0
2024-12-27 01:15:00,MHImain,HKFE,20192.0,20199.0,19992.0,20040.0,21408.0,429782993.0,0.0
2024-12-27 11:00:00,MHImain,HKFE,20040.0,20169.0,20038.0,20075.0,16692.0,335451177.0,0.0
2024-12-27 17:15:00,MHImain,HKFE,20101.0,20130.0,20065.0,20108.0,1191.0,23935166.0,0.0
2024-12-27 21:15:00,MHImain,HKFE,20108.0,20136.0,20028.0,20095.0,2775.0,55735179.0,0.0
2024-12-28 01:15:00,MHImain,HKFE,20095.0,20132.0,20079.0,20130.0,681.0,13693000.0,0.0
2024-12-30 01:15:00,MHImain,HKFE,20050.0,20215.0,19975.0,20028.0,19794.0,397697969.0,0.0
2024-12-30 11:00:00,MHImain,HKFE,20028.0,20140.0,19964.0,20020.0,19732.0,395815226.0,0.0
2024-12-30 17:15:00,MHImain,HKFE,20028.0,20082.0,20014.0,20019.0,3004.0,60218766.0,0.0
2024-12-30 21:15:00,MHImain,HKFE,20020.0,20038.0,19882.0,19934.0,6652.0,132712851.0,0.0
2024-12-31 01:15:00,MHImain,HKFE,19937.0,20178.0,19931.0,20132.0,20788.0,417633081.0,0.0
2024-12-31 11:00:00,MHImain,HKFE,20133.0,20185.0,20041.0,20093.0,7395.0,148759268.0,0.0
2025-01-02 01:15:00,MHImain,HKFE,20060.0,20074.0,19558.0,19845.0,41264.0,815786151.0,0.0
2025-01-02 11:00:00,MHImain,HKFE,19845.0,19862.0,19588.0,19629.0,27214.0,536438807.0,0.0
2025-01-02 17:15:00,MHImain,HKFE,19635.0,19654.0,19551.0,19640.0,4420.0,86674863.0,0.0
2025-01-02 21:15:00,MHImain,HKFE,19640.0,19717.0,19616.0,19687.0,5738.0,112877105.0,0.0
2025-01-03 01:15:00,MHImain,HKFE,19687.0,19907.0,19588.0,19837.0,32669.0,645695043.0,0.0
2025-01-03 11:00:00,MHImain,HKFE,19840.0,19936.0,19664.0,19752.0,29587.0,585146070.0,0.0
2025-01-03 17:15:00,MHImain,HKFE,19758.0,19788.0,19720.0,19765.0,2430.0,48001705.0,0.0
2025-01-03 21:15:00,MHImain,HKFE,19765.0,19830.0,19746.0,19817.0,4634.0,91713605.0,0.0
2025-01-04 01:15:00,MHImain,HKFE,19818.0,19833.0,19803.0,19828.0,645.0,12782193.0,0.0
2025-01-06 01:15:00,MHImain,HKFE,19840.0,19918.0,19673.0,19815.0,28804.0,569919585.0,0.0
2025-01-06 11:00:00,MHImain,HKFE,19812.0,19840.0,19654.0,19738.0,21221.0,418567235.0,0.0
2025-01-06 17:15:00,MHImain,HKFE,19739.0,20169.0,19706.0,20125.0,14798.0,295885878.0,0.0
2025-01-06 21:15:00,MHImain,HKFE,20126.0,20179.0,19746.0,19746.0,18408.0,366901858.0,0.0
2025-01-07 01:15:00,MHImain,HKFE,19746.0,19754.0,19316.0,19346.0,39617.0,774800024.0,0.0
2025-01-07 11:00:00,MHImain,HKFE,19343.0,19513.0,19270.0,19490.0,27792.0,538606670.0,0.0
2025-01-07 17:15:00,MHImain,HKFE,19492.0,19557.0,19478.0,19526.0,4826.0,94182759.0,0.0
2025-01-07 21:15:00,MHImain,HKFE,19528.0,19574.0,19463.0,19485.0,7422.0,144855825.0,0.0
2025-01-08 01:15:00,MHImain,HKFE,19487.0,19516.0,19303.0,19307.0,26633.0,516606633.0,0.0
2025-01-08 11:00:00,MHImain,HKFE,19305.0,19372.0,19137.0,19300.0,34755.0,669361518.0,0.0
2025-01-08 17:15:00,MHImain,HKFE,19309.0,19356.0,19114.0,19177.0,8936.0,171747704.0,0.0
2025-01-08 21:15:00,MHImain,HKFE,19181.0,19295.0,19153.0,19262.0,6831.0,131289505.0,0.0
2025-01-09 01:15:00,MHImain,HKFE,19264.0,19432.0,19233.0,19371.0,26105.0,504842926.0,0.0
2025-01-09 11:00:00,MHImain,HKFE,19371.0,19401.0,19242.0,19306.0,18232.0,351956860.0,0.0
2025-01-09 17:15:00,MHImain,HKFE,19305.0,19397.0,19304.0,19355.0,4249.0,82182806.0,0.0
2025-01-09 21:15:00,MHImain,HKFE,19354.0,19376.0,19305.0,19305.0,2704.0,52298467.0,0.0
2025-01-10 01:15:00,MHImain,HKFE,19306.0,19395.0,19169.0,19242.0,29346.0,565912798.0,0.0
2025-01-10 11:00:00,MHImain,HKFE,19241.0,19249.0,19055.0,19114.0,25493.0,487780160.0,0.0
2025-01-10 17:15:00,MHImain,HKFE,19103.0,19120.0,19080.0,19109.0,2325.0,44412874.0,0.0
2025-01-10 21:15:00,MHImain,HKFE,19109.0,19133.0,18901.0,18918.0,11728.0,222704195.0,0.0
2025-01-11 01:15:00,MHImain,HKFE,18918.0,18969.0,18906.0,18969.0,963.0,18233914.0,0.0
2025-01-13 01:15:00,MHImain,HKFE,18910.0,18975.0,18693.0,18871.0,33830.0,636390028.0,0.0
2025-01-13 11:00:00,MHImain,HKFE,18873.0,18957.0,18827.0,18897.0,21411.0,404339851.0,0.0
2025-01-13 17:15:00,MHImain,HKFE,18880.0,18890.0,18831.0,18864.0,3797.0,71617325.0,0.0
2025-01-13 21:15:00,MHImain,HKFE,18860.0,18942.0,18814.0,18818.0,6139.0,115845285.0,0.0
2025-01-14 01:15:00,MHImain,HKFE,18824.0,19154.0,18821.0,19149.0,31836.0,605936152.0,0.0
2025-01-14 11:00:00,MHImain,HKFE,19149.0,19365.0,19136.0,19259.0,36560.0,703754906.0,0.0
2025-01-14 17:15:00,MHImain,HKFE,19260.0,19267.0,19210.0,19231.0,2688.0,51712787.0,0.0
2025-01-14 21:15:00,MHImain,HKFE,19228.0,19310.0,19173.0,19185.0,8036.0,154489045.0,0.0
2025-01-15 01:15:00,MHImain,HKFE,19182.0,19349.0,19174.0,19303.0,27584.0,530885423.0,0.0
2025-01-15 11:00:00,MHImain,HKFE,19304.0,19315.0,19223.0,19302.0,16787.0,323607397.0,0.0
2025-01-15 17:15:00,MHImain,HKFE,19309.0,19345.0,19285.0,19324.0,2568.0,49615077.0,0.0
2025-01-15 21:15:00,MHImain,HKFE,19326.0,19495.0,19313.0,19393.0,11279.0,219036968.0,0.0
2025-01-16 01:15:00,MHImain,HKFE,19393.0,19710.0,19388.0,19476.0,37453.0,733467621.0,0.0
2025-01-16 11:00:00,MHImain,HKFE,19474.0,19578.0,19368.0,19560.0,28577.0,556757932.0,0.0
2025-01-16 17:15:00,MHImain,HKFE,19553.0,19553.0,19461.0,19478.0,3688.0,71931187.0,0.0
2025-01-16 21:15:00,MHImain,HKFE,19477.0,19504.0,19444.0,19497.0,4673.0,90994036.0,0.0
2025-01-17 01:15:00,MHImain,HKFE,19497.0,19609.0,19437.0,19500.0,26314.0,513764324.0,0.0
2025-01-17 11:00:00,MHImain,HKFE,19499.0,19679.0,19499.0,19599.0,22706.0,444951182.0,0.0
2025-01-17 17:15:00,MHImain,HKFE,19610.0,19627.0,19550.0,19563.0,2873.0,56272019.0,0.0
2025-01-17 21:15:00,MHImain,HKFE,19562.0,20008.0,19541.0,19890.0,23548.0,466396781.0,0.0
2025-01-18 01:15:00,MHImain,HKFE,19891.0,19894.0,19812.0,19843.0,2069.0,41056040.0,0.0
2025-01-20 01:15:00,MHImain,HKFE,19853.0,20098.0,19817.0,19969.0,34044.0,679247525.0,0.0
2025-01-20 11:00:00,MHImain,HKFE,19970.0,20148.0,19924.0,19952.0,29064.0,582136070.0,0.0
2025-01-20 17:15:00,MHImain,HKFE,19961.0,19968.0,19909.0,19930.0,3271.0,65217049.0,0.0
2025-01-20 21:15:00,MHImain,HKFE,19929.0,20409.0,19890.0,20275.0,23311.0,471660388.0,0.0
2025-01-21 01:15:00,MHImain,HKFE,20273.0,20317.0,19952.0,20036.0,37413.0,751567217.0,0.0
2025-01-21 11:00:00,MHImain,HKFE,20035.0,20260.0,20023.0,20165.0,31318.0,631333310.0,0.0
2025-01-21 17:15:00,MHImain,HKFE,20165.0,20165.0,20006.0,20020.0,6501.0,130498881.0,0.0
2025-01-21 21:15:00,MHImain,HKFE,20025.0,20092.0,19898.0,20021.0,10930.0,218405353.0,0.0
2025-01-22 01:15:00,MHImain,HKFE,20021.0,20073.0,19790.0,19919.0,31062.0,618853685.0,0.0
2025-01-22 11:00:00,MHImain,HKFE,19919.0,19939.0,19765.0,19843.0,22111.0,438361574.0,0.0
2025-01-22 17:15:00,MHImain,HKFE,19847.0,20025.0,19847.0,19958.0,8412.0,167997672.0,0.0
2025-01-22 21:15:00,MHImain,HKFE,19957.0,19960.0,19797.0,19897.0,8166.0,162289758.0,0.0
2025-01-23 01:15:00,MHImain,HKFE,19895.0,20083.0,19838.0,19883.0,33780.0,673702911.0,0.0
2025-01-23 11:00:00,MHImain,HKFE,19880.0,19916.0,19665.0,19730.0,27268.0,539035537.0,0.0
2025-01-23 17:15:00,MHImain,HKFE,19712.0,19749.0,19683.0,19723.0,2829.0,55782373.0,0.0
2025-01-23 21:15:00,MHImain,HKFE,19723.0,19822.0,19695.0,19778.0,5864.0,115808810.0,0.0
2025-01-24 01:15:00,MHImain,HKFE,19780.0,20133.0,19765.0,20124.0,37009.0,738474079.0,0.0
2025-01-24 11:00:00,MHImain,HKFE,20125.0,20175.0,20033.0,20102.0,26984.0,542338225.0,0.0
2025-01-24 17:15:00,MHImain,HKFE,20126.0,20163.0,20073.0,20095.0,1338.0,26915015.0,0.0
2025-01-24 21:15:00,MHImain,HKFE,20096.0,20224.0,20032.0,20205.0,3732.0,75122590.0,0.0
2025-01-25 01:15:00,MHImain,HKFE,20205.0,20234.0,20171.0,20179.0,593.0,11981493.0,0.0
2025-01-27 01:15:00,MHImain,HKFE,20128.0,20364.0,20093.0,20253.0,25027.0,507022643.0,0.0
2025-01-27 11:00:00,MHImain,HKFE,20251.0,20377.0,20215.0,20263.0,20224.0,410361911.0,0.0
2025-01-27 17:15:00,MHImain,HKFE,20263.0,20532.0,20248.0,20491.0,10812.0,220940126.0,0.0
2025-01-27 21:15:00,MHImain,HKFE,20490.0,20491.0,20293.0,20406.0,9847.0,200697271.0,0.0
2025-01-28 01:15:00,MHImain,HKFE,20406.0,20453.0,20228.0,20295.0,26124.0,530743907.0,0.0
2025-01-28 11:00:00,MHImain,HKFE,20292.0,20325.0,20279.0,20301.0,3606.0,73204815.0,0.0
2025-02-03 01:15:00,MHImain,HKFE,20043.0,20188.0,19785.0,19976.0,43206.0,862128772.0,0.0
2025-02-03 11:00:00,MHImain,HKFE,19973.0,20325.0,19966.0,20318.0,36272.0,731198436.0,0.0
2025-02-03 17:15:00,MHImain,HKFE,20312.0,20345.0,20255.0,20302.0,4758.0,96605447.0,0.0
2025-02-03 21:15:00,MHImain,HKFE,20304.0,20688.0,20226.0,20579.0,19919.0,408656933.0,0.0
2025-02-04 01:15:00,MHImain,HKFE,20573.0,20959.0,20473.0,20882.0,46551.0,964482521.0,0.0
2025-02-04 11:00:00,MHImain,HKFE,20884.0,20908.0,20333.0,20835.0,52821.0,1090947592.0,0.0
2025-02-04 17:15:00,MHImain,HKFE,20845.0,20862.0,20764.0,20800.0,5381.0,111915627.0,0.0
2025-02-04 21:15:00,MHImain,HKFE,20797.0,21075.0,20784.0,20998.0,12860.0,269291000.0,0.0
2025-02-05 01:15:00,MHImain,HKFE,20997.0,21018.0,20468.0,20714.0,43731.0,903180081.0,0.0
2025-02-05 11:00:00,MHImain,HKFE,20713.0,20773.0,20558.0,20646.0,29326.0,605709533.0,0.0
2025-02-05 17:15:00,MHImain,HKFE,20653.0,20730.0,20517.0,20699.0,6888.0,141995143.0,0.0
2025-02-05 21:15:00,MHImain,HKFE,20698.0,20723.0,20608.0,20665.0,10023.0,207129067.0,0.0
2025-02-06 01:15:00,MHImain,HKFE,20659.0,20833.0,20576.0,20826.0,33327.0,689156638.0,0.0
2025-02-06 11:00:00,MHImain,HKFE,20826.0,20957.0,20685.0,20942.0,33851.0,704474348.0,0.0
2025-02-06 17:15:00,MHImain,HKFE,20957.0,20998.0,20883.0,20899.0,5457.0,114310514.0,0.0
2025-02-06 21:15:00,MHImain,HKFE,20898.0,20998.0,20877.0,20895.0,8999.0,188393438.0,0.0
2025-02-07 01:15:00,MHImain,HKFE,20894.0,21168.0,20848.0,21141.0,39391.0,828302685.0,0.0
2025-02-07 11:00:00,MHImain,HKFE,21143.0,21275.0,20971.0,21219.0,45823.0,969283843.0,0.0
2025-02-07 17:15:00,MHImain,HKFE,21219.0,21337.0,21185.0,21234.0,9027.0,191882172.0,0.0
2025-02-07 21:15:00,MHImain,HKFE,21234.0,21436.0,21119.0,21217.0,24262.0,516226054.0,0.0
2025-02-08 01:15:00,MHImain,HKFE,21217.0,21233.0,21140.0,21149.0,3018.0,63929538.0,0.0
2025-02-10 01:15:00,MHImain,HKFE,21180.0,21580.0,21180.0,21491.0,47365.0,1015064937.0,0.0
2025-02-10 11:00:00,MHImain,HKFE,21493.0,21596.0,21420.0,21573.0,34855.0,750180634.0,0.0
2025-02-10 17:15:00,MHImain,HKFE,21567.0,21666.0,21548.0,21632.0,6684.0,144400061.0,0.0
2025-02-10 21:15:00,MHImain,HKFE,21632.0,21666.0,21484.0,21579.0,10752.0,232029143.0,0.0
2025-02-11 01:15:00,MHImain,HKFE,21578.0,21727.0,21391.0,21415.0,46448.0,1001323555.0,0.0
2025-02-11 11:00:00,MHImain,HKFE,21413.0,21533.0,21325.0,21335.0,36564.0,783702855.0,0.0
2025-02-11 17:15:00,MHImain,HKFE,21358.0,21420.0,21316.0,21376.0,4230.0,90423267.0,0.0
2025-02-11 21:15:00,MHImain,HKFE,21374.0,21647.0,21309.0,21585.0,17985.0,386733530.0,0.0
2025-02-12 01:15:00,MHImain,HKFE,21583.0,21794.0,21458.0,21778.0,50012.0,1082476774.0,0.0
2025-02-12 11:00:00,MHImain,HKFE,21779.0,21907.0,21615.0,21872.0,48592.0,1057903633.0,0.0
2025-02-12 17:15:00,MHImain,HKFE,21864.0,21972.0,21838.0,21904.0,8511.0,186498241.0,0.0
2025-02-12 21:15:00,MHImain,HKFE,21903.0,22106.0,21757.0,22105.0,20391.0,446427342.0,0.0
2025-02-13 01:15:00,MHImain,HKFE,22107.0,22218.0,21957.0,22115.0,51050.0,1128503240.0,0.0
2025-02-13 11:00:00,MHImain,HKFE,22113.0,22570.0,21767.0,21858.0,90720.0,2013900189.0,0.0
2025-02-13 17:15:00,MHImain,HKFE,21850.0,21855.0,21737.0,21798.0,8347.0,181950933.0,0.0
2025-02-13 21:15:00,MHImain,HKFE,21796.0,22007.0,21661.0,21948.0,18514.0,404144394.0,0.0
2025-02-14 01:15:00,MHImain,HKFE,21947.0,22353.0,21853.0,22307.0,49058.0,1088509053.0,0.0
2025-02-14 11:00:00,MHImain,HKFE,22310.0,22704.0,22145.0,22671.0,80661.0,1808032127.0,0.0
2025-02-14 17:15:00,MHImain,HKFE,22676.0,22691.0,22516.0,22609.0,7306.0,165183945.0,0.0
2025-02-14 21:15:00,MHImain,HKFE,22609.0,22658.0,22430.0,22527.0,16252.0,366271135.0,0.0
2025-02-15 01:15:00,MHImain,HKFE,22527.0,22580.0,22517.0,22517.0,1641.0,37003215.0,0.0
2025-02-17 01:15:00,MHImain,HKFE,22600.0,23000.0,22553.0,22773.0,68090.0,1551286488.0,0.0
2025-02-17 11:00:00,MHImain,HKFE,22771.0,22831.0,22359.0,22621.0,71016.0,1605472143.0,0.0
2025-02-17 17:15:00,MHImain,HKFE,22621.0,22676.0,22607.0,22645.0,3339.0,75594246.0,0.0
2025-02-17 21:15:00,MHImain,HKFE,22646.0,22751.0,22646.0,22710.0,3940.0,89444291.0,0.0
2025-02-18 01:15:00,MHImain,HKFE,22709.0,23077.0,22616.0,22978.0,59154.0,1351713815.0,0.0
2025-02-18 11:00:00,MHImain,HKFE,22978.0,23175.0,22727.0,23008.0,73857.0,1695377876.0,0.0
2025-02-18 17:15:00,MHImain,HKFE,23010.0,23024.0,22873.0,22880.0,5082.0,116452583.0,0.0
2025-02-18 21:15:00,MHImain,HKFE,22881.0,22912.0,22681.0,22776.0,13279.0,302461660.0,0.0
2025-02-19 01:15:00,MHImain,HKFE,22775.0,22995.0,22655.0,22950.0,48411.0,1105874791.0,0.0
2025-02-19 11:00:00,MHImain,HKFE,22952.0,22991.0,22792.0,22918.0,43633.0,999322726.0,0.0
2025-02-19 17:15:00,MHImain,HKFE,22926.0,22963.0,22775.0,22835.0,6923.0,158213021.0,0.0
2025-02-19 21:15:00,MHImain,HKFE,22835.0,22893.0,22691.0,22728.0,14575.0,332089395.0,0.0
2025-02-20 01:15:00,MHImain,HKFE,22732.0,22863.0,22459.0,22636.0,55841.0,1263900446.0,0.0
2025-02-20 11:00:00,MHImain,HKFE,22636.0,22796.0,22534.0,22598.0,43258.0,980443481.0,0.0
2025-02-20 17:15:00,MHImain,HKFE,22608.0,23030.0,22572.0,23014.0,18183.0,415535197.0,0.0
2025-02-20 21:15:00,MHImain,HKFE,23014.0,23330.0,22886.0,22895.0,35698.0,825241684.0,0.0
2025-02-21 01:15:00,MHImain,HKFE,22894.0,23228.0,22871.0,23218.0,53134.0,1225194437.0,0.0
2025-02-21 11:00:00,MHImain,HKFE,23218.0,23499.0,23163.0,23451.0,66664.0,1554694010.0,0.0
2025-02-21 17:15:00,MHImain,HKFE,23439.0,23540.0,23414.0,23486.0,7285.0,171062864.0,0.0
2025-02-21 21:15:00,MHImain,HKFE,23486.0,23719.0,23444.0,23589.0,26114.0,615653308.0,0.0
2025-02-22 01:15:00,MHImain,HKFE,23585.0,23610.0,23401.0,23402.0,4956.0,116417702.0,0.0
2025-02-24 01:15:00,MHImain,HKFE,23485.0,23685.0,23230.0,23458.0,57806.0,1358111187.0,0.0
2025-02-24 11:00:00,MHImain,HKFE,23458.0,23568.0,23247.0,23327.0,53097.0,1242259653.0,0.0
2025-02-24 17:15:00,MHImain,HKFE,23333.0,23376.0,23263.0,23301.0,4797.0,111820167.0,0.0
2025-02-24 21:15:00,MHImain,HKFE,23297.0,23312.0,22780.0,22842.0,23685.0,544435298.0,0.0
2025-02-25 01:15:00,MHImain,HKFE,22844.0,23163.0,22745.0,23148.0,51773.0,1187707322.0,0.0
2025-02-25 11:00:00,MHImain,HKFE,23151.0,23248.0,22894.0,23015.0,51185.0,1182371765.0,0.0
2025-02-25 17:15:00,MHImain,HKFE,23005.0,23203.0,22966.0,23187.0,6883.0,159199652.0,0.0
2025-02-25 21:15:00,MHImain,HKFE,23186.0,23209.0,22962.0,23138.0,13826.0,319384743.0,0.0
2025-02-26 01:15:00,MHImain,HKFE,23135.0,23693.0,23099.0,23677.0,44872.0,1052231303.0,0.0
2025-02-26 11:00:00,MHImain,HKFE,23677.0,23986.0,23533.0,23753.0,57638.0,1368194115.0,0.0
2025-02-26 17:15:00,MHImain,HKFE,23774.0,23805.0,23693.0,23759.0,4308.0,102325341.0,0.0
2025-02-26 21:15:00,MHImain,HKFE,23756.0,23886.0,23651.0,23804.0,9151.0,217473419.0,0.0
2025-02-27 01:15:00,MHImain,HKFE,23800.0,24055.0,23527.0,23631.0,62096.0,1477234196.0,0.0
2025-02-27 11:00:00,MHImain,HKFE,23633.0,23896.0,23453.0,23673.0,65463.0,1550121562.0,0.0
2025-02-27 17:15:00,MHImain,HKFE,23689.0,23914.0,23685.0,23887.0,9355.0,222715846.0,0.0
2025-02-27 21:15:00,MHImain,HKFE,23887.0,23900.0,23408.0,23660.0,39136.0,923631095.0,0.0
2025-02-28 01:15:00,MHImain,HKFE,23662.0,23737.0,23155.0,23237.0,61985.0,1449147313.0,0.0
2025-02-28 11:00:00,MHImain,HKFE,23240.0,23257.0,22778.0,22945.0,71385.0,1642390187.0,0.0
2025-02-28 17:15:00,MHImain,HKFE,22972.0,23043.0,22908.0,22997.0,8660.0,199012068.0,0.0
2025-02-28 21:15:00,MHImain,HKFE,22998.0,23087.0,22897.0,23024.0,16377.0,376898452.0,0.0
2025-03-01 01:15:00,MHImain,HKFE,23023.0,23043.0,22877.0,22919.0,4027.0,92455296.0,0.0
2025-03-03 01:15:00,MHImain,HKFE,23098.0,23374.0,22998.0,23271.0,55910.0,1297612119.0,0.0
2025-03-03 11:00:00,MHImain,HKFE,23272.0,23280.0,22837.0,22958.0,60651.0,1398220155.0,0.0
2025-03-03 17:15:00,MHImain,HKFE,22958.0,23094.0,22880.0,23051.0,7985.0,183660478.0,0.0
2025-03-03 21:15:00,MHImain,HKFE,23051.0,23117.0,22937.0,23057.0,13858.0,319174150.0,0.0
2025-03-04 01:15:00,MHImain,HKFE,23054.0,23064.0,22525.0,22755.0,58310.0,1322749242.0,0.0
2025-03-04 11:00:00,MHImain,HKFE,22756.0,23017.0,22754.0,22872.0,52152.0,1194642181.0,0.0
2025-03-04 17:15:00,MHImain,HKFE,22878.0,22946.0,22824.0,22827.0,6910.0,158077868.0,0.0
2025-03-04 21:15:00,MHImain,HKFE,22827.0,22918.0,22651.0,22916.0,18893.0,430405470.0,0.0
2025-03-05 01:15:00,MHImain,HKFE,22914.0,23503.0,22880.0,23085.0,61400.0,1428612645.0,0.0
2025-03-05 11:00:00,MHImain,HKFE,23085.0,23614.0,23057.0,23605.0,53210.0,1245246194.0,0.0
2025-03-05 17:15:00,MHImain,HKFE,23579.0,23642.0,23467.0,23488.0,10968.0,258196484.0,0.0
2025-03-05 21:15:00,MHImain,HKFE,23488.0,23857.0,23471.0,23842.0,26278.0,621862490.0,0.0
2025-03-06 01:15:00,MHImain,HKFE,23843.0,24234.0,23830.0,24220.0,57014.0,1373987502.0,0.0
2025-03-06 11:00:00,MHImain,HKFE,24219.0,24447.0,24185.0,24403.0,55568.0,1350413105.0,0.0
2025-03-06 17:15:00,MHImain,HKFE,24396.0,24501.0,24259.0,24333.0,14143.0,344473996.0,0.0
2025-03-06 21:15:00,MHImain,HKFE,24331.0,24388.0,24051.0,24090.0,27069.0,656173710.0,0.0
2025-03-07 01:15:00,MHImain,HKFE,24091.0,24474.0,24048.0,24376.0,52679.0,1277426920.0,0.0
2025-03-07 11:00:00,MHImain,HKFE,24375.0,24697.0,24176.0,24232.0,75545.0,1843897930.0,0.0
2025-03-07 17:15:00,MHImain,HKFE,24240.0,24260.0,24120.0,24122.0,6954.0,168271743.0,0.0
2025-03-07 21:15:00,MHImain,HKFE,24122.0,24331.0,24002.0,24024.0,25183.0,608763399.0,0.0
2025-03-08 01:15:00,MHImain,HKFE,24027.0,24146.0,23981.0,24146.0,3561.0,85672424.0,0.0
2025-03-10 01:15:00,MHImain,HKFE,24090.0,24327.0,23870.0,23878.0,53054.0,1278284179.0,0.0
2025-03-10 11:00:00,MHImain,HKFE,23877.0,23924.0,23655.0,23744.0,55232.0,1313891875.0,0.0
2025-03-10 17:15:00,MHImain,HKFE,23741.0,23765.0,23571.0,23680.0,10601.0,250932384.0,0.0
2025-03-10 21:15:00,MHImain,HKFE,23676.0,23716.0,23386.0,23437.0,20410.0,480385562.0,0.0
2025-03-11 01:15:00,MHImain,HKFE,23437.0,23749.0,23243.0,23583.0,61247.0,1439845171.0,0.0
2025-03-11 11:00:00,MHImain,HKFE,23583.0,23887.0,23516.0,23797.0,54223.0,1283733751.0,0.0
2025-03-11 17:15:00,MHImain,HKFE,23815.0,23946.0,23802.0,23845.0,9949.0,237472858.0,0.0
2025-03-11 21:15:00,MHImain,HKFE,23845.0,23960.0,23563.0,23608.0,21888.0,519422387.0,0.0
2025-03-12 01:15:00,MHImain,HKFE,23608.0,23975.0,23566.0,23831.0,53239.0,1267662903.0,0.0
2025-03-12 11:00:00,MHImain,HKFE,23828.0,23863.0,23382.0,23637.0,60767.0,1436094108.0,0.0
2025-03-12 17:15:00,MHImain,HKFE,23648.0,23831.0,23642.0,23686.0,8000.0,189600129.0,0.0
2025-03-12 21:15:00,MHImain,HKFE,23686.0,23695.0,23450.0,23610.0,16512.0,389083225.0,0.0
2025-03-13 01:15:00,MHImain,HKFE,23607.0,23743.0,23473.0,23722.0,50197.0,1184652954.0,0.0
2025-03-13 11:00:00,MHImain,HKFE,23722.0,23747.0,23212.0,23490.0,63240.0,1481262868.0,0.0
2025-03-13 17:15:00,MHImain,HKFE,23496.0,23574.0,23406.0,23424.0,7161.0,168207360.0,0.0
2025-03-13 21:15:00,MHImain,HKFE,23426.0,23755.0,23409.0,23710.0,19172.0,453319169.0,0.0
2025-03-14 01:15:00,MHImain,HKFE,23710.0,23938.0,23502.0,23911.0,54134.0,1284914099.0,0.0
2025-03-14 11:00:00,MHImain,HKFE,23908.0,24145.0,23908.0,24056.0,54394.0,1306870689.0,0.0
2025-03-14 17:15:00,MHImain,HKFE,24055.0,24257.0,24041.0,24219.0,9338.0,225833097.0,0.0
2025-03-14 21:15:00,MHImain,HKFE,24219.0,24285.0,24129.0,24211.0,13754.0,332750177.0,0.0
2025-03-15 01:15:00,MHImain,HKFE,24210.0,24238.0,24194.0,24213.0,1207.0,29229641.0,0.0
2025-03-17 01:15:00,MHImain,HKFE,24275.0,24384.0,24104.0,24378.0,50369.0,1221581612.0,0.0
2025-03-17 11:00:00,MHImain,HKFE,24378.0,24384.0,24092.0,24192.0,41617.0,1008748899.0,0.0
2025-03-17 17:15:00,MHImain,HKFE,24193.0,24281.0,24138.0,24246.0,4617.0,111865313.0,0.0
2025-03-17 21:15:00,MHImain,HKFE,24246.0,24687.0,24228.0,24685.0,20138.0,493706531.0,0.0
2025-03-18 01:15:00,MHImain,HKFE,24686.0,24768.0,24516.0,24674.0,47354.0,1166866797.0,0.0
2025-03-18 11:00:00,MHImain,HKFE,24678.0,24799.0,24566.0,24797.0,45255.0,1116983062.0,0.0
2025-03-18 17:15:00,MHImain,HKFE,24789.0,24869.0,24695.0,24736.0,9281.0,229981026.0,0.0
2025-03-18 21:15:00,MHImain,HKFE,24734.0,24805.0,24609.0,24710.0,16465.0,406850958.0,0.0
2025-03-19 01:15:00,MHImain,HKFE,24708.0,24839.0,24629.0,24778.0,46642.0,1153359012.0,0.0
2025-03-19 11:00:00,MHImain,HKFE,24779.0,24912.0,24715.0,24722.0,40974.0,1015954083.0,0.0
2025-03-19 17:15:00,MHImain,HKFE,24736.0,24928.0,24736.0,24816.0,8396.0,208703832.0,0.0
2025-03-19 21:15:00,MHImain,HKFE,24819.0,24851.0,24591.0,24616.0,16096.0,397267087.0,0.0
2025-03-20 01:15:00,MHImain,HKFE,24614.0,24782.0,24373.0,24545.0,51007.0,1251597790.0,0.0
2025-03-20 11:00:00,MHImain,HKFE,24542.0,24623.0,24188.0,24188.0,47118.0,1149486566.0,0.0
2025-03-20 17:15:00,MHImain,HKFE,24190.0,24190.0,24044.0,24055.0,11634.0,280493556.0,0.0
2025-03-20 21:15:00,MHImain,HKFE,24061.0,24160.0,23984.0,24047.0,15615.0,375755186.0,0.0
2025-03-21 01:15:00,MHImain,HKFE,24049.0,24252.0,23845.0,23847.0,50578.0,1218911584.0,0.0
2025-03-21 11:00:00,MHImain,HKFE,23848.0,23880.0,23600.0,23616.0,59809.0,1420136244.0,0.0
2025-03-21 17:15:00,MHImain,HKFE,23621.0,23696.0,23551.0,23610.0,7210.0,170331183.0,0.0
2025-03-21 21:15:00,MHImain,HKFE,23610.0,23692.0,23524.0,23668.0,12379.0,292139881.0,0.0
2025-03-22 01:15:00,MHImain,HKFE,23665.0,23703.0,23626.0,23661.0,1250.0,29583887.0,0.0
2025-03-24 01:15:00,MHImain,HKFE,23722.0,23783.0,23550.0,23602.0,42345.0,1002540001.0,0.0
2025-03-24 11:00:00,MHImain,HKFE,23603.0,23978.0,23590.0,23965.0,46512.0,1104823532.0,0.0
2025-03-24 17:15:00,MHImain,HKFE,23952.0,23952.0,23726.0,23745.0,8321.0,198065819.0,0.0
2025-03-24 21:15:00,MHImain,HKFE,23747.0,23770.0,23597.0,23616.0,11374.0,269366030.0,0.0
2025-03-25 01:15:00,MHImain,HKFE,23616.0,23756.0,23328.0,23395.0,44971.0,1059214134.0,0.0
2025-03-25 11:00:00,MHImain,HKFE,23392.0,23518.0,23322.0,23345.0,38676.0,905855881.0,0.0
2025-03-25 17:15:00,MHImain,HKFE,23337.0,23540.0,23317.0,23519.0,7108.0,166824431.0,0.0
2025-03-25 21:15:00,MHImain,HKFE,23520.0,23663.0,23485.0,23539.0,12400.0,292258149.0,0.0
2025-03-26 01:15:00,MHImain,HKFE,23540.0,23609.0,23364.0,23456.0,41035.0,963809048.0,0.0
2025-03-26 11:00:00,MHImain,HKFE,23453.0,23545.0,23366.0,23457.0,34864.0,817511320.0,0.0
2025-03-26 17:15:00,MHImain,HKFE,23455.0,23503.0,23413.0,23500.0,3386.0,79429010.0,0.0
2025-03-26 21:15:00,MHImain,HKFE,23500.0,23612.0,23373.0,23470.0,13637.0,320471900.0,0.0
2025-03-27 01:15:00,MHImain,HKFE,23468.0,23894.0,23400.0,23827.0,51482.0,1215899467.0,0.0
2025-03-27 11:00:00,MHImain,HKFE,23828.0,23832.0,23564.0,23624.0,34035.0,806516896.0,0.0
2025-03-27 17:15:00,MHImain,HKFE,23669.0,23738.0,23642.0,23647.0,3229.0,76496422.0,0.0
2025-03-27 21:15:00,MHImain,HKFE,23644.0,23881.0,23617.0,23835.0,8038.0,191164727.0,0.0
2025-03-28 01:15:00,MHImain,HKFE,23833.0,23850.0,23450.0,23492.0,39292.0,930285590.0,0.0
2025-03-28 11:00:00,MHImain,HKFE,23493.0,23562.0,23298.0,23424.0,47378.0,1110194794.0,0.0
2025-03-28 17:15:00,MHImain,HKFE,23433.0,23479.0,23337.0,23439.0,5482.0,128239056.0,0.0
2025-03-28 21:15:00,MHImain,HKFE,23438.0,23465.0,23224.0,23271.0,13887.0,323952456.0,0.0
2025-03-29 01:15:00,MHImain,HKFE,23271.0,23307.0,23248.0,23286.0,1660.0,38631097.0,0.0
2025-03-31 01:15:00,MHImain,HKFE,23150.0,23432.0,23144.0,23176.0,47097.0,1096871008.0,0.0
2025-03-31 11:00:00,MHImain,HKFE,23177.0,23285.0,23032.0,23160.0,50852.0,1177020005.0,0.0
2025-03-31 17:15:00,MHImain,HKFE,23145.0,23158.0,23015.0,23091.0,6116.0,141098849.0,0.0
2025-03-31 21:15:00,MHImain,HKFE,23090.0,23225.0,22987.0,23215.0,12749.0,294607794.0,0.0
2025-04-01 01:15:00,MHImain,HKFE,23212.0,23425.0,23176.0,23338.0,48688.0,1135236132.0,0.0
2025-04-01 11:00:00,MHImain,HKFE,23338.0,23489.0,23147.0,23259.0,52551.0,1223509774.0,0.0
2025-04-01 17:15:00,MHImain,HKFE,23260.0,23304.0,23113.0,23181.0,6235.0,144633040.0,0.0
2025-04-01 21:15:00,MHImain,HKFE,23179.0,23309.0,23067.0,23219.0,13468.0,312212953.0,0.0
2025-04-02 01:15:00,MHImain,HKFE,23218.0,23400.0,22970.0,23309.0,51603.0,1196320490.0,0.0
2025-04-02 11:00:00,MHImain,HKFE,23312.0,23369.0,23115.0,23237.0,37869.0,879228140.0,0.0
2025-04-02 17:15:00,MHImain,HKFE,23213.0,23260.0,23070.0,23190.0,7012.0,162445380.0,0.0
2025-04-02 21:15:00,MHImain,HKFE,23190.0,23222.0,23079.0,23175.0,10023.0,231896241.0,0.0
2025-04-03 01:15:00,MHImain,HKFE,23171.0,23172.0,22520.0,22838.0,57930.0,1321358765.0,0.0
2025-04-03 11:00:00,MHImain,HKFE,22837.0,22884.0,22660.0,22800.0,42311.0,964312758.0,0.0
2025-04-03 17:15:00,MHImain,HKFE,22797.0,22815.0,22593.0,22624.0,10688.0,242641997.0,0.0
2025-04-03 21:15:00,MHImain,HKFE,22622.0,22822.0,22617.0,22772.0,15063.0,342533439.0,0.0
2025-04-04 01:15:00,MHImain,HKFE,22773.0,22808.0,22736.0,22775.0,1376.0,31331311.0,0.0
2025-04-07 01:15:00,MHImain,HKFE,21155.0,21206.0,20511.0,20693.0,82636.0,1718453035.0,0.0
2025-04-07 11:00:00,MHImain,HKFE,20692.0,20721.0,19420.0,19760.0,130944.0,2636538642.0,0.0
2025-04-07 17:15:00,MHImain,HKFE,19776.0,20278.0,19636.0,20060.0,28541.0,571655975.0,0.0
2025-04-07 21:15:00,MHImain,HKFE,20059.0,20680.0,19310.0,19593.0,84593.0,1696146672.0,0.0
2025-04-08 01:15:00,MHImain,HKFE,19594.0,20433.0,19515.0,20078.0,92138.0,1858283517.0,0.0
2025-04-08 11:00:00,MHImain,HKFE,20078.0,20267.0,19708.0,19922.0,88211.0,1763786884.0,0.0
2025-04-08 17:15:00,MHImain,HKFE,19939.0,20271.0,19787.0,20182.0,19248.0,384737847.0,0.0
2025-04-08 21:15:00,MHImain,HKFE,20185.0,20290.0,19459.0,19516.0,35058.0,700074744.0,0.0
2025-04-09 01:15:00,MHImain,HKFE,19515.0,19969.0,19050.0,19906.0,94876.0,1857184129.0,0.0
2025-04-09 11:00:00,MHImain,HKFE,19910.0,20427.0,19607.0,20180.0,107374.0,2147249338.0,0.0
2025-04-09 17:15:00,MHImain,HKFE,20185.0,20217.0,19479.0,19725.0,36757.0,726005931.0,0.0
2025-04-09 21:15:00,MHImain,HKFE,19714.0,20019.0,19563.0,19876.0,33847.0,669749253.0,0.0
2025-04-10 01:15:00,MHImain,HKFE,19880.0,21208.0,19705.0,20805.0,101075.0,2092132996.0,0.0
2025-04-10 11:00:00,MHImain,HKFE,20804.0,20928.0,20500.0,20697.0,73034.0,1515643785.0,0.0
2025-04-10 17:15:00,MHImain,HKFE,20682.0,20781.0,20513.0,20603.0,14312.0,295282754.0,0.0
2025-04-10 21:15:00,MHImain,HKFE,20601.0,20669.0,20172.0,20329.0,27195.0,556262097.0,0.0
2025-04-11 01:15:00,MHImain,HKFE,20324.0,20723.0,20282.0,20537.0,51617.0,1060972523.0,0.0
2025-04-11 11:00:00,MHImain,HKFE,20539.0,21141.0,20524.0,20851.0,66295.0,1385463331.0,0.0
2025-04-11 17:15:00,MHImain,HKFE,20831.0,21114.0,20777.0,20866.0,12536.0,262643595.0,0.0
2025-04-11 21:15:00,MHImain,HKFE,20867.0,20993.0,20681.0,20964.0,20161.0,419632828.0,0.0
2025-04-12 01:15:00,MHImain,HKFE,20968.0,21093.0,20932.0,21075.0,2948.0,61986471.0,0.0
2025-04-14 01:15:00,MHImain,HKFE,21330.0,21523.0,21219.0,21494.0,43563.0,931222286.0,0.0
2025-04-14 11:00:00,MHImain,HKFE,21494.0,21530.0,21279.0,21406.0,35781.0,765396651.0,0.0
2025-04-14 17:15:00,MHImain,HKFE,21390.0,21480.0,21362.0,21434.0,4308.0,92284658.0,0.0
2025-04-14 21:15:00,MHImain,HKFE,21433.0,21683.0,21385.0,21527.0,19837.0,427325620.0,0.0
2025-04-15 01:15:00,MHImain,HKFE,21528.0,21618.0,21351.0,21399.0,37506.0,804526924.0,0.0
2025-04-15 11:00:00,MHImain,HKFE,21397.0,21504.0,21295.0,21474.0,32237.0,690387353.0,0.0
2025-04-15 17:15:00,MHImain,HKFE,21484.0,21570.0,21469.0,21488.0,5111.0,109966273.0,0.0
2025-04-15 21:15:00,MHImain,HKFE,21492.0,21534.0,21388.0,21463.0,10246.0,219910678.0,0.0
2025-04-16 01:15:00,MHImain,HKFE,21462.0,21477.0,21012.0,21059.0,34873.0,738643002.0,0.0
2025-04-16 11:00:00,MHImain,HKFE,21061.0,21271.0,20854.0,21201.0,46210.0,970457775.0,0.0
2025-04-16 17:15:00,MHImain,HKFE,21223.0,21364.0,21201.0,21206.0,8804.0,187476444.0,0.0
2025-04-16 21:15:00,MHImain,HKFE,21207.0,21298.0,21121.0,21223.0,8776.0,186102109.0,0.0
2025-04-17 01:15:00,MHImain,HKFE,21222.0,21341.0,21001.0,21332.0,34768.0,737673031.0,0.0
2025-04-17 11:00:00,MHImain,HKFE,21334.0,21452.0,21270.0,21431.0,27966.0,597149297.0,0.0
2025-04-17 17:15:00,MHImain,HKFE,21407.0,21488.0,21342.0,21370.0,4849.0,103725215.0,0.0
2025-04-17 21:15:00,MHImain,HKFE,21369.0,21412.0,21194.0,21226.0,10418.0,221585344.0,0.0
2025-04-18 01:15:00,MHImain,HKFE,21223.0,21334.0,21206.0,21290.0,1615.0,34366384.0,0.0
2025-04-22 01:15:00,MHImain,HKFE,21200.0,21470.0,21180.0,21405.0,34555.0,736746823.0,0.0
2025-04-22 11:00:00,MHImain,HKFE,21403.0,21604.0,21296.0,21581.0,33454.0,718647095.0,0.0
2025-04-22 17:15:00,MHImain,HKFE,21593.0,21636.0,21535.0,21630.0,4146.0,89511128.0,0.0
2025-04-22 21:15:00,MHImain,HKFE,21630.0,21876.0,21564.0,21738.0,10468.0,227080118.0,0.0
2025-04-23 01:15:00,MHImain,HKFE,21737.0,22192.0,21650.0,22032.0,37258.0,818682933.0,0.0
2025-04-23 11:00:00,MHImain,HKFE,22031.0,22169.0,22012.0,22168.0,32022.0,707103103.0,0.0
2025-04-23 17:15:00,MHImain,HKFE,22171.0,22207.0,22117.0,22159.0,3551.0,78678864.0,0.0
2025-04-23 21:15:00,MHImain,HKFE,22165.0,22403.0,22073.0,22118.0,21626.0,481041337.0,0.0
2025-04-24 01:15:00,MHImain,HKFE,22116.0,22123.0,21846.0,21859.0,32445.0,713899829.0,0.0
2025-04-24 11:00:00,MHImain,HKFE,21858.0,21921.0,21723.0,21904.0,27935.0,609604293.0,0.0
2025-04-24 17:15:00,MHImain,HKFE,21905.0,22015.0,21886.0,21993.0,4270.0,93791276.0,0.0
2025-04-24 21:15:00,MHImain,HKFE,21996.0,22186.0,21960.0,22159.0,9015.0,199059948.0,0.0
2025-04-25 01:15:00,MHImain,HKFE,22158.0,22250.0,22014.0,22196.0,34653.0,766367946.0,0.0
2025-04-25 11:00:00,MHImain,HKFE,22195.0,22287.0,21925.0,22010.0,36946.0,817155379.0,0.0
2025-04-25 17:15:00,MHImain,HKFE,22005.0,22066.0,21929.0,22011.0,4518.0,99342858.0,0.0
2025-04-25 21:15:00,MHImain,HKFE,22015.0,22099.0,21964.0,22084.0,6515.0,143533442.0,0.0
2025-04-26 01:15:00,MHImain,HKFE,22084.0,22104.0,21997.0,22061.0,1889.0,41657529.0,0.0
2025-04-28 01:15:00,MHImain,HKFE,22058.0,22123.0,21802.0,21905.0,26007.0,570065409.0,0.0
2025-04-28 11:00:00,MHImain,HKFE,21905.0,22056.0,21897.0,21969.0,21107.0,464108404.0,0.0
2025-04-28 17:15:00,MHImain,HKFE,21886.0,21971.0,21886.0,21944.0,1068.0,23429712.0,0.0
2025-04-28 21:15:00,MHImain,HKFE,21944.0,22018.0,21880.0,21909.0,3039.0,66697368.0,0.0
2025-04-29 01:15:00,MHImain,HKFE,21907.0,22140.0,21848.0,21979.0,30510.0,671387775.0,0.0
2025-04-29 11:00:00,MHImain,HKFE,21981.0,22014.0,21844.0,21930.0,21752.0,476856860.0,0.0
2025-04-29 17:15:00,MHImain,HKFE,21929.0,21953.0,21846.0,21937.0,3637.0,79645795.0,0.0
2025-04-29 21:15:00,MHImain,HKFE,21935.0,21993.0,21914.0,21940.0,5401.0,118544420.0,0.0
2025-04-30 01:15:00,MHImain,HKFE,21941.0,22004.0,21776.0,21854.0,30104.0,658871678.0,0.0
2025-04-30 11:00:00,MHImain,HKFE,21851.0,22096.0,21850.0,22084.0,28111.0,618418286.0,0.0
2025-04-30 17:15:00,MHImain,HKFE,22081.0,22105.0,21945.0,21955.0,4107.0,90475872.0,0.0
2025-04-30 21:15:00,MHImain,HKFE,21953.0,21982.0,21795.0,21831.0,9291.0,203136416.0,0.0
2025-05-01 01:15:00,MHImain,HKFE,21832.0,21994.0,21832.0,21941.0,2735.0,59965800.0,0.0
2025-05-02 01:15:00,MHImain,HKFE,22060.0,22424.0,21984.0,22314.0,40307.0,895832531.0,0.0
2025-05-02 11:00:00,MHImain,HKFE,22318.0,22481.0,22262.0,22416.0,25821.0,578615185.0,0.0
2025-05-02 17:15:00,MHImain,HKFE,22411.0,22622.0,22409.0,22585.0,5187.0,116737134.0,0.0
2025-05-02 21:15:00,MHImain,HKFE,22584.0,22632.0,22428.0,22567.0,10607.0,238884388.0,0.0
2025-05-03 01:15:00,MHImain,HKFE,22571.0,22620.0,22569.0,22600.0,1122.0,25350326.0,0.0
2025-05-06 01:15:00,MHImain,HKFE,22575.0,22602.0,22352.0,22545.0,37946.0,853547145.0,0.0
2025-05-06 11:00:00,MHImain,HKFE,22544.0,22676.0,22520.0,22533.0,26795.0,605391518.0,0.0
2025-05-06 17:15:00,MHImain,HKFE,22530.0,22824.0,22386.0,22821.0,12805.0,289765721.0,0.0
2025-05-06 21:15:00,MHImain,HKFE,22825.0,22940.0,22750.0,22864.0,10484.0,239553817.0,0.0
2025-05-07 01:15:00,MHImain,HKFE,22865.0,23180.0,22795.0,22844.0,41314.0,949241840.0,0.0
2025-05-07 11:00:00,MHImain,HKFE,22840.0,22849.0,22558.0,22600.0,32898.0,746921781.0,0.0
2025-05-07 17:15:00,MHImain,HKFE,22604.0,22622.0,22534.0,22563.0,4029.0,90960693.0,0.0
2025-05-07 21:15:00,MHImain,HKFE,22561.0,22587.0,22449.0,22533.0,7199.0,162012415.0,0.0
2025-05-08 01:15:00,MHImain,HKFE,22532.0,22847.0,22435.0,22837.0,34571.0,784465878.0,0.0
2025-05-08 11:00:00,MHImain,HKFE,22839.0,22910.0,22644.0,22736.0,30880.0,703252078.0,0.0
2025-05-08 17:15:00,MHImain,HKFE,22746.0,22763.0,22686.0,22747.0,3668.0,83356477.0,0.0
2025-05-08 21:15:00,MHImain,HKFE,22748.0,22799.0,22590.0,22761.0,10221.0,231828175.0,0.0
2025-05-09 01:15:00,MHImain,HKFE,22762.0,22819.0,22656.0,22664.0,30638.0,696616160.0,0.0
2025-05-09 11:00:00,MHImain,HKFE,22664.0,22800.0,22596.0,22790.0,23957.0,543981694.0,0.0
2025-05-09 17:15:00,MHImain,HKFE,22794.0,22900.0,22778.0,22891.0,5408.0,123532242.0,0.0
2025-05-09 21:15:00,MHImain,HKFE,22893.0,22901.0,22731.0,22733.0,6709.0,153083533.0,0.0
2025-05-10 01:15:00,MHImain,HKFE,22733.0,22773.0,22715.0,22765.0,1066.0,24251661.0,0.0
2025-05-12 01:15:00,MHImain,HKFE,23050.0,23198.0,22926.0,22994.0,34396.0,792966730.0,0.0
2025-05-12 11:00:00,MHImain,HKFE,22995.0,23630.0,22894.0,23399.0,61745.0,1438786887.0,0.0
2025-05-12 17:15:00,MHImain,HKFE,23408.0,23509.0,23353.0,23451.0,6098.0,142766882.0,0.0
2025-05-12 21:15:00,MHImain,HKFE,23450.0,23498.0,23282.0,23404.0,9925.0,232002777.0,0.0
2025-05-13 01:15:00,MHImain,HKFE,23404.0,23410.0,23090.0,23126.0,31109.0,722205774.0,0.0
2025-05-13 11:00:00,MHImain,HKFE,23126.0,23149.0,22986.0,23030.0,25667.0,592300336.0,0.0
2025-05-13 17:15:00,MHImain,HKFE,23015.0,23169.0,22958.0,23104.0,5626.0,129702145.0,0.0
2025-05-13 21:15:00,MHImain,HKFE,23100.0,23322.0,23077.0,23295.0,10533.0,244364294.0,0.0
2025-05-14 01:15:00,MHImain,HKFE,23295.0,23375.0,23195.0,23290.0,32120.0,747686777.0,0.0
2025-05-14 11:00:00,MHImain,HKFE,23288.0,23566.0,23262.0,23521.0,34300.0,804026203.0,0.0
2025-05-14 17:15:00,MHImain,HKFE,23530.0,23625.0,23486.0,23596.0,6067.0,142914536.0,0.0
2025-05-14 21:15:00,MHImain,HKFE,23596.0,23642.0,23496.0,23551.0,7974.0,187909033.0,0.0
2025-05-15 01:15:00,MHImain,HKFE,23560.0,23652.0,23432.0,23550.0,32580.0,766765364.0,0.0
2025-05-15 11:00:00,MHImain,HKFE,23552.0,23565.0,23313.0,23377.0,27618.0,646771202.0,0.0
2025-05-15 17:15:00,MHImain,HKFE,23375.0,23428.0,23268.0,23342.0,6172.0,143950922.0,0.0
2025-05-15 21:15:00,MHImain,HKFE,23340.0,23341.0,23131.0,23206.0,10491.0,243591733.0,0.0
2025-05-16 01:15:00,MHImain,HKFE,23208.0,23287.0,23133.0,23195.0,30231.0,701583277.0,0.0
2025-05-16 11:00:00,MHImain,HKFE,23195.0,23335.0,23193.0,23268.0,21469.0,499690931.0,0.0
2025-05-16 17:15:00,MHImain,HKFE,23261.0,23303.0,23229.0,23250.0,2147.0,49962340.0,0.0
2025-05-16 21:15:00,MHImain,HKFE,23250.0,23275.0,23192.0,23251.0,4267.0,99130445.0,0.0
2025-05-17 01:15:00,MHImain,HKFE,23250.0,23275.0,23231.0,23269.0,585.0,13604320.0,0.0
2025-05-19 01:15:00,MHImain,HKFE,23119.0,23232.0,22995.0,23206.0,30150.0,696748912.0,0.0
2025-05-19 11:00:00,MHImain,HKFE,23207.0,23356.0,23145.0,23273.0,22608.0,525646285.0,0.0
2025-05-19 17:15:00,MHImain,HKFE,23258.0,23276.0,23198.0,23204.0,3290.0,76461327.0,0.0
2025-05-19 21:15:00,MHImain,HKFE,23201.0,23393.0,23193.0,23380.0,5675.0,132183534.0,0.0
2025-05-20 01:15:00,MHImain,HKFE,23379.0,23553.0,23287.0,23515.0,28970.0,679298513.0,0.0
2025-05-20 11:00:00,MHImain,HKFE,23514.0,23661.0,23497.0,23612.0,24076.0,568183812.0,0.0
2025-05-20 17:15:00,MHImain,HKFE,23612.0,23675.0,23585.0,23639.0,3129.0,73949882.0,0.0
2025-05-20 21:15:00,MHImain,HKFE,23639.0,23694.0,23598.0,23693.0,5038.0,119106203.0,0.0
2025-05-21 01:15:00,MHImain,HKFE,23692.0,23848.0,23637.0,23833.0,31406.0,746201988.0,0.0
2025-05-21 11:00:00,MHImain,HKFE,23833.0,23885.0,23700.0,23778.0,24998.0,594557071.0,0.0
2025-05-21 17:15:00,MHImain,HKFE,23760.0,23846.0,23734.0,23829.0,3115.0,74098952.0,0.0
2025-05-21 21:15:00,MHImain,HKFE,23836.0,23871.0,23724.0,23783.0,6139.0,146015211.0,0.0
2025-05-22 01:15:00,MHImain,HKFE,23772.0,23773.0,23556.0,23568.0,29969.0,709062496.0,0.0
2025-05-22 11:00:00,MHImain,HKFE,23570.0,23714.0,23423.0,23506.0,28956.0,682219722.0,0.0
2025-05-22 17:15:00,MHImain,HKFE,23494.0,23508.0,23420.0,23478.0,3042.0,71363831.0,0.0
2025-05-22 21:15:00,MHImain,HKFE,23478.0,23514.0,23406.0,23464.0,4769.0,111890311.0,0.0
2025-05-23 01:15:00,MHImain,HKFE,23464.0,23653.0,23453.0,23649.0,25770.0,607233675.0,0.0
2025-05-23 11:00:00,MHImain,HKFE,23649.0,23714.0,23445.0,23550.0,30636.0,722384291.0,0.0
2025-05-23 17:15:00,MHImain,HKFE,23545.0,23572.0,23266.0,23316.0,9089.0,212677327.0,0.0
2025-05-23 21:15:00,MHImain,HKFE,23316.0,23502.0,23301.0,23480.0,7326.0,171704894.0,0.0
2025-05-24 01:15:00,MHImain,HKFE,23478.0,23509.0,23468.0,23479.0,811.0,19049457.0,0.0
2025-05-26 01:15:00,MHImain,HKFE,23506.0,23575.0,23352.0,23400.0,34155.0,801162311.0,0.0
2025-05-26 11:00:00,MHImain,HKFE,23398.0,23404.0,23186.0,23204.0,31871.0,741836252.0,0.0
2025-05-27 01:15:00,MHImain,HKFE,23223.0,23335.0,23143.0,23182.0,30705.0,713833871.0,0.0
2025-05-27 11:00:00,MHImain,HKFE,23183.0,23370.0,23121.0,23286.0,32647.0,759453793.0,0.0
2025-05-27 17:15:00,MHImain,HKFE,23290.0,23368.0,23281.0,23340.0,3844.0,89658300.0,0.0
2025-05-27 21:15:00,MHImain,HKFE,23339.0,23361.0,23288.0,23317.0,3257.0,75957731.0,0.0
2025-05-28 01:15:00,MHImain,HKFE,23314.0,23443.0,23234.0,23265.0,24879.0,580611774.0,0.0
2025-05-28 11:00:00,MHImain,HKFE,23266.0,23269.0,23138.0,23237.0,20521.0,476276163.0,0.0
2025-05-28 17:15:00,MHImain,HKFE,23127.0,23141.0,23062.0,23062.0,1990.0,45971016.0,0.0
2025-05-28 21:15:00,MHImain,HKFE,23061.0,23068.0,22968.0,23011.0,3394.0,78091077.0,0.0
2025-05-29 01:15:00,MHImain,HKFE,23009.0,23275.0,22988.0,23215.0,32925.0,763411623.0,0.0
2025-05-29 11:00:00,MHImain,HKFE,23215.0,23477.0,23175.0,23363.0,35055.0,818400511.0,0.0
2025-05-29 17:15:00,MHImain,HKFE,23365.0,23389.0,23261.0,23318.0,4296.0,100152124.0,0.0
2025-05-29 21:15:00,MHImain,HKFE,23318.0,23345.0,23154.0,23225.0,7091.0,164665132.0,0.0
2025-05-30 01:15:00,MHImain,HKFE,23222.0,23240.0,23014.0,23064.0,24801.0,573257852.0,0.0
2025-05-30 11:00:00,MHImain,HKFE,23065.0,23192.0,23020.0,23178.0,23171.0,535062916.0,0.0
2025-05-30 17:15:00,MHImain,HKFE,23178.0,23222.0,22998.0,23006.0,5791.0,133747506.0,0.0
2025-05-30 21:15:00,MHImain,HKFE,23008.0,23029.0,22810.0,22872.0,8207.0,188267162.0,0.0
2025-05-31 01:15:00,MHImain,HKFE,22874.0,22920.0,22848.0,22911.0,1415.0,32379236.0,0.0
2025-06-02 01:15:00,MHImain,HKFE,22909.0,22936.0,22521.0,22561.0,32378.0,734487895.0,0.0
2025-06-02 11:00:00,MHImain,HKFE,22561.0,23053.0,22514.0,23031.0,39446.0,899662989.0,0.0
2025-06-02 17:15:00,MHImain,HKFE,23018.0,23080.0,22987.0,23056.0,3124.0,71988556.0,0.0
2025-06-02 21:15:00,MHImain,HKFE,23056.0,23126.0,22972.0,23105.0,7461.0,171975063.0,0.0
2025-06-03 01:15:00,MHImain,HKFE,23104.0,23376.0,23086.0,23372.0,32752.0,762108207.0,0.0
2025-06-03 11:00:00,MHImain,HKFE,23371.0,23414.0,23240.0,23363.0,26871.0,627147401.0,0.0
2025-06-03 17:15:00,MHImain,HKFE,23364.0,23410.0,23335.0,23404.0,2839.0,66359445.0,0.0
2025-06-03 21:15:00,MHImain,HKFE,23405.0,23405.0,23268.0,23381.0,6805.0,158783121.0,0.0
2025-06-04 01:15:00,MHImain,HKFE,23381.0,23585.0,23348.0,23504.0,30962.0,727129450.0,0.0
2025-06-04 11:00:00,MHImain,HKFE,23501.0,23599.0,23474.0,23538.0,22386.0,526707556.0,0.0
2025-06-04 17:15:00,MHImain,HKFE,23540.0,23561.0,23517.0,23542.0,1702.0,40058524.0,0.0
2025-06-04 21:15:00,MHImain,HKFE,23541.0,23696.0,23511.0,23663.0,7422.0,175307821.0,0.0
2025-06-05 01:15:00,MHImain,HKFE,23663.0,23807.0,23645.0,23764.0,31549.0,749070915.0,0.0
2025-06-05 11:00:00,MHImain,HKFE,23766.0,23800.0,23607.0,23798.0,27208.0,644905710.0,0.0
2025-06-05 17:15:00,MHImain,HKFE,23792.0,23925.0,23740.0,23871.0,5918.0,140987618.0,0.0
2025-06-05 21:15:00,MHImain,HKFE,23871.0,23960.0,23717.0,23840.0,12526.0,298606265.0,0.0
2025-06-06 01:15:00,MHImain,HKFE,23842.0,23863.0,23680.0,23748.0,29435.0,699588933.0,0.0
2025-06-06 11:00:00,MHImain,HKFE,23748.0,23792.0,23668.0,23717.0,25146.0,596768407.0,0.0
2025-06-06 17:15:00,MHImain,HKFE,23709.0,23729.0,23670.0,23720.0,2226.0,52757478.0,0.0
2025-06-06 21:15:00,MHImain,HKFE,23718.0,23744.0,23653.0,23711.0,4816.0,114132060.0,0.0
2025-06-07 01:15:00,MHImain,HKFE,23711.0,23826.0,23708.0,23808.0,1284.0,30522879.0,0.0
2025-06-09 01:15:00,MHImain,HKFE,23835.0,24091.0,23831.0,24037.0,28772.0,690148572.0,0.0
2025-06-09 11:00:00,MHImain,HKFE,24035.0,24104.0,23897.0,24037.0,29438.0,706201502.0,0.0
2025-06-09 17:15:00,MHImain,HKFE,24031.0,24086.0,24003.0,24010.0,2234.0,53727449.0,0.0
2025-06-09 21:15:00,MHImain,HKFE,24010.0,24110.0,23978.0,24096.0,5565.0,133791644.0,0.0
2025-06-10 01:15:00,MHImain,HKFE,24094.0,24219.0,24067.0,24136.0,30871.0,745179546.0,0.0
2025-06-10 11:00:00,MHImain,HKFE,24138.0,24205.0,23925.0,24072.0,34491.0,829531412.0,0.0
2025-06-10 17:15:00,MHImain,HKFE,24079.0,24154.0,24040.0,24148.0,2950.0,71113122.0,0.0
2025-06-10 21:15:00,MHImain,HKFE,24149.0,24173.0,24009.0,24068.0,5806.0,139822588.0,0.0
2025-06-11 01:15:00,MHImain,HKFE,24070.0,24367.0,24052.0,24282.0,31295.0,759568438.0,0.0
2025-06-11 11:00:00,MHImain,HKFE,24283.0,24408.0,24258.0,24347.0,26677.0,649530680.0,0.0
2025-06-11 17:15:00,MHImain,HKFE,24343.0,24400.0,24263.0,24355.0,5794.0,140981572.0,0.0
2025-06-11 21:15:00,MHImain,HKFE,24356.0,24362.0,24244.0,24310.0,6051.0,147002335.0,0.0
2025-06-12 01:15:00,MHImain,HKFE,24309.0,24316.0,24133.0,24247.0,26254.0,635215823.0,0.0
2025-06-12 11:00:00,MHImain,HKFE,24250.0,24258.0,23974.0,24051.0,28332.0,683389177.0,0.0
2025-06-12 17:15:00,MHImain,HKFE,24058.0,24163.0,24028.0,24141.0,4490.0,108208674.0,0.0
2025-06-12 21:15:00,MHImain,HKFE,24137.0,24183.0,24096.0,24181.0,4678.0,112967161.0,0.0
2025-06-13 01:15:00,MHImain,HKFE,24181.0,24193.0,23760.0,23768.0,39677.0,949080886.0,0.0
2025-06-13 11:00:00,MHImain,HKFE,23767.0,23878.0,23745.0,23845.0,28367.0,675427926.0,0.0
2025-06-13 17:15:00,MHImain,HKFE,23839.0,23859.0,23772.0,23786.0,2752.0,65518893.0,0.0
2025-06-13 21:15:00,MHImain,HKFE,23786.0,23877.0,23757.0,23832.0,4768.0,113610396.0,0.0
2025-06-14 01:15:00,MHImain,HKFE,23829.0,23829.0,23716.0,23738.0,1849.0,43941271.0,0.0
2025-06-16 01:15:00,MHImain,HKFE,23840.0,23902.0,23682.0,23820.0,28130.0,669771413.0,0.0
2025-06-16 11:00:00,MHImain,HKFE,23819.0,24102.0,23800.0,24057.0,25872.0,619853508.0,0.0
2025-06-16 17:15:00,MHImain,HKFE,24046.0,24107.0,24033.0,24090.0,2548.0,61329481.0,0.0
2025-06-16 21:15:00,MHImain,HKFE,24090.0,24251.0,24084.0,24137.0,7822.0,189101543.0,0.0
2025-06-17 01:15:00,MHImain,HKFE,24138.0,24184.0,23930.0,23978.0,27340.0,657103635.0,0.0
2025-06-17 11:00:00,MHImain,HKFE,23978.0,24020.0,23852.0,23967.0,23477.0,562211877.0,0.0
2025-06-17 17:15:00,MHImain,HKFE,23969.0,23989.0,23921.0,23949.0,2228.0,53373223.0,0.0
2025-06-17 21:15:00,MHImain,HKFE,23946.0,23970.0,23824.0,23828.0,5156.0,123313938.0,0.0
2025-06-18 01:15:00,MHImain,HKFE,23825.0,23893.0,23623.0,23679.0,28661.0,680476372.0,0.0
2025-06-18 11:00:00,MHImain,HKFE,23677.0,23705.0,23606.0,23642.0,19963.0,472356899.0,0.0
2025-06-18 17:15:00,MHImain,HKFE,23650.0,23682.0,23563.0,23621.0,3732.0,88128044.0,0.0
2025-06-18 21:15:00,MHImain,HKFE,23620.0,23652.0,23546.0,23600.0,5496.0,129767363.0,0.0
2025-06-19 01:15:00,MHImain,HKFE,23600.0,23643.0,23351.0,23352.0,26582.0,624575932.0,0.0
2025-06-19 11:00:00,MHImain,HKFE,23352.0,23365.0,23160.0,23238.0,30714.0,713807771.0,0.0
2025-06-19 17:15:00,MHImain,HKFE,23225.0,23243.0,23133.0,23157.0,3368.0,78066111.0,0.0
2025-06-19 21:15:00,MHImain,HKFE,23160.0,23188.0,23105.0,23124.0,3215.0,74400651.0,0.0
2025-06-20 01:15:00,MHImain,HKFE,23126.0,23454.0,23118.0,23424.0,24997.0,583381663.0,0.0
2025-06-20 11:00:00,MHImain,HKFE,23426.0,23554.0,23365.0,23518.0,26467.0,620484379.0,0.0
2025-06-20 17:15:00,MHImain,HKFE,23506.0,23616.0,23492.0,23575.0,4465.0,105218074.0,0.0
2025-06-20 21:15:00,MHImain,HKFE,23574.0,23583.0,23379.0,23433.0,6393.0,149982647.0,0.0
2025-06-21 01:15:00,MHImain,HKFE,23433.0,23445.0,23381.0,23405.0,907.0,21231441.0,0.0
2025-06-23 01:15:00,MHImain,HKFE,23256.0,23479.0,23235.0,23473.0,27729.0,647248916.0,0.0
2025-06-23 11:00:00,MHImain,HKFE,23473.0,23700.0,23442.0,23657.0,30921.0,729315536.0,0.0
2025-06-23 17:15:00,MHImain,HKFE,23647.0,23655.0,23521.0,23577.0,4799.0,113197981.0,0.0
2025-06-23 21:15:00,MHImain,HKFE,23579.0,23668.0,23528.0,23621.0,5986.0,141338393.0,0.0
2025-06-24 01:15:00,MHImain,HKFE,23619.0,24141.0,23615.0,24131.0,32032.0,768747964.0,0.0
2025-06-24 11:00:00,MHImain,HKFE,24133.0,24221.0,24061.0,24150.0,26717.0,645285414.0,0.0
2025-06-24 17:15:00,MHImain,HKFE,24160.0,24205.0,24109.0,24147.0,3457.0,83475152.0,0.0
2025-06-24 21:15:00,MHImain,HKFE,24146.0,24342.0,24089.0,24336.0,7231.0,175173905.0,0.0
2025-06-25 01:15:00,MHImain,HKFE,24336.0,24418.0,24254.0,24352.0,28979.0,705361185.0,0.0
2025-06-25 11:00:00,MHImain,HKFE,24350.0,24521.0,24302.0,24467.0,26026.0,635367663.0,0.0
2025-06-25 17:15:00,MHImain,HKFE,24470.0,24477.0,24380.0,24439.0,3245.0,79251345.0,0.0
2025-06-25 21:15:00,MHImain,HKFE,24439.0,24460.0,24320.0,24361.0,5114.0,124601850.0,0.0
2025-06-26 01:15:00,MHImain,HKFE,24367.0,24374.0,24225.0,24356.0,24746.0,601284250.0,0.0
2025-06-26 11:00:00,MHImain,HKFE,24355.0,24385.0,24212.0,24350.0,17733.0,430918080.0,0.0
2025-06-26 17:15:00,MHImain,HKFE,24349.0,24382.0,24276.0,24296.0,1916.0,46613334.0,0.0
2025-06-26 21:15:00,MHImain,HKFE,24295.0,24440.0,24268.0,24400.0,4436.0,108108417.0,0.0
2025-06-27 01:15:00,MHImain,HKFE,24402.0,24461.0,24315.0,24420.0,23851.0,581953880.0,0.0
2025-06-27 11:00:00,MHImain,HKFE,24419.0,24449.0,24174.0,24256.0,25301.0,614024107.0,0.0
2025-06-27 17:15:00,MHImain,HKFE,24249.0,24281.0,24221.0,24238.0,1876.0,45489509.0,0.0
2025-06-27 21:15:00,MHImain,HKFE,24236.0,24301.0,24188.0,24250.0,5067.0,122856988.0,0.0
2025-06-28 01:15:00,MHImain,HKFE,24246.0,24246.0,24161.0,24185.0,1304.0,31552876.0,0.0
2025-06-30 01:15:00,MHImain,HKFE,24252.0,24294.0,24066.0,24168.0,23920.0,578026519.0,0.0
2025-06-30 11:00:00,MHImain,HKFE,24168.0,24235.0,24022.0,24081.0,23344.0,563668000.0,0.0
2025-06-30 17:15:00,MHImain,HKFE,24086.0,24112.0,24042.0,24059.0,2056.0,49512894.0,0.0
2025-06-30 21:15:00,MHImain,HKFE,24059.0,24166.0,23995.0,24155.0,4510.0,108635078.0,0.0
2025-07-01 01:15:00,MHImain,HKFE,24152.0,24173.0,24134.0,24168.0,615.0,14854616.0,0.0
2025-07-02 01:15:00,MHImain,HKFE,24247.0,24380.0,24100.0,24251.0,30092.0,728831083.0,0.0
2025-07-02 11:00:00,MHImain,HKFE,24253.0,24281.0,24143.0,24168.0,22864.0,553592109.0,0.0
2025-07-02 17:15:00,MHImain,HKFE,24173.0,24237.0,24110.0,24158.0,3096.0,74862658.0,0.0
2025-07-02 21:15:00,MHImain,HKFE,24161.0,24165.0,24068.0,24152.0,5316.0,128208123.0,0.0
2025-07-03 01:15:00,MHImain,HKFE,24152.0,24284.0,23932.0,23949.0,29145.0,701581821.0,0.0
2025-07-03 11:00:00,MHImain,HKFE,23945.0,24102.0,23944.0,24053.0,21958.0,527705096.0,0.0
2025-07-03 17:15:00,MHImain,HKFE,24043.0,24049.0,23950.0,24027.0,4233.0,101557434.0,0.0
2025-07-03 21:15:00,MHImain,HKFE,24028.0,24110.0,23992.0,24015.0,7092.0,170571631.0,0.0
2025-07-04 01:15:00,MHImain,HKFE,24018.0,24018.0,23701.0,23879.0,29467.0,701493859.0,0.0
2025-07-04 11:00:00,MHImain,HKFE,23879.0,24094.0,23837.0,23923.0,34752.0,832047360.0,0.0
2025-07-04 17:15:00,MHImain,HKFE,23912.0,23928.0,23866.0,23896.0,2032.0,48551905.0,0.0
2025-07-04 21:15:00,MHImain,HKFE,23897.0,23939.0,23892.0,23911.0,2127.0,50871359.0,0.0
2025-07-05 01:15:00,MHImain,HKFE,23910.0,23911.0,23886.0,23902.0,337.0,8053151.0,0.0
2025-07-07 01:15:00,MHImain,HKFE,23852.0,23879.0,23716.0,23810.0,26364.0,627737422.0,0.0
2025-07-07 11:00:00,MHImain,HKFE,23812.0,23920.0,23782.0,23868.0,20520.0,489398119.0,0.0
2025-07-07 17:15:00,MHImain,HKFE,23868.0,23918.0,23860.0,23868.0,1856.0,44332281.0,0.0
2025-07-07 21:15:00,MHImain,HKFE,23867.0,24028.0,23850.0,23891.0,8149.0,195208645.0,0.0
2025-07-08 01:15:00,MHImain,HKFE,23891.0,24085.0,23830.0,24076.0,31802.0,762720888.0,0.0
2025-07-08 11:00:00,MHImain,HKFE,24076.0,24170.0,24016.0,24114.0,27613.0,665426649.0,0.0
2025-07-08 17:15:00,MHImain,HKFE,24110.0,24125.0,24068.0,24070.0,2367.0,57035328.0,0.0
2025-07-08 21:15:00,MHImain,HKFE,24070.0,24142.0,24003.0,24121.0,6896.0,165978159.0,0.0
2025-07-09 01:15:00,MHImain,HKFE,24119.0,24133.0,23844.0,23958.0,28594.0,685409038.0,0.0
2025-07-09 11:00:00,MHImain,HKFE,23957.0,24008.0,23818.0,23881.0,24243.0,579554380.0,0.0
2025-07-09 17:15:00,MHImain,HKFE,23888.0,23950.0,23882.0,23948.0,2375.0,56825257.0,0.0
2025-07-09 21:15:00,MHImain,HKFE,23948.0,23956.0,23808.0,23868.0,6245.0,149007147.0,0.0
2025-07-10 01:15:00,MHImain,HKFE,23865.0,23970.0,23806.0,23915.0,28536.0,681954678.0,0.0
2025-07-10 11:00:00,MHImain,HKFE,23914.0,24085.0,23884.0,24024.0,30339.0,727995277.0,0.0
2025-07-10 17:15:00,MHImain,HKFE,24024.0,24047.0,23965.0,23999.0,2590.0,62163128.0,0.0
2025-07-10 21:15:00,MHImain,HKFE,23999.0,24043.0,23884.0,24038.0,7999.0,191686966.0,0.0
2025-07-11 01:15:00,MHImain,HKFE,24038.0,24479.0,23998.0,24379.0,34880.0,847628613.0,0.0
2025-07-11 11:00:00,MHImain,HKFE,24381.0,24532.0,24120.0,24165.0,44688.0,1088604094.0,0.0
2025-07-11 17:15:00,MHImain,HKFE,24160.0,24182.0,24105.0,24130.0,2636.0,63647853.0,0.0
2025-07-11 21:15:00,MHImain,HKFE,24127.0,24172.0,24065.0,24103.0,4735.0,114186373.0,0.0
2025-07-12 01:15:00,MHImain,HKFE,24104.0,24109.0,24081.0,24087.0,539.0,12986652.0,0.0
2025-07-14 01:15:00,MHImain,HKFE,24056.0,24205.0,24047.0,24117.0,23966.0,578832064.0,0.0
2025-07-14 11:00:00,MHImain,HKFE,24120.0,24270.0,24085.0,24184.0,22032.0,532993846.0,0.0
2025-07-14 17:15:00,MHImain,HKFE,24185.0,24240.0,24173.0,24186.0,1884.0,45599329.0,0.0
2025-07-14 21:15:00,MHImain,HKFE,24185.0,24285.0,24148.0,24246.0,6249.0,151457913.0,0.0
2025-07-15 01:15:00,MHImain,HKFE,24244.0,24569.0,24234.0,24266.0,40400.0,986097708.0,0.0
2025-07-15 11:00:00,MHImain,HKFE,24266.0,24599.0,24125.0,24533.0,45006.0,1096767965.0,0.0
2025-07-15 17:15:00,MHImain,HKFE,24532.0,24575.0,24511.0,24555.0,2659.0,65246702.0,0.0
2025-07-15 21:15:00,MHImain,HKFE,24556.0,24607.0,24417.0,24593.0,10265.0,251417462.0,0.0
2025-07-16 01:15:00,MHImain,HKFE,24592.0,24879.0,24572.0,24649.0,42848.0,1060426037.0,0.0
2025-07-16 11:00:00,MHImain,HKFE,24652.0,24752.0,24498.0,24541.0,36274.0,893298431.0,0.0
2025-07-16 17:15:00,MHImain,HKFE,24539.0,24552.0,24493.0,24504.0,2614.0,64087912.0,0.0
2025-07-16 21:15:00,MHImain,HKFE,24506.0,24563.0,24409.0,24550.0,10089.0,246970437.0,0.0
2025-07-17 01:15:00,MHImain,HKFE,24548.0,24668.0,24461.0,24487.0,32943.0,809313018.0,0.0
2025-07-17 11:00:00,MHImain,HKFE,24491.0,24595.0,24439.0,24447.0,26824.0,657625148.0,0.0
2025-07-17 17:15:00,MHImain,HKFE,24451.0,24489.0,24413.0,24466.0,2399.0,58654627.0,0.0
2025-07-17 21:15:00,MHImain,HKFE,24466.0,24684.0,24432.0,24678.0,9610.0,236173252.0,0.0
2025-07-18 01:15:00,MHImain,HKFE,24681.0,24837.0,24641.0,24730.0,33611.0,832139571.0,0.0
2025-07-18 11:00:00,MHImain,HKFE,24726.0,24866.0,24620.0,24852.0,28820.0,712815794.0,0.0
2025-07-18 17:15:00,MHImain,HKFE,24848.0,24989.0,24846.0,24970.0,4855.0,121015131.0,0.0
2025-07-18 21:15:00,MHImain,HKFE,24968.0,25083.0,24918.0,24967.0,10859.0,271628772.0,0.0
2025-07-19 01:15:00,MHImain,HKFE,24967.0,24968.0,24870.0,24894.0,2424.0,60404150.0,0.0
2025-07-21 01:15:00,MHImain,HKFE,24958.0,25023.0,24894.0,24938.0,28355.0,707939216.0,0.0
2025-07-21 11:00:00,MHImain,HKFE,24938.0,25023.0,24846.0,24984.0,25420.0,633971354.0,0.0
2025-07-21 17:15:00,MHImain,HKFE,24984.0,25047.0,24982.0,25012.0,2171.0,54299253.0,0.0
2025-07-21 21:15:00,MHImain,HKFE,25009.0,25137.0,24931.0,25073.0,8474.0,212314626.0,0.0
2025-07-22 01:15:00,MHImain,HKFE,25074.0,25133.0,24915.0,24989.0,27004.0,675472618.0,0.0
2025-07-22 11:00:00,MHImain,HKFE,24988.0,25168.0,24962.0,25140.0,30335.0,760678464.0,0.0
2025-07-22 17:15:00,MHImain,HKFE,25137.0,25197.0,25130.0,25188.0,2935.0,73864015.0,0.0
2025-07-22 21:15:00,MHImain,HKFE,25189.0,25359.0,25107.0,25321.0,10642.0,268567872.0,0.0
2025-07-23 01:15:00,MHImain,HKFE,25325.0,25425.0,25232.0,25305.0,28934.0,731818162.0,0.0
2025-07-23 11:00:00,MHImain,HKFE,25305.0,25580.0,25293.0,25568.0,43754.0,1113363192.0,0.0
2025-07-23 17:15:00,MHImain,HKFE,25570.0,25582.0,25481.0,25497.0,3421.0,87303450.0,0.0
2025-07-23 21:15:00,MHImain,HKFE,25499.0,25542.0,25449.0,25505.0,7414.0,189005195.0,0.0
2025-07-24 01:15:00,MHImain,HKFE,25506.0,25730.0,25478.0,25728.0,35004.0,896010902.0,0.0
2025-07-24 11:00:00,MHImain,HKFE,25727.0,25744.0,25598.0,25687.0,30382.0,780147354.0,0.0
2025-07-24 17:15:00,MHImain,HKFE,25680.0,25693.0,25589.0,25602.0,2914.0,74673996.0,0.0
2025-07-24 21:15:00,MHImain,HKFE,25601.0,25646.0,25484.0,25525.0,7839.0,200377446.0,0.0
2025-07-25 01:15:00,MHImain,HKFE,25524.0,25582.0,25406.0,25417.0,29156.0,743711190.0,0.0
2025-07-25 11:00:00,MHImain,HKFE,25415.0,25473.0,25333.0,25358.0,27648.0,702096427.0,0.0
2025-07-25 17:15:00,MHImain,HKFE,25351.0,25388.0,25269.0,25288.0,4567.0,115629114.0,0.0
2025-07-25 21:15:00,MHImain,HKFE,25286.0,25359.0,25254.0,25359.0,6430.0,162773295.0,0.0
2025-07-26 01:15:00,MHImain,HKFE,25360.0,25404.0,25346.0,25396.0,1321.0,33520974.0,0.0
2025-07-28 01:15:00,MHImain,HKFE,25445.0,25648.0,25378.0,25548.0,31423.0,801489591.0,0.0
2025-07-28 11:00:00,MHImain,HKFE,25546.0,25575.0,25439.0,25508.0,23859.0,608622581.0,0.0
2025-07-28 17:15:00,MHImain,HKFE,25514.0,25522.0,25454.0,25492.0,2720.0,69321470.0,0.0
2025-07-28 21:15:00,MHImain,HKFE,25491.0,25502.0,25387.0,25410.0,5729.0,145746635.0,0.0
2025-07-29 01:15:00,MHImain,HKFE,25410.0,25426.0,25218.0,25307.0,27098.0,686013726.0,0.0
2025-07-29 11:00:00,MHImain,HKFE,25306.0,25511.0,25241.0,25478.0,23058.0,584635571.0,0.0
2025-07-29 17:15:00,MHImain,HKFE,25492.0,25558.0,25476.0,25538.0,2572.0,65628635.0,0.0
2025-07-29 21:15:00,MHImain,HKFE,25536.0,25552.0,25377.0,25419.0,6265.0,159493303.0,0.0
2025-07-30 01:15:00,MHImain,HKFE,25417.0,25491.0,25209.0,25443.0,33010.0,837424493.0,0.0
2025-07-30 11:00:00,MHImain,HKFE,25443.0,25488.0,25085.0,25180.0,42774.0,1080891901.0,0.0
2025-07-30 17:15:00,MHImain,HKFE,25183.0,25216.0,25060.0,25064.0,4210.0,105867499.0,0.0
2025-07-30 21:15:00,MHImain,HKFE,25064.0,25143.0,25011.0,25025.0,7126.0,178620240.0,0.0
2025-07-31 01:15:00,MHImain,HKFE,25026.0,25067.0,24770.0,24969.0,38241.0,951382605.0,0.0
2025-07-31 11:00:00,MHImain,HKFE,24970.0,24977.0,24733.0,24759.0,36173.0,898030217.0,0.0
2025-07-31 17:15:00,MHImain,HKFE,24747.0,24775.0,24681.0,24687.0,4574.0,113108097.0,0.0
2025-07-31 21:15:00,MHImain,HKFE,24688.0,24815.0,24655.0,24758.0,8890.0,219939163.0,0.0
2025-08-01 01:15:00,MHImain,HKFE,24760.0,24830.0,24665.0,24694.0,33948.0,840174560.0,0.0
2025-08-01 11:00:00,MHImain,HKFE,24695.0,24785.0,24437.0,24443.0,39284.0,966713132.0,0.0
2025-08-01 17:15:00,MHImain,HKFE,24439.0,24480.0,24375.0,24428.0,5528.0,135093516.0,0.0
2025-08-01 21:15:00,MHImain,HKFE,24428.0,24461.0,24254.0,24274.0,12058.0,293425277.0,0.0
2025-08-02 01:15:00,MHImain,HKFE,24275.0,24319.0,24242.0,24271.0,1605.0,38964141.0,0.0
2025-08-04 01:15:00,MHImain,HKFE,24378.0,24595.0,24348.0,24547.0,29137.0,713546121.0,0.0
2025-08-04 11:00:00,MHImain,HKFE,24548.0,24720.0,24545.0,24717.0,30105.0,741718315.0,0.0
2025-08-04 17:15:00,MHImain,HKFE,24720.0,24755.0,24674.0,24745.0,3319.0,82026990.0,0.0
2025-08-04 21:15:00,MHImain,HKFE,24750.0,24759.0,24614.0,24722.0,8130.0,200586447.0,0.0
2025-08-05 01:15:00,MHImain,HKFE,24722.0,24822.0,24637.0,24696.0,28705.0,709410641.0,0.0
2025-08-05 11:00:00,MHImain,HKFE,24696.0,24882.0,24674.0,24849.0,27097.0,672326137.0,0.0
2025-08-05 17:15:00,MHImain,HKFE,24847.0,24864.0,24820.0,24850.0,2100.0,52166202.0,0.0
2025-08-05 21:15:00,MHImain,HKFE,24850.0,24909.0,24778.0,24831.0,7923.0,196852350.0,0.0
2025-08-06 01:15:00,MHImain,HKFE,24830.0,24918.0,24754.0,24837.0,25273.0,627590140.0,0.0
2025-08-06 11:00:00,MHImain,HKFE,24836.0,24955.0,24808.0,24843.0,25410.0,632313998.0,0.0
2025-08-06 17:15:00,MHImain,HKFE,24835.0,24866.0,24805.0,24866.0,2559.0,63552204.0,0.0
2025-08-06 21:15:00,MHImain,HKFE,24864.0,24876.0,24737.0,24853.0,8293.0,205679919.0,0.0
2025-08-07 01:15:00,MHImain,HKFE,24854.0,25016.0,24789.0,24863.0,33176.0,826541598.0,0.0
2025-08-07 11:00:00,MHImain,HKFE,24864.0,25084.0,24854.0,25026.0,30647.0,766487095.0,0.0
2025-08-07 17:15:00,MHImain,HKFE,25039.0,25061.0,25005.0,25012.0,2294.0,57405478.0,0.0
2025-08-07 21:15:00,MHImain,HKFE,25012.0,25044.0,24855.0,24872.0,8380.0,208885741.0,0.0
2025-08-08 01:15:00,MHImain,HKFE,24870.0,24960.0,24820.0,24915.0,27094.0,674466639.0,0.0
2025-08-08 11:00:00,MHImain,HKFE,24916.0,24918.0,24779.0,24829.0,22515.0,559106776.0,0.0
2025-08-08 17:15:00,MHImain,HKFE,24822.0,24843.0,24789.0,24823.0,2143.0,53183289.0,0.0
2025-08-08 21:15:00,MHImain,HKFE,24825.0,24910.0,24804.0,24892.0,5633.0,140029127.0,0.0
2025-08-09 01:15:00,MHImain,HKFE,24891.0,24940.0,24890.0,24940.0,975.0,24293806.0,0.0
2025-08-11 01:15:00,MHImain,HKFE,24929.0,24942.0,24740.0,24874.0,31734.0,788283157.0,0.0
2025-08-11 11:00:00,MHImain,HKFE,24876.0,24923.0,24826.0,24889.0,19491.0,484778200.0,0.0
2025-08-11 17:15:00,MHImain,HKFE,24890.0,24909.0,24854.0,24875.0,1638.0,40759105.0,0.0
2025-08-11 21:15:00,MHImain,HKFE,24875.0,24937.0,24742.0,24749.0,6111.0,151715686.0,0.0
2025-08-12 01:15:00,MHImain,HKFE,24748.0,24913.0,24720.0,24800.0,27732.0,688767763.0,0.0
2025-08-12 11:00:00,MHImain,HKFE,24800.0,24991.0,24794.0,24916.0,29613.0,737273458.0,0.0
2025-08-12 17:15:00,MHImain,HKFE,24915.0,24989.0,24876.0,24949.0,3749.0,93473963.0,0.0
2025-08-12 21:15:00,MHImain,HKFE,24946.0,25158.0,24910.0,25153.0,9343.0,233986452.0,0.0
2025-08-13 01:15:00,MHImain,HKFE,25152.0,25335.0,25114.0,25329.0,32790.0,827175545.0,0.0
2025-08-13 11:00:00,MHImain,HKFE,25331.0,25641.0,25323.0,25630.0,34617.0,882139002.0,0.0
2025-08-13 17:15:00,MHImain,HKFE,25642.0,25774.0,25630.0,25716.0,5983.0,153914993.0,0.0
2025-08-13 21:15:00,MHImain,HKFE,25716.0,25850.0,25713.0,25771.0,9517.0,245376700.0,0.0
2025-08-14 01:15:00,MHImain,HKFE,25768.0,25809.0,25641.0,25679.0,26500.0,681231418.0,0.0
2025-08-14 11:00:00,MHImain,HKFE,25679.0,25716.0,25463.0,25555.0,31110.0,795123284.0,0.0
2025-08-14 17:15:00,MHImain,HKFE,25550.0,25583.0,25381.0,25401.0,4684.0,119308956.0,0.0
2025-08-14 21:15:00,MHImain,HKFE,25400.0,25408.0,25248.0,25281.0,10753.0,272434691.0,0.0
2025-08-15 01:15:00,MHImain,HKFE,25282.0,25345.0,25152.0,25160.0,27693.0,699413696.0,0.0
2025-08-15 11:00:00,MHImain,HKFE,25158.0,25285.0,25144.0,25233.0,23267.0,586754606.0,0.0
2025-08-15 17:15:00,MHImain,HKFE,25226.0,25272.0,25208.0,25235.0,2072.0,52299680.0,0.0
2025-08-15 21:15:00,MHImain,HKFE,25235.0,25303.0,25168.0,25194.0,5346.0,134935588.0,0.0
2025-08-16 01:15:00,MHImain,HKFE,25192.0,25230.0,25187.0,25214.0,595.0,14998457.0,0.0
2025-08-18 01:15:00,MHImain,HKFE,25279.0,25373.0,25223.0,25251.0,25755.0,651684662.0,0.0
2025-08-18 11:00:00,MHImain,HKFE,25251.0,25463.0,25152.0,25190.0,32872.0,832370993.0,0.0
2025-08-18 17:15:00,MHImain,HKFE,25200.0,25238.0,25179.0,25223.0,1979.0,49891819.0,0.0
2025-08-18 21:15:00,MHImain,HKFE,25224.0,25288.0,25183.0,25234.0,5000.0,126192188.0,0.0
2025-08-19 01:15:00,MHImain,HKFE,25234.0,25250.0,25062.0,25125.0,26952.0,677729954.0,0.0
2025-08-19 11:00:00,MHImain,HKFE,25127.0,25252.0,25072.0,25116.0,27951.0,702981422.0,0.0
2025-08-19 17:15:00,MHImain,HKFE,25124.0,25190.0,25113.0,25153.0,2437.0,61318169.0,0.0
2025-08-19 21:15:00,MHImain,HKFE,25155.0,25196.0,24976.0,24995.0,7058.0,177155223.0,0.0
2025-08-20 01:15:00,MHImain,HKFE,24994.0,25078.0,24858.0,24993.0,26973.0,673721555.0,0.0
2025-08-20 11:00:00,MHImain,HKFE,24992.0,25210.0,24949.0,25126.0,31968.0,801879819.0,0.0
2025-08-20 17:15:00,MHImain,HKFE,25134.0,25176.0,25112.0,25160.0,2896.0,72830103.0,0.0
2025-08-20 21:15:00,MHImain,HKFE,25161.0,25219.0,25059.0,25160.0,9395.0,236122781.0,0.0
2025-08-21 01:15:00,MHImain,HKFE,25158.0,25211.0,25090.0,25147.0,24445.0,614952727.0,0.0
2025-08-21 11:00:00,MHImain,HKFE,25148.0,25162.0,24990.0,25107.0,24816.0,622439472.0,0.0
2025-08-21 17:15:00,MHImain,HKFE,25104.0,25120.0,25071.0,25101.0,2315.0,58096575.0,0.0
2025-08-21 21:15:00,MHImain,HKFE,25100.0,25208.0,25090.0,25174.0,6910.0,173807324.0,0.0
2025-08-22 01:15:00,MHImain,HKFE,25174.0,25282.0,25141.0,25223.0,27578.0,695157656.0,0.0
2025-08-22 11:00:00,MHImain,HKFE,25225.0,25362.0,25150.0,25354.0,26752.0,675061073.0,0.0
2025-08-22 17:15:00,MHImain,HKFE,25354.0,25414.0,25331.0,25390.0,2953.0,74937274.0,0.0
2025-08-22 21:15:00,MHImain,HKFE,25391.0,25729.0,25368.0,25703.0,13761.0,352181265.0,0.0
2025-08-23 01:15:00,MHImain,HKFE,25711.0,25755.0,25711.0,25723.0,1387.0,35690962.0,0.0
2025-08-25 01:15:00,MHImain,HKFE,25688.0,25945.0,25608.0,25922.0,31508.0,811428998.0,0.0
2025-08-25 11:00:00,MHImain,HKFE,25922.0,25950.0,25768.0,25863.0,34497.0,892201750.0,0.0
2025-08-25 17:15:00,MHImain,HKFE,25857.0,25864.0,25739.0,25759.0,4370.0,112708100.0,0.0
2025-08-25 21:15:00,MHImain,HKFE,25757.0,25867.0,25721.0,25745.0,7600.0,195982410.0,0.0
2025-08-26 01:15:00,MHImain,HKFE,25745.0,25814.0,25672.0,25790.0,22429.0,577517403.0,0.0
2025-08-26 11:00:00,MHImain,HKFE,25789.0,25838.0,25483.0,25570.0,32251.0,828509155.0,0.0
2025-08-26 17:15:00,MHImain,HKFE,25579.0,25702.0,25570.0,25664.0,4249.0,109003310.0,0.0
2025-08-26 21:15:00,MHImain,HKFE,25664.0,25718.0,25594.0,25599.0,6174.0,158424373.0,0.0
2025-08-27 01:15:00,MHImain,HKFE,25603.0,25681.0,25498.0,25549.0,23849.0,610542734.0,0.0
2025-08-27 11:00:00,MHImain,HKFE,25549.0,25594.0,25160.0,25184.0,37995.0,963300727.0,0.0
2025-08-27 17:15:00,MHImain,HKFE,25090.0,25090.0,24931.0,24969.0,3647.0,91220668.0,0.0
2025-08-27 21:15:00,MHImain,HKFE,24969.0,24973.0,24835.0,24885.0,5520.0,137362571.0,0.0
2025-08-28 01:15:00,MHImain,HKFE,24885.0,25000.0,24837.0,24966.0,29433.0,733481936.0,0.0
2025-08-28 11:00:00,MHImain,HKFE,24965.0,25022.0,24738.0,24911.0,35388.0,881147715.0,0.0
2025-08-28 17:15:00,MHImain,HKFE,24906.0,24945.0,24872.0,24931.0,2358.0,58741107.0,0.0
2025-08-28 21:15:00,MHImain,HKFE,24933.0,25126.0,24903.0,25104.0,8927.0,223487978.0,0.0
2025-08-29 01:15:00,MHImain,HKFE,25105.0,25202.0,24979.0,25149.0,31154.0,781277428.0,0.0
2025-08-29 11:00:00,MHImain,HKFE,25151.0,25212.0,25006.0,25038.0,33878.0,850813322.0,0.0
2025-08-29 17:15:00,MHImain,HKFE,25038.0,25193.0,24877.0,25192.0,8118.0,203517136.0,0.0
2025-08-29 21:15:00,MHImain,HKFE,25190.0,25356.0,25147.0,25346.0,13855.0,349719635.0,0.0
2025-08-30 01:15:00,MHImain,HKFE,25347.0,25357.0,25313.0,25333.0,1387.0,35138127.0,0.0
2025-09-01 01:15:00,MHImain,HKFE,25385.0,25598.0,25370.0,25575.0,31821.0,811563915.0,0.0
2025-09-01 11:00:00,MHImain,HKFE,25573.0,25595.0,25439.0,25529.0,24543.0,626452675.0,0.0
2025-09-01 17:15:00,MHImain,HKFE,25528.0,25553.0,25482.0,25497.0,2273.0,57987211.0,0.0
2025-09-01 21:15:00,MHImain,HKFE,25497.0,25497.0,25415.0,25440.0,3310.0,84231756.0,0.0
2025-09-02 01:15:00,MHImain,HKFE,25442.0,25694.0,25442.0,25555.0,32223.0,824313727.0,0.0
2025-09-02 11:00:00,MHImain,HKFE,25555.0,25568.0,25379.0,25393.0,39762.0,1012865477.0,0.0
2025-09-02 17:15:00,MHImain,HKFE,25406.0,25413.0,25200.0,25257.0,6436.0,162818604.0,0.0
2025-09-02 21:15:00,MHImain,HKFE,25257.0,25498.0,25196.0,25417.0,12799.0,324765526.0,0.0
2025-09-03 01:15:00,MHImain,HKFE,25417.0,25761.0,25361.0,25464.0,40314.0,1030459477.0,0.0
2025-09-03 11:00:00,MHImain,HKFE,25462.0,25478.0,25219.0,25319.0,34233.0,866556969.0,0.0
2025-09-03 17:15:00,MHImain,HKFE,25319.0,25373.0,25290.0,25318.0,3366.0,85285133.0,0.0
2025-09-03 21:15:00,MHImain,HKFE,25317.0,25371.0,25243.0,25369.0,7311.0,185083279.0,0.0
2025-09-04 01:15:00,MHImain,HKFE,25369.0,25478.0,24983.0,25034.0,39620.0,999734578.0,0.0
2025-09-04 11:00:00,MHImain,HKFE,25035.0,25084.0,24963.0,24972.0,34250.0,856883348.0,0.0
2025-09-04 17:15:00,MHImain,HKFE,24973.0,25035.0,24947.0,25019.0,3189.0,79709181.0,0.0
2025-09-04 21:15:00,MHImain,HKFE,25015.0,25039.0,24883.0,25007.0,8895.0,221909913.0,0.0
2025-09-05 01:15:00,MHImain,HKFE,25007.0,25199.0,24991.0,25158.0,25251.0,634214808.0,0.0
2025-09-05 11:00:00,MHImain,HKFE,25159.0,25435.0,25116.0,25390.0,33617.0,850213344.0,0.0
2025-09-05 17:15:00,MHImain,HKFE,25385.0,25485.0,25364.0,25453.0,5244.0,133336378.0,0.0
2025-09-05 21:15:00,MHImain,HKFE,25453.0,25460.0,25249.0,25343.0,11385.0,288498391.0,0.0
2025-09-06 01:15:00,MHImain,HKFE,25344.0,25363.0,25317.0,25343.0,983.0,24909545.0,0.0
2025-09-08 01:15:00,MHImain,HKFE,25355.0,25519.0,25355.0,25479.0,27312.0,695085737.0,0.0
2025-09-08 11:00:00,MHImain,HKFE,25478.0,25639.0,25429.0,25587.0,25795.0,658908083.0,0.0
2025-09-08 17:15:00,MHImain,HKFE,25582.0,25618.0,25553.0,25614.0,2309.0,59060475.0,0.0
2025-09-08 21:15:00,MHImain,HKFE,25612.0,25638.0,25524.0,25597.0,6791.0,173739944.0,0.0
2025-09-09 01:15:00,MHImain,HKFE,25600.0,26033.0,25587.0,25972.0,35014.0,906182319.0,0.0
2025-09-09 11:00:00,MHImain,HKFE,25972.0,25990.0,25737.0,25912.0,40153.0,1037555663.0,0.0
2025-09-09 17:15:00,MHImain,HKFE,25902.0,25958.0,25868.0,25884.0,2807.0,72752749.0,0.0
2025-09-09 21:15:00,MHImain,HKFE,25883.0,26018.0,25880.0,25916.0,9464.0,245555291.0,0.0
2025-09-10 01:15:00,MHImain,HKFE,25916.0,26254.0,25916.0,26150.0,35153.0,918764166.0,0.0
2025-09-10 11:00:00,MHImain,HKFE,26152.0,26314.0,26112.0,26186.0,34103.0,894838826.0,0.0
2025-09-10 17:15:00,MHImain,HKFE,26183.0,26192.0,26077.0,26134.0,6162.0,160986057.0,0.0
2025-09-10 21:15:00,MHImain,HKFE,26129.0,26142.0,25984.0,26009.0,9021.0,234962268.0,0.0
2025-09-11 01:15:00,MHImain,HKFE,26008.0,26027.0,25896.0,26008.0,30185.0,783689361.0,0.0
2025-09-11 11:00:00,MHImain,HKFE,26007.0,26269.0,26006.0,26103.0,42246.0,1104299121.0,0.0
2025-09-11 17:15:00,MHImain,HKFE,26107.0,26207.0,26080.0,26182.0,4624.0,120879966.0,0.0
2025-09-11 21:15:00,MHImain,HKFE,26183.0,26483.0,26162.0,26467.0,14324.0,377155564.0,0.0
2025-09-12 01:15:00,MHImain,HKFE,26470.0,26603.0,26423.0,26425.0,33834.0,896663314.0,0.0
2025-09-12 11:00:00,MHImain,HKFE,26428.0,26534.0,26361.0,26391.0,33358.0,882034046.0,0.0
2025-09-12 17:15:00,MHImain,HKFE,26385.0,26463.0,26336.0,26416.0,4572.0,120689783.0,0.0
2025-09-12 21:15:00,MHImain,HKFE,26417.0,26435.0,26293.0,26365.0,7912.0,208456144.0,0.0
2025-09-13 01:15:00,MHImain,HKFE,26365.0,26401.0,26354.0,26383.0,1120.0,29546561.0,0.0
2025-09-15 01:15:00,MHImain,HKFE,26360.0,26568.0,26316.0,26519.0,29071.0,769115378.0,0.0
2025-09-15 11:00:00,MHImain,HKFE,26523.0,26564.0,26308.0,26475.0,30238.0,799759281.0,0.0
2025-09-15 17:15:00,MHImain,HKFE,26466.0,26674.0,26436.0,26617.0,6023.0,159980094.0,0.0
2025-09-15 21:15:00,MHImain,HKFE,26616.0,26622.0,26467.0,26546.0,10070.0,267225943.0,0.0
2025-09-16 01:15:00,MHImain,HKFE,26547.0,26628.0,26351.0,26396.0,30975.0,820949926.0,0.0
2025-09-16 11:00:00,MHImain,HKFE,26395.0,26550.0,26388.0,26457.0,26394.0,698820742.0,0.0
2025-09-16 17:15:00,MHImain,HKFE,26464.0,26477.0,26403.0,26433.0,3275.0,86571742.0,0.0
2025-09-16 21:15:00,MHImain,HKFE,26433.0,26572.0,26362.0,26567.0,11609.0,307206189.0,0.0
2025-09-17 01:15:00,MHImain,HKFE,26570.0,26783.0,26552.0,26770.0,32319.0,861620021.0,0.0
2025-09-17 11:00:00,MHImain,HKFE,26770.0,26969.0,26766.0,26910.0,38119.0,1024588972.0,0.0
2025-09-17 17:15:00,MHImain,HKFE,26903.0,26949.0,26865.0,26908.0,4073.0,109566321.0,0.0
2025-09-17 21:15:00,MHImain,HKFE,26906.0,26981.0,26841.0,26849.0,11375.0,305978622.0,0.0
2025-09-18 01:15:00,MHImain,HKFE,26845.0,27072.0,26726.0,26926.0,44842.0,1207412392.0,0.0
2025-09-18 11:00:00,MHImain,HKFE,26920.0,26928.0,26351.0,26547.0,63495.0,1691342012.0,0.0
2025-09-18 17:15:00,MHImain,HKFE,26556.0,26671.0,26510.0,26516.0,6214.0,165278661.0,0.0
2025-09-18 21:15:00,MHImain,HKFE,26516.0,26639.0,26458.0,26573.0,13275.0,352402433.0,0.0
2025-09-19 01:15:00,MHImain,HKFE,26574.0,26640.0,26414.0,26561.0,37057.0,983382141.0,0.0
2025-09-19 11:00:00,MHImain,HKFE,26562.0,26630.0,26420.0,26571.0,34473.0,914136962.0,0.0
2025-09-19 17:15:00,MHImain,HKFE,26565.0,26588.0,26507.0,26576.0,3260.0,86540482.0,0.0
2025-09-19 21:15:00,MHImain,HKFE,26577.0,26689.0,26490.0,26546.0,12613.0,335133448.0,0.0
2025-09-20 01:15:00,MHImain,HKFE,26548.0,26591.0,26514.0,26543.0,1058.0,28087689.0,0.0
2025-09-22 01:15:00,MHImain,HKFE,26488.0,26512.0,26280.0,26309.0,35490.0,935740664.0,0.0
2025-09-22 11:00:00,MHImain,HKFE,26309.0,26410.0,26213.0,26394.0,35388.0,930968799.0,0.0
2025-09-22 17:15:00,MHImain,HKFE,26391.0,26444.0,26374.0,26414.0,2928.0,77341273.0,0.0
2025-09-22 21:15:00,MHImain,HKFE,26412.0,26463.0,26328.0,26370.0,8270.0,218270395.0,0.0
2025-09-23 01:15:00,MHImain,HKFE,26371.0,26440.0,26083.0,26200.0,40931.0,1074136816.0,0.0
2025-09-23 11:00:00,MHImain,HKFE,26200.0,26239.0,26033.0,26200.0,34173.0,892737737.0,0.0
2025-09-23 17:15:00,MHImain,HKFE,26201.0,26269.0,26164.0,26245.0,3593.0,94194245.0,0.0
2025-09-23 21:15:00,MHImain,HKFE,26245.0,26320.0,26209.0,26234.0,8536.0,224289375.0,0.0
2025-09-24 01:15:00,MHImain,HKFE,26236.0,26354.0,26067.0,26352.0,35670.0,935220537.0,0.0
2025-09-24 11:00:00,MHImain,HKFE,26353.0,26581.0,26324.0,26480.0,43312.0,1146019107.0,0.0
2025-09-24 17:15:00,MHImain,HKFE,26488.0,26500.0,26386.0,26386.0,5560.0,146991133.0,0.0
2025-09-24 21:15:00,MHImain,HKFE,26386.0,26513.0,26369.0,26415.0,12480.0,329824594.0,0.0
2025-09-25 01:15:00,MHImain,HKFE,26412.0,26577.0,26372.0,26536.0,29935.0,793302395.0,0.0
2025-09-25 11:00:00,MHImain,HKFE,26534.0,26653.0,26422.0,26537.0,35553.0,943699578.0,0.0
2025-09-25 17:15:00,MHImain,HKFE,26533.0,26546.0,26343.0,26376.0,7493.0,198132800.0,0.0
2025-09-25 21:15:00,MHImain,HKFE,26378.0,26459.0,26310.0,26401.0,12343.0,325707512.0,0.0
2025-09-26 01:15:00,MHImain,HKFE,26397.0,26398.0,26188.0,26336.0,33710.0,886103340.0,0.0
2025-09-26 11:00:00,MHImain,HKFE,26334.0,26429.0,26097.0,26129.0,41194.0,1082551821.0,0.0
2025-09-26 17:15:00,MHImain,HKFE,26169.0,26235.0,26125.0,26212.0,1943.0,50866194.0,0.0
2025-09-26 21:15:00,MHImain,HKFE,26212.0,26324.0,26156.0,26316.0,4258.0,111751139.0,0.0
2025-09-27 01:15:00,MHImain,HKFE,26313.0,26342.0,26307.0,26333.0,535.0,14082620.0,0.0
2025-09-29 01:15:00,MHImain,HKFE,26350.0,26613.0,26350.0,26565.0,30917.0,818832118.0,0.0
2025-09-29 11:00:00,MHImain,HKFE,26564.0,26745.0,26498.0,26705.0,34394.0,916075382.0,0.0
2025-09-29 17:15:00,MHImain,HKFE,26700.0,26760.0,26635.0,26735.0,4796.0,128010063.0,0.0
2025-09-29 21:15:00,MHImain,HKFE,26736.0,26980.0,26656.0,26729.0,9290.0,248518415.0,0.0
2025-09-30 01:15:00,MHImain,HKFE,26729.0,26915.0,26665.0,26677.0,1573.0,42063118.0,0.0
2025-09-30 11:00:00,MHImain,HKFE,26669.0,26980.0,26656.0,26951.0,226.0,6068406.0,0.0
2025-09-30 17:15:00,MHImain,HKFE,26951.0,27010.0,26938.0,26993.0,30.0,809563.0,0.0
2025-09-30 21:15:00,MHImain,HKFE,26993.0,27016.0,26855.0,26870.0,110.0,2964775.0,0.0
2025-10-01 01:15:00,MHImain,HKFE,26870.0,26878.0,26836.0,26878.0,28.0,751795.0,0.0
2025-10-01 21:15:00,MHImain,HKFE,26938.0,27476.0,26855.0,27430.0,995.0,27125520.0,0.0
2025-10-02 01:15:00,MHImain,HKFE,26950.0,27412.0,26950.0,27351.0,451.0,12293817.0,0.0
2025-10-02 11:00:00,MHImain,HKFE,27351.0,27476.0,27203.0,27430.0,396.0,10842367.0,0.0
2025-10-02 17:15:00,MHImain,HKFE,27425.0,27434.0,27372.0,27380.0,105.0,2877955.0,0.0
2025-10-02 21:15:00,MHImain,HKFE,27380.0,27445.0,27050.0,27324.0,1223.0,33349919.0,0.0
2025-10-03 01:15:00,MHImain,HKFE,27324.0,27350.0,27105.0,27148.0,580.0,15766766.0,0.0
2025-10-03 11:00:00,MHImain,HKFE,27156.0,27245.0,27050.0,27227.0,364.0,9880467.0,0.0
2025-10-03 17:15:00,MHImain,HKFE,27236.0,27258.0,27196.0,27220.0,44.0,1197872.0,0.0
2025-10-03 21:15:00,MHImain,HKFE,27220.0,27292.0,27180.0,27268.0,72.0,1960420.0,0.0
2025-10-04 01:15:00,MHImain,HKFE,27268.0,27268.0,27138.0,27196.0,23.0,625156.0,0.0
2025-10-05 21:15:00,MHImain,HKFE,27236.0,27292.0,26956.0,27035.0,668.0,18097992.0,0.0
2025-10-06 01:15:00,MHImain,HKFE,27184.0,27230.0,26997.0,27022.0,267.0,7233850.0,0.0
2025-10-06 11:00:00,MHImain,HKFE,27011.0,27088.0,26940.0,27035.0,486.0,13116970.0,0.0
2025-10-06 17:15:00,MHImain,HKFE,27035.0,27069.0,27031.0,27069.0,24.0,649155.0,0.0
2025-10-06 21:15:00,MHImain,HKFE,27069.0,27230.0,27069.0,27175.0,140.0,3804964.0,0.0
2025-10-07 01:15:00,MHImain,HKFE,27175.0,27216.0,27175.0,27216.0,3.0,81639.0,0.0
2025-10-07 21:15:00,MHImain,HKFE,27050.0,27230.0,26588.0,26890.0,1082.0,29030615.0,0.0
2025-10-08 01:15:00,MHImain,HKFE,27075.0,27075.0,26588.0,26775.0,647.0,17314013.0,0.0
2025-10-08 11:00:00,MHImain,HKFE,26775.0,26915.0,26694.0,26890.0,268.0,7180844.0,0.0
2025-10-08 17:15:00,MHImain,HKFE,26890.0,26921.0,26870.0,26915.0,35.0,941422.0,0.0
2025-10-08 21:15:00,MHImain,HKFE,26915.0,27052.0,26548.0,26914.0,1326.0,35567776.0,0.0
2025-10-09 01:15:00,MHImain,HKFE,26914.0,26983.0,26550.0,26840.0,631.0,16877186.0,0.0
2025-10-09 11:00:00,MHImain,HKFE,26840.0,27052.0,26779.0,26822.0,436.0,11733910.0,0.0
2025-10-09 17:15:00,MHImain,HKFE,26822.0,26870.0,26819.0,26870.0,184.0,4936716.0,0.0
2025-10-09 21:15:00,MHImain,HKFE,26870.0,26870.0,26320.0,26441.0,2124.0,56375183.0,0.0
2025-10-10 01:15:00,MHImain,HKFE,26441.0,26612.0,26390.0,26529.0,533.0,14131211.0,0.0
2025-10-10 11:00:00,MHImain,HKFE,26529.0,26560.0,26320.0,26328.0,839.0,22153651.0,0.0
2025-10-10 17:15:00,MHImain,HKFE,26320.0,26374.0,26225.0,26330.0,167.0,4393395.0,0.0
2025-10-10 21:15:00,MHImain,HKFE,26338.0,26475.0,25150.0,25177.0,1127.0,29021618.0,0.0
2025-10-11 01:15:00,MHImain,HKFE,25210.0,25280.0,25015.0,25015.0,162.0,4077977.0,0.0
2025-10-12 21:15:00,MHImain,HKFE,26320.0,26475.0,25015.0,25865.0,3425.0,88077564.0,0.0
2025-10-13 01:15:00,MHImain,HKFE,25229.0,25932.0,25229.0,25756.0,1033.0,26573688.0,0.0
2025-10-13 11:00:00,MHImain,HKFE,25742.0,25940.0,25380.0,25865.0,1708.0,43868968.0,0.0
2025-10-13 17:15:00,MHImain,HKFE,25865.0,25933.0,25745.0,25906.0,179.0,4626235.0,0.0
2025-10-13 21:15:00,MHImain,HKFE,25906.0,26120.0,25364.0,25893.0,2966.0,76289161.0,0.0
2025-10-14 01:15:00,MHImain,HKFE,25893.0,26120.0,25803.0,25831.0,713.0,18514329.0,0.0
2025-10-14 11:00:00,MHImain,HKFE,25833.0,25905.0,25364.0,25548.0,1881.0,48059058.0,0.0
2025-10-14 17:15:00,MHImain,HKFE,25548.0,25591.0,25360.0,25427.0,188.0,4788908.0,0.0
2025-10-14 21:15:00,MHImain,HKFE,25427.0,26025.0,25360.0,25799.0,2217.0,57097322.0,0.0
2025-10-15 01:15:00,MHImain,HKFE,25799.0,25925.0,25649.0,25718.0,641.0,16533731.0,0.0
2025-10-15 11:00:00,MHImain,HKFE,25718.0,26025.0,25714.0,25928.0,664.0,17203259.0,0.0
2025-10-15 17:15:00,MHImain,HKFE,25955.0,25978.0,25888.0,25900.0,298.0,7721387.0,0.0
2025-10-15 21:15:00,MHImain,HKFE,25900.0,26102.0,25705.0,25736.0,2084.0,53964613.0,0.0
2025-10-16 01:15:00,MHImain,HKFE,25705.0,26102.0,25705.0,25955.0,541.0,14048336.0,0.0
2025-10-16 11:00:00,MHImain,HKFE,25938.0,25950.0,25733.0,25930.0,887.0,22927683.0,0.0
2025-10-16 17:15:00,MHImain,HKFE,25930.0,25972.0,25925.0,25954.0,276.0,7159422.0,0.0
2025-10-16 21:15:00,MHImain,HKFE,25950.0,26042.0,25168.0,25930.0,2499.0,63948203.0,0.0
2025-10-17 01:15:00,MHImain,HKFE,25930.0,25975.0,25511.0,25611.0,766.0,19687593.0,0.0
2025-10-17 11:00:00,MHImain,HKFE,25611.0,25611.0,25168.0,25259.0,1189.0,30149730.0,0.0
2025-10-17 17:15:00,MHImain,HKFE,25267.0,25583.0,25223.0,25546.0,641.0,16299447.0,0.0
2025-10-17 21:15:00,MHImain,HKFE,25546.0,25875.0,25533.0,25784.0,790.0,20315402.0,0.0
2025-10-18 01:15:00,MHImain,HKFE,25784.0,25910.0,25752.0,25892.0,99.0,2559422.0,0.0
2025-10-19 21:15:00,MHImain,HKFE,25267.0,26000.0,25223.0,25885.0,2794.0,71912024.0,0.0
2025-10-20 01:15:00,MHImain,HKFE,25874.0,26000.0,25768.0,25909.0,671.0,17370298.0,0.0
2025-10-20 11:00:00,MHImain,HKFE,25912.0,25945.0,25799.0,25885.0,619.0,16024288.0,0.0
2025-10-20 17:15:00,MHImain,HKFE,25887.0,25890.0,25814.0,25882.0,136.0,3514649.0,0.0
2025-10-20 21:15:00,MHImain,HKFE,25882.0,26430.0,25820.0,26200.0,3051.0,79856933.0,0.0
2025-10-21 01:15:00,MHImain,HKFE,26200.0,26430.0,26163.0,26350.0,771.0,20278258.0,0.0
2025-10-21 11:00:00,MHImain,HKFE,26356.0,26423.0,26020.0,26027.0,1103.0,28900226.0,0.0
2025-10-21 17:15:00,MHImain,HKFE,26038.0,26117.0,26000.0,26009.0,287.0,7474342.0,0.0
2025-10-21 21:15:00,MHImain,HKFE,26009.0,26117.0,25673.0,25939.0,2983.0,77241577.0,0.0
2025-10-22 01:15:00,MHImain,HKFE,25939.0,25980.0,25824.0,25949.0,1016.0,26326573.0,0.0
2025-10-22 11:00:00,MHImain,HKFE,25930.0,25930.0,25673.0,25768.0,967.0,24940444.0,0.0
2025-10-22 17:15:00,MHImain,HKFE,25762.0,25787.0,25699.0,25762.0,226.0,5817657.0,0.0
2025-10-22 21:15:00,MHImain,HKFE,25762.0,26117.0,25550.0,25700.0,4900.0,126439350.0,0.0
2025-10-23 01:15:00,MHImain,HKFE,25688.0,25891.0,25588.0,25750.0,1297.0,33366172.0,0.0
2025-10-23 11:00:00,MHImain,HKFE,25758.0,26117.0,25715.0,25980.0,1576.0,40841647.0,0.0
2025-10-23 17:15:00,MHImain,HKFE,25980.0,25996.0,25927.0,25985.0,240.0,6231906.0,0.0
2025-10-23 21:15:00,MHImain,HKFE,25983.0,26281.0,25927.0,26091.0,4380.0,114479739.0,0.0
2025-10-24 01:15:00,MHImain,HKFE,26091.0,26281.0,26087.0,26122.0,1652.0,43271652.0,0.0
2025-10-24 11:00:00,MHImain,HKFE,26123.0,26220.0,26077.0,26179.0,1273.0,33292426.0,0.0
2025-10-24 17:15:00,MHImain,HKFE,26179.0,26299.0,26142.0,26290.0,343.0,8996238.0,0.0
2025-10-24 21:15:00,MHImain,HKFE,26288.0,26333.0,26241.0,26278.0,739.0,19426399.0,0.0
2025-10-25 01:15:00,MHImain,HKFE,26278.0,26289.0,26261.0,26261.0,28.0,735709.0,0.0
2025-10-26 21:15:00,MHImain,HKFE,26171.0,26585.0,26142.0,26442.0,7582.0,200329677.0,0.0
2025-10-27 01:15:00,MHImain,HKFE,26427.0,26585.0,26359.0,26421.0,3788.0,100205861.0,0.0
2025-10-27 11:00:00,MHImain,HKFE,26416.0,26477.0,26385.0,26442.0,2684.0,70965470.0,0.0
2025-10-27 17:15:00,MHImain,HKFE,26467.0,26553.0,26463.0,26551.0,1068.0,28309829.0,0.0
2025-10-27 21:15:00,MHImain,HKFE,26551.0,26597.0,26270.0,26579.0,17435.0,460755499.0,0.0
2025-10-28 01:15:00,MHImain,HKFE,26579.0,26597.0,26341.0,26395.0,6089.0,160997945.0,0.0
2025-10-28 11:00:00,MHImain,HKFE,26394.0,26515.0,26270.0,26365.0,8291.0,218704392.0,0.0
2025-10-28 17:15:00,MHImain,HKFE,26365.0,26449.0,26365.0,26439.0,1385.0,36588200.0,0.0
2025-10-28 21:15:00,MHImain,HKFE,26439.0,26597.0,26409.0,26559.0,4681.0,123943979.0,0.0
2025-10-29 01:15:00,MHImain,HKFE,26558.0,26650.0,26555.0,26650.0,1391.0,37001747.0,0.0
2025-10-29 21:15:00,MHImain,HKFE,26365.0,26705.0,26157.0,26322.0,102606.0,2710619689.0,0.0
2025-10-30 01:15:00,MHImain,HKFE,26669.0,26705.0,26451.0,26550.0,34223.0,908413715.0,0.0
2025-10-30 11:00:00,MHImain,HKFE,26551.0,26637.0,26157.0,26322.0,60926.0,1604672048.0,0.0
2025-10-30 17:15:00,MHImain,HKFE,26321.0,26334.0,26108.0,26125.0,6258.0,164055099.0,0.0
2025-10-30 21:15:00,MHImain,HKFE,26127.0,26352.0,25877.0,26264.0,103685.0,2712078255.0,0.0
2025-10-31 01:15:00,MHImain,HKFE,26263.0,26352.0,26098.0,26154.0,37705.0,988699314.0,0.0
2025-10-31 11:00:00,MHImain,HKFE,26153.0,26155.0,25877.0,25911.0,34660.0,902460048.0,0.0
2025-10-31 17:15:00,MHImain,HKFE,25909.0,25939.0,25833.0,25900.0,4617.0,119571803.0,0.0
2025-10-31 21:15:00,MHImain,HKFE,25898.0,26036.0,25792.0,25920.0,13339.0,345522633.0,0.0
2025-11-01 01:15:00,MHImain,HKFE,25918.0,25985.0,25903.0,25971.0,1339.0,34736760.0,0.0
2025-11-02 21:15:00,MHImain,HKFE,25909.0,26240.0,25792.0,26161.0,88413.0,2302610419.0,0.0
2025-11-03 01:15:00,MHImain,HKFE,26038.0,26093.0,25937.0,26078.0,35776.0,931154095.0,0.0
2025-11-03 11:00:00,MHImain,HKFE,26077.0,26240.0,25982.0,26161.0,33342.0,871625128.0,0.0
2025-11-03 17:15:00,MHImain,HKFE,26162.0,26209.0,26131.0,26142.0,2664.0,69737914.0,0.0
2025-11-03 21:15:00,MHImain,HKFE,26140.0,26302.0,25882.0,26137.0,99885.0,2608603236.0,0.0
2025-11-04 01:15:00,MHImain,HKFE,26139.0,26302.0,26054.0,26197.0,35180.0,921779604.0,0.0
2025-11-04 11:00:00,MHImain,HKFE,26199.0,26288.0,25882.0,25905.0,43178.0,1125064831.0,0.0
2025-11-04 17:15:00,MHImain,HKFE,25903.0,25906.0,25752.0,25854.0,6897.0,178152877.0,0.0
2025-11-04 21:15:00,MHImain,HKFE,25851.0,26033.0,25491.0,25980.0,109515.0,2825457106.0,0.0
2025-11-05 01:15:00,MHImain,HKFE,25982.0,25986.0,25491.0,25681.0,40485.0,1038512275.0,0.0
2025-11-05 11:00:00,MHImain,HKFE,25680.0,25984.0,25680.0,25940.0,41423.0,1071690559.0,0.0
2025-11-05 17:15:00,MHImain,HKFE,25947.0,25970.0,25875.0,25936.0,3781.0,98006824.0,0.0
2025-11-05 21:15:00,MHImain,HKFE,25936.0,26538.0,25875.0,26129.0,95520.0,2505784757.0,0.0
2025-11-06 01:15:00,MHImain,HKFE,26129.0,26373.0,26061.0,26344.0,35357.0,926338091.0,0.0
2025-11-06 11:00:00,MHImain,HKFE,26344.0,26538.0,26316.0,26530.0,34690.0,916506795.0,0.0
2025-11-06 17:15:00,MHImain,HKFE,26539.0,26588.0,26514.0,26582.0,4332.0,115008559.0,0.0
2025-11-06 21:15:00,MHImain,HKFE,26582.0,26590.0,26182.0,26350.0,100325.0,2643788927.0,0.0
2025-11-07 01:15:00,MHImain,HKFE,26350.0,26443.0,26250.0,26330.0,31215.0,821736289.0,0.0
2025-11-07 11:00:00,MHImain,HKFE,26331.0,26353.0,26182.0,26194.0,28106.0,737614102.0,0.0
2025-11-07 17:15:00,MHImain,HKFE,26200.0,26219.0,26027.0,26057.0,7927.0,206988025.0,0.0
2025-11-07 21:15:00,MHImain,HKFE,26058.0,26118.0,25969.0,26028.0,13629.0,354888875.0,0.0
2025-11-08 01:15:00,MHImain,HKFE,26026.0,26132.0,26023.0,26122.0,2099.0,54744608.0,0.0
2025-11-09 21:15:00,MHImain,HKFE,26200.0,26698.0,25969.0,26694.0,86777.0,2288153839.0,0.0
2025-11-10 01:15:00,MHImain,HKFE,26328.0,26465.0,26300.0,26378.0,31260.0,824744929.0,0.0
2025-11-10 11:00:00,MHImain,HKFE,26378.0,26698.0,26373.0,26694.0,31862.0,846787402.0,0.0
2025-11-10 17:15:00,MHImain,HKFE,26696.0,26704.0,26636.0,26662.0,3778.0,100765830.0,0.0
2025-11-10 21:15:00,MHImain,HKFE,26664.0,26815.0,26526.0,26587.0,88398.0,2355675935.0,0.0
2025-11-11 01:15:00,MHImain,HKFE,26590.0,26815.0,26536.0,26555.0,33857.0,903877776.0,0.0
2025-11-11 11:00:00,MHImain,HKFE,26554.0,26769.0,26541.0,26748.0,29901.0,796224332.0,0.0
2025-11-11 17:15:00,MHImain,HKFE,26741.0,26794.0,26730.0,26790.0,3511.0,93957800.0,0.0
2025-11-11 21:15:00,MHImain,HKFE,26792.0,27058.0,26730.0,26804.0,90432.0,2430925927.0,0.0
2025-11-12 01:15:00,MHImain,HKFE,26806.0,27058.0,26777.0,26922.0,34866.0,938719386.0,0.0
2025-11-12 11:00:00,MHImain,HKFE,26923.0,26978.0,26800.0,26977.0,32241.0,867125560.0,0.0
2025-11-12 17:15:00,MHImain,HKFE,26954.0,27003.0,26897.0,26967.0,4088.0,110173684.0,0.0
2025-11-12 21:15:00,MHImain,HKFE,26969.0,27201.0,26756.0,26853.0,104940.0,2824823517.0,0.0
2025-11-13 01:15:00,MHImain,HKFE,26856.0,26940.0,26771.0,26865.0,32470.0,872119624.0,0.0
2025-11-13 11:00:00,MHImain,HKFE,26865.0,27201.0,26756.0,27096.0,47978.0,1294463856.0,0.0
2025-11-13 17:15:00,MHImain,HKFE,27110.0,27135.0,27046.0,27100.0,4878.0,132155880.0,0.0
2025-11-13 21:15:00,MHImain,HKFE,27101.0,27135.0,26550.0,26767.0,108003.0,2894873662.0,0.0
2025-11-14 01:15:00,MHImain,HKFE,26766.0,26887.0,26616.0,26774.0,35318.0,945384153.0,0.0
2025-11-14 11:00:00,MHImain,HKFE,26771.0,26823.0,26550.0,26590.0,35656.0,951088229.0,0.0
2025-11-14 17:15:00,MHImain,HKFE,26597.0,26618.0,26403.0,26484.0,8574.0,227131393.0,0.0
2025-11-14 21:15:00,MHImain,HKFE,26485.0,26716.0,26405.0,26700.0,17356.0,460983130.0,0.0
2025-11-15 01:15:00,MHImain,HKFE,26697.0,26715.0,26386.0,26502.0,7956.0,211007008.0,0.0
2025-11-16 21:15:00,MHImain,HKFE,26597.0,26716.0,26261.0,26375.0,101062.0,2673048891.0,0.0
2025-11-17 01:15:00,MHImain,HKFE,26515.0,26553.0,26358.0,26434.0,35074.0,928059973.0,0.0
2025-11-17 11:00:00,MHImain,HKFE,26432.0,26446.0,26261.0,26375.0,32102.0,845867387.0,0.0
2025-11-17 17:15:00,MHImain,HKFE,26353.0,26353.0,26234.0,26243.0,5772.0,151707463.0,0.0
2025-11-17 21:15:00,MHImain,HKFE,26243.0,26357.0,25822.0,26310.0,107450.0,2805005320.0,0.0
2025-11-18 01:15:00,MHImain,HKFE,26302.0,26322.0,25980.0,26063.0,39229.0,1024097483.0,0.0
2025-11-18 11:00:00,MHImain,HKFE,26065.0,26099.0,25822.0,25926.0,35536.0,921912127.0,0.0
2025-11-18 17:15:00,MHImain,HKFE,25927.0,26022.0,25875.0,25933.0,7263.0,188476701.0,0.0
2025-11-18 21:15:00,MHImain,HKFE,25935.0,26093.0,25740.0,25973.0,106772.0,2766418612.0,0.0
2025-11-19 01:15:00,MHImain,HKFE,25969.0,26093.0,25880.0,25914.0,32773.0,850876019.0,0.0
2025-11-19 11:00:00,MHImain,HKFE,25914.0,25938.0,25740.0,25827.0,36207.0,935177632.0,0.0
2025-11-19 17:15:00,MHImain,HKFE,25814.0,25905.0,25767.0,25844.0,4792.0,123900612.0,0.0
2025-11-19 21:15:00,MHImain,HKFE,25845.0,26058.0,25679.0,25726.0,110648.0,2859844463.0,0.0
2025-11-20 01:15:00,MHImain,HKFE,25730.0,26058.0,25679.0,25761.0,34857.0,902792855.0,0.0
2025-11-20 11:00:00,MHImain,HKFE,25759.0,26000.0,25681.0,25849.0,49881.0,1288488869.0,0.0
2025-11-20 17:15:00,MHImain,HKFE,25843.0,25894.0,25795.0,25844.0,4422.0,114246578.0,0.0
2025-11-20 21:15:00,MHImain,HKFE,25845.0,25964.0,25163.0,25544.0,132648.0,3381043447.0,0.0
2025-11-21 01:15:00,MHImain,HKFE,25540.0,25605.0,25185.0,25222.0,48343.0,1227083768.0,0.0
2025-11-21 11:00:00,MHImain,HKFE,25223.0,25470.0,25163.0,25238.0,43557.0,1103258880.0,0.0
2025-11-21 17:15:00,MHImain,HKFE,25249.0,25292.0,25039.0,25249.0,14851.0,373892352.0,0.0
2025-11-21 21:15:00,MHImain,HKFE,25250.0,25472.0,25153.0,25460.0,25568.0,646674051.0,0.0
2025-11-22 01:15:00,MHImain,HKFE,25461.0,25580.0,25425.0,25540.0,6691.0,170557474.0,0.0
2025-11-23 21:15:00,MHImain,HKFE,25249.0,25580.0,25039.0,25540.0,34633.0,874895284.0,0.0
