symbol,exchange,datetime,open,high,low,close,volume,turnover,open_interest
MHImain,HKFE,2017-11-24 00:00:00,29866.0,29877.0,29852.0,29870.0,445.0,13289158.0,0.0
MHImain,HKFE,2017-11-24 08:00:00,29895.0,29959.0,29737.0,29841.0,34847.0,1039881420.0,0.0
MHImain,HKFE,2017-11-24 12:00:00,29841.0,29933.0,29777.0,29876.0,15595.0,465632163.0,0.0
MHImain,HKFE,2017-11-24 16:00:00,29875.0,29979.0,29862.0,29966.0,6956.0,207991322.0,0.0
MHImain,HKFE,2017-11-24 20:00:00,29967.0,30045.0,29961.0,30000.0,4169.0,125116805.0,0.0
MHImain,HKFE,2017-11-25 00:00:00,30000.0,30039.0,29992.0,30030.0,607.0,18218011.0,0.0
MHImain,HKFE,2017-11-27 08:00:00,29950.0,29957.0,29642.0,29709.0,28921.0,860779778.0,0.0
MHImain,HKFE,2017-11-27 12:00:00,29707.0,29769.0,29654.0,29741.0,14473.0,429997011.0,0.0
MHImain,HKFE,2017-11-27 16:00:00,29743.0,29867.0,29716.0,29856.0,7391.0,220005097.0,0.0
MHImain,HKFE,2017-11-27 20:00:00,29856.0,29861.0,29771.0,29804.0,4001.0,119269111.0,0.0
MHImain,HKFE,2017-11-28 00:00:00,29805.0,29817.0,29782.0,29782.0,367.0,10936744.0,0.0
MHImain,HKFE,2017-11-28 08:00:00,29694.0,29701.0,29526.0,29552.0,21367.0,632404428.0,0.0
MHImain,HKFE,2017-11-28 12:00:00,29550.0,29574.0,29373.0,29545.0,18943.0,558701426.0,0.0
MHImain,HKFE,2017-11-28 16:00:00,29547.0,29715.0,29541.0,29702.0,10343.0,306630750.0,0.0
MHImain,HKFE,2017-11-28 20:00:00,29702.0,29741.0,29670.0,29703.0,2775.0,82422180.0,0.0
MHImain,HKFE,2017-11-29 00:00:00,29704.0,29718.0,29692.0,29699.0,450.0,13366616.0,0.0
MHImain,HKFE,2017-11-29 08:00:00,29833.0,29842.0,29560.0,29603.0,4574.0,135706412.0,0.0
MHImain,HKFE,2017-11-29 12:00:00,29596.0,29636.0,29563.0,29624.0,1410.0,41739106.0,0.0
MHImain,HKFE,2017-11-29 16:00:00,29622.0,29679.0,29622.0,29664.0,1946.0,57700713.0,0.0
MHImain,HKFE,2017-11-29 20:00:00,29663.0,29691.0,29605.0,29615.0,3630.0,107607962.0,0.0
MHImain,HKFE,2017-11-30 00:00:00,29614.0,29614.0,29488.0,29510.0,3393.0,100239129.0,0.0
MHImain,HKFE,2017-11-30 08:00:00,29475.0,29478.0,29185.0,29287.0,29714.0,871608681.0,0.0
MHImain,HKFE,2017-11-30 12:00:00,29287.0,29390.0,29139.0,29233.0,23170.0,678139515.0,0.0
MHImain,HKFE,2017-11-30 16:00:00,29233.0,29398.0,29230.0,29386.0,13182.0,386152786.0,0.0
MHImain,HKFE,2017-11-30 20:00:00,29385.0,29440.0,29345.0,29411.0,5730.0,168402289.0,0.0
MHImain,HKFE,2017-12-01 00:00:00,29409.0,29417.0,29372.0,29414.0,1406.0,41329494.0,0.0
MHImain,HKFE,2017-12-01 08:00:00,29336.0,29385.0,29049.0,29216.0,36056.0,1055057806.0,0.0
MHImain,HKFE,2017-12-01 12:00:00,29217.0,29265.0,29091.0,29188.0,21468.0,626419692.0,0.0
MHImain,HKFE,2017-12-01 16:00:00,29188.0,29233.0,28908.0,28942.0,15137.0,440515400.0,0.0
MHImain,HKFE,2017-12-01 20:00:00,28946.0,29093.0,28946.0,29093.0,7014.0,203607153.0,0.0
MHImain,HKFE,2017-12-02 00:00:00,29094.0,29126.0,29014.0,29062.0,2325.0,67628708.0,0.0
MHImain,HKFE,2017-12-04 08:00:00,29133.0,29300.0,28828.0,29280.0,37047.0,1077235083.0,0.0
MHImain,HKFE,2017-12-04 12:00:00,29278.0,29354.0,29203.0,29315.0,19245.0,563464830.0,0.0
MHImain,HKFE,2017-12-04 16:00:00,29316.0,29330.0,29155.0,29184.0,9889.0,289021927.0,0.0
MHImain,HKFE,2017-12-04 20:00:00,29185.0,29250.0,29141.0,29157.0,4896.0,142957863.0,0.0
MHImain,HKFE,2017-12-05 00:00:00,29154.0,29165.0,29018.0,29050.0,3114.0,90613472.0,0.0
MHImain,HKFE,2017-12-05 08:00:00,28902.0,29170.0,28883.0,29046.0,31575.0,917758859.0,0.0
MHImain,HKFE,2017-12-05 12:00:00,29047.0,29118.0,28977.0,29016.0,16038.0,465744894.0,0.0
MHImain,HKFE,2017-12-05 16:00:00,29016.0,29035.0,28792.0,28816.0,14440.0,417388280.0,0.0
MHImain,HKFE,2017-12-05 20:00:00,28815.0,28939.0,28803.0,28917.0,7905.0,228262359.0,0.0
MHImain,HKFE,2017-12-06 00:00:00,28916.0,29003.0,28916.0,28983.0,1957.0,56674945.0,0.0
MHImain,HKFE,2017-12-06 08:00:00,28894.0,28976.0,28344.0,28562.0,49000.0,1408326162.0,0.0
MHImain,HKFE,2017-12-06 12:00:00,28564.0,28598.0,28239.0,28467.0,41734.0,1185498312.0,0.0
MHImain,HKFE,2017-12-06 16:00:00,28470.0,28494.0,28165.0,28230.0,17998.0,509324757.0,0.0
MHImain,HKFE,2017-12-06 20:00:00,28230.0,28310.0,28172.0,28245.0,8715.0,246215204.0,0.0
MHImain,HKFE,2017-12-07 00:00:00,28248.0,28302.0,28214.0,28274.0,2187.0,61795641.0,0.0
MHImain,HKFE,2017-12-07 08:00:00,28398.0,28477.0,28149.0,28288.0,36095.0,1021993878.0,0.0
MHImain,HKFE,2017-12-07 12:00:00,28289.0,28445.0,28202.0,28289.0,28346.0,802697062.0,0.0
MHImain,HKFE,2017-12-07 16:00:00,28290.0,28392.0,28245.0,28348.0,11993.0,339680198.0,0.0
MHImain,HKFE,2017-12-07 20:00:00,28349.0,28369.0,28227.0,28364.0,7583.0,214570596.0,0.0
MHImain,HKFE,2017-12-08 00:00:00,28367.0,28424.0,28324.0,28335.0,2665.0,75652102.0,0.0
MHImain,HKFE,2017-12-08 08:00:00,28430.0,28488.0,28332.0,28457.0,31288.0,889473365.0,0.0
MHImain,HKFE,2017-12-08 12:00:00,28460.0,28657.0,28460.0,28650.0,21350.0,609915954.0,0.0
MHImain,HKFE,2017-12-08 16:00:00,28649.0,28715.0,28613.0,28651.0,12549.0,359663603.0,0.0
MHImain,HKFE,2017-12-08 20:00:00,28651.0,28720.0,28619.0,28637.0,5106.0,146400033.0,0.0
MHImain,HKFE,2017-12-09 00:00:00,28635.0,28685.0,28617.0,28682.0,1182.0,33859605.0,0.0
MHImain,HKFE,2017-12-11 08:00:00,28609.0,28823.0,28589.0,28764.0,31652.0,909211926.0,0.0
MHImain,HKFE,2017-12-11 12:00:00,28765.0,28909.0,28733.0,28901.0,17898.0,515737600.0,0.0
MHImain,HKFE,2017-12-11 16:00:00,28902.0,28981.0,28886.0,28924.0,12200.0,353047165.0,0.0
MHImain,HKFE,2017-12-11 20:00:00,28924.0,28967.0,28888.0,28959.0,4118.0,119100401.0,0.0
MHImain,HKFE,2017-12-12 00:00:00,28957.0,28959.0,28923.0,28937.0,1061.0,30705968.0,0.0
MHImain,HKFE,2017-12-12 08:00:00,28963.0,29047.0,28896.0,28935.0,27174.0,786819546.0,0.0
MHImain,HKFE,2017-12-12 12:00:00,28935.0,28941.0,28766.0,28812.0,22598.0,651691375.0,0.0
MHImain,HKFE,2017-12-12 16:00:00,28812.0,28842.0,28739.0,28820.0,11360.0,327147331.0,0.0
MHImain,HKFE,2017-12-12 20:00:00,28822.0,28833.0,28764.0,28779.0,2983.0,85910956.0,0.0
MHImain,HKFE,2017-12-13 00:00:00,28779.0,28793.0,28726.0,28748.0,1620.0,46583638.0,0.0
MHImain,HKFE,2017-12-13 08:00:00,28813.0,28962.0,28736.0,28874.0,31830.0,918128713.0,0.0
MHImain,HKFE,2017-12-13 12:00:00,28875.0,29255.0,28843.0,29209.0,27375.0,795925123.0,0.0
MHImain,HKFE,2017-12-13 16:00:00,29208.0,29317.0,29171.0,29203.0,14226.0,415980301.0,0.0
MHImain,HKFE,2017-12-13 20:00:00,29204.0,29282.0,29195.0,29272.0,4123.0,120576408.0,0.0
MHImain,HKFE,2017-12-14 00:00:00,29271.0,29335.0,29263.0,29324.0,1626.0,47647586.0,0.0
MHImain,HKFE,2017-12-14 08:00:00,29328.0,29440.0,29126.0,29139.0,38749.0,1134263878.0,0.0
MHImain,HKFE,2017-12-14 12:00:00,29137.0,29250.0,29045.0,29133.0,22362.0,651487212.0,0.0
MHImain,HKFE,2017-12-14 16:00:00,29130.0,29213.0,29119.0,29142.0,10574.0,308373730.0,0.0
MHImain,HKFE,2017-12-14 20:00:00,29141.0,29180.0,29105.0,29159.0,4465.0,130108062.0,0.0
MHImain,HKFE,2017-12-15 00:00:00,29160.0,29168.0,29093.0,29095.0,1182.0,34444938.0,0.0
MHImain,HKFE,2017-12-15 08:00:00,29033.0,29049.0,28811.0,28850.0,31181.0,901558429.0,0.0
MHImain,HKFE,2017-12-15 12:00:00,28849.0,28900.0,28736.0,28831.0,22010.0,634307303.0,0.0
MHImain,HKFE,2017-12-15 16:00:00,28831.0,28947.0,28723.0,28765.0,15548.0,448474065.0,0.0
MHImain,HKFE,2017-12-15 20:00:00,28770.0,28886.0,28748.0,28854.0,7938.0,228856759.0,0.0
MHImain,HKFE,2017-12-16 00:00:00,28855.0,28888.0,28844.0,28872.0,1998.0,57677110.0,0.0
MHImain,HKFE,2017-12-18 08:00:00,28991.0,29082.0,28833.0,28927.0,37159.0,1076380069.0,0.0
MHImain,HKFE,2017-12-18 12:00:00,28927.0,29154.0,28901.0,29140.0,22191.0,644360675.0,0.0
MHImain,HKFE,2017-12-18 16:00:00,29140.0,29158.0,29055.0,29124.0,9919.0,288667726.0,0.0
MHImain,HKFE,2017-12-18 20:00:00,29124.0,29199.0,29115.0,29184.0,3242.0,94512004.0,0.0
MHImain,HKFE,2017-12-19 00:00:00,29185.0,29247.0,29183.0,29232.0,1443.0,42152736.0,0.0
MHImain,HKFE,2017-12-19 08:00:00,29180.0,29362.0,29155.0,29314.0,28363.0,829550776.0,0.0
MHImain,HKFE,2017-12-19 12:00:00,29314.0,29382.0,29287.0,29330.0,15065.0,441833584.0,0.0
MHImain,HKFE,2017-12-19 16:00:00,29332.0,29366.0,29209.0,29230.0,11767.0,344436617.0,0.0
MHImain,HKFE,2017-12-19 20:00:00,29227.0,29250.0,29145.0,29164.0,4109.0,119962884.0,0.0
MHImain,HKFE,2017-12-20 00:00:00,29166.0,29171.0,29123.0,29147.0,1908.0,55610767.0,0.0
MHImain,HKFE,2017-12-20 08:00:00,29144.0,29335.0,29129.0,29318.0,26146.0,764833711.0,0.0
MHImain,HKFE,2017-12-20 12:00:00,29319.0,29322.0,29185.0,29233.0,13539.0,395979822.0,0.0
MHImain,HKFE,2017-12-20 16:00:00,29230.0,29338.0,29217.0,29292.0,8695.0,254524817.0,0.0
MHImain,HKFE,2017-12-20 20:00:00,29290.0,29322.0,29228.0,29258.0,4846.0,141875221.0,0.0
MHImain,HKFE,2017-12-21 00:00:00,29258.0,29262.0,29190.0,29221.0,2181.0,63727758.0,0.0
MHImain,HKFE,2017-12-21 08:00:00,29240.0,29395.0,29133.0,29390.0,27246.0,796948141.0,0.0
MHImain,HKFE,2017-12-21 12:00:00,29391.0,29435.0,29338.0,29391.0,17325.0,509203612.0,0.0
MHImain,HKFE,2017-12-21 16:00:00,29389.0,29448.0,29326.0,29399.0,10389.0,305348794.0,0.0
MHImain,HKFE,2017-12-21 20:00:00,29398.0,29467.0,29372.0,29459.0,4847.0,142615062.0,0.0
MHImain,HKFE,2017-12-22 00:00:00,29460.0,29525.0,29453.0,29501.0,2412.0,71143981.0,0.0
MHImain,HKFE,2017-12-22 08:00:00,29517.0,29559.0,29420.0,29434.0,22465.0,662254179.0,0.0
MHImain,HKFE,2017-12-22 12:00:00,29434.0,29512.0,29427.0,29469.0,8820.0,259989235.0,0.0
MHImain,HKFE,2017-12-22 16:00:00,29468.0,29618.0,29461.0,29605.0,10021.0,296223640.0,0.0
MHImain,HKFE,2017-12-22 20:00:00,29604.0,29638.0,29555.0,29609.0,3356.0,99323189.0,0.0
MHImain,HKFE,2017-12-23 00:00:00,29609.0,29628.0,29582.0,29617.0,1206.0,35704776.0,0.0
MHImain,HKFE,2017-12-27 08:00:00,29658.0,29729.0,29566.0,29616.0,17911.0,530915881.0,0.0
MHImain,HKFE,2017-12-27 12:00:00,29614.0,29650.0,29549.0,29558.0,10812.0,320163916.0,0.0
MHImain,HKFE,2017-12-27 16:00:00,29557.0,29678.0,29542.0,29664.0,8078.0,239214068.0,0.0
MHImain,HKFE,2017-12-27 20:00:00,29664.0,29665.0,29592.0,29647.0,1996.0,59149228.0,0.0
MHImain,HKFE,2017-12-28 00:00:00,29648.0,29666.0,29643.0,29654.0,384.0,11388291.0,0.0
MHImain,HKFE,2017-12-28 08:00:00,29678.0,29790.0,29673.0,29785.0,3054.0,90796777.0,0.0
MHImain,HKFE,2017-12-28 12:00:00,29785.0,29788.0,29758.0,29773.0,1270.0,37812021.0,0.0
MHImain,HKFE,2017-12-28 16:00:00,29774.0,29962.0,29772.0,29913.0,1645.0,49204395.0,0.0
MHImain,HKFE,2017-12-28 20:00:00,29912.0,29934.0,29886.0,29911.0,3444.0,103014607.0,0.0
MHImain,HKFE,2017-12-29 00:00:00,29909.0,29924.0,29900.0,29904.0,592.0,17707723.0,0.0
MHImain,HKFE,2017-12-29 08:00:00,29920.0,30023.0,29872.0,30004.0,16000.0,479258959.0,0.0
MHImain,HKFE,2017-12-29 12:00:00,30004.0,30027.0,29935.0,29997.0,10700.0,320762053.0,0.0
MHImain,HKFE,2017-12-29 16:00:00,29998.0,30003.0,29920.0,29968.0,6720.0,201388880.0,0.0
MHImain,HKFE,2017-12-29 20:00:00,29969.0,29996.0,29950.0,29956.0,2531.0,75866672.0,0.0
MHImain,HKFE,2017-12-30 00:00:00,29955.0,29975.0,29947.0,29965.0,660.0,19775209.0,0.0
MHImain,HKFE,2018-01-02 08:00:00,30013.0,30459.0,30004.0,30433.0,31173.0,944497667.0,0.0
MHImain,HKFE,2018-01-02 12:00:00,30435.0,30545.0,30424.0,30532.0,11578.0,352996638.0,0.0
MHImain,HKFE,2018-01-02 16:00:00,30532.0,30565.0,30492.0,30529.0,8401.0,256462530.0,0.0
MHImain,HKFE,2018-01-02 20:00:00,30530.0,30560.0,30515.0,30539.0,2677.0,81754589.0,0.0
MHImain,HKFE,2018-01-03 00:00:00,30537.0,30591.0,30537.0,30573.0,1235.0,37748073.0,0.0
MHImain,HKFE,2018-01-03 08:00:00,30590.0,30751.0,30563.0,30614.0,27361.0,838745763.0,0.0
MHImain,HKFE,2018-01-03 12:00:00,30612.0,30673.0,30511.0,30566.0,18654.0,570560500.0,0.0
MHImain,HKFE,2018-01-03 16:00:00,30564.0,30646.0,30545.0,30643.0,7956.0,243408155.0,0.0
MHImain,HKFE,2018-01-03 20:00:00,30643.0,30692.0,30612.0,30672.0,3238.0,99242846.0,0.0
MHImain,HKFE,2018-01-04 00:00:00,30673.0,30718.0,30657.0,30700.0,1309.0,40177304.0,0.0
MHImain,HKFE,2018-01-04 08:00:00,30733.0,30739.0,30590.0,30708.0,23098.0,708068709.0,0.0
MHImain,HKFE,2018-01-04 12:00:00,30709.0,30795.0,30679.0,30746.0,20313.0,624320601.0,0.0
MHImain,HKFE,2018-01-04 16:00:00,30747.0,30776.0,30698.0,30757.0,7235.0,222386552.0,0.0
MHImain,HKFE,2018-01-04 20:00:00,30757.0,30860.0,30750.0,30857.0,3729.0,114881169.0,0.0
MHImain,HKFE,2018-01-05 00:00:00,30856.0,30894.0,30850.0,30882.0,1591.0,49120729.0,0.0
MHImain,HKFE,2018-01-05 08:00:00,30886.0,30911.0,30693.0,30757.0,25153.0,774739922.0,0.0
MHImain,HKFE,2018-01-05 12:00:00,30757.0,30819.0,30716.0,30734.0,11960.0,368015148.0,0.0
MHImain,HKFE,2018-01-05 16:00:00,30734.0,30850.0,30721.0,30838.0,8541.0,262895618.0,0.0
MHImain,HKFE,2018-01-05 20:00:00,30838.0,30878.0,30804.0,30872.0,4471.0,137916387.0,0.0
MHImain,HKFE,2018-01-06 00:00:00,30871.0,30897.0,30854.0,30895.0,938.0,28958329.0,0.0
MHImain,HKFE,2018-01-08 08:00:00,30950.0,30955.0,30732.0,30822.0,28018.0,863435226.0,0.0
MHImain,HKFE,2018-01-08 12:00:00,30821.0,30837.0,30742.0,30819.0,11826.0,364142731.0,0.0
MHImain,HKFE,2018-01-08 16:00:00,30821.0,30902.0,30800.0,30876.0,10667.0,329099854.0,0.0
MHImain,HKFE,2018-01-08 20:00:00,30876.0,30883.0,30729.0,30841.0,6378.0,196531338.0,0.0
MHImain,HKFE,2018-01-09 00:00:00,30842.0,30896.0,30841.0,30895.0,1602.0,49453673.0,0.0
MHImain,HKFE,2018-01-09 08:00:00,30939.0,31004.0,30836.0,30969.0,26675.0,825014321.0,0.0
MHImain,HKFE,2018-01-09 12:00:00,30969.0,31058.0,30957.0,31045.0,15534.0,481592986.0,0.0
MHImain,HKFE,2018-01-09 16:00:00,31045.0,31048.0,30964.0,30968.0,8216.0,254765159.0,0.0
MHImain,HKFE,2018-01-09 20:00:00,30966.0,31013.0,30944.0,30978.0,3952.0,122431646.0,0.0
MHImain,HKFE,2018-01-10 00:00:00,30979.0,31006.0,30966.0,31002.0,1377.0,42671824.0,0.0
MHImain,HKFE,2018-01-10 08:00:00,31002.0,31070.0,30950.0,31054.0,21654.0,671536078.0,0.0
MHImain,HKFE,2018-01-10 12:00:00,31055.0,31300.0,31014.0,31152.0,28658.0,892394447.0,0.0
MHImain,HKFE,2018-01-10 16:00:00,31153.0,31190.0,30993.0,31029.0,12684.0,394261245.0,0.0
MHImain,HKFE,2018-01-10 20:00:00,31028.0,31061.0,30983.0,31038.0,5385.0,167048409.0,0.0
MHImain,HKFE,2018-01-11 00:00:00,31040.0,31078.0,31028.0,31059.0,1735.0,53871746.0,0.0
MHImain,HKFE,2018-01-11 08:00:00,31048.0,31136.0,30981.0,31046.0,23080.0,716960086.0,0.0
MHImain,HKFE,2018-01-11 12:00:00,31046.0,31118.0,31013.0,31074.0,13090.0,406650184.0,0.0
MHImain,HKFE,2018-01-11 16:00:00,31075.0,31142.0,31072.0,31100.0,6367.0,198003679.0,0.0
MHImain,HKFE,2018-01-11 20:00:00,31102.0,31168.0,31091.0,31166.0,3199.0,99560879.0,0.0
MHImain,HKFE,2018-01-12 00:00:00,31164.0,31198.0,31143.0,31185.0,1723.0,53706293.0,0.0
MHImain,HKFE,2018-01-12 08:00:00,31240.0,31392.0,31216.0,31258.0,26644.0,833711557.0,0.0
MHImain,HKFE,2018-01-12 12:00:00,31260.0,31333.0,31195.0,31321.0,13892.0,434342973.0,0.0
MHImain,HKFE,2018-01-12 16:00:00,31321.0,31422.0,31303.0,31412.0,10493.0,329021676.0,0.0
MHImain,HKFE,2018-01-12 20:00:00,31411.0,31470.0,31381.0,31461.0,5828.0,183147455.0,0.0
MHImain,HKFE,2018-01-13 00:00:00,31461.0,31557.0,31461.0,31533.0,2417.0,76152091.0,0.0
MHImain,HKFE,2018-01-15 08:00:00,31645.0,31697.0,31562.0,31626.0,23789.0,752426839.0,0.0
MHImain,HKFE,2018-01-15 12:00:00,31627.0,31721.0,31434.0,31449.0,21256.0,671788133.0,0.0
MHImain,HKFE,2018-01-15 16:00:00,31449.0,31463.0,31279.0,31355.0,22808.0,715330672.0,0.0
MHImain,HKFE,2018-01-15 20:00:00,31352.0,31395.0,31332.0,31366.0,2917.0,91492274.0,0.0
MHImain,HKFE,2018-01-16 00:00:00,31368.0,31368.0,31323.0,31356.0,743.0,23290061.0,0.0
MHImain,HKFE,2018-01-16 08:00:00,31400.0,31688.0,31377.0,31672.0,28994.0,914352814.0,0.0
MHImain,HKFE,2018-01-16 12:00:00,31673.0,31865.0,31649.0,31805.0,28979.0,919959688.0,0.0
MHImain,HKFE,2018-01-16 16:00:00,31806.0,31957.0,31774.0,31917.0,15451.0,492375635.0,0.0
MHImain,HKFE,2018-01-16 20:00:00,31916.0,32010.0,31875.0,32002.0,6077.0,194120080.0,0.0
MHImain,HKFE,2018-01-17 00:00:00,32001.0,32015.0,31891.0,31895.0,3210.0,102582165.0,0.0
MHImain,HKFE,2018-01-17 08:00:00,31710.0,31895.0,31673.0,31731.0,39737.0,1263048926.0,0.0
MHImain,HKFE,2018-01-17 12:00:00,31731.0,31871.0,31707.0,31856.0,23354.0,742375629.0,0.0
MHImain,HKFE,2018-01-17 16:00:00,31857.0,32044.0,31833.0,32035.0,14647.0,467612447.0,0.0
MHImain,HKFE,2018-01-17 20:00:00,32035.0,32060.0,31937.0,32054.0,8137.0,260514037.0,0.0
MHImain,HKFE,2018-01-18 00:00:00,32053.0,32105.0,32032.0,32102.0,2779.0,89111114.0,0.0
MHImain,HKFE,2018-01-18 08:00:00,32180.0,32202.0,32041.0,32049.0,29917.0,961010559.0,0.0
MHImain,HKFE,2018-01-18 12:00:00,32048.0,32085.0,31836.0,32085.0,32699.0,1045648504.0,0.0
MHImain,HKFE,2018-01-18 16:00:00,32084.0,32158.0,32025.0,32091.0,16594.0,532532367.0,0.0
MHImain,HKFE,2018-01-18 20:00:00,32092.0,32114.0,32021.0,32058.0,5145.0,165035782.0,0.0
MHImain,HKFE,2018-01-19 00:00:00,32057.0,32071.0,31988.0,32068.0,2754.0,88221539.0,0.0
MHImain,HKFE,2018-01-19 08:00:00,32079.0,32163.0,31988.0,32123.0,29525.0,947304583.0,0.0
MHImain,HKFE,2018-01-19 12:00:00,32124.0,32182.0,32067.0,32109.0,18089.0,581195902.0,0.0
MHImain,HKFE,2018-01-19 16:00:00,32111.0,32314.0,32103.0,32280.0,12798.0,412175772.0,0.0
MHImain,HKFE,2018-01-19 20:00:00,32279.0,32306.0,32223.0,32280.0,6400.0,206520071.0,0.0
MHImain,HKFE,2018-01-20 00:00:00,32282.0,32299.0,32246.0,32262.0,1450.0,46797544.0,0.0
MHImain,HKFE,2018-01-22 08:00:00,32333.0,32343.0,32012.0,32200.0,37065.0,1192684566.0,0.0
MHImain,HKFE,2018-01-22 12:00:00,32201.0,32365.0,32172.0,32345.0,18495.0,597031137.0,0.0
MHImain,HKFE,2018-01-22 16:00:00,32347.0,32382.0,32288.0,32377.0,11487.0,371515743.0,0.0
MHImain,HKFE,2018-01-22 20:00:00,32375.0,32430.0,32353.0,32427.0,3717.0,120372779.0,0.0
MHImain,HKFE,2018-01-23 00:00:00,32430.0,32465.0,32428.0,32457.0,1941.0,62975482.0,0.0
MHImain,HKFE,2018-01-23 08:00:00,32540.0,32825.0,32518.0,32810.0,33348.0,1087605630.0,0.0
MHImain,HKFE,2018-01-23 12:00:00,32808.0,32889.0,32663.0,32883.0,32615.0,1069429319.0,0.0
MHImain,HKFE,2018-01-23 16:00:00,32883.0,32930.0,32728.0,32769.0,16720.0,549560228.0,0.0
MHImain,HKFE,2018-01-23 20:00:00,32770.0,32868.0,32729.0,32851.0,10920.0,358254452.0,0.0
MHImain,HKFE,2018-01-24 00:00:00,32850.0,32919.0,32823.0,32900.0,2565.0,84333103.0,0.0
MHImain,HKFE,2018-01-24 08:00:00,32846.0,32947.0,32733.0,32772.0,34690.0,1138559629.0,0.0
MHImain,HKFE,2018-01-24 12:00:00,32773.0,32968.0,32770.0,32966.0,24534.0,806766450.0,0.0
MHImain,HKFE,2018-01-24 16:00:00,32965.0,32998.0,32868.0,32961.0,15718.0,517852443.0,0.0
MHImain,HKFE,2018-01-24 20:00:00,32962.0,33096.0,32956.0,33090.0,5861.0,193469365.0,0.0
MHImain,HKFE,2018-01-25 00:00:00,33090.0,33093.0,32992.0,33003.0,2511.0,83018375.0,0.0
MHImain,HKFE,2018-01-25 08:00:00,32898.0,33017.0,32729.0,32832.0,40607.0,1333763871.0,0.0
MHImain,HKFE,2018-01-25 12:00:00,32833.0,32908.0,32793.0,32805.0,23130.0,759945986.0,0.0
MHImain,HKFE,2018-01-25 16:00:00,32805.0,32823.0,32618.0,32691.0,22481.0,735280983.0,0.0
MHImain,HKFE,2018-01-25 20:00:00,32691.0,32765.0,32614.0,32638.0,9529.0,311602058.0,0.0
MHImain,HKFE,2018-01-26 00:00:00,32637.0,32748.0,32637.0,32732.0,3334.0,108962964.0,0.0
MHImain,HKFE,2018-01-26 08:00:00,32841.0,32942.0,32799.0,32922.0,30055.0,987924209.0,0.0
MHImain,HKFE,2018-01-26 12:00:00,32921.0,33203.0,32918.0,33146.0,31348.0,1037392540.0,0.0
MHImain,HKFE,2018-01-26 16:00:00,33145.0,33235.0,33034.0,33220.0,16410.0,543642551.0,0.0
MHImain,HKFE,2018-01-26 20:00:00,33220.0,33257.0,33173.0,33227.0,4996.0,165937990.0,0.0
MHImain,HKFE,2018-01-27 00:00:00,33225.0,33251.0,33195.0,33233.0,1760.0,58476299.0,0.0
MHImain,HKFE,2018-01-29 08:00:00,33335.0,33512.0,33142.0,33149.0,33547.0,1118130148.0,0.0
MHImain,HKFE,2018-01-29 12:00:00,33147.0,33179.0,32903.0,32995.0,37923.0,1253281063.0,0.0
MHImain,HKFE,2018-01-29 16:00:00,32996.0,33068.0,32760.0,32796.0,17178.0,565943332.0,0.0
MHImain,HKFE,2018-01-29 20:00:00,32792.0,32876.0,32760.0,32835.0,4516.0,148197787.0,0.0
MHImain,HKFE,2018-01-30 00:00:00,32832.0,32866.0,32781.0,32813.0,1656.0,54345807.0,0.0
MHImain,HKFE,2018-01-30 08:00:00,32769.0,32983.0,32731.0,32880.0,6096.0,200446351.0,0.0
MHImain,HKFE,2018-01-30 12:00:00,32883.0,32887.0,32657.0,32729.0,3051.0,99942769.0,0.0
MHImain,HKFE,2018-01-30 16:00:00,32732.0,32740.0,32632.0,32665.0,2984.0,97495827.0,0.0
MHImain,HKFE,2018-01-30 20:00:00,32666.0,32677.0,32377.0,32407.0,11542.0,375721193.0,0.0
MHImain,HKFE,2018-01-31 00:00:00,32408.0,32432.0,32336.0,32428.0,4760.0,154151318.0,0.0
MHImain,HKFE,2018-01-31 08:00:00,32425.0,32593.0,32293.0,32577.0,44778.0,1453688116.0,0.0
MHImain,HKFE,2018-01-31 12:00:00,32580.0,32792.0,32521.0,32720.0,47697.0,1557480739.0,0.0
MHImain,HKFE,2018-01-31 16:00:00,32720.0,32941.0,32675.0,32941.0,22804.0,748503172.0,0.0
MHImain,HKFE,2018-01-31 20:00:00,32942.0,32992.0,32869.0,32920.0,9187.0,302566859.0,0.0
MHImain,HKFE,2018-02-01 00:00:00,32922.0,32941.0,32776.0,32810.0,3260.0,107120865.0,0.0
MHImain,HKFE,2018-02-01 08:00:00,32821.0,32979.0,32712.0,32798.0,45330.0,1489536478.0,0.0
MHImain,HKFE,2018-02-01 12:00:00,32800.0,32815.0,32614.0,32757.0,31370.0,1026671230.0,0.0
MHImain,HKFE,2018-02-01 16:00:00,32756.0,32824.0,32532.0,32543.0,20669.0,675099667.0,0.0
MHImain,HKFE,2018-02-01 20:00:00,32543.0,32559.0,32425.0,32504.0,12888.0,418804239.0,0.0
MHImain,HKFE,2018-02-02 00:00:00,32505.0,32520.0,32449.0,32473.0,3116.0,101234474.0,0.0
MHImain,HKFE,2018-02-02 08:00:00,32552.0,32709.0,32267.0,32633.0,54779.0,1779846172.0,0.0
MHImain,HKFE,2018-02-02 12:00:00,32636.0,32734.0,32481.0,32702.0,34534.0,1126141480.0,0.0
MHImain,HKFE,2018-02-02 16:00:00,32702.0,32742.0,32270.0,32323.0,25310.0,822800451.0,0.0
MHImain,HKFE,2018-02-02 20:00:00,32321.0,32367.0,32069.0,32121.0,18394.0,593194870.0,0.0
MHImain,HKFE,2018-02-03 00:00:00,32121.0,32190.0,32102.0,32178.0,4876.0,156751782.0,0.0
MHImain,HKFE,2018-02-05 08:00:00,31699.0,31973.0,31635.0,31944.0,48456.0,1543715781.0,0.0
MHImain,HKFE,2018-02-05 12:00:00,31944.0,32194.0,31919.0,32151.0,37330.0,1197869235.0,0.0
MHImain,HKFE,2018-02-05 16:00:00,32150.0,32328.0,31983.0,32014.0,31723.0,1020859954.0,0.0
MHImain,HKFE,2018-02-05 20:00:00,32014.0,32084.0,31913.0,32077.0,21978.0,703097544.0,0.0
MHImain,HKFE,2018-02-06 00:00:00,32074.0,32171.0,32049.0,32075.0,7153.0,229601029.0,0.0
MHImain,HKFE,2018-02-06 08:00:00,30870.0,31214.0,30711.0,30827.0,73770.0,2284321510.0,0.0
MHImain,HKFE,2018-02-06 12:00:00,30827.0,30993.0,30540.0,30684.0,54586.0,1679849776.0,0.0
MHImain,HKFE,2018-02-06 16:00:00,30681.0,30968.0,30485.0,30655.0,51720.0,1589636384.0,0.0
MHImain,HKFE,2018-02-06 20:00:00,30655.0,30988.0,30403.0,30835.0,28165.0,863261207.0,0.0
MHImain,HKFE,2018-02-07 00:00:00,30835.0,30877.0,30649.0,30767.0,10415.0,320457597.0,0.0
MHImain,HKFE,2018-02-07 08:00:00,31205.0,31377.0,30883.0,31018.0,54681.0,1704692408.0,0.0
MHImain,HKFE,2018-02-07 12:00:00,31015.0,31019.0,30198.0,30371.0,67993.0,2082788794.0,0.0
MHImain,HKFE,2018-02-07 16:00:00,30369.0,30447.0,30066.0,30177.0,37038.0,1121247678.0,0.0
MHImain,HKFE,2018-02-07 20:00:00,30176.0,30700.0,30172.0,30690.0,27507.0,837236469.0,0.0
MHImain,HKFE,2018-02-08 00:00:00,30693.0,30793.0,30585.0,30785.0,7606.0,233408428.0,0.0
MHImain,HKFE,2018-02-08 08:00:00,30444.0,30660.0,30282.0,30372.0,56918.0,1733342042.0,0.0
MHImain,HKFE,2018-02-08 12:00:00,30371.0,30545.0,30164.0,30290.0,51260.0,1556328813.0,0.0
MHImain,HKFE,2018-02-08 16:00:00,30290.0,30460.0,30203.0,30249.0,26012.0,788767760.0,0.0
MHImain,HKFE,2018-02-08 20:00:00,30251.0,30395.0,30132.0,30180.0,18744.0,567302652.0,0.0
MHImain,HKFE,2018-02-09 00:00:00,30177.0,30229.0,30001.0,30020.0,6767.0,203704073.0,0.0
MHImain,HKFE,2018-02-09 08:00:00,29541.0,29637.0,29070.0,29239.0,52960.0,1555547477.0,0.0
MHImain,HKFE,2018-02-09 12:00:00,29235.0,29485.0,29169.0,29395.0,41475.0,1215781282.0,0.0
MHImain,HKFE,2018-02-09 16:00:00,29397.0,29531.0,29265.0,29298.0,26153.0,768681825.0,0.0
MHImain,HKFE,2018-02-09 20:00:00,29298.0,29488.0,29010.0,29294.0,31488.0,921003315.0,0.0
MHImain,HKFE,2018-02-10 00:00:00,29292.0,29412.0,29031.0,29128.0,9448.0,275954084.0,0.0
MHImain,HKFE,2018-02-12 08:00:00,29600.0,29683.0,29434.0,29665.0,41997.0,1241526913.0,0.0
MHImain,HKFE,2018-02-12 12:00:00,29666.0,29708.0,29526.0,29598.0,24465.0,724737901.0,0.0
MHImain,HKFE,2018-02-12 16:00:00,29597.0,29635.0,29340.0,29519.0,22289.0,657567721.0,0.0
MHImain,HKFE,2018-02-12 20:00:00,29520.0,29612.0,29402.0,29510.0,16477.0,486387647.0,0.0
MHImain,HKFE,2018-02-13 00:00:00,29511.0,29514.0,29377.0,29504.0,6957.0,204860298.0,0.0
MHImain,HKFE,2018-02-13 08:00:00,29666.0,30088.0,29623.0,30042.0,34868.0,1041817170.0,0.0
MHImain,HKFE,2018-02-13 12:00:00,30042.0,30063.0,29722.0,29787.0,29406.0,877969705.0,0.0
MHImain,HKFE,2018-02-13 16:00:00,29792.0,29834.0,29553.0,29562.0,20721.0,615806308.0,0.0
MHImain,HKFE,2018-02-13 20:00:00,29559.0,29747.0,29519.0,29739.0,14569.0,431651378.0,0.0
MHImain,HKFE,2018-02-14 00:00:00,29738.0,29841.0,29724.0,29804.0,5712.0,170092857.0,0.0
MHImain,HKFE,2018-02-14 08:00:00,29888.0,30050.0,29852.0,29939.0,24466.0,732624974.0,0.0
MHImain,HKFE,2018-02-14 12:00:00,29939.0,30302.0,29914.0,30248.0,23354.0,703110135.0,0.0
MHImain,HKFE,2018-02-14 16:00:00,30246.0,30587.0,30202.0,30276.0,25428.0,772316168.0,0.0
MHImain,HKFE,2018-02-14 20:00:00,30279.0,30378.0,29953.0,30338.0,26991.0,813467976.0,0.0
MHImain,HKFE,2018-02-15 00:00:00,30339.0,30469.0,30318.0,30438.0,8690.0,264246830.0,0.0
MHImain,HKFE,2018-02-15 08:00:00,30658.0,30988.0,30648.0,30957.0,23588.0,726769348.0,0.0
MHImain,HKFE,2018-02-15 12:00:00,30957.0,30957.0,30957.0,30957.0,0.0,0.0,0.0
MHImain,HKFE,2018-02-15 16:00:00,30957.0,30957.0,30957.0,30957.0,0.0,0.0,0.0
MHImain,HKFE,2018-02-15 20:00:00,30957.0,30957.0,30957.0,30957.0,0.0,0.0,0.0
MHImain,HKFE,2018-02-16 00:00:00,30957.0,30957.0,30957.0,30957.0,0.0,0.0,0.0
MHImain,HKFE,2018-02-20 08:00:00,31192.0,31274.0,30607.0,31274.0,39540.0,1222884207.0,0.0
MHImain,HKFE,2018-02-20 12:00:00,31274.0,31277.0,30863.0,31056.0,22544.0,699183882.0,0.0
MHImain,HKFE,2018-02-20 16:00:00,31054.0,31086.0,30634.0,30675.0,16577.0,510847706.0,0.0
MHImain,HKFE,2018-02-20 20:00:00,30673.0,30898.0,30649.0,30863.0,9879.0,304093806.0,0.0
MHImain,HKFE,2018-02-21 00:00:00,30860.0,30887.0,30773.0,30832.0,3215.0,99099771.0,0.0
MHImain,HKFE,2018-02-21 08:00:00,30886.0,31163.0,30815.0,31111.0,25047.0,776262520.0,0.0
MHImain,HKFE,2018-02-21 12:00:00,31113.0,31312.0,31004.0,31287.0,21611.0,673077563.0,0.0
MHImain,HKFE,2018-02-21 16:00:00,31288.0,31391.0,31252.0,31316.0,15479.0,484864456.0,0.0
MHImain,HKFE,2018-02-21 20:00:00,31315.0,31488.0,31253.0,31430.0,9227.0,289566035.0,0.0
MHImain,HKFE,2018-02-22 00:00:00,31428.0,31486.0,31423.0,31449.0,2227.0,70054273.0,0.0
MHImain,HKFE,2018-02-22 08:00:00,31249.0,31250.0,30887.0,31030.0,34177.0,1060872536.0,0.0
MHImain,HKFE,2018-02-22 12:00:00,31033.0,31152.0,30965.0,30980.0,18474.0,574005038.0,0.0
MHImain,HKFE,2018-02-22 16:00:00,30983.0,31064.0,30906.0,31026.0,13434.0,416293742.0,0.0
MHImain,HKFE,2018-02-22 20:00:00,31024.0,31210.0,30986.0,31128.0,9861.0,306682907.0,0.0
MHImain,HKFE,2018-02-23 00:00:00,31125.0,31275.0,31111.0,31259.0,3354.0,104613543.0,0.0
MHImain,HKFE,2018-02-23 08:00:00,31220.0,31372.0,31163.0,31198.0,26558.0,830622847.0,0.0
MHImain,HKFE,2018-02-23 12:00:00,31198.0,31318.0,31114.0,31307.0,21499.0,671317271.0,0.0
MHImain,HKFE,2018-02-23 16:00:00,31306.0,31351.0,31133.0,31209.0,12989.0,405718319.0,0.0
MHImain,HKFE,2018-02-23 20:00:00,31208.0,31289.0,31189.0,31193.0,6495.0,202894919.0,0.0
MHImain,HKFE,2018-02-24 00:00:00,31200.0,31251.0,31156.0,31233.0,2899.0,90456189.0,0.0
MHImain,HKFE,2018-02-26 08:00:00,31412.0,31553.0,31274.0,31492.0,26898.0,844958065.0,0.0
MHImain,HKFE,2018-02-26 12:00:00,31493.0,31550.0,31397.0,31516.0,15037.0,473445190.0,0.0
MHImain,HKFE,2018-02-26 16:00:00,31516.0,31585.0,31423.0,31574.0,8439.0,265869440.0,0.0
MHImain,HKFE,2018-02-26 20:00:00,31575.0,31603.0,31545.0,31546.0,3537.0,111689070.0,0.0
MHImain,HKFE,2018-02-27 00:00:00,31544.0,31566.0,31476.0,31565.0,2176.0,68583904.0,0.0
MHImain,HKFE,2018-02-27 08:00:00,31750.0,31774.0,31500.0,31504.0,5388.0,170589179.0,0.0
MHImain,HKFE,2018-02-27 12:00:00,31503.0,31575.0,31463.0,31485.0,2083.0,65642805.0,0.0
MHImain,HKFE,2018-02-27 16:00:00,31486.0,31490.0,31310.0,31326.0,3837.0,120325318.0,0.0
MHImain,HKFE,2018-02-27 20:00:00,31324.0,31415.0,31285.0,31390.0,7552.0,236796242.0,0.0
MHImain,HKFE,2018-02-28 00:00:00,31392.0,31435.0,31130.0,31199.0,5570.0,174200474.0,0.0
MHImain,HKFE,2018-02-28 08:00:00,31104.0,31126.0,30747.0,30755.0,32797.0,1013787435.0,0.0
MHImain,HKFE,2018-02-28 12:00:00,30757.0,30873.0,30661.0,30746.0,26809.0,825172527.0,0.0
MHImain,HKFE,2018-02-28 16:00:00,30747.0,30899.0,30709.0,30839.0,17570.0,541148198.0,0.0
MHImain,HKFE,2018-02-28 20:00:00,30839.0,30897.0,30791.0,30830.0,7404.0,228387792.0,0.0
MHImain,HKFE,2018-03-01 00:00:00,30825.0,30861.0,30600.0,30626.0,4833.0,148514589.0,0.0
MHImain,HKFE,2018-03-01 08:00:00,30511.0,30848.0,30355.0,30812.0,41204.0,1261879425.0,0.0
MHImain,HKFE,2018-03-01 12:00:00,30811.0,30889.0,30629.0,30845.0,28447.0,875172572.0,0.0
MHImain,HKFE,2018-03-01 16:00:00,30844.0,31084.0,30823.0,30899.0,22656.0,700954517.0,0.0
MHImain,HKFE,2018-03-01 20:00:00,30899.0,30953.0,30726.0,30855.0,18310.0,564561595.0,0.0
MHImain,HKFE,2018-03-02 00:00:00,30853.0,30996.0,30810.0,30846.0,7378.0,227911695.0,0.0
MHImain,HKFE,2018-03-02 08:00:00,30551.0,30642.0,30428.0,30485.0,38959.0,1189155702.0,0.0
MHImain,HKFE,2018-03-02 12:00:00,30485.0,30610.0,30476.0,30529.0,20131.0,614745542.0,0.0
MHImain,HKFE,2018-03-02 16:00:00,30526.0,30582.0,30315.0,30327.0,13531.0,412595990.0,0.0
MHImain,HKFE,2018-03-02 20:00:00,30325.0,30352.0,29996.0,30096.0,21837.0,658049178.0,0.0
MHImain,HKFE,2018-03-03 00:00:00,30097.0,30170.0,30043.0,30109.0,5150.0,155057014.0,0.0
MHImain,HKFE,2018-03-05 08:00:00,30380.0,30674.0,30015.0,30021.0,45804.0,1387496538.0,0.0
MHImain,HKFE,2018-03-05 12:00:00,30019.0,30227.0,30012.0,30116.0,24138.0,727509447.0,0.0
MHImain,HKFE,2018-03-05 16:00:00,30116.0,30116.0,29791.0,29949.0,25822.0,773099769.0,0.0
MHImain,HKFE,2018-03-05 20:00:00,29943.0,29996.0,29835.0,29937.0,12051.0,360620852.0,0.0
MHImain,HKFE,2018-03-06 00:00:00,29940.0,30224.0,29940.0,30191.0,5153.0,155038494.0,0.0
MHImain,HKFE,2018-03-06 08:00:00,30390.0,30456.0,30117.0,30263.0,35397.0,1071746769.0,0.0
MHImain,HKFE,2018-03-06 12:00:00,30260.0,30567.0,30202.0,30548.0,27833.0,845081342.0,0.0
MHImain,HKFE,2018-03-06 16:00:00,30550.0,30595.0,30411.0,30525.0,15355.0,468354345.0,0.0
MHImain,HKFE,2018-03-06 20:00:00,30525.0,30658.0,30469.0,30535.0,15732.0,481225390.0,0.0
MHImain,HKFE,2018-03-07 00:00:00,30533.0,30619.0,30455.0,30503.0,5860.0,178962945.0,0.0
MHImain,HKFE,2018-03-07 08:00:00,30152.0,30640.0,30150.0,30470.0,39137.0,1191326543.0,0.0
MHImain,HKFE,2018-03-07 12:00:00,30467.0,30490.0,30060.0,30138.0,37572.0,1135824006.0,0.0
MHImain,HKFE,2018-03-07 16:00:00,30136.0,30248.0,30082.0,30188.0,18058.0,544951231.0,0.0
MHImain,HKFE,2018-03-07 20:00:00,30186.0,30435.0,30183.0,30293.0,13811.0,418885230.0,0.0
MHImain,HKFE,2018-03-08 00:00:00,30297.0,30439.0,30293.0,30385.0,4254.0,129236451.0,0.0
MHImain,HKFE,2018-03-08 08:00:00,30463.0,30641.0,30403.0,30640.0,30827.0,941170285.0,0.0
MHImain,HKFE,2018-03-08 12:00:00,30640.0,30740.0,30525.0,30695.0,22381.0,685287832.0,0.0
MHImain,HKFE,2018-03-08 16:00:00,30698.0,30736.0,30623.0,30668.0,11602.0,355908292.0,0.0
MHImain,HKFE,2018-03-08 20:00:00,30667.0,30829.0,30661.0,30742.0,10085.0,310083696.0,0.0
MHImain,HKFE,2018-03-09 00:00:00,30743.0,30766.0,30620.0,30739.0,4205.0,129059425.0,0.0
MHImain,HKFE,2018-03-09 08:00:00,30835.0,31009.0,30818.0,30911.0,29966.0,926618215.0,0.0
MHImain,HKFE,2018-03-09 12:00:00,30910.0,31026.0,30882.0,30961.0,15995.0,495103680.0,0.0
MHImain,HKFE,2018-03-09 16:00:00,30965.0,31060.0,30910.0,31050.0,10384.0,321756037.0,0.0
MHImain,HKFE,2018-03-09 20:00:00,31053.0,31208.0,30959.0,31198.0,11109.0,345668712.0,0.0
MHImain,HKFE,2018-03-10 00:00:00,31197.0,31233.0,31170.0,31224.0,2640.0,82381140.0,0.0
MHImain,HKFE,2018-03-12 08:00:00,31468.0,31580.0,31347.0,31514.0,28126.0,884947553.0,0.0
MHImain,HKFE,2018-03-12 12:00:00,31515.0,31573.0,31419.0,31558.0,16717.0,526553006.0,0.0
MHImain,HKFE,2018-03-12 16:00:00,31560.0,31640.0,31537.0,31564.0,12651.0,399673166.0,0.0
MHImain,HKFE,2018-03-12 20:00:00,31566.0,31620.0,31506.0,31517.0,8881.0,280255711.0,0.0
MHImain,HKFE,2018-03-13 00:00:00,31514.0,31550.0,31442.0,31550.0,3754.0,118221455.0,0.0
MHImain,HKFE,2018-03-13 08:00:00,31541.0,31714.0,31483.0,31536.0,28030.0,885499131.0,0.0
MHImain,HKFE,2018-03-13 12:00:00,31536.0,31619.0,31502.0,31518.0,15138.0,477724990.0,0.0
MHImain,HKFE,2018-03-13 16:00:00,31517.0,31640.0,31514.0,31603.0,10095.0,318827961.0,0.0
MHImain,HKFE,2018-03-13 20:00:00,31607.0,31696.0,31477.0,31505.0,12760.0,403379277.0,0.0
MHImain,HKFE,2018-03-14 00:00:00,31507.0,31511.0,31304.0,31321.0,5974.0,187684178.0,0.0
MHImain,HKFE,2018-03-14 08:00:00,31299.0,31354.0,31154.0,31226.0,27246.0,851098502.0,0.0
MHImain,HKFE,2018-03-14 12:00:00,31226.0,31246.0,31111.0,31170.0,17985.0,560719634.0,0.0
MHImain,HKFE,2018-03-14 16:00:00,31172.0,31542.0,31147.0,31530.0,19985.0,626977100.0,0.0
MHImain,HKFE,2018-03-14 20:00:00,31528.0,31580.0,31208.0,31217.0,15040.0,472495768.0,0.0
MHImain,HKFE,2018-03-15 00:00:00,31219.0,31254.0,31137.0,31164.0,5245.0,163569908.0,0.0
MHImain,HKFE,2018-03-15 08:00:00,31148.0,31538.0,31052.0,31463.0,30843.0,964975278.0,0.0
MHImain,HKFE,2018-03-15 12:00:00,31465.0,31562.0,31348.0,31544.0,23620.0,742881028.0,0.0
MHImain,HKFE,2018-03-15 16:00:00,31543.0,31620.0,31453.0,31507.0,14346.0,452538700.0,0.0
MHImain,HKFE,2018-03-15 20:00:00,31507.0,31628.0,31367.0,31628.0,15085.0,474991084.0,0.0
MHImain,HKFE,2018-03-16 00:00:00,31625.0,31652.0,31492.0,31501.0,4102.0,129552283.0,0.0
MHImain,HKFE,2018-03-16 08:00:00,31395.0,31523.0,31270.0,31457.0,25758.0,809494063.0,0.0
MHImain,HKFE,2018-03-16 12:00:00,31459.0,31578.0,31377.0,31382.0,20934.0,659080881.0,0.0
MHImain,HKFE,2018-03-16 16:00:00,31383.0,31498.0,31354.0,31475.0,12686.0,398824718.0,0.0
MHImain,HKFE,2018-03-16 20:00:00,31475.0,31497.0,31391.0,31444.0,9021.0,283776704.0,0.0
MHImain,HKFE,2018-03-17 00:00:00,31445.0,31546.0,31435.0,31505.0,3339.0,105191158.0,0.0
MHImain,HKFE,2018-03-19 08:00:00,31393.0,31677.0,31209.0,31615.0,33139.0,1042578085.0,0.0
MHImain,HKFE,2018-03-19 12:00:00,31615.0,31632.0,31475.0,31538.0,22017.0,694749641.0,0.0
MHImain,HKFE,2018-03-19 16:00:00,31537.0,31573.0,31362.0,31395.0,12116.0,381502572.0,0.0
MHImain,HKFE,2018-03-19 20:00:00,31392.0,31457.0,31310.0,31322.0,10234.0,321272682.0,0.0
MHImain,HKFE,2018-03-20 00:00:00,31321.0,31323.0,31180.0,31196.0,5046.0,157644813.0,0.0
MHImain,HKFE,2018-03-20 08:00:00,31291.0,31395.0,31148.0,31194.0,31783.0,994266635.0,0.0
MHImain,HKFE,2018-03-20 12:00:00,31194.0,31588.0,31182.0,31523.0,29831.0,936877601.0,0.0
MHImain,HKFE,2018-03-20 16:00:00,31522.0,31642.0,31478.0,31626.0,12934.0,407989723.0,0.0
MHImain,HKFE,2018-03-20 20:00:00,31623.0,31684.0,31534.0,31625.0,13323.0,421286521.0,0.0
MHImain,HKFE,2018-03-21 00:00:00,31625.0,31687.0,31588.0,31644.0,3286.0,103951644.0,0.0
MHImain,HKFE,2018-03-21 08:00:00,31695.0,32006.0,31691.0,31943.0,30015.0,957145560.0,0.0
MHImain,HKFE,2018-03-21 12:00:00,31945.0,31990.0,31516.0,31621.0,33066.0,1050635398.0,0.0
MHImain,HKFE,2018-03-21 16:00:00,31623.0,31636.0,31200.0,31305.0,26284.0,826182156.0,0.0
MHImain,HKFE,2018-03-21 20:00:00,31306.0,31363.0,31222.0,31306.0,11206.0,350760964.0,0.0
MHImain,HKFE,2018-03-22 00:00:00,31308.0,31431.0,31306.0,31406.0,2897.0,90904112.0,0.0
MHImain,HKFE,2018-03-22 08:00:00,31550.0,31704.0,31151.0,31221.0,40690.0,1279570662.0,0.0
MHImain,HKFE,2018-03-22 12:00:00,31221.0,31424.0,31139.0,31221.0,33997.0,1063105601.0,0.0
MHImain,HKFE,2018-03-22 16:00:00,31221.0,31242.0,30543.0,30584.0,27513.0,851175662.0,0.0
MHImain,HKFE,2018-03-22 20:00:00,30587.0,30687.0,30459.0,30499.0,21103.0,645073850.0,0.0
MHImain,HKFE,2018-03-23 00:00:00,30491.0,30504.0,30259.0,30320.0,8125.0,246676817.0,0.0
MHImain,HKFE,2018-03-23 08:00:00,30050.0,30315.0,29855.0,30128.0,52264.0,1572815082.0,0.0
MHImain,HKFE,2018-03-23 12:00:00,30128.0,30225.0,29919.0,30054.0,35170.0,1058183520.0,0.0
MHImain,HKFE,2018-03-23 16:00:00,30053.0,30331.0,30002.0,30177.0,26617.0,802996181.0,0.0
MHImain,HKFE,2018-03-23 20:00:00,30179.0,30316.0,30117.0,30228.0,18375.0,555485435.0,0.0
MHImain,HKFE,2018-03-24 00:00:00,30228.0,30239.0,30020.0,30105.0,6265.0,188619590.0,0.0
MHImain,HKFE,2018-03-26 08:00:00,29950.0,30283.0,29937.0,30033.0,37087.0,1119126426.0,0.0
MHImain,HKFE,2018-03-26 12:00:00,30030.0,30372.0,29969.0,30365.0,32268.0,973481288.0,0.0
MHImain,HKFE,2018-03-26 16:00:00,30367.0,30624.0,30333.0,30607.0,19618.0,598116097.0,0.0
MHImain,HKFE,2018-03-26 20:00:00,30608.0,30618.0,30343.0,30351.0,14866.0,453696674.0,0.0
MHImain,HKFE,2018-03-27 00:00:00,30350.0,30478.0,30255.0,30475.0,7242.0,219809199.0,0.0
MHImain,HKFE,2018-03-27 08:00:00,30900.0,30949.0,30719.0,30824.0,31397.0,968056158.0,0.0
MHImain,HKFE,2018-03-27 12:00:00,30825.0,30890.0,30737.0,30849.0,20308.0,625766866.0,0.0
MHImain,HKFE,2018-03-27 16:00:00,30849.0,30870.0,30733.0,30768.0,9964.0,306876731.0,0.0
MHImain,HKFE,2018-03-27 20:00:00,30767.0,30797.0,30604.0,30668.0,9841.0,302086595.0,0.0
MHImain,HKFE,2018-03-28 00:00:00,30671.0,30851.0,30659.0,30837.0,2740.0,84329581.0,0.0
MHImain,HKFE,2018-03-28 08:00:00,30437.0,30637.0,30377.0,30435.0,5004.0,152635939.0,0.0
MHImain,HKFE,2018-03-28 12:00:00,30435.0,30448.0,30312.0,30356.0,1872.0,56871243.0,0.0
MHImain,HKFE,2018-03-28 16:00:00,30356.0,30360.0,29871.0,30072.0,6499.0,194856226.0,0.0
MHImain,HKFE,2018-03-28 20:00:00,30074.0,30146.0,29810.0,29966.0,28581.0,856796569.0,0.0
MHImain,HKFE,2018-03-29 00:00:00,29962.0,30121.0,29902.0,30118.0,6545.0,196277123.0,0.0
MHImain,HKFE,2018-03-29 08:00:00,30147.0,30188.0,29752.0,29908.0,46148.0,1381506289.0,0.0
MHImain,HKFE,2018-03-29 12:00:00,29905.0,30205.0,29811.0,30066.0,32975.0,989918039.0,0.0
MHImain,HKFE,2018-03-29 16:00:00,30065.0,30126.0,29957.0,30119.0,17400.0,523046505.0,0.0
MHImain,HKFE,2018-03-29 20:00:00,30115.0,30318.0,30033.0,30263.0,14814.0,446759377.0,0.0
MHImain,HKFE,2018-03-30 00:00:00,30265.0,30283.0,30166.0,30192.0,4739.0,143207529.0,0.0
MHImain,HKFE,2018-04-03 08:00:00,29862.0,30011.0,29748.0,29883.0,37827.0,1130087254.0,0.0
MHImain,HKFE,2018-04-03 12:00:00,29884.0,30148.0,29824.0,30126.0,26362.0,789802165.0,0.0
MHImain,HKFE,2018-04-03 16:00:00,30124.0,30294.0,30078.0,30211.0,19490.0,588503995.0,0.0
MHImain,HKFE,2018-04-03 20:00:00,30210.0,30292.0,30065.0,30245.0,16717.0,504677966.0,0.0
MHImain,HKFE,2018-04-04 00:00:00,30247.0,30265.0,30118.0,30170.0,4113.0,124172150.0,0.0
MHImain,HKFE,2018-04-04 08:00:00,30118.0,30315.0,30117.0,30178.0,30143.0,910313221.0,0.0
MHImain,HKFE,2018-04-04 12:00:00,30176.0,30179.0,29761.0,29841.0,34083.0,1021995959.0,0.0
MHImain,HKFE,2018-04-04 16:00:00,29839.0,29848.0,29146.0,29225.0,36466.0,1076087633.0,0.0
MHImain,HKFE,2018-04-04 20:00:00,29224.0,29719.0,29187.0,29686.0,26359.0,777235014.0,0.0
MHImain,HKFE,2018-04-05 00:00:00,29685.0,29888.0,29681.0,29873.0,7001.0,208484474.0,0.0
MHImain,HKFE,2018-04-06 08:00:00,29800.0,29980.0,29648.0,29795.0,35660.0,1063623267.0,0.0
MHImain,HKFE,2018-04-06 12:00:00,29793.0,29884.0,29563.0,29837.0,28799.0,856670093.0,0.0
MHImain,HKFE,2018-04-06 16:00:00,29845.0,29886.0,29752.0,29835.0,14360.0,428251799.0,0.0
MHImain,HKFE,2018-04-06 20:00:00,29839.0,30159.0,29752.0,29887.0,26279.0,787246994.0,0.0
MHImain,HKFE,2018-04-07 00:00:00,29886.0,29963.0,29833.0,29878.0,6031.0,180326403.0,0.0
MHImain,HKFE,2018-04-09 08:00:00,30007.0,30176.0,29912.0,30147.0,35486.0,1065792320.0,0.0
MHImain,HKFE,2018-04-09 12:00:00,30147.0,30577.0,30147.0,30315.0,40942.0,1241120986.0,0.0
MHImain,HKFE,2018-04-09 16:00:00,30318.0,30382.0,30105.0,30240.0,22681.0,686082043.0,0.0
MHImain,HKFE,2018-04-09 20:00:00,30238.0,30297.0,30061.0,30272.0,16652.0,502860999.0,0.0
MHImain,HKFE,2018-04-10 00:00:00,30273.0,30382.0,30273.0,30370.0,3810.0,115538770.0,0.0
MHImain,HKFE,2018-04-10 08:00:00,30155.0,30598.0,30136.0,30478.0,40480.0,1229604341.0,0.0
MHImain,HKFE,2018-04-10 12:00:00,30477.0,30798.0,30445.0,30798.0,30465.0,933493543.0,0.0
MHImain,HKFE,2018-04-10 16:00:00,30798.0,30815.0,30696.0,30708.0,16241.0,499319153.0,0.0
MHImain,HKFE,2018-04-10 20:00:00,30710.0,30753.0,30645.0,30698.0,12232.0,375541984.0,0.0
MHImain,HKFE,2018-04-11 00:00:00,30698.0,30756.0,30663.0,30700.0,2738.0,84083069.0,0.0
MHImain,HKFE,2018-04-11 08:00:00,30745.0,30970.0,30687.0,30953.0,35359.0,1089869606.0,0.0
MHImain,HKFE,2018-04-11 12:00:00,30958.0,31000.0,30829.0,30883.0,25041.0,774357060.0,0.0
MHImain,HKFE,2018-04-11 16:00:00,30877.0,30920.0,30811.0,30829.0,11993.0,370280662.0,0.0
MHImain,HKFE,2018-04-11 20:00:00,30827.0,30983.0,30788.0,30937.0,13184.0,407335681.0,0.0
MHImain,HKFE,2018-04-12 00:00:00,30936.0,31085.0,30907.0,31069.0,3102.0,96138869.0,0.0
MHImain,HKFE,2018-04-12 08:00:00,31080.0,31153.0,30891.0,30943.0,33211.0,1029625169.0,0.0
MHImain,HKFE,2018-04-12 12:00:00,30936.0,30936.0,30605.0,30653.0,32740.0,1007232764.0,0.0
MHImain,HKFE,2018-04-12 16:00:00,30653.0,30948.0,30637.0,30889.0,19577.0,602798006.0,0.0
MHImain,HKFE,2018-04-12 20:00:00,30892.0,31028.0,30863.0,31012.0,11878.0,367564173.0,0.0
MHImain,HKFE,2018-04-13 00:00:00,31009.0,31045.0,30961.0,30988.0,2477.0,76810567.0,0.0
MHImain,HKFE,2018-04-13 08:00:00,31035.0,31055.0,30747.0,30754.0,30289.0,936568012.0,0.0
MHImain,HKFE,2018-04-13 12:00:00,30754.0,30906.0,30701.0,30893.0,23985.0,739499761.0,0.0
MHImain,HKFE,2018-04-13 16:00:00,30891.0,30943.0,30786.0,30923.0,10873.0,335463184.0,0.0
MHImain,HKFE,2018-04-13 20:00:00,30921.0,30963.0,30669.0,30715.0,13573.0,418375362.0,0.0
MHImain,HKFE,2018-04-14 00:00:00,30717.0,30795.0,30709.0,30770.0,3419.0,105158498.0,0.0
MHImain,HKFE,2018-04-16 08:00:00,30982.0,30992.0,30275.0,30283.0,38969.0,1190158985.0,0.0
MHImain,HKFE,2018-04-16 12:00:00,30281.0,30412.0,30222.0,30261.0,32011.0,969867820.0,0.0
MHImain,HKFE,2018-04-16 16:00:00,30258.0,30322.0,30160.0,30244.0,21399.0,646996823.0,0.0
MHImain,HKFE,2018-04-16 20:00:00,30238.0,30339.0,30186.0,30298.0,11414.0,345602445.0,0.0
MHImain,HKFE,2018-04-17 00:00:00,30298.0,30351.0,30282.0,30339.0,2145.0,65022445.0,0.0
MHImain,HKFE,2018-04-17 08:00:00,30344.0,30527.0,30069.0,30329.0,46908.0,1421280811.0,0.0
MHImain,HKFE,2018-04-17 12:00:00,30331.0,30377.0,30150.0,30223.0,27892.0,843964423.0,0.0
MHImain,HKFE,2018-04-17 16:00:00,30223.0,30255.0,29992.0,30199.0,22709.0,683327630.0,0.0
MHImain,HKFE,2018-04-17 20:00:00,30196.0,30438.0,30186.0,30411.0,12114.0,367165053.0,0.0
MHImain,HKFE,2018-04-18 00:00:00,30411.0,30432.0,30358.0,30430.0,2010.0,61091410.0,0.0
MHImain,HKFE,2018-04-18 08:00:00,30500.0,30509.0,29957.0,30124.0,49061.0,1482778973.0,0.0
MHImain,HKFE,2018-04-18 12:00:00,30123.0,30392.0,30056.0,30185.0,35485.0,1073162874.0,0.0
MHImain,HKFE,2018-04-18 16:00:00,30184.0,30388.0,30129.0,30375.0,19627.0,593539336.0,0.0
MHImain,HKFE,2018-04-18 20:00:00,30376.0,30460.0,30285.0,30445.0,14054.0,426908009.0,0.0
MHImain,HKFE,2018-04-19 00:00:00,30447.0,30451.0,30380.0,30415.0,2264.0,68860809.0,0.0
MHImain,HKFE,2018-04-19 08:00:00,30488.0,30791.0,30447.0,30671.0,42644.0,1305251979.0,0.0
MHImain,HKFE,2018-04-19 12:00:00,30671.0,30779.0,30546.0,30657.0,28501.0,874349430.0,0.0
MHImain,HKFE,2018-04-19 16:00:00,30662.0,30769.0,30632.0,30725.0,14476.0,444500658.0,0.0
MHImain,HKFE,2018-04-19 20:00:00,30722.0,30745.0,30611.0,30626.0,11039.0,338705374.0,0.0
MHImain,HKFE,2018-04-20 00:00:00,30623.0,30667.0,30512.0,30542.0,3746.0,114599628.0,0.0
MHImain,HKFE,2018-04-20 08:00:00,30590.0,30878.0,30533.0,30584.0,39645.0,1216127932.0,0.0
MHImain,HKFE,2018-04-20 12:00:00,30586.0,30642.0,30474.0,30522.0,28895.0,882645975.0,0.0
MHImain,HKFE,2018-04-20 16:00:00,30523.0,30523.0,30318.0,30427.0,17924.0,544868277.0,0.0
MHImain,HKFE,2018-04-20 20:00:00,30427.0,30429.0,30184.0,30211.0,12355.0,374659185.0,0.0
MHImain,HKFE,2018-04-21 00:00:00,30210.0,30322.0,30206.0,30263.0,3411.0,103255912.0,0.0
MHImain,HKFE,2018-04-23 08:00:00,30357.0,30500.0,30146.0,30387.0,46966.0,1423605621.0,0.0
MHImain,HKFE,2018-04-23 12:00:00,30386.0,30419.0,30246.0,30374.0,24249.0,735104581.0,0.0
MHImain,HKFE,2018-04-23 16:00:00,30370.0,30396.0,30166.0,30245.0,13848.0,419053533.0,0.0
MHImain,HKFE,2018-04-23 20:00:00,30246.0,30377.0,30206.0,30370.0,10531.0,318762229.0,0.0
MHImain,HKFE,2018-04-24 00:00:00,30369.0,30391.0,30336.0,30345.0,2046.0,62121616.0,0.0
MHImain,HKFE,2018-04-24 08:00:00,30353.0,30678.0,30266.0,30637.0,33820.0,1031247935.0,0.0
MHImain,HKFE,2018-04-24 12:00:00,30637.0,30661.0,30490.0,30555.0,20956.0,640618317.0,0.0
MHImain,HKFE,2018-04-24 16:00:00,30553.0,30770.0,30543.0,30738.0,14540.0,445645762.0,0.0
MHImain,HKFE,2018-04-24 20:00:00,30741.0,30781.0,30578.0,30609.0,13777.0,422697846.0,0.0
MHImain,HKFE,2018-04-25 00:00:00,30605.0,30743.0,30586.0,30627.0,5357.0,164262751.0,0.0
MHImain,HKFE,2018-04-25 08:00:00,30471.0,30517.0,30218.0,30329.0,39205.0,1189588478.0,0.0
MHImain,HKFE,2018-04-25 12:00:00,30325.0,30390.0,30248.0,30288.0,18608.0,564006888.0,0.0
MHImain,HKFE,2018-04-25 16:00:00,30289.0,30361.0,30093.0,30137.0,15211.0,460190896.0,0.0
MHImain,HKFE,2018-04-25 20:00:00,30140.0,30262.0,30095.0,30233.0,15254.0,460180027.0,0.0
MHImain,HKFE,2018-04-26 00:00:00,30234.0,30284.0,30173.0,30202.0,3122.0,94369437.0,0.0
MHImain,HKFE,2018-04-26 08:00:00,30337.0,30456.0,30033.0,30113.0,34634.0,1046126708.0,0.0
MHImain,HKFE,2018-04-26 12:00:00,30111.0,30172.0,29838.0,29917.0,21455.0,643596524.0,0.0
MHImain,HKFE,2018-04-26 16:00:00,29920.0,30134.0,29876.0,30111.0,11885.0,356701643.0,0.0
MHImain,HKFE,2018-04-26 20:00:00,30113.0,30205.0,30088.0,30189.0,5182.0,156185267.0,0.0
MHImain,HKFE,2018-04-27 00:00:00,30188.0,30194.0,30144.0,30181.0,986.0,29746703.0,0.0
MHImain,HKFE,2018-04-27 08:00:00,30278.0,30309.0,30067.0,30104.0,5141.0,155162620.0,0.0
MHImain,HKFE,2018-04-27 12:00:00,30096.0,30159.0,30071.0,30148.0,1612.0,48552493.0,0.0
MHImain,HKFE,2018-04-27 16:00:00,30148.0,30152.0,30028.0,30076.0,2878.0,86582498.0,0.0
MHImain,HKFE,2018-04-27 20:00:00,30077.0,30140.0,30016.0,30090.0,9938.0,299043154.0,0.0
MHImain,HKFE,2018-04-28 00:00:00,30091.0,30139.0,30077.0,30122.0,2346.0,70636250.0,0.0
MHImain,HKFE,2018-04-30 08:00:00,30241.0,30658.0,30232.0,30620.0,28285.0,862864634.0,0.0
MHImain,HKFE,2018-04-30 12:00:00,30618.0,30689.0,30570.0,30661.0,10493.0,321311280.0,0.0
MHImain,HKFE,2018-04-30 16:00:00,30659.0,30722.0,30632.0,30672.0,8981.0,275494010.0,0.0
MHImain,HKFE,2018-04-30 20:00:00,30671.0,30683.0,30532.0,30601.0,7085.0,216841878.0,0.0
MHImain,HKFE,2018-05-01 00:00:00,30600.0,30610.0,30476.0,30484.0,2686.0,82026803.0,0.0
MHImain,HKFE,2018-05-02 08:00:00,30505.0,30659.0,30396.0,30444.0,33736.0,1029565681.0,0.0
MHImain,HKFE,2018-05-02 12:00:00,30444.0,30579.0,30392.0,30550.0,18483.0,563216026.0,0.0
MHImain,HKFE,2018-05-02 16:00:00,30551.0,30590.0,30460.0,30551.0,10682.0,326068353.0,0.0
MHImain,HKFE,2018-05-02 20:00:00,30550.0,30555.0,30353.0,30423.0,10300.0,313520993.0,0.0
MHImain,HKFE,2018-05-03 00:00:00,30426.0,30428.0,30298.0,30322.0,2948.0,89461931.0,0.0
MHImain,HKFE,2018-05-03 08:00:00,30300.0,30325.0,29903.0,29966.0,36342.0,1091866696.0,0.0
MHImain,HKFE,2018-05-03 12:00:00,29966.0,30242.0,29955.0,30105.0,26091.0,785549759.0,0.0
MHImain,HKFE,2018-05-03 16:00:00,30105.0,30204.0,30029.0,30051.0,13261.0,399433880.0,0.0
MHImain,HKFE,2018-05-03 20:00:00,30047.0,30072.0,29687.0,29755.0,20278.0,605892777.0,0.0
MHImain,HKFE,2018-05-04 00:00:00,29756.0,29835.0,29707.0,29822.0,4815.0,143326999.0,0.0
MHImain,HKFE,2018-05-04 08:00:00,30024.0,30169.0,29768.0,29937.0,41111.0,1231176898.0,0.0
MHImain,HKFE,2018-05-04 12:00:00,29937.0,30050.0,29780.0,29816.0,25721.0,769474437.0,0.0
MHImain,HKFE,2018-05-04 16:00:00,29814.0,29836.0,29645.0,29771.0,18839.0,560415422.0,0.0
MHImain,HKFE,2018-05-04 20:00:00,29773.0,29909.0,29575.0,29879.0,19053.0,567085817.0,0.0
MHImain,HKFE,2018-05-05 00:00:00,29882.0,29975.0,29863.0,29945.0,3202.0,95830775.0,0.0
MHImain,HKFE,2018-05-07 08:00:00,30000.0,30044.0,29582.0,29923.0,44645.0,1330693195.0,0.0
MHImain,HKFE,2018-05-07 12:00:00,29922.0,29970.0,29656.0,29710.0,26303.0,784760535.0,0.0
MHImain,HKFE,2018-05-07 16:00:00,29710.0,29845.0,29669.0,29785.0,14524.0,432411443.0,0.0
MHImain,HKFE,2018-05-07 20:00:00,29785.0,29852.0,29679.0,29844.0,13020.0,387714926.0,0.0
MHImain,HKFE,2018-05-08 00:00:00,29847.0,29853.0,29798.0,29839.0,1932.0,57631559.0,0.0
MHImain,HKFE,2018-05-08 08:00:00,29799.0,30206.0,29799.0,30153.0,36033.0,1084310726.0,0.0
MHImain,HKFE,2018-05-08 12:00:00,30153.0,30266.0,30138.0,30251.0,22100.0,667468543.0,0.0
MHImain,HKFE,2018-05-08 16:00:00,30251.0,30256.0,30143.0,30158.0,10916.0,329783038.0,0.0
MHImain,HKFE,2018-05-08 20:00:00,30156.0,30208.0,30023.0,30112.0,13355.0,402140995.0,0.0
MHImain,HKFE,2018-05-09 00:00:00,30114.0,30143.0,30070.0,30116.0,2994.0,90132178.0,0.0
MHImain,HKFE,2018-05-09 08:00:00,30218.0,30349.0,30145.0,30269.0,34299.0,1037370488.0,0.0
MHImain,HKFE,2018-05-09 12:00:00,30271.0,30418.0,30255.0,30302.0,23174.0,703117951.0,0.0
MHImain,HKFE,2018-05-09 16:00:00,30303.0,30460.0,30283.0,30433.0,12816.0,389284338.0,0.0
MHImain,HKFE,2018-05-09 20:00:00,30434.0,30445.0,30295.0,30341.0,10129.0,307663349.0,0.0
MHImain,HKFE,2018-05-10 00:00:00,30339.0,30393.0,30328.0,30383.0,1734.0,52647468.0,0.0
MHImain,HKFE,2018-05-10 08:00:00,30488.0,30700.0,30469.0,30622.0,36897.0,1129418850.0,0.0
MHImain,HKFE,2018-05-10 12:00:00,30622.0,30692.0,30553.0,30673.0,16160.0,494805819.0,0.0
MHImain,HKFE,2018-05-10 16:00:00,30676.0,30690.0,30590.0,30643.0,10582.0,324287221.0,0.0
MHImain,HKFE,2018-05-10 20:00:00,30645.0,30820.0,30635.0,30818.0,9997.0,307195328.0,0.0
MHImain,HKFE,2018-05-11 00:00:00,30812.0,30948.0,30810.0,30940.0,3628.0,112046794.0,0.0
MHImain,HKFE,2018-05-11 08:00:00,30980.0,31142.0,30869.0,31032.0,36922.0,1144415007.0,0.0
MHImain,HKFE,2018-05-11 12:00:00,31033.0,31116.0,30931.0,30957.0,18189.0,564506645.0,0.0
MHImain,HKFE,2018-05-11 16:00:00,30958.0,31179.0,30928.0,31143.0,13660.0,423754771.0,0.0
MHImain,HKFE,2018-05-11 20:00:00,31141.0,31197.0,31081.0,31128.0,8991.0,279982030.0,0.0
MHImain,HKFE,2018-05-12 00:00:00,31125.0,31139.0,31062.0,31069.0,2574.0,80051605.0,0.0
MHImain,HKFE,2018-05-14 08:00:00,31299.0,31474.0,31262.0,31401.0,28485.0,893913836.0,0.0
MHImain,HKFE,2018-05-14 12:00:00,31403.0,31442.0,31311.0,31371.0,14867.0,466222454.0,0.0
MHImain,HKFE,2018-05-14 16:00:00,31367.0,31489.0,31338.0,31444.0,9264.0,291007698.0,0.0
MHImain,HKFE,2018-05-14 20:00:00,31444.0,31498.0,31424.0,31478.0,5125.0,161217734.0,0.0
MHImain,HKFE,2018-05-15 00:00:00,31480.0,31491.0,31439.0,31479.0,1397.0,43956865.0,0.0
MHImain,HKFE,2018-05-15 08:00:00,31424.0,31443.0,31066.0,31121.0,30522.0,953110372.0,0.0
MHImain,HKFE,2018-05-15 12:00:00,31120.0,31136.0,31022.0,31108.0,16707.0,519235583.0,0.0
MHImain,HKFE,2018-05-15 16:00:00,31106.0,31135.0,30958.0,31003.0,10998.0,341501059.0,0.0
MHImain,HKFE,2018-05-15 20:00:00,31001.0,31003.0,30715.0,30801.0,15544.0,479293507.0,0.0
MHImain,HKFE,2018-05-16 00:00:00,30800.0,30862.0,30773.0,30785.0,2134.0,65766678.0,0.0
MHImain,HKFE,2018-05-16 08:00:00,30874.0,30905.0,30641.0,30826.0,31297.0,962751432.0,0.0
MHImain,HKFE,2018-05-16 12:00:00,30826.0,31085.0,30774.0,30827.0,28220.0,872622402.0,0.0
MHImain,HKFE,2018-05-16 16:00:00,30830.0,31069.0,30820.0,31050.0,17095.0,529301843.0,0.0
MHImain,HKFE,2018-05-16 20:00:00,31051.0,31157.0,30945.0,31095.0,10854.0,337288278.0,0.0
MHImain,HKFE,2018-05-17 00:00:00,31091.0,31152.0,31082.0,31134.0,1755.0,54598994.0,0.0
MHImain,HKFE,2018-05-17 08:00:00,31227.0,31319.0,30926.0,30987.0,33888.0,1052186719.0,0.0
MHImain,HKFE,2018-05-17 12:00:00,30988.0,31058.0,30836.0,30870.0,17623.0,545070720.0,0.0
MHImain,HKFE,2018-05-17 16:00:00,30868.0,30955.0,30820.0,30876.0,11573.0,357505295.0,0.0
MHImain,HKFE,2018-05-17 20:00:00,30875.0,30992.0,30817.0,30947.0,8928.0,275880823.0,0.0
MHImain,HKFE,2018-05-18 00:00:00,30943.0,30957.0,30908.0,30933.0,1547.0,47852214.0,0.0
MHImain,HKFE,2018-05-18 08:00:00,30900.0,30990.0,30782.0,30867.0,27921.0,862028550.0,0.0
MHImain,HKFE,2018-05-18 12:00:00,30869.0,31080.0,30847.0,31039.0,18547.0,574379029.0,0.0
MHImain,HKFE,2018-05-18 16:00:00,31041.0,31074.0,30863.0,30884.0,11420.0,353687855.0,0.0
MHImain,HKFE,2018-05-18 20:00:00,30880.0,30904.0,30746.0,30800.0,10905.0,335972055.0,0.0
MHImain,HKFE,2018-05-19 00:00:00,30798.0,30822.0,30779.0,30795.0,1586.0,48853838.0,0.0
MHImain,HKFE,2018-05-21 08:00:00,31122.0,31408.0,31090.0,31348.0,25120.0,786157561.0,0.0
MHImain,HKFE,2018-05-21 12:00:00,31346.0,31385.0,31173.0,31224.0,16813.0,525988256.0,0.0
MHImain,HKFE,2018-05-21 16:00:00,31224.0,31266.0,31150.0,31213.0,9894.0,308655957.0,0.0
MHImain,HKFE,2018-05-21 20:00:00,31215.0,31288.0,31189.0,31248.0,5849.0,182761714.0,0.0
MHImain,HKFE,2018-05-22 00:00:00,31246.0,31252.0,31154.0,31222.0,2248.0,70132232.0,0.0
MHImain,HKFE,2018-05-23 08:00:00,31120.0,31137.0,30788.0,30828.0,26195.0,810082074.0,0.0
MHImain,HKFE,2018-05-23 12:00:00,30829.0,30869.0,30722.0,30743.0,15044.0,463519582.0,0.0
MHImain,HKFE,2018-05-23 16:00:00,30741.0,30760.0,30522.0,30565.0,15911.0,487375982.0,0.0
MHImain,HKFE,2018-05-23 20:00:00,30565.0,30664.0,30485.0,30622.0,10469.0,320077531.0,0.0
MHImain,HKFE,2018-05-24 00:00:00,30622.0,30685.0,30611.0,30672.0,2737.0,83878826.0,0.0
MHImain,HKFE,2018-05-24 08:00:00,30622.0,30750.0,30514.0,30713.0,28102.0,860661227.0,0.0
MHImain,HKFE,2018-05-24 12:00:00,30711.0,30712.0,30548.0,30646.0,17204.0,526793555.0,0.0
MHImain,HKFE,2018-05-24 16:00:00,30649.0,30768.0,30631.0,30656.0,10997.0,337711253.0,0.0
MHImain,HKFE,2018-05-24 20:00:00,30656.0,30684.0,30377.0,30474.0,16169.0,493427371.0,0.0
MHImain,HKFE,2018-05-25 00:00:00,30478.0,30575.0,30454.0,30571.0,4037.0,123190333.0,0.0
MHImain,HKFE,2018-05-25 08:00:00,30633.0,30762.0,30564.0,30618.0,26629.0,816129473.0,0.0
MHImain,HKFE,2018-05-25 12:00:00,30621.0,30730.0,30571.0,30635.0,15801.0,484331734.0,0.0
MHImain,HKFE,2018-05-25 16:00:00,30634.0,30698.0,30496.0,30604.0,14549.0,445137054.0,0.0
MHImain,HKFE,2018-05-25 20:00:00,30604.0,30604.0,30485.0,30573.0,10535.0,321850440.0,0.0
MHImain,HKFE,2018-05-26 00:00:00,30571.0,30615.0,30559.0,30573.0,1815.0,55519277.0,0.0
MHImain,HKFE,2018-05-28 08:00:00,30731.0,30790.0,30518.0,30740.0,23558.0,722665049.0,0.0
MHImain,HKFE,2018-05-28 12:00:00,30739.0,30848.0,30703.0,30831.0,14995.0,461505731.0,0.0
MHImain,HKFE,2018-05-28 16:00:00,30831.0,30859.0,30747.0,30765.0,6080.0,187327606.0,0.0
MHImain,HKFE,2018-05-28 20:00:00,30765.0,30765.0,30765.0,30765.0,0.0,0.0,0.0
MHImain,HKFE,2018-05-29 00:00:00,30765.0,30765.0,30765.0,30765.0,0.0,0.0,0.0
MHImain,HKFE,2018-05-29 08:00:00,30645.0,30711.0,30536.0,30581.0,19341.0,592345365.0,0.0
MHImain,HKFE,2018-05-29 12:00:00,30580.0,30628.0,30483.0,30505.0,14152.0,432363898.0,0.0
MHImain,HKFE,2018-05-29 16:00:00,30503.0,30545.0,30353.0,30402.0,11650.0,354786679.0,0.0
MHImain,HKFE,2018-05-29 20:00:00,30402.0,30488.0,30339.0,30370.0,5991.0,182307532.0,0.0
MHImain,HKFE,2018-05-30 00:00:00,30369.0,30389.0,30167.0,30171.0,2112.0,63966665.0,0.0
MHImain,HKFE,2018-05-30 08:00:00,30114.0,30226.0,29981.0,30027.0,4790.0,144109700.0,0.0
MHImain,HKFE,2018-05-30 12:00:00,30029.0,30102.0,30027.0,30054.0,1462.0,43949107.0,0.0
MHImain,HKFE,2018-05-30 16:00:00,30054.0,30057.0,29847.0,29954.0,3424.0,102446683.0,0.0
MHImain,HKFE,2018-05-30 20:00:00,29952.0,30018.0,29899.0,30007.0,9120.0,273141890.0,0.0
MHImain,HKFE,2018-05-31 00:00:00,30009.0,30136.0,29992.0,30113.0,3185.0,95807176.0,0.0
MHImain,HKFE,2018-05-31 08:00:00,30105.0,30147.0,29977.0,30128.0,26449.0,795203860.0,0.0
MHImain,HKFE,2018-05-31 12:00:00,30130.0,30273.0,30120.0,30269.0,16770.0,506291000.0,0.0
MHImain,HKFE,2018-05-31 16:00:00,30271.0,30512.0,30241.0,30404.0,18043.0,548255020.0,0.0
MHImain,HKFE,2018-05-31 20:00:00,30407.0,30460.0,30246.0,30260.0,14097.0,427476331.0,0.0
MHImain,HKFE,2018-06-01 00:00:00,30262.0,30388.0,30240.0,30324.0,4392.0,133183021.0,0.0
MHImain,HKFE,2018-06-01 08:00:00,30398.0,30469.0,30278.0,30327.0,28064.0,852557826.0,0.0
MHImain,HKFE,2018-06-01 12:00:00,30322.0,30408.0,30257.0,30407.0,18432.0,558931049.0,0.0
MHImain,HKFE,2018-06-01 16:00:00,30407.0,30450.0,30360.0,30416.0,9971.0,303171916.0,0.0
MHImain,HKFE,2018-06-01 20:00:00,30416.0,30564.0,30365.0,30509.0,11287.0,344051720.0,0.0
MHImain,HKFE,2018-06-02 00:00:00,30505.0,30587.0,30488.0,30577.0,1880.0,57403030.0,0.0
MHImain,HKFE,2018-06-04 08:00:00,30601.0,30869.0,30591.0,30832.0,24174.0,744101817.0,0.0
MHImain,HKFE,2018-06-04 12:00:00,30831.0,30895.0,30784.0,30891.0,15206.0,469119506.0,0.0
MHImain,HKFE,2018-06-04 16:00:00,30893.0,30975.0,30873.0,30880.0,11711.0,362029227.0,0.0
MHImain,HKFE,2018-06-04 20:00:00,30879.0,30936.0,30843.0,30861.0,6769.0,209072234.0,0.0
MHImain,HKFE,2018-06-05 00:00:00,30863.0,30879.0,30824.0,30868.0,1433.0,44210972.0,0.0
MHImain,HKFE,2018-06-05 08:00:00,30911.0,30957.0,30808.0,30884.0,24358.0,752098594.0,0.0
MHImain,HKFE,2018-06-05 12:00:00,30882.0,31152.0,30882.0,31068.0,19970.0,619680994.0,0.0
MHImain,HKFE,2018-06-05 16:00:00,31067.0,31106.0,30932.0,31072.0,13175.0,408633799.0,0.0
MHImain,HKFE,2018-06-05 20:00:00,31074.0,31078.0,30976.0,31000.0,6522.0,202355955.0,0.0
MHImain,HKFE,2018-06-06 00:00:00,31001.0,31010.0,30947.0,30996.0,1824.0,56497973.0,0.0
MHImain,HKFE,2018-06-06 08:00:00,31040.0,31253.0,31033.0,31138.0,25494.0,794303163.0,0.0
MHImain,HKFE,2018-06-06 12:00:00,31133.0,31268.0,31118.0,31238.0,15155.0,472863841.0,0.0
MHImain,HKFE,2018-06-06 16:00:00,31237.0,31276.0,31151.0,31233.0,10299.0,321472840.0,0.0
MHImain,HKFE,2018-06-06 20:00:00,31235.0,31252.0,31154.0,31207.0,6850.0,213744072.0,0.0
MHImain,HKFE,2018-06-07 00:00:00,31207.0,31283.0,31195.0,31265.0,2447.0,76454244.0,0.0
MHImain,HKFE,2018-06-07 08:00:00,31407.0,31518.0,31319.0,31430.0,29548.0,928581530.0,0.0
MHImain,HKFE,2018-06-07 12:00:00,31431.0,31511.0,31378.0,31471.0,14744.0,463633591.0,0.0
MHImain,HKFE,2018-06-07 16:00:00,31475.0,31542.0,31429.0,31507.0,11339.0,357023527.0,0.0
MHImain,HKFE,2018-06-07 20:00:00,31507.0,31509.0,31410.0,31467.0,6805.0,214057317.0,0.0
MHImain,HKFE,2018-06-08 00:00:00,31464.0,31477.0,31420.0,31434.0,1568.0,49307770.0,0.0
MHImain,HKFE,2018-06-08 08:00:00,31386.0,31406.0,31081.0,31090.0,26576.0,830340929.0,0.0
MHImain,HKFE,2018-06-08 12:00:00,31088.0,31140.0,30913.0,30934.0,20882.0,647932329.0,0.0
MHImain,HKFE,2018-06-08 16:00:00,30934.0,30946.0,30798.0,30868.0,18699.0,577295604.0,0.0
MHImain,HKFE,2018-06-08 20:00:00,30871.0,30997.0,30868.0,30972.0,9227.0,285519740.0,0.0
MHImain,HKFE,2018-06-09 00:00:00,30972.0,30995.0,30941.0,30991.0,1478.0,45768776.0,0.0
MHImain,HKFE,2018-06-11 08:00:00,31015.0,31099.0,30834.0,31077.0,27921.0,864749829.0,0.0
MHImain,HKFE,2018-06-11 12:00:00,31075.0,31119.0,30958.0,31055.0,15880.0,492766808.0,0.0
MHImain,HKFE,2018-06-11 16:00:00,31055.0,31108.0,30961.0,30972.0,8799.0,273177818.0,0.0
MHImain,HKFE,2018-06-11 20:00:00,30971.0,31068.0,30937.0,31010.0,6796.0,210750314.0,0.0
MHImain,HKFE,2018-06-12 00:00:00,31011.0,31081.0,31005.0,31077.0,1466.0,45513472.0,0.0
MHImain,HKFE,2018-06-12 08:00:00,30980.0,31236.0,30873.0,31119.0,34229.0,1063009833.0,0.0
MHImain,HKFE,2018-06-12 12:00:00,31117.0,31190.0,31074.0,31140.0,16295.0,507425253.0,0.0
MHImain,HKFE,2018-06-12 16:00:00,31139.0,31163.0,30967.0,30990.0,10349.0,321517035.0,0.0
MHImain,HKFE,2018-06-12 20:00:00,30988.0,31046.0,30913.0,30924.0,6701.0,207663551.0,0.0
MHImain,HKFE,2018-06-13 00:00:00,30923.0,30975.0,30921.0,30951.0,1497.0,46330273.0,0.0
MHImain,HKFE,2018-06-13 08:00:00,30973.0,31001.0,30867.0,30918.0,21603.0,668201489.0,0.0
MHImain,HKFE,2018-06-13 12:00:00,30919.0,30943.0,30718.0,30745.0,16300.0,502707912.0,0.0
MHImain,HKFE,2018-06-13 16:00:00,30745.0,30798.0,30637.0,30769.0,13651.0,419292907.0,0.0
MHImain,HKFE,2018-06-13 20:00:00,30769.0,30823.0,30715.0,30776.0,6454.0,198574721.0,0.0
MHImain,HKFE,2018-06-14 00:00:00,30778.0,30798.0,30765.0,30770.0,932.0,28686446.0,0.0
MHImain,HKFE,2018-06-14 08:00:00,30627.0,30739.0,30423.0,30497.0,29792.0,911365285.0,0.0
MHImain,HKFE,2018-06-14 12:00:00,30498.0,30518.0,30270.0,30299.0,20859.0,633714184.0,0.0
MHImain,HKFE,2018-06-14 16:00:00,30300.0,30481.0,30289.0,30463.0,13246.0,402554601.0,0.0
MHImain,HKFE,2018-06-14 20:00:00,30466.0,30576.0,30453.0,30492.0,9634.0,294018125.0,0.0
MHImain,HKFE,2018-06-15 00:00:00,30492.0,30515.0,30472.0,30480.0,1620.0,49400350.0,0.0
MHImain,HKFE,2018-06-15 08:00:00,30421.0,30486.0,30318.0,30450.0,24025.0,730396118.0,0.0
MHImain,HKFE,2018-06-15 12:00:00,30451.0,30451.0,30274.0,30359.0,20169.0,612662819.0,0.0
MHImain,HKFE,2018-06-15 16:00:00,30358.0,30369.0,30198.0,30224.0,14630.0,442942543.0,0.0
MHImain,HKFE,2018-06-15 20:00:00,30225.0,30266.0,30022.0,30106.0,13142.0,396062816.0,0.0
MHImain,HKFE,2018-06-16 00:00:00,30106.0,30107.0,30030.0,30051.0,2493.0,74936875.0,0.0
MHImain,HKFE,2018-06-19 08:00:00,29870.0,29926.0,29573.0,29641.0,32266.0,958867549.0,0.0
MHImain,HKFE,2018-06-19 12:00:00,29642.0,29676.0,29316.0,29331.0,27342.0,806117595.0,0.0
MHImain,HKFE,2018-06-19 16:00:00,29329.0,29492.0,29266.0,29393.0,19820.0,582516132.0,0.0
MHImain,HKFE,2018-06-19 20:00:00,29394.0,29499.0,29305.0,29437.0,14755.0,433687389.0,0.0
MHImain,HKFE,2018-06-20 00:00:00,29437.0,29538.0,29427.0,29463.0,3998.0,117882975.0,0.0
MHImain,HKFE,2018-06-20 08:00:00,29460.0,29564.0,29344.0,29399.0,32035.0,943636517.0,0.0
MHImain,HKFE,2018-06-20 12:00:00,29399.0,29969.0,29395.0,29681.0,36336.0,1080288725.0,0.0
MHImain,HKFE,2018-06-20 16:00:00,29681.0,29788.0,29591.0,29591.0,13357.0,396670659.0,0.0
MHImain,HKFE,2018-06-20 20:00:00,29591.0,29726.0,29525.0,29554.0,11334.0,335865235.0,0.0
MHImain,HKFE,2018-06-21 00:00:00,29554.0,29647.0,29549.0,29629.0,2119.0,62715305.0,0.0
MHImain,HKFE,2018-06-21 08:00:00,29711.0,29859.0,29652.0,29674.0,28922.0,860416456.0,0.0
MHImain,HKFE,2018-06-21 12:00:00,29673.0,29682.0,29276.0,29321.0,35933.0,1057930733.0,0.0
MHImain,HKFE,2018-06-21 16:00:00,29318.0,29410.0,29117.0,29188.0,20426.0,597813697.0,0.0
MHImain,HKFE,2018-06-21 20:00:00,29186.0,29291.0,29013.0,29052.0,14290.0,416437893.0,0.0
MHImain,HKFE,2018-06-22 00:00:00,29054.0,29130.0,29040.0,29057.0,3035.0,88258098.0,0.0
MHImain,HKFE,2018-06-22 08:00:00,29050.0,29309.0,29050.0,29252.0,36631.0,1068098605.0,0.0
MHImain,HKFE,2018-06-22 12:00:00,29252.0,29374.0,29137.0,29337.0,27910.0,816951218.0,0.0
MHImain,HKFE,2018-06-22 16:00:00,29338.0,29427.0,29286.0,29369.0,14517.0,426221283.0,0.0
MHImain,HKFE,2018-06-22 20:00:00,29369.0,29437.0,29294.0,29335.0,9184.0,269623188.0,0.0
MHImain,HKFE,2018-06-23 00:00:00,29335.0,29397.0,29318.0,29394.0,1578.0,46328366.0,0.0
MHImain,HKFE,2018-06-25 08:00:00,29420.0,29454.0,29098.0,29128.0,33288.0,973438515.0,0.0
MHImain,HKFE,2018-06-25 12:00:00,29127.0,29240.0,28934.0,28950.0,28298.0,822419526.0,0.0
MHImain,HKFE,2018-06-25 16:00:00,28950.0,29017.0,28865.0,28941.0,16848.0,487473925.0,0.0
MHImain,HKFE,2018-06-25 20:00:00,28941.0,28980.0,28793.0,28822.0,12932.0,373448484.0,0.0
MHImain,HKFE,2018-06-26 00:00:00,28819.0,28836.0,28647.0,28682.0,4619.0,132739991.0,0.0
MHImain,HKFE,2018-06-26 08:00:00,28861.0,28958.0,28476.0,28702.0,42136.0,1208675379.0,0.0
MHImain,HKFE,2018-06-26 12:00:00,28700.0,29031.0,28665.0,28976.0,35222.0,1017039211.0,0.0
MHImain,HKFE,2018-06-26 16:00:00,28972.0,29013.0,28817.0,28885.0,15641.0,452173330.0,0.0
MHImain,HKFE,2018-06-26 20:00:00,28885.0,28945.0,28822.0,28891.0,10533.0,304219669.0,0.0
MHImain,HKFE,2018-06-27 00:00:00,28888.0,28958.0,28862.0,28950.0,2023.0,58477647.0,0.0
MHImain,HKFE,2018-06-27 08:00:00,28966.0,29047.0,28664.0,28748.0,31492.0,907789381.0,0.0
MHImain,HKFE,2018-06-27 12:00:00,28748.0,28779.0,28512.0,28593.0,28329.0,810962712.0,0.0
MHImain,HKFE,2018-06-27 16:00:00,28595.0,28595.0,28275.0,28412.0,17877.0,508036434.0,0.0
MHImain,HKFE,2018-06-27 20:00:00,28406.0,28700.0,28338.0,28516.0,11205.0,320001541.0,0.0
MHImain,HKFE,2018-06-28 00:00:00,28516.0,28595.0,28463.0,28560.0,2222.0,63383007.0,0.0
MHImain,HKFE,2018-06-28 08:00:00,28392.0,28525.0,28304.0,28469.0,6411.0,182167927.0,0.0
MHImain,HKFE,2018-06-28 12:00:00,28465.0,28520.0,28372.0,28378.0,1833.0,52146806.0,0.0
MHImain,HKFE,2018-06-28 16:00:00,28378.0,28402.0,28170.0,28246.0,5904.0,166854703.0,0.0
MHImain,HKFE,2018-06-28 20:00:00,28246.0,28281.0,28119.0,28223.0,18585.0,524073573.0,0.0
MHImain,HKFE,2018-06-29 00:00:00,28223.0,28301.0,28213.0,28241.0,2655.0,75028603.0,0.0
MHImain,HKFE,2018-06-29 08:00:00,28300.0,28700.0,28250.0,28581.0,37173.0,1058446866.0,0.0
MHImain,HKFE,2018-06-29 12:00:00,28583.0,28748.0,28582.0,28738.0,24468.0,701617953.0,0.0
MHImain,HKFE,2018-06-29 16:00:00,28739.0,28765.0,28626.0,28643.0,15361.0,441205776.0,0.0
MHImain,HKFE,2018-06-29 20:00:00,28643.0,28719.0,28576.0,28667.0,11236.0,321876565.0,0.0
MHImain,HKFE,2018-06-30 00:00:00,28667.0,28708.0,28634.0,28655.0,2223.0,63734436.0,0.0
MHImain,HKFE,2018-07-03 08:00:00,28405.0,28450.0,27790.0,27823.0,52704.0,1475837364.0,0.0
MHImain,HKFE,2018-07-03 12:00:00,27820.0,28293.0,27777.0,28290.0,43262.0,1215644085.0,0.0
MHImain,HKFE,2018-07-03 16:00:00,28291.0,28454.0,28252.0,28397.0,21224.0,601739300.0,0.0
MHImain,HKFE,2018-07-03 20:00:00,28400.0,28486.0,28323.0,28359.0,9781.0,277757792.0,0.0
MHImain,HKFE,2018-07-04 00:00:00,28357.0,28388.0,28302.0,28306.0,1689.0,47887892.0,0.0
MHImain,HKFE,2018-07-04 08:00:00,28194.0,28444.0,28065.0,28066.0,45699.0,1291312552.0,0.0
MHImain,HKFE,2018-07-04 12:00:00,28066.0,28153.0,27927.0,28010.0,33653.0,943311143.0,0.0
MHImain,HKFE,2018-07-04 16:00:00,28009.0,28119.0,28003.0,28070.0,12752.0,357865513.0,0.0
MHImain,HKFE,2018-07-04 20:00:00,28069.0,28077.0,27962.0,28012.0,4834.0,135407381.0,0.0
MHImain,HKFE,2018-07-05 00:00:00,28014.0,28035.0,27999.0,28034.0,698.0,19552851.0,0.0
MHImain,HKFE,2018-07-05 08:00:00,28035.0,28259.0,27922.0,28061.0,44378.0,1247726554.0,0.0
MHImain,HKFE,2018-07-05 12:00:00,28061.0,28062.0,27720.0,27906.0,41095.0,1145612984.0,0.0
MHImain,HKFE,2018-07-05 16:00:00,27905.0,28274.0,27903.0,28258.0,25466.0,715501702.0,0.0
MHImain,HKFE,2018-07-05 20:00:00,28262.0,28340.0,28028.0,28079.0,15478.0,436305080.0,0.0
MHImain,HKFE,2018-07-06 00:00:00,28077.0,28198.0,28075.0,28182.0,3106.0,87413836.0,0.0
MHImain,HKFE,2018-07-06 08:00:00,28200.0,28246.0,27822.0,27858.0,45711.0,1282190105.0,0.0
MHImain,HKFE,2018-07-06 12:00:00,27860.0,28493.0,27855.0,28216.0,50887.0,1437688447.0,0.0
MHImain,HKFE,2018-07-06 16:00:00,28217.0,28268.0,28090.0,28113.0,18434.0,519685333.0,0.0
MHImain,HKFE,2018-07-06 20:00:00,28115.0,28422.0,28096.0,28411.0,15008.0,423947360.0,0.0
MHImain,HKFE,2018-07-07 00:00:00,28413.0,28479.0,28394.0,28456.0,4037.0,114797171.0,0.0
MHImain,HKFE,2018-07-09 08:00:00,28664.0,28848.0,28534.0,28808.0,35515.0,1020538924.0,0.0
MHImain,HKFE,2018-07-09 12:00:00,28810.0,28843.0,28723.0,28822.0,19625.0,565012155.0,0.0
MHImain,HKFE,2018-07-09 16:00:00,28824.0,28824.0,28674.0,28740.0,15385.0,442095422.0,0.0
MHImain,HKFE,2018-07-09 20:00:00,28739.0,28812.0,28705.0,28808.0,7420.0,213385491.0,0.0
MHImain,HKFE,2018-07-10 00:00:00,28810.0,28855.0,28782.0,28838.0,2191.0,63142964.0,0.0
MHImain,HKFE,2018-07-10 08:00:00,28942.0,29010.0,28745.0,28792.0,33303.0,961954838.0,0.0
MHImain,HKFE,2018-07-10 12:00:00,28793.0,28886.0,28693.0,28839.0,26503.0,763072173.0,0.0
MHImain,HKFE,2018-07-10 16:00:00,28839.0,28887.0,28561.0,28653.0,15440.0,443530704.0,0.0
MHImain,HKFE,2018-07-10 20:00:00,28654.0,28698.0,28591.0,28642.0,7993.0,229055020.0,0.0
MHImain,HKFE,2018-07-11 00:00:00,28642.0,28673.0,28631.0,28646.0,1099.0,31487660.0,0.0
MHImain,HKFE,2018-07-11 08:00:00,28088.0,28368.0,27893.0,28227.0,46302.0,1303689730.0,0.0
MHImain,HKFE,2018-07-11 12:00:00,28228.0,28316.0,28137.0,28200.0,27692.0,781803085.0,0.0
MHImain,HKFE,2018-07-11 16:00:00,28199.0,28324.0,28130.0,28305.0,15089.0,426009801.0,0.0
MHImain,HKFE,2018-07-11 20:00:00,28305.0,28363.0,28253.0,28327.0,9586.0,271387000.0,0.0
MHImain,HKFE,2018-07-12 00:00:00,28327.0,28335.0,28209.0,28243.0,2929.0,82760474.0,0.0
MHImain,HKFE,2018-07-12 08:00:00,28280.0,28510.0,28161.0,28457.0,32034.0,908752733.0,0.0
MHImain,HKFE,2018-07-12 12:00:00,28458.0,28632.0,28452.0,28527.0,23797.0,679562983.0,0.0
MHImain,HKFE,2018-07-12 16:00:00,28527.0,28540.0,28455.0,28527.0,12874.0,366911374.0,0.0
MHImain,HKFE,2018-07-12 20:00:00,28527.0,28559.0,28461.0,28534.0,6914.0,197221065.0,0.0
MHImain,HKFE,2018-07-13 00:00:00,28536.0,28588.0,28518.0,28571.0,1326.0,37864465.0,0.0
MHImain,HKFE,2018-07-13 08:00:00,28756.0,28769.0,28551.0,28639.0,28715.0,822455758.0,0.0
MHImain,HKFE,2018-07-13 12:00:00,28634.0,28667.0,28525.0,28531.0,18849.0,539029115.0,0.0
MHImain,HKFE,2018-07-13 16:00:00,28529.0,28575.0,28312.0,28396.0,15644.0,445368850.0,0.0
MHImain,HKFE,2018-07-13 20:00:00,28394.0,28573.0,28386.0,28560.0,9096.0,259058968.0,0.0
MHImain,HKFE,2018-07-14 00:00:00,28559.0,28614.0,28545.0,28572.0,2938.0,83948725.0,0.0
MHImain,HKFE,2018-07-16 08:00:00,28605.0,28701.0,28300.0,28412.0,34708.0,987941579.0,0.0
MHImain,HKFE,2018-07-16 12:00:00,28415.0,28558.0,28384.0,28499.0,23966.0,682206350.0,0.0
MHImain,HKFE,2018-07-16 16:00:00,28499.0,28558.0,28475.0,28489.0,9992.0,284931174.0,0.0
MHImain,HKFE,2018-07-16 20:00:00,28488.0,28498.0,28392.0,28421.0,6663.0,189582278.0,0.0
MHImain,HKFE,2018-07-17 00:00:00,28421.0,28449.0,28413.0,28420.0,1099.0,31244895.0,0.0
MHImain,HKFE,2018-07-17 08:00:00,28383.0,28473.0,28191.0,28245.0,31780.0,899585042.0,0.0
MHImain,HKFE,2018-07-17 12:00:00,28244.0,28305.0,28134.0,28202.0,20821.0,587407164.0,0.0
MHImain,HKFE,2018-07-17 16:00:00,28203.0,28246.0,28122.0,28160.0,12391.0,349211817.0,0.0
MHImain,HKFE,2018-07-17 20:00:00,28160.0,28285.0,28105.0,28270.0,8733.0,246110554.0,0.0
MHImain,HKFE,2018-07-18 00:00:00,28272.0,28296.0,28256.0,28282.0,1714.0,48467275.0,0.0
MHImain,HKFE,2018-07-18 08:00:00,28402.0,28409.0,28190.0,28270.0,30855.0,873084578.0,0.0
MHImain,HKFE,2018-07-18 12:00:00,28270.0,28282.0,28013.0,28091.0,26558.0,747325594.0,0.0
MHImain,HKFE,2018-07-18 16:00:00,28092.0,28166.0,28053.0,28072.0,11850.0,333018048.0,0.0
MHImain,HKFE,2018-07-18 20:00:00,28072.0,28154.0,28015.0,28135.0,8126.0,228113904.0,0.0
MHImain,HKFE,2018-07-19 00:00:00,28135.0,28196.0,28135.0,28185.0,2057.0,57944483.0,0.0
MHImain,HKFE,2018-07-19 08:00:00,28230.0,28314.0,28107.0,28108.0,32059.0,904299528.0,0.0
MHImain,HKFE,2018-07-19 12:00:00,28107.0,28128.0,27974.0,28063.0,25716.0,721710014.0,0.0
MHImain,HKFE,2018-07-19 16:00:00,28060.0,28062.0,27931.0,27957.0,13232.0,370600133.0,0.0
MHImain,HKFE,2018-07-19 20:00:00,27959.0,28015.0,27844.0,27955.0,11133.0,310883669.0,0.0
MHImain,HKFE,2018-07-20 00:00:00,27956.0,27976.0,27923.0,27955.0,1661.0,46434538.0,0.0
MHImain,HKFE,2018-07-20 08:00:00,28020.0,28097.0,27732.0,27823.0,43381.0,1209893102.0,0.0
MHImain,HKFE,2018-07-20 12:00:00,27822.0,28228.0,27811.0,28167.0,38117.0,1069721251.0,0.0
MHImain,HKFE,2018-07-20 16:00:00,28170.0,28298.0,28021.0,28161.0,21910.0,617488130.0,0.0
MHImain,HKFE,2018-07-20 20:00:00,28160.0,28300.0,28093.0,28284.0,12807.0,361011166.0,0.0
MHImain,HKFE,2018-07-21 00:00:00,28287.0,28338.0,28250.0,28261.0,2384.0,67457981.0,0.0
MHImain,HKFE,2018-07-23 08:00:00,28181.0,28381.0,28061.0,28169.0,39581.0,1116555222.0,0.0
MHImain,HKFE,2018-07-23 12:00:00,28167.0,28322.0,28139.0,28217.0,27204.0,768329084.0,0.0
MHImain,HKFE,2018-07-23 16:00:00,28215.0,28244.0,28165.0,28206.0,11753.0,331520795.0,0.0
MHImain,HKFE,2018-07-23 20:00:00,28206.0,28270.0,28191.0,28245.0,7744.0,218620200.0,0.0
MHImain,HKFE,2018-07-24 00:00:00,28245.0,28262.0,28228.0,28241.0,928.0,26214160.0,0.0
MHImain,HKFE,2018-07-24 08:00:00,28295.0,28665.0,28214.0,28623.0,36277.0,1033441468.0,0.0
MHImain,HKFE,2018-07-24 12:00:00,28622.0,28711.0,28605.0,28652.0,16903.0,484360051.0,0.0
MHImain,HKFE,2018-07-24 16:00:00,28651.0,28842.0,28582.0,28785.0,13399.0,384165601.0,0.0
MHImain,HKFE,2018-07-24 20:00:00,28784.0,28943.0,28766.0,28858.0,10051.0,290089794.0,0.0
MHImain,HKFE,2018-07-25 00:00:00,28857.0,28903.0,28837.0,28895.0,1959.0,56553182.0,0.0
MHImain,HKFE,2018-07-25 08:00:00,28812.0,28896.0,28748.0,28885.0,30807.0,888091542.0,0.0
MHImain,HKFE,2018-07-25 12:00:00,28884.0,28959.0,28821.0,28941.0,16533.0,477477692.0,0.0
MHImain,HKFE,2018-07-25 16:00:00,28940.0,28974.0,28891.0,28937.0,10250.0,296550564.0,0.0
MHImain,HKFE,2018-07-25 20:00:00,28937.0,28971.0,28878.0,28893.0,8289.0,239767940.0,0.0
MHImain,HKFE,2018-07-26 00:00:00,28894.0,28972.0,28890.0,28963.0,2072.0,59963145.0,0.0
MHImain,HKFE,2018-07-26 08:00:00,29044.0,29113.0,28728.0,28788.0,34782.0,1005252213.0,0.0
MHImain,HKFE,2018-07-26 12:00:00,28787.0,28793.0,28615.0,28680.0,23317.0,669163125.0,0.0
MHImain,HKFE,2018-07-26 16:00:00,28683.0,28788.0,28683.0,28745.0,11342.0,325945877.0,0.0
MHImain,HKFE,2018-07-26 20:00:00,28743.0,28821.0,28688.0,28761.0,7131.0,205094395.0,0.0
MHImain,HKFE,2018-07-27 00:00:00,28762.0,28799.0,28743.0,28762.0,1480.0,42582997.0,0.0
MHImain,HKFE,2018-07-27 08:00:00,28736.0,28836.0,28588.0,28777.0,27824.0,798231164.0,0.0
MHImain,HKFE,2018-07-27 12:00:00,28775.0,28819.0,28696.0,28759.0,13337.0,383514265.0,0.0
MHImain,HKFE,2018-07-27 16:00:00,28760.0,28807.0,28684.0,28715.0,5845.0,168058296.0,0.0
MHImain,HKFE,2018-07-27 20:00:00,28715.0,28829.0,28696.0,28795.0,4362.0,125525957.0,0.0
MHImain,HKFE,2018-07-28 00:00:00,28794.0,28817.0,28746.0,28768.0,1021.0,29385968.0,0.0
MHImain,HKFE,2018-07-30 08:00:00,28611.0,28838.0,28561.0,28638.0,5961.0,171036706.0,0.0
MHImain,HKFE,2018-07-30 12:00:00,28638.0,28652.0,28611.0,28645.0,1526.0,43690930.0,0.0
MHImain,HKFE,2018-07-30 16:00:00,28645.0,28722.0,28635.0,28714.0,2105.0,60392780.0,0.0
MHImain,HKFE,2018-07-30 20:00:00,28714.0,28795.0,28686.0,28697.0,7125.0,204730659.0,0.0
MHImain,HKFE,2018-07-31 00:00:00,28697.0,28704.0,28634.0,28636.0,1853.0,53137950.0,0.0
MHImain,HKFE,2018-07-31 08:00:00,28649.0,28668.0,28501.0,28545.0,26050.0,744617210.0,0.0
MHImain,HKFE,2018-07-31 12:00:00,28544.0,28645.0,28520.0,28541.0,16964.0,484530569.0,0.0
MHImain,HKFE,2018-07-31 16:00:00,28540.0,28595.0,28423.0,28481.0,12472.0,355562826.0,0.0
MHImain,HKFE,2018-07-31 20:00:00,28481.0,28624.0,28437.0,28591.0,12802.0,365454961.0,0.0
MHImain,HKFE,2018-08-01 00:00:00,28593.0,28753.0,28583.0,28748.0,3383.0,96964011.0,0.0
MHImain,HKFE,2018-08-01 08:00:00,28670.0,28719.0,28452.0,28479.0,29973.0,857486342.0,0.0
MHImain,HKFE,2018-08-01 12:00:00,28481.0,28572.0,28354.0,28368.0,23587.0,671262897.0,0.0
MHImain,HKFE,2018-08-01 16:00:00,28369.0,28405.0,28162.0,28255.0,18938.0,535216376.0,0.0
MHImain,HKFE,2018-08-01 20:00:00,28254.0,28334.0,28214.0,28267.0,8340.0,235808341.0,0.0
MHImain,HKFE,2018-08-02 00:00:00,28265.0,28273.0,28155.0,28180.0,3124.0,88116619.0,0.0
MHImain,HKFE,2018-08-02 08:00:00,28198.0,28200.0,27793.0,27799.0,34636.0,968691096.0,0.0
MHImain,HKFE,2018-08-02 12:00:00,27800.0,27842.0,27501.0,27616.0,38893.0,1075084476.0,0.0
MHImain,HKFE,2018-08-02 16:00:00,27615.0,27664.0,27443.0,27527.0,17021.0,469413666.0,0.0
MHImain,HKFE,2018-08-02 20:00:00,27528.0,27684.0,27461.0,27641.0,12005.0,331113520.0,0.0
MHImain,HKFE,2018-08-03 00:00:00,27641.0,27704.0,27624.0,27692.0,2730.0,75531122.0,0.0
MHImain,HKFE,2018-08-03 08:00:00,27730.0,27737.0,27527.0,27634.0,31769.0,877351976.0,0.0
MHImain,HKFE,2018-08-03 12:00:00,27630.0,27702.0,27573.0,27581.0,19207.0,530659214.0,0.0
MHImain,HKFE,2018-08-03 16:00:00,27582.0,27727.0,27540.0,27719.0,9626.0,265663321.0,0.0
MHImain,HKFE,2018-08-03 20:00:00,27720.0,27937.0,27695.0,27846.0,16594.0,461346544.0,0.0
MHImain,HKFE,2018-08-04 00:00:00,27845.0,27854.0,27790.0,27823.0,1398.0,38894458.0,0.0
MHImain,HKFE,2018-08-06 08:00:00,27831.0,28016.0,27694.0,27926.0,32327.0,901338089.0,0.0
MHImain,HKFE,2018-08-06 12:00:00,27927.0,27927.0,27630.0,27702.0,28646.0,795057012.0,0.0
MHImain,HKFE,2018-08-06 16:00:00,27703.0,27807.0,27675.0,27791.0,11104.0,307971991.0,0.0
MHImain,HKFE,2018-08-06 20:00:00,27791.0,27800.0,27700.0,27771.0,7343.0,203774527.0,0.0
MHImain,HKFE,2018-08-07 00:00:00,27771.0,27813.0,27745.0,27799.0,1401.0,38917715.0,0.0
MHImain,HKFE,2018-08-07 08:00:00,27803.0,27998.0,27770.0,27965.0,32732.0,912920476.0,0.0
MHImain,HKFE,2018-08-07 12:00:00,27964.0,28219.0,27937.0,28170.0,26230.0,736248975.0,0.0
MHImain,HKFE,2018-08-07 16:00:00,28170.0,28234.0,28147.0,28214.0,11854.0,334124906.0,0.0
MHImain,HKFE,2018-08-07 20:00:00,28214.0,28342.0,28194.0,28318.0,8377.0,236922900.0,0.0
MHImain,HKFE,2018-08-08 00:00:00,28318.0,28326.0,28288.0,28325.0,1217.0,34453912.0,0.0
MHImain,HKFE,2018-08-08 08:00:00,28300.0,28374.0,28142.0,28213.0,32804.0,926238391.0,0.0
MHImain,HKFE,2018-08-08 12:00:00,28213.0,28337.0,28150.0,28220.0,23611.0,666843583.0,0.0
MHImain,HKFE,2018-08-08 16:00:00,28219.0,28286.0,28194.0,28231.0,9677.0,273262043.0,0.0
MHImain,HKFE,2018-08-08 20:00:00,28232.0,28240.0,28060.0,28217.0,12071.0,339686926.0,0.0
MHImain,HKFE,2018-08-09 00:00:00,28214.0,28218.0,28129.0,28139.0,1943.0,54745811.0,0.0
MHImain,HKFE,2018-08-09 08:00:00,28147.0,28554.0,28085.0,28514.0,38516.0,1090478644.0,0.0
MHImain,HKFE,2018-08-09 12:00:00,28512.0,28659.0,28480.0,28512.0,23808.0,680464793.0,0.0
MHImain,HKFE,2018-08-09 16:00:00,28513.0,28606.0,28471.0,28545.0,11225.0,320182784.0,0.0
MHImain,HKFE,2018-08-09 20:00:00,28545.0,28646.0,28536.0,28579.0,6335.0,181174687.0,0.0
MHImain,HKFE,2018-08-10 00:00:00,28578.0,28597.0,28548.0,28563.0,1389.0,39689919.0,0.0
MHImain,HKFE,2018-08-10 08:00:00,28498.0,28581.0,28363.0,28385.0,30996.0,882629605.0,0.0
MHImain,HKFE,2018-08-10 12:00:00,28385.0,28413.0,28174.0,28230.0,23013.0,650613235.0,0.0
MHImain,HKFE,2018-08-10 16:00:00,28229.0,28292.0,28110.0,28169.0,14187.0,400295483.0,0.0
MHImain,HKFE,2018-08-10 20:00:00,28163.0,28186.0,27976.0,28033.0,13589.0,381348249.0,0.0
MHImain,HKFE,2018-08-11 00:00:00,28032.0,28133.0,28029.0,28060.0,3410.0,95754272.0,0.0
MHImain,HKFE,2018-08-13 08:00:00,27833.0,27909.0,27718.0,27760.0,30813.0,856641089.0,0.0
MHImain,HKFE,2018-08-13 12:00:00,27758.0,28006.0,27704.0,27827.0,26565.0,739440492.0,0.0
MHImain,HKFE,2018-08-13 16:00:00,27827.0,27912.0,27785.0,27846.0,11470.0,319271661.0,0.0
MHImain,HKFE,2018-08-13 20:00:00,27848.0,28021.0,27812.0,27933.0,11401.0,318649118.0,0.0
MHImain,HKFE,2018-08-14 00:00:00,27932.0,27935.0,27785.0,27834.0,3501.0,97533054.0,0.0
MHImain,HKFE,2018-08-14 08:00:00,27888.0,27891.0,27509.0,27555.0,33888.0,938687060.0,0.0
MHImain,HKFE,2018-08-14 12:00:00,27554.0,27676.0,27445.0,27673.0,30098.0,829566354.0,0.0
MHImain,HKFE,2018-08-14 16:00:00,27672.0,27723.0,27616.0,27639.0,12959.0,358476069.0,0.0
MHImain,HKFE,2018-08-14 20:00:00,27643.0,27724.0,27583.0,27698.0,10959.0,302997767.0,0.0
MHImain,HKFE,2018-08-15 00:00:00,27699.0,27713.0,27645.0,27694.0,2215.0,61308926.0,0.0
MHImain,HKFE,2018-08-15 08:00:00,27651.0,27679.0,27214.0,27249.0,40057.0,1096133834.0,0.0
MHImain,HKFE,2018-08-15 12:00:00,27250.0,27274.0,27150.0,27235.0,27380.0,745153021.0,0.0
MHImain,HKFE,2018-08-15 16:00:00,27234.0,27254.0,26720.0,26807.0,25521.0,690279359.0,0.0
MHImain,HKFE,2018-08-15 20:00:00,26809.0,26820.0,26644.0,26764.0,21194.0,566601865.0,0.0
MHImain,HKFE,2018-08-16 00:00:00,26767.0,26870.0,26737.0,26867.0,4680.0,125442710.0,0.0
MHImain,HKFE,2018-08-16 08:00:00,26790.0,27365.0,26775.0,27123.0,50642.0,1372887119.0,0.0
MHImain,HKFE,2018-08-16 12:00:00,27121.0,27241.0,27036.0,27078.0,29914.0,811531992.0,0.0
MHImain,HKFE,2018-08-16 16:00:00,27077.0,27160.0,26938.0,27144.0,16068.0,434252137.0,0.0
MHImain,HKFE,2018-08-16 20:00:00,27146.0,27239.0,27088.0,27228.0,9005.0,244510699.0,0.0
MHImain,HKFE,2018-08-17 00:00:00,27228.0,27317.0,27198.0,27308.0,2564.0,69860418.0,0.0
MHImain,HKFE,2018-08-17 08:00:00,27208.0,27333.0,27084.0,27136.0,34572.0,940698920.0,0.0
MHImain,HKFE,2018-08-17 12:00:00,27138.0,27196.0,27005.0,27026.0,20618.0,559157114.0,0.0
MHImain,HKFE,2018-08-17 16:00:00,27030.0,27156.0,26930.0,26999.0,14136.0,382425020.0,0.0
MHImain,HKFE,2018-08-17 20:00:00,27002.0,27002.0,26875.0,26963.0,11596.0,312388376.0,0.0
MHImain,HKFE,2018-08-18 00:00:00,26964.0,27150.0,26964.0,27111.0,4860.0,131530919.0,0.0
MHImain,HKFE,2018-08-20 08:00:00,27197.0,27503.0,27139.0,27278.0,41167.0,1125005510.0,0.0
MHImain,HKFE,2018-08-20 12:00:00,27279.0,27539.0,27252.0,27488.0,25013.0,685301463.0,0.0
MHImain,HKFE,2018-08-20 16:00:00,27488.0,27555.0,27463.0,27484.0,12459.0,342711562.0,0.0
MHImain,HKFE,2018-08-20 20:00:00,27484.0,27533.0,27432.0,27485.0,8338.0,229082290.0,0.0
MHImain,HKFE,2018-08-21 00:00:00,27486.0,27508.0,27439.0,27468.0,1710.0,46979683.0,0.0
MHImain,HKFE,2018-08-21 08:00:00,27445.0,27700.0,27437.0,27653.0,36727.0,1012696273.0,0.0
MHImain,HKFE,2018-08-21 12:00:00,27653.0,27698.0,27586.0,27610.0,17698.0,489431154.0,0.0
MHImain,HKFE,2018-08-21 16:00:00,27612.0,27680.0,27599.0,27637.0,8832.0,244180628.0,0.0
MHImain,HKFE,2018-08-21 20:00:00,27636.0,27740.0,27634.0,27699.0,6534.0,181022406.0,0.0
MHImain,HKFE,2018-08-22 00:00:00,27699.0,27733.0,27674.0,27733.0,1630.0,45163182.0,0.0
MHImain,HKFE,2018-08-22 08:00:00,27704.0,27854.0,27499.0,27839.0,39746.0,1099714576.0,0.0
MHImain,HKFE,2018-08-22 12:00:00,27837.0,27873.0,27697.0,27818.0,23031.0,639922607.0,0.0
MHImain,HKFE,2018-08-22 16:00:00,27819.0,27980.0,27805.0,27960.0,13689.0,381561203.0,0.0
MHImain,HKFE,2018-08-22 20:00:00,27960.0,27978.0,27897.0,27934.0,9138.0,255244613.0,0.0
MHImain,HKFE,2018-08-23 00:00:00,27936.0,27972.0,27931.0,27944.0,1243.0,34747120.0,0.0
MHImain,HKFE,2018-08-23 08:00:00,27910.0,27981.0,27613.0,27675.0,38616.0,1071868178.0,0.0
MHImain,HKFE,2018-08-23 12:00:00,27673.0,27812.0,27580.0,27713.0,27122.0,751411588.0,0.0
MHImain,HKFE,2018-08-23 16:00:00,27712.0,27739.0,27660.0,27701.0,9090.0,251814199.0,0.0
MHImain,HKFE,2018-08-23 20:00:00,27701.0,27748.0,27630.0,27635.0,6388.0,176980339.0,0.0
MHImain,HKFE,2018-08-24 00:00:00,27636.0,27637.0,27488.0,27555.0,5339.0,147089105.0,0.0
MHImain,HKFE,2018-08-24 08:00:00,27530.0,27612.0,27447.0,27535.0,33417.0,919727971.0,0.0
MHImain,HKFE,2018-08-24 12:00:00,27536.0,27782.0,27514.0,27633.0,25311.0,699796830.0,0.0
MHImain,HKFE,2018-08-24 16:00:00,27630.0,27652.0,27519.0,27643.0,13278.0,366439459.0,0.0
MHImain,HKFE,2018-08-24 20:00:00,27643.0,27866.0,27631.0,27854.0,10543.0,292488035.0,0.0
MHImain,HKFE,2018-08-25 00:00:00,27854.0,27885.0,27839.0,27867.0,1943.0,54138762.0,0.0
MHImain,HKFE,2018-08-27 08:00:00,27945.0,28189.0,27899.0,28164.0,30682.0,859675949.0,0.0
MHImain,HKFE,2018-08-27 12:00:00,28165.0,28265.0,28145.0,28218.0,15245.0,430064682.0,0.0
MHImain,HKFE,2018-08-27 16:00:00,28218.0,28295.0,28205.0,28250.0,8996.0,254114186.0,0.0
MHImain,HKFE,2018-08-27 20:00:00,28250.0,28516.0,28245.0,28469.0,10471.0,297441651.0,0.0
MHImain,HKFE,2018-08-28 00:00:00,28470.0,28479.0,28409.0,28453.0,1987.0,56517607.0,0.0
MHImain,HKFE,2018-08-28 08:00:00,28462.0,28549.0,28271.0,28315.0,29351.0,834120167.0,0.0
MHImain,HKFE,2018-08-28 12:00:00,28315.0,28398.0,28201.0,28305.0,17992.0,509150148.0,0.0
MHImain,HKFE,2018-08-28 16:00:00,28304.0,28337.0,28246.0,28285.0,6947.0,196600525.0,0.0
MHImain,HKFE,2018-08-28 20:00:00,28285.0,28351.0,28246.0,28274.0,5437.0,153877129.0,0.0
MHImain,HKFE,2018-08-29 00:00:00,28274.0,28281.0,28188.0,28218.0,1699.0,47952810.0,0.0
MHImain,HKFE,2018-08-29 08:00:00,28318.0,28474.0,28251.0,28357.0,21388.0,606324748.0,0.0
MHImain,HKFE,2018-08-29 12:00:00,28358.0,28421.0,28290.0,28340.0,12232.0,346815547.0,0.0
MHImain,HKFE,2018-08-29 16:00:00,28335.0,28406.0,28276.0,28304.0,6648.0,188490845.0,0.0
MHImain,HKFE,2018-08-29 20:00:00,28308.0,28423.0,28278.0,28418.0,4108.0,116412939.0,0.0
MHImain,HKFE,2018-08-30 00:00:00,28419.0,28513.0,28418.0,28511.0,1575.0,44823773.0,0.0
MHImain,HKFE,2018-08-30 08:00:00,28553.0,28573.0,28274.0,28286.0,4658.0,132213893.0,0.0
MHImain,HKFE,2018-08-30 12:00:00,28282.0,28290.0,28228.0,28243.0,1466.0,41422594.0,0.0
MHImain,HKFE,2018-08-30 16:00:00,28247.0,28250.0,27934.0,28002.0,5664.0,158634375.0,0.0
MHImain,HKFE,2018-08-30 20:00:00,28003.0,28057.0,27916.0,27928.0,10354.0,289658783.0,0.0
MHImain,HKFE,2018-08-31 00:00:00,27926.0,27939.0,27786.0,27818.0,5043.0,140389327.0,0.0
MHImain,HKFE,2018-08-31 08:00:00,27753.0,27829.0,27635.0,27783.0,30288.0,839424158.0,0.0
MHImain,HKFE,2018-08-31 12:00:00,27781.0,27883.0,27743.0,27811.0,18315.0,509508341.0,0.0
MHImain,HKFE,2018-08-31 16:00:00,27813.0,27813.0,27665.0,27723.0,13300.0,368959608.0,0.0
MHImain,HKFE,2018-08-31 20:00:00,27722.0,27860.0,27655.0,27698.0,10896.0,302335350.0,0.0
MHImain,HKFE,2018-09-01 00:00:00,27693.0,27707.0,27572.0,27580.0,4245.0,117332174.0,0.0
MHImain,HKFE,2018-09-03 08:00:00,27650.0,27787.0,27572.0,27599.0,27745.0,767583901.0,0.0
MHImain,HKFE,2018-09-03 12:00:00,27600.0,27673.0,27516.0,27608.0,19668.0,542580182.0,0.0
MHImain,HKFE,2018-09-03 16:00:00,27609.0,27701.0,27609.0,27670.0,7842.0,216840688.0,0.0
MHImain,HKFE,2018-09-03 20:00:00,27669.0,27699.0,27597.0,27670.0,5554.0,153558876.0,0.0
MHImain,HKFE,2018-09-04 00:00:00,27670.0,27720.0,27664.0,27681.0,1120.0,31015379.0,0.0
MHImain,HKFE,2018-09-04 08:00:00,27550.0,27749.0,27452.0,27620.0,34501.0,952600097.0,0.0
MHImain,HKFE,2018-09-04 12:00:00,27620.0,27950.0,27591.0,27855.0,28364.0,788686645.0,0.0
MHImain,HKFE,2018-09-04 16:00:00,27857.0,27936.0,27738.0,27738.0,13058.0,363734686.0,0.0
MHImain,HKFE,2018-09-04 20:00:00,27739.0,27751.0,27590.0,27668.0,14605.0,404179310.0,0.0
MHImain,HKFE,2018-09-05 00:00:00,27670.0,27686.0,27609.0,27620.0,2526.0,69817886.0,0.0
MHImain,HKFE,2018-09-05 08:00:00,27668.0,27818.0,27427.0,27461.0,35152.0,971056415.0,0.0
MHImain,HKFE,2018-09-05 12:00:00,27462.0,27476.0,27187.0,27211.0,31051.0,848481342.0,0.0
MHImain,HKFE,2018-09-05 16:00:00,27214.0,27262.0,27068.0,27126.0,18028.0,489478638.0,0.0
MHImain,HKFE,2018-09-05 20:00:00,27125.0,27178.0,26941.0,27026.0,15479.0,418836244.0,0.0
MHImain,HKFE,2018-09-06 00:00:00,27024.0,27112.0,27011.0,27083.0,3783.0,102371116.0,0.0
MHImain,HKFE,2018-09-06 08:00:00,26968.0,27223.0,26961.0,27071.0,36312.0,984690179.0,0.0
MHImain,HKFE,2018-09-06 12:00:00,27071.0,27130.0,26768.0,26827.0,32964.0,886925677.0,0.0
MHImain,HKFE,2018-09-06 16:00:00,26825.0,27109.0,26806.0,26984.0,18198.0,490241244.0,0.0
MHImain,HKFE,2018-09-06 20:00:00,26984.0,27123.0,26862.0,26875.0,17681.0,477505845.0,0.0
MHImain,HKFE,2018-09-07 00:00:00,26870.0,26922.0,26808.0,26888.0,4035.0,108419130.0,0.0
MHImain,HKFE,2018-09-07 08:00:00,26808.0,27163.0,26742.0,26840.0,40836.0,1100924213.0,0.0
MHImain,HKFE,2018-09-07 12:00:00,26840.0,26964.0,26582.0,26913.0,38569.0,1033617064.0,0.0
MHImain,HKFE,2018-09-07 16:00:00,26913.0,26974.0,26730.0,26792.0,15521.0,417030402.0,0.0
MHImain,HKFE,2018-09-07 20:00:00,26792.0,26883.0,26530.0,26796.0,21763.0,581673809.0,0.0
MHImain,HKFE,2018-09-08 00:00:00,26798.0,26842.0,26594.0,26651.0,4227.0,113039795.0,0.0
MHImain,HKFE,2018-09-10 08:00:00,26728.0,26840.0,26511.0,26670.0,37991.0,1012711278.0,0.0
MHImain,HKFE,2018-09-10 12:00:00,26668.0,26705.0,26520.0,26528.0,23027.0,612632342.0,0.0
MHImain,HKFE,2018-09-10 16:00:00,26525.0,26696.0,26357.0,26677.0,21053.0,558358540.0,0.0
MHImain,HKFE,2018-09-10 20:00:00,26678.0,26709.0,26488.0,26542.0,14225.0,378353464.0,0.0
MHImain,HKFE,2018-09-11 00:00:00,26545.0,26595.0,26505.0,26535.0,2933.0,77877437.0,0.0
MHImain,HKFE,2018-09-11 08:00:00,26588.0,26660.0,26396.0,26501.0,42125.0,1117034125.0,0.0
MHImain,HKFE,2018-09-11 12:00:00,26503.0,26652.0,26390.0,26476.0,30672.0,812556374.0,0.0
MHImain,HKFE,2018-09-11 16:00:00,26475.0,26481.0,26063.0,26076.0,21667.0,569502933.0,0.0
MHImain,HKFE,2018-09-11 20:00:00,26076.0,26302.0,26020.0,26213.0,19654.0,514177007.0,0.0
MHImain,HKFE,2018-09-12 00:00:00,26212.0,26350.0,26199.0,26310.0,4163.0,109383154.0,0.0
MHImain,HKFE,2018-09-12 08:00:00,26344.0,26390.0,26171.0,26287.0,44163.0,1160295549.0,0.0
MHImain,HKFE,2018-09-12 12:00:00,26288.0,26436.0,26228.0,26232.0,31120.0,819214485.0,0.0
MHImain,HKFE,2018-09-12 16:00:00,26233.0,26394.0,26195.0,26246.0,16634.0,437313993.0,0.0
MHImain,HKFE,2018-09-12 20:00:00,26245.0,26468.0,26223.0,26447.0,17660.0,464755699.0,0.0
MHImain,HKFE,2018-09-13 00:00:00,26449.0,26740.0,26449.0,26651.0,15940.0,424321931.0,0.0
MHImain,HKFE,2018-09-13 08:00:00,26721.0,26905.0,26651.0,26731.0,39726.0,1063482940.0,0.0
MHImain,HKFE,2018-09-13 12:00:00,26730.0,26943.0,26605.0,26915.0,31206.0,834465459.0,0.0
MHImain,HKFE,2018-09-13 16:00:00,26914.0,27087.0,26859.0,27052.0,18688.0,503976351.0,0.0
MHImain,HKFE,2018-09-13 20:00:00,27050.0,27334.0,27028.0,27216.0,25913.0,704710578.0,0.0
MHImain,HKFE,2018-09-14 00:00:00,27214.0,27216.0,27077.0,27167.0,5363.0,145556956.0,0.0
MHImain,HKFE,2018-09-14 08:00:00,27239.0,27318.0,27004.0,27186.0,39917.0,1084350029.0,0.0
MHImain,HKFE,2018-09-14 12:00:00,27185.0,27345.0,27152.0,27289.0,23646.0,644509789.0,0.0
MHImain,HKFE,2018-09-14 16:00:00,27290.0,27331.0,27220.0,27245.0,13343.0,363819392.0,0.0
MHImain,HKFE,2018-09-14 20:00:00,27246.0,27255.0,27083.0,27192.0,14088.0,382846131.0,0.0
MHImain,HKFE,2018-09-15 00:00:00,27195.0,27229.0,26944.0,27027.0,6552.0,177527709.0,0.0
MHImain,HKFE,2018-09-17 08:00:00,26899.0,27032.0,26744.0,26782.0,33509.0,900347638.0,0.0
MHImain,HKFE,2018-09-17 12:00:00,26780.0,26984.0,26711.0,26888.0,26123.0,701485191.0,0.0
MHImain,HKFE,2018-09-17 16:00:00,26888.0,26978.0,26823.0,26879.0,15010.0,403575376.0,0.0
MHImain,HKFE,2018-09-17 20:00:00,26880.0,27011.0,26841.0,26970.0,14758.0,397470744.0,0.0
MHImain,HKFE,2018-09-18 00:00:00,26972.0,26988.0,26943.0,26968.0,2187.0,58974604.0,0.0
MHImain,HKFE,2018-09-18 08:00:00,26710.0,26835.0,26605.0,26736.0,45261.0,1209682524.0,0.0
MHImain,HKFE,2018-09-18 12:00:00,26739.0,27150.0,26660.0,27120.0,39666.0,1067317366.0,0.0
MHImain,HKFE,2018-09-18 16:00:00,27121.0,27169.0,27003.0,27070.0,20282.0,548998095.0,0.0
MHImain,HKFE,2018-09-18 20:00:00,27068.0,27203.0,27030.0,27202.0,15660.0,424456799.0,0.0
MHImain,HKFE,2018-09-19 00:00:00,27202.0,27283.0,27195.0,27258.0,3940.0,107302264.0,0.0
MHImain,HKFE,2018-09-19 08:00:00,27217.0,27403.0,27060.0,27359.0,40077.0,1091854416.0,0.0
MHImain,HKFE,2018-09-19 12:00:00,27361.0,27493.0,27322.0,27375.0,25690.0,704447095.0,0.0
MHImain,HKFE,2018-09-19 16:00:00,27375.0,27452.0,27337.0,27391.0,11600.0,317893432.0,0.0
MHImain,HKFE,2018-09-19 20:00:00,27393.0,27575.0,27360.0,27555.0,14663.0,403030593.0,0.0
MHImain,HKFE,2018-09-20 00:00:00,27556.0,27587.0,27535.0,27586.0,2235.0,61591868.0,0.0
MHImain,HKFE,2018-09-20 08:00:00,27556.0,27627.0,27374.0,27382.0,40788.0,1122778104.0,0.0
MHImain,HKFE,2018-09-20 12:00:00,27382.0,27465.0,27295.0,27390.0,30090.0,823787548.0,0.0
MHImain,HKFE,2018-09-20 16:00:00,27388.0,27545.0,27378.0,27536.0,13615.0,373828539.0,0.0
MHImain,HKFE,2018-09-20 20:00:00,27536.0,27680.0,27532.0,27575.0,18595.0,513324989.0,0.0
MHImain,HKFE,2018-09-21 00:00:00,27577.0,27625.0,27555.0,27608.0,2473.0,68223794.0,0.0
MHImain,HKFE,2018-09-21 08:00:00,27655.0,27732.0,27512.0,27706.0,40220.0,1110476863.0,0.0
MHImain,HKFE,2018-09-21 12:00:00,27707.0,27944.0,27678.0,27930.0,33432.0,929363448.0,0.0
MHImain,HKFE,2018-09-21 16:00:00,27931.0,27981.0,27817.0,27820.0,17901.0,499784094.0,0.0
MHImain,HKFE,2018-09-21 20:00:00,27822.0,27901.0,27789.0,27859.0,12465.0,347064726.0,0.0
MHImain,HKFE,2018-09-22 00:00:00,27859.0,27918.0,27844.0,27905.0,2306.0,64294914.0,0.0
MHImain,HKFE,2018-09-24 08:00:00,27788.0,27788.0,27530.0,27604.0,24267.0,670206454.0,0.0
MHImain,HKFE,2018-09-24 12:00:00,27605.0,27606.0,27388.0,27410.0,18764.0,516116560.0,0.0
MHImain,HKFE,2018-09-24 16:00:00,27413.0,27521.0,27393.0,27468.0,13318.0,365805074.0,0.0
MHImain,HKFE,2018-09-24 20:00:00,27468.0,27532.0,27397.0,27419.0,9068.0,249063253.0,0.0
MHImain,HKFE,2018-09-25 00:00:00,27421.0,27506.0,27416.0,27435.0,2497.0,68587229.0,0.0
MHImain,HKFE,2018-09-26 08:00:00,27551.0,27984.0,27541.0,27906.0,32179.0,892567294.0,0.0
MHImain,HKFE,2018-09-26 12:00:00,27905.0,28038.0,27853.0,27873.0,21440.0,599347333.0,0.0
MHImain,HKFE,2018-09-26 16:00:00,27874.0,27884.0,27775.0,27859.0,10864.0,302269423.0,0.0
MHImain,HKFE,2018-09-26 20:00:00,27861.0,27915.0,27781.0,27897.0,6361.0,177146479.0,0.0
MHImain,HKFE,2018-09-27 00:00:00,27896.0,27910.0,27840.0,27865.0,1313.0,36594071.0,0.0
MHImain,HKFE,2018-09-27 08:00:00,27840.0,27929.0,27720.0,27798.0,8026.0,223281254.0,0.0
MHImain,HKFE,2018-09-27 12:00:00,27796.0,27799.0,27710.0,27745.0,3115.0,86441922.0,0.0
MHImain,HKFE,2018-09-27 16:00:00,27743.0,27752.0,27682.0,27721.0,3012.0,83487854.0,0.0
MHImain,HKFE,2018-09-27 20:00:00,27721.0,27871.0,27715.0,27835.0,9795.0,272230314.0,0.0
MHImain,HKFE,2018-09-28 00:00:00,27838.0,27877.0,27834.0,27875.0,1429.0,39808205.0,0.0
MHImain,HKFE,2018-09-28 08:00:00,27820.0,27920.0,27774.0,27874.0,36606.0,1019442588.0,0.0
MHImain,HKFE,2018-09-28 12:00:00,27873.0,27935.0,27687.0,27702.0,26923.0,748871025.0,0.0
MHImain,HKFE,2018-09-28 16:00:00,27700.0,27880.0,27649.0,27752.0,17231.0,478159515.0,0.0
MHImain,HKFE,2018-09-28 20:00:00,27752.0,27815.0,27643.0,27810.0,15719.0,435919369.0,0.0
MHImain,HKFE,2018-09-29 00:00:00,27809.0,27811.0,27732.0,27764.0,2802.0,77803116.0,0.0
MHImain,HKFE,2018-10-02 08:00:00,27790.0,27790.0,27280.0,27362.0,31693.0,869264750.0,0.0
MHImain,HKFE,2018-10-02 12:00:00,27361.0,27383.0,27036.0,27040.0,28468.0,774198186.0,0.0
MHImain,HKFE,2018-10-02 16:00:00,27039.0,27116.0,26890.0,27042.0,18341.0,495660854.0,0.0
MHImain,HKFE,2018-10-02 20:00:00,27041.0,27143.0,26988.0,27133.0,12806.0,346737107.0,0.0
MHImain,HKFE,2018-10-03 00:00:00,27132.0,27168.0,27103.0,27140.0,2620.0,71092393.0,0.0
MHImain,HKFE,2018-10-03 08:00:00,27006.0,27253.0,26871.0,27091.0,39098.0,1058616672.0,0.0
MHImain,HKFE,2018-10-03 12:00:00,27092.0,27141.0,26932.0,27037.0,24478.0,661790890.0,0.0
MHImain,HKFE,2018-10-03 16:00:00,27040.0,27132.0,27002.0,27083.0,12796.0,346248028.0,0.0
MHImain,HKFE,2018-10-03 20:00:00,27083.0,27174.0,27064.0,27085.0,9927.0,269243380.0,0.0
MHImain,HKFE,2018-10-04 00:00:00,27085.0,27099.0,27051.0,27072.0,1890.0,51169470.0,0.0
MHImain,HKFE,2018-10-04 08:00:00,26840.0,26905.0,26532.0,26576.0,41822.0,1115230789.0,0.0
MHImain,HKFE,2018-10-04 12:00:00,26576.0,26607.0,26490.0,26537.0,22442.0,595681643.0,0.0
MHImain,HKFE,2018-10-04 16:00:00,26536.0,26610.0,26513.0,26594.0,15020.0,399018016.0,0.0
MHImain,HKFE,2018-10-04 20:00:00,26593.0,26637.0,26360.0,26414.0,17775.0,471012511.0,0.0
MHImain,HKFE,2018-10-05 00:00:00,26414.0,26433.0,26303.0,26309.0,5152.0,135843954.0,0.0
MHImain,HKFE,2018-10-05 08:00:00,26390.0,26597.0,26322.0,26463.0,43002.0,1137994584.0,0.0
MHImain,HKFE,2018-10-05 12:00:00,26461.0,26619.0,26442.0,26559.0,25043.0,664208928.0,0.0
MHImain,HKFE,2018-10-05 16:00:00,26556.0,26571.0,26427.0,26527.0,14503.0,384464631.0,0.0
MHImain,HKFE,2018-10-05 20:00:00,26528.0,26572.0,26385.0,26405.0,19475.0,515555785.0,0.0
MHImain,HKFE,2018-10-06 00:00:00,26406.0,26414.0,26277.0,26304.0,5153.0,135714214.0,0.0
MHImain,HKFE,2018-10-08 08:00:00,26483.0,26772.0,26225.0,26363.0,48772.0,1290141528.0,0.0
MHImain,HKFE,2018-10-08 12:00:00,26363.0,26457.0,26174.0,26187.0,31043.0,817483784.0,0.0
MHImain,HKFE,2018-10-08 16:00:00,26186.0,26237.0,26063.0,26087.0,17459.0,456940986.0,0.0
MHImain,HKFE,2018-10-08 20:00:00,26087.0,26182.0,25992.0,26091.0,17658.0,460775893.0,0.0
MHImain,HKFE,2018-10-09 00:00:00,26092.0,26099.0,25972.0,26007.0,4513.0,117440114.0,0.0
MHImain,HKFE,2018-10-09 08:00:00,26099.0,26340.0,26022.0,26212.0,49801.0,1304837718.0,0.0
MHImain,HKFE,2018-10-09 12:00:00,26212.0,26343.0,26153.0,26224.0,28958.0,759778940.0,0.0
MHImain,HKFE,2018-10-09 16:00:00,26224.0,26247.0,25993.0,26016.0,16196.0,422936554.0,0.0
MHImain,HKFE,2018-10-09 20:00:00,26017.0,26213.0,25948.0,26112.0,21976.0,573167495.0,0.0
MHImain,HKFE,2018-10-10 00:00:00,26111.0,26179.0,26060.0,26148.0,3805.0,99411521.0,0.0
MHImain,HKFE,2018-10-10 08:00:00,26155.0,26470.0,26122.0,26200.0,46267.0,1217561423.0,0.0
MHImain,HKFE,2018-10-10 12:00:00,26199.0,26388.0,26180.0,26283.0,30862.0,811326778.0,0.0
MHImain,HKFE,2018-10-10 16:00:00,26285.0,26296.0,26112.0,26223.0,15564.0,407698137.0,0.0
MHImain,HKFE,2018-10-10 20:00:00,26225.0,26256.0,25815.0,25818.0,26608.0,691401056.0,0.0
MHImain,HKFE,2018-10-11 00:00:00,25822.0,25871.0,25785.0,25836.0,5775.0,149147870.0,0.0
MHImain,HKFE,2018-10-11 08:00:00,25359.0,25460.0,25176.0,25217.0,53468.0,1354055938.0,0.0
MHImain,HKFE,2018-10-11 12:00:00,25219.0,25261.0,25122.0,25180.0,33498.0,843705468.0,0.0
MHImain,HKFE,2018-10-11 16:00:00,25176.0,25396.0,25076.0,25185.0,28318.0,714869690.0,0.0
MHImain,HKFE,2018-10-11 20:00:00,25188.0,25628.0,25167.0,25226.0,39642.0,1007170587.0,0.0
MHImain,HKFE,2018-10-12 00:00:00,25226.0,25433.0,25226.0,25429.0,9550.0,241897096.0,0.0
MHImain,HKFE,2018-10-12 08:00:00,25444.0,25486.0,25262.0,25343.0,37265.0,945368368.0,0.0
MHImain,HKFE,2018-10-12 12:00:00,25343.0,25776.0,25343.0,25701.0,46202.0,1184152597.0,0.0
MHImain,HKFE,2018-10-12 16:00:00,25699.0,25787.0,25635.0,25729.0,19157.0,492817220.0,0.0
MHImain,HKFE,2018-10-12 20:00:00,25728.0,25777.0,25650.0,25747.0,16633.0,427828399.0,0.0
MHImain,HKFE,2018-10-13 00:00:00,25744.0,25745.0,25598.0,25640.0,4685.0,120224758.0,0.0
MHImain,HKFE,2018-10-15 08:00:00,25540.0,25648.0,25429.0,25512.0,38046.0,971628537.0,0.0
MHImain,HKFE,2018-10-15 12:00:00,25510.0,25523.0,25372.0,25410.0,26052.0,662777380.0,0.0
MHImain,HKFE,2018-10-15 16:00:00,25411.0,25454.0,25330.0,25428.0,16232.0,412024357.0,0.0
MHImain,HKFE,2018-10-15 20:00:00,25430.0,25520.0,25381.0,25480.0,15575.0,396468145.0,0.0
MHImain,HKFE,2018-10-16 00:00:00,25480.0,25541.0,25423.0,25434.0,4730.0,120563622.0,0.0
MHImain,HKFE,2018-10-16 08:00:00,25478.0,25680.0,25423.0,25456.0,36385.0,930128417.0,0.0
MHImain,HKFE,2018-10-16 12:00:00,25458.0,25490.0,25208.0,25313.0,34908.0,884572638.0,0.0
MHImain,HKFE,2018-10-16 16:00:00,25312.0,25440.0,25254.0,25393.0,18082.0,458872122.0,0.0
MHImain,HKFE,2018-10-16 20:00:00,25394.0,25634.0,25394.0,25632.0,16700.0,426313889.0,0.0
MHImain,HKFE,2018-10-17 00:00:00,25630.0,25720.0,25625.0,25704.0,4816.0,123631507.0,0.0
MHImain,HKFE,2018-10-18 08:00:00,25685.0,25688.0,25351.0,25438.0,43399.0,1104444331.0,0.0
MHImain,HKFE,2018-10-18 12:00:00,25439.0,25453.0,25211.0,25245.0,30038.0,760399492.0,0.0
MHImain,HKFE,2018-10-18 16:00:00,25246.0,25478.0,25241.0,25445.0,19449.0,493448951.0,0.0
MHImain,HKFE,2018-10-18 20:00:00,25445.0,25453.0,25216.0,25237.0,17628.0,446179218.0,0.0
MHImain,HKFE,2018-10-19 00:00:00,25237.0,25252.0,25077.0,25086.0,7249.0,182335710.0,0.0
MHImain,HKFE,2018-10-19 08:00:00,25108.0,25499.0,25059.0,25378.0,50205.0,1268763248.0,0.0
MHImain,HKFE,2018-10-19 12:00:00,25377.0,25723.0,25321.0,25579.0,43352.0,1108121018.0,0.0
MHImain,HKFE,2018-10-19 16:00:00,25578.0,25595.0,25439.0,25560.0,18482.0,471759216.0,0.0
MHImain,HKFE,2018-10-19 20:00:00,25561.0,25639.0,25475.0,25564.0,18855.0,482173556.0,0.0
MHImain,HKFE,2018-10-20 00:00:00,25567.0,25577.0,25435.0,25472.0,4721.0,120326161.0,0.0
MHImain,HKFE,2018-10-22 08:00:00,25488.0,26055.0,25487.0,26032.0,44817.0,1157720317.0,0.0
MHImain,HKFE,2018-10-22 12:00:00,26032.0,26221.0,26016.0,26096.0,31971.0,835210660.0,0.0
MHImain,HKFE,2018-10-22 16:00:00,26100.0,26173.0,26063.0,26124.0,15029.0,392540192.0,0.0
MHImain,HKFE,2018-10-22 20:00:00,26128.0,26164.0,25953.0,26015.0,19089.0,497356591.0,0.0
MHImain,HKFE,2018-10-23 00:00:00,26012.0,26068.0,25929.0,25940.0,5357.0,139217634.0,0.0
MHImain,HKFE,2018-10-23 08:00:00,25877.0,25974.0,25585.0,25590.0,43811.0,1130789086.0,0.0
MHImain,HKFE,2018-10-23 12:00:00,25589.0,25631.0,25265.0,25295.0,43714.0,1112745540.0,0.0
MHImain,HKFE,2018-10-23 16:00:00,25296.0,25364.0,25144.0,25288.0,25311.0,639945357.0,0.0
MHImain,HKFE,2018-10-23 20:00:00,25290.0,25307.0,25050.0,25205.0,25320.0,637516570.0,0.0
MHImain,HKFE,2018-10-24 00:00:00,25208.0,25246.0,25114.0,25205.0,4837.0,121822565.0,0.0
MHImain,HKFE,2018-10-24 08:00:00,25402.0,25531.0,25177.0,25493.0,59692.0,1512682515.0,0.0
MHImain,HKFE,2018-10-24 12:00:00,25496.0,25655.0,25215.0,25230.0,43467.0,1105689601.0,0.0
MHImain,HKFE,2018-10-24 16:00:00,25225.0,25277.0,25192.0,25259.0,15259.0,385035354.0,0.0
MHImain,HKFE,2018-10-24 20:00:00,25258.0,25408.0,25058.0,25072.0,22918.0,579058243.0,0.0
MHImain,HKFE,2018-10-25 00:00:00,25072.0,25192.0,25038.0,25166.0,6634.0,166540063.0,0.0
MHImain,HKFE,2018-10-25 08:00:00,24777.0,24820.0,24601.0,24764.0,45310.0,1119843389.0,0.0
MHImain,HKFE,2018-10-25 12:00:00,24763.0,24871.0,24665.0,24797.0,32115.0,795322299.0,0.0
MHImain,HKFE,2018-10-25 16:00:00,24795.0,25027.0,24733.0,24958.0,22314.0,555563944.0,0.0
MHImain,HKFE,2018-10-25 20:00:00,24958.0,25055.0,24844.0,24997.0,22762.0,567906573.0,0.0
MHImain,HKFE,2018-10-26 00:00:00,24993.0,25142.0,24984.0,25090.0,5292.0,132785045.0,0.0
MHImain,HKFE,2018-10-26 08:00:00,24970.0,25018.0,24666.0,24677.0,42243.0,1050121989.0,0.0
MHImain,HKFE,2018-10-26 12:00:00,24676.0,24817.0,24526.0,24792.0,38704.0,955307106.0,0.0
MHImain,HKFE,2018-10-26 16:00:00,24792.0,24795.0,24455.0,24534.0,21819.0,537328337.0,0.0
MHImain,HKFE,2018-10-26 20:00:00,24534.0,24737.0,24475.0,24554.0,23162.0,569511206.0,0.0
MHImain,HKFE,2018-10-27 00:00:00,24553.0,24783.0,24550.0,24759.0,7347.0,181299082.0,0.0
MHImain,HKFE,2018-10-29 08:00:00,24870.0,24997.0,24581.0,24774.0,38330.0,948841646.0,0.0
MHImain,HKFE,2018-10-29 12:00:00,24773.0,24812.0,24623.0,24721.0,23607.0,583474278.0,0.0
MHImain,HKFE,2018-10-29 16:00:00,24720.0,24995.0,24706.0,24991.0,14814.0,367687279.0,0.0
MHImain,HKFE,2018-10-29 20:00:00,24992.0,25039.0,24876.0,24887.0,9693.0,241946921.0,0.0
MHImain,HKFE,2018-10-30 00:00:00,24886.0,24970.0,24829.0,24832.0,2332.0,58054056.0,0.0
MHImain,HKFE,2018-10-30 08:00:00,24739.0,24833.0,24570.0,24796.0,9898.0,244488518.0,0.0
MHImain,HKFE,2018-10-30 12:00:00,24800.0,24855.0,24717.0,24736.0,2474.0,61307284.0,0.0
MHImain,HKFE,2018-10-30 16:00:00,24735.0,24735.0,24500.0,24593.0,7317.0,179889018.0,0.0
MHImain,HKFE,2018-10-30 20:00:00,24589.0,24689.0,24474.0,24568.0,24770.0,608880100.0,0.0
MHImain,HKFE,2018-10-31 00:00:00,24565.0,24673.0,24546.0,24606.0,5435.0,133798738.0,0.0
MHImain,HKFE,2018-10-31 08:00:00,24750.0,24891.0,24682.0,24718.0,43446.0,1076867371.0,0.0
MHImain,HKFE,2018-10-31 12:00:00,24717.0,24920.0,24712.0,24861.0,30890.0,766556091.0,0.0
MHImain,HKFE,2018-10-31 16:00:00,24865.0,24971.0,24828.0,24962.0,17673.0,440080908.0,0.0
MHImain,HKFE,2018-10-31 20:00:00,24964.0,25028.0,24908.0,24930.0,17084.0,426558190.0,0.0
MHImain,HKFE,2018-11-01 00:00:00,24930.0,25005.0,24915.0,24955.0,4395.0,109709336.0,0.0
MHImain,HKFE,2018-11-01 08:00:00,25080.0,25402.0,25039.0,25344.0,42313.0,1069448037.0,0.0
MHImain,HKFE,2018-11-01 12:00:00,25346.0,25516.0,25269.0,25355.0,35179.0,892975719.0,0.0
MHImain,HKFE,2018-11-01 16:00:00,25354.0,25476.0,25281.0,25428.0,19596.0,497240479.0,0.0
MHImain,HKFE,2018-11-01 20:00:00,25429.0,25697.0,25323.0,25677.0,24985.0,636674444.0,0.0
MHImain,HKFE,2018-11-02 00:00:00,25681.0,25777.0,25660.0,25753.0,6070.0,156175096.0,0.0
MHImain,HKFE,2018-11-02 08:00:00,25794.0,26062.0,25769.0,25977.0,44685.0,1159906272.0,0.0
MHImain,HKFE,2018-11-02 12:00:00,25975.0,26440.0,25961.0,26300.0,43128.0,1133547247.0,0.0
MHImain,HKFE,2018-11-02 16:00:00,26301.0,26564.0,26289.0,26538.0,20830.0,550823673.0,0.0
MHImain,HKFE,2018-11-02 20:00:00,26545.0,26759.0,26176.0,26202.0,37252.0,984936119.0,0.0
MHImain,HKFE,2018-11-03 00:00:00,26200.0,26211.0,26081.0,26104.0,6246.0,163344920.0,0.0
MHImain,HKFE,2018-11-05 08:00:00,25990.0,26140.0,25833.0,25833.0,42562.0,1105649239.0,0.0
MHImain,HKFE,2018-11-05 12:00:00,25833.0,25952.0,25719.0,25867.0,32538.0,840869892.0,0.0
MHImain,HKFE,2018-11-05 16:00:00,25869.0,25966.0,25814.0,25950.0,16200.0,419435399.0,0.0
MHImain,HKFE,2018-11-05 20:00:00,25949.0,26076.0,25871.0,25920.0,14369.0,373051718.0,0.0
MHImain,HKFE,2018-11-06 00:00:00,25923.0,26068.0,25887.0,26007.0,5539.0,143885686.0,0.0
MHImain,HKFE,2018-11-06 08:00:00,26048.0,26078.0,25798.0,25863.0,39517.0,1022870417.0,0.0
MHImain,HKFE,2018-11-06 12:00:00,25864.0,26029.0,25821.0,26011.0,27648.0,716324742.0,0.0
MHImain,HKFE,2018-11-06 16:00:00,26012.0,26166.0,25896.0,25951.0,24453.0,637056265.0,0.0
MHImain,HKFE,2018-11-06 20:00:00,25950.0,26085.0,25903.0,26050.0,11672.0,303369271.0,0.0
MHImain,HKFE,2018-11-07 00:00:00,26052.0,26069.0,25988.0,26065.0,4049.0,105403597.0,0.0
MHImain,HKFE,2018-11-07 08:00:00,26115.0,26287.0,25982.0,26228.0,44158.0,1153530415.0,0.0
MHImain,HKFE,2018-11-07 12:00:00,26230.0,26524.0,25861.0,26060.0,61309.0,1604121733.0,0.0
MHImain,HKFE,2018-11-07 16:00:00,26062.0,26380.0,25975.0,26335.0,22517.0,588801555.0,0.0
MHImain,HKFE,2018-11-07 20:00:00,26334.0,26386.0,26187.0,26241.0,14360.0,377607307.0,0.0
MHImain,HKFE,2018-11-08 00:00:00,26241.0,26342.0,26189.0,26323.0,4932.0,129631694.0,0.0
MHImain,HKFE,2018-11-08 08:00:00,26600.0,26610.0,26274.0,26369.0,41088.0,1084056976.0,0.0
MHImain,HKFE,2018-11-08 12:00:00,26368.0,26417.0,26190.0,26213.0,27896.0,733964824.0,0.0
MHImain,HKFE,2018-11-08 16:00:00,26213.0,26249.0,26066.0,26132.0,20521.0,536913126.0,0.0
MHImain,HKFE,2018-11-08 20:00:00,26133.0,26228.0,26055.0,26102.0,12370.0,323303321.0,0.0
MHImain,HKFE,2018-11-09 00:00:00,26102.0,26157.0,26100.0,26150.0,2855.0,74593730.0,0.0
MHImain,HKFE,2018-11-09 08:00:00,25899.0,25943.0,25605.0,25649.0,38347.0,987075620.0,0.0
MHImain,HKFE,2018-11-09 12:00:00,25649.0,25654.0,25495.0,25527.0,27492.0,702951592.0,0.0
MHImain,HKFE,2018-11-09 16:00:00,25529.0,25572.0,25342.0,25364.0,20823.0,530688100.0,0.0
MHImain,HKFE,2018-11-09 20:00:00,25363.0,25445.0,25312.0,25341.0,11978.0,304028832.0,0.0
MHImain,HKFE,2018-11-10 00:00:00,25343.0,25443.0,25327.0,25364.0,4267.0,108335404.0,0.0
MHImain,HKFE,2018-11-12 08:00:00,25454.0,25738.0,25449.0,25707.0,43903.0,1124706497.0,0.0
MHImain,HKFE,2018-11-12 12:00:00,25710.0,25754.0,25578.0,25595.0,25484.0,653498464.0,0.0
MHImain,HKFE,2018-11-12 16:00:00,25597.0,25624.0,25465.0,25503.0,15323.0,391601601.0,0.0
MHImain,HKFE,2018-11-12 20:00:00,25502.0,25517.0,25312.0,25331.0,12169.0,309259587.0,0.0
MHImain,HKFE,2018-11-13 00:00:00,25329.0,25349.0,25222.0,25226.0,4811.0,121672568.0,0.0
MHImain,HKFE,2018-11-13 08:00:00,25060.0,25306.0,25008.0,25245.0,41380.0,1040567589.0,0.0
MHImain,HKFE,2018-11-13 12:00:00,25246.0,25720.0,25241.0,25558.0,57881.0,1478244019.0,0.0
MHImain,HKFE,2018-11-13 16:00:00,25556.0,25859.0,25545.0,25772.0,26115.0,671345049.0,0.0
MHImain,HKFE,2018-11-13 20:00:00,25769.0,25913.0,25637.0,25686.0,19386.0,499260325.0,0.0
MHImain,HKFE,2018-11-14 00:00:00,25684.0,25927.0,25582.0,25918.0,8848.0,227756455.0,0.0
MHImain,HKFE,2018-11-14 08:00:00,25805.0,25890.0,25577.0,25646.0,40135.0,1030903890.0,0.0
MHImain,HKFE,2018-11-14 12:00:00,25646.0,25791.0,25587.0,25686.0,26860.0,689391675.0,0.0
MHImain,HKFE,2018-11-14 16:00:00,25687.0,25821.0,25430.0,25770.0,28061.0,718340368.0,0.0
MHImain,HKFE,2018-11-14 20:00:00,25770.0,26013.0,25709.0,25856.0,19805.0,512718201.0,0.0
MHImain,HKFE,2018-11-15 00:00:00,25855.0,25896.0,25714.0,25722.0,6738.0,173936162.0,0.0
MHImain,HKFE,2018-11-15 08:00:00,25850.0,25910.0,25554.0,25693.0,42130.0,1082045978.0,0.0
MHImain,HKFE,2018-11-15 12:00:00,25693.0,25999.0,25631.0,25926.0,32797.0,846900100.0,0.0
MHImain,HKFE,2018-11-15 16:00:00,25924.0,26138.0,25828.0,25996.0,27527.0,715794003.0,0.0
MHImain,HKFE,2018-11-15 20:00:00,25992.0,26025.0,25802.0,25923.0,21372.0,553862540.0,0.0
MHImain,HKFE,2018-11-16 00:00:00,25923.0,25952.0,25785.0,25930.0,7362.0,190424898.0,0.0
MHImain,HKFE,2018-11-16 08:00:00,26125.0,26128.0,25790.0,25889.0,37249.0,964471165.0,0.0
MHImain,HKFE,2018-11-16 12:00:00,25889.0,26192.0,25883.0,26074.0,44360.0,1155801749.0,0.0
MHImain,HKFE,2018-11-16 16:00:00,26075.0,26145.0,26003.0,26021.0,16111.0,420093605.0,0.0
MHImain,HKFE,2018-11-16 20:00:00,26025.0,26179.0,25957.0,26179.0,15704.0,409297070.0,0.0
MHImain,HKFE,2018-11-17 00:00:00,26175.0,26238.0,26131.0,26133.0,5826.0,152585615.0,0.0
MHImain,HKFE,2018-11-19 08:00:00,26098.0,26378.0,26066.0,26239.0,47957.0,1257905642.0,0.0
MHImain,HKFE,2018-11-19 12:00:00,26239.0,26349.0,26134.0,26295.0,30127.0,790149718.0,0.0
MHImain,HKFE,2018-11-19 16:00:00,26294.0,26350.0,26242.0,26274.0,17071.0,448830712.0,0.0
MHImain,HKFE,2018-11-19 20:00:00,26280.0,26284.0,26092.0,26123.0,12306.0,322404137.0,0.0
MHImain,HKFE,2018-11-20 00:00:00,26125.0,26160.0,26064.0,26091.0,5506.0,143770870.0,0.0
MHImain,HKFE,2018-11-20 08:00:00,25959.0,26116.0,25914.0,25940.0,39798.0,1034466193.0,0.0
MHImain,HKFE,2018-11-20 12:00:00,25940.0,25945.0,25699.0,25830.0,35003.0,903359049.0,0.0
MHImain,HKFE,2018-11-20 16:00:00,25830.0,25848.0,25636.0,25715.0,19559.0,503835346.0,0.0
MHImain,HKFE,2018-11-20 20:00:00,25714.0,25774.0,25440.0,25443.0,23238.0,595279211.0,0.0
MHImain,HKFE,2018-11-21 00:00:00,25440.0,25647.0,25438.0,25598.0,8508.0,217403072.0,0.0
MHImain,HKFE,2018-11-21 08:00:00,25480.0,25808.0,25414.0,25719.0,50935.0,1305722979.0,0.0
MHImain,HKFE,2018-11-21 12:00:00,25720.0,25903.0,25713.0,25898.0,33728.0,869972120.0,0.0
MHImain,HKFE,2018-11-21 16:00:00,25900.0,25976.0,25861.0,25903.0,22050.0,571555944.0,0.0
MHImain,HKFE,2018-11-21 20:00:00,25898.0,26148.0,25889.0,26124.0,17289.0,450333078.0,0.0
MHImain,HKFE,2018-11-22 00:00:00,26124.0,26175.0,26092.0,26168.0,3890.0,101663665.0,0.0
MHImain,HKFE,2018-11-22 08:00:00,26085.0,26092.0,25810.0,25870.0,37123.0,961783684.0,0.0
MHImain,HKFE,2018-11-22 12:00:00,25870.0,26045.0,25838.0,26021.0,22847.0,592651973.0,0.0
MHImain,HKFE,2018-11-22 16:00:00,26022.0,26066.0,25821.0,25921.0,16191.0,420246123.0,0.0
MHImain,HKFE,2018-11-22 20:00:00,25920.0,25965.0,25894.0,25933.0,5522.0,143210953.0,0.0
MHImain,HKFE,2018-11-23 00:00:00,25933.0,25937.0,25824.0,25863.0,2658.0,68765150.0,0.0
MHImain,HKFE,2018-11-23 08:00:00,25975.0,26035.0,25755.0,25823.0,33600.0,868548161.0,0.0
MHImain,HKFE,2018-11-23 12:00:00,25822.0,25905.0,25764.0,25851.0,23581.0,609131567.0,0.0
MHImain,HKFE,2018-11-23 16:00:00,25853.0,25937.0,25806.0,25851.0,13280.0,343523951.0,0.0
MHImain,HKFE,2018-11-23 20:00:00,25850.0,25915.0,25773.0,25883.0,9321.0,240810035.0,0.0
MHImain,HKFE,2018-11-24 00:00:00,25885.0,25904.0,25845.0,25876.0,2977.0,77030255.0,0.0
MHImain,HKFE,2018-11-26 08:00:00,25988.0,26409.0,25971.0,26381.0,43908.0,1150535529.0,0.0
MHImain,HKFE,2018-11-26 12:00:00,26377.0,26427.0,26258.0,26343.0,22984.0,605415158.0,0.0
MHImain,HKFE,2018-11-26 16:00:00,26344.0,26512.0,26325.0,26450.0,15325.0,404623060.0,0.0
MHImain,HKFE,2018-11-26 20:00:00,26451.0,26494.0,26357.0,26457.0,9993.0,264047331.0,0.0
MHImain,HKFE,2018-11-27 00:00:00,26459.0,26476.0,26393.0,26457.0,3645.0,96353498.0,0.0
MHImain,HKFE,2018-11-27 08:00:00,26300.0,26331.0,26138.0,26283.0,34508.0,905391449.0,0.0
MHImain,HKFE,2018-11-27 12:00:00,26284.0,26421.0,26242.0,26308.0,24049.0,633153605.0,0.0
MHImain,HKFE,2018-11-27 16:00:00,26307.0,26429.0,26222.0,26285.0,20859.0,548719385.0,0.0
MHImain,HKFE,2018-11-27 20:00:00,26287.0,26340.0,26197.0,26328.0,10423.0,273759263.0,0.0
MHImain,HKFE,2018-11-28 00:00:00,26329.0,26372.0,26282.0,26344.0,3777.0,99442815.0,0.0
MHImain,HKFE,2018-11-28 08:00:00,26367.0,26606.0,26292.0,26581.0,35535.0,939997277.0,0.0
MHImain,HKFE,2018-11-28 12:00:00,26580.0,26718.0,26540.0,26696.0,19022.0,506382423.0,0.0
MHImain,HKFE,2018-11-28 16:00:00,26695.0,26722.0,26602.0,26665.0,9492.0,253089463.0,0.0
MHImain,HKFE,2018-11-28 20:00:00,26663.0,26690.0,26535.0,26543.0,5071.0,134988954.0,0.0
MHImain,HKFE,2018-11-29 00:00:00,26544.0,26603.0,26523.0,26597.0,1864.0,49500948.0,0.0
MHImain,HKFE,2018-11-29 08:00:00,26855.0,26944.0,26640.0,26667.0,7407.0,198521657.0,0.0
MHImain,HKFE,2018-11-29 12:00:00,26668.0,26706.0,26584.0,26589.0,2354.0,62721911.0,0.0
MHImain,HKFE,2018-11-29 16:00:00,26590.0,26596.0,26376.0,26392.0,4749.0,125488366.0,0.0
MHImain,HKFE,2018-11-29 20:00:00,26391.0,26555.0,26323.0,26485.0,14020.0,370866286.0,0.0
MHImain,HKFE,2018-11-30 00:00:00,26483.0,26634.0,26398.0,26509.0,7555.0,200121859.0,0.0
MHImain,HKFE,2018-11-30 08:00:00,26620.0,26720.0,26418.0,26686.0,43259.0,1148963274.0,0.0
MHImain,HKFE,2018-11-30 12:00:00,26685.0,26730.0,26519.0,26582.0,26591.0,707553355.0,0.0
MHImain,HKFE,2018-11-30 16:00:00,26581.0,26610.0,26452.0,26467.0,12906.0,342445679.0,0.0
MHImain,HKFE,2018-11-30 20:00:00,26466.0,26571.0,26435.0,26543.0,9692.0,256783964.0,0.0
MHImain,HKFE,2018-12-01 00:00:00,26545.0,26554.0,26478.0,26510.0,3282.0,87028948.0,0.0
MHImain,HKFE,2018-12-03 08:00:00,27117.0,27320.0,27029.0,27289.0,47394.0,1289117244.0,0.0
MHImain,HKFE,2018-12-03 12:00:00,27292.0,27326.0,27084.0,27209.0,26293.0,715386396.0,0.0
MHImain,HKFE,2018-12-03 16:00:00,27212.0,27298.0,27186.0,27244.0,14892.0,405626784.0,0.0
MHImain,HKFE,2018-12-03 20:00:00,27247.0,27329.0,27151.0,27155.0,12943.0,352544311.0,0.0
MHImain,HKFE,2018-12-04 00:00:00,27153.0,27233.0,27148.0,27180.0,4497.0,122265945.0,0.0
MHImain,HKFE,2018-12-04 08:00:00,27115.0,27223.0,27048.0,27144.0,36320.0,985982633.0,0.0
MHImain,HKFE,2018-12-04 12:00:00,27145.0,27208.0,27041.0,27164.0,29219.0,792496041.0,0.0
MHImain,HKFE,2018-12-04 16:00:00,27166.0,27297.0,27143.0,27271.0,16307.0,444025382.0,0.0
MHImain,HKFE,2018-12-04 20:00:00,27270.0,27285.0,27171.0,27171.0,9111.0,248091004.0,0.0
MHImain,HKFE,2018-12-05 00:00:00,27171.0,27209.0,27138.0,27158.0,4002.0,108752354.0,0.0
MHImain,HKFE,2018-12-05 08:00:00,26791.0,26947.0,26720.0,26894.0,33733.0,906464757.0,0.0
MHImain,HKFE,2018-12-05 12:00:00,26893.0,26911.0,26780.0,26858.0,21546.0,578158019.0,0.0
MHImain,HKFE,2018-12-05 16:00:00,26860.0,26872.0,26750.0,26862.0,13946.0,374121586.0,0.0
MHImain,HKFE,2018-12-05 20:00:00,26861.0,26905.0,26830.0,26862.0,4789.0,128659347.0,0.0
MHImain,HKFE,2018-12-06 00:00:00,26862.0,26866.0,26814.0,26821.0,1068.0,28658413.0,0.0
MHImain,HKFE,2018-12-06 08:00:00,26498.0,26499.0,26043.0,26055.0,47048.0,1232618025.0,0.0
MHImain,HKFE,2018-12-06 12:00:00,26053.0,26143.0,26006.0,26071.0,25819.0,673230526.0,0.0
MHImain,HKFE,2018-12-06 16:00:00,26074.0,26190.0,25934.0,25967.0,23189.0,605063481.0,0.0
MHImain,HKFE,2018-12-06 20:00:00,25968.0,26053.0,25912.0,26003.0,18132.0,471085185.0,0.0
MHImain,HKFE,2018-12-07 00:00:00,26004.0,26042.0,25900.0,25900.0,5383.0,139820522.0,0.0
MHImain,HKFE,2018-12-07 08:00:00,26250.0,26306.0,26113.0,26208.0,34293.0,898863535.0,0.0
MHImain,HKFE,2018-12-07 12:00:00,26209.0,26270.0,26145.0,26194.0,17871.0,468392485.0,0.0
MHImain,HKFE,2018-12-07 16:00:00,26194.0,26216.0,26007.0,26134.0,16864.0,440366789.0,0.0
MHImain,HKFE,2018-12-07 20:00:00,26135.0,26369.0,26092.0,26241.0,15459.0,405515461.0,0.0
MHImain,HKFE,2018-12-08 00:00:00,26242.0,26248.0,26108.0,26112.0,7008.0,183462923.0,0.0
MHImain,HKFE,2018-12-10 08:00:00,25776.0,25833.0,25549.0,25570.0,38313.0,984293950.0,0.0
MHImain,HKFE,2018-12-10 12:00:00,25570.0,25745.0,25566.0,25682.0,20897.0,536485240.0,0.0
MHImain,HKFE,2018-12-10 16:00:00,25681.0,25788.0,25676.0,25745.0,13400.0,344834417.0,0.0
MHImain,HKFE,2018-12-10 20:00:00,25744.0,25777.0,25596.0,25681.0,14529.0,373295341.0,0.0
MHImain,HKFE,2018-12-11 00:00:00,25680.0,25713.0,25440.0,25461.0,8588.0,219590228.0,0.0
MHImain,HKFE,2018-12-11 08:00:00,25658.0,25828.0,25566.0,25828.0,35615.0,915344924.0,0.0
MHImain,HKFE,2018-12-11 12:00:00,25827.0,25861.0,25695.0,25805.0,20702.0,533230899.0,0.0
MHImain,HKFE,2018-12-11 16:00:00,25806.0,25869.0,25678.0,25849.0,16038.0,413352392.0,0.0
MHImain,HKFE,2018-12-11 20:00:00,25849.0,26046.0,25846.0,25951.0,17007.0,441611481.0,0.0
MHImain,HKFE,2018-12-12 00:00:00,25954.0,26035.0,25916.0,25919.0,5771.0,149921715.0,0.0
MHImain,HKFE,2018-12-12 08:00:00,26039.0,26224.0,25994.0,26151.0,30629.0,800612849.0,0.0
MHImain,HKFE,2018-12-12 12:00:00,26151.0,26256.0,26145.0,26230.0,19669.0,515390153.0,0.0
MHImain,HKFE,2018-12-12 16:00:00,26230.0,26386.0,26165.0,26342.0,17007.0,446689264.0,0.0
MHImain,HKFE,2018-12-12 20:00:00,26341.0,26477.0,26306.0,26469.0,12567.0,331624798.0,0.0
MHImain,HKFE,2018-12-13 00:00:00,26469.0,26487.0,26406.0,26464.0,3902.0,103204121.0,0.0
MHImain,HKFE,2018-12-13 08:00:00,26388.0,26603.0,26312.0,26572.0,36949.0,977897533.0,0.0
MHImain,HKFE,2018-12-13 12:00:00,26572.0,26626.0,26447.0,26533.0,21552.0,571776400.0,0.0
MHImain,HKFE,2018-12-13 16:00:00,26534.0,26596.0,26404.0,26429.0,15071.0,399641444.0,0.0
MHImain,HKFE,2018-12-13 20:00:00,26425.0,26515.0,26362.0,26490.0,13168.0,348088473.0,0.0
MHImain,HKFE,2018-12-14 00:00:00,26490.0,26508.0,26358.0,26384.0,5325.0,140680717.0,0.0
MHImain,HKFE,2018-12-14 08:00:00,26233.0,26240.0,26063.0,26176.0,31603.0,825896392.0,0.0
MHImain,HKFE,2018-12-14 12:00:00,26178.0,26180.0,26047.0,26099.0,17992.0,469760100.0,0.0
MHImain,HKFE,2018-12-14 16:00:00,26100.0,26125.0,25920.0,26032.0,15662.0,407802112.0,0.0
MHImain,HKFE,2018-12-14 20:00:00,26036.0,26118.0,26014.0,26104.0,9021.0,235155213.0,0.0
MHImain,HKFE,2018-12-15 00:00:00,26105.0,26226.0,26066.0,26183.0,5363.0,140189411.0,0.0
MHImain,HKFE,2018-12-17 08:00:00,26157.0,26231.0,26010.0,26167.0,34521.0,901941594.0,0.0
MHImain,HKFE,2018-12-17 12:00:00,26168.0,26179.0,26101.0,26150.0,15831.0,413845657.0,0.0
MHImain,HKFE,2018-12-17 16:00:00,26150.0,26185.0,26055.0,26062.0,10924.0,285343358.0,0.0
MHImain,HKFE,2018-12-17 20:00:00,26061.0,26067.0,25891.0,25975.0,13909.0,361340515.0,0.0
MHImain,HKFE,2018-12-18 00:00:00,25976.0,26105.0,25928.0,26097.0,6115.0,159045495.0,0.0
MHImain,HKFE,2018-12-18 08:00:00,25878.0,26193.0,25863.0,25917.0,40250.0,1048695800.0,0.0
MHImain,HKFE,2018-12-18 12:00:00,25916.0,25930.0,25700.0,25813.0,31329.0,808502811.0,0.0
MHImain,HKFE,2018-12-18 16:00:00,25813.0,25901.0,25783.0,25892.0,16558.0,427875389.0,0.0
MHImain,HKFE,2018-12-18 20:00:00,25891.0,26018.0,25870.0,25958.0,11114.0,288299101.0,0.0
MHImain,HKFE,2018-12-19 00:00:00,25961.0,26001.0,25911.0,25929.0,4125.0,107063951.0,0.0
MHImain,HKFE,2018-12-19 08:00:00,25860.0,25939.0,25802.0,25863.0,28059.0,725821945.0,0.0
MHImain,HKFE,2018-12-19 12:00:00,25862.0,25909.0,25845.0,25880.0,14958.0,387039738.0,0.0
MHImain,HKFE,2018-12-19 16:00:00,25881.0,25982.0,25843.0,25960.0,12701.0,328988382.0,0.0
MHImain,HKFE,2018-12-19 20:00:00,25963.0,26084.0,25927.0,26062.0,9343.0,242956473.0,0.0
MHImain,HKFE,2018-12-20 00:00:00,26063.0,26081.0,26010.0,26013.0,3441.0,89633403.0,0.0
MHImain,HKFE,2018-12-20 08:00:00,25799.0,25874.0,25609.0,25619.0,39838.0,1025315011.0,0.0
MHImain,HKFE,2018-12-20 12:00:00,25618.0,25633.0,25373.0,25548.0,33099.0,844724395.0,0.0
MHImain,HKFE,2018-12-20 16:00:00,25548.0,25689.0,25533.0,25675.0,18057.0,462517233.0,0.0
MHImain,HKFE,2018-12-20 20:00:00,25676.0,25722.0,25562.0,25675.0,16843.0,431889292.0,0.0
MHImain,HKFE,2018-12-21 00:00:00,25675.0,25700.0,25620.0,25646.0,6086.0,156144278.0,0.0
MHImain,HKFE,2018-12-21 08:00:00,25480.0,25566.0,25306.0,25493.0,33017.0,839915985.0,0.0
MHImain,HKFE,2018-12-21 12:00:00,25497.0,25714.0,25485.0,25704.0,25028.0,640297883.0,0.0
MHImain,HKFE,2018-12-21 16:00:00,25704.0,25793.0,25529.0,25589.0,22282.0,572001243.0,0.0
MHImain,HKFE,2018-12-21 20:00:00,25587.0,25756.0,25582.0,25749.0,17917.0,459868513.0,0.0
MHImain,HKFE,2018-12-22 00:00:00,25749.0,25808.0,25559.0,25601.0,9960.0,256051303.0,0.0
MHImain,HKFE,2018-12-24 08:00:00,25485.0,25577.0,25400.0,25541.0,30635.0,780848924.0,0.0
MHImain,HKFE,2018-12-24 12:00:00,25541.0,25541.0,25541.0,25541.0,0.0,0.0,0.0
MHImain,HKFE,2018-12-24 16:00:00,25541.0,25541.0,25541.0,25541.0,0.0,0.0,0.0
MHImain,HKFE,2018-12-24 20:00:00,25541.0,25541.0,25541.0,25541.0,0.0,0.0,0.0
MHImain,HKFE,2018-12-25 00:00:00,25541.0,25541.0,25541.0,25541.0,0.0,0.0,0.0
MHImain,HKFE,2018-12-27 08:00:00,25888.0,25939.0,25741.0,25814.0,26245.0,678088236.0,0.0
MHImain,HKFE,2018-12-27 12:00:00,25814.0,25839.0,25496.0,25584.0,25082.0,643135525.0,0.0
MHImain,HKFE,2018-12-27 16:00:00,25584.0,25587.0,25222.0,25265.0,15317.0,389135471.0,0.0
MHImain,HKFE,2018-12-27 20:00:00,25268.0,25342.0,25217.0,25259.0,10298.0,260260483.0,0.0
MHImain,HKFE,2018-12-28 00:00:00,25257.0,25298.0,25217.0,25235.0,3609.0,91142554.0,0.0
MHImain,HKFE,2018-12-28 08:00:00,25510.0,25583.0,25425.0,25496.0,5473.0,139587091.0,0.0
MHImain,HKFE,2018-12-28 12:00:00,25497.0,25557.0,25480.0,25508.0,1577.0,40241102.0,0.0
MHImain,HKFE,2018-12-28 16:00:00,25509.0,25695.0,25501.0,25664.0,5564.0,142661758.0,0.0
MHImain,HKFE,2018-12-28 20:00:00,25664.0,25750.0,25644.0,25674.0,14157.0,363866239.0,0.0
MHImain,HKFE,2018-12-29 00:00:00,25673.0,25689.0,25590.0,25619.0,5443.0,139539728.0,0.0
MHImain,HKFE,2018-12-31 08:00:00,25855.0,25939.0,25712.0,25935.0,22102.0,570736940.0,0.0
MHImain,HKFE,2018-12-31 12:00:00,25935.0,25993.0,25850.0,25857.0,8834.0,228903911.0,0.0
MHImain,HKFE,2018-12-31 16:00:00,25857.0,25857.0,25857.0,25857.0,0.0,0.0,0.0
MHImain,HKFE,2018-12-31 20:00:00,25857.0,25857.0,25857.0,25857.0,0.0,0.0,0.0
MHImain,HKFE,2019-01-01 00:00:00,25857.0,25857.0,25857.0,25857.0,0.0,0.0,0.0
MHImain,HKFE,2019-01-02 08:00:00,25863.0,25879.0,25047.0,25142.0,53890.0,1366680201.0,0.0
MHImain,HKFE,2019-01-02 12:00:00,25139.0,25224.0,25068.0,25090.0,22236.0,559012175.0,0.0
MHImain,HKFE,2019-01-02 16:00:00,25088.0,25114.0,24979.0,25086.0,18144.0,454512885.0,0.0
MHImain,HKFE,2019-01-02 20:00:00,25087.0,25228.0,25078.0,25209.0,11959.0,300669476.0,0.0
MHImain,HKFE,2019-01-03 00:00:00,25209.0,25320.0,25175.0,25312.0,5648.0,142532121.0,0.0
MHImain,HKFE,2019-01-03 08:00:00,25069.0,25236.0,24911.0,24948.0,41874.0,1050558591.0,0.0
MHImain,HKFE,2019-01-03 12:00:00,24948.0,25058.0,24876.0,25031.0,28988.0,723683091.0,0.0
MHImain,HKFE,2019-01-03 16:00:00,25031.0,25092.0,24993.0,25033.0,14765.0,369802840.0,0.0
MHImain,HKFE,2019-01-03 20:00:00,25031.0,25178.0,24967.0,25053.0,14508.0,364089323.0,0.0
MHImain,HKFE,2019-01-04 00:00:00,25051.0,25097.0,25005.0,25068.0,5345.0,133891175.0,0.0
MHImain,HKFE,2019-01-04 08:00:00,24920.0,25463.0,24889.0,25415.0,46048.0,1159532504.0,0.0
MHImain,HKFE,2019-01-04 12:00:00,25413.0,25565.0,25357.0,25551.0,25297.0,643688933.0,0.0
MHImain,HKFE,2019-01-04 16:00:00,25553.0,25768.0,25535.0,25657.0,22281.0,571215617.0,0.0
MHImain,HKFE,2019-01-04 20:00:00,25660.0,25742.0,25593.0,25706.0,13200.0,338824093.0,0.0
MHImain,HKFE,2019-01-05 00:00:00,25705.0,25981.0,25678.0,25949.0,8384.0,216672464.0,0.0
MHImain,HKFE,2019-01-07 08:00:00,26020.0,26097.0,25827.0,25838.0,37680.0,977932782.0,0.0
MHImain,HKFE,2019-01-07 12:00:00,25837.0,25886.0,25753.0,25807.0,20790.0,536824929.0,0.0
MHImain,HKFE,2019-01-07 16:00:00,25805.0,25874.0,25735.0,25789.0,12955.0,334473785.0,0.0
MHImain,HKFE,2019-01-07 20:00:00,25787.0,25844.0,25746.0,25786.0,9655.0,249085390.0,0.0
MHImain,HKFE,2019-01-08 00:00:00,25783.0,25875.0,25758.0,25858.0,4410.0,113853358.0,0.0
MHImain,HKFE,2019-01-08 08:00:00,25917.0,26006.0,25713.0,25949.0,37745.0,976542709.0,0.0
MHImain,HKFE,2019-01-08 12:00:00,25950.0,25981.0,25793.0,25879.0,21908.0,567041856.0,0.0
MHImain,HKFE,2019-01-08 16:00:00,25881.0,26001.0,25833.0,25996.0,13048.0,337965245.0,0.0
MHImain,HKFE,2019-01-08 20:00:00,25996.0,26181.0,25974.0,26090.0,12533.0,327021130.0,0.0
MHImain,HKFE,2019-01-09 00:00:00,26090.0,26105.0,26011.0,26058.0,4683.0,122067407.0,0.0
MHImain,HKFE,2019-01-09 08:00:00,26170.0,26605.0,26167.0,26532.0,37199.0,981974540.0,0.0
MHImain,HKFE,2019-01-09 12:00:00,26530.0,26651.0,26437.0,26455.0,24331.0,645863487.0,0.0
MHImain,HKFE,2019-01-09 16:00:00,26454.0,26611.0,26423.0,26528.0,16219.0,429787414.0,0.0
MHImain,HKFE,2019-01-09 20:00:00,26529.0,26629.0,26482.0,26550.0,11740.0,311824756.0,0.0
MHImain,HKFE,2019-01-10 00:00:00,26550.0,26606.0,26482.0,26543.0,4960.0,131666784.0,0.0
MHImain,HKFE,2019-01-10 08:00:00,26408.0,26464.0,26228.0,26404.0,38305.0,1009349833.0,0.0
MHImain,HKFE,2019-01-10 12:00:00,26402.0,26637.0,26402.0,26477.0,32501.0,861500479.0,0.0
MHImain,HKFE,2019-01-10 16:00:00,26476.0,26574.0,26459.0,26538.0,12246.0,324659969.0,0.0
MHImain,HKFE,2019-01-10 20:00:00,26540.0,26598.0,26517.0,26569.0,8129.0,215876145.0,0.0
MHImain,HKFE,2019-01-11 00:00:00,26569.0,26671.0,26544.0,26666.0,4003.0,106535400.0,0.0
MHImain,HKFE,2019-01-11 08:00:00,26700.0,26745.0,26511.0,26590.0,39233.0,1044045435.0,0.0
MHImain,HKFE,2019-01-11 12:00:00,26589.0,26696.0,26557.0,26693.0,20776.0,553247500.0,0.0
MHImain,HKFE,2019-01-11 16:00:00,26693.0,26738.0,26646.0,26690.0,11694.0,312079345.0,0.0
MHImain,HKFE,2019-01-11 20:00:00,26691.0,26691.0,26551.0,26606.0,9883.0,262918917.0,0.0
MHImain,HKFE,2019-01-12 00:00:00,26608.0,26680.0,26582.0,26649.0,3821.0,101763044.0,0.0
MHImain,HKFE,2019-01-14 08:00:00,26612.0,26615.0,26168.0,26206.0,36428.0,960566928.0,0.0
MHImain,HKFE,2019-01-14 12:00:00,26205.0,26312.0,26164.0,26264.0,18314.0,480831510.0,0.0
MHImain,HKFE,2019-01-14 16:00:00,26263.0,26349.0,26242.0,26270.0,11670.0,306726036.0,0.0
MHImain,HKFE,2019-01-14 20:00:00,26269.0,26400.0,26263.0,26395.0,7942.0,209126406.0,0.0
MHImain,HKFE,2019-01-15 00:00:00,26396.0,26437.0,26373.0,26398.0,4382.0,115706861.0,0.0
MHImain,HKFE,2019-01-15 08:00:00,26500.0,26874.0,26435.0,26818.0,45029.0,1199135544.0,0.0
MHImain,HKFE,2019-01-15 12:00:00,26818.0,26860.0,26689.0,26834.0,22404.0,600023549.0,0.0
MHImain,HKFE,2019-01-15 16:00:00,26832.0,26833.0,26690.0,26713.0,12539.0,335696350.0,0.0
MHImain,HKFE,2019-01-15 20:00:00,26713.0,26770.0,26595.0,26662.0,13040.0,347857215.0,0.0
MHImain,HKFE,2019-01-16 00:00:00,26665.0,26724.0,26637.0,26669.0,4657.0,124233138.0,0.0
MHImain,HKFE,2019-01-16 08:00:00,26710.0,26864.0,26559.0,26829.0,38460.0,1027399543.0,0.0
MHImain,HKFE,2019-01-16 12:00:00,26827.0,26928.0,26768.0,26899.0,21472.0,576606698.0,0.0
MHImain,HKFE,2019-01-16 16:00:00,26895.0,26937.0,26792.0,26797.0,13841.0,371960367.0,0.0
MHImain,HKFE,2019-01-16 20:00:00,26799.0,26976.0,26778.0,26958.0,9977.0,268112675.0,0.0
MHImain,HKFE,2019-01-17 00:00:00,26959.0,26983.0,26908.0,26982.0,3578.0,96403740.0,0.0
MHImain,HKFE,2019-01-17 08:00:00,26945.0,27042.0,26666.0,26940.0,45031.0,1208836063.0,0.0
MHImain,HKFE,2019-01-17 12:00:00,26941.0,27018.0,26715.0,26739.0,28699.0,771877838.0,0.0
MHImain,HKFE,2019-01-17 16:00:00,26741.0,26841.0,26725.0,26825.0,14654.0,392452745.0,0.0
MHImain,HKFE,2019-01-17 20:00:00,26823.0,26883.0,26784.0,26873.0,8453.0,226784987.0,0.0
MHImain,HKFE,2019-01-18 00:00:00,26875.0,26918.0,26848.0,26904.0,4112.0,110543927.0,0.0
MHImain,HKFE,2019-01-18 08:00:00,26993.0,27144.0,26924.0,27080.0,37370.0,1010453853.0,0.0
MHImain,HKFE,2019-01-18 12:00:00,27080.0,27119.0,27005.0,27077.0,17335.0,469214897.0,0.0
MHImain,HKFE,2019-01-18 16:00:00,27079.0,27136.0,27039.0,27121.0,10528.0,285144544.0,0.0
MHImain,HKFE,2019-01-18 20:00:00,27123.0,27251.0,27118.0,27219.0,9381.0,255131081.0,0.0
MHImain,HKFE,2019-01-19 00:00:00,27220.0,27329.0,27220.0,27296.0,6040.0,164785980.0,0.0
MHImain,HKFE,2019-01-21 08:00:00,27237.0,27348.0,27013.0,27192.0,42994.0,1169017779.0,0.0
MHImain,HKFE,2019-01-21 12:00:00,27192.0,27235.0,27115.0,27201.0,17929.0,487163466.0,0.0
MHImain,HKFE,2019-01-21 16:00:00,27200.0,27258.0,27156.0,27236.0,9414.0,256013172.0,0.0
MHImain,HKFE,2019-01-21 20:00:00,27235.0,27246.0,27181.0,27209.0,4364.0,118763602.0,0.0
MHImain,HKFE,2019-01-22 00:00:00,27210.0,27222.0,27201.0,27211.0,812.0,22096925.0,0.0
MHImain,HKFE,2019-01-22 08:00:00,27142.0,27271.0,26972.0,27044.0,40925.0,1109325306.0,0.0
MHImain,HKFE,2019-01-22 12:00:00,27045.0,27046.0,26835.0,26923.0,25364.0,682357978.0,0.0
MHImain,HKFE,2019-01-22 16:00:00,26923.0,27041.0,26906.0,26922.0,14977.0,403803874.0,0.0
MHImain,HKFE,2019-01-22 20:00:00,26921.0,26999.0,26877.0,26912.0,11733.0,316107899.0,0.0
MHImain,HKFE,2019-01-23 00:00:00,26912.0,26967.0,26908.0,26940.0,2867.0,77237290.0,0.0
MHImain,HKFE,2019-01-23 08:00:00,26874.0,27160.0,26874.0,27085.0,40552.0,1096911921.0,0.0
MHImain,HKFE,2019-01-23 12:00:00,27085.0,27123.0,26965.0,27032.0,17736.0,479325854.0,0.0
MHImain,HKFE,2019-01-23 16:00:00,27031.0,27117.0,26936.0,27099.0,14024.0,378792860.0,0.0
MHImain,HKFE,2019-01-23 20:00:00,27099.0,27164.0,27088.0,27129.0,8729.0,236797795.0,0.0
MHImain,HKFE,2019-01-24 00:00:00,27131.0,27141.0,27032.0,27077.0,4340.0,117496780.0,0.0
MHImain,HKFE,2019-01-24 08:00:00,27065.0,27109.0,26873.0,27061.0,39596.0,1069088042.0,0.0
MHImain,HKFE,2019-01-24 12:00:00,27059.0,27132.0,27030.0,27092.0,19472.0,527357215.0,0.0
MHImain,HKFE,2019-01-24 16:00:00,27094.0,27224.0,27065.0,27175.0,13018.0,353169461.0,0.0
MHImain,HKFE,2019-01-24 20:00:00,27179.0,27201.0,27105.0,27193.0,9645.0,261932770.0,0.0
MHImain,HKFE,2019-01-25 00:00:00,27194.0,27217.0,27172.0,27180.0,3377.0,91836501.0,0.0
MHImain,HKFE,2019-01-25 08:00:00,27282.0,27541.0,27209.0,27497.0,40797.0,1117917360.0,0.0
MHImain,HKFE,2019-01-25 12:00:00,27497.0,27562.0,27464.0,27521.0,16114.0,443427002.0,0.0
MHImain,HKFE,2019-01-25 16:00:00,27522.0,27643.0,27512.0,27630.0,12934.0,356754378.0,0.0
MHImain,HKFE,2019-01-25 20:00:00,27630.0,27708.0,27598.0,27704.0,8521.0,235533249.0,0.0
MHImain,HKFE,2019-01-26 00:00:00,27704.0,27770.0,27686.0,27750.0,3847.0,106708595.0,0.0
MHImain,HKFE,2019-01-28 08:00:00,27690.0,27814.0,27607.0,27637.0,34780.0,964133959.0,0.0
MHImain,HKFE,2019-01-28 12:00:00,27640.0,27705.0,27453.0,27555.0,26089.0,719594870.0,0.0
MHImain,HKFE,2019-01-28 16:00:00,27553.0,27621.0,27541.0,27588.0,8620.0,237693159.0,0.0
MHImain,HKFE,2019-01-28 20:00:00,27589.0,27590.0,27362.0,27404.0,11490.0,315579394.0,0.0
MHImain,HKFE,2019-01-29 00:00:00,27403.0,27478.0,27385.0,27450.0,3456.0,94825835.0,0.0
MHImain,HKFE,2019-01-29 08:00:00,27333.0,27518.0,27329.0,27418.0,28185.0,772977748.0,0.0
MHImain,HKFE,2019-01-29 12:00:00,27419.0,27581.0,27392.0,27529.0,14639.0,402523388.0,0.0
MHImain,HKFE,2019-01-29 16:00:00,27532.0,27657.0,27483.0,27629.0,7380.0,203373384.0,0.0
MHImain,HKFE,2019-01-29 20:00:00,27630.0,27667.0,27584.0,27610.0,4261.0,117730886.0,0.0
MHImain,HKFE,2019-01-30 00:00:00,27607.0,27657.0,27562.0,27589.0,1773.0,48939786.0,0.0
MHImain,HKFE,2019-01-30 08:00:00,27554.0,27588.0,27376.0,27576.0,6895.0,189491867.0,0.0
MHImain,HKFE,2019-01-30 12:00:00,27579.0,27611.0,27541.0,27552.0,3215.0,88627955.0,0.0
MHImain,HKFE,2019-01-30 16:00:00,27552.0,27708.0,27547.0,27695.0,3268.0,90374263.0,0.0
MHImain,HKFE,2019-01-30 20:00:00,27695.0,27743.0,27633.0,27651.0,7428.0,205710912.0,0.0
MHImain,HKFE,2019-01-31 00:00:00,27649.0,27680.0,27634.0,27665.0,2218.0,61342260.0,0.0
MHImain,HKFE,2019-01-31 08:00:00,27852.0,27965.0,27719.0,27958.0,35655.0,992421786.0,0.0
MHImain,HKFE,2019-01-31 12:00:00,27958.0,27973.0,27850.0,27908.0,17902.0,499556436.0,0.0
MHImain,HKFE,2019-01-31 16:00:00,27907.0,28072.0,27899.0,27968.0,13814.0,386280089.0,0.0
MHImain,HKFE,2019-01-31 20:00:00,27970.0,28018.0,27919.0,28002.0,8014.0,224144668.0,0.0
MHImain,HKFE,2019-02-01 00:00:00,28003.0,28106.0,27986.0,28062.0,4694.0,131668168.0,0.0
MHImain,HKFE,2019-02-01 08:00:00,28152.0,28200.0,27815.0,27874.0,37833.0,1057241018.0,0.0
MHImain,HKFE,2019-02-01 12:00:00,27876.0,27925.0,27744.0,27871.0,18792.0,522934886.0,0.0
MHImain,HKFE,2019-02-01 16:00:00,27872.0,27893.0,27811.0,27876.0,10635.0,296258044.0,0.0
MHImain,HKFE,2019-02-01 20:00:00,27876.0,27879.0,27727.0,27822.0,10832.0,301337838.0,0.0
MHImain,HKFE,2019-02-02 00:00:00,27821.0,27882.0,27813.0,27852.0,3020.0,84123608.0,0.0
MHImain,HKFE,2019-02-04 08:00:00,27905.0,27950.0,27780.0,27901.0,17143.0,477944842.0,0.0
MHImain,HKFE,2019-02-04 12:00:00,27900.0,27912.0,27835.0,27835.0,3356.0,93578180.0,0.0
MHImain,HKFE,2019-02-04 16:00:00,27835.0,27835.0,27835.0,27835.0,0.0,0.0,0.0
MHImain,HKFE,2019-02-04 20:00:00,27835.0,27835.0,27835.0,27835.0,0.0,0.0,0.0
MHImain,HKFE,2019-02-08 08:00:00,27670.0,27738.0,27450.0,27718.0,26515.0,731792180.0,0.0
MHImain,HKFE,2019-02-08 12:00:00,27718.0,27911.0,27700.0,27874.0,17179.0,477717529.0,0.0
MHImain,HKFE,2019-02-08 16:00:00,27877.0,28027.0,27875.0,27974.0,11560.0,322873337.0,0.0
MHImain,HKFE,2019-02-08 20:00:00,27973.0,27980.0,27823.0,27829.0,7400.0,206517569.0,0.0
MHImain,HKFE,2019-02-09 00:00:00,27830.0,27878.0,27774.0,27799.0,3263.0,90788928.0,0.0
MHImain,HKFE,2019-02-11 08:00:00,27914.0,27985.0,27759.0,27968.0,31668.0,882706429.0,0.0
MHImain,HKFE,2019-02-11 12:00:00,27968.0,28086.0,27882.0,28053.0,17852.0,499220647.0,0.0
MHImain,HKFE,2019-02-11 16:00:00,28053.0,28236.0,28027.0,28162.0,12047.0,338664327.0,0.0
MHImain,HKFE,2019-02-11 20:00:00,28162.0,28218.0,28112.0,28145.0,7205.0,202872983.0,0.0
MHImain,HKFE,2019-02-12 00:00:00,28145.0,28172.0,28097.0,28100.0,2504.0,70452571.0,0.0
MHImain,HKFE,2019-02-12 08:00:00,28165.0,28186.0,27916.0,28148.0,31800.0,891655556.0,0.0
MHImain,HKFE,2019-02-12 12:00:00,28147.0,28174.0,28070.0,28116.0,15676.0,440807747.0,0.0
MHImain,HKFE,2019-02-12 16:00:00,28116.0,28167.0,28087.0,28161.0,8060.0,226668733.0,0.0
MHImain,HKFE,2019-02-12 20:00:00,28160.0,28190.0,28124.0,28147.0,4764.0,134148826.0,0.0
MHImain,HKFE,2019-02-13 00:00:00,28147.0,28157.0,28108.0,28151.0,2094.0,58917272.0,0.0
MHImain,HKFE,2019-02-13 08:00:00,28190.0,28334.0,28103.0,28329.0,34757.0,980591297.0,0.0
MHImain,HKFE,2019-02-13 12:00:00,28328.0,28509.0,28320.0,28456.0,22925.0,651390845.0,0.0
MHImain,HKFE,2019-02-13 16:00:00,28454.0,28471.0,28335.0,28380.0,11296.0,320975678.0,0.0
MHImain,HKFE,2019-02-13 20:00:00,28381.0,28496.0,28381.0,28432.0,6951.0,197764671.0,0.0
MHImain,HKFE,2019-02-14 00:00:00,28432.0,28473.0,28388.0,28390.0,2499.0,71061966.0,0.0
MHImain,HKFE,2019-02-14 08:00:00,28322.0,28441.0,28219.0,28269.0,35557.0,1006767475.0,0.0
MHImain,HKFE,2019-02-14 12:00:00,28268.0,28444.0,28252.0,28386.0,16975.0,481390198.0,0.0
MHImain,HKFE,2019-02-14 16:00:00,28383.0,28420.0,28290.0,28368.0,10464.0,296786492.0,0.0
MHImain,HKFE,2019-02-14 20:00:00,28365.0,28396.0,28106.0,28208.0,14371.0,405626340.0,0.0
MHImain,HKFE,2019-02-15 00:00:00,28209.0,28265.0,28116.0,28170.0,6319.0,178211449.0,0.0
MHImain,HKFE,2019-02-15 08:00:00,28126.0,28238.0,27875.0,27905.0,37290.0,1045368835.0,0.0
MHImain,HKFE,2019-02-15 12:00:00,27903.0,27949.0,27803.0,27826.0,20377.0,567937189.0,0.0
MHImain,HKFE,2019-02-15 16:00:00,27828.0,27993.0,27781.0,27989.0,18601.0,518221091.0,0.0
MHImain,HKFE,2019-02-15 20:00:00,27988.0,28134.0,27948.0,28072.0,12523.0,351209720.0,0.0
MHImain,HKFE,2019-02-16 00:00:00,28074.0,28179.0,28072.0,28135.0,4471.0,125778687.0,0.0
MHImain,HKFE,2019-02-18 08:00:00,28204.0,28376.0,28128.0,28375.0,30579.0,864928290.0,0.0
MHImain,HKFE,2019-02-18 12:00:00,28373.0,28383.0,28271.0,28346.0,13171.0,373215120.0,0.0
MHImain,HKFE,2019-02-18 16:00:00,28345.0,28371.0,28259.0,28360.0,10917.0,309114354.0,0.0
MHImain,HKFE,2019-02-18 20:00:00,28361.0,28366.0,28315.0,28339.0,3450.0,97785320.0,0.0
MHImain,HKFE,2019-02-19 00:00:00,28341.0,28346.0,28306.0,28320.0,779.0,22066924.0,0.0
MHImain,HKFE,2019-02-19 08:00:00,28300.0,28448.0,28256.0,28394.0,34908.0,990400294.0,0.0
MHImain,HKFE,2019-02-19 12:00:00,28394.0,28402.0,28167.0,28260.0,26164.0,739244127.0,0.0
MHImain,HKFE,2019-02-19 16:00:00,28259.0,28259.0,28075.0,28098.0,12503.0,352213397.0,0.0
MHImain,HKFE,2019-02-19 20:00:00,28096.0,28232.0,28039.0,28223.0,9556.0,268750911.0,0.0
MHImain,HKFE,2019-02-20 00:00:00,28223.0,28245.0,28193.0,28239.0,2907.0,82027499.0,0.0
MHImain,HKFE,2019-02-20 08:00:00,28294.0,28573.0,28268.0,28505.0,34406.0,979829072.0,0.0
MHImain,HKFE,2019-02-20 12:00:00,28507.0,28511.0,28297.0,28436.0,25561.0,726047004.0,0.0
MHImain,HKFE,2019-02-20 16:00:00,28435.0,28518.0,28412.0,28468.0,10932.0,311179776.0,0.0
MHImain,HKFE,2019-02-20 20:00:00,28469.0,28585.0,28456.0,28565.0,6758.0,192755922.0,0.0
MHImain,HKFE,2019-02-21 00:00:00,28565.0,28647.0,28560.0,28636.0,3531.0,101045405.0,0.0
MHImain,HKFE,2019-02-21 08:00:00,28548.0,28687.0,28364.0,28648.0,40289.0,1149345489.0,0.0
MHImain,HKFE,2019-02-21 12:00:00,28649.0,28788.0,28521.0,28600.0,32515.0,931761358.0,0.0
MHImain,HKFE,2019-02-21 16:00:00,28599.0,28684.0,28563.0,28671.0,12440.0,356077133.0,0.0
MHImain,HKFE,2019-02-21 20:00:00,28675.0,28681.0,28483.0,28512.0,11382.0,325343207.0,0.0
MHImain,HKFE,2019-02-22 00:00:00,28513.0,28541.0,28472.0,28507.0,3408.0,97152209.0,0.0
MHImain,HKFE,2019-02-22 08:00:00,28512.0,28589.0,28417.0,28570.0,37258.0,1061863252.0,0.0
MHImain,HKFE,2019-02-22 12:00:00,28572.0,28745.0,28535.0,28729.0,23240.0,665228299.0,0.0
MHImain,HKFE,2019-02-22 16:00:00,28729.0,28888.0,28701.0,28878.0,15764.0,453925494.0,0.0
MHImain,HKFE,2019-02-22 20:00:00,28881.0,28892.0,28770.0,28848.0,9166.0,264262761.0,0.0
MHImain,HKFE,2019-02-23 00:00:00,28847.0,28877.0,28818.0,28858.0,2446.0,70560585.0,0.0
MHImain,HKFE,2019-02-25 08:00:00,28935.0,29019.0,28740.0,28844.0,43469.0,1255705847.0,0.0
MHImain,HKFE,2019-02-25 12:00:00,28842.0,28991.0,28812.0,28952.0,27362.0,790715983.0,0.0
MHImain,HKFE,2019-02-25 16:00:00,28951.0,28982.0,28866.0,28947.0,10749.0,310982778.0,0.0
MHImain,HKFE,2019-02-25 20:00:00,28947.0,29061.0,28914.0,29061.0,7455.0,216087981.0,0.0
MHImain,HKFE,2019-02-26 00:00:00,29060.0,29113.0,29036.0,29091.0,3025.0,87954808.0,0.0
MHImain,HKFE,2019-02-26 08:00:00,28965.0,28996.0,28743.0,28771.0,34858.0,1006009614.0,0.0
MHImain,HKFE,2019-02-26 12:00:00,28770.0,28863.0,28703.0,28727.0,20872.0,600866754.0,0.0
MHImain,HKFE,2019-02-26 16:00:00,28725.0,28796.0,28685.0,28774.0,9174.0,263768525.0,0.0
MHImain,HKFE,2019-02-26 20:00:00,28774.0,28818.0,28738.0,28803.0,4426.0,127377164.0,0.0
MHImain,HKFE,2019-02-27 00:00:00,28805.0,28841.0,28791.0,28838.0,1626.0,46856421.0,0.0
MHImain,HKFE,2019-02-27 08:00:00,28835.0,28942.0,28807.0,28913.0,5514.0,159234499.0,0.0
MHImain,HKFE,2019-02-27 12:00:00,28915.0,28960.0,28851.0,28869.0,2470.0,71401236.0,0.0
MHImain,HKFE,2019-02-27 16:00:00,28870.0,28873.0,28679.0,28769.0,3874.0,111396539.0,0.0
MHImain,HKFE,2019-02-27 20:00:00,28770.0,28833.0,28685.0,28700.0,9542.0,274605879.0,0.0
MHImain,HKFE,2019-02-28 00:00:00,28697.0,28755.0,28689.0,28747.0,3818.0,109646346.0,0.0
MHImain,HKFE,2019-02-28 08:00:00,28745.0,28913.0,28646.0,28792.0,41722.0,1201007057.0,0.0
MHImain,HKFE,2019-02-28 12:00:00,28792.0,28847.0,28660.0,28664.0,27617.0,793967717.0,0.0
MHImain,HKFE,2019-02-28 16:00:00,28664.0,28743.0,28562.0,28727.0,18417.0,527472168.0,0.0
MHImain,HKFE,2019-02-28 20:00:00,28729.0,28757.0,28611.0,28612.0,10403.0,298482625.0,0.0
MHImain,HKFE,2019-03-01 00:00:00,28613.0,28659.0,28581.0,28641.0,4325.0,123791125.0,0.0
MHImain,HKFE,2019-03-01 08:00:00,28708.0,28839.0,28653.0,28751.0,37368.0,1073821450.0,0.0
MHImain,HKFE,2019-03-01 12:00:00,28751.0,28783.0,28672.0,28761.0,23992.0,689299447.0,0.0
MHImain,HKFE,2019-03-01 16:00:00,28754.0,28821.0,28733.0,28775.0,10904.0,313704111.0,0.0
MHImain,HKFE,2019-03-01 20:00:00,28775.0,28807.0,28738.0,28775.0,6670.0,191961242.0,0.0
MHImain,HKFE,2019-03-02 00:00:00,28775.0,28779.0,28678.0,28686.0,3560.0,102282753.0,0.0
MHImain,HKFE,2019-03-04 08:00:00,28853.0,28895.0,28724.0,28880.0,32742.0,943144291.0,0.0
MHImain,HKFE,2019-03-04 12:00:00,28880.0,29255.0,28864.0,28981.0,44333.0,1287941891.0,0.0
MHImain,HKFE,2019-03-04 16:00:00,28983.0,29008.0,28841.0,28896.0,13496.0,390338822.0,0.0
MHImain,HKFE,2019-03-04 20:00:00,28896.0,28963.0,28855.0,28873.0,7558.0,218519009.0,0.0
MHImain,HKFE,2019-03-05 00:00:00,28873.0,28901.0,28790.0,28795.0,3357.0,96834085.0,0.0
MHImain,HKFE,2019-03-05 08:00:00,28729.0,28962.0,28675.0,28822.0,50876.0,1464651577.0,0.0
MHImain,HKFE,2019-03-05 12:00:00,28822.0,28988.0,28795.0,28937.0,32111.0,927952121.0,0.0
MHImain,HKFE,2019-03-05 16:00:00,28936.0,28976.0,28866.0,28887.0,12211.0,353131412.0,0.0
MHImain,HKFE,2019-03-05 20:00:00,28889.0,28926.0,28846.0,28894.0,8826.0,254962925.0,0.0
MHImain,HKFE,2019-03-06 00:00:00,28892.0,28967.0,28864.0,28960.0,3330.0,96272966.0,0.0
MHImain,HKFE,2019-03-06 08:00:00,28925.0,29086.0,28868.0,29016.0,40734.0,1180639792.0,0.0
MHImain,HKFE,2019-03-06 12:00:00,29017.0,29062.0,28943.0,28988.0,23713.0,687826997.0,0.0
MHImain,HKFE,2019-03-06 16:00:00,28988.0,29066.0,28963.0,29035.0,9547.0,277010742.0,0.0
MHImain,HKFE,2019-03-06 20:00:00,29034.0,29092.0,29017.0,29056.0,6007.0,174517523.0,0.0
MHImain,HKFE,2019-03-07 00:00:00,29055.0,29063.0,29005.0,29052.0,2918.0,84716485.0,0.0
MHImain,HKFE,2019-03-07 08:00:00,28930.0,29010.0,28807.0,28894.0,41131.0,1189775490.0,0.0
MHImain,HKFE,2019-03-07 12:00:00,28894.0,28935.0,28755.0,28804.0,30075.0,867341688.0,0.0
MHImain,HKFE,2019-03-07 16:00:00,28801.0,28821.0,28690.0,28693.0,13351.0,383980951.0,0.0
MHImain,HKFE,2019-03-07 20:00:00,28694.0,28783.0,28512.0,28535.0,16196.0,463956166.0,0.0
MHImain,HKFE,2019-03-08 00:00:00,28531.0,28550.0,28488.0,28524.0,4736.0,135082969.0,0.0
MHImain,HKFE,2019-03-08 08:00:00,28457.0,28506.0,28295.0,28416.0,44403.0,1260898792.0,0.0
MHImain,HKFE,2019-03-08 12:00:00,28413.0,28435.0,28252.0,28282.0,30295.0,858257634.0,0.0
MHImain,HKFE,2019-03-08 16:00:00,28283.0,28292.0,28167.0,28190.0,17137.0,483516139.0,0.0
MHImain,HKFE,2019-03-08 20:00:00,28190.0,28194.0,28015.0,28054.0,13866.0,389542625.0,0.0
MHImain,HKFE,2019-03-09 00:00:00,28054.0,28163.0,28044.0,28155.0,4714.0,132517509.0,0.0
MHImain,HKFE,2019-03-11 08:00:00,28092.0,28428.0,28089.0,28393.0,41582.0,1176563369.0,0.0
MHImain,HKFE,2019-03-11 12:00:00,28395.0,28462.0,28356.0,28428.0,21405.0,607984949.0,0.0
MHImain,HKFE,2019-03-11 16:00:00,28429.0,28530.0,28409.0,28499.0,12877.0,366746373.0,0.0
MHImain,HKFE,2019-03-11 20:00:00,28498.0,28710.0,28465.0,28686.0,11527.0,329496635.0,0.0
MHImain,HKFE,2019-03-12 00:00:00,28687.0,28698.0,28661.0,28682.0,2410.0,69116418.0,0.0
MHImain,HKFE,2019-03-12 08:00:00,28750.0,28953.0,28727.0,28927.0,35334.0,1019019946.0,0.0
MHImain,HKFE,2019-03-12 12:00:00,28924.0,28965.0,28810.0,28907.0,23214.0,670549325.0,0.0
MHImain,HKFE,2019-03-12 16:00:00,28906.0,28990.0,28819.0,28831.0,13648.0,394782488.0,0.0
MHImain,HKFE,2019-03-12 20:00:00,28828.0,28961.0,28823.0,28852.0,11277.0,325988756.0,0.0
MHImain,HKFE,2019-03-13 00:00:00,28852.0,28951.0,28838.0,28929.0,2773.0,80129465.0,0.0
MHImain,HKFE,2019-03-13 08:00:00,28898.0,28965.0,28711.0,28779.0,44070.0,1270224015.0,0.0
MHImain,HKFE,2019-03-13 12:00:00,28779.0,28875.0,28733.0,28805.0,27204.0,783558794.0,0.0
MHImain,HKFE,2019-03-13 16:00:00,28806.0,28887.0,28787.0,28887.0,9328.0,268919506.0,0.0
MHImain,HKFE,2019-03-13 20:00:00,28888.0,28963.0,28885.0,28961.0,9071.0,262422298.0,0.0
MHImain,HKFE,2019-03-14 00:00:00,28960.0,28995.0,28935.0,28936.0,2305.0,66773370.0,0.0
MHImain,HKFE,2019-03-14 08:00:00,28898.0,28961.0,28819.0,28855.0,40502.0,1170021221.0,0.0
MHImain,HKFE,2019-03-14 12:00:00,28854.0,28903.0,28675.0,28807.0,34399.0,990591074.0,0.0
MHImain,HKFE,2019-03-14 16:00:00,28809.0,28945.0,28795.0,28840.0,13282.0,383322721.0,0.0
MHImain,HKFE,2019-03-14 20:00:00,28840.0,28907.0,28766.0,28798.0,11172.0,322115027.0,0.0
MHImain,HKFE,2019-03-15 00:00:00,28798.0,28835.0,28757.0,28815.0,3116.0,89734215.0,0.0
MHImain,HKFE,2019-03-15 08:00:00,28868.0,29249.0,28833.0,29178.0,45070.0,1308266080.0,0.0
MHImain,HKFE,2019-03-15 12:00:00,29177.0,29203.0,29043.0,29131.0,31700.0,922928942.0,0.0
MHImain,HKFE,2019-03-15 16:00:00,29130.0,29148.0,29013.0,29126.0,13010.0,378430528.0,0.0
MHImain,HKFE,2019-03-15 20:00:00,29128.0,29159.0,29043.0,29157.0,10903.0,317363894.0,0.0
MHImain,HKFE,2019-03-16 00:00:00,29157.0,29192.0,29132.0,29183.0,2998.0,87429261.0,0.0
MHImain,HKFE,2019-03-18 08:00:00,29139.0,29368.0,29061.0,29252.0,44584.0,1301417168.0,0.0
MHImain,HKFE,2019-03-18 12:00:00,29251.0,29364.0,29231.0,29337.0,23032.0,674827981.0,0.0
MHImain,HKFE,2019-03-18 16:00:00,29339.0,29443.0,29319.0,29440.0,14707.0,432348536.0,0.0
MHImain,HKFE,2019-03-18 20:00:00,29441.0,29492.0,29385.0,29414.0,9799.0,288476215.0,0.0
MHImain,HKFE,2019-03-19 00:00:00,29413.0,29418.0,29363.0,29400.0,2504.0,73592864.0,0.0
MHImain,HKFE,2019-03-19 08:00:00,29395.0,29504.0,29360.0,29403.0,35605.0,1047901005.0,0.0
MHImain,HKFE,2019-03-19 12:00:00,29404.0,29443.0,29334.0,29430.0,24385.0,716599977.0,0.0
MHImain,HKFE,2019-03-19 16:00:00,29431.0,29600.0,29422.0,29588.0,16004.0,472038200.0,0.0
MHImain,HKFE,2019-03-19 20:00:00,29590.0,29630.0,29521.0,29540.0,8683.0,256789727.0,0.0
MHImain,HKFE,2019-03-20 00:00:00,29538.0,29616.0,29527.0,29599.0,2312.0,68377617.0,0.0
MHImain,HKFE,2019-03-20 08:00:00,29388.0,29459.0,29261.0,29384.0,43940.0,1289961477.0,0.0
MHImain,HKFE,2019-03-20 12:00:00,29385.0,29443.0,29300.0,29390.0,26795.0,786916446.0,0.0
MHImain,HKFE,2019-03-20 16:00:00,29391.0,29418.0,29281.0,29294.0,12134.0,356127999.0,0.0
MHImain,HKFE,2019-03-20 20:00:00,29294.0,29345.0,29260.0,29310.0,8822.0,258514755.0,0.0
MHImain,HKFE,2019-03-21 00:00:00,29310.0,29327.0,29187.0,29253.0,3967.0,116058132.0,0.0
MHImain,HKFE,2019-03-21 08:00:00,29321.0,29477.0,29320.0,29362.0,41003.0,1205892508.0,0.0
MHImain,HKFE,2019-03-21 12:00:00,29361.0,29423.0,29108.0,29131.0,32024.0,938892251.0,0.0
MHImain,HKFE,2019-03-21 16:00:00,29131.0,29179.0,29000.0,29004.0,19580.0,569771894.0,0.0
MHImain,HKFE,2019-03-21 20:00:00,29003.0,29198.0,28928.0,29142.0,15976.0,464112190.0,0.0
MHImain,HKFE,2019-03-22 00:00:00,29141.0,29192.0,29110.0,29165.0,3449.0,100541287.0,0.0
MHImain,HKFE,2019-03-22 08:00:00,29217.0,29270.0,28865.0,28887.0,45047.0,1311195064.0,0.0
MHImain,HKFE,2019-03-22 12:00:00,28888.0,29049.0,28840.0,29040.0,27143.0,786056685.0,0.0
MHImain,HKFE,2019-03-22 16:00:00,29039.0,29125.0,28906.0,28933.0,17048.0,494924519.0,0.0
MHImain,HKFE,2019-03-22 20:00:00,28932.0,28962.0,28766.0,28807.0,16979.0,490208122.0,0.0
MHImain,HKFE,2019-03-23 00:00:00,28809.0,28815.0,28649.0,28667.0,6240.0,179228755.0,0.0
MHImain,HKFE,2019-03-25 08:00:00,28508.0,28682.0,28423.0,28568.0,35050.0,1001979802.0,0.0
MHImain,HKFE,2019-03-25 12:00:00,28567.0,28655.0,28445.0,28480.0,26432.0,754746869.0,0.0
MHImain,HKFE,2019-03-25 16:00:00,28480.0,28610.0,28468.0,28543.0,14432.0,411706156.0,0.0
MHImain,HKFE,2019-03-25 20:00:00,28543.0,28617.0,28501.0,28602.0,14702.0,419883766.0,0.0
MHImain,HKFE,2019-03-26 00:00:00,28598.0,28665.0,28593.0,28638.0,4291.0,122856321.0,0.0
MHImain,HKFE,2019-03-26 08:00:00,28720.0,28755.0,28564.0,28575.0,31736.0,909101791.0,0.0
MHImain,HKFE,2019-03-26 12:00:00,28573.0,28594.0,28410.0,28500.0,24768.0,705949072.0,0.0
MHImain,HKFE,2019-03-26 16:00:00,28498.0,28621.0,28436.0,28614.0,12398.0,353603873.0,0.0
MHImain,HKFE,2019-03-26 20:00:00,28612.0,28711.0,28605.0,28669.0,10517.0,301390419.0,0.0
MHImain,HKFE,2019-03-27 00:00:00,28670.0,28688.0,28625.0,28645.0,2341.0,67081269.0,0.0
MHImain,HKFE,2019-03-27 08:00:00,28600.0,28744.0,28535.0,28713.0,31353.0,898081258.0,0.0
MHImain,HKFE,2019-03-27 12:00:00,28711.0,28771.0,28672.0,28745.0,18493.0,531176244.0,0.0
MHImain,HKFE,2019-03-27 16:00:00,28745.0,28788.0,28641.0,28654.0,11833.0,339906114.0,0.0
MHImain,HKFE,2019-03-27 20:00:00,28653.0,28743.0,28615.0,28617.0,8262.0,236992321.0,0.0
MHImain,HKFE,2019-03-28 00:00:00,28618.0,28629.0,28531.0,28575.0,3273.0,93532967.0,0.0
MHImain,HKFE,2019-03-28 08:00:00,28571.0,28739.0,28559.0,28701.0,5438.0,155748140.0,0.0
MHImain,HKFE,2019-03-28 12:00:00,28696.0,28733.0,28685.0,28722.0,1779.0,51070818.0,0.0
MHImain,HKFE,2019-03-28 16:00:00,28725.0,28825.0,28717.0,28775.0,4115.0,118452986.0,0.0
MHImain,HKFE,2019-03-28 20:00:00,28774.0,28863.0,28745.0,28791.0,12206.0,351577483.0,0.0
MHImain,HKFE,2019-03-29 00:00:00,28789.0,28790.0,28736.0,28740.0,3877.0,111512720.0,0.0
MHImain,HKFE,2019-03-29 08:00:00,28825.0,29077.0,28770.0,29056.0,42090.0,1217015916.0,0.0
MHImain,HKFE,2019-03-29 12:00:00,29054.0,29145.0,29008.0,29077.0,20508.0,596248074.0,0.0
MHImain,HKFE,2019-03-29 16:00:00,29079.0,29179.0,29035.0,29122.0,13982.0,406878707.0,0.0
MHImain,HKFE,2019-03-29 20:00:00,29123.0,29196.0,29073.0,29133.0,11925.0,347499851.0,0.0
MHImain,HKFE,2019-03-30 00:00:00,29134.0,29171.0,29130.0,29139.0,2071.0,60369199.0,0.0
MHImain,HKFE,2019-04-01 08:00:00,29439.0,29679.0,29380.0,29585.0,41378.0,1223394788.0,0.0
MHImain,HKFE,2019-04-01 12:00:00,29583.0,29631.0,29544.0,29611.0,16249.0,480701351.0,0.0
MHImain,HKFE,2019-04-01 16:00:00,29612.0,29627.0,29566.0,29589.0,8218.0,243245836.0,0.0
MHImain,HKFE,2019-04-01 20:00:00,29587.0,29648.0,29569.0,29647.0,9196.0,272302359.0,0.0
MHImain,HKFE,2019-04-02 00:00:00,29646.0,29664.0,29625.0,29631.0,1899.0,56294080.0,0.0
MHImain,HKFE,2019-04-02 08:00:00,29686.0,29718.0,29583.0,29658.0,32822.0,973425520.0,0.0
MHImain,HKFE,2019-04-02 12:00:00,29657.0,29684.0,29615.0,29649.0,14866.0,440725641.0,0.0
MHImain,HKFE,2019-04-02 16:00:00,29648.0,29781.0,29637.0,29776.0,10427.0,309678909.0,0.0
MHImain,HKFE,2019-04-02 20:00:00,29778.0,29788.0,29645.0,29655.0,8916.0,265111831.0,0.0
MHImain,HKFE,2019-04-03 00:00:00,29655.0,29720.0,29648.0,29708.0,2283.0,67777876.0,0.0
MHImain,HKFE,2019-04-03 08:00:00,29778.0,29988.0,29750.0,29893.0,36234.0,1083337717.0,0.0
MHImain,HKFE,2019-04-03 12:00:00,29892.0,30019.0,29862.0,29969.0,23657.0,708574124.0,0.0
MHImain,HKFE,2019-04-03 16:00:00,29969.0,30058.0,29948.0,29968.0,14093.0,422807970.0,0.0
MHImain,HKFE,2019-04-03 20:00:00,29968.0,30110.0,29955.0,30094.0,10016.0,300740171.0,0.0
MHImain,HKFE,2019-04-04 00:00:00,30093.0,30132.0,30076.0,30114.0,2146.0,64607731.0,0.0
MHImain,HKFE,2019-04-04 08:00:00,30025.0,30104.0,29812.0,29843.0,38932.0,1167589933.0,0.0
MHImain,HKFE,2019-04-04 12:00:00,29842.0,29938.0,29828.0,29915.0,19219.0,574517715.0,0.0
MHImain,HKFE,2019-04-04 16:00:00,29915.0,30044.0,29893.0,30012.0,12989.0,389393927.0,0.0
MHImain,HKFE,2019-04-04 20:00:00,30011.0,30091.0,29984.0,30064.0,8789.0,264059585.0,0.0
MHImain,HKFE,2019-04-05 00:00:00,30064.0,30106.0,30038.0,30083.0,2699.0,81172727.0,0.0
MHImain,HKFE,2019-04-08 08:00:00,30160.0,30220.0,30044.0,30123.0,32118.0,967778367.0,0.0
MHImain,HKFE,2019-04-08 12:00:00,30124.0,30126.0,29965.0,30087.0,25096.0,753885622.0,0.0
MHImain,HKFE,2019-04-08 16:00:00,30088.0,30169.0,30063.0,30158.0,10417.0,313674504.0,0.0
MHImain,HKFE,2019-04-08 20:00:00,30160.0,30166.0,30085.0,30133.0,7856.0,236727085.0,0.0
MHImain,HKFE,2019-04-09 00:00:00,30134.0,30174.0,30123.0,30154.0,1964.0,59221497.0,0.0
MHImain,HKFE,2019-04-09 08:00:00,30151.0,30294.0,30071.0,30206.0,34458.0,1038878646.0,0.0
MHImain,HKFE,2019-04-09 12:00:00,30208.0,30248.0,30125.0,30205.0,21043.0,635390228.0,0.0
MHImain,HKFE,2019-04-09 16:00:00,30206.0,30273.0,30166.0,30240.0,9215.0,278375436.0,0.0
MHImain,HKFE,2019-04-09 20:00:00,30239.0,30243.0,30085.0,30136.0,11637.0,350778654.0,0.0
MHImain,HKFE,2019-04-10 00:00:00,30137.0,30143.0,30091.0,30126.0,2164.0,65167211.0,0.0
MHImain,HKFE,2019-04-10 08:00:00,30092.0,30144.0,29944.0,30092.0,37024.0,1112183107.0,0.0
MHImain,HKFE,2019-04-10 12:00:00,30091.0,30192.0,30064.0,30151.0,23193.0,698635059.0,0.0
MHImain,HKFE,2019-04-10 16:00:00,30151.0,30185.0,30098.0,30148.0,10808.0,325824746.0,0.0
MHImain,HKFE,2019-04-10 20:00:00,30149.0,30152.0,30034.0,30092.0,9813.0,295259148.0,0.0
MHImain,HKFE,2019-04-11 00:00:00,30093.0,30118.0,30081.0,30090.0,1697.0,51079159.0,0.0
MHImain,HKFE,2019-04-11 08:00:00,30174.0,30231.0,29827.0,29854.0,47166.0,1415371241.0,0.0
MHImain,HKFE,2019-04-11 12:00:00,29855.0,29962.0,29799.0,29901.0,28539.0,852883260.0,0.0
MHImain,HKFE,2019-04-11 16:00:00,29901.0,29934.0,29814.0,29918.0,13990.0,417974294.0,0.0
MHImain,HKFE,2019-04-11 20:00:00,29918.0,29923.0,29854.0,29889.0,8346.0,249475823.0,0.0
MHImain,HKFE,2019-04-12 00:00:00,29884.0,29895.0,29795.0,29828.0,3092.0,92257443.0,0.0
MHImain,HKFE,2019-04-12 08:00:00,29890.0,29919.0,29704.0,29797.0,39852.0,1187472563.0,0.0
MHImain,HKFE,2019-04-12 12:00:00,29796.0,29835.0,29723.0,29792.0,22430.0,667903926.0,0.0
MHImain,HKFE,2019-04-12 16:00:00,29793.0,30134.0,29792.0,30131.0,20173.0,604180854.0,0.0
MHImain,HKFE,2019-04-12 20:00:00,30131.0,30216.0,30094.0,30142.0,14039.0,423323991.0,0.0
MHImain,HKFE,2019-04-13 00:00:00,30141.0,30166.0,30114.0,30135.0,2136.0,64370775.0,0.0
MHImain,HKFE,2019-04-15 08:00:00,30160.0,30336.0,30127.0,30220.0,37647.0,1139283914.0,0.0
MHImain,HKFE,2019-04-15 12:00:00,30222.0,30246.0,29904.0,29910.0,39285.0,1180996351.0,0.0
MHImain,HKFE,2019-04-15 16:00:00,29909.0,29940.0,29766.0,29836.0,17757.0,530039134.0,0.0
MHImain,HKFE,2019-04-15 20:00:00,29836.0,29862.0,29685.0,29741.0,10621.0,316150133.0,0.0
MHImain,HKFE,2019-04-16 00:00:00,29741.0,29750.0,29708.0,29717.0,1526.0,45368033.0,0.0
MHImain,HKFE,2019-04-16 08:00:00,29788.0,29949.0,29697.0,29911.0,42278.0,1260575737.0,0.0
MHImain,HKFE,2019-04-16 12:00:00,29912.0,30122.0,29910.0,30106.0,29284.0,879550458.0,0.0
MHImain,HKFE,2019-04-16 16:00:00,30106.0,30188.0,30079.0,30140.0,14619.0,440469959.0,0.0
MHImain,HKFE,2019-04-16 20:00:00,30142.0,30166.0,30084.0,30142.0,8213.0,247426092.0,0.0
MHImain,HKFE,2019-04-17 00:00:00,30139.0,30146.0,30097.0,30128.0,1650.0,49700629.0,0.0
MHImain,HKFE,2019-04-17 08:00:00,30154.0,30206.0,30008.0,30064.0,41096.0,1237537945.0,0.0
MHImain,HKFE,2019-04-17 12:00:00,30065.0,30189.0,30030.0,30101.0,22324.0,672238656.0,0.0
MHImain,HKFE,2019-04-17 16:00:00,30101.0,30164.0,30088.0,30160.0,8068.0,243121328.0,0.0
MHImain,HKFE,2019-04-17 20:00:00,30160.0,30234.0,30108.0,30123.0,10312.0,311032562.0,0.0
MHImain,HKFE,2019-04-18 00:00:00,30124.0,30129.0,30042.0,30068.0,3650.0,109797880.0,0.0
MHImain,HKFE,2019-04-18 08:00:00,30040.0,30106.0,29924.0,30025.0,33742.0,1013080893.0,0.0
MHImain,HKFE,2019-04-18 12:00:00,30026.0,30048.0,29907.0,29944.0,23871.0,715191370.0,0.0
MHImain,HKFE,2019-04-18 16:00:00,29945.0,30041.0,29882.0,30010.0,13376.0,400767937.0,0.0
MHImain,HKFE,2019-04-18 20:00:00,30009.0,30097.0,30009.0,30066.0,8907.0,267670173.0,0.0
MHImain,HKFE,2019-04-19 00:00:00,30067.0,30096.0,30051.0,30072.0,1852.0,55700877.0,0.0
MHImain,HKFE,2019-04-23 08:00:00,29929.0,29982.0,29743.0,29937.0,36524.0,1091297102.0,0.0
MHImain,HKFE,2019-04-23 12:00:00,29939.0,30072.0,29926.0,29961.0,21061.0,631703661.0,0.0
MHImain,HKFE,2019-04-23 16:00:00,29960.0,29967.0,29830.0,29947.0,13492.0,403465133.0,0.0
MHImain,HKFE,2019-04-23 20:00:00,29946.0,29994.0,29921.0,29993.0,6901.0,206748377.0,0.0
MHImain,HKFE,2019-04-24 00:00:00,29994.0,30074.0,29982.0,30058.0,2867.0,86076040.0,0.0
MHImain,HKFE,2019-04-24 08:00:00,30070.0,30129.0,29720.0,29741.0,41091.0,1229253613.0,0.0
MHImain,HKFE,2019-04-24 12:00:00,29738.0,29860.0,29651.0,29827.0,30221.0,899729310.0,0.0
MHImain,HKFE,2019-04-24 16:00:00,29829.0,29852.0,29718.0,29803.0,13638.0,406205590.0,0.0
MHImain,HKFE,2019-04-24 20:00:00,29803.0,29835.0,29667.0,29727.0,9654.0,287083752.0,0.0
MHImain,HKFE,2019-04-25 00:00:00,29729.0,29732.0,29666.0,29678.0,2044.0,60707221.0,0.0
MHImain,HKFE,2019-04-25 08:00:00,29638.0,29846.0,29629.0,29818.0,31627.0,940735125.0,0.0
MHImain,HKFE,2019-04-25 12:00:00,29818.0,29822.0,29629.0,29661.0,23495.0,698538036.0,0.0
MHImain,HKFE,2019-04-25 16:00:00,29660.0,29661.0,29475.0,29497.0,19819.0,585595353.0,0.0
MHImain,HKFE,2019-04-25 20:00:00,29497.0,29538.0,29413.0,29505.0,11626.0,342733310.0,0.0
MHImain,HKFE,2019-04-26 00:00:00,29506.0,29551.0,29478.0,29526.0,2546.0,75163516.0,0.0
MHImain,HKFE,2019-04-26 08:00:00,29455.0,29684.0,29448.0,29595.0,31576.0,934217638.0,0.0
MHImain,HKFE,2019-04-26 12:00:00,29598.0,29666.0,29541.0,29564.0,18967.0,561273908.0,0.0
MHImain,HKFE,2019-04-26 16:00:00,29565.0,29644.0,29496.0,29613.0,10435.0,308570495.0,0.0
MHImain,HKFE,2019-04-26 20:00:00,29615.0,29697.0,29583.0,29690.0,8081.0,239631046.0,0.0
MHImain,HKFE,2019-04-27 00:00:00,29688.0,29721.0,29677.0,29701.0,1389.0,41254234.0,0.0
MHImain,HKFE,2019-04-29 08:00:00,29718.0,29832.0,29628.0,29830.0,7709.0,229198547.0,0.0
MHImain,HKFE,2019-04-29 12:00:00,29831.0,29836.0,29787.0,29812.0,2036.0,60697884.0,0.0
MHImain,HKFE,2019-04-29 16:00:00,29811.0,29822.0,29607.0,29628.0,3575.0,106058247.0,0.0
MHImain,HKFE,2019-04-29 20:00:00,29628.0,29678.0,29607.0,29648.0,5910.0,175178591.0,0.0
MHImain,HKFE,2019-04-30 00:00:00,29648.0,29656.0,29623.0,29655.0,1315.0,38978796.0,0.0
MHImain,HKFE,2019-04-30 08:00:00,29610.0,29620.0,29368.0,29514.0,43793.0,1291309928.0,0.0
MHImain,HKFE,2019-04-30 12:00:00,29511.0,29575.0,29412.0,29461.0,21545.0,635423525.0,0.0
MHImain,HKFE,2019-04-30 16:00:00,29463.0,29524.0,29432.0,29509.0,8697.0,256307798.0,0.0
MHImain,HKFE,2019-04-30 20:00:00,29510.0,29550.0,29413.0,29428.0,8132.0,239803120.0,0.0
MHImain,HKFE,2019-05-01 00:00:00,29427.0,29522.0,29419.0,29507.0,2811.0,82856692.0,0.0
MHImain,HKFE,2019-05-02 08:00:00,29407.0,29652.0,29391.0,29626.0,26634.0,786670339.0,0.0
MHImain,HKFE,2019-05-02 12:00:00,29627.0,29736.0,29605.0,29722.0,15750.0,467038597.0,0.0
MHImain,HKFE,2019-05-02 16:00:00,29721.0,29725.0,29652.0,29678.0,9712.0,288331384.0,0.0
MHImain,HKFE,2019-05-02 20:00:00,29683.0,29688.0,29614.0,29626.0,8531.0,252944324.0,0.0
MHImain,HKFE,2019-05-03 00:00:00,29626.0,29627.0,29472.0,29502.0,6352.0,187635160.0,0.0
MHImain,HKFE,2019-05-03 08:00:00,29557.0,29655.0,29412.0,29604.0,30426.0,897787572.0,0.0
MHImain,HKFE,2019-05-03 12:00:00,29605.0,29836.0,29601.0,29823.0,20801.0,618845827.0,0.0
MHImain,HKFE,2019-05-03 16:00:00,29821.0,29874.0,29799.0,29857.0,9423.0,281194390.0,0.0
MHImain,HKFE,2019-05-03 20:00:00,29857.0,30046.0,29831.0,30033.0,11276.0,337624172.0,0.0
MHImain,HKFE,2019-05-04 00:00:00,30031.0,30033.0,29982.0,30018.0,2193.0,65807919.0,0.0
MHImain,HKFE,2019-05-06 08:00:00,29317.0,29352.0,28688.0,28840.0,48612.0,1408003850.0,0.0
MHImain,HKFE,2019-05-06 12:00:00,28843.0,28947.0,28778.0,28825.0,26123.0,753888997.0,0.0
MHImain,HKFE,2019-05-06 16:00:00,28824.0,28994.0,28797.0,28977.0,17892.0,517461420.0,0.0
MHImain,HKFE,2019-05-06 20:00:00,28976.0,29163.0,28927.0,29149.0,13984.0,406263077.0,0.0
MHImain,HKFE,2019-05-07 00:00:00,29150.0,29193.0,29120.0,29132.0,3157.0,92056726.0,0.0
MHImain,HKFE,2019-05-07 08:00:00,29115.0,29242.0,29023.0,29128.0,36843.0,1074056002.0,0.0
MHImain,HKFE,2019-05-07 12:00:00,29127.0,29213.0,28928.0,29107.0,39604.0,1150364364.0,0.0
MHImain,HKFE,2019-05-07 16:00:00,29109.0,29154.0,28957.0,28964.0,12510.0,363853495.0,0.0
MHImain,HKFE,2019-05-07 20:00:00,28963.0,28998.0,28726.0,28786.0,22601.0,652265037.0,0.0
MHImain,HKFE,2019-05-08 00:00:00,28785.0,28792.0,28624.0,28637.0,7484.0,214805827.0,0.0
MHImain,HKFE,2019-05-08 08:00:00,28608.0,28979.0,28608.0,28871.0,42269.0,1218911727.0,0.0
MHImain,HKFE,2019-05-08 12:00:00,28875.0,28953.0,28717.0,28787.0,29082.0,838788519.0,0.0
MHImain,HKFE,2019-05-08 16:00:00,28786.0,28814.0,28537.0,28570.0,22392.0,642428784.0,0.0
MHImain,HKFE,2019-05-08 20:00:00,28573.0,28796.0,28520.0,28718.0,25176.0,720455158.0,0.0
MHImain,HKFE,2019-05-09 00:00:00,28719.0,28740.0,28583.0,28584.0,5236.0,150080940.0,0.0
MHImain,HKFE,2019-05-09 08:00:00,28615.0,28650.0,28205.0,28263.0,47205.0,1341699667.0,0.0
MHImain,HKFE,2019-05-09 12:00:00,28265.0,28362.0,28070.0,28116.0,37099.0,1046830215.0,0.0
MHImain,HKFE,2019-05-09 16:00:00,28116.0,28137.0,28006.0,28122.0,20346.0,571276939.0,0.0
MHImain,HKFE,2019-05-09 20:00:00,28120.0,28137.0,27753.0,27847.0,27050.0,754922699.0,0.0
MHImain,HKFE,2019-05-10 00:00:00,27848.0,27914.0,27761.0,27914.0,5622.0,156472807.0,0.0
MHImain,HKFE,2019-05-10 08:00:00,28302.0,28587.0,28146.0,28229.0,54919.0,1559177081.0,0.0
MHImain,HKFE,2019-05-10 12:00:00,28229.0,28478.0,27937.0,28288.0,56587.0,1600550165.0,0.0
MHImain,HKFE,2019-05-10 16:00:00,28288.0,28387.0,28240.0,28242.0,15957.0,451881393.0,0.0
MHImain,HKFE,2019-05-10 20:00:00,28244.0,28267.0,27898.0,27972.0,27409.0,770014364.0,0.0
MHImain,HKFE,2019-05-11 00:00:00,27971.0,28080.0,27945.0,28071.0,8563.0,239810268.0,0.0
MHImain,HKFE,2019-05-14 08:00:00,27635.0,27970.0,27599.0,27863.0,47301.0,1315938809.0,0.0
MHImain,HKFE,2019-05-14 12:00:00,27866.0,27943.0,27784.0,27788.0,27239.0,759002702.0,0.0
MHImain,HKFE,2019-05-14 16:00:00,27788.0,27975.0,27760.0,27937.0,15407.0,429409878.0,0.0
MHImain,HKFE,2019-05-14 20:00:00,27938.0,27966.0,27790.0,27865.0,18079.0,503729866.0,0.0
MHImain,HKFE,2019-05-15 00:00:00,27862.0,27980.0,27850.0,27946.0,5172.0,144438622.0,0.0
MHImain,HKFE,2019-05-15 08:00:00,27888.0,28116.0,27827.0,28028.0,42331.0,1185442296.0,0.0
MHImain,HKFE,2019-05-15 12:00:00,28029.0,28169.0,28023.0,28115.0,25504.0,716542676.0,0.0
MHImain,HKFE,2019-05-15 16:00:00,28114.0,28155.0,27953.0,28009.0,20061.0,562397181.0,0.0
MHImain,HKFE,2019-05-15 20:00:00,28008.0,28033.0,27845.0,27956.0,23438.0,654871913.0,0.0
MHImain,HKFE,2019-05-16 00:00:00,27956.0,28032.0,27950.0,28011.0,3255.0,91139352.0,0.0
MHImain,HKFE,2019-05-16 08:00:00,27877.0,28153.0,27792.0,28045.0,52036.0,1455235642.0,0.0
MHImain,HKFE,2019-05-16 12:00:00,28045.0,28130.0,28023.0,28091.0,24209.0,679696626.0,0.0
MHImain,HKFE,2019-05-16 16:00:00,28088.0,28220.0,28026.0,28200.0,17598.0,494698615.0,0.0
MHImain,HKFE,2019-05-16 20:00:00,28199.0,28279.0,28141.0,28266.0,14386.0,405752641.0,0.0
MHImain,HKFE,2019-05-17 00:00:00,28264.0,28316.0,28257.0,28274.0,3135.0,88670112.0,0.0
MHImain,HKFE,2019-05-17 08:00:00,28261.0,28288.0,27793.0,27827.0,50674.0,1419119798.0,0.0
MHImain,HKFE,2019-05-17 12:00:00,27827.0,27855.0,27673.0,27746.0,32720.0,908269526.0,0.0
MHImain,HKFE,2019-05-17 16:00:00,27744.0,27771.0,27684.0,27698.0,14250.0,395116979.0,0.0
MHImain,HKFE,2019-05-17 20:00:00,27700.0,27789.0,27620.0,27773.0,17106.0,473713612.0,0.0
MHImain,HKFE,2019-05-18 00:00:00,27776.0,27779.0,27706.0,27714.0,3208.0,88994371.0,0.0
MHImain,HKFE,2019-05-20 08:00:00,27800.0,27836.0,27525.0,27646.0,52797.0,1461336668.0,0.0
MHImain,HKFE,2019-05-20 12:00:00,27650.0,27680.0,27547.0,27604.0,24209.0,668271665.0,0.0
MHImain,HKFE,2019-05-20 16:00:00,27603.0,27650.0,27378.0,27391.0,16559.0,455913379.0,0.0
MHImain,HKFE,2019-05-20 20:00:00,27389.0,27518.0,27335.0,27447.0,17916.0,491305611.0,0.0
MHImain,HKFE,2019-05-21 00:00:00,27450.0,27488.0,27422.0,27483.0,2721.0,74697364.0,0.0
MHImain,HKFE,2019-05-21 08:00:00,27555.0,27827.0,27522.0,27790.0,48477.0,1341317563.0,0.0
MHImain,HKFE,2019-05-21 12:00:00,27793.0,27824.0,27610.0,27630.0,25756.0,713070487.0,0.0
MHImain,HKFE,2019-05-21 16:00:00,27629.0,27646.0,27459.0,27598.0,19836.0,546671059.0,0.0
MHImain,HKFE,2019-05-21 20:00:00,27598.0,27619.0,27496.0,27575.0,12614.0,347702800.0,0.0
MHImain,HKFE,2019-05-22 00:00:00,27577.0,27588.0,27502.0,27550.0,2681.0,73822544.0,0.0
MHImain,HKFE,2019-05-22 08:00:00,27574.0,27718.0,27535.0,27600.0,44637.0,1232718584.0,0.0
MHImain,HKFE,2019-05-22 12:00:00,27600.0,27647.0,27510.0,27596.0,23281.0,642044249.0,0.0
MHImain,HKFE,2019-05-22 16:00:00,27593.0,27671.0,27550.0,27588.0,12456.0,343814630.0,0.0
MHImain,HKFE,2019-05-22 20:00:00,27588.0,27599.0,27465.0,27530.0,15016.0,413448271.0,0.0
MHImain,HKFE,2019-05-23 00:00:00,27531.0,27563.0,27503.0,27511.0,2136.0,58805713.0,0.0
MHImain,HKFE,2019-05-23 08:00:00,27385.0,27469.0,27213.0,27307.0,46211.0,1262296155.0,0.0
MHImain,HKFE,2019-05-23 12:00:00,27308.0,27343.0,27147.0,27153.0,27100.0,738306070.0,0.0
MHImain,HKFE,2019-05-23 16:00:00,27156.0,27259.0,27121.0,27186.0,18700.0,508372494.0,0.0
MHImain,HKFE,2019-05-23 20:00:00,27187.0,27263.0,27121.0,27227.0,15055.0,409357870.0,0.0
MHImain,HKFE,2019-05-24 00:00:00,27230.0,27268.0,27194.0,27214.0,3253.0,88576323.0,0.0
MHImain,HKFE,2019-05-24 08:00:00,27258.0,27437.0,27230.0,27282.0,42454.0,1160566437.0,0.0
MHImain,HKFE,2019-05-24 12:00:00,27282.0,27372.0,27236.0,27333.0,22228.0,606960922.0,0.0
MHImain,HKFE,2019-05-24 16:00:00,27334.0,27361.0,27291.0,27337.0,10793.0,294955121.0,0.0
MHImain,HKFE,2019-05-24 20:00:00,27334.0,27340.0,27173.0,27196.0,10765.0,293620070.0,0.0
MHImain,HKFE,2019-05-25 00:00:00,27197.0,27225.0,27181.0,27198.0,2208.0,60069820.0,0.0
MHImain,HKFE,2019-05-27 08:00:00,27275.0,27286.0,27066.0,27111.0,42746.0,1162361867.0,0.0
MHImain,HKFE,2019-05-27 12:00:00,27110.0,27353.0,27089.0,27298.0,31132.0,848137798.0,0.0
MHImain,HKFE,2019-05-27 16:00:00,27300.0,27318.0,27208.0,27223.0,8661.0,236138734.0,0.0
MHImain,HKFE,2019-05-27 20:00:00,27223.0,27223.0,27223.0,27223.0,0.0,0.0,0.0
MHImain,HKFE,2019-05-28 00:00:00,27223.0,27223.0,27223.0,27223.0,0.0,0.0,0.0
MHImain,HKFE,2019-05-28 08:00:00,27265.0,27418.0,27179.0,27376.0,35058.0,957550085.0,0.0
MHImain,HKFE,2019-05-28 12:00:00,27377.0,27448.0,27302.0,27346.0,22669.0,620621591.0,0.0
MHImain,HKFE,2019-05-28 16:00:00,27345.0,27375.0,27292.0,27368.0,13184.0,360422940.0,0.0
MHImain,HKFE,2019-05-28 20:00:00,27368.0,27450.0,27332.0,27384.0,10950.0,299938642.0,0.0
MHImain,HKFE,2019-05-29 00:00:00,27383.0,27387.0,27332.0,27350.0,2026.0,55422801.0,0.0
MHImain,HKFE,2019-05-29 08:00:00,27207.0,27293.0,27139.0,27255.0,30985.0,843493241.0,0.0
MHImain,HKFE,2019-05-29 12:00:00,27258.0,27400.0,27226.0,27244.0,21843.0,596384058.0,0.0
MHImain,HKFE,2019-05-29 16:00:00,27244.0,27253.0,27189.0,27232.0,9360.0,254835740.0,0.0
MHImain,HKFE,2019-05-29 20:00:00,27233.0,27281.0,27185.0,27240.0,5936.0,161647342.0,0.0
MHImain,HKFE,2019-05-30 00:00:00,27237.0,27251.0,27191.0,27219.0,1589.0,43246198.0,0.0
MHImain,HKFE,2019-05-30 08:00:00,27272.0,27318.0,27044.0,27075.0,6327.0,171918029.0,0.0
MHImain,HKFE,2019-05-30 12:00:00,27075.0,27155.0,27065.0,27098.0,1798.0,48730156.0,0.0
MHImain,HKFE,2019-05-30 16:00:00,27096.0,27103.0,26923.0,26925.0,2823.0,76159218.0,0.0
MHImain,HKFE,2019-05-30 20:00:00,26926.0,27010.0,26915.0,26992.0,8656.0,233431240.0,0.0
MHImain,HKFE,2019-05-31 00:00:00,26993.0,26997.0,26964.0,26978.0,1686.0,45489618.0,0.0
MHImain,HKFE,2019-05-31 08:00:00,26828.0,27014.0,26803.0,26873.0,36922.0,994345819.0,0.0
MHImain,HKFE,2019-05-31 12:00:00,26871.0,26933.0,26790.0,26798.0,22897.0,614967254.0,0.0
MHImain,HKFE,2019-05-31 16:00:00,26798.0,26814.0,26615.0,26647.0,18848.0,503651324.0,0.0
MHImain,HKFE,2019-05-31 20:00:00,26650.0,26744.0,26628.0,26717.0,10225.0,272859034.0,0.0
MHImain,HKFE,2019-06-01 00:00:00,26719.0,26762.0,26715.0,26740.0,2381.0,63671478.0,0.0
MHImain,HKFE,2019-06-03 08:00:00,26747.0,26828.0,26579.0,26629.0,42600.0,1137832275.0,0.0
MHImain,HKFE,2019-06-03 12:00:00,26628.0,26742.0,26604.0,26732.0,21173.0,565003933.0,0.0
MHImain,HKFE,2019-06-03 16:00:00,26736.0,26815.0,26690.0,26787.0,11553.0,308902905.0,0.0
MHImain,HKFE,2019-06-03 20:00:00,26787.0,26873.0,26771.0,26853.0,12172.0,326507348.0,0.0
MHImain,HKFE,2019-06-04 00:00:00,26853.0,26876.0,26800.0,26810.0,2598.0,69721305.0,0.0
MHImain,HKFE,2019-06-04 08:00:00,26850.0,26886.0,26532.0,26572.0,41714.0,1112140876.0,0.0
MHImain,HKFE,2019-06-04 12:00:00,26571.0,26675.0,26506.0,26595.0,23545.0,626281987.0,0.0
MHImain,HKFE,2019-06-04 16:00:00,26595.0,26656.0,26566.0,26615.0,12496.0,332529527.0,0.0
MHImain,HKFE,2019-06-04 20:00:00,26614.0,26725.0,26586.0,26720.0,13091.0,349166649.0,0.0
MHImain,HKFE,2019-06-05 00:00:00,26719.0,26860.0,26714.0,26825.0,5940.0,159160675.0,0.0
MHImain,HKFE,2019-06-05 08:00:00,26922.0,27003.0,26726.0,26786.0,40286.0,1082461962.0,0.0
MHImain,HKFE,2019-06-05 12:00:00,26784.0,26851.0,26662.0,26704.0,24409.0,653209218.0,0.0
MHImain,HKFE,2019-06-05 16:00:00,26703.0,26860.0,26683.0,26826.0,13364.0,357778313.0,0.0
MHImain,HKFE,2019-06-05 20:00:00,26825.0,26825.0,26671.0,26709.0,12637.0,338072670.0,0.0
MHImain,HKFE,2019-06-06 00:00:00,26710.0,26718.0,26682.0,26692.0,2338.0,62427973.0,0.0
MHImain,HKFE,2019-06-06 08:00:00,26759.0,26865.0,26701.0,26827.0,37095.0,993624755.0,0.0
MHImain,HKFE,2019-06-06 12:00:00,26828.0,26868.0,26723.0,26771.0,17725.0,474765201.0,0.0
MHImain,HKFE,2019-06-06 16:00:00,26771.0,26879.0,26764.0,26863.0,12405.0,332866473.0,0.0
MHImain,HKFE,2019-06-06 20:00:00,26862.0,26875.0,26774.0,26836.0,9361.0,251051040.0,0.0
MHImain,HKFE,2019-06-07 00:00:00,26837.0,26844.0,26797.0,26802.0,1854.0,49724476.0,0.0
MHImain,HKFE,2019-06-10 08:00:00,27095.0,27504.0,27017.0,27478.0,46175.0,1260104615.0,0.0
MHImain,HKFE,2019-06-10 12:00:00,27480.0,27501.0,27398.0,27451.0,16261.0,446278870.0,0.0
MHImain,HKFE,2019-06-10 16:00:00,27450.0,27515.0,27419.0,27476.0,12825.0,352397700.0,0.0
MHImain,HKFE,2019-06-10 20:00:00,27475.0,27542.0,27437.0,27538.0,8418.0,231370586.0,0.0
MHImain,HKFE,2019-06-11 00:00:00,27538.0,27604.0,27527.0,27578.0,2757.0,76005981.0,0.0
MHImain,HKFE,2019-06-11 08:00:00,27528.0,27719.0,27486.0,27695.0,36948.0,1020047577.0,0.0
MHImain,HKFE,2019-06-11 12:00:00,27695.0,27756.0,27669.0,27695.0,19363.0,536600628.0,0.0
MHImain,HKFE,2019-06-11 16:00:00,27693.0,27720.0,27655.0,27687.0,10481.0,290216930.0,0.0
MHImain,HKFE,2019-06-11 20:00:00,27688.0,27770.0,27667.0,27687.0,9630.0,266897509.0,0.0
MHImain,HKFE,2019-06-12 00:00:00,27688.0,27708.0,27637.0,27645.0,2489.0,68859646.0,0.0
MHImain,HKFE,2019-06-12 08:00:00,27586.0,27586.0,27214.0,27263.0,39729.0,1087054050.0,0.0
MHImain,HKFE,2019-06-12 12:00:00,27264.0,27291.0,27107.0,27122.0,22905.0,622911477.0,0.0
MHImain,HKFE,2019-06-12 16:00:00,27124.0,27209.0,27067.0,27093.0,15431.0,418955909.0,0.0
MHImain,HKFE,2019-06-12 20:00:00,27095.0,27122.0,27046.0,27062.0,10086.0,273137345.0,0.0
MHImain,HKFE,2019-06-13 00:00:00,27063.0,27069.0,26973.0,26985.0,3378.0,91267351.0,0.0
MHImain,HKFE,2019-06-13 08:00:00,27050.0,27104.0,26702.0,26878.0,49068.0,1318128565.0,0.0
MHImain,HKFE,2019-06-13 12:00:00,26877.0,27096.0,26851.0,26990.0,34755.0,937813565.0,0.0
MHImain,HKFE,2019-06-13 16:00:00,26990.0,27220.0,26982.0,27206.0,18899.0,512665048.0,0.0
MHImain,HKFE,2019-06-13 20:00:00,27206.0,27242.0,27072.0,27096.0,10340.0,280926169.0,0.0
MHImain,HKFE,2019-06-14 00:00:00,27098.0,27124.0,27058.0,27067.0,2455.0,66505794.0,0.0
MHImain,HKFE,2019-06-14 08:00:00,27110.0,27167.0,26970.0,27035.0,42526.0,1151168781.0,0.0
MHImain,HKFE,2019-06-14 12:00:00,27036.0,27079.0,26962.0,26969.0,19031.0,514359768.0,0.0
MHImain,HKFE,2019-06-14 16:00:00,26969.0,27073.0,26952.0,27028.0,12779.0,345077955.0,0.0
MHImain,HKFE,2019-06-14 20:00:00,27029.0,27047.0,26932.0,26935.0,8122.0,219139731.0,0.0
MHImain,HKFE,2019-06-15 00:00:00,26935.0,26957.0,26917.0,26917.0,1741.0,46894030.0,0.0
MHImain,HKFE,2019-06-17 08:00:00,27005.0,27444.0,26997.0,27261.0,43698.0,1193076432.0,0.0
MHImain,HKFE,2019-06-17 12:00:00,27262.0,27272.0,27128.0,27148.0,24998.0,679860117.0,0.0
MHImain,HKFE,2019-06-17 16:00:00,27148.0,27194.0,27095.0,27111.0,10897.0,295830433.0,0.0
MHImain,HKFE,2019-06-17 20:00:00,27110.0,27207.0,27097.0,27182.0,8568.0,232654712.0,0.0
MHImain,HKFE,2019-06-18 00:00:00,27180.0,27193.0,27139.0,27166.0,2691.0,73095566.0,0.0
MHImain,HKFE,2019-06-18 08:00:00,27200.0,27404.0,27106.0,27338.0,45500.0,1239820468.0,0.0
MHImain,HKFE,2019-06-18 12:00:00,27338.0,27519.0,27303.0,27494.0,27201.0,745157223.0,0.0
MHImain,HKFE,2019-06-18 16:00:00,27494.0,27528.0,27375.0,27516.0,15615.0,428399469.0,0.0
MHImain,HKFE,2019-06-18 20:00:00,27517.0,28000.0,27502.0,27953.0,23568.0,655015077.0,0.0
MHImain,HKFE,2019-06-19 00:00:00,27953.0,27983.0,27864.0,27919.0,7389.0,206340818.0,0.0
MHImain,HKFE,2019-06-19 08:00:00,27953.0,28196.0,27934.0,28069.0,46934.0,1317543395.0,0.0
MHImain,HKFE,2019-06-19 12:00:00,28068.0,28130.0,28052.0,28057.0,15163.0,425900557.0,0.0
MHImain,HKFE,2019-06-19 16:00:00,28055.0,28155.0,28053.0,28118.0,9057.0,254557485.0,0.0
MHImain,HKFE,2019-06-19 20:00:00,28118.0,28178.0,28081.0,28110.0,7842.0,220563579.0,0.0
MHImain,HKFE,2019-06-20 00:00:00,28109.0,28300.0,28092.0,28250.0,6655.0,187511012.0,0.0
MHImain,HKFE,2019-06-20 08:00:00,28300.0,28420.0,28190.0,28406.0,43094.0,1220177964.0,0.0
MHImain,HKFE,2019-06-20 12:00:00,28406.0,28430.0,28329.0,28403.0,20548.0,583340947.0,0.0
MHImain,HKFE,2019-06-20 16:00:00,28402.0,28597.0,28402.0,28579.0,15821.0,450837522.0,0.0
MHImain,HKFE,2019-06-20 20:00:00,28579.0,28686.0,28540.0,28546.0,15818.0,452724849.0,0.0
MHImain,HKFE,2019-06-21 00:00:00,28546.0,28553.0,28439.0,28520.0,8729.0,248830328.0,0.0
MHImain,HKFE,2019-06-21 08:00:00,28515.0,28534.0,28373.0,28443.0,34754.0,988624272.0,0.0
MHImain,HKFE,2019-06-21 12:00:00,28443.0,28444.0,28298.0,28404.0,23395.0,663626392.0,0.0
MHImain,HKFE,2019-06-21 16:00:00,28404.0,28467.0,28351.0,28391.0,13555.0,384986087.0,0.0
MHImain,HKFE,2019-06-21 20:00:00,28390.0,28490.0,28363.0,28464.0,9452.0,268525133.0,0.0
MHImain,HKFE,2019-06-22 00:00:00,28463.0,28473.0,28377.0,28421.0,4443.0,126274237.0,0.0
MHImain,HKFE,2019-06-24 08:00:00,28358.0,28603.0,28313.0,28469.0,36564.0,1040477499.0,0.0
MHImain,HKFE,2019-06-24 12:00:00,28469.0,28486.0,28382.0,28425.0,17717.0,503727924.0,0.0
MHImain,HKFE,2019-06-24 16:00:00,28426.0,28467.0,28398.0,28415.0,7884.0,224202222.0,0.0
MHImain,HKFE,2019-06-24 20:00:00,28412.0,28472.0,28409.0,28465.0,5530.0,157288380.0,0.0
MHImain,HKFE,2019-06-25 00:00:00,28466.0,28472.0,28399.0,28411.0,2687.0,76407507.0,0.0
MHImain,HKFE,2019-06-25 08:00:00,28419.0,28489.0,28111.0,28160.0,37223.0,1054196497.0,0.0
MHImain,HKFE,2019-06-25 12:00:00,28159.0,28203.0,28076.0,28172.0,21190.0,596525861.0,0.0
MHImain,HKFE,2019-06-25 16:00:00,28173.0,28198.0,28145.0,28173.0,8363.0,235597838.0,0.0
MHImain,HKFE,2019-06-25 20:00:00,28173.0,28212.0,28123.0,28178.0,7741.0,217998621.0,0.0
MHImain,HKFE,2019-06-26 00:00:00,28176.0,28189.0,28058.0,28058.0,5676.0,159676590.0,0.0
MHImain,HKFE,2019-06-26 08:00:00,28068.0,28276.0,27988.0,28183.0,36442.0,1025486097.0,0.0
MHImain,HKFE,2019-06-26 12:00:00,28183.0,28268.0,28163.0,28230.0,12536.0,353681851.0,0.0
MHImain,HKFE,2019-06-26 16:00:00,28226.0,28412.0,28175.0,28367.0,10039.0,284023075.0,0.0
MHImain,HKFE,2019-06-26 20:00:00,28370.0,28383.0,28290.0,28340.0,6405.0,181525779.0,0.0
MHImain,HKFE,2019-06-27 00:00:00,28336.0,28397.0,28331.0,28362.0,2173.0,61624299.0,0.0
MHImain,HKFE,2019-06-27 08:00:00,28365.0,28487.0,28292.0,28476.0,5956.0,169198263.0,0.0
MHImain,HKFE,2019-06-27 12:00:00,28478.0,28527.0,28478.0,28518.0,2456.0,70012281.0,0.0
MHImain,HKFE,2019-06-27 16:00:00,28519.0,28579.0,28405.0,28479.0,7549.0,215047407.0,0.0
MHImain,HKFE,2019-06-27 20:00:00,28478.0,28565.0,28456.0,28528.0,7912.0,225594740.0,0.0
MHImain,HKFE,2019-06-28 00:00:00,28529.0,28555.0,28459.0,28550.0,4429.0,126237457.0,0.0
MHImain,HKFE,2019-06-28 08:00:00,28550.0,28571.0,28367.0,28421.0,29275.0,832820912.0,0.0
MHImain,HKFE,2019-06-28 12:00:00,28420.0,28463.0,28376.0,28450.0,13533.0,384599606.0,0.0
MHImain,HKFE,2019-06-28 16:00:00,28451.0,28547.0,28446.0,28521.0,9227.0,262906892.0,0.0
MHImain,HKFE,2019-06-28 20:00:00,28523.0,28560.0,28479.0,28499.0,5892.0,168028807.0,0.0
MHImain,HKFE,2019-06-29 00:00:00,28500.0,28533.0,28492.0,28503.0,2912.0,83029331.0,0.0
MHImain,HKFE,2019-07-02 08:00:00,28902.0,29058.0,28788.0,28934.0,36168.0,1047255207.0,0.0
MHImain,HKFE,2019-07-02 12:00:00,28935.0,29041.0,28921.0,29001.0,13186.0,382192694.0,0.0
MHImain,HKFE,2019-07-02 16:00:00,29003.0,29009.0,28903.0,28957.0,8042.0,232813603.0,0.0
MHImain,HKFE,2019-07-02 20:00:00,28958.0,28991.0,28911.0,28962.0,5965.0,172724590.0,0.0
MHImain,HKFE,2019-07-03 00:00:00,28961.0,28972.0,28887.0,28904.0,3975.0,114979248.0,0.0
MHImain,HKFE,2019-07-03 08:00:00,28854.0,28938.0,28766.0,28856.0,34146.0,985090394.0,0.0
MHImain,HKFE,2019-07-03 12:00:00,28855.0,28902.0,28812.0,28873.0,13560.0,391270467.0,0.0
MHImain,HKFE,2019-07-03 16:00:00,28874.0,28956.0,28858.0,28924.0,8004.0,231297175.0,0.0
MHImain,HKFE,2019-07-03 20:00:00,28922.0,28932.0,28867.0,28914.0,4831.0,139608256.0,0.0
MHImain,HKFE,2019-07-04 00:00:00,28915.0,29007.0,28900.0,28986.0,3025.0,87565911.0,0.0
MHImain,HKFE,2019-07-04 08:00:00,28986.0,29080.0,28886.0,28941.0,34496.0,999846416.0,0.0
MHImain,HKFE,2019-07-04 12:00:00,28940.0,28960.0,28848.0,28902.0,16408.0,474242519.0,0.0
MHImain,HKFE,2019-07-04 16:00:00,28902.0,28931.0,28834.0,28862.0,7798.0,225200310.0,0.0
MHImain,HKFE,2019-07-04 20:00:00,28862.0,28882.0,28837.0,28848.0,2361.0,68138087.0,0.0
MHImain,HKFE,2019-07-05 00:00:00,28847.0,28861.0,28823.0,28856.0,1333.0,38449610.0,0.0
MHImain,HKFE,2019-07-05 08:00:00,28859.0,28960.0,28754.0,28881.0,34751.0,1002689417.0,0.0
MHImain,HKFE,2019-07-05 12:00:00,28880.0,28917.0,28836.0,28852.0,12803.0,369733893.0,0.0
MHImain,HKFE,2019-07-05 16:00:00,28853.0,28856.0,28757.0,28790.0,7737.0,222865577.0,0.0
MHImain,HKFE,2019-07-05 20:00:00,28790.0,28794.0,28541.0,28621.0,15999.0,458286605.0,0.0
MHImain,HKFE,2019-07-06 00:00:00,28623.0,28690.0,28599.0,28689.0,4632.0,132679688.0,0.0
MHImain,HKFE,2019-07-08 08:00:00,28624.0,28636.0,28214.0,28298.0,40809.0,1157886642.0,0.0
MHImain,HKFE,2019-07-08 12:00:00,28298.0,28367.0,28222.0,28250.0,16458.0,465496701.0,0.0
MHImain,HKFE,2019-07-08 16:00:00,28250.0,28388.0,28244.0,28353.0,11510.0,326102381.0,0.0
MHImain,HKFE,2019-07-08 20:00:00,28352.0,28444.0,28336.0,28419.0,8615.0,244564896.0,0.0
MHImain,HKFE,2019-07-09 00:00:00,28419.0,28425.0,28375.0,28408.0,3123.0,88688430.0,0.0
MHImain,HKFE,2019-07-09 08:00:00,28382.0,28413.0,28124.0,28153.0,40598.0,1147119527.0,0.0
MHImain,HKFE,2019-07-09 12:00:00,28152.0,28205.0,28091.0,28166.0,19434.0,547023566.0,0.0
MHImain,HKFE,2019-07-09 16:00:00,28166.0,28174.0,28084.0,28149.0,10172.0,286128111.0,0.0
MHImain,HKFE,2019-07-09 20:00:00,28148.0,28215.0,28118.0,28198.0,7551.0,212724706.0,0.0
MHImain,HKFE,2019-07-10 00:00:00,28194.0,28256.0,28193.0,28221.0,3527.0,99544784.0,0.0
MHImain,HKFE,2019-07-10 08:00:00,28285.0,28346.0,28148.0,28265.0,35461.0,1001474430.0,0.0
MHImain,HKFE,2019-07-10 12:00:00,28263.0,28275.0,28160.0,28210.0,15262.0,430624259.0,0.0
MHImain,HKFE,2019-07-10 16:00:00,28209.0,28247.0,28139.0,28188.0,9084.0,256184932.0,0.0
MHImain,HKFE,2019-07-10 20:00:00,28189.0,28454.0,28171.0,28333.0,17585.0,498704949.0,0.0
MHImain,HKFE,2019-07-11 00:00:00,28330.0,28401.0,28307.0,28349.0,5016.0,142201625.0,0.0
MHImain,HKFE,2019-07-11 08:00:00,28398.0,28613.0,28367.0,28570.0,31185.0,889960727.0,0.0
MHImain,HKFE,2019-07-11 12:00:00,28571.0,28575.0,28394.0,28438.0,18772.0,534572944.0,0.0
MHImain,HKFE,2019-07-11 16:00:00,28439.0,28500.0,28414.0,28453.0,8588.0,244363336.0,0.0
MHImain,HKFE,2019-07-11 20:00:00,28453.0,28487.0,28303.0,28347.0,12197.0,346291994.0,0.0
MHImain,HKFE,2019-07-12 00:00:00,28345.0,28382.0,28290.0,28346.0,4538.0,128641084.0,0.0
MHImain,HKFE,2019-07-12 08:00:00,28410.0,28584.0,28363.0,28549.0,35439.0,1009709605.0,0.0
MHImain,HKFE,2019-07-12 12:00:00,28550.0,28608.0,28494.0,28499.0,15556.0,444183418.0,0.0
MHImain,HKFE,2019-07-12 16:00:00,28500.0,28543.0,28474.0,28489.0,8439.0,240596312.0,0.0
MHImain,HKFE,2019-07-12 20:00:00,28489.0,28502.0,28410.0,28441.0,6293.0,179090364.0,0.0
MHImain,HKFE,2019-07-13 00:00:00,28441.0,28495.0,28428.0,28483.0,3485.0,99183996.0,0.0
MHImain,HKFE,2019-07-15 08:00:00,28388.0,28547.0,28053.0,28545.0,50682.0,1434443017.0,0.0
MHImain,HKFE,2019-07-15 12:00:00,28547.0,28597.0,28487.0,28550.0,16185.0,461896980.0,0.0
MHImain,HKFE,2019-07-15 16:00:00,28550.0,28583.0,28492.0,28549.0,8225.0,234789545.0,0.0
MHImain,HKFE,2019-07-15 20:00:00,28549.0,28570.0,28512.0,28540.0,4949.0,141239828.0,0.0
MHImain,HKFE,2019-07-16 00:00:00,28540.0,28579.0,28518.0,28579.0,2171.0,61962949.0,0.0
MHImain,HKFE,2019-07-16 08:00:00,28600.0,28648.0,28474.0,28602.0,36160.0,1032214345.0,0.0
MHImain,HKFE,2019-07-16 12:00:00,28602.0,28662.0,28566.0,28609.0,14827.0,424354861.0,0.0
MHImain,HKFE,2019-07-16 16:00:00,28608.0,28641.0,28580.0,28603.0,6660.0,190540670.0,0.0
MHImain,HKFE,2019-07-16 20:00:00,28602.0,28657.0,28572.0,28601.0,6173.0,176625046.0,0.0
MHImain,HKFE,2019-07-17 00:00:00,28601.0,28608.0,28506.0,28547.0,5303.0,151396664.0,0.0
MHImain,HKFE,2019-07-17 08:00:00,28486.0,28585.0,28359.0,28507.0,34643.0,986836281.0,0.0
MHImain,HKFE,2019-07-17 12:00:00,28505.0,28580.0,28491.0,28549.0,11588.0,330783082.0,0.0
MHImain,HKFE,2019-07-17 16:00:00,28549.0,28646.0,28542.0,28600.0,9843.0,281552703.0,0.0
MHImain,HKFE,2019-07-17 20:00:00,28599.0,28599.0,28436.0,28487.0,9409.0,268387448.0,0.0
MHImain,HKFE,2019-07-18 00:00:00,28484.0,28535.0,28470.0,28480.0,4253.0,121210792.0,0.0
MHImain,HKFE,2019-07-18 08:00:00,28320.0,28523.0,28308.0,28498.0,35533.0,1010493740.0,0.0
MHImain,HKFE,2019-07-18 12:00:00,28500.0,28514.0,28398.0,28407.0,14642.0,416510091.0,0.0
MHImain,HKFE,2019-07-18 16:00:00,28406.0,28510.0,28399.0,28505.0,8135.0,231408149.0,0.0
MHImain,HKFE,2019-07-18 20:00:00,28504.0,28505.0,28417.0,28432.0,6662.0,189586234.0,0.0
MHImain,HKFE,2019-07-19 00:00:00,28433.0,28542.0,28393.0,28512.0,5301.0,150804792.0,0.0
MHImain,HKFE,2019-07-19 08:00:00,28600.0,28836.0,28591.0,28831.0,34346.0,987103902.0,0.0
MHImain,HKFE,2019-07-19 12:00:00,28832.0,28841.0,28767.0,28778.0,10722.0,308770686.0,0.0
MHImain,HKFE,2019-07-19 16:00:00,28777.0,28826.0,28735.0,28742.0,19404.0,558320528.0,0.0
MHImain,HKFE,2019-07-19 20:00:00,28742.0,28778.0,28701.0,28726.0,6562.0,188574287.0,0.0
MHImain,HKFE,2019-07-20 00:00:00,28723.0,28753.0,28645.0,28650.0,5253.0,150787419.0,0.0
MHImain,HKFE,2019-07-22 08:00:00,28610.0,28693.0,28498.0,28583.0,40368.0,1154094002.0,0.0
MHImain,HKFE,2019-07-22 12:00:00,28582.0,28608.0,28400.0,28444.0,17190.0,490225894.0,0.0
MHImain,HKFE,2019-07-22 16:00:00,28444.0,28453.0,28281.0,28404.0,15632.0,443375541.0,0.0
MHImain,HKFE,2019-07-22 20:00:00,28406.0,28447.0,28366.0,28381.0,6859.0,194852326.0,0.0
MHImain,HKFE,2019-07-23 00:00:00,28381.0,28418.0,28363.0,28376.0,2985.0,84744241.0,0.0
MHImain,HKFE,2019-07-23 08:00:00,28415.0,28482.0,28289.0,28422.0,31176.0,885302767.0,0.0
MHImain,HKFE,2019-07-23 12:00:00,28423.0,28460.0,28391.0,28459.0,9678.0,275117708.0,0.0
MHImain,HKFE,2019-07-23 16:00:00,28457.0,28513.0,28446.0,28510.0,8316.0,236757790.0,0.0
MHImain,HKFE,2019-07-23 20:00:00,28509.0,28535.0,28459.0,28498.0,6437.0,183437966.0,0.0
MHImain,HKFE,2019-07-24 00:00:00,28498.0,28554.0,28441.0,28540.0,4251.0,121138597.0,0.0
MHImain,HKFE,2019-07-24 08:00:00,28586.0,28773.0,28541.0,28725.0,31062.0,891321720.0,0.0
MHImain,HKFE,2019-07-24 12:00:00,28725.0,28737.0,28612.0,28633.0,15146.0,434158086.0,0.0
MHImain,HKFE,2019-07-24 16:00:00,28633.0,28648.0,28490.0,28545.0,12482.0,356417441.0,0.0
MHImain,HKFE,2019-07-24 20:00:00,28546.0,28581.0,28504.0,28553.0,6139.0,175244064.0,0.0
MHImain,HKFE,2019-07-25 00:00:00,28549.0,28577.0,28532.0,28560.0,2427.0,69298574.0,0.0
MHImain,HKFE,2019-07-25 08:00:00,28587.0,28652.0,28520.0,28596.0,32069.0,916765145.0,0.0
MHImain,HKFE,2019-07-25 12:00:00,28597.0,28629.0,28581.0,28621.0,9994.0,285894822.0,0.0
MHImain,HKFE,2019-07-25 16:00:00,28619.0,28624.0,28569.0,28595.0,5924.0,169420125.0,0.0
MHImain,HKFE,2019-07-25 20:00:00,28592.0,28664.0,28357.0,28445.0,18726.0,533534380.0,0.0
MHImain,HKFE,2019-07-26 00:00:00,28447.0,28448.0,28362.0,28374.0,6138.0,174326961.0,0.0
MHImain,HKFE,2019-07-26 08:00:00,28400.0,28479.0,28311.0,28434.0,31759.0,902187984.0,0.0
MHImain,HKFE,2019-07-26 12:00:00,28435.0,28474.0,28422.0,28452.0,9845.0,280069203.0,0.0
MHImain,HKFE,2019-07-26 16:00:00,28454.0,28456.0,28363.0,28404.0,9513.0,270166847.0,0.0
MHImain,HKFE,2019-07-26 20:00:00,28404.0,28413.0,28327.0,28337.0,6863.0,194707874.0,0.0
MHImain,HKFE,2019-07-27 00:00:00,28336.0,28387.0,28336.0,28383.0,2521.0,71497338.0,0.0
MHImain,HKFE,2019-07-29 08:00:00,28268.0,28320.0,27991.0,28043.0,31628.0,890196861.0,0.0
MHImain,HKFE,2019-07-29 12:00:00,28042.0,28063.0,27936.0,27959.0,13170.0,368576410.0,0.0
MHImain,HKFE,2019-07-29 16:00:00,27959.0,28147.0,27951.0,28139.0,15187.0,426559297.0,0.0
MHImain,HKFE,2019-07-29 20:00:00,28139.0,28168.0,28064.0,28091.0,4354.0,122407454.0,0.0
MHImain,HKFE,2019-07-30 00:00:00,28093.0,28126.0,28088.0,28118.0,1288.0,36197876.0,0.0
MHImain,HKFE,2019-07-30 08:00:00,28122.0,28253.0,28091.0,28233.0,4881.0,137576182.0,0.0
MHImain,HKFE,2019-07-30 12:00:00,28235.0,28245.0,28195.0,28203.0,1373.0,38737033.0,0.0
MHImain,HKFE,2019-07-30 16:00:00,28205.0,28206.0,28033.0,28035.0,3332.0,93523012.0,0.0
MHImain,HKFE,2019-07-30 20:00:00,28037.0,28039.0,27814.0,27885.0,15287.0,426530039.0,0.0
MHImain,HKFE,2019-07-31 00:00:00,27887.0,27915.0,27828.0,27914.0,4284.0,119399086.0,0.0
MHImain,HKFE,2019-07-31 08:00:00,27924.0,27934.0,27630.0,27865.0,38565.0,1070890828.0,0.0
MHImain,HKFE,2019-07-31 12:00:00,27867.0,27913.0,27726.0,27757.0,15628.0,434618837.0,0.0
MHImain,HKFE,2019-07-31 16:00:00,27757.0,27757.0,27757.0,27757.0,0.0,0.0,0.0
MHImain,HKFE,2019-07-31 20:00:00,27757.0,27757.0,27757.0,27757.0,0.0,0.0,0.0
MHImain,HKFE,2019-08-01 00:00:00,27757.0,27757.0,27757.0,27757.0,0.0,0.0,0.0
MHImain,HKFE,2019-08-01 08:00:00,27520.0,27689.0,27401.0,27486.0,39681.0,1093749083.0,0.0
MHImain,HKFE,2019-08-01 12:00:00,27486.0,27553.0,27435.0,27464.0,17558.0,482707347.0,0.0
MHImain,HKFE,2019-08-01 16:00:00,27462.0,27558.0,27446.0,27479.0,12868.0,353914616.0,0.0
MHImain,HKFE,2019-08-01 20:00:00,27481.0,27623.0,27450.0,27590.0,11127.0,306358464.0,0.0
MHImain,HKFE,2019-08-02 00:00:00,27590.0,27659.0,26674.0,26807.0,27244.0,739522588.0,0.0
MHImain,HKFE,2019-08-02 08:00:00,26777.0,26959.0,26763.0,26836.0,32337.0,868944629.0,0.0
MHImain,HKFE,2019-08-02 12:00:00,26837.0,26918.0,26813.0,26860.0,14045.0,377351428.0,0.0
MHImain,HKFE,2019-08-02 16:00:00,26858.0,26877.0,26750.0,26831.0,16375.0,439315721.0,0.0
MHImain,HKFE,2019-08-02 20:00:00,26829.0,26880.0,26561.0,26632.0,34234.0,915207445.0,0.0
MHImain,HKFE,2019-08-03 00:00:00,26629.0,26666.0,26537.0,26596.0,8736.0,232494791.0,0.0
MHImain,HKFE,2019-08-05 08:00:00,26435.0,26571.0,26079.0,26084.0,53014.0,1392962787.0,0.0
MHImain,HKFE,2019-08-05 12:00:00,26083.0,26149.0,25999.0,26076.0,21274.0,554901150.0,0.0
MHImain,HKFE,2019-08-05 16:00:00,26075.0,26127.0,25957.0,26024.0,16018.0,417614973.0,0.0
MHImain,HKFE,2019-08-05 20:00:00,26021.0,26038.0,25546.0,25691.0,25373.0,655140388.0,0.0
MHImain,HKFE,2019-08-06 00:00:00,25693.0,25696.0,25432.0,25444.0,12485.0,319297300.0,0.0
MHImain,HKFE,2019-08-06 08:00:00,25243.0,25609.0,25230.0,25583.0,55864.0,1423561377.0,0.0
MHImain,HKFE,2019-08-06 12:00:00,25584.0,25981.0,25572.0,25837.0,41811.0,1079037356.0,0.0
MHImain,HKFE,2019-08-06 16:00:00,25838.0,26036.0,25809.0,25995.0,20661.0,536049279.0,0.0
MHImain,HKFE,2019-08-06 20:00:00,25993.0,26083.0,25769.0,25772.0,20890.0,541933976.0,0.0
MHImain,HKFE,2019-08-07 00:00:00,25772.0,25897.0,25724.0,25858.0,11061.0,285302068.0,0.0
MHImain,HKFE,2019-08-07 08:00:00,25897.0,25947.0,25633.0,25679.0,41276.0,1063988346.0,0.0
MHImain,HKFE,2019-08-07 12:00:00,25679.0,25923.0,25653.0,25883.0,22967.0,593115098.0,0.0
MHImain,HKFE,2019-08-07 16:00:00,25884.0,26001.0,25820.0,25972.0,12447.0,322535246.0,0.0
MHImain,HKFE,2019-08-07 20:00:00,25971.0,25984.0,25595.0,25840.0,32604.0,839962712.0,0.0
MHImain,HKFE,2019-08-08 00:00:00,25838.0,25958.0,25743.0,25958.0,10763.0,277969344.0,0.0
MHImain,HKFE,2019-08-08 08:00:00,25913.0,26246.0,25852.0,25996.0,44624.0,1163513580.0,0.0
MHImain,HKFE,2019-08-08 12:00:00,25995.0,26114.0,25983.0,26094.0,16371.0,426779905.0,0.0
MHImain,HKFE,2019-08-08 16:00:00,26091.0,26118.0,25951.0,25965.0,11502.0,299380096.0,0.0
MHImain,HKFE,2019-08-08 20:00:00,25965.0,26133.0,25959.0,26075.0,11776.0,306826202.0,0.0
MHImain,HKFE,2019-08-09 00:00:00,26074.0,26187.0,26069.0,26158.0,5828.0,152313920.0,0.0
MHImain,HKFE,2019-08-09 08:00:00,26100.0,26206.0,25930.0,25948.0,35185.0,917938158.0,0.0
MHImain,HKFE,2019-08-09 12:00:00,25948.0,26058.0,25871.0,25960.0,19722.0,512115198.0,0.0
MHImain,HKFE,2019-08-09 16:00:00,25961.0,25975.0,25770.0,25779.0,14427.0,373170109.0,0.0
MHImain,HKFE,2019-08-09 20:00:00,25780.0,25911.0,25644.0,25726.0,19771.0,509610223.0,0.0
MHImain,HKFE,2019-08-10 00:00:00,25723.0,25892.0,25650.0,25872.0,12891.0,332161919.0,0.0
MHImain,HKFE,2019-08-12 08:00:00,25728.0,26010.0,25725.0,25864.0,34389.0,890729063.0,0.0
MHImain,HKFE,2019-08-12 12:00:00,25861.0,25907.0,25806.0,25878.0,15103.0,390565585.0,0.0
MHImain,HKFE,2019-08-12 16:00:00,25879.0,25910.0,25279.0,25322.0,26242.0,671232192.0,0.0
MHImain,HKFE,2019-08-12 20:00:00,25322.0,25388.0,25213.0,25292.0,22155.0,560273739.0,0.0
MHImain,HKFE,2019-08-13 00:00:00,25288.0,25385.0,25213.0,25250.0,8342.0,211212651.0,0.0
MHImain,HKFE,2019-08-13 08:00:00,25359.0,25531.0,25268.0,25366.0,39237.0,996384176.0,0.0
MHImain,HKFE,2019-08-13 12:00:00,25365.0,25375.0,25194.0,25229.0,24599.0,621612889.0,0.0
MHImain,HKFE,2019-08-13 16:00:00,25228.0,25300.0,25059.0,25135.0,21353.0,537720964.0,0.0
MHImain,HKFE,2019-08-13 20:00:00,25135.0,25905.0,25052.0,25680.0,39470.0,1007603027.0,0.0
MHImain,HKFE,2019-08-14 00:00:00,25678.0,25681.0,25437.0,25621.0,14714.0,376390674.0,0.0
MHImain,HKFE,2019-08-14 08:00:00,25668.0,25668.0,25253.0,25311.0,41199.0,1047994837.0,0.0
MHImain,HKFE,2019-08-14 12:00:00,25311.0,25370.0,25215.0,25229.0,17899.0,452858040.0,0.0
MHImain,HKFE,2019-08-14 16:00:00,25225.0,25229.0,25030.0,25065.0,23424.0,588865045.0,0.0
MHImain,HKFE,2019-08-14 20:00:00,25066.0,25088.0,24835.0,24836.0,24685.0,615530338.0,0.0
MHImain,HKFE,2019-08-15 00:00:00,24836.0,24947.0,24791.0,24812.0,10098.0,251111766.0,0.0
MHImain,HKFE,2019-08-15 08:00:00,24808.0,25374.0,24807.0,25318.0,53628.0,1346779655.0,0.0
MHImain,HKFE,2019-08-15 12:00:00,25319.0,25400.0,25151.0,25382.0,28732.0,725863946.0,0.0
MHImain,HKFE,2019-08-15 16:00:00,25378.0,25475.0,25104.0,25235.0,31942.0,808212699.0,0.0
MHImain,HKFE,2019-08-15 20:00:00,25238.0,25485.0,25190.0,25224.0,34235.0,866446329.0,0.0
MHImain,HKFE,2019-08-16 00:00:00,25226.0,25393.0,25200.0,25283.0,6919.0,175038027.0,0.0
MHImain,HKFE,2019-08-16 08:00:00,25412.0,25607.0,25235.0,25558.0,43028.0,1094071167.0,0.0
MHImain,HKFE,2019-08-16 12:00:00,25560.0,25733.0,25549.0,25594.0,29100.0,746071995.0,0.0
MHImain,HKFE,2019-08-16 16:00:00,25591.0,25720.0,25571.0,25621.0,15563.0,399127114.0,0.0
MHImain,HKFE,2019-08-16 20:00:00,25621.0,25691.0,25535.0,25650.0,14093.0,360866131.0,0.0
MHImain,HKFE,2019-08-17 00:00:00,25650.0,25697.0,25621.0,25697.0,4268.0,109515155.0,0.0
MHImain,HKFE,2019-08-19 08:00:00,25900.0,26169.0,25839.0,26157.0,41615.0,1084172508.0,0.0
MHImain,HKFE,2019-08-19 12:00:00,26156.0,26267.0,26114.0,26240.0,20435.0,535246871.0,0.0
MHImain,HKFE,2019-08-19 16:00:00,26242.0,26357.0,26168.0,26306.0,16545.0,434083830.0,0.0
MHImain,HKFE,2019-08-19 20:00:00,26308.0,26380.0,26156.0,26188.0,15440.0,405503891.0,0.0
MHImain,HKFE,2019-08-20 00:00:00,26186.0,26205.0,26123.0,26170.0,5435.0,142166404.0,0.0
MHImain,HKFE,2019-08-20 08:00:00,26152.0,26276.0,26052.0,26194.0,38847.0,1016423184.0,0.0
MHImain,HKFE,2019-08-20 12:00:00,26195.0,26285.0,26168.0,26184.0,18687.0,490084176.0,0.0
MHImain,HKFE,2019-08-20 16:00:00,26181.0,26232.0,26111.0,26165.0,14231.0,372485881.0,0.0
MHImain,HKFE,2019-08-20 20:00:00,26166.0,26220.0,26034.0,26163.0,15549.0,406329010.0,0.0
MHImain,HKFE,2019-08-21 00:00:00,26166.0,26175.0,26040.0,26070.0,6024.0,157237080.0,0.0
MHImain,HKFE,2019-08-21 08:00:00,26055.0,26214.0,26014.0,26153.0,37121.0,969729388.0,0.0
MHImain,HKFE,2019-08-21 12:00:00,26152.0,26224.0,26146.0,26175.0,13268.0,347326873.0,0.0
MHImain,HKFE,2019-08-21 16:00:00,26176.0,26292.0,26171.0,26272.0,13569.0,356039499.0,0.0
MHImain,HKFE,2019-08-21 20:00:00,26270.0,26305.0,26206.0,26244.0,10249.0,269130728.0,0.0
MHImain,HKFE,2019-08-22 00:00:00,26248.0,26297.0,26204.0,26217.0,4375.0,114827590.0,0.0
MHImain,HKFE,2019-08-22 08:00:00,26268.0,26283.0,25922.0,25935.0,44019.0,1147799190.0,0.0
MHImain,HKFE,2019-08-22 12:00:00,25934.0,26004.0,25903.0,25954.0,19191.0,498044278.0,0.0
MHImain,HKFE,2019-08-22 16:00:00,25954.0,26000.0,25831.0,25867.0,15589.0,404326516.0,0.0
MHImain,HKFE,2019-08-22 20:00:00,25867.0,25997.0,25815.0,25887.0,15253.0,395293044.0,0.0
MHImain,HKFE,2019-08-23 00:00:00,25890.0,25972.0,25865.0,25969.0,4584.0,118799273.0,0.0
MHImain,HKFE,2019-08-23 08:00:00,25949.0,26155.0,25872.0,26139.0,37385.0,973160617.0,0.0
MHImain,HKFE,2019-08-23 12:00:00,26139.0,26152.0,26083.0,26124.0,12668.0,330803697.0,0.0
MHImain,HKFE,2019-08-23 16:00:00,26122.0,26187.0,26025.0,26061.0,11470.0,299601054.0,0.0
MHImain,HKFE,2019-08-23 20:00:00,26063.0,26097.0,25602.0,25666.0,36571.0,945363997.0,0.0
MHImain,HKFE,2019-08-24 00:00:00,25663.0,25682.0,25445.0,25480.0,19865.0,507561319.0,0.0
MHImain,HKFE,2019-08-26 08:00:00,25352.0,25454.0,25155.0,25403.0,44416.0,1123223955.0,0.0
MHImain,HKFE,2019-08-26 12:00:00,25404.0,25555.0,25276.0,25515.0,21444.0,544100385.0,0.0
MHImain,HKFE,2019-08-26 16:00:00,25517.0,25877.0,25455.0,25752.0,34075.0,873853505.0,0.0
MHImain,HKFE,2019-08-26 20:00:00,25750.0,25789.0,25574.0,25680.0,16184.0,415705695.0,0.0
MHImain,HKFE,2019-08-27 00:00:00,25686.0,25733.0,25629.0,25678.0,4385.0,112584690.0,0.0
MHImain,HKFE,2019-08-27 08:00:00,25691.0,25765.0,25557.0,25718.0,35351.0,907084345.0,0.0
MHImain,HKFE,2019-08-27 12:00:00,25717.0,25731.0,25541.0,25587.0,18167.0,465302205.0,0.0
MHImain,HKFE,2019-08-27 16:00:00,25586.0,25758.0,25532.0,25745.0,13639.0,349463880.0,0.0
MHImain,HKFE,2019-08-27 20:00:00,25745.0,25863.0,25720.0,25749.0,13202.0,340539575.0,0.0
MHImain,HKFE,2019-08-28 00:00:00,25749.0,25770.0,25682.0,25749.0,6436.0,165582719.0,0.0
MHImain,HKFE,2019-08-28 08:00:00,25760.0,25854.0,25563.0,25601.0,31338.0,804675903.0,0.0
MHImain,HKFE,2019-08-28 12:00:00,25600.0,25674.0,25597.0,25624.0,9984.0,255921491.0,0.0
MHImain,HKFE,2019-08-28 16:00:00,25622.0,25660.0,25557.0,25608.0,10218.0,261621854.0,0.0
MHImain,HKFE,2019-08-28 20:00:00,25610.0,25639.0,25510.0,25610.0,9066.0,231895045.0,0.0
MHImain,HKFE,2019-08-29 00:00:00,25611.0,25682.0,25607.0,25664.0,2545.0,65287941.0,0.0
MHImain,HKFE,2019-08-29 08:00:00,25609.0,25635.0,25380.0,25504.0,7726.0,196892967.0,0.0
MHImain,HKFE,2019-08-29 12:00:00,25508.0,25578.0,25484.0,25518.0,2299.0,58691450.0,0.0
MHImain,HKFE,2019-08-29 16:00:00,25517.0,25838.0,25511.0,25794.0,7208.0,185651197.0,0.0
MHImain,HKFE,2019-08-29 20:00:00,25797.0,25830.0,25701.0,25786.0,12781.0,329496642.0,0.0
MHImain,HKFE,2019-08-30 00:00:00,25785.0,25865.0,25782.0,25820.0,5027.0,129785974.0,0.0
MHImain,HKFE,2019-08-30 08:00:00,25880.0,25935.0,25708.0,25719.0,38380.0,990949256.0,0.0
MHImain,HKFE,2019-08-30 12:00:00,25722.0,25806.0,25412.0,25504.0,31437.0,805527871.0,0.0
MHImain,HKFE,2019-08-30 16:00:00,25504.0,25709.0,25483.0,25679.0,17396.0,445396097.0,0.0
MHImain,HKFE,2019-08-30 20:00:00,25681.0,25687.0,25497.0,25516.0,12160.0,311380051.0,0.0
MHImain,HKFE,2019-08-31 00:00:00,25514.0,25543.0,25480.0,25518.0,6269.0,159950683.0,0.0
MHImain,HKFE,2019-09-02 08:00:00,25420.0,25581.0,25389.0,25470.0,36681.0,935084035.0,0.0
MHImain,HKFE,2019-09-02 12:00:00,25468.0,25544.0,25415.0,25421.0,17448.0,444627171.0,0.0
MHImain,HKFE,2019-09-02 16:00:00,25423.0,25570.0,25422.0,25534.0,12019.0,306552090.0,0.0
MHImain,HKFE,2019-09-02 20:00:00,25537.0,25541.0,25439.0,25462.0,6613.0,168512491.0,0.0
MHImain,HKFE,2019-09-03 00:00:00,25462.0,25475.0,25337.0,25340.0,5918.0,150293581.0,0.0
MHImain,HKFE,2019-09-03 08:00:00,25340.0,25662.0,25340.0,25464.0,39214.0,1001180865.0,0.0
MHImain,HKFE,2019-09-03 12:00:00,25465.0,25522.0,25423.0,25457.0,19347.0,492785719.0,0.0
MHImain,HKFE,2019-09-03 16:00:00,25457.0,25484.0,25390.0,25444.0,14676.0,373250002.0,0.0
MHImain,HKFE,2019-09-03 20:00:00,25445.0,25542.0,25409.0,25491.0,15823.0,402974875.0,0.0
MHImain,HKFE,2019-09-04 00:00:00,25490.0,25564.0,25472.0,25477.0,5395.0,137660416.0,0.0
MHImain,HKFE,2019-09-04 08:00:00,25548.0,25887.0,25524.0,25800.0,37421.0,964605384.0,0.0
MHImain,HKFE,2019-09-04 12:00:00,25801.0,26510.0,25711.0,26387.0,47302.0,1235070545.0,0.0
MHImain,HKFE,2019-09-04 16:00:00,26386.0,26633.0,26222.0,26272.0,37857.0,1000334268.0,0.0
MHImain,HKFE,2019-09-04 20:00:00,26273.0,26383.0,26259.0,26294.0,13798.0,363247844.0,0.0
MHImain,HKFE,2019-09-05 00:00:00,26293.0,26389.0,26292.0,26389.0,4739.0,124894715.0,0.0
MHImain,HKFE,2019-09-05 08:00:00,26435.0,26620.0,26388.0,26566.0,8194.0,217067222.0,0.0
MHImain,HKFE,2019-09-05 12:00:00,26572.0,26622.0,26472.0,26472.0,460.0,12220885.0,0.0
MHImain,HKFE,2019-09-05 16:00:00,26472.0,26472.0,26472.0,26472.0,0.0,0.0,0.0
MHImain,HKFE,2019-09-05 20:00:00,26472.0,26472.0,26472.0,26472.0,0.0,0.0,0.0
MHImain,HKFE,2019-09-06 00:00:00,26472.0,26472.0,26472.0,26472.0,0.0,0.0,0.0
MHImain,HKFE,2019-09-06 08:00:00,26700.0,26775.0,26559.0,26609.0,42534.0,1133973365.0,0.0
MHImain,HKFE,2019-09-06 12:00:00,26611.0,26646.0,26488.0,26599.0,20795.0,552231879.0,0.0
MHImain,HKFE,2019-09-06 16:00:00,26598.0,26688.0,26507.0,26517.0,16049.0,426774376.0,0.0
MHImain,HKFE,2019-09-06 20:00:00,26518.0,26648.0,26517.0,26633.0,10546.0,280548246.0,0.0
MHImain,HKFE,2019-09-07 00:00:00,26633.0,26668.0,26608.0,26666.0,4433.0,118111427.0,0.0
MHImain,HKFE,2019-09-09 08:00:00,26685.0,26795.0,26585.0,26642.0,34156.0,911433832.0,0.0
MHImain,HKFE,2019-09-09 12:00:00,26642.0,26712.0,26623.0,26663.0,12541.0,334397718.0,0.0
MHImain,HKFE,2019-09-09 16:00:00,26663.0,26691.0,26605.0,26656.0,8403.0,223951740.0,0.0
MHImain,HKFE,2019-09-09 20:00:00,26657.0,26737.0,26647.0,26728.0,5106.0,136247217.0,0.0
MHImain,HKFE,2019-09-10 00:00:00,26727.0,26748.0,26638.0,26715.0,4304.0,114931958.0,0.0
MHImain,HKFE,2019-09-10 08:00:00,26763.0,26888.0,26600.0,26641.0,37023.0,988881986.0,0.0
MHImain,HKFE,2019-09-10 12:00:00,26641.0,26698.0,26620.0,26684.0,11286.0,300924223.0,0.0
MHImain,HKFE,2019-09-10 16:00:00,26683.0,26764.0,26616.0,26753.0,12778.0,340876381.0,0.0
MHImain,HKFE,2019-09-10 20:00:00,26753.0,26774.0,26720.0,26763.0,6330.0,169322737.0,0.0
MHImain,HKFE,2019-09-11 00:00:00,26765.0,26861.0,26742.0,26776.0,5802.0,155536125.0,0.0
MHImain,HKFE,2019-09-11 08:00:00,26798.0,26930.0,26675.0,26923.0,32138.0,859765083.0,0.0
MHImain,HKFE,2019-09-11 12:00:00,26923.0,27158.0,26923.0,27067.0,40372.0,1092775788.0,0.0
MHImain,HKFE,2019-09-11 16:00:00,27068.0,27114.0,27040.0,27077.0,11646.0,315384036.0,0.0
MHImain,HKFE,2019-09-11 20:00:00,27079.0,27170.0,27068.0,27142.0,7701.0,208803073.0,0.0
MHImain,HKFE,2019-09-12 00:00:00,27143.0,27168.0,27090.0,27090.0,3096.0,84023782.0,0.0
MHImain,HKFE,2019-09-12 08:00:00,27300.0,27343.0,26943.0,27086.0,38642.0,1046919238.0,0.0
MHImain,HKFE,2019-09-12 12:00:00,27086.0,27133.0,27035.0,27132.0,18108.0,490488505.0,0.0
MHImain,HKFE,2019-09-12 16:00:00,27133.0,27165.0,26985.0,27021.0,12282.0,332648308.0,0.0
MHImain,HKFE,2019-09-12 20:00:00,27021.0,27243.0,26980.0,27122.0,21829.0,591874995.0,0.0
MHImain,HKFE,2019-09-13 00:00:00,27121.0,27181.0,27110.0,27165.0,3803.0,103211629.0,0.0
MHImain,HKFE,2019-09-13 08:00:00,27160.0,27224.0,27086.0,27144.0,19441.0,527761062.0,0.0
MHImain,HKFE,2019-09-13 12:00:00,27144.0,27286.0,27137.0,27265.0,11955.0,325543178.0,0.0
MHImain,HKFE,2019-09-13 16:00:00,27267.0,27387.0,27258.0,27358.0,12884.0,352137347.0,0.0
MHImain,HKFE,2019-09-13 20:00:00,27360.0,27394.0,27307.0,27380.0,6269.0,171442079.0,0.0
MHImain,HKFE,2019-09-14 00:00:00,27379.0,27379.0,27318.0,27355.0,2929.0,80087795.0,0.0
MHImain,HKFE,2019-09-16 08:00:00,27190.0,27210.0,26959.0,27080.0,35563.0,963051748.0,0.0
MHImain,HKFE,2019-09-16 12:00:00,27078.0,27103.0,27008.0,27063.0,12996.0,351671574.0,0.0
MHImain,HKFE,2019-09-16 16:00:00,27063.0,27119.0,27039.0,27061.0,9249.0,250421171.0,0.0
MHImain,HKFE,2019-09-16 20:00:00,27062.0,27089.0,27035.0,27070.0,5255.0,142208624.0,0.0
MHImain,HKFE,2019-09-17 00:00:00,27070.0,27093.0,26974.0,27003.0,4601.0,124328626.0,0.0
MHImain,HKFE,2019-09-17 08:00:00,27019.0,27040.0,26836.0,26920.0,29256.0,787039917.0,0.0
MHImain,HKFE,2019-09-17 12:00:00,26921.0,26923.0,26676.0,26738.0,19968.0,534613803.0,0.0
MHImain,HKFE,2019-09-17 16:00:00,26735.0,26804.0,26691.0,26738.0,10557.0,282364168.0,0.0
MHImain,HKFE,2019-09-17 20:00:00,26738.0,26808.0,26704.0,26805.0,7274.0,194587526.0,0.0
MHImain,HKFE,2019-09-18 00:00:00,26804.0,26865.0,26802.0,26854.0,4137.0,110999090.0,0.0
MHImain,HKFE,2019-09-18 08:00:00,26824.0,26911.0,26768.0,26800.0,29318.0,786790529.0,0.0
MHImain,HKFE,2019-09-18 12:00:00,26799.0,26814.0,26748.0,26788.0,12452.0,333558693.0,0.0
MHImain,HKFE,2019-09-18 16:00:00,26787.0,26825.0,26708.0,26732.0,8228.0,220247784.0,0.0
MHImain,HKFE,2019-09-18 20:00:00,26731.0,26785.0,26727.0,26738.0,4584.0,122661445.0,0.0
MHImain,HKFE,2019-09-19 00:00:00,26739.0,26770.0,26565.0,26601.0,6767.0,180517916.0,0.0
MHImain,HKFE,2019-09-19 08:00:00,26760.0,26831.0,26421.0,26431.0,40999.0,1090586559.0,0.0
MHImain,HKFE,2019-09-19 12:00:00,26430.0,26509.0,26345.0,26402.0,22241.0,587764205.0,0.0
MHImain,HKFE,2019-09-19 16:00:00,26401.0,26532.0,26346.0,26512.0,13338.0,352793658.0,0.0
MHImain,HKFE,2019-09-19 20:00:00,26511.0,26619.0,26511.0,26601.0,7477.0,198639128.0,0.0
MHImain,HKFE,2019-09-20 00:00:00,26600.0,26611.0,26520.0,26529.0,3498.0,92952099.0,0.0
MHImain,HKFE,2019-09-20 08:00:00,26528.0,26598.0,26466.0,26493.0,32519.0,863073969.0,0.0
MHImain,HKFE,2019-09-20 12:00:00,26493.0,26536.0,26457.0,26496.0,15628.0,414094571.0,0.0
MHImain,HKFE,2019-09-20 16:00:00,26495.0,26513.0,26406.0,26437.0,11418.0,301928428.0,0.0
MHImain,HKFE,2019-09-20 20:00:00,26437.0,26445.0,26379.0,26428.0,6239.0,164799267.0,0.0
MHImain,HKFE,2019-09-21 00:00:00,26430.0,26433.0,26216.0,26314.0,8276.0,217787145.0,0.0
MHImain,HKFE,2019-09-23 08:00:00,26393.0,26526.0,26193.0,26243.0,38220.0,1007557705.0,0.0
MHImain,HKFE,2019-09-23 12:00:00,26243.0,26283.0,26184.0,26259.0,13398.0,351485836.0,0.0
MHImain,HKFE,2019-09-23 16:00:00,26259.0,26348.0,26120.0,26185.0,16455.0,431567792.0,0.0
MHImain,HKFE,2019-09-23 20:00:00,26184.0,26257.0,26161.0,26243.0,8439.0,221192562.0,0.0
MHImain,HKFE,2019-09-24 00:00:00,26245.0,26283.0,26237.0,26270.0,3374.0,88596165.0,0.0
MHImain,HKFE,2019-09-24 08:00:00,26317.0,26430.0,26225.0,26346.0,36366.0,957636923.0,0.0
MHImain,HKFE,2019-09-24 12:00:00,26344.0,26376.0,26265.0,26329.0,15393.0,405087880.0,0.0
MHImain,HKFE,2019-09-24 16:00:00,26327.0,26347.0,26257.0,26307.0,8880.0,233595679.0,0.0
MHImain,HKFE,2019-09-24 20:00:00,26307.0,26316.0,26162.0,26186.0,7955.0,208742616.0,0.0
MHImain,HKFE,2019-09-25 00:00:00,26186.0,26190.0,26067.0,26139.0,9263.0,242025699.0,0.0
MHImain,HKFE,2019-09-25 08:00:00,26131.0,26240.0,25926.0,26110.0,44634.0,1163399806.0,0.0
MHImain,HKFE,2019-09-25 12:00:00,26109.0,26129.0,25912.0,25937.0,19112.0,496952703.0,0.0
MHImain,HKFE,2019-09-25 16:00:00,25935.0,25978.0,25860.0,25908.0,10202.0,264513424.0,0.0
MHImain,HKFE,2019-09-25 20:00:00,25909.0,26009.0,25857.0,25975.0,9477.0,245724421.0,0.0
MHImain,HKFE,2019-09-26 00:00:00,25979.0,26054.0,25961.0,26035.0,3514.0,91344143.0,0.0
MHImain,HKFE,2019-09-26 08:00:00,26025.0,26107.0,25961.0,26032.0,27950.0,727467556.0,0.0
MHImain,HKFE,2019-09-26 12:00:00,26032.0,26055.0,25927.0,25939.0,12690.0,329680794.0,0.0
MHImain,HKFE,2019-09-26 16:00:00,25940.0,26073.0,25935.0,26012.0,8086.0,210295356.0,0.0
MHImain,HKFE,2019-09-26 20:00:00,26013.0,26038.0,25906.0,25939.0,5393.0,140092504.0,0.0
MHImain,HKFE,2019-09-27 00:00:00,25937.0,25971.0,25904.0,25950.0,2525.0,65490825.0,0.0
MHImain,HKFE,2019-09-27 08:00:00,25958.0,25997.0,25815.0,25955.0,6892.0,178535223.0,0.0
MHImain,HKFE,2019-09-27 12:00:00,25955.0,25970.0,25936.0,25948.0,1531.0,39732437.0,0.0
MHImain,HKFE,2019-09-27 16:00:00,25947.0,26007.0,25940.0,25994.0,2258.0,58646867.0,0.0
MHImain,HKFE,2019-09-27 20:00:00,25994.0,26026.0,25943.0,26026.0,5798.0,150644915.0,0.0
MHImain,HKFE,2019-09-28 00:00:00,26026.0,26039.0,25653.0,25667.0,19128.0,493758520.0,0.0
MHImain,HKFE,2019-09-30 08:00:00,25817.0,26021.0,25766.0,25992.0,34188.0,885495918.0,0.0
MHImain,HKFE,2019-09-30 12:00:00,25993.0,26158.0,25974.0,26091.0,18719.0,488232875.0,0.0
MHImain,HKFE,2019-09-30 16:00:00,26087.0,26114.0,26001.0,26019.0,12970.0,337904964.0,0.0
MHImain,HKFE,2019-09-30 20:00:00,26017.0,26074.0,25958.0,26015.0,6880.0,178995408.0,0.0
MHImain,HKFE,2019-10-01 00:00:00,26014.0,26057.0,25992.0,25998.0,3335.0,86785861.0,0.0
MHImain,HKFE,2019-10-02 08:00:00,25846.0,25926.0,25752.0,25909.0,27238.0,704143134.0,0.0
MHImain,HKFE,2019-10-02 12:00:00,25906.0,26088.0,25898.0,26044.0,19265.0,500907208.0,0.0
MHImain,HKFE,2019-10-02 16:00:00,26042.0,26058.0,25818.0,25839.0,13415.0,348065411.0,0.0
MHImain,HKFE,2019-10-02 20:00:00,25840.0,25877.0,25719.0,25758.0,12087.0,311788758.0,0.0
MHImain,HKFE,2019-10-03 00:00:00,25759.0,25792.0,25692.0,25757.0,7052.0,181555348.0,0.0
MHImain,HKFE,2019-10-03 08:00:00,25688.0,25946.0,25675.0,25933.0,28439.0,735175125.0,0.0
MHImain,HKFE,2019-10-03 12:00:00,25933.0,26219.0,25875.0,26194.0,22229.0,577694574.0,0.0
MHImain,HKFE,2019-10-03 16:00:00,26195.0,26195.0,26057.0,26130.0,18076.0,472090827.0,0.0
MHImain,HKFE,2019-10-03 20:00:00,26131.0,26138.0,25958.0,26112.0,15427.0,402010361.0,0.0
MHImain,HKFE,2019-10-04 00:00:00,26110.0,26145.0,26072.0,26145.0,4655.0,121529258.0,0.0
MHImain,HKFE,2019-10-04 08:00:00,26119.0,26175.0,25898.0,25928.0,31596.0,823383893.0,0.0
MHImain,HKFE,2019-10-04 12:00:00,25929.0,26032.0,25566.0,25709.0,33924.0,875416169.0,0.0
MHImain,HKFE,2019-10-04 16:00:00,25706.0,25893.0,25624.0,25660.0,25185.0,649156483.0,0.0
MHImain,HKFE,2019-10-04 20:00:00,25660.0,25808.0,25633.0,25730.0,15346.0,394789395.0,0.0
MHImain,HKFE,2019-10-05 00:00:00,25731.0,25849.0,25695.0,25846.0,5026.0,129401314.0,0.0
MHImain,HKFE,2019-10-08 08:00:00,25887.0,26202.0,25692.0,26153.0,43704.0,1134635578.0,0.0
MHImain,HKFE,2019-10-08 12:00:00,26153.0,26172.0,25896.0,25952.0,25409.0,660914060.0,0.0
MHImain,HKFE,2019-10-08 16:00:00,25953.0,25970.0,25683.0,25740.0,18265.0,472081014.0,0.0
MHImain,HKFE,2019-10-08 20:00:00,25741.0,25767.0,25644.0,25692.0,12448.0,320008103.0,0.0
MHImain,HKFE,2019-10-09 00:00:00,25694.0,25752.0,25621.0,25717.0,7161.0,183955652.0,0.0
MHImain,HKFE,2019-10-09 08:00:00,25710.0,25869.0,25651.0,25776.0,34048.0,877510220.0,0.0
MHImain,HKFE,2019-10-09 12:00:00,25778.0,25790.0,25644.0,25698.0,21142.0,543634472.0,0.0
MHImain,HKFE,2019-10-09 16:00:00,25694.0,25843.0,25635.0,25782.0,19959.0,513668531.0,0.0
MHImain,HKFE,2019-10-09 20:00:00,25782.0,25814.0,25717.0,25748.0,6253.0,161086172.0,0.0
MHImain,HKFE,2019-10-10 00:00:00,25746.0,25816.0,25741.0,25798.0,3051.0,78639656.0,0.0
MHImain,HKFE,2019-10-10 08:00:00,25586.0,25830.0,25508.0,25714.0,46094.0,1184025093.0,0.0
MHImain,HKFE,2019-10-10 12:00:00,25713.0,25833.0,25707.0,25776.0,16963.0,437424733.0,0.0
MHImain,HKFE,2019-10-10 16:00:00,25772.0,25817.0,25691.0,25770.0,13805.0,355526417.0,0.0
MHImain,HKFE,2019-10-10 20:00:00,25770.0,25987.0,25751.0,25972.0,11737.0,303756475.0,0.0
MHImain,HKFE,2019-10-11 00:00:00,25973.0,25987.0,25831.0,25918.0,5681.0,147281516.0,0.0
MHImain,HKFE,2019-10-11 08:00:00,25969.0,26198.0,25929.0,26189.0,33847.0,882877184.0,0.0
MHImain,HKFE,2019-10-11 12:00:00,26192.0,26445.0,26192.0,26355.0,30802.0,811074839.0,0.0
MHImain,HKFE,2019-10-11 16:00:00,26355.0,26479.0,26303.0,26450.0,14637.0,386064522.0,0.0
MHImain,HKFE,2019-10-11 20:00:00,26452.0,26622.0,26452.0,26595.0,11321.0,300528214.0,0.0
MHImain,HKFE,2019-10-12 00:00:00,26593.0,26676.0,26451.0,26617.0,12451.0,330853258.0,0.0
MHImain,HKFE,2019-10-14 08:00:00,26540.0,26663.0,26374.0,26614.0,39968.0,1060508280.0,0.0
MHImain,HKFE,2019-10-14 12:00:00,26616.0,26623.0,26512.0,26552.0,14912.0,396121070.0,0.0
MHImain,HKFE,2019-10-14 16:00:00,26552.0,26565.0,26380.0,26458.0,13632.0,360984041.0,0.0
MHImain,HKFE,2019-10-14 20:00:00,26455.0,26544.0,26446.0,26509.0,6546.0,173428676.0,0.0
MHImain,HKFE,2019-10-15 00:00:00,26507.0,26513.0,26461.0,26483.0,2821.0,74721469.0,0.0
MHImain,HKFE,2019-10-15 08:00:00,26549.0,26635.0,26476.0,26509.0,32487.0,862154401.0,0.0
MHImain,HKFE,2019-10-15 12:00:00,26511.0,26540.0,26433.0,26510.0,17609.0,466495317.0,0.0
MHImain,HKFE,2019-10-15 16:00:00,26511.0,26537.0,26462.0,26475.0,9382.0,248665063.0,0.0
MHImain,HKFE,2019-10-15 20:00:00,26475.0,26719.0,26467.0,26632.0,10302.0,273772567.0,0.0
MHImain,HKFE,2019-10-16 00:00:00,26630.0,26655.0,26601.0,26649.0,4254.0,113268809.0,0.0
MHImain,HKFE,2019-10-16 08:00:00,26570.0,26739.0,26382.0,26652.0,44646.0,1186926327.0,0.0
MHImain,HKFE,2019-10-16 12:00:00,26652.0,26687.0,26455.0,26645.0,26954.0,716122971.0,0.0
MHImain,HKFE,2019-10-16 16:00:00,26648.0,26716.0,26597.0,26658.0,12281.0,327323104.0,0.0
MHImain,HKFE,2019-10-16 20:00:00,26659.0,26759.0,26648.0,26740.0,7963.0,212586222.0,0.0
MHImain,HKFE,2019-10-17 00:00:00,26741.0,26763.0,26680.0,26741.0,3400.0,90882458.0,0.0
MHImain,HKFE,2019-10-17 08:00:00,26751.0,26987.0,26708.0,26891.0,37237.0,1000623610.0,0.0
MHImain,HKFE,2019-10-17 12:00:00,26889.0,26908.0,26768.0,26817.0,17882.0,479916231.0,0.0
MHImain,HKFE,2019-10-17 16:00:00,26817.0,27016.0,26781.0,26914.0,16100.0,433115170.0,0.0
MHImain,HKFE,2019-10-17 20:00:00,26914.0,26953.0,26865.0,26909.0,8540.0,229847211.0,0.0
MHImain,HKFE,2019-10-18 00:00:00,26913.0,26916.0,26853.0,26916.0,3191.0,85784169.0,0.0
MHImain,HKFE,2019-10-18 08:00:00,26869.0,27015.0,26754.0,26829.0,41717.0,1121864549.0,0.0
MHImain,HKFE,2019-10-18 12:00:00,26828.0,26852.0,26682.0,26709.0,20764.0,555597774.0,0.0
MHImain,HKFE,2019-10-18 16:00:00,26708.0,26754.0,26657.0,26745.0,12105.0,323292879.0,0.0
MHImain,HKFE,2019-10-18 20:00:00,26747.0,26754.0,26689.0,26721.0,5104.0,136397114.0,0.0
MHImain,HKFE,2019-10-19 00:00:00,26722.0,26729.0,26604.0,26687.0,5257.0,140201964.0,0.0
MHImain,HKFE,2019-10-21 08:00:00,26708.0,26843.0,26647.0,26780.0,34961.0,935344763.0,0.0
MHImain,HKFE,2019-10-21 12:00:00,26780.0,26823.0,26700.0,26738.0,14967.0,400517433.0,0.0
MHImain,HKFE,2019-10-21 16:00:00,26736.0,26775.0,26651.0,26691.0,9523.0,254448330.0,0.0
MHImain,HKFE,2019-10-21 20:00:00,26690.0,26768.0,26685.0,26741.0,5339.0,142735341.0,0.0
MHImain,HKFE,2019-10-22 00:00:00,26738.0,26763.0,26685.0,26745.0,2963.0,79187376.0,0.0
MHImain,HKFE,2019-10-22 08:00:00,26787.0,26896.0,26713.0,26795.0,38447.0,1030143236.0,0.0
MHImain,HKFE,2019-10-22 12:00:00,26793.0,26830.0,26771.0,26823.0,11790.0,315978154.0,0.0
MHImain,HKFE,2019-10-22 16:00:00,26821.0,26838.0,26762.0,26807.0,8282.0,221913216.0,0.0
MHImain,HKFE,2019-10-22 20:00:00,26803.0,26851.0,26798.0,26838.0,4074.0,109319920.0,0.0
MHImain,HKFE,2019-10-23 00:00:00,26840.0,26871.0,26806.0,26825.0,2870.0,77045734.0,0.0
MHImain,HKFE,2019-10-23 08:00:00,26788.0,26821.0,26459.0,26485.0,46455.0,1237973974.0,0.0
MHImain,HKFE,2019-10-23 12:00:00,26485.0,26573.0,26456.0,26541.0,17022.0,451498532.0,0.0
MHImain,HKFE,2019-10-23 16:00:00,26541.0,26580.0,26496.0,26512.0,10998.0,291824928.0,0.0
MHImain,HKFE,2019-10-23 20:00:00,26514.0,26603.0,26481.0,26593.0,7182.0,190723551.0,0.0
MHImain,HKFE,2019-10-24 00:00:00,26598.0,26628.0,26582.0,26628.0,3514.0,93481369.0,0.0
MHImain,HKFE,2019-10-24 08:00:00,26620.0,26730.0,26556.0,26655.0,37303.0,994192303.0,0.0
MHImain,HKFE,2019-10-24 12:00:00,26655.0,26750.0,26641.0,26745.0,14804.0,395404434.0,0.0
MHImain,HKFE,2019-10-24 16:00:00,26746.0,26836.0,26742.0,26812.0,14583.0,390671414.0,0.0
MHImain,HKFE,2019-10-24 20:00:00,26812.0,26818.0,26736.0,26786.0,5602.0,149996539.0,0.0
MHImain,HKFE,2019-10-25 00:00:00,26786.0,26808.0,26708.0,26748.0,4843.0,129611943.0,0.0
MHImain,HKFE,2019-10-25 08:00:00,26790.0,26798.0,26594.0,26707.0,34613.0,923805141.0,0.0
MHImain,HKFE,2019-10-25 12:00:00,26707.0,26775.0,26656.0,26721.0,14755.0,394185048.0,0.0
MHImain,HKFE,2019-10-25 16:00:00,26720.0,26741.0,26682.0,26713.0,7967.0,212769573.0,0.0
MHImain,HKFE,2019-10-25 20:00:00,26712.0,26763.0,26671.0,26757.0,4588.0,122574648.0,0.0
MHImain,HKFE,2019-10-26 00:00:00,26757.0,26816.0,26756.0,26799.0,4766.0,127675600.0,0.0
MHImain,HKFE,2019-10-28 08:00:00,26785.0,27041.0,26762.0,27017.0,38549.0,1036620327.0,0.0
MHImain,HKFE,2019-10-28 12:00:00,27018.0,27031.0,26906.0,26919.0,15433.0,416058199.0,0.0
MHImain,HKFE,2019-10-28 16:00:00,26919.0,26965.0,26881.0,26959.0,7749.0,208531643.0,0.0
MHImain,HKFE,2019-10-28 20:00:00,26960.0,27030.0,26944.0,26996.0,4581.0,123664062.0,0.0
MHImain,HKFE,2019-10-29 00:00:00,26995.0,27075.0,26990.0,27075.0,3209.0,86737015.0,0.0
MHImain,HKFE,2019-10-29 08:00:00,27047.0,27078.0,26831.0,26849.0,29321.0,789646943.0,0.0
MHImain,HKFE,2019-10-29 12:00:00,26848.0,26863.0,26733.0,26784.0,13842.0,370820248.0,0.0
MHImain,HKFE,2019-10-29 16:00:00,26780.0,26816.0,26681.0,26708.0,7119.0,190517957.0,0.0
MHImain,HKFE,2019-10-29 20:00:00,26706.0,26795.0,26697.0,26778.0,2911.0,77884345.0,0.0
MHImain,HKFE,2019-10-30 00:00:00,26777.0,26805.0,26733.0,26754.0,1688.0,45196130.0,0.0
MHImain,HKFE,2019-10-30 08:00:00,26744.0,26789.0,26615.0,26706.0,5923.0,158097755.0,0.0
MHImain,HKFE,2019-10-30 12:00:00,26708.0,26710.0,26667.0,26675.0,1485.0,39628972.0,0.0
MHImain,HKFE,2019-10-30 16:00:00,26676.0,26677.0,26618.0,26662.0,2039.0,54344518.0,0.0
MHImain,HKFE,2019-10-30 20:00:00,26664.0,26670.0,26566.0,26644.0,6606.0,175895972.0,0.0
MHImain,HKFE,2019-10-31 00:00:00,26642.0,26696.0,26564.0,26680.0,4521.0,120449751.0,0.0
MHImain,HKFE,2019-10-31 08:00:00,26719.0,27042.0,26695.0,27025.0,38033.0,1022956455.0,0.0
MHImain,HKFE,2019-10-31 12:00:00,27024.0,27037.0,26840.0,26866.0,16796.0,452533836.0,0.0
MHImain,HKFE,2019-10-31 16:00:00,26867.0,26986.0,26742.0,26819.0,14929.0,400929503.0,0.0
MHImain,HKFE,2019-10-31 20:00:00,26820.0,26865.0,26724.0,26799.0,9760.0,261548498.0,0.0
MHImain,HKFE,2019-11-01 00:00:00,26797.0,26802.0,26677.0,26690.0,4637.0,123999453.0,0.0
MHImain,HKFE,2019-11-01 08:00:00,26796.0,27038.0,26750.0,27010.0,35885.0,966075882.0,0.0
MHImain,HKFE,2019-11-01 12:00:00,27011.0,27127.0,27009.0,27112.0,19134.0,518013227.0,0.0
MHImain,HKFE,2019-11-01 16:00:00,27112.0,27173.0,27060.0,27135.0,9912.0,268766680.0,0.0
MHImain,HKFE,2019-11-01 20:00:00,27133.0,27233.0,27126.0,27208.0,7710.0,209560340.0,0.0
MHImain,HKFE,2019-11-02 00:00:00,27208.0,27285.0,27158.0,27259.0,5085.0,138407921.0,0.0
MHImain,HKFE,2019-11-04 08:00:00,27248.0,27543.0,27233.0,27513.0,34356.0,942668058.0,0.0
MHImain,HKFE,2019-11-04 12:00:00,27512.0,27540.0,27455.0,27536.0,11507.0,316418467.0,0.0
MHImain,HKFE,2019-11-04 16:00:00,27535.0,27654.0,27503.0,27640.0,11778.0,324745930.0,0.0
MHImain,HKFE,2019-11-04 20:00:00,27640.0,27653.0,27593.0,27606.0,4010.0,110782881.0,0.0
MHImain,HKFE,2019-11-05 00:00:00,27603.0,27630.0,27550.0,27566.0,3373.0,93052581.0,0.0
MHImain,HKFE,2019-11-05 08:00:00,27620.0,27720.0,27457.0,27662.0,39892.0,1099768861.0,0.0
MHImain,HKFE,2019-11-05 12:00:00,27662.0,27762.0,27631.0,27669.0,18594.0,515169278.0,0.0
MHImain,HKFE,2019-11-05 16:00:00,27668.0,27758.0,27632.0,27716.0,8902.0,246434590.0,0.0
MHImain,HKFE,2019-11-05 20:00:00,27717.0,27732.0,27618.0,27644.0,4992.0,138183547.0,0.0
MHImain,HKFE,2019-11-06 00:00:00,27642.0,27705.0,27607.0,27695.0,3761.0,103997727.0,0.0
MHImain,HKFE,2019-11-06 08:00:00,27650.0,27718.0,27541.0,27715.0,34746.0,959635103.0,0.0
MHImain,HKFE,2019-11-06 12:00:00,27716.0,27796.0,27667.0,27745.0,17810.0,493862802.0,0.0
MHImain,HKFE,2019-11-06 16:00:00,27746.0,27757.0,27661.0,27733.0,10490.0,290625126.0,0.0
MHImain,HKFE,2019-11-06 20:00:00,27733.0,27770.0,27695.0,27755.0,4354.0,120768439.0,0.0
MHImain,HKFE,2019-11-07 00:00:00,27755.0,27790.0,27643.0,27706.0,4570.0,126657787.0,0.0
MHImain,HKFE,2019-11-07 08:00:00,27666.0,27731.0,27541.0,27613.0,36426.0,1006839536.0,0.0
MHImain,HKFE,2019-11-07 12:00:00,27613.0,27645.0,27564.0,27627.0,13811.0,381256319.0,0.0
MHImain,HKFE,2019-11-07 16:00:00,27625.0,27948.0,27600.0,27861.0,27084.0,753127097.0,0.0
MHImain,HKFE,2019-11-07 20:00:00,27862.0,27900.0,27814.0,27878.0,4810.0,133985773.0,0.0
MHImain,HKFE,2019-11-08 00:00:00,27880.0,27938.0,27831.0,27930.0,4758.0,132692634.0,0.0
MHImain,HKFE,2019-11-08 08:00:00,27870.0,27888.0,27674.0,27779.0,33086.0,918318716.0,0.0
MHImain,HKFE,2019-11-08 12:00:00,27779.0,27784.0,27624.0,27659.0,16400.0,454069255.0,0.0
MHImain,HKFE,2019-11-08 16:00:00,27660.0,27697.0,27592.0,27695.0,10117.0,279761099.0,0.0
MHImain,HKFE,2019-11-08 20:00:00,27693.0,27721.0,27577.0,27626.0,6227.0,172239193.0,0.0
MHImain,HKFE,2019-11-09 00:00:00,27626.0,27670.0,27606.0,27618.0,3288.0,90870883.0,0.0
MHImain,HKFE,2019-11-11 08:00:00,27515.0,27526.0,26983.0,27066.0,42872.0,1165202811.0,0.0
MHImain,HKFE,2019-11-11 12:00:00,27065.0,27094.0,26808.0,26875.0,26758.0,721392737.0,0.0
MHImain,HKFE,2019-11-11 16:00:00,26877.0,27079.0,26841.0,26970.0,15810.0,425885489.0,0.0
MHImain,HKFE,2019-11-11 20:00:00,26971.0,27130.0,26969.0,27129.0,6429.0,173900034.0,0.0
MHImain,HKFE,2019-11-12 00:00:00,27130.0,27208.0,27122.0,27180.0,4149.0,112662359.0,0.0
MHImain,HKFE,2019-11-12 08:00:00,27122.0,27139.0,26776.0,26906.0,43095.0,1162490194.0,0.0
MHImain,HKFE,2019-11-12 12:00:00,26908.0,27097.0,26877.0,27033.0,24400.0,658742987.0,0.0
MHImain,HKFE,2019-11-12 16:00:00,27032.0,27069.0,26934.0,26997.0,11941.0,322538794.0,0.0
MHImain,HKFE,2019-11-12 20:00:00,26999.0,26999.0,26913.0,26936.0,4145.0,111734238.0,0.0
MHImain,HKFE,2019-11-13 00:00:00,26936.0,27004.0,26910.0,26915.0,4035.0,108742873.0,0.0
MHImain,HKFE,2019-11-13 08:00:00,26750.0,26755.0,26455.0,26596.0,47572.0,1264557778.0,0.0
MHImain,HKFE,2019-11-13 12:00:00,26598.0,26632.0,26445.0,26510.0,21796.0,577991465.0,0.0
MHImain,HKFE,2019-11-13 16:00:00,26511.0,26571.0,26352.0,26378.0,15971.0,422794617.0,0.0
MHImain,HKFE,2019-11-13 20:00:00,26380.0,26443.0,26362.0,26437.0,6470.0,170819134.0,0.0
MHImain,HKFE,2019-11-14 00:00:00,26439.0,26531.0,26430.0,26438.0,5011.0,132707639.0,0.0
MHImain,HKFE,2019-11-14 08:00:00,26410.0,26624.0,26259.0,26371.0,51050.0,1349503960.0,0.0
MHImain,HKFE,2019-11-14 12:00:00,26374.0,26405.0,26223.0,26243.0,20075.0,528739901.0,0.0
MHImain,HKFE,2019-11-14 16:00:00,26245.0,26412.0,26178.0,26359.0,22484.0,591194525.0,0.0
MHImain,HKFE,2019-11-14 20:00:00,26358.0,26395.0,26329.0,26383.0,3742.0,98658587.0,0.0
MHImain,HKFE,2019-11-15 00:00:00,26382.0,26391.0,26275.0,26280.0,4869.0,128176221.0,0.0
MHImain,HKFE,2019-11-15 08:00:00,26480.0,26617.0,26348.0,26409.0,40741.0,1077712131.0,0.0
MHImain,HKFE,2019-11-15 12:00:00,26407.0,26429.0,26316.0,26358.0,13603.0,358765953.0,0.0
MHImain,HKFE,2019-11-15 16:00:00,26357.0,26375.0,26240.0,26240.0,12328.0,324322622.0,0.0
MHImain,HKFE,2019-11-15 20:00:00,26240.0,26342.0,26225.0,26339.0,5273.0,138662727.0,0.0
MHImain,HKFE,2019-11-16 00:00:00,26338.0,26399.0,26335.0,26380.0,3670.0,96769751.0,0.0
MHImain,HKFE,2019-11-18 08:00:00,26336.0,26682.0,26316.0,26600.0,43510.0,1154768987.0,0.0
MHImain,HKFE,2019-11-18 12:00:00,26602.0,26643.0,26462.0,26593.0,19830.0,526950225.0,0.0
MHImain,HKFE,2019-11-18 16:00:00,26593.0,26704.0,26593.0,26628.0,12191.0,324925330.0,0.0
MHImain,HKFE,2019-11-18 20:00:00,26626.0,26640.0,26523.0,26561.0,7410.0,196884053.0,0.0
MHImain,HKFE,2019-11-19 00:00:00,26560.0,26628.0,26526.0,26591.0,4654.0,123690585.0,0.0
MHImain,HKFE,2019-11-19 08:00:00,26520.0,26988.0,26501.0,26911.0,47191.0,1264952667.0,0.0
MHImain,HKFE,2019-11-19 12:00:00,26909.0,27062.0,26875.0,27030.0,20498.0,552918256.0,0.0
MHImain,HKFE,2019-11-19 16:00:00,27028.0,27123.0,27024.0,27087.0,13489.0,365197126.0,0.0
MHImain,HKFE,2019-11-19 20:00:00,27087.0,27089.0,26933.0,26936.0,7054.0,190517787.0,0.0
MHImain,HKFE,2019-11-20 00:00:00,26936.0,26981.0,26892.0,26944.0,6001.0,161599829.0,0.0
MHImain,HKFE,2019-11-20 08:00:00,26881.0,26955.0,26777.0,26888.0,39609.0,1064202969.0,0.0
MHImain,HKFE,2019-11-20 12:00:00,26888.0,26961.0,26848.0,26878.0,14570.0,391979372.0,0.0
MHImain,HKFE,2019-11-20 16:00:00,26879.0,26919.0,26752.0,26786.0,12117.0,325391200.0,0.0
MHImain,HKFE,2019-11-20 20:00:00,26785.0,26867.0,26775.0,26836.0,5030.0,134933123.0,0.0
MHImain,HKFE,2019-11-21 00:00:00,26836.0,26859.0,26640.0,26674.0,6123.0,163804322.0,0.0
MHImain,HKFE,2019-11-21 08:00:00,26570.0,26597.0,26267.0,26447.0,51930.0,1371959098.0,0.0
MHImain,HKFE,2019-11-21 12:00:00,26448.0,26477.0,26413.0,26452.0,13360.0,353308259.0,0.0
MHImain,HKFE,2019-11-21 16:00:00,26452.0,26557.0,26434.0,26531.0,12935.0,342538406.0,0.0
MHImain,HKFE,2019-11-21 20:00:00,26531.0,26592.0,26496.0,26547.0,6810.0,180746606.0,0.0
MHImain,HKFE,2019-11-22 00:00:00,26547.0,26568.0,26457.0,26544.0,5428.0,143893027.0,0.0
MHImain,HKFE,2019-11-22 08:00:00,26607.0,26675.0,26472.0,26498.0,36254.0,963630805.0,0.0
MHImain,HKFE,2019-11-22 12:00:00,26497.0,26562.0,26481.0,26517.0,10983.0,291285698.0,0.0
MHImain,HKFE,2019-11-22 16:00:00,26516.0,26644.0,26509.0,26568.0,11416.0,303466107.0,0.0
MHImain,HKFE,2019-11-22 20:00:00,26569.0,26656.0,26566.0,26618.0,5404.0,143846840.0,0.0
MHImain,HKFE,2019-11-23 00:00:00,26617.0,26632.0,26553.0,26573.0,3652.0,97088886.0,0.0
MHImain,HKFE,2019-11-25 08:00:00,26638.0,27140.0,26638.0,27078.0,40163.0,1083998981.0,0.0
MHImain,HKFE,2019-11-25 12:00:00,27079.0,27101.0,27004.0,27052.0,12934.0,349846292.0,0.0
MHImain,HKFE,2019-11-25 16:00:00,27053.0,27060.0,26930.0,27003.0,11377.0,307213055.0,0.0
MHImain,HKFE,2019-11-25 20:00:00,27002.0,27064.0,26962.0,27063.0,4770.0,128820297.0,0.0
MHImain,HKFE,2019-11-26 00:00:00,27062.0,27092.0,27036.0,27068.0,3327.0,90048251.0,0.0
MHImain,HKFE,2019-11-26 08:00:00,27188.0,27267.0,26944.0,27010.0,52266.0,1416168619.0,0.0
MHImain,HKFE,2019-11-26 12:00:00,27007.0,27032.0,26931.0,26975.0,14986.0,404403291.0,0.0
MHImain,HKFE,2019-11-26 16:00:00,26975.0,27003.0,26901.0,26957.0,9416.0,253859887.0,0.0
MHImain,HKFE,2019-11-26 20:00:00,26958.0,27003.0,26933.0,26945.0,4151.0,111951368.0,0.0
MHImain,HKFE,2019-11-27 00:00:00,26947.0,26971.0,26909.0,26914.0,2995.0,80690757.0,0.0
MHImain,HKFE,2019-11-27 08:00:00,27013.0,27019.0,26876.0,26969.0,27279.0,735337112.0,0.0
MHImain,HKFE,2019-11-27 12:00:00,26971.0,26979.0,26888.0,26952.0,8681.0,233732154.0,0.0
MHImain,HKFE,2019-11-27 16:00:00,26951.0,27086.0,26934.0,27055.0,5749.0,155080030.0,0.0
MHImain,HKFE,2019-11-27 20:00:00,27053.0,27053.0,27004.0,27028.0,1234.0,33354433.0,0.0
MHImain,HKFE,2019-11-28 00:00:00,27025.0,27088.0,27012.0,27068.0,991.0,26802444.0,0.0
MHImain,HKFE,2019-11-28 08:00:00,26800.0,27058.0,26791.0,26989.0,34279.0,923342941.0,0.0
MHImain,HKFE,2019-11-28 12:00:00,26990.0,26993.0,26903.0,26969.0,11836.0,319037470.0,0.0
MHImain,HKFE,2019-11-28 16:00:00,26971.0,26972.0,26860.0,26906.0,7449.0,200549747.0,0.0
MHImain,HKFE,2019-11-28 20:00:00,26906.0,26914.0,26881.0,26905.0,1815.0,48816728.0,0.0
MHImain,HKFE,2019-11-29 00:00:00,26902.0,26917.0,26886.0,26896.0,1127.0,30317735.0,0.0
MHImain,HKFE,2019-11-29 08:00:00,26892.0,26904.0,26402.0,26402.0,43312.0,1149616144.0,0.0
MHImain,HKFE,2019-11-29 12:00:00,26402.0,26424.0,26336.0,26377.0,19712.0,519980691.0,0.0
MHImain,HKFE,2019-11-29 16:00:00,26375.0,26426.0,26324.0,26418.0,14114.0,372222760.0,0.0
MHImain,HKFE,2019-11-29 20:00:00,26419.0,26443.0,26338.0,26424.0,6172.0,162926620.0,0.0
MHImain,HKFE,2019-11-30 00:00:00,26425.0,26430.0,26370.0,26370.0,4155.0,109689582.0,0.0
MHImain,HKFE,2019-12-02 08:00:00,26468.0,26575.0,26413.0,26495.0,30693.0,813313113.0,0.0
MHImain,HKFE,2019-12-02 12:00:00,26494.0,26510.0,26444.0,26485.0,8686.0,229959583.0,0.0
MHImain,HKFE,2019-12-02 16:00:00,26485.0,26500.0,26441.0,26443.0,7133.0,188822740.0,0.0
MHImain,HKFE,2019-12-02 20:00:00,26442.0,26442.0,26357.0,26394.0,7264.0,191786291.0,0.0
MHImain,HKFE,2019-12-03 00:00:00,26396.0,26398.0,26303.0,26340.0,5908.0,155725044.0,0.0
MHImain,HKFE,2019-12-03 08:00:00,26324.0,26432.0,26063.0,26411.0,49378.0,1296753861.0,0.0
MHImain,HKFE,2019-12-03 12:00:00,26412.0,26471.0,26374.0,26409.0,13367.0,353148927.0,0.0
MHImain,HKFE,2019-12-03 16:00:00,26409.0,26447.0,26254.0,26266.0,11754.0,309983523.0,0.0
MHImain,HKFE,2019-12-03 20:00:00,26270.0,26297.0,25949.0,26034.0,17072.0,445422760.0,0.0
MHImain,HKFE,2019-12-04 00:00:00,26031.0,26095.0,26001.0,26074.0,6135.0,159841021.0,0.0
MHImain,HKFE,2019-12-04 08:00:00,26010.0,26205.0,25962.0,26079.0,41396.0,1080429784.0,0.0
MHImain,HKFE,2019-12-04 12:00:00,26079.0,26152.0,26061.0,26123.0,11168.0,291660550.0,0.0
MHImain,HKFE,2019-12-04 16:00:00,26124.0,26285.0,26042.0,26229.0,14760.0,385778386.0,0.0
MHImain,HKFE,2019-12-04 20:00:00,26230.0,26294.0,26208.0,26241.0,5716.0,150033613.0,0.0
MHImain,HKFE,2019-12-05 00:00:00,26242.0,26279.0,26238.0,26278.0,2959.0,77699927.0,0.0
MHImain,HKFE,2019-12-05 08:00:00,26250.0,26326.0,26154.0,26178.0,32172.0,843956502.0,0.0
MHImain,HKFE,2019-12-05 12:00:00,26178.0,26217.0,26126.0,26209.0,12640.0,330784396.0,0.0
MHImain,HKFE,2019-12-05 16:00:00,26211.0,26285.0,26197.0,26275.0,11484.0,301353336.0,0.0
MHImain,HKFE,2019-12-05 20:00:00,26276.0,26284.0,26196.0,26196.0,4491.0,117860052.0,0.0
MHImain,HKFE,2019-12-06 00:00:00,26197.0,26272.0,26195.0,26271.0,2814.0,73834953.0,0.0
MHImain,HKFE,2019-12-06 08:00:00,26300.0,26540.0,26297.0,26411.0,36213.0,957255426.0,0.0
MHImain,HKFE,2019-12-06 12:00:00,26411.0,26491.0,26381.0,26486.0,12165.0,321606641.0,0.0
MHImain,HKFE,2019-12-06 16:00:00,26487.0,26555.0,26469.0,26516.0,10612.0,281343741.0,0.0
MHImain,HKFE,2019-12-06 20:00:00,26517.0,26604.0,26500.0,26573.0,6116.0,162393618.0,0.0
MHImain,HKFE,2019-12-07 00:00:00,26574.0,26598.0,26544.0,26598.0,3567.0,94779566.0,0.0
MHImain,HKFE,2019-12-09 08:00:00,26501.0,26664.0,26426.0,26593.0,36357.0,964883564.0,0.0
MHImain,HKFE,2019-12-09 12:00:00,26594.0,26610.0,26480.0,26549.0,14327.0,380046826.0,0.0
MHImain,HKFE,2019-12-09 16:00:00,26549.0,26564.0,26478.0,26503.0,6573.0,174308099.0,0.0
MHImain,HKFE,2019-12-09 20:00:00,26501.0,26534.0,26486.0,26531.0,2090.0,55405461.0,0.0
MHImain,HKFE,2019-12-10 00:00:00,26533.0,26534.0,26447.0,26467.0,2281.0,60410477.0,0.0
MHImain,HKFE,2019-12-10 08:00:00,26397.0,26573.0,26292.0,26528.0,34382.0,909645992.0,0.0
MHImain,HKFE,2019-12-10 12:00:00,26527.0,26538.0,26469.0,26487.0,9281.0,245982700.0,0.0
MHImain,HKFE,2019-12-10 16:00:00,26486.0,26512.0,26257.0,26352.0,10242.0,270526673.0,0.0
MHImain,HKFE,2019-12-10 20:00:00,26350.0,26501.0,26306.0,26477.0,9096.0,240371989.0,0.0
MHImain,HKFE,2019-12-11 00:00:00,26477.0,26499.0,26428.0,26498.0,3389.0,89707670.0,0.0
MHImain,HKFE,2019-12-11 08:00:00,26420.0,26524.0,26362.0,26503.0,30525.0,807290796.0,0.0
MHImain,HKFE,2019-12-11 12:00:00,26506.0,26689.0,26493.0,26671.0,18228.0,484774236.0,0.0
MHImain,HKFE,2019-12-11 16:00:00,26669.0,26688.0,26590.0,26637.0,9482.0,252679521.0,0.0
MHImain,HKFE,2019-12-11 20:00:00,26638.0,26679.0,26622.0,26662.0,3176.0,84648076.0,0.0
MHImain,HKFE,2019-12-12 00:00:00,26662.0,26672.0,26625.0,26672.0,2498.0,66577021.0,0.0
MHImain,HKFE,2019-12-12 08:00:00,26777.0,27095.0,26762.0,27026.0,36227.0,977416226.0,0.0
MHImain,HKFE,2019-12-12 12:00:00,27025.0,27076.0,26985.0,27053.0,11585.0,313183189.0,0.0
MHImain,HKFE,2019-12-12 16:00:00,27051.0,27060.0,26950.0,26979.0,9867.0,266587498.0,0.0
MHImain,HKFE,2019-12-12 20:00:00,26976.0,27600.0,26916.0,27376.0,13308.0,361168352.0,0.0
MHImain,HKFE,2019-12-13 00:00:00,27380.0,27383.0,27125.0,27181.0,10759.0,293126335.0,0.0
MHImain,HKFE,2019-12-13 08:00:00,27470.0,27609.0,27428.0,27547.0,35053.0,964135396.0,0.0
MHImain,HKFE,2019-12-13 12:00:00,27545.0,27672.0,27542.0,27669.0,17313.0,477913339.0,0.0
MHImain,HKFE,2019-12-13 16:00:00,27669.0,27845.0,27625.0,27793.0,17420.0,482676642.0,0.0
MHImain,HKFE,2019-12-13 20:00:00,27794.0,27889.0,27495.0,27691.0,28184.0,780509082.0,0.0
MHImain,HKFE,2019-12-14 00:00:00,27690.0,27758.0,27447.0,27511.0,15660.0,431812216.0,0.0
MHImain,HKFE,2019-12-16 08:00:00,27600.0,27747.0,27509.0,27591.0,38713.0,1069577771.0,0.0
MHImain,HKFE,2019-12-16 12:00:00,27591.0,27656.0,27581.0,27624.0,12123.0,334814086.0,0.0
MHImain,HKFE,2019-12-16 16:00:00,27623.0,27645.0,27518.0,27598.0,10112.0,278936172.0,0.0
MHImain,HKFE,2019-12-16 20:00:00,27598.0,27702.0,27593.0,27694.0,6641.0,183663128.0,0.0
MHImain,HKFE,2019-12-17 00:00:00,27693.0,27727.0,27682.0,27723.0,3747.0,103827105.0,0.0
MHImain,HKFE,2019-12-17 08:00:00,27632.0,27798.0,27562.0,27781.0,39431.0,1092010090.0,0.0
MHImain,HKFE,2019-12-17 12:00:00,27782.0,27922.0,27768.0,27791.0,23646.0,658383559.0,0.0
MHImain,HKFE,2019-12-17 16:00:00,27792.0,27851.0,27766.0,27774.0,11302.0,314380373.0,0.0
MHImain,HKFE,2019-12-17 20:00:00,27776.0,27834.0,27776.0,27814.0,5439.0,151230126.0,0.0
MHImain,HKFE,2019-12-18 00:00:00,27815.0,27888.0,27797.0,27888.0,3600.0,100251905.0,0.0
MHImain,HKFE,2019-12-18 08:00:00,27902.0,28031.0,27786.0,27830.0,42865.0,1196419131.0,0.0
MHImain,HKFE,2019-12-18 12:00:00,27832.0,27906.0,27805.0,27841.0,15658.0,436098496.0,0.0
MHImain,HKFE,2019-12-18 16:00:00,27841.0,27966.0,27821.0,27938.0,9279.0,258838945.0,0.0
MHImain,HKFE,2019-12-18 20:00:00,27940.0,27942.0,27879.0,27900.0,4353.0,121508623.0,0.0
MHImain,HKFE,2019-12-19 00:00:00,27902.0,27933.0,27877.0,27933.0,3140.0,87618670.0,0.0
MHImain,HKFE,2019-12-19 08:00:00,27900.0,27975.0,27692.0,27742.0,34100.0,948801290.0,0.0
MHImain,HKFE,2019-12-19 12:00:00,27742.0,27836.0,27728.0,27812.0,11925.0,331270791.0,0.0
MHImain,HKFE,2019-12-19 16:00:00,27813.0,27865.0,27782.0,27818.0,7877.0,219120914.0,0.0
MHImain,HKFE,2019-12-19 20:00:00,27820.0,27822.0,27752.0,27787.0,4477.0,124377510.0,0.0
MHImain,HKFE,2019-12-20 00:00:00,27786.0,27880.0,27777.0,27880.0,3190.0,88793162.0,0.0
MHImain,HKFE,2019-12-20 08:00:00,27800.0,28014.0,27757.0,27964.0,40416.0,1127318600.0,0.0
MHImain,HKFE,2019-12-20 12:00:00,27966.0,27993.0,27823.0,27840.0,14219.0,396675796.0,0.0
MHImain,HKFE,2019-12-20 16:00:00,27839.0,27991.0,27819.0,27967.0,10326.0,288086209.0,0.0
MHImain,HKFE,2019-12-20 20:00:00,27967.0,27984.0,27932.0,27934.0,3917.0,109509654.0,0.0
MHImain,HKFE,2019-12-21 00:00:00,27936.0,27984.0,27929.0,27960.0,3243.0,90651701.0,0.0
MHImain,HKFE,2019-12-23 08:00:00,28048.0,28084.0,27846.0,27890.0,34357.0,960154365.0,0.0
MHImain,HKFE,2019-12-23 12:00:00,27891.0,27923.0,27858.0,27878.0,10587.0,295290126.0,0.0
MHImain,HKFE,2019-12-23 16:00:00,27879.0,27905.0,27855.0,27897.0,6141.0,171251439.0,0.0
MHImain,HKFE,2019-12-23 20:00:00,27895.0,27907.0,27867.0,27876.0,2307.0,64336332.0,0.0
MHImain,HKFE,2019-12-24 00:00:00,27877.0,27885.0,27837.0,27885.0,1987.0,55361762.0,0.0
MHImain,HKFE,2019-12-24 08:00:00,27910.0,27921.0,27798.0,27874.0,24419.0,680157122.0,0.0
MHImain,HKFE,2019-12-24 12:00:00,27875.0,27892.0,27850.0,27868.0,4158.0,115876954.0,0.0
MHImain,HKFE,2019-12-24 16:00:00,27868.0,27868.0,27868.0,27868.0,0.0,0.0,0.0
MHImain,HKFE,2019-12-24 20:00:00,27868.0,27868.0,27868.0,27868.0,0.0,0.0,0.0
MHImain,HKFE,2019-12-25 00:00:00,27868.0,27868.0,27868.0,27868.0,0.0,0.0,0.0
MHImain,HKFE,2019-12-27 08:00:00,28020.0,28258.0,28000.0,28229.0,24606.0,692966240.0,0.0
MHImain,HKFE,2019-12-27 12:00:00,28229.0,28246.0,28165.0,28206.0,8684.0,244909729.0,0.0
MHImain,HKFE,2019-12-27 16:00:00,28206.0,28365.0,28197.0,28351.0,5512.0,155641260.0,0.0
MHImain,HKFE,2019-12-27 20:00:00,28354.0,28371.0,28300.0,28319.0,1498.0,42451465.0,0.0
MHImain,HKFE,2019-12-28 00:00:00,28319.0,28360.0,28313.0,28322.0,1038.0,29412454.0,0.0
MHImain,HKFE,2019-12-30 08:00:00,28322.0,28498.0,28270.0,28496.0,26946.0,764666658.0,0.0
MHImain,HKFE,2019-12-30 12:00:00,28496.0,28535.0,28430.0,28455.0,12654.0,360342792.0,0.0
MHImain,HKFE,2019-12-30 16:00:00,28455.0,28490.0,28371.0,28390.0,8326.0,236642443.0,0.0
MHImain,HKFE,2019-12-30 20:00:00,28388.0,28465.0,28335.0,28335.0,5930.0,168485500.0,0.0
MHImain,HKFE,2019-12-31 00:00:00,28334.0,28362.0,28272.0,28302.0,4614.0,130735487.0,0.0
MHImain,HKFE,2019-12-31 08:00:00,28321.0,28408.0,28198.0,28224.0,24654.0,697764839.0,0.0
MHImain,HKFE,2019-12-31 12:00:00,28225.0,28292.0,28222.0,28276.0,4808.0,135875414.0,0.0
MHImain,HKFE,2019-12-31 16:00:00,28276.0,28276.0,28276.0,28276.0,0.0,0.0,0.0
MHImain,HKFE,2019-12-31 20:00:00,28276.0,28276.0,28276.0,28276.0,0.0,0.0,0.0
MHImain,HKFE,2020-01-01 00:00:00,28276.0,28276.0,28276.0,28276.0,0.0,0.0,0.0
MHImain,HKFE,2020-01-02 08:00:00,28360.0,28619.0,28210.0,28571.0,37103.0,1055978766.0,0.0
MHImain,HKFE,2020-01-02 12:00:00,28570.0,28598.0,28457.0,28581.0,14381.0,410357832.0,0.0
MHImain,HKFE,2020-01-02 16:00:00,28583.0,28670.0,28569.0,28643.0,8998.0,257383982.0,0.0
MHImain,HKFE,2020-01-02 20:00:00,28645.0,28788.0,28627.0,28736.0,6603.0,189576185.0,0.0
MHImain,HKFE,2020-01-03 00:00:00,28737.0,28818.0,28715.0,28797.0,5016.0,144255156.0,0.0
MHImain,HKFE,2020-01-03 08:00:00,28880.0,28946.0,28480.0,28547.0,48873.0,1403506373.0,0.0
MHImain,HKFE,2020-01-03 12:00:00,28548.0,28564.0,28464.0,28521.0,14305.0,407953424.0,0.0
MHImain,HKFE,2020-01-03 16:00:00,28520.0,28539.0,28278.0,28315.0,13692.0,389323310.0,0.0
MHImain,HKFE,2020-01-03 20:00:00,28316.0,28534.0,28290.0,28492.0,12670.0,360242529.0,0.0
MHImain,HKFE,2020-01-04 00:00:00,28494.0,28505.0,28375.0,28427.0,5119.0,145650212.0,0.0
MHImain,HKFE,2020-01-06 08:00:00,28300.0,28435.0,28233.0,28306.0,36320.0,1028490871.0,0.0
MHImain,HKFE,2020-01-06 12:00:00,28306.0,28369.0,28075.0,28186.0,22257.0,628340671.0,0.0
MHImain,HKFE,2020-01-06 16:00:00,28185.0,28294.0,28106.0,28226.0,14001.0,395185070.0,0.0
MHImain,HKFE,2020-01-06 20:00:00,28226.0,28289.0,28168.0,28269.0,7476.0,211044728.0,0.0
MHImain,HKFE,2020-01-07 00:00:00,28270.0,28314.0,28247.0,28303.0,4142.0,117127129.0,0.0
MHImain,HKFE,2020-01-07 08:00:00,28401.0,28530.0,28306.0,28449.0,39227.0,1115489348.0,0.0
MHImain,HKFE,2020-01-07 12:00:00,28448.0,28453.0,28360.0,28430.0,12375.0,351553668.0,0.0
MHImain,HKFE,2020-01-07 16:00:00,28430.0,28447.0,28281.0,28352.0,12522.0,355145056.0,0.0
MHImain,HKFE,2020-01-07 20:00:00,28351.0,28361.0,28240.0,28304.0,7288.0,206230539.0,0.0
MHImain,HKFE,2020-01-08 00:00:00,28303.0,28350.0,28262.0,28310.0,4583.0,129712719.0,0.0
MHImain,HKFE,2020-01-08 08:00:00,27901.0,28230.0,27860.0,28172.0,49607.0,1390622646.0,0.0
MHImain,HKFE,2020-01-08 12:00:00,28173.0,28253.0,27998.0,28042.0,21735.0,610908388.0,0.0
MHImain,HKFE,2020-01-08 16:00:00,28040.0,28167.0,28032.0,28143.0,12540.0,352396071.0,0.0
MHImain,HKFE,2020-01-08 20:00:00,28141.0,28252.0,28130.0,28246.0,8691.0,244915436.0,0.0
MHImain,HKFE,2020-01-09 00:00:00,28246.0,28452.0,28193.0,28427.0,10165.0,287975077.0,0.0
MHImain,HKFE,2020-01-09 08:00:00,28417.0,28504.0,28368.0,28461.0,33911.0,964333490.0,0.0
MHImain,HKFE,2020-01-09 12:00:00,28462.0,28546.0,28411.0,28503.0,14324.0,408117716.0,0.0
MHImain,HKFE,2020-01-09 16:00:00,28503.0,28633.0,28498.0,28559.0,13902.0,397302093.0,0.0
MHImain,HKFE,2020-01-09 20:00:00,28559.0,28581.0,28511.0,28518.0,6652.0,189897093.0,0.0
MHImain,HKFE,2020-01-10 00:00:00,28518.0,28610.0,28515.0,28570.0,4356.0,124417042.0,0.0
MHImain,HKFE,2020-01-10 08:00:00,28668.0,28725.0,28538.0,28639.0,32687.0,935340461.0,0.0
MHImain,HKFE,2020-01-10 12:00:00,28641.0,28707.0,28589.0,28676.0,13267.0,380175738.0,0.0
MHImain,HKFE,2020-01-10 16:00:00,28675.0,28723.0,28640.0,28716.0,6885.0,197436221.0,0.0
MHImain,HKFE,2020-01-10 20:00:00,28717.0,28748.0,28652.0,28716.0,6481.0,186032710.0,0.0
MHImain,HKFE,2020-01-11 00:00:00,28717.0,28777.0,28662.0,28766.0,5361.0,153983943.0,0.0
MHImain,HKFE,2020-01-13 08:00:00,28711.0,29012.0,28711.0,28964.0,42239.0,1217928539.0,0.0
MHImain,HKFE,2020-01-13 12:00:00,28965.0,29029.0,28901.0,29005.0,13168.0,381367504.0,0.0
MHImain,HKFE,2020-01-13 16:00:00,29006.0,29039.0,28931.0,28950.0,9237.0,267680913.0,0.0
MHImain,HKFE,2020-01-13 20:00:00,28950.0,28961.0,28887.0,28946.0,5544.0,160365717.0,0.0
MHImain,HKFE,2020-01-14 00:00:00,28949.0,29172.0,28938.0,29163.0,6111.0,177485553.0,0.0
MHImain,HKFE,2020-01-14 08:00:00,29222.0,29227.0,28963.0,29008.0,32705.0,951052992.0,0.0
MHImain,HKFE,2020-01-14 12:00:00,29008.0,29026.0,28891.0,28941.0,17582.0,509010608.0,0.0
MHImain,HKFE,2020-01-14 16:00:00,28940.0,28952.0,28795.0,28865.0,13243.0,382544813.0,0.0
MHImain,HKFE,2020-01-14 20:00:00,28864.0,28968.0,28853.0,28948.0,7076.0,204660287.0,0.0
MHImain,HKFE,2020-01-15 00:00:00,28946.0,29030.0,28913.0,28963.0,4971.0,144032941.0,0.0
MHImain,HKFE,2020-01-15 08:00:00,28944.0,29021.0,28683.0,28746.0,40362.0,1163911507.0,0.0
MHImain,HKFE,2020-01-15 12:00:00,28747.0,28837.0,28660.0,28762.0,17471.0,502047689.0,0.0
MHImain,HKFE,2020-01-15 16:00:00,28763.0,28819.0,28735.0,28800.0,7423.0,213621694.0,0.0
MHImain,HKFE,2020-01-15 20:00:00,28799.0,28861.0,28781.0,28827.0,6544.0,188601071.0,0.0
MHImain,HKFE,2020-01-16 00:00:00,28829.0,28866.0,28782.0,28825.0,4215.0,121504807.0,0.0
MHImain,HKFE,2020-01-16 08:00:00,28841.0,29041.0,28738.0,28808.0,42689.0,1233512869.0,0.0
MHImain,HKFE,2020-01-16 12:00:00,28807.0,28853.0,28758.0,28813.0,14824.0,427076943.0,0.0
MHImain,HKFE,2020-01-16 16:00:00,28814.0,28918.0,28802.0,28896.0,8424.0,243128520.0,0.0
MHImain,HKFE,2020-01-16 20:00:00,28896.0,28995.0,28893.0,28987.0,4780.0,138322133.0,0.0
MHImain,HKFE,2020-01-17 00:00:00,28988.0,28998.0,28949.0,28978.0,3316.0,96071720.0,0.0
MHImain,HKFE,2020-01-17 08:00:00,29025.0,29162.0,28807.0,28871.0,47268.0,1368866638.0,0.0
MHImain,HKFE,2020-01-17 12:00:00,28871.0,28922.0,28850.0,28910.0,11614.0,335529057.0,0.0
MHImain,HKFE,2020-01-17 16:00:00,28907.0,29134.0,28899.0,29080.0,12801.0,371568427.0,0.0
MHImain,HKFE,2020-01-17 20:00:00,29080.0,29121.0,29058.0,29077.0,4139.0,120395449.0,0.0
MHImain,HKFE,2020-01-18 00:00:00,29076.0,29095.0,29012.0,29089.0,4085.0,118682045.0,0.0
MHImain,HKFE,2020-01-20 08:00:00,29150.0,29210.0,28938.0,29004.0,37968.0,1103526506.0,0.0
MHImain,HKFE,2020-01-20 12:00:00,29005.0,29026.0,28835.0,28913.0,19127.0,553102038.0,0.0
MHImain,HKFE,2020-01-20 16:00:00,28912.0,28936.0,28663.0,28739.0,13692.0,394219445.0,0.0
MHImain,HKFE,2020-01-20 20:00:00,28737.0,28753.0,28707.0,28715.0,2826.0,81191903.0,0.0
MHImain,HKFE,2020-01-21 00:00:00,28715.0,28717.0,28640.0,28680.0,2443.0,70073972.0,0.0
MHImain,HKFE,2020-01-21 08:00:00,28585.0,28618.0,28215.0,28251.0,51663.0,1463950552.0,0.0
MHImain,HKFE,2020-01-21 12:00:00,28252.0,28279.0,28001.0,28029.0,29154.0,819870850.0,0.0
MHImain,HKFE,2020-01-21 16:00:00,28029.0,28053.0,27842.0,27939.0,22265.0,622731920.0,0.0
MHImain,HKFE,2020-01-21 20:00:00,27936.0,28122.0,27925.0,28070.0,10828.0,303483217.0,0.0
MHImain,HKFE,2020-01-22 00:00:00,28071.0,28111.0,27989.0,27989.0,5412.0,151863093.0,0.0
MHImain,HKFE,2020-01-22 08:00:00,28070.0,28255.0,27939.0,28150.0,47969.0,1348403832.0,0.0
MHImain,HKFE,2020-01-22 12:00:00,28152.0,28357.0,28126.0,28309.0,23232.0,656798213.0,0.0
MHImain,HKFE,2020-01-22 16:00:00,28311.0,28377.0,28192.0,28249.0,13829.0,391369995.0,0.0
MHImain,HKFE,2020-01-22 20:00:00,28246.0,28293.0,28157.0,28161.0,5780.0,163201209.0,0.0
MHImain,HKFE,2020-01-23 00:00:00,28160.0,28219.0,28074.0,28118.0,7646.0,215169141.0,0.0
MHImain,HKFE,2020-01-23 08:00:00,28038.0,28132.0,27910.0,27969.0,44459.0,1246429741.0,0.0
MHImain,HKFE,2020-01-23 12:00:00,27968.0,27972.0,27703.0,27770.0,36759.0,1021906960.0,0.0
MHImain,HKFE,2020-01-23 16:00:00,27772.0,27885.0,27754.0,27840.0,14949.0,415971401.0,0.0
MHImain,HKFE,2020-01-23 20:00:00,27840.0,27862.0,27591.0,27685.0,12599.0,349095271.0,0.0
MHImain,HKFE,2020-01-24 00:00:00,27683.0,27713.0,27555.0,27680.0,9592.0,265079560.0,0.0
MHImain,HKFE,2020-01-24 08:00:00,27766.0,27941.0,27748.0,27929.0,25965.0,723034560.0,0.0
MHImain,HKFE,2020-01-24 12:00:00,27930.0,27965.0,27887.0,27925.0,5578.0,155749491.0,0.0
MHImain,HKFE,2020-01-24 16:00:00,27925.0,27925.0,27925.0,27925.0,0.0,0.0,0.0
MHImain,HKFE,2020-01-24 20:00:00,27925.0,27925.0,27925.0,27925.0,0.0,0.0,0.0
MHImain,HKFE,2020-01-25 00:00:00,27925.0,27925.0,27925.0,27925.0,0.0,0.0,0.0
MHImain,HKFE,2020-01-29 08:00:00,27010.0,27317.0,27000.0,27284.0,30412.0,827223656.0,0.0
MHImain,HKFE,2020-01-29 12:00:00,27285.0,27339.0,27144.0,27160.0,14147.0,385457220.0,0.0
MHImain,HKFE,2020-01-29 16:00:00,27161.0,27173.0,27010.0,27080.0,9047.0,245354255.0,0.0
MHImain,HKFE,2020-01-29 20:00:00,27078.0,27109.0,26913.0,26937.0,4759.0,128613827.0,0.0
MHImain,HKFE,2020-01-30 00:00:00,26936.0,26982.0,26918.0,26952.0,2597.0,69998109.0,0.0
MHImain,HKFE,2020-01-30 08:00:00,26890.0,27085.0,26619.0,26768.0,38196.0,1025592991.0,0.0
MHImain,HKFE,2020-01-30 12:00:00,26770.0,26787.0,26442.0,26461.0,27203.0,722583785.0,0.0
MHImain,HKFE,2020-01-30 16:00:00,26459.0,26482.0,26260.0,26352.0,26547.0,699912371.0,0.0
MHImain,HKFE,2020-01-30 20:00:00,26354.0,26464.0,26311.0,26446.0,12956.0,341845823.0,0.0
MHImain,HKFE,2020-01-31 00:00:00,26445.0,26455.0,26268.0,26401.0,10876.0,286760812.0,0.0
MHImain,HKFE,2020-01-31 08:00:00,26680.0,26760.0,26413.0,26526.0,43871.0,1165898604.0,0.0
MHImain,HKFE,2020-01-31 12:00:00,26524.0,26560.0,26245.0,26346.0,24052.0,634426676.0,0.0
MHImain,HKFE,2020-01-31 16:00:00,26346.0,26377.0,26050.0,26110.0,20350.0,534032147.0,0.0
MHImain,HKFE,2020-01-31 20:00:00,26112.0,26166.0,26034.0,26053.0,11427.0,298406853.0,0.0
MHImain,HKFE,2020-02-01 00:00:00,26047.0,26072.0,25880.0,25889.0,14179.0,368241918.0,0.0
MHImain,HKFE,2020-02-03 08:00:00,26195.0,26460.0,26024.0,26175.0,59905.0,1572710621.0,0.0
MHImain,HKFE,2020-02-03 12:00:00,26173.0,26410.0,26163.0,26275.0,29637.0,779464110.0,0.0
MHImain,HKFE,2020-02-03 16:00:00,26274.0,26349.0,26202.0,26293.0,15332.0,402884386.0,0.0
MHImain,HKFE,2020-02-03 20:00:00,26292.0,26388.0,26250.0,26335.0,9365.0,246334240.0,0.0
MHImain,HKFE,2020-02-04 00:00:00,26338.0,26373.0,26246.0,26324.0,7130.0,187554728.0,0.0
MHImain,HKFE,2020-02-04 08:00:00,26358.0,26644.0,26307.0,26470.0,55586.0,1473190070.0,0.0
MHImain,HKFE,2020-02-04 12:00:00,26470.0,26631.0,26450.0,26590.0,27207.0,722179424.0,0.0
MHImain,HKFE,2020-02-04 16:00:00,26592.0,26796.0,26544.0,26708.0,17651.0,470402772.0,0.0
MHImain,HKFE,2020-02-04 20:00:00,26710.0,26870.0,26684.0,26808.0,11315.0,303257960.0,0.0
MHImain,HKFE,2020-02-05 00:00:00,26807.0,26937.0,26801.0,26929.0,7684.0,206554577.0,0.0
MHImain,HKFE,2020-02-05 08:00:00,26795.0,26836.0,26578.0,26641.0,55953.0,1495091399.0,0.0
MHImain,HKFE,2020-02-05 12:00:00,26642.0,26742.0,26526.0,26619.0,28580.0,761005275.0,0.0
MHImain,HKFE,2020-02-05 16:00:00,26617.0,27184.0,26589.0,27093.0,22572.0,606995127.0,0.0
MHImain,HKFE,2020-02-05 20:00:00,27092.0,27157.0,26907.0,26922.0,18603.0,503282950.0,0.0
MHImain,HKFE,2020-02-06 00:00:00,26927.0,26968.0,26834.0,26937.0,12031.0,323627069.0,0.0
MHImain,HKFE,2020-02-06 08:00:00,26988.0,27235.0,26914.0,27205.0,50100.0,1356223899.0,0.0
MHImain,HKFE,2020-02-06 12:00:00,27206.0,27568.0,27163.0,27392.0,39306.0,1077227838.0,0.0
MHImain,HKFE,2020-02-06 16:00:00,27391.0,27423.0,27219.0,27270.0,20786.0,568320415.0,0.0
MHImain,HKFE,2020-02-06 20:00:00,27270.0,27369.0,27213.0,27271.0,13195.0,360187406.0,0.0
MHImain,HKFE,2020-02-07 00:00:00,27272.0,27297.0,27172.0,27296.0,8989.0,244723268.0,0.0
MHImain,HKFE,2020-02-07 08:00:00,27140.0,27341.0,27131.0,27196.0,42008.0,1144360078.0,0.0
MHImain,HKFE,2020-02-07 12:00:00,27199.0,27295.0,27128.0,27292.0,22095.0,601038416.0,0.0
MHImain,HKFE,2020-02-07 16:00:00,27292.0,27324.0,27043.0,27068.0,18899.0,514265981.0,0.0
MHImain,HKFE,2020-02-07 20:00:00,27071.0,27165.0,26993.0,27025.0,15230.0,412303814.0,0.0
MHImain,HKFE,2020-02-08 00:00:00,27024.0,27081.0,26985.0,26990.0,6919.0,187096128.0,0.0
MHImain,HKFE,2020-02-10 08:00:00,26910.0,27242.0,26904.0,27208.0,45647.0,1237140463.0,0.0
MHImain,HKFE,2020-02-10 12:00:00,27206.0,27206.0,27067.0,27161.0,19799.0,537273231.0,0.0
MHImain,HKFE,2020-02-10 16:00:00,27162.0,27175.0,27043.0,27105.0,13217.0,358386134.0,0.0
MHImain,HKFE,2020-02-10 20:00:00,27103.0,27124.0,27042.0,27105.0,7397.0,200366846.0,0.0
MHImain,HKFE,2020-02-11 00:00:00,27103.0,27150.0,27094.0,27141.0,5057.0,137148442.0,0.0
MHImain,HKFE,2020-02-11 08:00:00,27294.0,27621.0,27260.0,27535.0,44289.0,1217679944.0,0.0
MHImain,HKFE,2020-02-11 12:00:00,27533.0,27592.0,27466.0,27560.0,16183.0,445587124.0,0.0
MHImain,HKFE,2020-02-11 16:00:00,27560.0,27567.0,27482.0,27549.0,10479.0,288436148.0,0.0
MHImain,HKFE,2020-02-11 20:00:00,27548.0,27698.0,27500.0,27694.0,9656.0,266357856.0,0.0
MHImain,HKFE,2020-02-12 00:00:00,27694.0,27698.0,27601.0,27661.0,6512.0,180034793.0,0.0
MHImain,HKFE,2020-02-12 08:00:00,27600.0,27720.0,27536.0,27683.0,40336.0,1114429670.0,0.0
MHImain,HKFE,2020-02-12 12:00:00,27682.0,27820.0,27679.0,27786.0,18961.0,526444195.0,0.0
MHImain,HKFE,2020-02-12 16:00:00,27784.0,27817.0,27724.0,27805.0,11076.0,307577811.0,0.0
MHImain,HKFE,2020-02-12 20:00:00,27806.0,27842.0,27770.0,27800.0,6513.0,181122722.0,0.0
MHImain,HKFE,2020-02-13 00:00:00,27797.0,27899.0,27785.0,27881.0,5052.0,140690728.0,0.0
MHImain,HKFE,2020-02-13 08:00:00,27801.0,27843.0,27615.0,27757.0,42273.0,1172584923.0,0.0
MHImain,HKFE,2020-02-13 12:00:00,27756.0,27771.0,27604.0,27650.0,18873.0,522133327.0,0.0
MHImain,HKFE,2020-02-13 16:00:00,27651.0,27678.0,27490.0,27518.0,15686.0,432979757.0,0.0
MHImain,HKFE,2020-02-13 20:00:00,27518.0,27663.0,27512.0,27593.0,10673.0,294435106.0,0.0
MHImain,HKFE,2020-02-14 00:00:00,27592.0,27696.0,27559.0,27666.0,6483.0,179111804.0,0.0
MHImain,HKFE,2020-02-14 08:00:00,27697.0,27898.0,27601.0,27872.0,33957.0,942781783.0,0.0
MHImain,HKFE,2020-02-14 12:00:00,27876.0,27909.0,27712.0,27760.0,20237.0,562566377.0,0.0
MHImain,HKFE,2020-02-14 16:00:00,27761.0,27793.0,27702.0,27748.0,8801.0,244275719.0,0.0
MHImain,HKFE,2020-02-14 20:00:00,27748.0,27771.0,27675.0,27685.0,5332.0,147835448.0,0.0
MHImain,HKFE,2020-02-15 00:00:00,27685.0,27716.0,27578.0,27582.0,4636.0,128224023.0,0.0
MHImain,HKFE,2020-02-17 08:00:00,27676.0,27978.0,27640.0,27884.0,34360.0,957576424.0,0.0
MHImain,HKFE,2020-02-17 12:00:00,27882.0,28011.0,27840.0,27894.0,18774.0,524145914.0,0.0
MHImain,HKFE,2020-02-17 16:00:00,27896.0,27932.0,27820.0,27857.0,10216.0,284864361.0,0.0
MHImain,HKFE,2020-02-17 20:00:00,27857.0,27882.0,27836.0,27874.0,2402.0,66911302.0,0.0
MHImain,HKFE,2020-02-18 00:00:00,27873.0,27898.0,27858.0,27865.0,1572.0,43821544.0,0.0
MHImain,HKFE,2020-02-18 08:00:00,27728.0,27728.0,27459.0,27513.0,47479.0,1310115184.0,0.0
MHImain,HKFE,2020-02-18 12:00:00,27513.0,27535.0,27442.0,27481.0,16573.0,455650183.0,0.0
MHImain,HKFE,2020-02-18 16:00:00,27480.0,27497.0,27368.0,27399.0,13591.0,372969450.0,0.0
MHImain,HKFE,2020-02-18 20:00:00,27398.0,27449.0,27353.0,27435.0,7115.0,194964101.0,0.0
MHImain,HKFE,2020-02-19 00:00:00,27438.0,27441.0,27340.0,27344.0,5006.0,137114235.0,0.0
MHImain,HKFE,2020-02-19 08:00:00,27452.0,27646.0,27389.0,27588.0,36939.0,1017249840.0,0.0
MHImain,HKFE,2020-02-19 12:00:00,27589.0,27634.0,27535.0,27585.0,16435.0,453276788.0,0.0
MHImain,HKFE,2020-02-19 16:00:00,27584.0,27625.0,27555.0,27571.0,10084.0,278205800.0,0.0
MHImain,HKFE,2020-02-19 20:00:00,27570.0,27616.0,27552.0,27566.0,4610.0,127159357.0,0.0
MHImain,HKFE,2020-02-20 00:00:00,27565.0,27602.0,27556.0,27580.0,3182.0,87742961.0,0.0
MHImain,HKFE,2020-02-20 08:00:00,27721.0,27748.0,27261.0,27370.0,54264.0,1491536243.0,0.0
MHImain,HKFE,2020-02-20 12:00:00,27371.0,27540.0,27288.0,27496.0,25758.0,706110290.0,0.0
MHImain,HKFE,2020-02-20 16:00:00,27496.0,27530.0,27392.0,27433.0,12251.0,336603176.0,0.0
MHImain,HKFE,2020-02-20 20:00:00,27433.0,27437.0,27349.0,27422.0,7064.0,193466138.0,0.0
MHImain,HKFE,2020-02-21 00:00:00,27420.0,27423.0,27212.0,27274.0,10514.0,286866414.0,0.0
MHImain,HKFE,2020-02-21 08:00:00,27253.0,27392.0,27154.0,27300.0,44610.0,1216346595.0,0.0
MHImain,HKFE,2020-02-21 12:00:00,27299.0,27362.0,27227.0,27254.0,21583.0,588932768.0,0.0
MHImain,HKFE,2020-02-21 16:00:00,27254.0,27288.0,27164.0,27258.0,12483.0,339840369.0,0.0
MHImain,HKFE,2020-02-21 20:00:00,27258.0,27331.0,27214.0,27268.0,9032.0,246380084.0,0.0
MHImain,HKFE,2020-02-22 00:00:00,27269.0,27334.0,27237.0,27271.0,7963.0,217274374.0,0.0
MHImain,HKFE,2020-02-24 08:00:00,26975.0,27060.0,26718.0,26790.0,56280.0,1511674542.0,0.0
MHImain,HKFE,2020-02-24 12:00:00,26790.0,26861.0,26757.0,26770.0,25433.0,681719085.0,0.0
MHImain,HKFE,2020-02-24 16:00:00,26769.0,26795.0,26422.0,26444.0,27457.0,731361931.0,0.0
MHImain,HKFE,2020-02-24 20:00:00,26442.0,26522.0,26310.0,26487.0,18268.0,482702439.0,0.0
MHImain,HKFE,2020-02-25 00:00:00,26487.0,26510.0,26418.0,26436.0,9052.0,239545782.0,0.0
MHImain,HKFE,2020-02-25 08:00:00,26572.0,26826.0,26567.0,26625.0,48121.0,1285954267.0,0.0
MHImain,HKFE,2020-02-25 12:00:00,26621.0,26798.0,26612.0,26783.0,20273.0,541577502.0,0.0
MHImain,HKFE,2020-02-25 16:00:00,26783.0,26815.0,26578.0,26641.0,15538.0,415186490.0,0.0
MHImain,HKFE,2020-02-25 20:00:00,26640.0,26714.0,26583.0,26590.0,11920.0,317657988.0,0.0
MHImain,HKFE,2020-02-26 00:00:00,26590.0,26603.0,26345.0,26353.0,14618.0,387105568.0,0.0
MHImain,HKFE,2020-02-26 08:00:00,26309.0,26658.0,26297.0,26650.0,46371.0,1228609641.0,0.0
MHImain,HKFE,2020-02-26 12:00:00,26650.0,26684.0,26549.0,26561.0,17649.0,469709058.0,0.0
MHImain,HKFE,2020-02-26 16:00:00,26558.0,26665.0,26226.0,26522.0,17022.0,451838205.0,0.0
MHImain,HKFE,2020-02-26 20:00:00,26521.0,26786.0,26518.0,26709.0,10329.0,275256118.0,0.0
MHImain,HKFE,2020-02-27 00:00:00,26709.0,26765.0,26542.0,26554.0,5595.0,149329550.0,0.0
MHImain,HKFE,2020-02-27 08:00:00,26399.0,26525.0,26343.0,26445.0,42604.0,1126168306.0,0.0
MHImain,HKFE,2020-02-27 12:00:00,26443.0,26592.0,26388.0,26590.0,21241.0,562072762.0,0.0
MHImain,HKFE,2020-02-27 16:00:00,26589.0,26845.0,26579.0,26698.0,34985.0,935355372.0,0.0
MHImain,HKFE,2020-02-27 20:00:00,26696.0,26722.0,26365.0,26374.0,25111.0,666502676.0,0.0
MHImain,HKFE,2020-02-28 00:00:00,26372.0,26582.0,26158.0,26433.0,34632.0,913647033.0,0.0
MHImain,HKFE,2020-02-28 08:00:00,26160.0,26289.0,25980.0,26018.0,60257.0,1575099193.0,0.0
MHImain,HKFE,2020-02-28 12:00:00,26016.0,26091.0,25923.0,26016.0,39392.0,1024186397.0,0.0
MHImain,HKFE,2020-02-28 16:00:00,26019.0,26267.0,25900.0,26138.0,45233.0,1179726456.0,0.0
MHImain,HKFE,2020-02-28 20:00:00,26138.0,26211.0,25581.0,25658.0,38060.0,986168468.0,0.0
MHImain,HKFE,2020-02-29 00:00:00,25661.0,26126.0,25644.0,25790.0,29377.0,760247176.0,0.0
MHImain,HKFE,2020-03-02 08:00:00,25963.0,26358.0,25921.0,26272.0,52310.0,1371791615.0,0.0
MHImain,HKFE,2020-03-02 12:00:00,26272.0,26352.0,26208.0,26234.0,21744.0,571671290.0,0.0
MHImain,HKFE,2020-03-02 16:00:00,26236.0,26332.0,25976.0,25977.0,23234.0,609051913.0,0.0
MHImain,HKFE,2020-03-02 20:00:00,25978.0,26116.0,25828.0,26052.0,28167.0,731860356.0,0.0
MHImain,HKFE,2020-03-03 00:00:00,26055.0,26266.0,25944.0,26230.0,17932.0,468166363.0,0.0
MHImain,HKFE,2020-03-03 08:00:00,26530.0,26530.0,26310.0,26411.0,45427.0,1199949966.0,0.0
MHImain,HKFE,2020-03-03 12:00:00,26410.0,26478.0,26167.0,26332.0,31943.0,840544009.0,0.0
MHImain,HKFE,2020-03-03 16:00:00,26331.0,26397.0,26194.0,26285.0,21346.0,561875780.0,0.0
MHImain,HKFE,2020-03-03 20:00:00,26284.0,26613.0,26129.0,26398.0,30593.0,804738756.0,0.0
MHImain,HKFE,2020-03-04 00:00:00,26391.0,26477.0,26071.0,26076.0,21914.0,576604752.0,0.0
MHImain,HKFE,2020-03-04 08:00:00,26230.0,26323.0,25971.0,26247.0,45209.0,1182325301.0,0.0
MHImain,HKFE,2020-03-04 12:00:00,26248.0,26320.0,26165.0,26216.0,23634.0,619931919.0,0.0
MHImain,HKFE,2020-03-04 16:00:00,26216.0,26361.0,26150.0,26255.0,21671.0,569126855.0,0.0
MHImain,HKFE,2020-03-04 20:00:00,26253.0,26337.0,26187.0,26267.0,17356.0,455826723.0,0.0
MHImain,HKFE,2020-03-05 00:00:00,26265.0,26350.0,26196.0,26348.0,8970.0,235549537.0,0.0
MHImain,HKFE,2020-03-05 08:00:00,26300.0,26482.0,26241.0,26443.0,48215.0,1270778722.0,0.0
MHImain,HKFE,2020-03-05 12:00:00,26443.0,26768.0,26435.0,26738.0,34558.0,920503224.0,0.0
MHImain,HKFE,2020-03-05 16:00:00,26736.0,26745.0,26533.0,26577.0,24329.0,648466029.0,0.0
MHImain,HKFE,2020-03-05 20:00:00,26577.0,26583.0,26446.0,26512.0,18031.0,477914848.0,0.0
MHImain,HKFE,2020-03-06 00:00:00,26512.0,26548.0,26371.0,26434.0,11136.0,294774561.0,0.0
MHImain,HKFE,2020-03-06 08:00:00,26353.0,26397.0,26125.0,26130.0,47131.0,1236845130.0,0.0
MHImain,HKFE,2020-03-06 12:00:00,26129.0,26152.0,26006.0,26051.0,25154.0,656131161.0,0.0
MHImain,HKFE,2020-03-06 16:00:00,26054.0,26116.0,25715.0,25725.0,29132.0,755714560.0,0.0
MHImain,HKFE,2020-03-06 20:00:00,25725.0,25835.0,25661.0,25771.0,25367.0,653097024.0,0.0
MHImain,HKFE,2020-03-07 00:00:00,25769.0,25864.0,25655.0,25672.0,15693.0,404447468.0,0.0
MHImain,HKFE,2020-03-09 08:00:00,25142.0,25273.0,24923.0,25236.0,68749.0,1722755087.0,0.0
MHImain,HKFE,2020-03-09 12:00:00,25239.0,25254.0,25042.0,25066.0,32900.0,826391858.0,0.0
MHImain,HKFE,2020-03-09 16:00:00,25065.0,25177.0,24813.0,24872.0,39195.0,977963630.0,0.0
MHImain,HKFE,2020-03-09 20:00:00,24871.0,24944.0,24361.0,24779.0,44062.0,1088887104.0,0.0
MHImain,HKFE,2020-03-10 00:00:00,24775.0,25043.0,24635.0,24775.0,21155.0,525625957.0,0.0
MHImain,HKFE,2020-03-10 08:00:00,25140.0,25388.0,24943.0,25161.0,52449.0,1318870689.0,0.0
MHImain,HKFE,2020-03-10 12:00:00,25158.0,25563.0,25152.0,25517.0,39437.0,1002990699.0,0.0
MHImain,HKFE,2020-03-10 16:00:00,25515.0,25743.0,25299.0,25670.0,30362.0,774200842.0,0.0
MHImain,HKFE,2020-03-10 20:00:00,25669.0,25676.0,25333.0,25354.0,38796.0,990180889.0,0.0
MHImain,HKFE,2020-03-11 00:00:00,25353.0,25511.0,25212.0,25494.0,25416.0,643403873.0,0.0
MHImain,HKFE,2020-03-11 08:00:00,25425.0,25480.0,25229.0,25398.0,49345.0,1250631209.0,0.0
MHImain,HKFE,2020-03-11 12:00:00,25399.0,25420.0,25096.0,25140.0,31800.0,801442434.0,0.0
MHImain,HKFE,2020-03-11 16:00:00,25137.0,25314.0,25085.0,25158.0,25610.0,644674674.0,0.0
MHImain,HKFE,2020-03-11 20:00:00,25158.0,25206.0,24994.0,25069.0,27686.0,695024634.0,0.0
MHImain,HKFE,2020-03-12 00:00:00,25066.0,25119.0,24857.0,24875.0,15344.0,383626680.0,0.0
MHImain,HKFE,2020-03-12 08:00:00,24700.0,24700.0,24001.0,24238.0,70704.0,1720014848.0,0.0
MHImain,HKFE,2020-03-12 12:00:00,24237.0,24421.0,24141.0,24219.0,32664.0,792023829.0,0.0
MHImain,HKFE,2020-03-12 16:00:00,24219.0,24312.0,23788.0,23881.0,32105.0,773101013.0,0.0
MHImain,HKFE,2020-03-12 20:00:00,23880.0,23919.0,22871.0,22885.0,50598.0,1174530462.0,0.0
MHImain,HKFE,2020-03-13 00:00:00,22882.0,23326.0,22871.0,22872.0,12487.0,287066550.0,0.0
MHImain,HKFE,2020-03-13 08:00:00,22521.0,23176.0,22116.0,22878.0,73390.0,1666915522.0,0.0
MHImain,HKFE,2020-03-13 12:00:00,22875.0,24173.0,22772.0,23642.0,71494.0,1683494502.0,0.0
MHImain,HKFE,2020-03-13 16:00:00,23646.0,24245.0,23513.0,24245.0,35176.0,840732482.0,0.0
MHImain,HKFE,2020-03-13 20:00:00,24245.0,24750.0,23553.0,23670.0,51651.0,1248868809.0,0.0
MHImain,HKFE,2020-03-14 00:00:00,23673.0,23825.0,23191.0,23750.0,25711.0,604424580.0,0.0
MHImain,HKFE,2020-03-16 08:00:00,23058.0,23540.0,22877.0,23487.0,43695.0,1020290175.0,0.0
MHImain,HKFE,2020-03-16 12:00:00,23493.0,23523.0,22893.0,22918.0,37704.0,873311982.0,0.0
MHImain,HKFE,2020-03-16 16:00:00,22918.0,23099.0,22064.0,22107.0,47141.0,1067233133.0,0.0
MHImain,HKFE,2020-03-16 20:00:00,22111.0,22420.0,21582.0,22390.0,49604.0,1089726656.0,0.0
MHImain,HKFE,2020-03-17 00:00:00,22389.0,22710.0,22008.0,22270.0,27540.0,616665501.0,0.0
MHImain,HKFE,2020-03-17 08:00:00,22768.0,23390.0,22566.0,22970.0,79474.0,1824120125.0,0.0
MHImain,HKFE,2020-03-17 12:00:00,22967.0,23348.0,22869.0,23089.0,48912.0,1128935255.0,0.0
MHImain,HKFE,2020-03-17 16:00:00,23093.0,23291.0,22203.0,22750.0,55796.0,1268241040.0,0.0
MHImain,HKFE,2020-03-17 20:00:00,22743.0,23076.0,22393.0,23069.0,49104.0,1112056611.0,0.0
MHImain,HKFE,2020-03-18 00:00:00,23074.0,23417.0,22922.0,23284.0,31673.0,733153632.0,0.0
MHImain,HKFE,2020-03-18 08:00:00,22688.0,23372.0,22640.0,23338.0,47704.0,1104377580.0,0.0
MHImain,HKFE,2020-03-18 12:00:00,23338.0,23357.0,22265.0,22340.0,56608.0,1288268965.0,0.0
MHImain,HKFE,2020-03-18 16:00:00,22340.0,22393.0,21633.0,21648.0,47937.0,1057872738.0,0.0
MHImain,HKFE,2020-03-18 20:00:00,21645.0,22303.0,21604.0,21923.0,61380.0,1349916012.0,0.0
MHImain,HKFE,2020-03-19 00:00:00,21920.0,22147.0,21511.0,21800.0,35693.0,781597240.0,0.0
MHImain,HKFE,2020-03-19 08:00:00,22008.0,22367.0,20966.0,21221.0,82494.0,1784658606.0,0.0
MHImain,HKFE,2020-03-19 12:00:00,21227.0,21870.0,21106.0,21756.0,65450.0,1406511152.0,0.0
MHImain,HKFE,2020-03-19 16:00:00,21755.0,21978.0,21488.0,21772.0,43167.0,939302215.0,0.0
MHImain,HKFE,2020-03-19 20:00:00,21776.0,21924.0,21494.0,21843.0,54426.0,1181333142.0,0.0
MHImain,HKFE,2020-03-20 00:00:00,21846.0,22300.0,21783.0,22212.0,27938.0,615176137.0,0.0
MHImain,HKFE,2020-03-20 08:00:00,22005.0,22632.0,22002.0,22293.0,60193.0,1345731832.0,0.0
MHImain,HKFE,2020-03-20 12:00:00,22291.0,22706.0,22121.0,22630.0,50871.0,1139684012.0,0.0
MHImain,HKFE,2020-03-20 16:00:00,22628.0,23176.0,22522.0,22829.0,45152.0,1032335245.0,0.0
MHImain,HKFE,2020-03-20 20:00:00,22821.0,22923.0,22457.0,22643.0,47772.0,1085148095.0,0.0
MHImain,HKFE,2020-03-21 00:00:00,22641.0,22665.0,22175.0,22214.0,32671.0,734290109.0,0.0
MHImain,HKFE,2020-03-23 08:00:00,21311.0,21995.0,21300.0,21873.0,54416.0,1184374196.0,0.0
MHImain,HKFE,2020-03-23 12:00:00,21872.0,22065.0,21657.0,21743.0,40739.0,889156847.0,0.0
MHImain,HKFE,2020-03-23 16:00:00,21742.0,21834.0,21397.0,21630.0,36767.0,795813375.0,0.0
MHImain,HKFE,2020-03-23 20:00:00,21632.0,22536.0,21501.0,21816.0,81110.0,1791386094.0,0.0
MHImain,HKFE,2020-03-24 00:00:00,21815.0,22140.0,21517.0,21905.0,34572.0,753812311.0,0.0
MHImain,HKFE,2020-03-24 08:00:00,22505.0,22690.0,22342.0,22452.0,56151.0,1265065575.0,0.0
MHImain,HKFE,2020-03-24 12:00:00,22449.0,22770.0,22357.0,22660.0,45847.0,1033482597.0,0.0
MHImain,HKFE,2020-03-24 16:00:00,22662.0,23142.0,22585.0,22994.0,34664.0,791213265.0,0.0
MHImain,HKFE,2020-03-24 20:00:00,22999.0,23108.0,22790.0,23033.0,34766.0,798184808.0,0.0
MHImain,HKFE,2020-03-25 00:00:00,23032.0,23299.0,22995.0,23103.0,16373.0,378715048.0,0.0
MHImain,HKFE,2020-03-25 08:00:00,23230.0,23492.0,23028.0,23101.0,50665.0,1177968669.0,0.0
MHImain,HKFE,2020-03-25 12:00:00,23103.0,23422.0,23011.0,23358.0,45726.0,1062576151.0,0.0
MHImain,HKFE,2020-03-25 16:00:00,23358.0,23839.0,23164.0,23321.0,48283.0,1134364203.0,0.0
MHImain,HKFE,2020-03-25 20:00:00,23326.0,23570.0,23198.0,23418.0,44213.0,1032821301.0,0.0
MHImain,HKFE,2020-03-26 00:00:00,23416.0,23879.0,23275.0,23844.0,23209.0,546415504.0,0.0
MHImain,HKFE,2020-03-26 08:00:00,23450.0,23453.0,23096.0,23337.0,51223.0,1192089090.0,0.0
MHImain,HKFE,2020-03-26 12:00:00,23336.0,23553.0,23233.0,23305.0,42510.0,993407089.0,0.0
MHImain,HKFE,2020-03-26 16:00:00,23307.0,23350.0,23129.0,23276.0,27911.0,649031963.0,0.0
MHImain,HKFE,2020-03-26 20:00:00,23278.0,23767.0,23135.0,23753.0,39655.0,930233140.0,0.0
MHImain,HKFE,2020-03-27 00:00:00,23752.0,24042.0,23752.0,24010.0,20135.0,480764139.0,0.0
MHImain,HKFE,2020-03-27 08:00:00,23876.0,23890.0,23440.0,23573.0,38265.0,904113790.0,0.0
MHImain,HKFE,2020-03-27 12:00:00,23575.0,23685.0,23387.0,23516.0,31991.0,753056866.0,0.0
MHImain,HKFE,2020-03-27 16:00:00,23519.0,23528.0,23135.0,23218.0,21242.0,496772328.0,0.0
MHImain,HKFE,2020-03-27 20:00:00,23220.0,23224.0,22802.0,22928.0,13789.0,316251592.0,0.0
MHImain,HKFE,2020-03-28 00:00:00,22932.0,23055.0,22869.0,23055.0,4869.0,111835905.0,0.0
MHImain,HKFE,2020-03-30 08:00:00,22769.0,23195.0,22765.0,23077.0,34349.0,792255677.0,0.0
MHImain,HKFE,2020-03-30 12:00:00,23077.0,23518.0,23064.0,23312.0,35671.0,831964465.0,0.0
MHImain,HKFE,2020-03-30 16:00:00,23315.0,23350.0,22914.0,23083.0,28448.0,657473655.0,0.0
MHImain,HKFE,2020-03-30 20:00:00,23083.0,23339.0,23010.0,23325.0,28501.0,660391279.0,0.0
MHImain,HKFE,2020-03-31 00:00:00,23324.0,23424.0,23290.0,23400.0,12410.0,289914763.0,0.0
MHImain,HKFE,2020-03-31 08:00:00,23535.0,23690.0,23362.0,23366.0,43725.0,1028525978.0,0.0
MHImain,HKFE,2020-03-31 12:00:00,23363.0,23478.0,23211.0,23448.0,38665.0,903917577.0,0.0
MHImain,HKFE,2020-03-31 16:00:00,23446.0,23750.0,23348.0,23386.0,30805.0,724510330.0,0.0
MHImain,HKFE,2020-03-31 20:00:00,23386.0,23728.0,23330.0,23656.0,29436.0,692808742.0,0.0
MHImain,HKFE,2020-04-01 00:00:00,23655.0,23730.0,23442.0,23555.0,12730.0,300182722.0,0.0
MHImain,HKFE,2020-04-01 08:00:00,23348.0,23554.0,23208.0,23462.0,47575.0,1114781314.0,0.0
MHImain,HKFE,2020-04-01 12:00:00,23462.0,23480.0,22888.0,23009.0,49819.0,1152749045.0,0.0
MHImain,HKFE,2020-04-01 16:00:00,23010.0,23082.0,22900.0,22933.0,27314.0,627991124.0,0.0
MHImain,HKFE,2020-04-01 20:00:00,22931.0,23045.0,22893.0,23010.0,22160.0,508974863.0,0.0
MHImain,HKFE,2020-04-02 00:00:00,23013.0,23024.0,22560.0,22622.0,17572.0,399555136.0,0.0
MHImain,HKFE,2020-04-02 08:00:00,22688.0,23034.0,22632.0,22981.0,42057.0,962233942.0,0.0
MHImain,HKFE,2020-04-02 12:00:00,22984.0,23220.0,22947.0,23198.0,33720.0,778457321.0,0.0
MHImain,HKFE,2020-04-02 16:00:00,23200.0,23283.0,23089.0,23143.0,23952.0,555623868.0,0.0
MHImain,HKFE,2020-04-02 20:00:00,23147.0,23281.0,22906.0,23116.0,35753.0,825488621.0,0.0
MHImain,HKFE,2020-04-03 00:00:00,23119.0,23183.0,22927.0,23080.0,13876.0,320169945.0,0.0
MHImain,HKFE,2020-04-03 08:00:00,23065.0,23214.0,23000.0,23100.0,35996.0,832221330.0,0.0
MHImain,HKFE,2020-04-03 12:00:00,23100.0,23172.0,23015.0,23140.0,27136.0,626718612.0,0.0
MHImain,HKFE,2020-04-03 16:00:00,23140.0,23248.0,23091.0,23145.0,18088.0,418933907.0,0.0
MHImain,HKFE,2020-04-03 20:00:00,23144.0,23365.0,23121.0,23141.0,25123.0,584175958.0,0.0
MHImain,HKFE,2020-04-04 00:00:00,23141.0,23146.0,22973.0,23060.0,14298.0,329412924.0,0.0
MHImain,HKFE,2020-04-06 08:00:00,23706.0,23724.0,23274.0,23468.0,42129.0,987499010.0,0.0
MHImain,HKFE,2020-04-06 12:00:00,23470.0,23865.0,23413.0,23747.0,35078.0,830296972.0,0.0
MHImain,HKFE,2020-04-06 16:00:00,23746.0,23805.0,23679.0,23720.0,18338.0,435305981.0,0.0
MHImain,HKFE,2020-04-06 20:00:00,23721.0,23950.0,23685.0,23903.0,17752.0,423016301.0,0.0
MHImain,HKFE,2020-04-07 00:00:00,23903.0,23999.0,23886.0,23985.0,6969.0,166848581.0,0.0
MHImain,HKFE,2020-04-07 08:00:00,24010.0,24158.0,23772.0,23901.0,43516.0,1041694164.0,0.0
MHImain,HKFE,2020-04-07 12:00:00,23898.0,24193.0,23748.0,24179.0,34689.0,831406135.0,0.0
MHImain,HKFE,2020-04-07 16:00:00,24180.0,24537.0,24147.0,24518.0,29237.0,711084587.0,0.0
MHImain,HKFE,2020-04-07 20:00:00,24517.0,24605.0,24190.0,24256.0,26668.0,650930595.0,0.0
MHImain,HKFE,2020-04-08 00:00:00,24263.0,24385.0,24060.0,24090.0,13124.0,318430345.0,0.0
MHImain,HKFE,2020-04-08 08:00:00,24091.0,24221.0,23959.0,23983.0,36373.0,875401154.0,0.0
MHImain,HKFE,2020-04-08 12:00:00,23983.0,24163.0,23841.0,23946.0,36482.0,875407419.0,0.0
MHImain,HKFE,2020-04-08 16:00:00,23949.0,23971.0,23760.0,23951.0,21574.0,515379762.0,0.0
MHImain,HKFE,2020-04-08 20:00:00,23953.0,24031.0,23845.0,24026.0,19141.0,458315056.0,0.0
MHImain,HKFE,2020-04-09 00:00:00,24024.0,24168.0,24016.0,24141.0,11110.0,267705169.0,0.0
MHImain,HKFE,2020-04-09 08:00:00,24215.0,24249.0,24018.0,24113.0,34138.0,823168050.0,0.0
MHImain,HKFE,2020-04-09 12:00:00,24115.0,24280.0,24057.0,24280.0,23285.0,562216600.0,0.0
MHImain,HKFE,2020-04-09 16:00:00,24281.0,24342.0,24040.0,24097.0,22243.0,538742136.0,0.0
MHImain,HKFE,2020-04-09 20:00:00,24097.0,24380.0,23958.0,24256.0,29429.0,711960448.0,0.0
MHImain,HKFE,2020-04-10 00:00:00,24254.0,24444.0,24200.0,24234.0,11594.0,282068217.0,0.0
MHImain,HKFE,2020-04-14 08:00:00,24266.0,24597.0,24240.0,24464.0,38132.0,931216413.0,0.0
MHImain,HKFE,2020-04-14 12:00:00,24463.0,24563.0,24414.0,24514.0,18834.0,461194876.0,0.0
MHImain,HKFE,2020-04-14 16:00:00,24513.0,24513.0,24353.0,24395.0,13838.0,337831963.0,0.0
MHImain,HKFE,2020-04-14 20:00:00,24393.0,24565.0,24378.0,24459.0,14226.0,348275477.0,0.0
MHImain,HKFE,2020-04-15 00:00:00,24462.0,24539.0,24434.0,24491.0,6147.0,150509338.0,0.0
MHImain,HKFE,2020-04-15 08:00:00,24420.0,24611.0,24289.0,24407.0,33421.0,817383600.0,0.0
MHImain,HKFE,2020-04-15 12:00:00,24407.0,24434.0,24183.0,24236.0,24310.0,590986637.0,0.0
MHImain,HKFE,2020-04-15 16:00:00,24236.0,24260.0,23943.0,23993.0,21386.0,515141780.0,0.0
MHImain,HKFE,2020-04-15 20:00:00,23992.0,24014.0,23818.0,23858.0,18538.0,442794438.0,0.0
MHImain,HKFE,2020-04-16 00:00:00,23862.0,24013.0,23793.0,24012.0,9841.0,234856336.0,0.0
MHImain,HKFE,2020-04-16 08:00:00,23950.0,24098.0,23825.0,23955.0,38269.0,916886299.0,0.0
MHImain,HKFE,2020-04-16 12:00:00,23955.0,24107.0,23924.0,24078.0,22569.0,541449097.0,0.0
MHImain,HKFE,2020-04-16 16:00:00,24078.0,24124.0,23858.0,23928.0,17737.0,425551122.0,0.0
MHImain,HKFE,2020-04-16 20:00:00,23926.0,24009.0,23828.0,23958.0,16963.0,405732328.0,0.0
MHImain,HKFE,2020-04-17 00:00:00,23958.0,24007.0,23855.0,23908.0,9558.0,228626556.0,0.0
MHImain,HKFE,2020-04-17 08:00:00,24488.0,24686.0,24441.0,24564.0,39043.0,958958620.0,0.0
MHImain,HKFE,2020-04-17 12:00:00,24564.0,24649.0,24266.0,24374.0,31414.0,769280208.0,0.0
MHImain,HKFE,2020-04-17 16:00:00,24377.0,24448.0,24293.0,24433.0,19722.0,480571381.0,0.0
MHImain,HKFE,2020-04-17 20:00:00,24433.0,24456.0,24244.0,24290.0,14742.0,358889266.0,0.0
MHImain,HKFE,2020-04-18 00:00:00,24287.0,24332.0,24248.0,24286.0,5986.0,145401214.0,0.0
MHImain,HKFE,2020-04-20 08:00:00,24319.0,24443.0,24175.0,24423.0,38448.0,936043668.0,0.0
MHImain,HKFE,2020-04-20 12:00:00,24426.0,24474.0,24270.0,24371.0,24586.0,598698502.0,0.0
MHImain,HKFE,2020-04-20 16:00:00,24370.0,24376.0,24151.0,24163.0,16501.0,400592958.0,0.0
MHImain,HKFE,2020-04-20 20:00:00,24163.0,24320.0,24067.0,24272.0,16033.0,387470248.0,0.0
MHImain,HKFE,2020-04-21 00:00:00,24273.0,24341.0,24085.0,24095.0,7297.0,176970332.0,0.0
MHImain,HKFE,2020-04-21 08:00:00,24160.0,24245.0,23630.0,23762.0,54242.0,1295864147.0,0.0
MHImain,HKFE,2020-04-21 12:00:00,23760.0,23902.0,23697.0,23825.0,23125.0,550025927.0,0.0
MHImain,HKFE,2020-04-21 16:00:00,23825.0,23880.0,23538.0,23568.0,21272.0,504237624.0,0.0
MHImain,HKFE,2020-04-21 20:00:00,23568.0,23643.0,23482.0,23492.0,19276.0,454140156.0,0.0
MHImain,HKFE,2020-04-22 00:00:00,23491.0,23532.0,23418.0,23435.0,9762.0,229251173.0,0.0
MHImain,HKFE,2020-04-22 08:00:00,23494.0,23660.0,23437.0,23608.0,38809.0,914073044.0,0.0
MHImain,HKFE,2020-04-22 12:00:00,23608.0,23917.0,23557.0,23873.0,29739.0,706266540.0,0.0
MHImain,HKFE,2020-04-22 16:00:00,23869.0,23957.0,23828.0,23910.0,15783.0,376897730.0,0.0
MHImain,HKFE,2020-04-22 20:00:00,23911.0,23964.0,23832.0,23892.0,12502.0,298745321.0,0.0
MHImain,HKFE,2020-04-23 00:00:00,23890.0,23923.0,23868.0,23915.0,3566.0,85220383.0,0.0
MHImain,HKFE,2020-04-23 08:00:00,23915.0,24096.0,23759.0,23936.0,40105.0,960098640.0,0.0
MHImain,HKFE,2020-04-23 12:00:00,23935.0,24069.0,23893.0,23993.0,24396.0,585193558.0,0.0
MHImain,HKFE,2020-04-23 16:00:00,23993.0,24026.0,23890.0,23980.0,13719.0,328721869.0,0.0
MHImain,HKFE,2020-04-23 20:00:00,23982.0,24238.0,23937.0,24184.0,16458.0,396710444.0,0.0
MHImain,HKFE,2020-04-24 00:00:00,24187.0,24198.0,23952.0,24047.0,11314.0,272300820.0,0.0
MHImain,HKFE,2020-04-24 08:00:00,23850.0,23936.0,23677.0,23905.0,36217.0,862603538.0,0.0
MHImain,HKFE,2020-04-24 12:00:00,23905.0,23908.0,23757.0,23885.0,18325.0,436784951.0,0.0
MHImain,HKFE,2020-04-24 16:00:00,23884.0,24029.0,23800.0,24010.0,15356.0,366918816.0,0.0
MHImain,HKFE,2020-04-24 20:00:00,24011.0,24020.0,23850.0,23870.0,10715.0,256654350.0,0.0
MHImain,HKFE,2020-04-25 00:00:00,23870.0,24011.0,23860.0,23988.0,5610.0,134258232.0,0.0
MHImain,HKFE,2020-04-27 08:00:00,24013.0,24277.0,24013.0,24213.0,25925.0,626898011.0,0.0
MHImain,HKFE,2020-04-27 12:00:00,24218.0,24333.0,24199.0,24290.0,15354.0,372749471.0,0.0
MHImain,HKFE,2020-04-27 16:00:00,24289.0,24322.0,24193.0,24207.0,8508.0,206559136.0,0.0
MHImain,HKFE,2020-04-27 20:00:00,24207.0,24239.0,24139.0,24231.0,3238.0,78344650.0,0.0
MHImain,HKFE,2020-04-28 00:00:00,24231.0,24318.0,24224.0,24295.0,1730.0,41989118.0,0.0
MHImain,HKFE,2020-04-28 08:00:00,24298.0,24343.0,24053.0,24293.0,31657.0,766212895.0,0.0
MHImain,HKFE,2020-04-28 12:00:00,24294.0,24456.0,24258.0,24408.0,21237.0,517316701.0,0.0
MHImain,HKFE,2020-04-28 16:00:00,24409.0,24734.0,24385.0,24715.0,16679.0,409487909.0,0.0
MHImain,HKFE,2020-04-28 20:00:00,24715.0,24775.0,24512.0,24569.0,14351.0,353863782.0,0.0
MHImain,HKFE,2020-04-29 00:00:00,24568.0,24611.0,24524.0,24529.0,6160.0,151304897.0,0.0
MHImain,HKFE,2020-04-29 08:00:00,24600.0,24778.0,24482.0,24487.0,38373.0,945256280.0,0.0
MHImain,HKFE,2020-04-29 12:00:00,24485.0,24560.0,24441.0,24497.0,18140.0,444398411.0,0.0
MHImain,HKFE,2020-04-29 16:00:00,24496.0,24550.0,24467.0,24519.0,10558.0,258742032.0,0.0
MHImain,HKFE,2020-04-29 20:00:00,24520.0,24714.0,24486.0,24686.0,15085.0,371699194.0,0.0
MHImain,HKFE,2020-04-30 00:00:00,24685.0,24758.0,24678.0,24753.0,5569.0,137663008.0,0.0
MHImain,HKFE,2020-05-04 08:00:00,23780.0,23793.0,23516.0,23567.0,38854.0,917887829.0,0.0
MHImain,HKFE,2020-05-04 12:00:00,23567.0,23575.0,23467.0,23520.0,19115.0,449646346.0,0.0
MHImain,HKFE,2020-05-04 16:00:00,23523.0,23539.0,23242.0,23335.0,17846.0,417540868.0,0.0
MHImain,HKFE,2020-05-04 20:00:00,23336.0,23425.0,23287.0,23367.0,13220.0,308738721.0,0.0
MHImain,HKFE,2020-05-05 00:00:00,23367.0,23415.0,23319.0,23407.0,4727.0,110465867.0,0.0
MHImain,HKFE,2020-05-05 08:00:00,23580.0,23718.0,23526.0,23602.0,31034.0,733107080.0,0.0
MHImain,HKFE,2020-05-05 12:00:00,23602.0,23724.0,23586.0,23720.0,14443.0,341713867.0,0.0
MHImain,HKFE,2020-05-05 16:00:00,23720.0,23800.0,23611.0,23706.0,18796.0,445900533.0,0.0
MHImain,HKFE,2020-05-05 20:00:00,23708.0,23772.0,23680.0,23754.0,8934.0,212018925.0,0.0
MHImain,HKFE,2020-05-06 00:00:00,23755.0,23830.0,23742.0,23830.0,5305.0,126161541.0,0.0
MHImain,HKFE,2020-05-06 08:00:00,23630.0,23967.0,23622.0,23920.0,35233.0,840429752.0,0.0
MHImain,HKFE,2020-05-06 12:00:00,23921.0,24133.0,23889.0,24106.0,22351.0,536654489.0,0.0
MHImain,HKFE,2020-05-06 16:00:00,24105.0,24112.0,24019.0,24054.0,11889.0,286106670.0,0.0
MHImain,HKFE,2020-05-06 20:00:00,24052.0,24060.0,23838.0,23862.0,14508.0,347232725.0,0.0
MHImain,HKFE,2020-05-07 00:00:00,23860.0,23897.0,23812.0,23875.0,5906.0,140875720.0,0.0
MHImain,HKFE,2020-05-07 08:00:00,23909.0,23964.0,23770.0,23947.0,32984.0,787403293.0,0.0
MHImain,HKFE,2020-05-07 12:00:00,23947.0,23969.0,23809.0,23844.0,16505.0,393923710.0,0.0
MHImain,HKFE,2020-05-07 16:00:00,23843.0,23952.0,23824.0,23892.0,14712.0,351530655.0,0.0
MHImain,HKFE,2020-05-07 20:00:00,23894.0,23948.0,23792.0,23819.0,11556.0,275981369.0,0.0
MHImain,HKFE,2020-05-08 00:00:00,23821.0,23924.0,23801.0,23835.0,6402.0,152832261.0,0.0
MHImain,HKFE,2020-05-08 08:00:00,24080.0,24196.0,23996.0,24128.0,34429.0,829150092.0,0.0
MHImain,HKFE,2020-05-08 12:00:00,24131.0,24180.0,24046.0,24077.0,15552.0,375154232.0,0.0
MHImain,HKFE,2020-05-08 16:00:00,24079.0,24167.0,24071.0,24135.0,9519.0,229572171.0,0.0
MHImain,HKFE,2020-05-08 20:00:00,24134.0,24294.0,24104.0,24254.0,13028.0,315174063.0,0.0
MHImain,HKFE,2020-05-09 00:00:00,24255.0,24279.0,24181.0,24193.0,4205.0,101895758.0,0.0
MHImain,HKFE,2020-05-11 08:00:00,24350.0,24700.0,24316.0,24633.0,29737.0,730894316.0,0.0
MHImain,HKFE,2020-05-11 12:00:00,24635.0,24646.0,24457.0,24518.0,17924.0,439927913.0,0.0
MHImain,HKFE,2020-05-11 16:00:00,24520.0,24548.0,24300.0,24338.0,13935.0,340638027.0,0.0
MHImain,HKFE,2020-05-11 20:00:00,24339.0,24343.0,24184.0,24239.0,13598.0,329818901.0,0.0
MHImain,HKFE,2020-05-12 00:00:00,24240.0,24373.0,24233.0,24333.0,5605.0,136235813.0,0.0
MHImain,HKFE,2020-05-12 08:00:00,24247.0,24317.0,24001.0,24113.0,36847.0,889660103.0,0.0
MHImain,HKFE,2020-05-12 12:00:00,24115.0,24164.0,24018.0,24081.0,20309.0,489141093.0,0.0
MHImain,HKFE,2020-05-12 16:00:00,24079.0,24259.0,24075.0,24254.0,14759.0,356407000.0,0.0
MHImain,HKFE,2020-05-12 20:00:00,24255.0,24345.0,24190.0,24330.0,12421.0,301440311.0,0.0
MHImain,HKFE,2020-05-13 00:00:00,24330.0,24353.0,24201.0,24242.0,6217.0,150967241.0,0.0
MHImain,HKFE,2020-05-13 08:00:00,23950.0,24192.0,23877.0,24116.0,39964.0,960309495.0,0.0
MHImain,HKFE,2020-05-13 12:00:00,24114.0,24246.0,24102.0,24213.0,20057.0,484949789.0,0.0
MHImain,HKFE,2020-05-13 16:00:00,24217.0,24267.0,24052.0,24233.0,17403.0,420400643.0,0.0
MHImain,HKFE,2020-05-13 20:00:00,24232.0,24303.0,24125.0,24159.0,17565.0,425258625.0,0.0
MHImain,HKFE,2020-05-14 00:00:00,24158.0,24162.0,23832.0,23833.0,15949.0,382099222.0,0.0
MHImain,HKFE,2020-05-14 08:00:00,23938.0,23964.0,23639.0,23838.0,42465.0,1009781491.0,0.0
MHImain,HKFE,2020-05-14 12:00:00,23838.0,23874.0,23677.0,23711.0,20056.0,476334143.0,0.0
MHImain,HKFE,2020-05-14 16:00:00,23710.0,23770.0,23587.0,23588.0,18460.0,437370771.0,0.0
MHImain,HKFE,2020-05-14 20:00:00,23588.0,23687.0,23421.0,23652.0,25898.0,609186424.0,0.0
MHImain,HKFE,2020-05-15 00:00:00,23651.0,23758.0,23601.0,23717.0,11795.0,279137375.0,0.0
MHImain,HKFE,2020-05-15 08:00:00,23781.0,23842.0,23544.0,23698.0,42324.0,1002605591.0,0.0
MHImain,HKFE,2020-05-15 12:00:00,23700.0,23913.0,23687.0,23714.0,25578.0,608189266.0,0.0
MHImain,HKFE,2020-05-15 16:00:00,23715.0,23766.0,23457.0,23487.0,20785.0,491685205.0,0.0
MHImain,HKFE,2020-05-15 20:00:00,23487.0,23543.0,23388.0,23425.0,20997.0,492521839.0,0.0
MHImain,HKFE,2020-05-16 00:00:00,23421.0,23508.0,23408.0,23450.0,7597.0,178214895.0,0.0
MHImain,HKFE,2020-05-18 08:00:00,23648.0,23886.0,23604.0,23813.0,36055.0,856568642.0,0.0
MHImain,HKFE,2020-05-18 12:00:00,23813.0,23862.0,23750.0,23794.0,17373.0,413551711.0,0.0
MHImain,HKFE,2020-05-18 16:00:00,23795.0,23935.0,23786.0,23894.0,14417.0,344059038.0,0.0
MHImain,HKFE,2020-05-18 20:00:00,23894.0,24316.0,23884.0,24310.0,19146.0,461696975.0,0.0
MHImain,HKFE,2020-05-19 00:00:00,24311.0,24397.0,24301.0,24376.0,8183.0,199280213.0,0.0
MHImain,HKFE,2020-05-19 08:00:00,24303.0,24550.0,24250.0,24262.0,42015.0,1026151065.0,0.0
MHImain,HKFE,2020-05-19 12:00:00,24262.0,24456.0,24245.0,24438.0,22781.0,554711289.0,0.0
MHImain,HKFE,2020-05-19 16:00:00,24440.0,24441.0,24259.0,24318.0,16764.0,408138307.0,0.0
MHImain,HKFE,2020-05-19 20:00:00,24316.0,24385.0,24264.0,24342.0,14072.0,342357757.0,0.0
MHImain,HKFE,2020-05-20 00:00:00,24344.0,24393.0,24290.0,24291.0,4209.0,102516035.0,0.0
MHImain,HKFE,2020-05-20 08:00:00,24330.0,24484.0,24261.0,24296.0,34224.0,834161373.0,0.0
MHImain,HKFE,2020-05-20 12:00:00,24297.0,24358.0,24267.0,24310.0,14291.0,347483320.0,0.0
MHImain,HKFE,2020-05-20 16:00:00,24308.0,24548.0,24296.0,24535.0,13913.0,339584595.0,0.0
MHImain,HKFE,2020-05-20 20:00:00,24535.0,24598.0,24487.0,24598.0,11467.0,281486386.0,0.0
MHImain,HKFE,2020-05-21 00:00:00,24597.0,24636.0,24375.0,24478.0,10121.0,248002013.0,0.0
MHImain,HKFE,2020-05-21 08:00:00,24391.0,24473.0,24120.0,24383.0,44994.0,1093751422.0,0.0
MHImain,HKFE,2020-05-21 12:00:00,24381.0,24398.0,24168.0,24256.0,23209.0,563711485.0,0.0
MHImain,HKFE,2020-05-21 16:00:00,24258.0,24260.0,23954.0,23993.0,20624.0,497645968.0,0.0
MHImain,HKFE,2020-05-21 20:00:00,23996.0,24008.0,23731.0,23768.0,28574.0,681931658.0,0.0
MHImain,HKFE,2020-05-22 00:00:00,23770.0,23836.0,23711.0,23755.0,8806.0,209300007.0,0.0
MHImain,HKFE,2020-05-22 08:00:00,23725.0,23725.0,23277.0,23305.0,54753.0,1283817477.0,0.0
MHImain,HKFE,2020-05-22 12:00:00,23304.0,23312.0,22793.0,22884.0,58703.0,1349894040.0,0.0
MHImain,HKFE,2020-05-22 16:00:00,22884.0,22946.0,22698.0,22938.0,30894.0,705041111.0,0.0
MHImain,HKFE,2020-05-22 20:00:00,22936.0,23029.0,22816.0,22875.0,19581.0,448705234.0,0.0
MHImain,HKFE,2020-05-23 00:00:00,22876.0,22898.0,22783.0,22802.0,6390.0,145952462.0,0.0
MHImain,HKFE,2020-05-25 08:00:00,22825.0,22945.0,22498.0,22725.0,59047.0,1340183736.0,0.0
MHImain,HKFE,2020-05-25 12:00:00,22727.0,22917.0,22657.0,22909.0,24144.0,549411477.0,0.0
MHImain,HKFE,2020-05-25 16:00:00,22911.0,22925.0,22812.0,22884.0,13945.0,318996508.0,0.0
MHImain,HKFE,2020-05-25 20:00:00,22884.0,22884.0,22884.0,22884.0,0.0,0.0,0.0
MHImain,HKFE,2020-05-26 00:00:00,22884.0,22884.0,22884.0,22884.0,0.0,0.0,0.0
MHImain,HKFE,2020-05-26 08:00:00,23168.0,23395.0,23154.0,23317.0,40902.0,952943340.0,0.0
MHImain,HKFE,2020-05-26 12:00:00,23318.0,23478.0,23289.0,23441.0,21507.0,503104863.0,0.0
MHImain,HKFE,2020-05-26 16:00:00,23438.0,23447.0,23305.0,23316.0,14581.0,341000725.0,0.0
MHImain,HKFE,2020-05-26 20:00:00,23315.0,23447.0,23296.0,23446.0,11980.0,280203713.0,0.0
MHImain,HKFE,2020-05-27 00:00:00,23448.0,23450.0,23329.0,23355.0,6381.0,149165745.0,0.0
MHImain,HKFE,2020-05-27 08:00:00,23380.0,23509.0,23119.0,23218.0,42891.0,999583501.0,0.0
MHImain,HKFE,2020-05-27 12:00:00,23219.0,23313.0,23103.0,23163.0,19968.0,463005402.0,0.0
MHImain,HKFE,2020-05-27 16:00:00,23161.0,23233.0,23018.0,23138.0,12212.0,283009128.0,0.0
MHImain,HKFE,2020-05-27 20:00:00,23136.0,23146.0,22826.0,22893.0,9958.0,228746408.0,0.0
MHImain,HKFE,2020-05-28 00:00:00,22892.0,22952.0,22670.0,22801.0,9079.0,207079041.0,0.0
MHImain,HKFE,2020-05-28 08:00:00,22912.0,23237.0,22857.0,22943.0,44836.0,1032933680.0,0.0
MHImain,HKFE,2020-05-28 12:00:00,22943.0,23117.0,22534.0,22893.0,59654.0,1362026369.0,0.0
MHImain,HKFE,2020-05-28 16:00:00,22894.0,22982.0,22773.0,22819.0,27728.0,634329211.0,0.0
MHImain,HKFE,2020-05-28 20:00:00,22820.0,23018.0,22808.0,22987.0,21174.0,485377020.0,0.0
MHImain,HKFE,2020-05-29 00:00:00,22991.0,23078.0,22924.0,23041.0,6500.0,149528920.0,0.0
MHImain,HKFE,2020-05-29 08:00:00,22628.0,22882.0,22388.0,22759.0,55841.0,1268436032.0,0.0
MHImain,HKFE,2020-05-29 12:00:00,22760.0,22852.0,22630.0,22743.0,29147.0,663243650.0,0.0
MHImain,HKFE,2020-05-29 16:00:00,22743.0,22849.0,22630.0,22801.0,24135.0,549035736.0,0.0
MHImain,HKFE,2020-05-29 20:00:00,22803.0,22942.0,22680.0,22733.0,21434.0,488317380.0,0.0
MHImain,HKFE,2020-05-30 00:00:00,22733.0,22860.0,22614.0,22860.0,15760.0,358140280.0,0.0
MHImain,HKFE,2020-06-01 08:00:00,23152.0,23660.0,23152.0,23562.0,52436.0,1232510699.0,0.0
MHImain,HKFE,2020-06-01 12:00:00,23564.0,23656.0,23521.0,23600.0,19341.0,456113699.0,0.0
MHImain,HKFE,2020-06-01 16:00:00,23599.0,23606.0,23300.0,23465.0,23865.0,560001464.0,0.0
MHImain,HKFE,2020-06-01 20:00:00,23464.0,23547.0,23322.0,23500.0,18363.0,430455452.0,0.0
MHImain,HKFE,2020-06-02 00:00:00,23500.0,23625.0,23472.0,23624.0,5906.0,139010257.0,0.0
MHImain,HKFE,2020-06-02 08:00:00,23666.0,23853.0,23517.0,23676.0,48272.0,1143780046.0,0.0
MHImain,HKFE,2020-06-02 12:00:00,23674.0,23786.0,23643.0,23751.0,19713.0,467505661.0,0.0
MHImain,HKFE,2020-06-02 16:00:00,23752.0,24048.0,23726.0,23990.0,19991.0,477404476.0,0.0
MHImain,HKFE,2020-06-02 20:00:00,23990.0,24264.0,23964.0,24115.0,19730.0,475401147.0,0.0
MHImain,HKFE,2020-06-03 00:00:00,24115.0,24170.0,24077.0,24132.0,6283.0,151540439.0,0.0
MHImain,HKFE,2020-06-03 08:00:00,24353.0,24357.0,24084.0,24154.0,46056.0,1113591398.0,0.0
MHImain,HKFE,2020-06-03 12:00:00,24156.0,24219.0,24118.0,24188.0,18363.0,444048587.0,0.0
MHImain,HKFE,2020-06-03 16:00:00,24188.0,24435.0,24134.0,24339.0,20400.0,495209524.0,0.0
MHImain,HKFE,2020-06-03 20:00:00,24337.0,24588.0,24286.0,24584.0,18694.0,457012285.0,0.0
MHImain,HKFE,2020-06-04 00:00:00,24585.0,24618.0,24524.0,24618.0,6938.0,170483707.0,0.0
MHImain,HKFE,2020-06-04 08:00:00,24550.0,24581.0,24117.0,24162.0,49808.0,1210996052.0,0.0
MHImain,HKFE,2020-06-04 12:00:00,24160.0,24284.0,24136.0,24162.0,21654.0,524221001.0,0.0
MHImain,HKFE,2020-06-04 16:00:00,24161.0,24320.0,24130.0,24211.0,18327.0,443649092.0,0.0
MHImain,HKFE,2020-06-04 20:00:00,24212.0,24375.0,24151.0,24290.0,22230.0,539415545.0,0.0
MHImain,HKFE,2020-06-05 00:00:00,24291.0,24294.0,24158.0,24158.0,8058.0,195183460.0,0.0
MHImain,HKFE,2020-06-05 08:00:00,24261.0,24382.0,24171.0,24301.0,36603.0,888453822.0,0.0
MHImain,HKFE,2020-06-05 12:00:00,24301.0,24547.0,24271.0,24533.0,22698.0,554153486.0,0.0
MHImain,HKFE,2020-06-05 16:00:00,24534.0,24781.0,24509.0,24660.0,29293.0,722755136.0,0.0
MHImain,HKFE,2020-06-05 20:00:00,24660.0,25017.0,24647.0,25015.0,26319.0,654965398.0,0.0
MHImain,HKFE,2020-06-06 00:00:00,25014.0,25074.0,24930.0,24977.0,10418.0,260751583.0,0.0
MHImain,HKFE,2020-06-08 08:00:00,24950.0,24985.0,24769.0,24831.0,40298.0,1001602248.0,0.0
MHImain,HKFE,2020-06-08 12:00:00,24829.0,24850.0,24598.0,24707.0,25494.0,629869204.0,0.0
MHImain,HKFE,2020-06-08 16:00:00,24709.0,24864.0,24622.0,24794.0,18664.0,461570472.0,0.0
MHImain,HKFE,2020-06-08 20:00:00,24795.0,24852.0,24682.0,24754.0,13629.0,337728821.0,0.0
MHImain,HKFE,2020-06-09 00:00:00,24756.0,24880.0,24731.0,24879.0,4486.0,111177109.0,0.0
MHImain,HKFE,2020-06-09 08:00:00,24775.0,25083.0,24722.0,24981.0,38219.0,953181752.0,0.0
MHImain,HKFE,2020-06-09 12:00:00,24980.0,25180.0,24966.0,25129.0,20709.0,519725551.0,0.0
MHImain,HKFE,2020-06-09 16:00:00,25130.0,25183.0,24768.0,24857.0,26822.0,669308776.0,0.0
MHImain,HKFE,2020-06-09 20:00:00,24856.0,24936.0,24720.0,24875.0,17929.0,445523241.0,0.0
MHImain,HKFE,2020-06-10 00:00:00,24876.0,24887.0,24786.0,24868.0,6366.0,158103098.0,0.0
MHImain,HKFE,2020-06-10 08:00:00,25000.0,25254.0,24885.0,25022.0,49458.0,1240627645.0,0.0
MHImain,HKFE,2020-06-10 12:00:00,25025.0,25108.0,24939.0,24941.0,21367.0,534925178.0,0.0
MHImain,HKFE,2020-06-10 16:00:00,24940.0,25033.0,24809.0,24922.0,18436.0,459915021.0,0.0
MHImain,HKFE,2020-06-10 20:00:00,24922.0,25039.0,24865.0,24925.0,17571.0,438256451.0,0.0
MHImain,HKFE,2020-06-11 00:00:00,24925.0,25080.0,24831.0,24950.0,9004.0,224570617.0,0.0
MHImain,HKFE,2020-06-11 08:00:00,24900.0,25009.0,24786.0,24858.0,40542.0,1008975465.0,0.0
MHImain,HKFE,2020-06-11 12:00:00,24857.0,24878.0,24460.0,24547.0,38193.0,940429997.0,0.0
MHImain,HKFE,2020-06-11 16:00:00,24549.0,24552.0,24305.0,24353.0,25629.0,626158215.0,0.0
MHImain,HKFE,2020-06-11 20:00:00,24353.0,24355.0,24166.0,24187.0,24167.0,586498838.0,0.0
MHImain,HKFE,2020-06-12 00:00:00,24186.0,24248.0,23860.0,23865.0,18104.0,435356948.0,0.0
MHImain,HKFE,2020-06-12 08:00:00,23890.0,24188.0,23785.0,24052.0,50204.0,1205838364.0,0.0
MHImain,HKFE,2020-06-12 12:00:00,24051.0,24161.0,23991.0,24016.0,27617.0,664635244.0,0.0
MHImain,HKFE,2020-06-12 16:00:00,24018.0,24384.0,23983.0,24317.0,27920.0,675602792.0,0.0
MHImain,HKFE,2020-06-12 20:00:00,24318.0,24376.0,24011.0,24049.0,24623.0,596616345.0,0.0
MHImain,HKFE,2020-06-13 00:00:00,24052.0,24198.0,23953.0,24082.0,22215.0,534817868.0,0.0
MHImain,HKFE,2020-06-15 08:00:00,23913.0,24156.0,23805.0,23999.0,43777.0,1051421021.0,0.0
MHImain,HKFE,2020-06-15 12:00:00,23992.0,24086.0,23556.0,23679.0,47127.0,1119533668.0,0.0
MHImain,HKFE,2020-06-15 16:00:00,23676.0,23857.0,23602.0,23729.0,26591.0,630527737.0,0.0
MHImain,HKFE,2020-06-15 20:00:00,23726.0,23934.0,23675.0,23914.0,24082.0,573179438.0,0.0
MHImain,HKFE,2020-06-16 00:00:00,23910.0,24150.0,23839.0,24085.0,13907.0,333273977.0,0.0
MHImain,HKFE,2020-06-16 08:00:00,24395.0,24474.0,24211.0,24385.0,48327.0,1175747854.0,0.0
MHImain,HKFE,2020-06-16 12:00:00,24382.0,24444.0,24281.0,24326.0,27058.0,659469656.0,0.0
MHImain,HKFE,2020-06-16 16:00:00,24329.0,24471.0,24252.0,24423.0,20793.0,506199478.0,0.0
MHImain,HKFE,2020-06-16 20:00:00,24423.0,24633.0,24097.0,24212.0,32241.0,787862068.0,0.0
MHImain,HKFE,2020-06-17 00:00:00,24213.0,24329.0,24186.0,24287.0,14479.0,351279238.0,0.0
MHImain,HKFE,2020-06-17 08:00:00,24304.0,24390.0,24076.0,24242.0,46747.0,1132874167.0,0.0
MHImain,HKFE,2020-06-17 12:00:00,24241.0,24387.0,24126.0,24309.0,25868.0,627865297.0,0.0
MHImain,HKFE,2020-06-17 16:00:00,24308.0,24474.0,24237.0,24352.0,22616.0,551018311.0,0.0
MHImain,HKFE,2020-06-17 20:00:00,24350.0,24415.0,24273.0,24337.0,17236.0,419499179.0,0.0
MHImain,HKFE,2020-06-18 00:00:00,24340.0,24400.0,24308.0,24362.0,5508.0,134137042.0,0.0
MHImain,HKFE,2020-06-18 08:00:00,24248.0,24323.0,24016.0,24294.0,52135.0,1258665499.0,0.0
MHImain,HKFE,2020-06-18 12:00:00,24295.0,24401.0,24241.0,24354.0,32192.0,783058387.0,0.0
MHImain,HKFE,2020-06-18 16:00:00,24353.0,24501.0,24301.0,24321.0,21229.0,517375729.0,0.0
MHImain,HKFE,2020-06-18 20:00:00,24321.0,24380.0,24208.0,24374.0,18433.0,447753867.0,0.0
MHImain,HKFE,2020-06-19 00:00:00,24372.0,24389.0,24297.0,24374.0,5855.0,142524720.0,0.0
MHImain,HKFE,2020-06-19 08:00:00,24300.0,24466.0,24230.0,24362.0,42237.0,1028585344.0,0.0
MHImain,HKFE,2020-06-19 12:00:00,24362.0,24732.0,24338.0,24679.0,31684.0,777645648.0,0.0
MHImain,HKFE,2020-06-19 16:00:00,24680.0,24707.0,24512.0,24644.0,20628.0,507654127.0,0.0
MHImain,HKFE,2020-06-19 20:00:00,24645.0,24706.0,24545.0,24566.0,12237.0,301384676.0,0.0
MHImain,HKFE,2020-06-20 00:00:00,24566.0,24566.0,24298.0,24426.0,15047.0,367361690.0,0.0
MHImain,HKFE,2020-06-22 08:00:00,24380.0,24624.0,24362.0,24539.0,41762.0,1024469876.0,0.0
MHImain,HKFE,2020-06-22 12:00:00,24537.0,24575.0,24354.0,24462.0,24732.0,605057820.0,0.0
MHImain,HKFE,2020-06-22 16:00:00,24464.0,24558.0,24418.0,24448.0,16294.0,398964619.0,0.0
MHImain,HKFE,2020-06-22 20:00:00,24447.0,24587.0,24423.0,24570.0,12068.0,295797820.0,0.0
MHImain,HKFE,2020-06-23 00:00:00,24573.0,24675.0,24551.0,24659.0,5695.0,140219313.0,0.0
MHImain,HKFE,2020-06-23 08:00:00,24637.0,24803.0,24138.0,24745.0,78385.0,1916534617.0,0.0
MHImain,HKFE,2020-06-23 12:00:00,24745.0,24814.0,24654.0,24776.0,23495.0,581288418.0,0.0
MHImain,HKFE,2020-06-23 16:00:00,24775.0,25018.0,24753.0,24973.0,21787.0,542455616.0,0.0
MHImain,HKFE,2020-06-23 20:00:00,24971.0,25044.0,24939.0,25000.0,11234.0,280800841.0,0.0
MHImain,HKFE,2020-06-24 00:00:00,24996.0,25022.0,24928.0,24940.0,4111.0,102728119.0,0.0
MHImain,HKFE,2020-06-24 08:00:00,25050.0,25128.0,24866.0,24936.0,36902.0,921226764.0,0.0
MHImain,HKFE,2020-06-24 12:00:00,24936.0,24964.0,24830.0,24876.0,19568.0,487093102.0,0.0
MHImain,HKFE,2020-06-24 16:00:00,24878.0,24911.0,24586.0,24700.0,20644.0,510897959.0,0.0
MHImain,HKFE,2020-06-24 20:00:00,24697.0,24749.0,24528.0,24530.0,14617.0,360193784.0,0.0
MHImain,HKFE,2020-06-25 00:00:00,24530.0,24542.0,24376.0,24484.0,13892.0,339793979.0,0.0
MHImain,HKFE,2020-06-26 08:00:00,24522.0,24757.0,24500.0,24629.0,25731.0,634302601.0,0.0
MHImain,HKFE,2020-06-26 12:00:00,24630.0,24686.0,24536.0,24555.0,11640.0,286438162.0,0.0
MHImain,HKFE,2020-06-26 16:00:00,24555.0,24583.0,24378.0,24473.0,9328.0,228710505.0,0.0
MHImain,HKFE,2020-06-26 20:00:00,24474.0,24474.0,24187.0,24264.0,4724.0,114854398.0,0.0
MHImain,HKFE,2020-06-27 00:00:00,24265.0,24305.0,24218.0,24244.0,2510.0,60892167.0,0.0
MHImain,HKFE,2020-06-29 08:00:00,24288.0,24422.0,24036.0,24044.0,38707.0,938528291.0,0.0
MHImain,HKFE,2020-06-29 12:00:00,24044.0,24123.0,23914.0,24053.0,26050.0,626165121.0,0.0
MHImain,HKFE,2020-06-29 16:00:00,24055.0,24180.0,24025.0,24148.0,16729.0,403228627.0,0.0
MHImain,HKFE,2020-06-29 20:00:00,24150.0,24245.0,24081.0,24178.0,13018.0,314619904.0,0.0
MHImain,HKFE,2020-06-30 00:00:00,24174.0,24252.0,24168.0,24228.0,4582.0,111001462.0,0.0
MHImain,HKFE,2020-06-30 08:00:00,24365.0,24406.0,24226.0,24283.0,34733.0,844527130.0,0.0
MHImain,HKFE,2020-06-30 12:00:00,24286.0,24384.0,24057.0,24171.0,29141.0,705609739.0,0.0
MHImain,HKFE,2020-06-30 16:00:00,24173.0,24267.0,24142.0,24233.0,15261.0,369507732.0,0.0
MHImain,HKFE,2020-06-30 20:00:00,24233.0,24289.0,24140.0,24230.0,10719.0,259392317.0,0.0
MHImain,HKFE,2020-07-01 00:00:00,24231.0,24272.0,24128.0,24161.0,5935.0,143599414.0,0.0
MHImain,HKFE,2020-07-02 08:00:00,24410.0,24821.0,24360.0,24752.0,50022.0,1235031278.0,0.0
MHImain,HKFE,2020-07-02 12:00:00,24755.0,24948.0,24680.0,24933.0,24037.0,596024394.0,0.0
MHImain,HKFE,2020-07-02 16:00:00,24932.0,25154.0,24889.0,25044.0,22398.0,560674393.0,0.0
MHImain,HKFE,2020-07-02 20:00:00,25041.0,25227.0,24998.0,25011.0,17027.0,427666063.0,0.0
MHImain,HKFE,2020-07-03 00:00:00,25011.0,25149.0,24989.0,25108.0,4529.0,113586511.0,0.0
MHImain,HKFE,2020-07-03 08:00:00,25110.0,25345.0,25088.0,25219.0,41303.0,1041854857.0,0.0
MHImain,HKFE,2020-07-03 12:00:00,25217.0,25411.0,25188.0,25391.0,24625.0,623013014.0,0.0
MHImain,HKFE,2020-07-03 16:00:00,25390.0,25418.0,25212.0,25280.0,16699.0,422627867.0,0.0
MHImain,HKFE,2020-07-03 20:00:00,25280.0,25281.0,25166.0,25194.0,5212.0,131485754.0,0.0
MHImain,HKFE,2020-07-04 00:00:00,25193.0,25262.0,25181.0,25240.0,2007.0,50611182.0,0.0
MHImain,HKFE,2020-07-06 08:00:00,25489.0,25990.0,25488.0,25985.0,45407.0,1171197371.0,0.0
MHImain,HKFE,2020-07-06 12:00:00,25987.0,26317.0,25983.0,26298.0,42150.0,1102245221.0,0.0
MHImain,HKFE,2020-07-06 16:00:00,26297.0,26443.0,26212.0,26322.0,23491.0,618592619.0,0.0
MHImain,HKFE,2020-07-06 20:00:00,26321.0,26591.0,26320.0,26568.0,15263.0,404128566.0,0.0
MHImain,HKFE,2020-07-07 00:00:00,26569.0,26586.0,26475.0,26505.0,5423.0,143841899.0,0.0
MHImain,HKFE,2020-07-07 08:00:00,26620.0,26791.0,26215.0,26370.0,64294.0,1699459564.0,0.0
MHImain,HKFE,2020-07-07 12:00:00,26373.0,26429.0,26122.0,26163.0,29013.0,761950044.0,0.0
MHImain,HKFE,2020-07-07 16:00:00,26162.0,26177.0,25874.0,26034.0,24228.0,630122288.0,0.0
MHImain,HKFE,2020-07-07 20:00:00,26035.0,26222.0,26003.0,26190.0,11815.0,308560796.0,0.0
MHImain,HKFE,2020-07-08 00:00:00,26193.0,26226.0,26049.0,26066.0,4578.0,119666907.0,0.0
MHImain,HKFE,2020-07-08 08:00:00,26108.0,26328.0,25877.0,26160.0,55326.0,1444146246.0,0.0
MHImain,HKFE,2020-07-08 12:00:00,26159.0,26173.0,25930.0,26099.0,33557.0,874772978.0,0.0
MHImain,HKFE,2020-07-08 16:00:00,26099.0,26207.0,25957.0,26058.0,20443.0,533071529.0,0.0
MHImain,HKFE,2020-07-08 20:00:00,26058.0,26174.0,26026.0,26139.0,11218.0,292953301.0,0.0
MHImain,HKFE,2020-07-09 00:00:00,26141.0,26273.0,26061.0,26268.0,7953.0,208182327.0,0.0
MHImain,HKFE,2020-07-09 08:00:00,26300.0,26389.0,26085.0,26255.0,53845.0,1413520240.0,0.0
MHImain,HKFE,2020-07-09 12:00:00,26255.0,26279.0,26002.0,26151.0,31081.0,813211385.0,0.0
MHImain,HKFE,2020-07-09 16:00:00,26152.0,26277.0,26126.0,26199.0,15438.0,404479106.0,0.0
MHImain,HKFE,2020-07-09 20:00:00,26199.0,26314.0,25975.0,26020.0,16170.0,422841222.0,0.0
MHImain,HKFE,2020-07-10 00:00:00,26020.0,26069.0,25865.0,26030.0,10537.0,273537651.0,0.0
MHImain,HKFE,2020-07-10 08:00:00,26014.0,26168.0,25838.0,25968.0,49817.0,1295058574.0,0.0
MHImain,HKFE,2020-07-10 12:00:00,25969.0,25975.0,25575.0,25617.0,37581.0,966637149.0,0.0
MHImain,HKFE,2020-07-10 16:00:00,25618.0,25827.0,25549.0,25816.0,19975.0,512842333.0,0.0
MHImain,HKFE,2020-07-10 20:00:00,25819.0,25867.0,25663.0,25776.0,15946.0,411044305.0,0.0
MHImain,HKFE,2020-07-11 00:00:00,25781.0,25812.0,25691.0,25766.0,5685.0,146411516.0,0.0
MHImain,HKFE,2020-07-13 08:00:00,25842.0,25943.0,25729.0,25899.0,42421.0,1096378658.0,0.0
MHImain,HKFE,2020-07-13 12:00:00,25901.0,26110.0,25871.0,25880.0,30663.0,797014728.0,0.0
MHImain,HKFE,2020-07-13 16:00:00,25879.0,25925.0,25716.0,25838.0,17755.0,458299881.0,0.0
MHImain,HKFE,2020-07-13 20:00:00,25836.0,26030.0,25784.0,25983.0,13210.0,341979002.0,0.0
MHImain,HKFE,2020-07-14 00:00:00,25982.0,26015.0,25820.0,25859.0,6347.0,164659379.0,0.0
MHImain,HKFE,2020-07-14 08:00:00,25657.0,25677.0,25254.0,25356.0,63015.0,1605229087.0,0.0
MHImain,HKFE,2020-07-14 12:00:00,25356.0,25528.0,25283.0,25461.0,35941.0,912590521.0,0.0
MHImain,HKFE,2020-07-14 16:00:00,25461.0,25592.0,25321.0,25508.0,21510.0,547695262.0,0.0
MHImain,HKFE,2020-07-14 20:00:00,25508.0,25623.0,25427.0,25611.0,19420.0,495521675.0,0.0
MHImain,HKFE,2020-07-15 00:00:00,25614.0,25737.0,25588.0,25693.0,8029.0,206068008.0,0.0
MHImain,HKFE,2020-07-15 08:00:00,25790.0,25898.0,25432.0,25433.0,54089.0,1388061251.0,0.0
MHImain,HKFE,2020-07-15 12:00:00,25432.0,25547.0,25306.0,25410.0,40230.0,1022774171.0,0.0
MHImain,HKFE,2020-07-15 16:00:00,25409.0,25607.0,25383.0,25600.0,16457.0,419189776.0,0.0
MHImain,HKFE,2020-07-15 20:00:00,25600.0,25666.0,25521.0,25598.0,12563.0,321599846.0,0.0
MHImain,HKFE,2020-07-16 00:00:00,25599.0,25628.0,25473.0,25562.0,7525.0,192233847.0,0.0
MHImain,HKFE,2020-07-16 08:00:00,25500.0,25626.0,25138.0,25183.0,60076.0,1524324370.0,0.0
MHImain,HKFE,2020-07-16 12:00:00,25183.0,25227.0,25005.0,25033.0,44471.0,1117358062.0,0.0
MHImain,HKFE,2020-07-16 16:00:00,25034.0,25094.0,24844.0,25005.0,23903.0,596810948.0,0.0
MHImain,HKFE,2020-07-16 20:00:00,25006.0,25168.0,24985.0,25142.0,15467.0,387746936.0,0.0
MHImain,HKFE,2020-07-17 00:00:00,25142.0,25160.0,25080.0,25093.0,4322.0,108592440.0,0.0
MHImain,HKFE,2020-07-17 08:00:00,25129.0,25258.0,25034.0,25104.0,51035.0,1283396387.0,0.0
MHImain,HKFE,2020-07-17 12:00:00,25103.0,25160.0,25006.0,25105.0,30619.0,768083827.0,0.0
MHImain,HKFE,2020-07-17 16:00:00,25105.0,25220.0,25080.0,25180.0,12992.0,326620588.0,0.0
MHImain,HKFE,2020-07-17 20:00:00,25179.0,25274.0,25108.0,25156.0,10870.0,273681904.0,0.0
MHImain,HKFE,2020-07-18 00:00:00,25153.0,25235.0,25148.0,25162.0,4478.0,112815988.0,0.0
MHImain,HKFE,2020-07-20 08:00:00,25010.0,25169.0,24722.0,25075.0,55759.0,1391751158.0,0.0
MHImain,HKFE,2020-07-20 12:00:00,25073.0,25209.0,25018.0,25023.0,31470.0,790087590.0,0.0
MHImain,HKFE,2020-07-20 16:00:00,25022.0,25140.0,24928.0,25105.0,17467.0,436891202.0,0.0
MHImain,HKFE,2020-07-20 20:00:00,25104.0,25212.0,25068.0,25199.0,10564.0,265466871.0,0.0
MHImain,HKFE,2020-07-21 00:00:00,25199.0,25249.0,25189.0,25245.0,3658.0,92257367.0,0.0
MHImain,HKFE,2020-07-21 08:00:00,25394.0,25529.0,25335.0,25404.0,44964.0,1143861025.0,0.0
MHImain,HKFE,2020-07-21 12:00:00,25405.0,25570.0,25397.0,25498.0,29024.0,740111193.0,0.0
MHImain,HKFE,2020-07-21 16:00:00,25497.0,25699.0,25485.0,25689.0,16059.0,411010038.0,0.0
MHImain,HKFE,2020-07-21 20:00:00,25687.0,25707.0,25511.0,25575.0,13654.0,349453141.0,0.0
MHImain,HKFE,2020-07-22 00:00:00,25576.0,25602.0,25524.0,25525.0,4409.0,112705717.0,0.0
MHImain,HKFE,2020-07-22 08:00:00,25541.0,25788.0,25475.0,25685.0,45289.0,1160805660.0,0.0
MHImain,HKFE,2020-07-22 12:00:00,25685.0,25722.0,25454.0,25492.0,29458.0,752843852.0,0.0
MHImain,HKFE,2020-07-22 16:00:00,25494.0,25544.0,24969.0,25216.0,39414.0,993111040.0,0.0
MHImain,HKFE,2020-07-22 20:00:00,25218.0,25250.0,25066.0,25067.0,13268.0,334041488.0,0.0
MHImain,HKFE,2020-07-23 00:00:00,25066.0,25155.0,25027.0,25101.0,5233.0,131363738.0,0.0
MHImain,HKFE,2020-07-23 08:00:00,25143.0,25325.0,24963.0,25098.0,61080.0,1536091521.0,0.0
MHImain,HKFE,2020-07-23 12:00:00,25097.0,25254.0,25041.0,25205.0,30682.0,771803187.0,0.0
MHImain,HKFE,2020-07-23 16:00:00,25206.0,25270.0,25143.0,25200.0,14083.0,354942636.0,0.0
MHImain,HKFE,2020-07-23 20:00:00,25201.0,25203.0,25059.0,25155.0,12908.0,324308567.0,0.0
MHImain,HKFE,2020-07-24 00:00:00,25155.0,25180.0,24908.0,24950.0,8752.0,219251552.0,0.0
MHImain,HKFE,2020-07-24 08:00:00,25000.0,25106.0,24822.0,24845.0,52571.0,1313006032.0,0.0
MHImain,HKFE,2020-07-24 12:00:00,24843.0,24858.0,24590.0,24634.0,47864.0,1182251738.0,0.0
MHImain,HKFE,2020-07-24 16:00:00,24631.0,24779.0,24574.0,24726.0,19675.0,485230260.0,0.0
MHImain,HKFE,2020-07-24 20:00:00,24730.0,24802.0,24663.0,24769.0,12284.0,303879975.0,0.0
MHImain,HKFE,2020-07-25 00:00:00,24770.0,24825.0,24716.0,24821.0,5174.0,128133820.0,0.0
MHImain,HKFE,2020-07-27 08:00:00,24908.0,24972.0,24692.0,24778.0,45003.0,1118424185.0,0.0
MHImain,HKFE,2020-07-27 12:00:00,24778.0,24813.0,24539.0,24690.0,32461.0,799823451.0,0.0
MHImain,HKFE,2020-07-27 16:00:00,24687.0,24715.0,24582.0,24654.0,14034.0,345866610.0,0.0
MHImain,HKFE,2020-07-27 20:00:00,24654.0,24797.0,24643.0,24760.0,9071.0,224220584.0,0.0
MHImain,HKFE,2020-07-28 00:00:00,24761.0,24785.0,24703.0,24754.0,3791.0,93799612.0,0.0
MHImain,HKFE,2020-07-28 08:00:00,24938.0,24988.0,24700.0,24721.0,38469.0,955143269.0,0.0
MHImain,HKFE,2020-07-28 12:00:00,24718.0,24738.0,24647.0,24725.0,18884.0,466384418.0,0.0
MHImain,HKFE,2020-07-28 16:00:00,24724.0,24807.0,24658.0,24729.0,12066.0,298675719.0,0.0
MHImain,HKFE,2020-07-28 20:00:00,24731.0,24746.0,24657.0,24720.0,9429.0,232920652.0,0.0
MHImain,HKFE,2020-07-29 00:00:00,24721.0,24739.0,24694.0,24724.0,2761.0,68234486.0,0.0
MHImain,HKFE,2020-07-29 08:00:00,24708.0,24908.0,24667.0,24843.0,29116.0,722156216.0,0.0
MHImain,HKFE,2020-07-29 12:00:00,24843.0,24870.0,24671.0,24846.0,17968.0,445369158.0,0.0
MHImain,HKFE,2020-07-29 16:00:00,24848.0,24906.0,24793.0,24871.0,7820.0,194307946.0,0.0
MHImain,HKFE,2020-07-29 20:00:00,24869.0,24923.0,24838.0,24908.0,3253.0,80911689.0,0.0
MHImain,HKFE,2020-07-30 00:00:00,24906.0,24958.0,24853.0,24946.0,1921.0,47824122.0,0.0
MHImain,HKFE,2020-07-30 08:00:00,24900.0,25087.0,24851.0,25074.0,35067.0,875151259.0,0.0
MHImain,HKFE,2020-07-30 12:00:00,25075.0,25188.0,24677.0,24682.0,39955.0,997038011.0,0.0
MHImain,HKFE,2020-07-30 16:00:00,24682.0,24721.0,24536.0,24621.0,23300.0,573924883.0,0.0
MHImain,HKFE,2020-07-30 20:00:00,24621.0,24670.0,24371.0,24430.0,19579.0,479893427.0,0.0
MHImain,HKFE,2020-07-31 00:00:00,24429.0,24664.0,24424.0,24651.0,8924.0,219009123.0,0.0
MHImain,HKFE,2020-07-31 08:00:00,24728.0,24928.0,24481.0,24591.0,50810.0,1257742868.0,0.0
MHImain,HKFE,2020-07-31 12:00:00,24590.0,24750.0,24551.0,24635.0,32716.0,806824792.0,0.0
MHImain,HKFE,2020-07-31 16:00:00,24637.0,24683.0,24508.0,24568.0,16515.0,406186768.0,0.0
MHImain,HKFE,2020-07-31 20:00:00,24570.0,24570.0,24376.0,24437.0,14788.0,361741222.0,0.0
MHImain,HKFE,2020-08-01 00:00:00,24436.0,24449.0,24272.0,24367.0,9397.0,228790619.0,0.0
MHImain,HKFE,2020-08-03 08:00:00,24558.0,24605.0,24184.0,24362.0,53026.0,1294296914.0,0.0
MHImain,HKFE,2020-08-03 12:00:00,24362.0,24396.0,24240.0,24343.0,26333.0,640566324.0,0.0
MHImain,HKFE,2020-08-03 16:00:00,24345.0,24455.0,24271.0,24453.0,15826.0,385522768.0,0.0
MHImain,HKFE,2020-08-03 20:00:00,24455.0,24515.0,24400.0,24487.0,10349.0,253167642.0,0.0
MHImain,HKFE,2020-08-04 00:00:00,24486.0,24548.0,24450.0,24530.0,3845.0,94166381.0,0.0
MHImain,HKFE,2020-08-04 08:00:00,24600.0,24678.0,24488.0,24573.0,45330.0,1114579520.0,0.0
MHImain,HKFE,2020-08-04 12:00:00,24570.0,25027.0,24544.0,24980.0,41857.0,1038726072.0,0.0
MHImain,HKFE,2020-08-04 16:00:00,24982.0,25069.0,24860.0,24927.0,22005.0,549234799.0,0.0
MHImain,HKFE,2020-08-04 20:00:00,24928.0,24928.0,24800.0,24898.0,11219.0,278978979.0,0.0
MHImain,HKFE,2020-08-05 00:00:00,24897.0,24968.0,24862.0,24922.0,4978.0,124013869.0,0.0
MHImain,HKFE,2020-08-05 08:00:00,24950.0,25090.0,24840.0,25023.0,43909.0,1095471088.0,0.0
MHImain,HKFE,2020-08-05 12:00:00,25022.0,25152.0,24951.0,25040.0,28718.0,719025006.0,0.0
MHImain,HKFE,2020-08-05 16:00:00,25040.0,25168.0,25011.0,25090.0,17843.0,447622168.0,0.0
MHImain,HKFE,2020-08-05 20:00:00,25089.0,25145.0,25041.0,25145.0,9038.0,226845940.0,0.0
MHImain,HKFE,2020-08-06 00:00:00,25145.0,25163.0,25026.0,25034.0,4697.0,117893482.0,0.0
MHImain,HKFE,2020-08-06 08:00:00,25121.0,25230.0,24592.0,24672.0,67192.0,1671261293.0,0.0
MHImain,HKFE,2020-08-06 12:00:00,24675.0,24835.0,24649.0,24809.0,30097.0,744160379.0,0.0
MHImain,HKFE,2020-08-06 16:00:00,24810.0,24968.0,24727.0,24771.0,23593.0,586627294.0,0.0
MHImain,HKFE,2020-08-06 20:00:00,24773.0,24838.0,24662.0,24749.0,14326.0,354671446.0,0.0
MHImain,HKFE,2020-08-07 00:00:00,24747.0,24882.0,24722.0,24877.0,5025.0,124579253.0,0.0
MHImain,HKFE,2020-08-07 08:00:00,24820.0,24925.0,24425.0,24447.0,58926.0,1452491450.0,0.0
MHImain,HKFE,2020-08-07 12:00:00,24448.0,24549.0,24150.0,24416.0,50220.0,1225186824.0,0.0
MHImain,HKFE,2020-08-07 16:00:00,24414.0,24520.0,24331.0,24423.0,17050.0,416705996.0,0.0
MHImain,HKFE,2020-08-07 20:00:00,24421.0,24449.0,24201.0,24398.0,18275.0,444632469.0,0.0
MHImain,HKFE,2020-08-08 00:00:00,24396.0,24419.0,24253.0,24342.0,7086.0,172444044.0,0.0
MHImain,HKFE,2020-08-10 08:00:00,24246.0,24492.0,24222.0,24421.0,48692.0,1186255894.0,0.0
MHImain,HKFE,2020-08-10 12:00:00,24424.0,24506.0,24331.0,24351.0,23068.0,563627397.0,0.0
MHImain,HKFE,2020-08-10 16:00:00,24353.0,24455.0,24306.0,24420.0,14063.0,342836513.0,0.0
MHImain,HKFE,2020-08-10 20:00:00,24420.0,24471.0,24349.0,24370.0,8156.0,199120534.0,0.0
MHImain,HKFE,2020-08-11 00:00:00,24372.0,24518.0,24348.0,24515.0,5103.0,124697688.0,0.0
MHImain,HKFE,2020-08-11 08:00:00,24530.0,24979.0,24527.0,24900.0,44970.0,1116422288.0,0.0
MHImain,HKFE,2020-08-11 12:00:00,24900.0,25030.0,24724.0,24773.0,35540.0,884451951.0,0.0
MHImain,HKFE,2020-08-11 16:00:00,24774.0,24994.0,24764.0,24981.0,16892.0,420150861.0,0.0
MHImain,HKFE,2020-08-11 20:00:00,24980.0,25013.0,24844.0,24948.0,12644.0,315240367.0,0.0
MHImain,HKFE,2020-08-12 00:00:00,24948.0,24953.0,24833.0,24853.0,4650.0,115810528.0,0.0
MHImain,HKFE,2020-08-12 08:00:00,24806.0,24847.0,24653.0,24796.0,48417.0,1198807685.0,0.0
MHImain,HKFE,2020-08-12 12:00:00,24790.0,25174.0,24719.0,25111.0,36608.0,912892831.0,0.0
MHImain,HKFE,2020-08-12 16:00:00,25110.0,25336.0,25076.0,25325.0,19837.0,500138496.0,0.0
MHImain,HKFE,2020-08-12 20:00:00,25326.0,25429.0,25251.0,25388.0,11882.0,301071288.0,0.0
MHImain,HKFE,2020-08-13 00:00:00,25391.0,25432.0,25324.0,25361.0,5239.0,132978432.0,0.0
MHImain,HKFE,2020-08-13 08:00:00,25380.0,25458.0,25154.0,25177.0,47170.0,1192641975.0,0.0
MHImain,HKFE,2020-08-13 12:00:00,25176.0,25232.0,25120.0,25176.0,25902.0,652088946.0,0.0
MHImain,HKFE,2020-08-13 16:00:00,25177.0,25236.0,25094.0,25217.0,15854.0,399117943.0,0.0
MHImain,HKFE,2020-08-13 20:00:00,25215.0,25244.0,25177.0,25190.0,6911.0,174212165.0,0.0
MHImain,HKFE,2020-08-14 00:00:00,25188.0,25198.0,25098.0,25126.0,4606.0,115850235.0,0.0
MHImain,HKFE,2020-08-14 08:00:00,25129.0,25267.0,25028.0,25171.0,40321.0,1014492383.0,0.0
MHImain,HKFE,2020-08-14 12:00:00,25171.0,25358.0,25140.0,25280.0,21652.0,546782858.0,0.0
MHImain,HKFE,2020-08-14 16:00:00,25279.0,25283.0,25013.0,25073.0,20830.0,523554226.0,0.0
MHImain,HKFE,2020-08-14 20:00:00,25075.0,25191.0,25072.0,25164.0,8380.0,210630555.0,0.0
MHImain,HKFE,2020-08-15 00:00:00,25164.0,25199.0,25138.0,25170.0,3552.0,89386838.0,0.0
MHImain,HKFE,2020-08-17 08:00:00,25193.0,25518.0,25146.0,25476.0,42315.0,1072882022.0,0.0
MHImain,HKFE,2020-08-17 12:00:00,25477.0,25575.0,25310.0,25420.0,29705.0,756037008.0,0.0
MHImain,HKFE,2020-08-17 16:00:00,25419.0,25467.0,25258.0,25303.0,17316.0,438774087.0,0.0
MHImain,HKFE,2020-08-17 20:00:00,25301.0,25414.0,25290.0,25385.0,6621.0,167934833.0,0.0
MHImain,HKFE,2020-08-18 00:00:00,25386.0,25430.0,25380.0,25430.0,3093.0,78583107.0,0.0
MHImain,HKFE,2020-08-18 08:00:00,25385.0,25441.0,25232.0,25330.0,41852.0,1060895883.0,0.0
MHImain,HKFE,2020-08-18 12:00:00,25332.0,25416.0,25212.0,25280.0,26663.0,675082387.0,0.0
MHImain,HKFE,2020-08-18 16:00:00,25280.0,25394.0,25239.0,25381.0,11091.0,280678186.0,0.0
MHImain,HKFE,2020-08-18 20:00:00,25381.0,25383.0,25196.0,25253.0,7851.0,198553975.0,0.0
MHImain,HKFE,2020-08-19 00:00:00,25253.0,25253.0,25253.0,25253.0,0.0,0.0,0.0
MHImain,HKFE,2020-08-19 08:00:00,25253.0,25253.0,25253.0,25253.0,0.0,0.0,0.0
MHImain,HKFE,2020-08-19 12:00:00,25253.0,25338.0,25040.0,25126.0,31725.0,798001615.0,0.0
MHImain,HKFE,2020-08-19 16:00:00,25125.0,25216.0,25088.0,25186.0,16178.0,407075288.0,0.0
MHImain,HKFE,2020-08-19 20:00:00,25186.0,25197.0,25101.0,25130.0,6586.0,165648539.0,0.0
MHImain,HKFE,2020-08-20 00:00:00,25132.0,25196.0,25045.0,25121.0,5507.0,138406163.0,0.0
MHImain,HKFE,2020-08-20 08:00:00,24990.0,24995.0,24587.0,24635.0,53805.0,1330282667.0,0.0
MHImain,HKFE,2020-08-20 12:00:00,24635.0,24676.0,24544.0,24648.0,26654.0,656201113.0,0.0
MHImain,HKFE,2020-08-20 16:00:00,24650.0,24828.0,24618.0,24728.0,22468.0,555527392.0,0.0
MHImain,HKFE,2020-08-20 20:00:00,24727.0,24741.0,24620.0,24694.0,9507.0,234669815.0,0.0
MHImain,HKFE,2020-08-21 00:00:00,24695.0,24877.0,24695.0,24866.0,7021.0,174143546.0,0.0
MHImain,HKFE,2020-08-21 08:00:00,24894.0,25057.0,24834.0,25021.0,41428.0,1032628722.0,0.0
MHImain,HKFE,2020-08-21 12:00:00,25025.0,25185.0,25012.0,25114.0,26406.0,662628998.0,0.0
MHImain,HKFE,2020-08-21 16:00:00,25112.0,25165.0,25016.0,25044.0,15159.0,380307452.0,0.0
MHImain,HKFE,2020-08-21 20:00:00,25045.0,25138.0,24936.0,25050.0,13313.0,332895190.0,0.0
MHImain,HKFE,2020-08-22 00:00:00,25050.0,25130.0,25035.0,25129.0,3715.0,93142280.0,0.0
MHImain,HKFE,2020-08-24 08:00:00,25193.0,25550.0,25193.0,25471.0,39967.0,1016887757.0,0.0
MHImain,HKFE,2020-08-24 12:00:00,25470.0,25516.0,25427.0,25492.0,14739.0,375518954.0,0.0
MHImain,HKFE,2020-08-24 16:00:00,25494.0,25559.0,25472.0,25553.0,12409.0,316533743.0,0.0
MHImain,HKFE,2020-08-24 20:00:00,25554.0,25580.0,25404.0,25426.0,10895.0,277657054.0,0.0
MHImain,HKFE,2020-08-25 00:00:00,25426.0,25464.0,25392.0,25399.0,3561.0,90579074.0,0.0
MHImain,HKFE,2020-08-25 08:00:00,25575.0,25619.0,25439.0,25471.0,35896.0,916160882.0,0.0
MHImain,HKFE,2020-08-25 12:00:00,25470.0,25551.0,25327.0,25493.0,25061.0,637338447.0,0.0
MHImain,HKFE,2020-08-25 16:00:00,25491.0,25531.0,25428.0,25456.0,9078.0,231370468.0,0.0
MHImain,HKFE,2020-08-25 20:00:00,25457.0,25506.0,25406.0,25494.0,7941.0,202132600.0,0.0
MHImain,HKFE,2020-08-26 00:00:00,25496.0,25510.0,25407.0,25468.0,4406.0,112137098.0,0.0
MHImain,HKFE,2020-08-26 08:00:00,25525.0,25602.0,25361.0,25409.0,34860.0,888664438.0,0.0
MHImain,HKFE,2020-08-26 12:00:00,25406.0,25495.0,25307.0,25439.0,20420.0,518985749.0,0.0
MHImain,HKFE,2020-08-26 16:00:00,25436.0,25483.0,25386.0,25435.0,9246.0,235237815.0,0.0
MHImain,HKFE,2020-08-26 20:00:00,25435.0,25472.0,25412.0,25462.0,4826.0,122795519.0,0.0
MHImain,HKFE,2020-08-27 00:00:00,25462.0,25519.0,25444.0,25496.0,3137.0,79960527.0,0.0
MHImain,HKFE,2020-08-27 08:00:00,25506.0,25525.0,25164.0,25198.0,33558.0,848388127.0,0.0
MHImain,HKFE,2020-08-27 12:00:00,25199.0,25375.0,25194.0,25271.0,14297.0,361367092.0,0.0
MHImain,HKFE,2020-08-27 16:00:00,25271.0,25304.0,25088.0,25135.0,8748.0,220841532.0,0.0
MHImain,HKFE,2020-08-27 20:00:00,25139.0,25256.0,25107.0,25124.0,5583.0,140492874.0,0.0
MHImain,HKFE,2020-08-28 00:00:00,25124.0,25160.0,25013.0,25160.0,3477.0,87261945.0,0.0
MHImain,HKFE,2020-08-28 08:00:00,25130.0,25483.0,25114.0,25450.0,33610.0,850630502.0,0.0
MHImain,HKFE,2020-08-28 12:00:00,25452.0,25705.0,25325.0,25618.0,33235.0,848173082.0,0.0
MHImain,HKFE,2020-08-28 16:00:00,25618.0,25631.0,25254.0,25358.0,23528.0,597547735.0,0.0
MHImain,HKFE,2020-08-28 20:00:00,25360.0,25439.0,25334.0,25400.0,8439.0,214214023.0,0.0
MHImain,HKFE,2020-08-29 00:00:00,25399.0,25420.0,25374.0,25418.0,2625.0,66660651.0,0.0
MHImain,HKFE,2020-08-31 08:00:00,25580.0,25789.0,25545.0,25675.0,35768.0,919423910.0,0.0
MHImain,HKFE,2020-08-31 12:00:00,25677.0,25695.0,25318.0,25329.0,33182.0,846226678.0,0.0
MHImain,HKFE,2020-08-31 16:00:00,25332.0,25372.0,24975.0,25118.0,26683.0,671484143.0,0.0
MHImain,HKFE,2020-08-31 20:00:00,25117.0,25141.0,24922.0,24959.0,10957.0,274209506.0,0.0
MHImain,HKFE,2020-09-01 00:00:00,24958.0,24978.0,24872.0,24968.0,5557.0,138527279.0,0.0
MHImain,HKFE,2020-09-01 08:00:00,25035.0,25180.0,24850.0,25131.0,41450.0,1039378741.0,0.0
MHImain,HKFE,2020-09-01 12:00:00,25132.0,25202.0,25061.0,25128.0,20338.0,511202308.0,0.0
MHImain,HKFE,2020-09-01 16:00:00,25129.0,25157.0,25025.0,25083.0,12983.0,325799560.0,0.0
MHImain,HKFE,2020-09-01 20:00:00,25083.0,25083.0,24932.0,25000.0,10309.0,257770991.0,0.0
MHImain,HKFE,2020-09-02 00:00:00,25005.0,25005.0,24930.0,24970.0,3442.0,85935154.0,0.0
MHImain,HKFE,2020-09-02 08:00:00,25100.0,25138.0,24824.0,24955.0,43430.0,1084201135.0,0.0
MHImain,HKFE,2020-09-02 12:00:00,24956.0,25184.0,24907.0,25022.0,28577.0,715922606.0,0.0
MHImain,HKFE,2020-09-02 16:00:00,25022.0,25125.0,25001.0,25078.0,12437.0,311666028.0,0.0
MHImain,HKFE,2020-09-02 20:00:00,25079.0,25089.0,24924.0,24979.0,11042.0,275976280.0,0.0
MHImain,HKFE,2020-09-03 00:00:00,24977.0,25013.0,24878.0,25010.0,6245.0,155727812.0,0.0
MHImain,HKFE,2020-09-03 08:00:00,24988.0,25171.0,24777.0,24939.0,47441.0,1186866304.0,0.0
MHImain,HKFE,2020-09-03 12:00:00,24938.0,24997.0,24805.0,24913.0,31881.0,794235396.0,0.0
MHImain,HKFE,2020-09-03 16:00:00,24915.0,24995.0,24865.0,24887.0,15408.0,384217267.0,0.0
MHImain,HKFE,2020-09-03 20:00:00,24884.0,24893.0,24655.0,24668.0,17837.0,442348360.0,0.0
MHImain,HKFE,2020-09-04 00:00:00,24666.0,24725.0,24554.0,24605.0,17000.0,419085060.0,0.0
MHImain,HKFE,2020-09-04 08:00:00,24655.0,24663.0,24416.0,24464.0,48884.0,1199091362.0,0.0
MHImain,HKFE,2020-09-04 12:00:00,24465.0,24622.0,24451.0,24543.0,20324.0,498658126.0,0.0
MHImain,HKFE,2020-09-04 16:00:00,24541.0,24788.0,24510.0,24648.0,23872.0,589089719.0,0.0
MHImain,HKFE,2020-09-04 20:00:00,24647.0,24718.0,24301.0,24406.0,27385.0,671506726.0,0.0
MHImain,HKFE,2020-09-05 00:00:00,24405.0,24685.0,24366.0,24663.0,13747.0,336909898.0,0.0
MHImain,HKFE,2020-09-07 08:00:00,24660.0,24873.0,24512.0,24686.0,48607.0,1199136618.0,0.0
MHImain,HKFE,2020-09-07 12:00:00,24686.0,24716.0,24429.0,24522.0,29720.0,730590826.0,0.0
MHImain,HKFE,2020-09-07 16:00:00,24520.0,24610.0,24495.0,24572.0,15371.0,377316069.0,0.0
MHImain,HKFE,2020-09-07 20:00:00,24575.0,24628.0,24558.0,24603.0,4664.0,114699860.0,0.0
MHImain,HKFE,2020-09-08 00:00:00,24603.0,24665.0,24570.0,24612.0,1984.0,48824563.0,0.0
MHImain,HKFE,2020-09-08 08:00:00,24652.0,24765.0,24374.0,24379.0,52860.0,1301112681.0,0.0
MHImain,HKFE,2020-09-08 12:00:00,24380.0,24683.0,24282.0,24609.0,43889.0,1075629701.0,0.0
MHImain,HKFE,2020-09-08 16:00:00,24608.0,24638.0,24367.0,24404.0,18057.0,442778298.0,0.0
MHImain,HKFE,2020-09-08 20:00:00,24403.0,24415.0,24237.0,24391.0,22309.0,542681633.0,0.0
MHImain,HKFE,2020-09-09 00:00:00,24387.0,24436.0,24291.0,24336.0,6928.0,168893277.0,0.0
MHImain,HKFE,2020-09-09 08:00:00,24250.0,24394.0,24143.0,24276.0,49903.0,1210937131.0,0.0
MHImain,HKFE,2020-09-09 12:00:00,24280.0,24471.0,24258.0,24300.0,29953.0,728981295.0,0.0
MHImain,HKFE,2020-09-09 16:00:00,24298.0,24443.0,24283.0,24368.0,16049.0,391175406.0,0.0
MHImain,HKFE,2020-09-09 20:00:00,24368.0,24542.0,24362.0,24500.0,13279.0,325014877.0,0.0
MHImain,HKFE,2020-09-10 00:00:00,24502.0,24633.0,24488.0,24633.0,5003.0,122890190.0,0.0
MHImain,HKFE,2020-09-10 08:00:00,24584.0,24590.0,24352.0,24397.0,42197.0,1032368533.0,0.0
MHImain,HKFE,2020-09-10 12:00:00,24399.0,24492.0,24375.0,24424.0,22011.0,537860127.0,0.0
MHImain,HKFE,2020-09-10 16:00:00,24423.0,24434.0,24209.0,24261.0,19645.0,477487933.0,0.0
MHImain,HKFE,2020-09-10 20:00:00,24259.0,24419.0,24248.0,24341.0,14417.0,351029024.0,0.0
MHImain,HKFE,2020-09-11 00:00:00,24343.0,24361.0,24151.0,24213.0,9256.0,224631253.0,0.0
MHImain,HKFE,2020-09-11 08:00:00,24288.0,24393.0,24224.0,24325.0,34856.0,847763999.0,0.0
MHImain,HKFE,2020-09-11 12:00:00,24327.0,24473.0,24295.0,24410.0,21895.0,534128964.0,0.0
MHImain,HKFE,2020-09-11 16:00:00,24414.0,24528.0,24387.0,24481.0,16903.0,413532604.0,0.0
MHImain,HKFE,2020-09-11 20:00:00,24481.0,24489.0,24373.0,24445.0,10635.0,259834384.0,0.0
MHImain,HKFE,2020-09-12 00:00:00,24442.0,24453.0,24244.0,24325.0,10487.0,255209938.0,0.0
MHImain,HKFE,2020-09-14 08:00:00,24549.0,24724.0,24476.0,24638.0,38560.0,948314870.0,0.0
MHImain,HKFE,2020-09-14 12:00:00,24640.0,24684.0,24557.0,24618.0,17355.0,427126412.0,0.0
MHImain,HKFE,2020-09-14 16:00:00,24619.0,24654.0,24466.0,24495.0,12568.0,308704282.0,0.0
MHImain,HKFE,2020-09-14 20:00:00,24494.0,24532.0,24476.0,24499.0,6572.0,161055929.0,0.0
MHImain,HKFE,2020-09-15 00:00:00,24498.0,24536.0,24468.0,24526.0,3485.0,85392373.0,0.0
MHImain,HKFE,2020-09-15 08:00:00,24494.0,24767.0,24421.0,24737.0,36218.0,892629002.0,0.0
MHImain,HKFE,2020-09-15 12:00:00,24736.0,24777.0,24633.0,24699.0,20320.0,502131075.0,0.0
MHImain,HKFE,2020-09-15 16:00:00,24697.0,24855.0,24658.0,24851.0,13843.0,342422164.0,0.0
MHImain,HKFE,2020-09-15 20:00:00,24850.0,24897.0,24816.0,24833.0,9033.0,224520036.0,0.0
MHImain,HKFE,2020-09-16 00:00:00,24833.0,24852.0,24800.0,24828.0,3441.0,85408366.0,0.0
MHImain,HKFE,2020-09-16 08:00:00,24780.0,24845.0,24662.0,24693.0,32842.0,812894018.0,0.0
MHImain,HKFE,2020-09-16 12:00:00,24693.0,24713.0,24600.0,24695.0,20346.0,501789032.0,0.0
MHImain,HKFE,2020-09-16 16:00:00,24696.0,24747.0,24672.0,24697.0,10819.0,267268650.0,0.0
MHImain,HKFE,2020-09-16 20:00:00,24697.0,24700.0,24602.0,24674.0,7515.0,185290352.0,0.0
MHImain,HKFE,2020-09-17 00:00:00,24672.0,24726.0,24626.0,24670.0,4908.0,121089490.0,0.0
MHImain,HKFE,2020-09-17 08:00:00,24558.0,24685.0,24260.0,24271.0,46861.0,1145918819.0,0.0
MHImain,HKFE,2020-09-17 12:00:00,24270.0,24357.0,24198.0,24290.0,27173.0,659715161.0,0.0
MHImain,HKFE,2020-09-17 16:00:00,24289.0,24355.0,24262.0,24322.0,11928.0,289879963.0,0.0
MHImain,HKFE,2020-09-17 20:00:00,24320.0,24403.0,24250.0,24388.0,10820.0,263269522.0,0.0
MHImain,HKFE,2020-09-18 00:00:00,24390.0,24436.0,24303.0,24426.0,6092.0,148439690.0,0.0
MHImain,HKFE,2020-09-18 08:00:00,24370.0,24429.0,24251.0,24368.0,33195.0,808250020.0,0.0
MHImain,HKFE,2020-09-18 12:00:00,24369.0,24457.0,24362.0,24423.0,17916.0,437357568.0,0.0
MHImain,HKFE,2020-09-18 16:00:00,24421.0,24491.0,24352.0,24479.0,12337.0,301239125.0,0.0
MHImain,HKFE,2020-09-18 20:00:00,24479.0,24488.0,24336.0,24375.0,9704.0,236665509.0,0.0
MHImain,HKFE,2020-09-19 00:00:00,24377.0,24387.0,24277.0,24358.0,5485.0,133504796.0,0.0
MHImain,HKFE,2020-09-21 08:00:00,24401.0,24578.0,24149.0,24224.0,48735.0,1185348291.0,0.0
MHImain,HKFE,2020-09-21 12:00:00,24224.0,24228.0,23993.0,24043.0,28346.0,682682345.0,0.0
MHImain,HKFE,2020-09-21 16:00:00,24043.0,24062.0,23788.0,23854.0,22604.0,540781888.0,0.0
MHImain,HKFE,2020-09-21 20:00:00,23854.0,23855.0,23614.0,23686.0,17503.0,415274079.0,0.0
MHImain,HKFE,2020-09-22 00:00:00,23684.0,23828.0,23656.0,23810.0,7437.0,176637370.0,0.0
MHImain,HKFE,2020-09-22 08:00:00,23888.0,23899.0,23665.0,23808.0,35538.0,844827767.0,0.0
MHImain,HKFE,2020-09-22 12:00:00,23808.0,23867.0,23638.0,23703.0,21630.0,513757982.0,0.0
MHImain,HKFE,2020-09-22 16:00:00,23702.0,23750.0,23622.0,23742.0,14758.0,349518735.0,0.0
MHImain,HKFE,2020-09-22 20:00:00,23744.0,23768.0,23544.0,23579.0,13051.0,309000382.0,0.0
MHImain,HKFE,2020-09-23 00:00:00,23578.0,23647.0,23536.0,23597.0,5396.0,127295414.0,0.0
MHImain,HKFE,2020-09-23 08:00:00,23662.0,23745.0,23506.0,23642.0,43818.0,1035965051.0,0.0
MHImain,HKFE,2020-09-23 12:00:00,23644.0,23760.0,23628.0,23648.0,22794.0,539986985.0,0.0
MHImain,HKFE,2020-09-23 16:00:00,23649.0,23772.0,23608.0,23694.0,13589.0,321853619.0,0.0
MHImain,HKFE,2020-09-23 20:00:00,23695.0,23704.0,23555.0,23592.0,9991.0,236094198.0,0.0
MHImain,HKFE,2020-09-24 00:00:00,23593.0,23612.0,23481.0,23481.0,6010.0,141522907.0,0.0
MHImain,HKFE,2020-09-24 08:00:00,23470.0,23567.0,23253.0,23345.0,51522.0,1205212528.0,0.0
MHImain,HKFE,2020-09-24 12:00:00,23345.0,23346.0,23163.0,23256.0,22776.0,529713252.0,0.0
MHImain,HKFE,2020-09-24 16:00:00,23254.0,23339.0,23233.0,23289.0,13374.0,311429576.0,0.0
MHImain,HKFE,2020-09-24 20:00:00,23289.0,23334.0,23164.0,23274.0,16034.0,372717033.0,0.0
MHImain,HKFE,2020-09-25 00:00:00,23275.0,23436.0,23240.0,23360.0,7830.0,182808841.0,0.0
MHImain,HKFE,2020-09-25 08:00:00,23432.0,23475.0,23341.0,23378.0,33430.0,782335551.0,0.0
MHImain,HKFE,2020-09-25 12:00:00,23380.0,23391.0,23114.0,23268.0,31888.0,741280777.0,0.0
MHImain,HKFE,2020-09-25 16:00:00,23265.0,23299.0,22978.0,23005.0,18416.0,426667538.0,0.0
MHImain,HKFE,2020-09-25 20:00:00,23013.0,23120.0,22965.0,23056.0,13310.0,306839485.0,0.0
MHImain,HKFE,2020-09-26 00:00:00,23060.0,23162.0,23048.0,23160.0,5038.0,116351177.0,0.0
MHImain,HKFE,2020-09-28 08:00:00,23212.0,23398.0,23211.0,23318.0,26528.0,618455046.0,0.0
MHImain,HKFE,2020-09-28 12:00:00,23318.0,23477.0,23305.0,23401.0,14233.0,333125897.0,0.0
MHImain,HKFE,2020-09-28 16:00:00,23400.0,23502.0,23393.0,23498.0,10515.0,246514621.0,0.0
MHImain,HKFE,2020-09-28 20:00:00,23496.0,23540.0,23473.0,23500.0,3497.0,82193032.0,0.0
MHImain,HKFE,2020-09-29 00:00:00,23502.0,23565.0,23480.0,23565.0,1661.0,39068133.0,0.0
MHImain,HKFE,2020-09-29 08:00:00,23568.0,23587.0,23339.0,23391.0,32748.0,767759498.0,0.0
MHImain,HKFE,2020-09-29 12:00:00,23395.0,23419.0,23254.0,23298.0,23186.0,540840649.0,0.0
MHImain,HKFE,2020-09-29 16:00:00,23295.0,23336.0,23197.0,23326.0,15343.0,356808605.0,0.0
MHImain,HKFE,2020-09-29 20:00:00,23328.0,23384.0,23312.0,23355.0,7290.0,170212689.0,0.0
MHImain,HKFE,2020-09-30 00:00:00,23356.0,23457.0,23327.0,23442.0,5417.0,126655904.0,0.0
MHImain,HKFE,2020-09-30 08:00:00,23430.0,23777.0,23414.0,23542.0,48340.0,1140125871.0,0.0
MHImain,HKFE,2020-09-30 12:00:00,23542.0,23586.0,23326.0,23426.0,29114.0,682854530.0,0.0
MHImain,HKFE,2020-09-30 16:00:00,23424.0,23545.0,23385.0,23477.0,16010.0,375763045.0,0.0
MHImain,HKFE,2020-09-30 20:00:00,23477.0,23729.0,23454.0,23708.0,12777.0,301725683.0,0.0
MHImain,HKFE,2020-10-01 00:00:00,23707.0,23755.0,23654.0,23747.0,7340.0,173994766.0,0.0
MHImain,HKFE,2020-10-05 08:00:00,23900.0,23954.0,23626.0,23758.0,38638.0,918350066.0,0.0
MHImain,HKFE,2020-10-05 12:00:00,23759.0,23827.0,23720.0,23754.0,15307.0,363753456.0,0.0
MHImain,HKFE,2020-10-05 16:00:00,23751.0,23808.0,23664.0,23790.0,11559.0,274242063.0,0.0
MHImain,HKFE,2020-10-05 20:00:00,23789.0,23875.0,23765.0,23852.0,6831.0,162693755.0,0.0
MHImain,HKFE,2020-10-06 00:00:00,23853.0,23875.0,23802.0,23845.0,2609.0,62200959.0,0.0
MHImain,HKFE,2020-10-06 08:00:00,23882.0,23983.0,23788.0,23894.0,33748.0,806421732.0,0.0
MHImain,HKFE,2020-10-06 12:00:00,23895.0,23978.0,23888.0,23935.0,12600.0,301518711.0,0.0
MHImain,HKFE,2020-10-06 16:00:00,23934.0,23974.0,23872.0,23963.0,12427.0,297446152.0,0.0
MHImain,HKFE,2020-10-06 20:00:00,23963.0,24086.0,23963.0,24059.0,10415.0,250263622.0,0.0
MHImain,HKFE,2020-10-07 00:00:00,24060.0,24106.0,23938.0,24000.0,5893.0,141620606.0,0.0
MHImain,HKFE,2020-10-07 08:00:00,23900.0,24186.0,23880.0,24108.0,39956.0,960783717.0,0.0
MHImain,HKFE,2020-10-07 12:00:00,24108.0,24235.0,24077.0,24216.0,17198.0,415533574.0,0.0
MHImain,HKFE,2020-10-07 16:00:00,24215.0,24264.0,24163.0,24194.0,12907.0,312501402.0,0.0
MHImain,HKFE,2020-10-07 20:00:00,24194.0,24272.0,24181.0,24265.0,7131.0,172819624.0,0.0
MHImain,HKFE,2020-10-08 00:00:00,24265.0,24285.0,24164.0,24252.0,5382.0,130440720.0,0.0
MHImain,HKFE,2020-10-08 08:00:00,24206.0,24206.0,23992.0,24038.0,35543.0,855548934.0,0.0
MHImain,HKFE,2020-10-08 12:00:00,24036.0,24109.0,23995.0,24097.0,15235.0,366428438.0,0.0
MHImain,HKFE,2020-10-08 16:00:00,24098.0,24179.0,24078.0,24136.0,11056.0,266774058.0,0.0
MHImain,HKFE,2020-10-08 20:00:00,24135.0,24195.0,24095.0,24189.0,7293.0,176106314.0,0.0
MHImain,HKFE,2020-10-09 00:00:00,24190.0,24252.0,24158.0,24222.0,4273.0,103446179.0,0.0
MHImain,HKFE,2020-10-09 08:00:00,24255.0,24372.0,24076.0,24166.0,34057.0,824207449.0,0.0
MHImain,HKFE,2020-10-09 12:00:00,24166.0,24256.0,24016.0,24054.0,20723.0,500042268.0,0.0
MHImain,HKFE,2020-10-09 16:00:00,24054.0,24112.0,24021.0,24065.0,11017.0,265206429.0,0.0
MHImain,HKFE,2020-10-09 20:00:00,24063.0,24227.0,24063.0,24221.0,7224.0,174384102.0,0.0
MHImain,HKFE,2020-10-10 00:00:00,24220.0,24255.0,24199.0,24203.0,4734.0,114715211.0,0.0
MHImain,HKFE,2020-10-12 08:00:00,24178.0,24513.0,24151.0,24447.0,37209.0,907611502.0,0.0
MHImain,HKFE,2020-10-12 12:00:00,24446.0,24712.0,24424.0,24641.0,26307.0,647605258.0,0.0
MHImain,HKFE,2020-10-12 16:00:00,24639.0,24794.0,24607.0,24642.0,11663.0,287409293.0,0.0
MHImain,HKFE,2020-10-12 20:00:00,24642.0,24744.0,24621.0,24720.0,6577.0,162242321.0,0.0
MHImain,HKFE,2020-10-13 00:00:00,24720.0,24735.0,24673.0,24706.0,4651.0,114912604.0,0.0
MHImain,HKFE,2020-10-14 08:00:00,24794.0,24800.0,24475.0,24595.0,39460.0,969776070.0,0.0
MHImain,HKFE,2020-10-14 12:00:00,24595.0,24659.0,24536.0,24632.0,20322.0,499973093.0,0.0
MHImain,HKFE,2020-10-14 16:00:00,24632.0,24649.0,24520.0,24568.0,11767.0,289415826.0,0.0
MHImain,HKFE,2020-10-14 20:00:00,24565.0,24642.0,24560.0,24606.0,6476.0,159357773.0,0.0
MHImain,HKFE,2020-10-15 00:00:00,24606.0,24614.0,24463.0,24488.0,6120.0,150096334.0,0.0
MHImain,HKFE,2020-10-15 08:00:00,24480.0,24565.0,24327.0,24359.0,45934.0,1122643760.0,0.0
MHImain,HKFE,2020-10-15 12:00:00,24358.0,24406.0,24270.0,24288.0,21885.0,532549732.0,0.0
MHImain,HKFE,2020-10-15 16:00:00,24284.0,24296.0,23982.0,24083.0,28164.0,679680309.0,0.0
MHImain,HKFE,2020-10-15 20:00:00,24082.0,24127.0,24034.0,24084.0,8782.0,211442241.0,0.0
MHImain,HKFE,2020-10-16 00:00:00,24085.0,24164.0,24065.0,24162.0,3646.0,87913755.0,0.0
MHImain,HKFE,2020-10-16 08:00:00,24284.0,24388.0,24172.0,24333.0,36108.0,876733651.0,0.0
MHImain,HKFE,2020-10-16 12:00:00,24332.0,24429.0,24235.0,24392.0,22760.0,553892533.0,0.0
MHImain,HKFE,2020-10-16 16:00:00,24392.0,24435.0,24324.0,24371.0,12979.0,316410883.0,0.0
MHImain,HKFE,2020-10-16 20:00:00,24370.0,24429.0,24319.0,24420.0,6935.0,169085645.0,0.0
MHImain,HKFE,2020-10-17 00:00:00,24420.0,24442.0,24387.0,24420.0,3251.0,79363191.0,0.0
MHImain,HKFE,2020-10-19 08:00:00,24488.0,24765.0,24425.0,24558.0,41325.0,1018275796.0,0.0
MHImain,HKFE,2020-10-19 12:00:00,24559.0,24572.0,24452.0,24526.0,21103.0,517257055.0,0.0
MHImain,HKFE,2020-10-19 16:00:00,24526.0,24591.0,24493.0,24543.0,10180.0,249855691.0,0.0
MHImain,HKFE,2020-10-19 20:00:00,24544.0,24582.0,24500.0,24562.0,6948.0,170500786.0,0.0
MHImain,HKFE,2020-10-20 00:00:00,24562.0,24568.0,24405.0,24420.0,4456.0,109185466.0,0.0
MHImain,HKFE,2020-10-20 08:00:00,24488.0,24580.0,24413.0,24503.0,38060.0,932397371.0,0.0
MHImain,HKFE,2020-10-20 12:00:00,24504.0,24519.0,24442.0,24497.0,15398.0,376980123.0,0.0
MHImain,HKFE,2020-10-20 16:00:00,24498.0,24552.0,24484.0,24527.0,9256.0,226925142.0,0.0
MHImain,HKFE,2020-10-20 20:00:00,24527.0,24600.0,24467.0,24547.0,8161.0,200226565.0,0.0
MHImain,HKFE,2020-10-21 00:00:00,24546.0,24643.0,24529.0,24567.0,4336.0,106578142.0,0.0
MHImain,HKFE,2020-10-21 08:00:00,24575.0,24890.0,24575.0,24705.0,49209.0,1217585806.0,0.0
MHImain,HKFE,2020-10-21 12:00:00,24706.0,24855.0,24690.0,24822.0,16691.0,413207069.0,0.0
MHImain,HKFE,2020-10-21 16:00:00,24821.0,24827.0,24594.0,24659.0,14686.0,363045546.0,0.0
MHImain,HKFE,2020-10-21 20:00:00,24658.0,24813.0,24640.0,24721.0,8538.0,211211865.0,0.0
MHImain,HKFE,2020-10-22 00:00:00,24720.0,24763.0,24681.0,24702.0,5617.0,138819620.0,0.0
MHImain,HKFE,2020-10-22 08:00:00,24605.0,24704.0,24521.0,24688.0,42708.0,1050732305.0,0.0
MHImain,HKFE,2020-10-22 12:00:00,24690.0,24806.0,24636.0,24764.0,21221.0,524721370.0,0.0
MHImain,HKFE,2020-10-22 16:00:00,24762.0,24876.0,24715.0,24856.0,13800.0,342081292.0,0.0
MHImain,HKFE,2020-10-22 20:00:00,24857.0,24874.0,24715.0,24789.0,9551.0,236752594.0,0.0
MHImain,HKFE,2020-10-23 00:00:00,24789.0,24858.0,24768.0,24848.0,4252.0,105473677.0,0.0
MHImain,HKFE,2020-10-23 08:00:00,24779.0,24966.0,24647.0,24933.0,38635.0,957365560.0,0.0
MHImain,HKFE,2020-10-23 12:00:00,24933.0,24959.0,24757.0,24814.0,22268.0,553767061.0,0.0
MHImain,HKFE,2020-10-23 16:00:00,24811.0,24956.0,24807.0,24927.0,13014.0,324001743.0,0.0
MHImain,HKFE,2020-10-23 20:00:00,24927.0,24938.0,24851.0,24892.0,6420.0,159839439.0,0.0
MHImain,HKFE,2020-10-24 00:00:00,24892.0,24959.0,24858.0,24958.0,4432.0,110398301.0,0.0
MHImain,HKFE,2020-10-27 08:00:00,24740.0,24836.0,24576.0,24585.0,41486.0,1026219506.0,0.0
MHImain,HKFE,2020-10-27 12:00:00,24586.0,24810.0,24568.0,24759.0,22920.0,565794383.0,0.0
MHImain,HKFE,2020-10-27 16:00:00,24760.0,24777.0,24660.0,24767.0,11488.0,284025250.0,0.0
MHImain,HKFE,2020-10-27 20:00:00,24765.0,24798.0,24687.0,24755.0,5688.0,140731137.0,0.0
MHImain,HKFE,2020-10-28 00:00:00,24756.0,24837.0,24740.0,24820.0,4031.0,99943897.0,0.0
MHImain,HKFE,2020-10-28 08:00:00,24750.0,24763.0,24562.0,24665.0,29634.0,730942974.0,0.0
MHImain,HKFE,2020-10-28 12:00:00,24668.0,24830.0,24661.0,24722.0,17175.0,424912973.0,0.0
MHImain,HKFE,2020-10-28 16:00:00,24722.0,24742.0,24475.0,24480.0,13585.0,334555599.0,0.0
MHImain,HKFE,2020-10-28 20:00:00,24483.0,24512.0,24288.0,24358.0,8755.0,213638278.0,0.0
MHImain,HKFE,2020-10-29 00:00:00,24354.0,24398.0,24255.0,24363.0,4507.0,109641772.0,0.0
MHImain,HKFE,2020-10-29 08:00:00,24367.0,24418.0,24208.0,24409.0,35927.0,874081847.0,0.0
MHImain,HKFE,2020-10-29 12:00:00,24410.0,24613.0,24378.0,24495.0,26799.0,656368541.0,0.0
MHImain,HKFE,2020-10-29 16:00:00,24493.0,24560.0,24457.0,24465.0,14539.0,356299619.0,0.0
MHImain,HKFE,2020-10-29 20:00:00,24462.0,24527.0,24368.0,24497.0,13774.0,336864201.0,0.0
MHImain,HKFE,2020-10-30 00:00:00,24497.0,24590.0,24444.0,24553.0,5062.0,124051466.0,0.0
MHImain,HKFE,2020-10-30 08:00:00,24358.0,24508.0,24345.0,24499.0,32179.0,786251609.0,0.0
MHImain,HKFE,2020-10-30 12:00:00,24500.0,24535.0,23970.0,24062.0,42640.0,1033007138.0,0.0
MHImain,HKFE,2020-10-30 16:00:00,24058.0,24240.0,23948.0,24233.0,22978.0,553362392.0,0.0
MHImain,HKFE,2020-10-30 20:00:00,24233.0,24244.0,24104.0,24154.0,11896.0,287698436.0,0.0
MHImain,HKFE,2020-10-31 00:00:00,24153.0,24159.0,24070.0,24123.0,6948.0,167542919.0,0.0
MHImain,HKFE,2020-11-02 08:00:00,24147.0,24298.0,24147.0,24218.0,33519.0,811890574.0,0.0
MHImain,HKFE,2020-11-02 12:00:00,24217.0,24369.0,24205.0,24367.0,21146.0,513664387.0,0.0
MHImain,HKFE,2020-11-02 16:00:00,24368.0,24544.0,24324.0,24519.0,17541.0,428145589.0,0.0
MHImain,HKFE,2020-11-02 20:00:00,24518.0,24556.0,24465.0,24492.0,6738.0,165185740.0,0.0
MHImain,HKFE,2020-11-03 00:00:00,24492.0,24510.0,24399.0,24409.0,4666.0,114105610.0,0.0
MHImain,HKFE,2020-11-03 08:00:00,24630.0,25025.0,24604.0,24898.0,41828.0,1038388976.0,0.0
MHImain,HKFE,2020-11-03 12:00:00,24895.0,25029.0,24863.0,24928.0,19146.0,477600128.0,0.0
MHImain,HKFE,2020-11-03 16:00:00,24929.0,25154.0,24889.0,25101.0,16723.0,418176394.0,0.0
MHImain,HKFE,2020-11-03 20:00:00,25102.0,25121.0,24715.0,24861.0,24631.0,612638081.0,0.0
MHImain,HKFE,2020-11-04 00:00:00,24863.0,24974.0,24832.0,24835.0,7744.0,192818417.0,0.0
MHImain,HKFE,2020-11-04 08:00:00,24800.0,25063.0,24625.0,24971.0,61105.0,1518811624.0,0.0
MHImain,HKFE,2020-11-04 12:00:00,24973.0,25012.0,24825.0,24950.0,28630.0,713355567.0,0.0
MHImain,HKFE,2020-11-04 16:00:00,24949.0,25069.0,24749.0,25055.0,26955.0,671243101.0,0.0
MHImain,HKFE,2020-11-04 20:00:00,25056.0,25382.0,25026.0,25380.0,24230.0,611651604.0,0.0
MHImain,HKFE,2020-11-05 00:00:00,25382.0,25590.0,25363.0,25484.0,14864.0,378454148.0,0.0
MHImain,HKFE,2020-11-05 08:00:00,25460.0,25623.0,25296.0,25464.0,44938.0,1143045197.0,0.0
MHImain,HKFE,2020-11-05 12:00:00,25468.0,25596.0,25463.0,25523.0,23367.0,596451328.0,0.0
MHImain,HKFE,2020-11-05 16:00:00,25525.0,25985.0,25515.0,25969.0,27508.0,707951671.0,0.0
MHImain,HKFE,2020-11-05 20:00:00,25965.0,26023.0,25855.0,25885.0,16771.0,434979579.0,0.0
MHImain,HKFE,2020-11-06 00:00:00,25884.0,25962.0,25795.0,25895.0,9306.0,240716104.0,0.0
MHImain,HKFE,2020-11-06 08:00:00,25810.0,25812.0,25610.0,25669.0,41147.0,1057493967.0,0.0
MHImain,HKFE,2020-11-06 12:00:00,25670.0,25681.0,25543.0,25658.0,23690.0,606985635.0,0.0
MHImain,HKFE,2020-11-06 16:00:00,25657.0,25793.0,25580.0,25740.0,16894.0,433848300.0,0.0
MHImain,HKFE,2020-11-06 20:00:00,25739.0,25854.0,25647.0,25777.0,12992.0,334474079.0,0.0
MHImain,HKFE,2020-11-07 00:00:00,25776.0,25896.0,25774.0,25892.0,6220.0,160672443.0,0.0
MHImain,HKFE,2020-11-09 08:00:00,26200.0,26222.0,25963.0,26099.0,39779.0,1036537118.0,0.0
MHImain,HKFE,2020-11-09 12:00:00,26098.0,26192.0,25997.0,26052.0,24094.0,628542054.0,0.0
MHImain,HKFE,2020-11-09 16:00:00,26052.0,26118.0,25944.0,26088.0,14981.0,389799580.0,0.0
MHImain,HKFE,2020-11-09 20:00:00,26089.0,26870.0,26060.0,26675.0,49622.0,1319211180.0,0.0
MHImain,HKFE,2020-11-10 00:00:00,26678.0,26692.0,26519.0,26523.0,11532.0,306640730.0,0.0
MHImain,HKFE,2020-11-10 08:00:00,26380.0,26440.0,26222.0,26259.0,41641.0,1095598134.0,0.0
MHImain,HKFE,2020-11-10 12:00:00,26261.0,26277.0,26063.0,26194.0,27718.0,725555503.0,0.0
MHImain,HKFE,2020-11-10 16:00:00,26197.0,26454.0,26180.0,26313.0,22497.0,591446959.0,0.0
MHImain,HKFE,2020-11-10 20:00:00,26312.0,26398.0,26222.0,26270.0,13579.0,357176136.0,0.0
MHImain,HKFE,2020-11-11 00:00:00,26269.0,26388.0,26182.0,26383.0,8621.0,226528256.0,0.0
MHImain,HKFE,2020-11-11 08:00:00,26278.0,26444.0,26193.0,26304.0,42538.0,1118936890.0,0.0
MHImain,HKFE,2020-11-11 12:00:00,26301.0,26408.0,26255.0,26337.0,20931.0,551322004.0,0.0
MHImain,HKFE,2020-11-11 16:00:00,26335.0,26389.0,26176.0,26338.0,16626.0,436954329.0,0.0
MHImain,HKFE,2020-11-11 20:00:00,26340.0,26391.0,26288.0,26384.0,7550.0,198832489.0,0.0
MHImain,HKFE,2020-11-12 00:00:00,26384.0,26441.0,26318.0,26403.0,5489.0,144783131.0,0.0
MHImain,HKFE,2020-11-12 08:00:00,26380.0,26491.0,26146.0,26179.0,41142.0,1082167895.0,0.0
MHImain,HKFE,2020-11-12 12:00:00,26177.0,26199.0,26072.0,26152.0,24143.0,631085853.0,0.0
MHImain,HKFE,2020-11-12 16:00:00,26153.0,26365.0,26119.0,26312.0,14437.0,378462930.0,0.0
MHImain,HKFE,2020-11-12 20:00:00,26314.0,26329.0,26200.0,26285.0,9446.0,247924629.0,0.0
MHImain,HKFE,2020-11-13 00:00:00,26287.0,26302.0,26112.0,26171.0,5391.0,141429142.0,0.0
MHImain,HKFE,2020-11-13 08:00:00,26093.0,26140.0,25920.0,26103.0,39947.0,1039267817.0,0.0
MHImain,HKFE,2020-11-13 12:00:00,26103.0,26130.0,26009.0,26084.0,17962.0,468253127.0,0.0
MHImain,HKFE,2020-11-13 16:00:00,26083.0,26283.0,26049.0,26234.0,14317.0,374397247.0,0.0
MHImain,HKFE,2020-11-13 20:00:00,26230.0,26240.0,26175.0,26189.0,5353.0,140287532.0,0.0
MHImain,HKFE,2020-11-14 00:00:00,26190.0,26286.0,26123.0,26283.0,5439.0,142447523.0,0.0
MHImain,HKFE,2020-11-16 08:00:00,26410.0,26467.0,26203.0,26275.0,37927.0,997760911.0,0.0
MHImain,HKFE,2020-11-16 12:00:00,26279.0,26341.0,26254.0,26313.0,14473.0,380677454.0,0.0
MHImain,HKFE,2020-11-16 16:00:00,26311.0,26393.0,26278.0,26359.0,9725.0,256217804.0,0.0
MHImain,HKFE,2020-11-16 20:00:00,26360.0,26552.0,26353.0,26503.0,13798.0,365252254.0,0.0
MHImain,HKFE,2020-11-17 00:00:00,26506.0,26573.0,26445.0,26447.0,5871.0,155685115.0,0.0
MHImain,HKFE,2020-11-17 08:00:00,26528.0,26535.0,26339.0,26343.0,31437.0,830770700.0,0.0
MHImain,HKFE,2020-11-17 12:00:00,26341.0,26426.0,26331.0,26408.0,13469.0,355304678.0,0.0
MHImain,HKFE,2020-11-17 16:00:00,26408.0,26437.0,26361.0,26367.0,8812.0,232692345.0,0.0
MHImain,HKFE,2020-11-17 20:00:00,26369.0,26402.0,26287.0,26332.0,7466.0,196578149.0,0.0
MHImain,HKFE,2020-11-18 00:00:00,26332.0,26459.0,26324.0,26458.0,5652.0,149159900.0,0.0
MHImain,HKFE,2020-11-18 08:00:00,26415.0,26488.0,26366.0,26401.0,28019.0,740248218.0,0.0
MHImain,HKFE,2020-11-18 12:00:00,26401.0,26643.0,26398.0,26444.0,24362.0,645755350.0,0.0
MHImain,HKFE,2020-11-18 16:00:00,26444.0,26613.0,26442.0,26611.0,10678.0,283254245.0,0.0
MHImain,HKFE,2020-11-18 20:00:00,26611.0,26632.0,26514.0,26560.0,8152.0,216653741.0,0.0
MHImain,HKFE,2020-11-19 00:00:00,26560.0,26594.0,26531.0,26550.0,3927.0,104308649.0,0.0
MHImain,HKFE,2020-11-19 08:00:00,26398.0,26450.0,26316.0,26330.0,32460.0,856550853.0,0.0
MHImain,HKFE,2020-11-19 12:00:00,26329.0,26445.0,26323.0,26417.0,15257.0,402787416.0,0.0
MHImain,HKFE,2020-11-19 16:00:00,26416.0,26436.0,26226.0,26282.0,12724.0,335136560.0,0.0
MHImain,HKFE,2020-11-19 20:00:00,26283.0,26422.0,26272.0,26400.0,8261.0,217676214.0,0.0
MHImain,HKFE,2020-11-20 00:00:00,26400.0,26450.0,26387.0,26408.0,4522.0,119462833.0,0.0
MHImain,HKFE,2020-11-20 08:00:00,26399.0,26574.0,26334.0,26543.0,30364.0,802702724.0,0.0
MHImain,HKFE,2020-11-20 12:00:00,26542.0,26555.0,26407.0,26430.0,15113.0,399868028.0,0.0
MHImain,HKFE,2020-11-20 16:00:00,26432.0,26513.0,26385.0,26496.0,8907.0,235503802.0,0.0
MHImain,HKFE,2020-11-20 20:00:00,26496.0,26528.0,26473.0,26496.0,4222.0,111883398.0,0.0
MHImain,HKFE,2020-11-21 00:00:00,26492.0,26551.0,26486.0,26543.0,3355.0,88975708.0,0.0
MHImain,HKFE,2020-11-23 08:00:00,26628.0,26709.0,26375.0,26405.0,34091.0,903481764.0,0.0
MHImain,HKFE,2020-11-23 12:00:00,26405.0,26459.0,26393.0,26417.0,11706.0,309365008.0,0.0
MHImain,HKFE,2020-11-23 16:00:00,26418.0,26528.0,26412.0,26515.0,12473.0,330243845.0,0.0
MHImain,HKFE,2020-11-23 20:00:00,26515.0,26522.0,26405.0,26418.0,7249.0,191852777.0,0.0
MHImain,HKFE,2020-11-24 00:00:00,26417.0,26443.0,26352.0,26440.0,5625.0,148511144.0,0.0
MHImain,HKFE,2020-11-24 08:00:00,26538.0,26554.0,26412.0,26484.0,25593.0,677530452.0,0.0
MHImain,HKFE,2020-11-24 12:00:00,26484.0,26585.0,26473.0,26513.0,12420.0,329287727.0,0.0
MHImain,HKFE,2020-11-24 16:00:00,26514.0,26651.0,26501.0,26634.0,10408.0,276601445.0,0.0
MHImain,HKFE,2020-11-24 20:00:00,26633.0,26642.0,26539.0,26553.0,6354.0,168941864.0,0.0
MHImain,HKFE,2020-11-25 00:00:00,26552.0,26720.0,26545.0,26687.0,5329.0,141980737.0,0.0
MHImain,HKFE,2020-11-25 08:00:00,26774.0,27077.0,26741.0,27037.0,38169.0,1027444127.0,0.0
MHImain,HKFE,2020-11-25 12:00:00,27036.0,27040.0,26601.0,26609.0,31821.0,851702974.0,0.0
MHImain,HKFE,2020-11-25 16:00:00,26606.0,26663.0,26558.0,26565.0,10336.0,275175602.0,0.0
MHImain,HKFE,2020-11-25 20:00:00,26565.0,26660.0,26565.0,26654.0,5581.0,148577366.0,0.0
MHImain,HKFE,2020-11-26 00:00:00,26653.0,26695.0,26639.0,26677.0,3403.0,90747953.0,0.0
MHImain,HKFE,2020-11-26 08:00:00,26710.0,26733.0,26619.0,26716.0,21811.0,581759036.0,0.0
MHImain,HKFE,2020-11-26 12:00:00,26717.0,26767.0,26653.0,26757.0,11543.0,308260763.0,0.0
MHImain,HKFE,2020-11-26 16:00:00,26759.0,26824.0,26719.0,26776.0,7437.0,199096611.0,0.0
MHImain,HKFE,2020-11-26 20:00:00,26779.0,26785.0,26752.0,26771.0,839.0,22458177.0,0.0
MHImain,HKFE,2020-11-27 00:00:00,26774.0,26774.0,26718.0,26756.0,980.0,26212661.0,0.0
MHImain,HKFE,2020-11-27 08:00:00,26755.0,26793.0,26715.0,26760.0,16393.0,438550685.0,0.0
MHImain,HKFE,2020-11-27 12:00:00,26758.0,27004.0,26730.0,26975.0,18212.0,489176482.0,0.0
MHImain,HKFE,2020-11-27 16:00:00,26974.0,27033.0,26882.0,26916.0,12893.0,347518761.0,0.0
MHImain,HKFE,2020-11-27 20:00:00,26916.0,26972.0,26890.0,26958.0,3573.0,96224248.0,0.0
MHImain,HKFE,2020-11-28 00:00:00,26957.0,26994.0,26908.0,26942.0,3652.0,98442099.0,0.0
MHImain,HKFE,2020-11-30 08:00:00,26800.0,26953.0,26772.0,26826.0,25654.0,688921555.0,0.0
MHImain,HKFE,2020-11-30 12:00:00,26826.0,26830.0,26397.0,26442.0,28470.0,757107557.0,0.0
MHImain,HKFE,2020-11-30 16:00:00,26441.0,26515.0,26304.0,26449.0,17362.0,458685265.0,0.0
MHImain,HKFE,2020-11-30 20:00:00,26447.0,26508.0,26402.0,26447.0,7005.0,185359968.0,0.0
MHImain,HKFE,2020-12-01 00:00:00,26442.0,26453.0,26285.0,26330.0,6415.0,169033770.0,0.0
MHImain,HKFE,2020-12-01 08:00:00,26433.0,26578.0,26381.0,26575.0,27647.0,731993065.0,0.0
MHImain,HKFE,2020-12-01 12:00:00,26575.0,26659.0,26551.0,26566.0,19487.0,518369550.0,0.0
MHImain,HKFE,2020-12-01 16:00:00,26567.0,26606.0,26475.0,26575.0,11621.0,308469967.0,0.0
MHImain,HKFE,2020-12-01 20:00:00,26575.0,26605.0,26510.0,26594.0,5261.0,139752566.0,0.0
MHImain,HKFE,2020-12-02 00:00:00,26594.0,26694.0,26588.0,26691.0,4895.0,130389510.0,0.0
MHImain,HKFE,2020-12-02 08:00:00,26551.0,26620.0,26333.0,26517.0,36089.0,955164279.0,0.0
MHImain,HKFE,2020-12-02 12:00:00,26517.0,26583.0,26454.0,26556.0,17797.0,471973946.0,0.0
MHImain,HKFE,2020-12-02 16:00:00,26557.0,26609.0,26487.0,26556.0,10209.0,271170809.0,0.0
MHImain,HKFE,2020-12-02 20:00:00,26557.0,26590.0,26495.0,26579.0,5483.0,145532392.0,0.0
MHImain,HKFE,2020-12-03 00:00:00,26579.0,26642.0,26569.0,26607.0,4193.0,111581621.0,0.0
MHImain,HKFE,2020-12-03 08:00:00,26607.0,26711.0,26544.0,26711.0,28952.0,770458873.0,0.0
MHImain,HKFE,2020-12-03 12:00:00,26712.0,26810.0,26633.0,26718.0,21840.0,583615782.0,0.0
MHImain,HKFE,2020-12-03 16:00:00,26719.0,26772.0,26667.0,26701.0,9914.0,264949435.0,0.0
MHImain,HKFE,2020-12-03 20:00:00,26700.0,26790.0,26682.0,26771.0,4851.0,129707585.0,0.0
MHImain,HKFE,2020-12-04 00:00:00,26772.0,26826.0,26722.0,26727.0,4700.0,125868868.0,0.0
MHImain,HKFE,2020-12-04 08:00:00,26723.0,26808.0,26654.0,26700.0,25078.0,670341859.0,0.0
MHImain,HKFE,2020-12-04 12:00:00,26699.0,26838.0,26677.0,26809.0,16965.0,454084588.0,0.0
MHImain,HKFE,2020-12-04 16:00:00,26809.0,26934.0,26761.0,26912.0,11982.0,321611144.0,0.0
MHImain,HKFE,2020-12-04 20:00:00,26911.0,26912.0,26807.0,26820.0,6386.0,171446404.0,0.0
MHImain,HKFE,2020-12-05 00:00:00,26820.0,26862.0,26809.0,26831.0,2800.0,75136162.0,0.0
MHImain,HKFE,2020-12-07 08:00:00,26845.0,26849.0,26258.0,26282.0,46017.0,1218656185.0,0.0
MHImain,HKFE,2020-12-07 12:00:00,26279.0,26525.0,26267.0,26516.0,20279.0,535955081.0,0.0
MHImain,HKFE,2020-12-07 16:00:00,26515.0,26533.0,26376.0,26427.0,11916.0,315360405.0,0.0
MHImain,HKFE,2020-12-07 20:00:00,26432.0,26536.0,26423.0,26533.0,4736.0,125445416.0,0.0
MHImain,HKFE,2020-12-08 00:00:00,26533.0,26566.0,26504.0,26508.0,3636.0,96499318.0,0.0
MHImain,HKFE,2020-12-08 08:00:00,26518.0,26540.0,26328.0,26408.0,30248.0,798687228.0,0.0
MHImain,HKFE,2020-12-08 12:00:00,26410.0,26425.0,26321.0,26368.0,17035.0,449256419.0,0.0
MHImain,HKFE,2020-12-08 16:00:00,26370.0,26373.0,26280.0,26307.0,12260.0,322618712.0,0.0
MHImain,HKFE,2020-12-08 20:00:00,26305.0,26368.0,26278.0,26346.0,4699.0,123695062.0,0.0
MHImain,HKFE,2020-12-09 00:00:00,26346.0,26412.0,26304.0,26405.0,3861.0,101810584.0,0.0
MHImain,HKFE,2020-12-09 08:00:00,26455.0,26698.0,26431.0,26636.0,32158.0,854646524.0,0.0
MHImain,HKFE,2020-12-09 12:00:00,26638.0,26684.0,26509.0,26515.0,19950.0,530462937.0,0.0
MHImain,HKFE,2020-12-09 16:00:00,26515.0,26561.0,26477.0,26548.0,10784.0,285941102.0,0.0
MHImain,HKFE,2020-12-09 20:00:00,26546.0,26552.0,26422.0,26438.0,4966.0,131529693.0,0.0
MHImain,HKFE,2020-12-10 00:00:00,26438.0,26477.0,26235.0,26235.0,7673.0,202238724.0,0.0
MHImain,HKFE,2020-12-10 08:00:00,26292.0,26449.0,26253.0,26417.0,25786.0,679801424.0,0.0
MHImain,HKFE,2020-12-10 12:00:00,26417.0,26418.0,26327.0,26379.0,12589.0,332074057.0,0.0
MHImain,HKFE,2020-12-10 16:00:00,26378.0,26473.0,26348.0,26437.0,8049.0,212573222.0,0.0
MHImain,HKFE,2020-12-10 20:00:00,26436.0,26458.0,26320.0,26431.0,9779.0,258115990.0,0.0
MHImain,HKFE,2020-12-11 00:00:00,26433.0,26544.0,26424.0,26531.0,6097.0,161490832.0,0.0
MHImain,HKFE,2020-12-11 08:00:00,26555.0,26728.0,26481.0,26487.0,36325.0,966227792.0,0.0
MHImain,HKFE,2020-12-11 12:00:00,26486.0,26576.0,26446.0,26522.0,17019.0,451276874.0,0.0
MHImain,HKFE,2020-12-11 16:00:00,26522.0,26566.0,26329.0,26342.0,12773.0,338220800.0,0.0
MHImain,HKFE,2020-12-11 20:00:00,26341.0,26402.0,26320.0,26399.0,7355.0,193891355.0,0.0
MHImain,HKFE,2020-12-12 00:00:00,26399.0,26414.0,26306.0,26357.0,4955.0,130574057.0,0.0
MHImain,HKFE,2020-12-14 08:00:00,26510.0,26574.0,26432.0,26461.0,24440.0,647794535.0,0.0
MHImain,HKFE,2020-12-14 12:00:00,26458.0,26490.0,26300.0,26365.0,17688.0,466578209.0,0.0
MHImain,HKFE,2020-12-14 16:00:00,26364.0,26459.0,26359.0,26419.0,10510.0,277510677.0,0.0
MHImain,HKFE,2020-12-14 20:00:00,26418.0,26475.0,26411.0,26428.0,5200.0,137479461.0,0.0
MHImain,HKFE,2020-12-15 00:00:00,26424.0,26465.0,26364.0,26405.0,4378.0,115642343.0,0.0
MHImain,HKFE,2020-12-15 08:00:00,26370.0,26408.0,26100.0,26197.0,35683.0,936217692.0,0.0
MHImain,HKFE,2020-12-15 12:00:00,26194.0,26270.0,26128.0,26224.0,16621.0,435408872.0,0.0
MHImain,HKFE,2020-12-15 16:00:00,26224.0,26296.0,26177.0,26270.0,9887.0,259349497.0,0.0
MHImain,HKFE,2020-12-15 20:00:00,26270.0,26325.0,26254.0,26295.0,5292.0,139135966.0,0.0
MHImain,HKFE,2020-12-16 00:00:00,26294.0,26380.0,26283.0,26380.0,3740.0,98455333.0,0.0
MHImain,HKFE,2020-12-16 08:00:00,26366.0,26511.0,26306.0,26481.0,30620.0,808461003.0,0.0
MHImain,HKFE,2020-12-16 12:00:00,26481.0,26489.0,26401.0,26462.0,13201.0,349124826.0,0.0
MHImain,HKFE,2020-12-16 16:00:00,26462.0,26570.0,26445.0,26561.0,9432.0,249949977.0,0.0
MHImain,HKFE,2020-12-16 20:00:00,26559.0,26565.0,26466.0,26468.0,5325.0,141163058.0,0.0
MHImain,HKFE,2020-12-17 00:00:00,26468.0,26535.0,26457.0,26487.0,3608.0,95617739.0,0.0
MHImain,HKFE,2020-12-17 08:00:00,26517.0,26572.0,26398.0,26543.0,32277.0,854792059.0,0.0
MHImain,HKFE,2020-12-17 12:00:00,26544.0,26589.0,26494.0,26564.0,17247.0,457882228.0,0.0
MHImain,HKFE,2020-12-17 16:00:00,26563.0,26711.0,26562.0,26674.0,12402.0,330461706.0,0.0
MHImain,HKFE,2020-12-17 20:00:00,26676.0,26690.0,26630.0,26654.0,4938.0,131661869.0,0.0
MHImain,HKFE,2020-12-18 00:00:00,26653.0,26658.0,26607.0,26617.0,3072.0,81808916.0,0.0
MHImain,HKFE,2020-12-18 08:00:00,26600.0,26671.0,26460.0,26488.0,28375.0,753278170.0,0.0
MHImain,HKFE,2020-12-18 12:00:00,26487.0,26521.0,26345.0,26477.0,19772.0,522749131.0,0.0
MHImain,HKFE,2020-12-18 16:00:00,26478.0,26563.0,26417.0,26502.0,9836.0,260359239.0,0.0
MHImain,HKFE,2020-12-18 20:00:00,26503.0,26531.0,26462.0,26492.0,3896.0,103243752.0,0.0
MHImain,HKFE,2020-12-19 00:00:00,26494.0,26502.0,26432.0,26454.0,4009.0,106094068.0,0.0
MHImain,HKFE,2020-12-21 08:00:00,26425.0,26488.0,26264.0,26469.0,32844.0,866537691.0,0.0
MHImain,HKFE,2020-12-21 12:00:00,26469.0,26517.0,26403.0,26419.0,12967.0,343006123.0,0.0
MHImain,HKFE,2020-12-21 16:00:00,26418.0,26418.0,25957.0,26047.0,25412.0,666082039.0,0.0
MHImain,HKFE,2020-12-21 20:00:00,26048.0,26195.0,26033.0,26109.0,15016.0,392072909.0,0.0
MHImain,HKFE,2020-12-22 00:00:00,26107.0,26305.0,26091.0,26291.0,7308.0,191421794.0,0.0
MHImain,HKFE,2020-12-22 08:00:00,26243.0,26380.0,26187.0,26298.0,27688.0,727722944.0,0.0
MHImain,HKFE,2020-12-22 12:00:00,26297.0,26308.0,25992.0,26029.0,29421.0,768277884.0,0.0
MHImain,HKFE,2020-12-22 16:00:00,26029.0,26226.0,26019.0,26155.0,14398.0,376064686.0,0.0
MHImain,HKFE,2020-12-22 20:00:00,26157.0,26204.0,26092.0,26098.0,6326.0,165438016.0,0.0
MHImain,HKFE,2020-12-23 00:00:00,26096.0,26159.0,26068.0,26127.0,5147.0,134431168.0,0.0
MHImain,HKFE,2020-12-23 08:00:00,26030.0,26210.0,26008.0,26180.0,28195.0,736909607.0,0.0
MHImain,HKFE,2020-12-23 12:00:00,26183.0,26323.0,26177.0,26313.0,19217.0,504399255.0,0.0
MHImain,HKFE,2020-12-23 16:00:00,26313.0,26357.0,26258.0,26323.0,11968.0,314881945.0,0.0
MHImain,HKFE,2020-12-23 20:00:00,26323.0,26373.0,26292.0,26366.0,5339.0,140588114.0,0.0
MHImain,HKFE,2020-12-24 00:00:00,26364.0,26396.0,26338.0,26392.0,3516.0,92719371.0,0.0
MHImain,HKFE,2020-12-24 08:00:00,26337.0,26470.0,26245.0,26392.0,27837.0,734128800.0,0.0
MHImain,HKFE,2020-12-24 12:00:00,26392.0,26439.0,26379.0,26415.0,3859.0,101909040.0,0.0
MHImain,HKFE,2020-12-24 16:00:00,26415.0,26415.0,26415.0,26415.0,0.0,0.0,0.0
MHImain,HKFE,2020-12-24 20:00:00,26415.0,26415.0,26415.0,26415.0,0.0,0.0,0.0
MHImain,HKFE,2020-12-25 00:00:00,26415.0,26415.0,26415.0,26415.0,0.0,0.0,0.0
MHImain,HKFE,2020-12-28 08:00:00,26390.0,26545.0,26203.0,26452.0,27696.0,732654062.0,0.0
MHImain,HKFE,2020-12-28 12:00:00,26452.0,26471.0,26301.0,26359.0,14235.0,375549473.0,0.0
MHImain,HKFE,2020-12-28 16:00:00,26360.0,26444.0,26326.0,26440.0,6854.0,180773938.0,0.0
MHImain,HKFE,2020-12-28 20:00:00,26440.0,26450.0,26378.0,26411.0,3729.0,98523378.0,0.0
MHImain,HKFE,2020-12-29 00:00:00,26410.0,26443.0,26394.0,26418.0,2155.0,56927413.0,0.0
MHImain,HKFE,2020-12-29 08:00:00,26499.0,26589.0,26436.0,26541.0,21371.0,566749218.0,0.0
MHImain,HKFE,2020-12-29 12:00:00,26542.0,26624.0,26512.0,26542.0,10875.0,288899288.0,0.0
MHImain,HKFE,2020-12-29 16:00:00,26543.0,26650.0,26539.0,26625.0,4787.0,127238009.0,0.0
MHImain,HKFE,2020-12-29 20:00:00,26625.0,26691.0,26608.0,26648.0,2114.0,56346381.0,0.0
MHImain,HKFE,2020-12-30 00:00:00,26648.0,26700.0,26620.0,26664.0,2001.0,53354517.0,0.0
MHImain,HKFE,2020-12-30 08:00:00,26635.0,27026.0,26627.0,26997.0,27706.0,744097726.0,0.0
MHImain,HKFE,2020-12-30 12:00:00,26996.0,27064.0,26936.0,27006.0,15778.0,426023672.0,0.0
MHImain,HKFE,2020-12-30 16:00:00,27007.0,27306.0,27004.0,27282.0,16675.0,453235311.0,0.0
MHImain,HKFE,2020-12-30 20:00:00,27282.0,27282.0,27197.0,27199.0,5693.0,155045193.0,0.0
MHImain,HKFE,2020-12-31 00:00:00,27200.0,27225.0,27178.0,27179.0,2816.0,76592838.0,0.0
MHImain,HKFE,2020-12-31 08:00:00,27235.0,27396.0,27182.0,27221.0,26142.0,713354590.0,0.0
MHImain,HKFE,2020-12-31 12:00:00,27222.0,27335.0,27217.0,27242.0,6863.0,187259585.0,0.0
MHImain,HKFE,2020-12-31 16:00:00,27242.0,27242.0,27242.0,27242.0,0.0,0.0,0.0
MHImain,HKFE,2020-12-31 20:00:00,27242.0,27242.0,27242.0,27242.0,0.0,0.0,0.0
MHImain,HKFE,2021-01-01 00:00:00,27242.0,27242.0,27242.0,27242.0,0.0,0.0,0.0
MHImain,HKFE,2021-01-04 08:00:00,27219.0,27460.0,27105.0,27411.0,32345.0,883570113.0,0.0
MHImain,HKFE,2021-01-04 12:00:00,27411.0,27506.0,27350.0,27458.0,18536.0,508518672.0,0.0
MHImain,HKFE,2021-01-04 16:00:00,27459.0,27574.0,27445.0,27512.0,12874.0,353962810.0,0.0
MHImain,HKFE,2021-01-04 20:00:00,27514.0,27514.0,27407.0,27407.0,7617.0,209204105.0,0.0
MHImain,HKFE,2021-01-05 00:00:00,27407.0,27416.0,27108.0,27168.0,12837.0,349879363.0,0.0
MHImain,HKFE,2021-01-05 08:00:00,27250.0,27474.0,27176.0,27443.0,32145.0,878161652.0,0.0
MHImain,HKFE,2021-01-05 12:00:00,27442.0,27694.0,27365.0,27692.0,24343.0,670061367.0,0.0
MHImain,HKFE,2021-01-05 16:00:00,27692.0,27704.0,27544.0,27602.0,14804.0,408825175.0,0.0
MHImain,HKFE,2021-01-05 20:00:00,27602.0,27641.0,27465.0,27608.0,9375.0,258334015.0,0.0
MHImain,HKFE,2021-01-06 00:00:00,27608.0,27772.0,27559.0,27751.0,6270.0,173317682.0,0.0
MHImain,HKFE,2021-01-06 08:00:00,27670.0,27738.0,27498.0,27524.0,38223.0,1055226462.0,0.0
MHImain,HKFE,2021-01-06 12:00:00,27522.0,27697.0,27402.0,27692.0,27713.0,763601613.0,0.0
MHImain,HKFE,2021-01-06 16:00:00,27691.0,27775.0,27569.0,27683.0,17291.0,478879492.0,0.0
MHImain,HKFE,2021-01-06 20:00:00,27682.0,27748.0,27563.0,27698.0,10990.0,303995100.0,0.0
MHImain,HKFE,2021-01-07 00:00:00,27698.0,27846.0,27682.0,27818.0,6415.0,178048078.0,0.0
MHImain,HKFE,2021-01-07 08:00:00,27710.0,27754.0,27556.0,27652.0,36471.0,1008912254.0,0.0
MHImain,HKFE,2021-01-07 12:00:00,27651.0,27685.0,27466.0,27600.0,27536.0,759298804.0,0.0
MHImain,HKFE,2021-01-07 16:00:00,27600.0,27672.0,27460.0,27493.0,15573.0,429505117.0,0.0
MHImain,HKFE,2021-01-07 20:00:00,27491.0,27524.0,27411.0,27453.0,9686.0,266056790.0,0.0
MHImain,HKFE,2021-01-08 00:00:00,27452.0,27533.0,27440.0,27530.0,5154.0,141686578.0,0.0
MHImain,HKFE,2021-01-08 08:00:00,27600.0,27888.0,27551.0,27884.0,37205.0,1031344891.0,0.0
MHImain,HKFE,2021-01-08 12:00:00,27885.0,27954.0,27775.0,27904.0,27240.0,759272922.0,0.0
MHImain,HKFE,2021-01-08 16:00:00,27904.0,27967.0,27738.0,27825.0,15445.0,430031917.0,0.0
MHImain,HKFE,2021-01-08 20:00:00,27826.0,27943.0,27778.0,27890.0,8576.0,239007556.0,0.0
MHImain,HKFE,2021-01-09 00:00:00,27889.0,27994.0,27764.0,27855.0,11985.0,334254590.0,0.0
MHImain,HKFE,2021-01-11 08:00:00,27968.0,28187.0,27889.0,28038.0,47841.0,1340073382.0,0.0
MHImain,HKFE,2021-01-11 12:00:00,28035.0,28141.0,27783.0,27882.0,32298.0,903689803.0,0.0
MHImain,HKFE,2021-01-11 16:00:00,27882.0,27997.0,27840.0,27939.0,12347.0,344738320.0,0.0
MHImain,HKFE,2021-01-11 20:00:00,27938.0,27950.0,27757.0,27828.0,11035.0,307317270.0,0.0
MHImain,HKFE,2021-01-12 00:00:00,27825.0,27867.0,27801.0,27836.0,4600.0,128047454.0,0.0
MHImain,HKFE,2021-01-12 08:00:00,27840.0,28140.0,27804.0,28094.0,34692.0,970023785.0,0.0
MHImain,HKFE,2021-01-12 12:00:00,28094.0,28217.0,27955.0,28190.0,24682.0,693621723.0,0.0
MHImain,HKFE,2021-01-12 16:00:00,28189.0,28326.0,28157.0,28255.0,15414.0,435390435.0,0.0
MHImain,HKFE,2021-01-12 20:00:00,28255.0,28281.0,28201.0,28266.0,6635.0,187399702.0,0.0
MHImain,HKFE,2021-01-13 00:00:00,28265.0,28314.0,28222.0,28260.0,4907.0,138732995.0,0.0
MHImain,HKFE,2021-01-13 08:00:00,28238.0,28408.0,28231.0,28343.0,33006.0,935209265.0,0.0
MHImain,HKFE,2021-01-13 12:00:00,28345.0,28350.0,28172.0,28305.0,24334.0,687743320.0,0.0
MHImain,HKFE,2021-01-13 16:00:00,28307.0,28316.0,28178.0,28225.0,10969.0,309946560.0,0.0
MHImain,HKFE,2021-01-13 20:00:00,28224.0,28230.0,28169.0,28215.0,5417.0,152755905.0,0.0
MHImain,HKFE,2021-01-14 00:00:00,28216.0,28325.0,28209.0,28316.0,3974.0,112238153.0,0.0
MHImain,HKFE,2021-01-14 08:00:00,28380.0,28425.0,28269.0,28351.0,28177.0,798469993.0,0.0
MHImain,HKFE,2021-01-14 12:00:00,28353.0,28489.0,28317.0,28430.0,23424.0,665244293.0,0.0
MHImain,HKFE,2021-01-14 16:00:00,28430.0,28528.0,28408.0,28508.0,12439.0,354146546.0,0.0
MHImain,HKFE,2021-01-14 20:00:00,28509.0,28575.0,28485.0,28560.0,5299.0,151218612.0,0.0
MHImain,HKFE,2021-01-15 00:00:00,28564.0,28608.0,28454.0,28467.0,5709.0,162951124.0,0.0
MHImain,HKFE,2021-01-15 08:00:00,28420.0,28674.0,28388.0,28611.0,30548.0,871256762.0,0.0
MHImain,HKFE,2021-01-15 12:00:00,28613.0,28649.0,28315.0,28504.0,34757.0,989304931.0,0.0
MHImain,HKFE,2021-01-15 16:00:00,28503.0,28635.0,28503.0,28574.0,13004.0,371782239.0,0.0
MHImain,HKFE,2021-01-15 20:00:00,28572.0,28574.0,28409.0,28444.0,8687.0,247692543.0,0.0
MHImain,HKFE,2021-01-16 00:00:00,28440.0,28495.0,28383.0,28490.0,7277.0,207006028.0,0.0
MHImain,HKFE,2021-01-18 08:00:00,28427.0,28747.0,28378.0,28720.0,36439.0,1041200537.0,0.0
MHImain,HKFE,2021-01-18 12:00:00,28720.0,28815.0,28618.0,28775.0,24768.0,711847498.0,0.0
MHImain,HKFE,2021-01-18 16:00:00,28775.0,28917.0,28766.0,28910.0,11119.0,320442041.0,0.0
MHImain,HKFE,2021-01-18 20:00:00,28909.0,28936.0,28865.0,28926.0,4034.0,116556357.0,0.0
MHImain,HKFE,2021-01-19 00:00:00,28928.0,28970.0,28892.0,28952.0,2581.0,74669049.0,0.0
MHImain,HKFE,2021-01-19 08:00:00,28980.0,29568.0,28975.0,29529.0,48789.0,1431404309.0,0.0
MHImain,HKFE,2021-01-19 12:00:00,29528.0,29903.0,29357.0,29426.0,57657.0,1708027743.0,0.0
MHImain,HKFE,2021-01-19 16:00:00,29428.0,29682.0,29386.0,29682.0,19093.0,564729053.0,0.0
MHImain,HKFE,2021-01-19 20:00:00,29682.0,29726.0,29506.0,29547.0,9665.0,286108585.0,0.0
MHImain,HKFE,2021-01-20 00:00:00,29547.0,29557.0,29491.0,29525.0,5414.0,159850218.0,0.0
MHImain,HKFE,2021-01-20 08:00:00,29554.0,29960.0,29533.0,29747.0,48085.0,1432676578.0,0.0
MHImain,HKFE,2021-01-20 12:00:00,29750.0,29931.0,29677.0,29908.0,32304.0,962750242.0,0.0
MHImain,HKFE,2021-01-20 16:00:00,29907.0,29978.0,29861.0,29936.0,15541.0,465034548.0,0.0
MHImain,HKFE,2021-01-20 20:00:00,29933.0,29933.0,29807.0,29915.0,8315.0,248387211.0,0.0
MHImain,HKFE,2021-01-21 00:00:00,29916.0,29972.0,29871.0,29956.0,5953.0,178156310.0,0.0
MHImain,HKFE,2021-01-21 08:00:00,29968.0,30144.0,29815.0,30035.0,49165.0,1473206630.0,0.0
MHImain,HKFE,2021-01-21 12:00:00,30038.0,30096.0,29779.0,29864.0,35652.0,1067734608.0,0.0
MHImain,HKFE,2021-01-21 16:00:00,29864.0,29965.0,29835.0,29898.0,14242.0,425936293.0,0.0
MHImain,HKFE,2021-01-21 20:00:00,29897.0,29938.0,29778.0,29840.0,7075.0,211176388.0,0.0
MHImain,HKFE,2021-01-22 00:00:00,29841.0,29877.0,29801.0,29853.0,4705.0,140408016.0,0.0
MHImain,HKFE,2021-01-22 08:00:00,29825.0,29888.0,29552.0,29602.0,47992.0,1427333867.0,0.0
MHImain,HKFE,2021-01-22 12:00:00,29601.0,29614.0,29450.0,29513.0,32137.0,949232162.0,0.0
MHImain,HKFE,2021-01-22 16:00:00,29512.0,29523.0,29365.0,29369.0,18996.0,559420077.0,0.0
MHImain,HKFE,2021-01-22 20:00:00,29368.0,29465.0,29324.0,29436.0,8951.0,262982730.0,0.0
MHImain,HKFE,2021-01-23 00:00:00,29435.0,29511.0,29397.0,29505.0,4895.0,144139277.0,0.0
MHImain,HKFE,2021-01-25 08:00:00,29574.0,29988.0,29566.0,29936.0,43502.0,1296258655.0,0.0
MHImain,HKFE,2021-01-25 12:00:00,29935.0,30080.0,29922.0,30031.0,30195.0,906135022.0,0.0
MHImain,HKFE,2021-01-25 16:00:00,30032.0,30157.0,30032.0,30087.0,18490.0,556448834.0,0.0
MHImain,HKFE,2021-01-25 20:00:00,30086.0,30089.0,29945.0,29998.0,10749.0,322499310.0,0.0
MHImain,HKFE,2021-01-26 00:00:00,30000.0,30036.0,29793.0,29890.0,11277.0,337093003.0,0.0
MHImain,HKFE,2021-01-26 08:00:00,29936.0,29956.0,29514.0,29570.0,46100.0,1372153379.0,0.0
MHImain,HKFE,2021-01-26 12:00:00,29572.0,29608.0,29361.0,29395.0,38896.0,1146761961.0,0.0
MHImain,HKFE,2021-01-26 16:00:00,29394.0,29538.0,29347.0,29514.0,15605.0,459283245.0,0.0
MHImain,HKFE,2021-01-26 20:00:00,29515.0,29641.0,29506.0,29597.0,7074.0,209265169.0,0.0
MHImain,HKFE,2021-01-27 00:00:00,29599.0,29662.0,29551.0,29640.0,4741.0,140412607.0,0.0
MHImain,HKFE,2021-01-27 08:00:00,29627.0,29648.0,29230.0,29347.0,41963.0,1235111628.0,0.0
MHImain,HKFE,2021-01-27 12:00:00,29347.0,29500.0,29326.0,29428.0,19256.0,566860844.0,0.0
MHImain,HKFE,2021-01-27 16:00:00,29425.0,29433.0,29169.0,29192.0,10791.0,316435903.0,0.0
MHImain,HKFE,2021-01-27 20:00:00,29192.0,29206.0,28941.0,29047.0,8515.0,247249570.0,0.0
MHImain,HKFE,2021-01-28 00:00:00,29047.0,29155.0,29040.0,29122.0,3955.0,115091449.0,0.0
MHImain,HKFE,2021-01-28 08:00:00,28903.0,29183.0,28636.0,28654.0,61128.0,1766819704.0,0.0
MHImain,HKFE,2021-01-28 12:00:00,28658.0,28818.0,28560.0,28642.0,32743.0,939227863.0,0.0
MHImain,HKFE,2021-01-28 16:00:00,28641.0,28685.0,28334.0,28560.0,31251.0,891291157.0,0.0
MHImain,HKFE,2021-01-28 20:00:00,28561.0,28786.0,28511.0,28776.0,16765.0,480172784.0,0.0
MHImain,HKFE,2021-01-29 00:00:00,28777.0,28977.0,28754.0,28964.0,9691.0,279590490.0,0.0
MHImain,HKFE,2021-01-29 08:00:00,28858.0,28916.0,28529.0,28696.0,53014.0,1522082007.0,0.0
MHImain,HKFE,2021-01-29 12:00:00,28695.0,28698.0,28217.0,28370.0,48797.0,1386104965.0,0.0
MHImain,HKFE,2021-01-29 16:00:00,28373.0,28446.0,28039.0,28314.0,26380.0,746465402.0,0.0
MHImain,HKFE,2021-01-29 20:00:00,28312.0,28479.0,28177.0,28460.0,19340.0,548539361.0,0.0
MHImain,HKFE,2021-01-30 00:00:00,28464.0,28517.0,28153.0,28188.0,13013.0,368649507.0,0.0
MHImain,HKFE,2021-02-01 08:00:00,28202.0,28626.0,28202.0,28562.0,45824.0,1306152246.0,0.0
MHImain,HKFE,2021-02-01 12:00:00,28563.0,28936.0,28548.0,28859.0,37287.0,1074099680.0,0.0
MHImain,HKFE,2021-02-01 16:00:00,28859.0,28912.0,28730.0,28775.0,19309.0,556565237.0,0.0
MHImain,HKFE,2021-02-01 20:00:00,28777.0,28834.0,28705.0,28752.0,9653.0,277715932.0,0.0
MHImain,HKFE,2021-02-02 00:00:00,28753.0,28823.0,28688.0,28783.0,6085.0,175018916.0,0.0
MHImain,HKFE,2021-02-02 08:00:00,28980.0,29438.0,28971.0,29375.0,42521.0,1244835908.0,0.0
MHImain,HKFE,2021-02-02 12:00:00,29378.0,29420.0,29194.0,29263.0,26723.0,782830525.0,0.0
MHImain,HKFE,2021-02-02 16:00:00,29262.0,29274.0,29132.0,29182.0,15408.0,449914222.0,0.0
MHImain,HKFE,2021-02-02 20:00:00,29178.0,29189.0,29027.0,29061.0,10787.0,314000163.0,0.0
MHImain,HKFE,2021-02-03 00:00:00,29062.0,29173.0,29057.0,29171.0,5345.0,155652744.0,0.0
MHImain,HKFE,2021-02-03 08:00:00,29216.0,29247.0,28887.0,29000.0,49170.0,1427931920.0,0.0
MHImain,HKFE,2021-02-03 12:00:00,29000.0,29195.0,28974.0,29109.0,24345.0,708334480.0,0.0
MHImain,HKFE,2021-02-03 16:00:00,29109.0,29303.0,29051.0,29161.0,18011.0,525388652.0,0.0
MHImain,HKFE,2021-02-03 20:00:00,29160.0,29176.0,29071.0,29126.0,8423.0,245194861.0,0.0
MHImain,HKFE,2021-02-04 00:00:00,29128.0,29159.0,29032.0,29152.0,6484.0,188666354.0,0.0
MHImain,HKFE,2021-02-04 08:00:00,29050.0,29347.0,28945.0,29065.0,46073.0,1345016643.0,0.0
MHImain,HKFE,2021-02-04 12:00:00,29065.0,29094.0,28689.0,29087.0,47970.0,1385141437.0,0.0
MHImain,HKFE,2021-02-04 16:00:00,29087.0,29117.0,28984.0,29076.0,12778.0,371291950.0,0.0
MHImain,HKFE,2021-02-04 20:00:00,29078.0,29086.0,28995.0,29038.0,5916.0,171802505.0,0.0
MHImain,HKFE,2021-02-05 00:00:00,29039.0,29140.0,28993.0,29092.0,5161.0,149969970.0,0.0
MHImain,HKFE,2021-02-05 08:00:00,29060.0,29417.0,29055.0,29289.0,41380.0,1212308435.0,0.0
MHImain,HKFE,2021-02-05 12:00:00,29290.0,29347.0,29098.0,29236.0,29193.0,853125947.0,0.0
MHImain,HKFE,2021-02-05 16:00:00,29235.0,29330.0,29152.0,29311.0,11425.0,333983217.0,0.0
MHImain,HKFE,2021-02-05 20:00:00,29312.0,29344.0,29257.0,29269.0,5634.0,165070861.0,0.0
MHImain,HKFE,2021-02-06 00:00:00,29267.0,29368.0,29233.0,29344.0,5453.0,159835259.0,0.0
MHImain,HKFE,2021-02-08 08:00:00,29463.0,29624.0,29383.0,29514.0,45308.0,1336573240.0,0.0
MHImain,HKFE,2021-02-08 12:00:00,29515.0,29549.0,29234.0,29279.0,27901.0,819165444.0,0.0
MHImain,HKFE,2021-02-08 16:00:00,29277.0,29307.0,29134.0,29209.0,13262.0,387664859.0,0.0
MHImain,HKFE,2021-02-08 20:00:00,29210.0,29357.0,29185.0,29352.0,6485.0,189806350.0,0.0
MHImain,HKFE,2021-02-09 00:00:00,29350.0,29353.0,29224.0,29250.0,4953.0,145031913.0,0.0
MHImain,HKFE,2021-02-09 08:00:00,29338.0,29369.0,29203.0,29283.0,35111.0,1028138864.0,0.0
MHImain,HKFE,2021-02-09 12:00:00,29283.0,29459.0,29275.0,29277.0,27057.0,794395566.0,0.0
MHImain,HKFE,2021-02-09 16:00:00,29276.0,29441.0,29264.0,29372.0,11973.0,351592385.0,0.0
MHImain,HKFE,2021-02-09 20:00:00,29370.0,29510.0,29367.0,29497.0,6541.0,192535667.0,0.0
MHImain,HKFE,2021-02-10 00:00:00,29496.0,29606.0,29487.0,29564.0,6117.0,180742911.0,0.0
MHImain,HKFE,2021-02-10 08:00:00,29620.0,29994.0,29593.0,29902.0,36090.0,1076238979.0,0.0
MHImain,HKFE,2021-02-10 12:00:00,29900.0,29973.0,29858.0,29914.0,15867.0,474685464.0,0.0
MHImain,HKFE,2021-02-10 16:00:00,29919.0,30046.0,29897.0,29977.0,10667.0,319772815.0,0.0
MHImain,HKFE,2021-02-10 20:00:00,29976.0,30034.0,29914.0,29988.0,6204.0,185996967.0,0.0
MHImain,HKFE,2021-02-11 00:00:00,29985.0,29989.0,29703.0,29841.0,13551.0,404058898.0,0.0
MHImain,HKFE,2021-02-11 08:00:00,29850.0,29973.0,29776.0,29935.0,21916.0,654533083.0,0.0
MHImain,HKFE,2021-02-11 12:00:00,29936.0,30140.0,29935.0,30138.0,7099.0,213116829.0,0.0
MHImain,HKFE,2021-02-11 16:00:00,30138.0,30138.0,30138.0,30138.0,0.0,0.0,0.0
MHImain,HKFE,2021-02-11 20:00:00,30138.0,30138.0,30138.0,30138.0,0.0,0.0,0.0
MHImain,HKFE,2021-02-12 00:00:00,30138.0,30138.0,30138.0,30138.0,0.0,0.0,0.0
MHImain,HKFE,2021-02-16 08:00:00,30574.0,30701.0,30446.0,30686.0,37271.0,1139791332.0,0.0
MHImain,HKFE,2021-02-16 12:00:00,30683.0,30735.0,30498.0,30725.0,24174.0,740690155.0,0.0
MHImain,HKFE,2021-02-16 16:00:00,30726.0,30804.0,30648.0,30759.0,13629.0,418572721.0,0.0
MHImain,HKFE,2021-02-16 20:00:00,30760.0,30796.0,30660.0,30684.0,7562.0,232272441.0,0.0
MHImain,HKFE,2021-02-17 00:00:00,30686.0,30711.0,30571.0,30576.0,6495.0,198956362.0,0.0
MHImain,HKFE,2021-02-17 08:00:00,30507.0,30789.0,30422.0,30764.0,30594.0,936024576.0,0.0
MHImain,HKFE,2021-02-17 12:00:00,30764.0,31086.0,30696.0,31048.0,28768.0,889342064.0,0.0
MHImain,HKFE,2021-02-17 16:00:00,31048.0,31068.0,30928.0,30945.0,14689.0,455169892.0,0.0
MHImain,HKFE,2021-02-17 20:00:00,30949.0,31014.0,30846.0,30912.0,10156.0,314104995.0,0.0
MHImain,HKFE,2021-02-18 00:00:00,30907.0,30938.0,30820.0,30925.0,7454.0,230174714.0,0.0
MHImain,HKFE,2021-02-18 08:00:00,31065.0,31117.0,30739.0,30856.0,45175.0,1395180058.0,0.0
MHImain,HKFE,2021-02-18 12:00:00,30857.0,30865.0,30517.0,30607.0,38186.0,1170382508.0,0.0
MHImain,HKFE,2021-02-18 16:00:00,30606.0,30624.0,30391.0,30443.0,18403.0,561682048.0,0.0
MHImain,HKFE,2021-02-18 20:00:00,30442.0,30516.0,30229.0,30239.0,12305.0,373800845.0,0.0
MHImain,HKFE,2021-02-19 00:00:00,30240.0,30321.0,30170.0,30315.0,10000.0,302386675.0,0.0
MHImain,HKFE,2021-02-19 08:00:00,30388.0,30428.0,30022.0,30179.0,56294.0,1701384035.0,0.0
MHImain,HKFE,2021-02-19 12:00:00,30176.0,30515.0,30140.0,30499.0,39413.0,1196867395.0,0.0
MHImain,HKFE,2021-02-19 16:00:00,30499.0,30688.0,30465.0,30648.0,18845.0,576103626.0,0.0
MHImain,HKFE,2021-02-19 20:00:00,30645.0,30766.0,30633.0,30728.0,7802.0,239570037.0,0.0
MHImain,HKFE,2021-02-20 00:00:00,30732.0,30856.0,30677.0,30720.0,8193.0,252093330.0,0.0
MHImain,HKFE,2021-02-22 08:00:00,30818.0,30991.0,30573.0,30669.0,53419.0,1641635832.0,0.0
MHImain,HKFE,2021-02-22 12:00:00,30670.0,30730.0,30385.0,30457.0,38837.0,1186058472.0,0.0
MHImain,HKFE,2021-02-22 16:00:00,30456.0,30492.0,30052.0,30175.0,25788.0,779633611.0,0.0
MHImain,HKFE,2021-02-22 20:00:00,30175.0,30258.0,30103.0,30248.0,10510.0,317058484.0,0.0
MHImain,HKFE,2021-02-23 00:00:00,30244.0,30274.0,30166.0,30237.0,6657.0,201157892.0,0.0
MHImain,HKFE,2021-02-23 08:00:00,30145.0,30665.0,30070.0,30607.0,48638.0,1477385615.0,0.0
MHImain,HKFE,2021-02-23 12:00:00,30606.0,30937.0,30577.0,30659.0,32990.0,1013433187.0,0.0
MHImain,HKFE,2021-02-23 16:00:00,30659.0,30717.0,30331.0,30378.0,20028.0,611952875.0,0.0
MHImain,HKFE,2021-02-23 20:00:00,30380.0,30472.0,30151.0,30336.0,14780.0,448292380.0,0.0
MHImain,HKFE,2021-02-24 00:00:00,30333.0,30506.0,30316.0,30456.0,10828.0,329265882.0,0.0
MHImain,HKFE,2021-02-24 08:00:00,30591.0,30808.0,29996.0,30092.0,54344.0,1656634662.0,0.0
MHImain,HKFE,2021-02-24 12:00:00,30087.0,30178.0,29561.0,29667.0,62447.0,1863250488.0,0.0
MHImain,HKFE,2021-02-24 16:00:00,29669.0,29784.0,29600.0,29734.0,14567.0,432907824.0,0.0
MHImain,HKFE,2021-02-24 20:00:00,29733.0,29830.0,29501.0,29549.0,6830.0,202558379.0,0.0
MHImain,HKFE,2021-02-25 00:00:00,29549.0,29869.0,29549.0,29865.0,4558.0,135504283.0,0.0
MHImain,HKFE,2021-02-25 08:00:00,30000.0,30209.0,29736.0,30180.0,46500.0,1394003462.0,0.0
MHImain,HKFE,2021-02-25 12:00:00,30183.0,30314.0,30009.0,30085.0,33583.0,1012953154.0,0.0
MHImain,HKFE,2021-02-25 16:00:00,30087.0,30110.0,29870.0,29980.0,16154.0,484361483.0,0.0
MHImain,HKFE,2021-02-25 20:00:00,29980.0,29982.0,29825.0,29840.0,12761.0,381498677.0,0.0
MHImain,HKFE,2021-02-26 00:00:00,29835.0,29936.0,29445.0,29460.0,18642.0,553488844.0,0.0
MHImain,HKFE,2021-02-26 08:00:00,29322.0,29466.0,29063.0,29256.0,54308.0,1589836194.0,0.0
MHImain,HKFE,2021-02-26 12:00:00,29259.0,29280.0,28990.0,29000.0,37986.0,1105670245.0,0.0
MHImain,HKFE,2021-02-26 16:00:00,28998.0,29066.0,28808.0,28887.0,27245.0,788599734.0,0.0
MHImain,HKFE,2021-02-26 20:00:00,28880.0,29067.0,28742.0,28859.0,20852.0,603111328.0,0.0
MHImain,HKFE,2021-02-27 00:00:00,28858.0,29056.0,28793.0,28973.0,15656.0,453217071.0,0.0
MHImain,HKFE,2021-03-01 08:00:00,29295.0,29377.0,29062.0,29126.0,45336.0,1324217184.0,0.0
MHImain,HKFE,2021-03-01 12:00:00,29129.0,29264.0,29110.0,29243.0,25312.0,739235438.0,0.0
MHImain,HKFE,2021-03-01 16:00:00,29239.0,29321.0,29177.0,29181.0,14168.0,414467450.0,0.0
MHImain,HKFE,2021-03-01 20:00:00,29180.0,29300.0,29135.0,29288.0,10268.0,300040911.0,0.0
MHImain,HKFE,2021-03-02 00:00:00,29289.0,29418.0,29289.0,29397.0,8140.0,239017297.0,0.0
MHImain,HKFE,2021-03-02 08:00:00,29520.0,29593.0,29030.0,29157.0,59578.0,1748639673.0,0.0
MHImain,HKFE,2021-03-02 12:00:00,29156.0,29157.0,28781.0,29000.0,47360.0,1370979082.0,0.0
MHImain,HKFE,2021-03-02 16:00:00,29004.0,29024.0,28855.0,29004.0,16737.0,484215641.0,0.0
MHImain,HKFE,2021-03-02 20:00:00,29001.0,29111.0,28975.0,29060.0,9098.0,264242815.0,0.0
MHImain,HKFE,2021-03-03 00:00:00,29058.0,29110.0,28960.0,29077.0,8240.0,239247899.0,0.0
MHImain,HKFE,2021-03-03 08:00:00,29088.0,29518.0,29008.0,29501.0,49069.0,1436529059.0,0.0
MHImain,HKFE,2021-03-03 12:00:00,29501.0,29699.0,29414.0,29654.0,29601.0,874330239.0,0.0
MHImain,HKFE,2021-03-03 16:00:00,29656.0,29793.0,29617.0,29648.0,20482.0,608306285.0,0.0
MHImain,HKFE,2021-03-03 20:00:00,29646.0,29658.0,29389.0,29401.0,16779.0,494836349.0,0.0
MHImain,HKFE,2021-03-04 00:00:00,29400.0,29491.0,29352.0,29398.0,10787.0,317323255.0,0.0
MHImain,HKFE,2021-03-04 08:00:00,29310.0,29426.0,28958.0,28986.0,54219.0,1584261681.0,0.0
MHImain,HKFE,2021-03-04 12:00:00,28985.0,29123.0,28909.0,29089.0,36075.0,1046649189.0,0.0
MHImain,HKFE,2021-03-04 16:00:00,29090.0,29264.0,28947.0,28984.0,23546.0,685482062.0,0.0
MHImain,HKFE,2021-03-04 20:00:00,28981.0,29171.0,28962.0,29036.0,13548.0,393805190.0,0.0
MHImain,HKFE,2021-03-05 00:00:00,29036.0,29205.0,28728.0,28728.0,17944.0,520896463.0,0.0
MHImain,HKFE,2021-03-05 08:00:00,28588.0,29032.0,28372.0,28951.0,59475.0,1704569667.0,0.0
MHImain,HKFE,2021-03-05 12:00:00,28952.0,29275.0,28791.0,29154.0,44633.0,1296058050.0,0.0
MHImain,HKFE,2021-03-05 16:00:00,29153.0,29153.0,28861.0,28988.0,16500.0,478521787.0,0.0
MHImain,HKFE,2021-03-05 20:00:00,28988.0,29218.0,28919.0,29019.0,19124.0,555912997.0,0.0
MHImain,HKFE,2021-03-06 00:00:00,29022.0,29085.0,28778.0,29045.0,17918.0,518266276.0,0.0
MHImain,HKFE,2021-03-08 08:00:00,29335.0,29342.0,28600.0,28611.0,56265.0,1630000153.0,0.0
MHImain,HKFE,2021-03-08 12:00:00,28614.0,28831.0,28455.0,28564.0,47383.0,1355509596.0,0.0
MHImain,HKFE,2021-03-08 16:00:00,28565.0,28636.0,28327.0,28505.0,27832.0,792051160.0,0.0
MHImain,HKFE,2021-03-08 20:00:00,28508.0,28713.0,28456.0,28680.0,19249.0,550717662.0,0.0
MHImain,HKFE,2021-03-09 00:00:00,28682.0,28776.0,28574.0,28670.0,12331.0,353815104.0,0.0
MHImain,HKFE,2021-03-09 08:00:00,28627.0,28919.0,28283.0,28916.0,88501.0,2530115793.0,0.0
MHImain,HKFE,2021-03-09 12:00:00,28914.0,28977.0,28495.0,28506.0,49545.0,1425518645.0,0.0
MHImain,HKFE,2021-03-09 16:00:00,28504.0,28909.0,28422.0,28878.0,23504.0,673290747.0,0.0
MHImain,HKFE,2021-03-09 20:00:00,28874.0,29066.0,28773.0,28987.0,16608.0,479916631.0,0.0
MHImain,HKFE,2021-03-10 00:00:00,28991.0,29113.0,28966.0,29098.0,7929.0,230172580.0,0.0
MHImain,HKFE,2021-03-10 08:00:00,29080.0,29155.0,28645.0,28954.0,64905.0,1873839168.0,0.0
MHImain,HKFE,2021-03-10 12:00:00,28956.0,28969.0,28639.0,28739.0,35218.0,1012802230.0,0.0
MHImain,HKFE,2021-03-10 16:00:00,28735.0,28907.0,28694.0,28829.0,16603.0,478325419.0,0.0
MHImain,HKFE,2021-03-10 20:00:00,28829.0,29003.0,28781.0,28902.0,14348.0,414782149.0,0.0
MHImain,HKFE,2021-03-11 00:00:00,28900.0,28920.0,28772.0,28844.0,10863.0,313332720.0,0.0
MHImain,HKFE,2021-03-11 08:00:00,28830.0,29405.0,28807.0,29322.0,45897.0,1339651877.0,0.0
MHImain,HKFE,2021-03-11 12:00:00,29325.0,29388.0,29043.0,29254.0,31628.0,924896897.0,0.0
MHImain,HKFE,2021-03-11 16:00:00,29254.0,29366.0,29216.0,29269.0,15887.0,465523878.0,0.0
MHImain,HKFE,2021-03-11 20:00:00,29269.0,29314.0,29217.0,29245.0,10548.0,308678417.0,0.0
MHImain,HKFE,2021-03-12 00:00:00,29245.0,29501.0,29209.0,29445.0,8581.0,252062305.0,0.0
MHImain,HKFE,2021-03-12 08:00:00,29530.0,29568.0,29126.0,29194.0,58951.0,1728325877.0,0.0
MHImain,HKFE,2021-03-12 12:00:00,29198.0,29353.0,29065.0,29096.0,33711.0,984273208.0,0.0
MHImain,HKFE,2021-03-12 16:00:00,29095.0,29103.0,28566.0,28624.0,32030.0,922285126.0,0.0
MHImain,HKFE,2021-03-12 20:00:00,28624.0,28723.0,28580.0,28675.0,11809.0,338367847.0,0.0
MHImain,HKFE,2021-03-13 00:00:00,28671.0,28799.0,28564.0,28749.0,9603.0,275535590.0,0.0
MHImain,HKFE,2021-03-15 08:00:00,28862.0,29129.0,28683.0,28832.0,59564.0,1721339807.0,0.0
MHImain,HKFE,2021-03-15 12:00:00,28830.0,28952.0,28601.0,28775.0,39805.0,1144844506.0,0.0
MHImain,HKFE,2021-03-15 16:00:00,28769.0,28920.0,28699.0,28847.0,14372.0,413953702.0,0.0
MHImain,HKFE,2021-03-15 20:00:00,28845.0,28935.0,28754.0,28914.0,11008.0,317466464.0,0.0
MHImain,HKFE,2021-03-16 00:00:00,28915.0,28997.0,28793.0,28997.0,5652.0,163246132.0,0.0
MHImain,HKFE,2021-03-16 08:00:00,29050.0,29118.0,28838.0,28978.0,59342.0,1719328325.0,0.0
MHImain,HKFE,2021-03-16 12:00:00,28975.0,29037.0,28836.0,28991.0,27866.0,806829297.0,0.0
MHImain,HKFE,2021-03-16 16:00:00,28989.0,29029.0,28910.0,28997.0,13628.0,394768181.0,0.0
MHImain,HKFE,2021-03-16 20:00:00,29000.0,29104.0,28996.0,29039.0,8565.0,248809034.0,0.0
MHImain,HKFE,2021-03-17 00:00:00,29038.0,29109.0,28981.0,29035.0,4859.0,141115676.0,0.0
MHImain,HKFE,2021-03-17 08:00:00,29055.0,29152.0,28737.0,28946.0,52925.0,1533234188.0,0.0
MHImain,HKFE,2021-03-17 12:00:00,28946.0,29013.0,28858.0,28978.0,26384.0,763793045.0,0.0
MHImain,HKFE,2021-03-17 16:00:00,28981.0,29041.0,28933.0,28940.0,9729.0,282084688.0,0.0
MHImain,HKFE,2021-03-17 20:00:00,28940.0,28992.0,28889.0,28918.0,9964.0,288280336.0,0.0
MHImain,HKFE,2021-03-18 00:00:00,28917.0,29233.0,28910.0,29199.0,7539.0,218997365.0,0.0
MHImain,HKFE,2021-03-18 08:00:00,29290.0,29575.0,29263.0,29551.0,54718.0,1610138722.0,0.0
MHImain,HKFE,2021-03-18 12:00:00,29551.0,29565.0,29361.0,29530.0,26650.0,785101259.0,0.0
MHImain,HKFE,2021-03-18 16:00:00,29530.0,29539.0,29301.0,29322.0,19324.0,567726203.0,0.0
MHImain,HKFE,2021-03-18 20:00:00,29320.0,29329.0,29209.0,29282.0,12606.0,368928868.0,0.0
MHImain,HKFE,2021-03-19 00:00:00,29282.0,29339.0,29126.0,29156.0,5789.0,169360131.0,0.0
MHImain,HKFE,2021-03-19 08:00:00,29120.0,29241.0,28878.0,28892.0,58124.0,1688537789.0,0.0
MHImain,HKFE,2021-03-19 12:00:00,28889.0,28984.0,28704.0,28808.0,35879.0,1034303195.0,0.0
MHImain,HKFE,2021-03-19 16:00:00,28811.0,28959.0,28784.0,28879.0,18588.0,536803888.0,0.0
MHImain,HKFE,2021-03-19 20:00:00,28879.0,28944.0,28757.0,28924.0,15046.0,434135535.0,0.0
MHImain,HKFE,2021-03-20 00:00:00,28925.0,29049.0,28888.0,29049.0,6163.0,178666017.0,0.0
MHImain,HKFE,2021-03-22 08:00:00,28950.0,29111.0,28720.0,28932.0,55811.0,1614991058.0,0.0
MHImain,HKFE,2021-03-22 12:00:00,28935.0,28994.0,28863.0,28932.0,22569.0,653015857.0,0.0
MHImain,HKFE,2021-03-22 16:00:00,28931.0,28935.0,28802.0,28923.0,12900.0,372535629.0,0.0
MHImain,HKFE,2021-03-22 20:00:00,28924.0,28979.0,28849.0,28922.0,8894.0,257235239.0,0.0
MHImain,HKFE,2021-03-23 00:00:00,28922.0,29004.0,28915.0,28988.0,2886.0,83590783.0,0.0
MHImain,HKFE,2021-03-23 08:00:00,29023.0,29028.0,28405.0,28440.0,64969.0,1865975716.0,0.0
MHImain,HKFE,2021-03-23 12:00:00,28442.0,28506.0,28305.0,28407.0,31779.0,902774222.0,0.0
MHImain,HKFE,2021-03-23 16:00:00,28406.0,28498.0,28384.0,28456.0,15124.0,430036822.0,0.0
MHImain,HKFE,2021-03-23 20:00:00,28456.0,28553.0,28446.0,28553.0,11135.0,317318625.0,0.0
MHImain,HKFE,2021-03-24 00:00:00,28552.0,28579.0,28430.0,28431.0,5206.0,148499793.0,0.0
MHImain,HKFE,2021-03-24 08:00:00,28350.0,28448.0,27916.0,27926.0,55153.0,1553241295.0,0.0
MHImain,HKFE,2021-03-24 12:00:00,27924.0,28043.0,27815.0,27919.0,30208.0,842910092.0,0.0
MHImain,HKFE,2021-03-24 16:00:00,27921.0,27980.0,27774.0,27962.0,19370.0,539739769.0,0.0
MHImain,HKFE,2021-03-24 20:00:00,27961.0,27991.0,27880.0,27970.0,9101.0,254325287.0,0.0
MHImain,HKFE,2021-03-25 00:00:00,27971.0,27987.0,27760.0,27769.0,7711.0,214979969.0,0.0
MHImain,HKFE,2021-03-25 08:00:00,27700.0,27967.0,27502.0,27817.0,56554.0,1568490412.0,0.0
MHImain,HKFE,2021-03-25 12:00:00,27818.0,27983.0,27772.0,27900.0,30642.0,854355449.0,0.0
MHImain,HKFE,2021-03-25 16:00:00,27899.0,27943.0,27810.0,27931.0,11497.0,320583603.0,0.0
MHImain,HKFE,2021-03-25 20:00:00,27930.0,27930.0,27716.0,27745.0,15621.0,434439404.0,0.0
MHImain,HKFE,2021-03-26 00:00:00,27745.0,27965.0,27730.0,27960.0,9844.0,274338361.0,0.0
MHImain,HKFE,2021-03-26 08:00:00,27960.0,28220.0,27931.0,28207.0,49441.0,1387457950.0,0.0
MHImain,HKFE,2021-03-26 12:00:00,28205.0,28381.0,28155.0,28276.0,31345.0,886216075.0,0.0
MHImain,HKFE,2021-03-26 16:00:00,28275.0,28347.0,28235.0,28259.0,13554.0,383429959.0,0.0
MHImain,HKFE,2021-03-26 20:00:00,28259.0,28326.0,28166.0,28185.0,10136.0,286220894.0,0.0
MHImain,HKFE,2021-03-27 00:00:00,28186.0,28265.0,28138.0,28247.0,7630.0,215184969.0,0.0
MHImain,HKFE,2021-03-29 08:00:00,28285.0,28496.0,28088.0,28338.0,44059.0,1248206417.0,0.0
MHImain,HKFE,2021-03-29 12:00:00,28334.0,28448.0,28141.0,28287.0,27952.0,790275984.0,0.0
MHImain,HKFE,2021-03-29 16:00:00,28286.0,28408.0,28274.0,28401.0,9521.0,269840149.0,0.0
MHImain,HKFE,2021-03-29 20:00:00,28402.0,28448.0,28340.0,28386.0,4166.0,118304311.0,0.0
MHImain,HKFE,2021-03-30 00:00:00,28384.0,28510.0,28373.0,28437.0,3121.0,88782403.0,0.0
MHImain,HKFE,2021-03-30 08:00:00,28422.0,28613.0,28335.0,28611.0,42839.0,1219618960.0,0.0
MHImain,HKFE,2021-03-30 12:00:00,28612.0,28687.0,28557.0,28570.0,24031.0,687886455.0,0.0
MHImain,HKFE,2021-03-30 16:00:00,28570.0,28604.0,28458.0,28460.0,13862.0,395631813.0,0.0
MHImain,HKFE,2021-03-30 20:00:00,28461.0,28608.0,28432.0,28606.0,11129.0,317141958.0,0.0
MHImain,HKFE,2021-03-31 00:00:00,28605.0,28662.0,28599.0,28653.0,5183.0,148372927.0,0.0
MHImain,HKFE,2021-03-31 08:00:00,28730.0,28772.0,28342.0,28442.0,47545.0,1357607234.0,0.0
MHImain,HKFE,2021-03-31 12:00:00,28444.0,28555.0,28360.0,28444.0,26141.0,743616619.0,0.0
MHImain,HKFE,2021-03-31 16:00:00,28441.0,28454.0,28277.0,28359.0,15588.0,441945124.0,0.0
MHImain,HKFE,2021-03-31 20:00:00,28359.0,28482.0,28319.0,28464.0,8218.0,233418219.0,0.0
MHImain,HKFE,2021-04-01 00:00:00,28464.0,28565.0,28438.0,28536.0,4577.0,130481193.0,0.0
MHImain,HKFE,2021-04-01 08:00:00,28567.0,28688.0,28450.0,28527.0,56393.0,1611429972.0,0.0
MHImain,HKFE,2021-04-01 12:00:00,28528.0,28800.0,28523.0,28744.0,29939.0,858105296.0,0.0
MHImain,HKFE,2021-04-01 16:00:00,28743.0,28912.0,28729.0,28828.0,18711.0,539464087.0,0.0
MHImain,HKFE,2021-04-01 20:00:00,28825.0,28961.0,28815.0,28951.0,7168.0,207212146.0,0.0
MHImain,HKFE,2021-04-02 00:00:00,28952.0,28998.0,28903.0,28936.0,4095.0,118567490.0,0.0
MHImain,HKFE,2021-04-07 08:00:00,29130.0,29149.0,28622.0,28718.0,47243.0,1362091990.0,0.0
MHImain,HKFE,2021-04-07 12:00:00,28718.0,28768.0,28608.0,28621.0,22066.0,633143924.0,0.0
MHImain,HKFE,2021-04-07 16:00:00,28620.0,28648.0,28206.0,28241.0,23978.0,682632749.0,0.0
MHImain,HKFE,2021-04-07 20:00:00,28240.0,28403.0,28168.0,28379.0,13529.0,382552978.0,0.0
MHImain,HKFE,2021-04-08 00:00:00,28378.0,28412.0,28275.0,28340.0,5698.0,161466682.0,0.0
MHImain,HKFE,2021-04-08 08:00:00,28410.0,28913.0,28370.0,28888.0,55928.0,1605938790.0,0.0
MHImain,HKFE,2021-04-08 12:00:00,28889.0,29046.0,28835.0,28985.0,27061.0,783143140.0,0.0
MHImain,HKFE,2021-04-08 16:00:00,28985.0,29055.0,28965.0,29019.0,12954.0,375779510.0,0.0
MHImain,HKFE,2021-04-08 20:00:00,29018.0,29095.0,28971.0,28971.0,7474.0,216999018.0,0.0
MHImain,HKFE,2021-04-09 00:00:00,28971.0,29048.0,28942.0,28973.0,3785.0,109741190.0,0.0
MHImain,HKFE,2021-04-09 08:00:00,29099.0,29112.0,28715.0,28724.0,45060.0,1299292025.0,0.0
MHImain,HKFE,2021-04-09 12:00:00,28722.0,28783.0,28548.0,28625.0,24527.0,702672857.0,0.0
MHImain,HKFE,2021-04-09 16:00:00,28624.0,28688.0,28574.0,28685.0,11633.0,333149554.0,0.0
MHImain,HKFE,2021-04-09 20:00:00,28685.0,28709.0,28598.0,28665.0,6493.0,186041041.0,0.0
MHImain,HKFE,2021-04-10 00:00:00,28664.0,28697.0,28632.0,28660.0,2957.0,84755123.0,0.0
MHImain,HKFE,2021-04-12 08:00:00,28576.0,28795.0,28229.0,28234.0,42434.0,1208737210.0,0.0
MHImain,HKFE,2021-04-12 12:00:00,28233.0,28472.0,28222.0,28408.0,24477.0,694302275.0,0.0
MHImain,HKFE,2021-04-12 16:00:00,28407.0,28474.0,28347.0,28470.0,10703.0,303988647.0,0.0
MHImain,HKFE,2021-04-12 20:00:00,28471.0,28500.0,28396.0,28427.0,7430.0,211409587.0,0.0
MHImain,HKFE,2021-04-13 00:00:00,28425.0,28481.0,28420.0,28450.0,2500.0,71132876.0,0.0
MHImain,HKFE,2021-04-13 08:00:00,28520.0,28840.0,28474.0,28821.0,46223.0,1326150667.0,0.0
MHImain,HKFE,2021-04-13 12:00:00,28822.0,28831.0,28408.0,28506.0,34739.0,992140758.0,0.0
MHImain,HKFE,2021-04-13 16:00:00,28506.0,28546.0,28403.0,28456.0,11114.0,316452556.0,0.0
MHImain,HKFE,2021-04-13 20:00:00,28455.0,28610.0,28430.0,28584.0,9469.0,270038504.0,0.0
MHImain,HKFE,2021-04-14 00:00:00,28583.0,28654.0,28566.0,28620.0,3534.0,101073391.0,0.0
MHImain,HKFE,2021-04-14 08:00:00,28650.0,28966.0,28600.0,28755.0,52721.0,1518867856.0,0.0
MHImain,HKFE,2021-04-14 12:00:00,28752.0,28923.0,28747.0,28841.0,21310.0,614884302.0,0.0
MHImain,HKFE,2021-04-14 16:00:00,28842.0,28945.0,28800.0,28915.0,11965.0,345499571.0,0.0
MHImain,HKFE,2021-04-14 20:00:00,28914.0,28933.0,28828.0,28860.0,6958.0,200891525.0,0.0
MHImain,HKFE,2021-04-15 00:00:00,28858.0,28883.0,28755.0,28796.0,4426.0,127613969.0,0.0
MHImain,HKFE,2021-04-15 08:00:00,28831.0,28884.0,28510.0,28511.0,47544.0,1363990004.0,0.0
MHImain,HKFE,2021-04-15 12:00:00,28511.0,28730.0,28474.0,28715.0,23855.0,682616627.0,0.0
MHImain,HKFE,2021-04-15 16:00:00,28715.0,28860.0,28706.0,28802.0,13207.0,380047344.0,0.0
MHImain,HKFE,2021-04-15 20:00:00,28803.0,28879.0,28778.0,28844.0,7111.0,205004297.0,0.0
MHImain,HKFE,2021-04-16 00:00:00,28845.0,28912.0,28813.0,28909.0,4040.0,116610791.0,0.0
MHImain,HKFE,2021-04-16 08:00:00,28825.0,28892.0,28665.0,28772.0,45910.0,1320697822.0,0.0
MHImain,HKFE,2021-04-16 12:00:00,28770.0,29065.0,28762.0,28941.0,30134.0,871539355.0,0.0
MHImain,HKFE,2021-04-16 16:00:00,28943.0,29033.0,28919.0,29023.0,12030.0,348740861.0,0.0
MHImain,HKFE,2021-04-16 20:00:00,29024.0,29046.0,28911.0,28975.0,8065.0,233798256.0,0.0
MHImain,HKFE,2021-04-17 00:00:00,28977.0,29052.0,28972.0,29051.0,2728.0,79150254.0,0.0
MHImain,HKFE,2021-04-19 08:00:00,28940.0,29319.0,28750.0,29243.0,54537.0,1585478654.0,0.0
MHImain,HKFE,2021-04-19 12:00:00,29242.0,29271.0,29063.0,29095.0,24716.0,720551029.0,0.0
MHImain,HKFE,2021-04-19 16:00:00,29094.0,29121.0,28920.0,28932.0,12727.0,369550388.0,0.0
MHImain,HKFE,2021-04-19 20:00:00,28932.0,28951.0,28856.0,28900.0,8409.0,243076596.0,0.0
MHImain,HKFE,2021-04-20 00:00:00,28900.0,28908.0,28819.0,28852.0,4224.0,121902476.0,0.0
MHImain,HKFE,2021-04-20 08:00:00,28883.0,29130.0,28829.0,29061.0,52207.0,1513142737.0,0.0
MHImain,HKFE,2021-04-20 12:00:00,29060.0,29209.0,29057.0,29092.0,22866.0,665923125.0,0.0
MHImain,HKFE,2021-04-20 16:00:00,29093.0,29128.0,28890.0,28919.0,13276.0,385358896.0,0.0
MHImain,HKFE,2021-04-20 20:00:00,28918.0,28942.0,28779.0,28800.0,9775.0,282254923.0,0.0
MHImain,HKFE,2021-04-21 00:00:00,28796.0,28801.0,28694.0,28700.0,7174.0,206232976.0,0.0
MHImain,HKFE,2021-04-21 08:00:00,28728.0,28750.0,28446.0,28663.0,57994.0,1657997293.0,0.0
MHImain,HKFE,2021-04-21 12:00:00,28664.0,28681.0,28535.0,28611.0,21864.0,625131757.0,0.0
MHImain,HKFE,2021-04-21 16:00:00,28610.0,28632.0,28464.0,28560.0,13339.0,381084191.0,0.0
MHImain,HKFE,2021-04-21 20:00:00,28560.0,28652.0,28491.0,28642.0,10083.0,288109429.0,0.0
MHImain,HKFE,2021-04-22 00:00:00,28644.0,28732.0,28642.0,28690.0,4546.0,130398797.0,0.0
MHImain,HKFE,2021-04-22 08:00:00,28730.0,28803.0,28543.0,28735.0,51062.0,1464707901.0,0.0
MHImain,HKFE,2021-04-22 12:00:00,28736.0,28777.0,28655.0,28744.0,18196.0,522595206.0,0.0
MHImain,HKFE,2021-04-22 16:00:00,28744.0,28764.0,28679.0,28707.0,9418.0,270593816.0,0.0
MHImain,HKFE,2021-04-22 20:00:00,28708.0,28810.0,28676.0,28786.0,8293.0,238292753.0,0.0
MHImain,HKFE,2021-04-23 00:00:00,28783.0,28816.0,28601.0,28714.0,8157.0,234215187.0,0.0
MHImain,HKFE,2021-04-23 08:00:00,28714.0,29066.0,28706.0,29020.0,43879.0,1269405937.0,0.0
MHImain,HKFE,2021-04-23 12:00:00,29019.0,29024.0,28889.0,28938.0,17680.0,511917109.0,0.0
MHImain,HKFE,2021-04-23 16:00:00,28941.0,29094.0,28939.0,29072.0,12709.0,368954968.0,0.0
MHImain,HKFE,2021-04-23 20:00:00,29070.0,29139.0,28992.0,29072.0,7907.0,229769478.0,0.0
MHImain,HKFE,2021-04-24 00:00:00,29072.0,29188.0,29072.0,29182.0,3863.0,112514210.0,0.0
MHImain,HKFE,2021-04-26 08:00:00,29130.0,29249.0,28982.0,29141.0,47489.0,1382490352.0,0.0
MHImain,HKFE,2021-04-26 12:00:00,29143.0,29152.0,28968.0,29006.0,22243.0,646164658.0,0.0
MHImain,HKFE,2021-04-26 16:00:00,29004.0,29017.0,28778.0,28812.0,14976.0,432977186.0,0.0
MHImain,HKFE,2021-04-26 20:00:00,28813.0,28900.0,28771.0,28891.0,7487.0,215889684.0,0.0
MHImain,HKFE,2021-04-27 00:00:00,28891.0,28919.0,28845.0,28904.0,3083.0,89034868.0,0.0
MHImain,HKFE,2021-04-27 08:00:00,28859.0,29018.0,28800.0,28898.0,40618.0,1174180219.0,0.0
MHImain,HKFE,2021-04-27 12:00:00,28898.0,29049.0,28879.0,28914.0,18507.0,535922316.0,0.0
MHImain,HKFE,2021-04-27 16:00:00,28913.0,28929.0,28840.0,28894.0,10104.0,291858786.0,0.0
MHImain,HKFE,2021-04-27 20:00:00,28896.0,28974.0,28894.0,28972.0,5964.0,172564058.0,0.0
MHImain,HKFE,2021-04-28 00:00:00,28973.0,29017.0,28939.0,28979.0,3056.0,88549634.0,0.0
MHImain,HKFE,2021-04-28 08:00:00,28928.0,29061.0,28849.0,28940.0,33034.0,956382373.0,0.0
MHImain,HKFE,2021-04-28 12:00:00,28937.0,29035.0,28933.0,29011.0,11377.0,329704166.0,0.0
MHImain,HKFE,2021-04-28 16:00:00,29012.0,29049.0,28852.0,28880.0,7394.0,214371569.0,0.0
MHImain,HKFE,2021-04-28 20:00:00,28878.0,28970.0,28835.0,28901.0,3212.0,92846467.0,0.0
MHImain,HKFE,2021-04-29 00:00:00,28896.0,28978.0,28841.0,28972.0,1843.0,53272921.0,0.0
MHImain,HKFE,2021-04-29 08:00:00,29030.0,29252.0,28987.0,29091.0,39620.0,1154909074.0,0.0
MHImain,HKFE,2021-04-29 12:00:00,29090.0,29154.0,28995.0,29125.0,18150.0,527797060.0,0.0
MHImain,HKFE,2021-04-29 16:00:00,29126.0,29170.0,29098.0,29138.0,8244.0,240160299.0,0.0
MHImain,HKFE,2021-04-29 20:00:00,29138.0,29162.0,28938.0,28982.0,11581.0,336291877.0,0.0
MHImain,HKFE,2021-04-30 00:00:00,28979.0,29035.0,28896.0,29025.0,5579.0,161552224.0,0.0
MHImain,HKFE,2021-04-30 08:00:00,29034.0,29034.0,28628.0,28681.0,40032.0,1151871147.0,0.0
MHImain,HKFE,2021-04-30 12:00:00,28681.0,28704.0,28561.0,28613.0,17127.0,490246664.0,0.0
MHImain,HKFE,2021-04-30 16:00:00,28612.0,28616.0,28449.0,28468.0,14082.0,401597884.0,0.0
MHImain,HKFE,2021-04-30 20:00:00,28474.0,28584.0,28458.0,28496.0,8069.0,230241145.0,0.0
MHImain,HKFE,2021-05-01 00:00:00,28494.0,28526.0,28430.0,28435.0,4760.0,135578583.0,0.0
MHImain,HKFE,2021-05-03 08:00:00,28524.0,28563.0,28061.0,28122.0,41070.0,1159260509.0,0.0
MHImain,HKFE,2021-05-03 12:00:00,28122.0,28134.0,28052.0,28101.0,13662.0,383839847.0,0.0
MHImain,HKFE,2021-05-03 16:00:00,28103.0,28210.0,28083.0,28206.0,12359.0,347786284.0,0.0
MHImain,HKFE,2021-05-03 20:00:00,28207.0,28324.0,28190.0,28285.0,8735.0,246825116.0,0.0
MHImain,HKFE,2021-05-04 00:00:00,28288.0,28368.0,28252.0,28345.0,5046.0,142893088.0,0.0
MHImain,HKFE,2021-05-04 08:00:00,28290.0,28320.0,28120.0,28274.0,36628.0,1033512180.0,0.0
MHImain,HKFE,2021-05-04 12:00:00,28274.0,28396.0,28244.0,28382.0,15525.0,439705430.0,0.0
MHImain,HKFE,2021-05-04 16:00:00,28383.0,28481.0,28374.0,28462.0,11963.0,339976590.0,0.0
MHImain,HKFE,2021-05-04 20:00:00,28464.0,28470.0,28038.0,28052.0,21282.0,600381191.0,0.0
MHImain,HKFE,2021-05-05 00:00:00,28053.0,28142.0,28024.0,28125.0,7427.0,208570869.0,0.0
MHImain,HKFE,2021-05-05 08:00:00,28211.0,28551.0,28187.0,28450.0,37961.0,1077761826.0,0.0
MHImain,HKFE,2021-05-05 12:00:00,28447.0,28468.0,28167.0,28187.0,20539.0,581179136.0,0.0
MHImain,HKFE,2021-05-05 16:00:00,28186.0,28347.0,28177.0,28331.0,10234.0,289242486.0,0.0
MHImain,HKFE,2021-05-05 20:00:00,28331.0,28372.0,28247.0,28364.0,8123.0,230007776.0,0.0
MHImain,HKFE,2021-05-06 00:00:00,28364.0,28412.0,28338.0,28393.0,3091.0,87722984.0,0.0
MHImain,HKFE,2021-05-06 08:00:00,28405.0,28698.0,28240.0,28300.0,52032.0,1482445095.0,0.0
MHImain,HKFE,2021-05-06 12:00:00,28297.0,28451.0,28216.0,28443.0,23102.0,655069804.0,0.0
MHImain,HKFE,2021-05-06 16:00:00,28443.0,28527.0,28423.0,28479.0,13439.0,382706593.0,0.0
MHImain,HKFE,2021-05-06 20:00:00,28478.0,28535.0,28403.0,28450.0,9180.0,261318873.0,0.0
MHImain,HKFE,2021-05-07 00:00:00,28453.0,28539.0,28394.0,28421.0,5157.0,146869012.0,0.0
MHImain,HKFE,2021-05-07 08:00:00,28560.0,28754.0,28531.0,28661.0,43657.0,1251114236.0,0.0
MHImain,HKFE,2021-05-07 12:00:00,28661.0,28706.0,28460.0,28500.0,26395.0,754017405.0,0.0
MHImain,HKFE,2021-05-07 16:00:00,28501.0,28568.0,28431.0,28533.0,10420.0,296944414.0,0.0
MHImain,HKFE,2021-05-07 20:00:00,28533.0,28683.0,28493.0,28678.0,11710.0,334817830.0,0.0
MHImain,HKFE,2021-05-08 00:00:00,28677.0,28695.0,28598.0,28650.0,4124.0,118123003.0,0.0
MHImain,HKFE,2021-05-10 08:00:00,28682.0,28746.0,28408.0,28451.0,49742.0,1421772996.0,0.0
MHImain,HKFE,2021-05-10 12:00:00,28451.0,28467.0,28335.0,28460.0,24076.0,683940176.0,0.0
MHImain,HKFE,2021-05-10 16:00:00,28462.0,28511.0,28402.0,28499.0,10069.0,286560499.0,0.0
MHImain,HKFE,2021-05-10 20:00:00,28499.0,28523.0,28301.0,28346.0,10160.0,288641991.0,0.0
MHImain,HKFE,2021-05-11 00:00:00,28344.0,28424.0,28264.0,28284.0,5116.0,145092302.0,0.0
MHImain,HKFE,2021-05-11 08:00:00,28098.0,28160.0,27751.0,27781.0,53366.0,1488187943.0,0.0
MHImain,HKFE,2021-05-11 12:00:00,27781.0,28020.0,27743.0,27890.0,28450.0,793429461.0,0.0
MHImain,HKFE,2021-05-11 16:00:00,27888.0,27906.0,27756.0,27845.0,16547.0,460303768.0,0.0
MHImain,HKFE,2021-05-11 20:00:00,27845.0,27897.0,27620.0,27816.0,22759.0,631785857.0,0.0
MHImain,HKFE,2021-05-12 00:00:00,27815.0,27947.0,27809.0,27931.0,7187.0,200396743.0,0.0
MHImain,HKFE,2021-05-12 08:00:00,27812.0,27976.0,27766.0,27861.0,46683.0,1301705635.0,0.0
MHImain,HKFE,2021-05-12 12:00:00,27859.0,27984.0,27709.0,27977.0,26642.0,742306439.0,0.0
MHImain,HKFE,2021-05-12 16:00:00,27977.0,28074.0,27938.0,27983.0,14405.0,403424616.0,0.0
MHImain,HKFE,2021-05-12 20:00:00,27985.0,28019.0,27800.0,27882.0,17293.0,482847476.0,0.0
MHImain,HKFE,2021-05-13 00:00:00,27883.0,27887.0,27716.0,27747.0,7854.0,218283884.0,0.0
MHImain,HKFE,2021-05-13 08:00:00,27700.0,27916.0,27655.0,27866.0,47235.0,1312109736.0,0.0
MHImain,HKFE,2021-05-13 12:00:00,27863.0,27872.0,27613.0,27694.0,27593.0,764731719.0,0.0
MHImain,HKFE,2021-05-13 16:00:00,27693.0,27694.0,27487.0,27584.0,19815.0,546634228.0,0.0
MHImain,HKFE,2021-05-13 20:00:00,27583.0,27788.0,27577.0,27702.0,15964.0,442309421.0,0.0
MHImain,HKFE,2021-05-14 00:00:00,27700.0,27751.0,27556.0,27740.0,8764.0,242546971.0,0.0
MHImain,HKFE,2021-05-14 08:00:00,27798.0,27821.0,27565.0,27814.0,43835.0,1214196807.0,0.0
MHImain,HKFE,2021-05-14 12:00:00,27816.0,27938.0,27777.0,27903.0,25478.0,709230490.0,0.0
MHImain,HKFE,2021-05-14 16:00:00,27903.0,27966.0,27860.0,27946.0,10173.0,283829544.0,0.0
MHImain,HKFE,2021-05-14 20:00:00,27944.0,28068.0,27879.0,28062.0,9338.0,261163976.0,0.0
MHImain,HKFE,2021-05-15 00:00:00,28062.0,28110.0,28044.0,28100.0,4192.0,117679160.0,0.0
MHImain,HKFE,2021-05-17 08:00:00,28050.0,28137.0,27912.0,28004.0,41417.0,1160617771.0,0.0
MHImain,HKFE,2021-05-17 12:00:00,28003.0,28122.0,27973.0,28064.0,16577.0,464984535.0,0.0
MHImain,HKFE,2021-05-17 16:00:00,28064.0,28129.0,28005.0,28024.0,11524.0,323342963.0,0.0
MHImain,HKFE,2021-05-17 20:00:00,28021.0,28098.0,27967.0,28085.0,9659.0,270802887.0,0.0
MHImain,HKFE,2021-05-18 00:00:00,28084.0,28151.0,28079.0,28133.0,4242.0,119245300.0,0.0
MHImain,HKFE,2021-05-18 08:00:00,28240.0,28528.0,28240.0,28428.0,34298.0,975053784.0,0.0
MHImain,HKFE,2021-05-18 12:00:00,28427.0,28498.0,28410.0,28444.0,11523.0,327899871.0,0.0
MHImain,HKFE,2021-05-18 16:00:00,28446.0,28486.0,28416.0,28422.0,7444.0,211839840.0,0.0
MHImain,HKFE,2021-05-18 20:00:00,28422.0,28465.0,28360.0,28461.0,8403.0,238722194.0,0.0
MHImain,HKFE,2021-05-19 00:00:00,28461.0,28489.0,28398.0,28401.0,3650.0,103831483.0,0.0
MHImain,HKFE,2021-05-20 08:00:00,28296.0,28396.0,28154.0,28227.0,36530.0,1032590789.0,0.0
MHImain,HKFE,2021-05-20 12:00:00,28226.0,28366.0,28225.0,28300.0,16650.0,471129348.0,0.0
MHImain,HKFE,2021-05-20 16:00:00,28299.0,28335.0,28176.0,28239.0,9378.0,265121598.0,0.0
MHImain,HKFE,2021-05-20 20:00:00,28239.0,28415.0,28239.0,28404.0,7691.0,218021658.0,0.0
MHImain,HKFE,2021-05-21 00:00:00,28407.0,28455.0,28371.0,28418.0,3842.0,109159124.0,0.0
MHImain,HKFE,2021-05-21 08:00:00,28500.0,28530.0,28175.0,28219.0,39311.0,1113109328.0,0.0
MHImain,HKFE,2021-05-21 12:00:00,28220.0,28344.0,28204.0,28332.0,15004.0,424529040.0,0.0
MHImain,HKFE,2021-05-21 16:00:00,28335.0,28391.0,28284.0,28379.0,8951.0,253657794.0,0.0
MHImain,HKFE,2021-05-21 20:00:00,28380.0,28412.0,28301.0,28321.0,7360.0,208663084.0,0.0
MHImain,HKFE,2021-05-22 00:00:00,28321.0,28347.0,28212.0,28293.0,4993.0,141182480.0,0.0
MHImain,HKFE,2021-05-24 08:00:00,28307.0,28348.0,28075.0,28225.0,39619.0,1117611822.0,0.0
MHImain,HKFE,2021-05-24 12:00:00,28225.0,28314.0,28215.0,28273.0,16045.0,453497161.0,0.0
MHImain,HKFE,2021-05-24 16:00:00,28274.0,28354.0,28271.0,28287.0,7895.0,223571281.0,0.0
MHImain,HKFE,2021-05-24 20:00:00,28287.0,28394.0,28274.0,28381.0,5847.0,165691411.0,0.0
MHImain,HKFE,2021-05-25 00:00:00,28382.0,28424.0,28366.0,28420.0,2478.0,70355810.0,0.0
MHImain,HKFE,2021-05-25 08:00:00,28428.0,28740.0,28382.0,28718.0,39265.0,1122544030.0,0.0
MHImain,HKFE,2021-05-25 12:00:00,28718.0,28866.0,28711.0,28853.0,17159.0,493930200.0,0.0
MHImain,HKFE,2021-05-25 16:00:00,28855.0,28930.0,28842.0,28928.0,9371.0,270654847.0,0.0
MHImain,HKFE,2021-05-25 20:00:00,28927.0,28964.0,28890.0,28919.0,7304.0,211315602.0,0.0
MHImain,HKFE,2021-05-26 00:00:00,28919.0,28945.0,28847.0,28916.0,5129.0,148192769.0,0.0
MHImain,HKFE,2021-05-26 08:00:00,28980.0,29152.0,28943.0,29090.0,34455.0,1001273652.0,0.0
MHImain,HKFE,2021-05-26 12:00:00,29092.0,29271.0,29041.0,29184.0,20288.0,590968550.0,0.0
MHImain,HKFE,2021-05-26 16:00:00,29184.0,29198.0,29089.0,29171.0,10599.0,308796182.0,0.0
MHImain,HKFE,2021-05-26 20:00:00,29174.0,29187.0,29078.0,29120.0,5056.0,147264451.0,0.0
MHImain,HKFE,2021-05-27 00:00:00,29120.0,29189.0,29097.0,29170.0,2213.0,64491287.0,0.0
MHImain,HKFE,2021-05-27 08:00:00,29133.0,29172.0,28963.0,29125.0,33103.0,962236175.0,0.0
MHImain,HKFE,2021-05-27 12:00:00,29125.0,29150.0,29065.0,29088.0,12009.0,349534475.0,0.0
MHImain,HKFE,2021-05-27 16:00:00,29087.0,29200.0,28981.0,29027.0,7608.0,221440047.0,0.0
MHImain,HKFE,2021-05-27 20:00:00,29029.0,29099.0,29000.0,29064.0,3551.0,103133308.0,0.0
MHImain,HKFE,2021-05-28 00:00:00,29065.0,29081.0,29027.0,29072.0,1573.0,45699112.0,0.0
MHImain,HKFE,2021-05-28 08:00:00,29111.0,29233.0,28995.0,29167.0,28573.0,832134154.0,0.0
MHImain,HKFE,2021-05-28 12:00:00,29166.0,29253.0,28950.0,29046.0,22359.0,650514156.0,0.0
MHImain,HKFE,2021-05-28 16:00:00,29047.0,29072.0,28967.0,29036.0,9000.0,261219450.0,0.0
MHImain,HKFE,2021-05-28 20:00:00,29035.0,29078.0,28939.0,29042.0,7314.0,212190685.0,0.0
MHImain,HKFE,2021-05-29 00:00:00,29042.0,29081.0,29038.0,29065.0,2218.0,64465247.0,0.0
MHImain,HKFE,2021-05-31 08:00:00,29159.0,29177.0,28835.0,28917.0,31595.0,914109577.0,0.0
MHImain,HKFE,2021-05-31 12:00:00,28919.0,28925.0,28791.0,28906.0,16775.0,483946701.0,0.0
MHImain,HKFE,2021-05-31 16:00:00,28906.0,29026.0,28902.0,28966.0,9697.0,280932527.0,0.0
MHImain,HKFE,2021-05-31 20:00:00,28966.0,28966.0,28966.0,28966.0,0.0,0.0,0.0
MHImain,HKFE,2021-06-01 00:00:00,28966.0,28966.0,28966.0,28966.0,0.0,0.0,0.0
MHImain,HKFE,2021-06-01 08:00:00,28930.0,29125.0,28922.0,29090.0,36470.0,1059132462.0,0.0
MHImain,HKFE,2021-06-01 12:00:00,29090.0,29345.0,29089.0,29310.0,25195.0,736096208.0,0.0
MHImain,HKFE,2021-06-01 16:00:00,29312.0,29400.0,29302.0,29372.0,11139.0,326962847.0,0.0
MHImain,HKFE,2021-06-01 20:00:00,29374.0,29395.0,29247.0,29293.0,8727.0,255845458.0,0.0
MHImain,HKFE,2021-06-02 00:00:00,29294.0,29312.0,29230.0,29310.0,3372.0,98692619.0,0.0
MHImain,HKFE,2021-06-02 08:00:00,29310.0,29397.0,29167.0,29211.0,36835.0,1078706879.0,0.0
MHImain,HKFE,2021-06-02 12:00:00,29211.0,29237.0,29127.0,29145.0,17707.0,516627348.0,0.0
MHImain,HKFE,2021-06-02 16:00:00,29145.0,29186.0,29081.0,29157.0,10721.0,312370140.0,0.0
MHImain,HKFE,2021-06-02 20:00:00,29160.0,29204.0,29124.0,29203.0,5323.0,155301457.0,0.0
MHImain,HKFE,2021-06-03 00:00:00,29204.0,29229.0,29157.0,29180.0,2630.0,76787914.0,0.0
MHImain,HKFE,2021-06-03 08:00:00,29198.0,29280.0,29073.0,29134.0,36814.0,1073946529.0,0.0
MHImain,HKFE,2021-06-03 12:00:00,29134.0,29145.0,28803.0,28847.0,25311.0,733540426.0,0.0
MHImain,HKFE,2021-06-03 16:00:00,28845.0,28893.0,28768.0,28809.0,13178.0,379976153.0,0.0
MHImain,HKFE,2021-06-03 20:00:00,28809.0,28892.0,28772.0,28873.0,9380.0,270424524.0,0.0
MHImain,HKFE,2021-06-04 00:00:00,28874.0,28891.0,28803.0,28805.0,3562.0,102752864.0,0.0
MHImain,HKFE,2021-06-04 08:00:00,28788.0,28892.0,28631.0,28801.0,36095.0,1038291295.0,0.0
MHImain,HKFE,2021-06-04 12:00:00,28802.0,28934.0,28716.0,28811.0,27029.0,779021749.0,0.0
MHImain,HKFE,2021-06-04 16:00:00,28814.0,28834.0,28768.0,28825.0,8226.0,236919280.0,0.0
MHImain,HKFE,2021-06-04 20:00:00,28825.0,28952.0,28819.0,28939.0,6824.0,197253575.0,0.0
MHImain,HKFE,2021-06-05 00:00:00,28939.0,28987.0,28939.0,28973.0,2548.0,73815217.0,0.0
MHImain,HKFE,2021-06-07 08:00:00,28900.0,28938.0,28528.0,28620.0,42214.0,1210448014.0,0.0
MHImain,HKFE,2021-06-07 12:00:00,28618.0,28733.0,28605.0,28710.0,14762.0,423264443.0,0.0
MHImain,HKFE,2021-06-07 16:00:00,28710.0,28773.0,28643.0,28761.0,8885.0,255018045.0,0.0
MHImain,HKFE,2021-06-07 20:00:00,28761.0,28784.0,28672.0,28717.0,5625.0,161556418.0,0.0
MHImain,HKFE,2021-06-08 00:00:00,28717.0,28766.0,28672.0,28760.0,3143.0,90271233.0,0.0
MHImain,HKFE,2021-06-08 08:00:00,28755.0,28924.0,28560.0,28625.0,43636.0,1255228780.0,0.0
MHImain,HKFE,2021-06-08 12:00:00,28626.0,28693.0,28576.0,28693.0,17284.0,494863078.0,0.0
MHImain,HKFE,2021-06-08 16:00:00,28693.0,28740.0,28639.0,28711.0,9787.0,280810009.0,0.0
MHImain,HKFE,2021-06-08 20:00:00,28714.0,28739.0,28646.0,28657.0,5897.0,169210734.0,0.0
MHImain,HKFE,2021-06-09 00:00:00,28658.0,28705.0,28616.0,28705.0,3151.0,90297273.0,0.0
MHImain,HKFE,2021-06-09 08:00:00,28737.0,28809.0,28628.0,28776.0,38258.0,1098378929.0,0.0
MHImain,HKFE,2021-06-09 12:00:00,28777.0,28786.0,28617.0,28675.0,16209.0,464765926.0,0.0
MHImain,HKFE,2021-06-09 16:00:00,28674.0,28710.0,28651.0,28692.0,6836.0,196084262.0,0.0
MHImain,HKFE,2021-06-09 20:00:00,28691.0,28760.0,28650.0,28679.0,7246.0,207957692.0,0.0
MHImain,HKFE,2021-06-10 00:00:00,28679.0,28699.0,28662.0,28674.0,2345.0,67263200.0,0.0
MHImain,HKFE,2021-06-10 08:00:00,28658.0,28895.0,28652.0,28780.0,35828.0,1031961194.0,0.0
MHImain,HKFE,2021-06-10 12:00:00,28780.0,28796.0,28637.0,28661.0,17252.0,495650638.0,0.0
MHImain,HKFE,2021-06-10 16:00:00,28660.0,28671.0,28581.0,28656.0,10948.0,313445327.0,0.0
MHImain,HKFE,2021-06-10 20:00:00,28653.0,28753.0,28585.0,28684.0,10612.0,304364431.0,0.0
MHImain,HKFE,2021-06-11 00:00:00,28682.0,28758.0,28681.0,28746.0,2959.0,85001369.0,0.0
MHImain,HKFE,2021-06-11 08:00:00,28736.0,28913.0,28657.0,28776.0,43804.0,1260869502.0,0.0
MHImain,HKFE,2021-06-11 12:00:00,28776.0,28861.0,28755.0,28795.0,14830.0,427146057.0,0.0
MHImain,HKFE,2021-06-11 16:00:00,28795.0,28838.0,28758.0,28819.0,6685.0,192502028.0,0.0
MHImain,HKFE,2021-06-11 20:00:00,28820.0,28820.0,28680.0,28701.0,6033.0,173397717.0,0.0
MHImain,HKFE,2021-06-12 00:00:00,28696.0,28726.0,28682.0,28712.0,2393.0,68687618.0,0.0
MHImain,HKFE,2021-06-15 08:00:00,28898.0,28925.0,28352.0,28440.0,45115.0,1288088608.0,0.0
MHImain,HKFE,2021-06-15 12:00:00,28440.0,28625.0,28433.0,28565.0,20925.0,597041490.0,0.0
MHImain,HKFE,2021-06-15 16:00:00,28562.0,28609.0,28495.0,28550.0,8381.0,239289967.0,0.0
MHImain,HKFE,2021-06-15 20:00:00,28550.0,28556.0,28472.0,28482.0,4650.0,132587761.0,0.0
MHImain,HKFE,2021-06-16 00:00:00,28483.0,28502.0,28431.0,28467.0,2792.0,79465553.0,0.0
MHImain,HKFE,2021-06-16 08:00:00,28545.0,28571.0,28432.0,28476.0,31979.0,911493618.0,0.0
MHImain,HKFE,2021-06-16 12:00:00,28475.0,28515.0,28413.0,28418.0,14878.0,423381076.0,0.0
MHImain,HKFE,2021-06-16 16:00:00,28416.0,28418.0,28358.0,28384.0,8935.0,253615611.0,0.0
MHImain,HKFE,2021-06-16 20:00:00,28384.0,28460.0,28382.0,28447.0,3777.0,107354218.0,0.0
MHImain,HKFE,2021-06-17 00:00:00,28448.0,28460.0,28162.0,28210.0,6106.0,172809276.0,0.0
MHImain,HKFE,2021-06-17 08:00:00,28135.0,28425.0,28086.0,28417.0,35246.0,996135706.0,0.0
MHImain,HKFE,2021-06-17 12:00:00,28418.0,28451.0,28311.0,28368.0,16572.0,470328520.0,0.0
MHImain,HKFE,2021-06-17 16:00:00,28368.0,28464.0,28362.0,28426.0,9070.0,257750327.0,0.0
MHImain,HKFE,2021-06-17 20:00:00,28425.0,28532.0,28403.0,28450.0,7746.0,220570440.0,0.0
MHImain,HKFE,2021-06-18 00:00:00,28449.0,28528.0,28408.0,28525.0,4891.0,139260622.0,0.0
MHImain,HKFE,2021-06-18 08:00:00,28502.0,28752.0,28419.0,28653.0,37211.0,1064978136.0,0.0
MHImain,HKFE,2021-06-18 12:00:00,28654.0,28720.0,28606.0,28694.0,14029.0,402071244.0,0.0
MHImain,HKFE,2021-06-18 16:00:00,28693.0,28771.0,28641.0,28685.0,9470.0,271823430.0,0.0
MHImain,HKFE,2021-06-18 20:00:00,28683.0,28687.0,28536.0,28555.0,12056.0,344771756.0,0.0
MHImain,HKFE,2021-06-19 00:00:00,28555.0,28605.0,28527.0,28532.0,3462.0,98919741.0,0.0
MHImain,HKFE,2021-06-21 08:00:00,28481.0,28516.0,28290.0,28348.0,37907.0,1076306262.0,0.0
MHImain,HKFE,2021-06-21 12:00:00,28347.0,28391.0,28242.0,28360.0,20716.0,586660534.0,0.0
MHImain,HKFE,2021-06-21 16:00:00,28360.0,28491.0,28316.0,28440.0,11751.0,333852286.0,0.0
MHImain,HKFE,2021-06-21 20:00:00,28443.0,28525.0,28368.0,28496.0,7824.0,222519593.0,0.0
MHImain,HKFE,2021-06-22 00:00:00,28496.0,28565.0,28481.0,28560.0,2757.0,78620497.0,0.0
MHImain,HKFE,2021-06-22 08:00:00,28524.0,28536.0,28279.0,28400.0,34174.0,970038928.0,0.0
MHImain,HKFE,2021-06-22 12:00:00,28400.0,28433.0,28297.0,28331.0,14848.0,421117055.0,0.0
MHImain,HKFE,2021-06-22 16:00:00,28333.0,28357.0,28164.0,28284.0,14235.0,402096827.0,0.0
MHImain,HKFE,2021-06-22 20:00:00,28280.0,28288.0,28205.0,28281.0,5940.0,167819421.0,0.0
MHImain,HKFE,2021-06-23 00:00:00,28282.0,28325.0,28281.0,28320.0,2879.0,81484858.0,0.0
MHImain,HKFE,2021-06-23 08:00:00,28380.0,28659.0,28327.0,28619.0,42953.0,1222125504.0,0.0
MHImain,HKFE,2021-06-23 12:00:00,28618.0,28816.0,28599.0,28804.0,21294.0,610951255.0,0.0
MHImain,HKFE,2021-06-23 16:00:00,28805.0,28856.0,28673.0,28676.0,14458.0,415928141.0,0.0
MHImain,HKFE,2021-06-23 20:00:00,28675.0,28803.0,28659.0,28699.0,7810.0,224447040.0,0.0
MHImain,HKFE,2021-06-24 00:00:00,28699.0,28719.0,28660.0,28715.0,3191.0,91572422.0,0.0
MHImain,HKFE,2021-06-24 08:00:00,28700.0,28945.0,28686.0,28772.0,33601.0,969523322.0,0.0
MHImain,HKFE,2021-06-24 12:00:00,28769.0,28870.0,28733.0,28850.0,15253.0,439417611.0,0.0
MHImain,HKFE,2021-06-24 16:00:00,28849.0,28875.0,28777.0,28843.0,7999.0,230578372.0,0.0
MHImain,HKFE,2021-06-24 20:00:00,28840.0,28877.0,28810.0,28867.0,3897.0,112413520.0,0.0
MHImain,HKFE,2021-06-25 00:00:00,28866.0,28930.0,28864.0,28911.0,2437.0,70423710.0,0.0
MHImain,HKFE,2021-06-25 08:00:00,28916.0,29134.0,28891.0,29109.0,35076.0,1017221977.0,0.0
MHImain,HKFE,2021-06-25 12:00:00,29106.0,29256.0,29105.0,29219.0,18526.0,540810455.0,0.0
MHImain,HKFE,2021-06-25 16:00:00,29218.0,29267.0,29194.0,29235.0,9403.0,274832818.0,0.0
MHImain,HKFE,2021-06-25 20:00:00,29233.0,29261.0,29197.0,29230.0,3971.0,116075361.0,0.0
MHImain,HKFE,2021-06-26 00:00:00,29229.0,29260.0,29205.0,29257.0,2216.0,64764093.0,0.0
MHImain,HKFE,2021-06-28 08:00:00,29257.0,29257.0,29257.0,29257.0,0.0,0.0,0.0
MHImain,HKFE,2021-06-28 12:00:00,29257.0,29333.0,29207.0,29262.0,15280.0,447035802.0,0.0
MHImain,HKFE,2021-06-28 16:00:00,29260.0,29271.0,29149.0,29193.0,5644.0,164997752.0,0.0
MHImain,HKFE,2021-06-28 20:00:00,29192.0,29239.0,29164.0,29185.0,1896.0,55357592.0,0.0
MHImain,HKFE,2021-06-29 00:00:00,29184.0,29201.0,29136.0,29197.0,987.0,28788241.0,0.0
MHImain,HKFE,2021-06-29 08:00:00,29170.0,29194.0,28943.0,28968.0,24605.0,714948622.0,0.0
MHImain,HKFE,2021-06-29 12:00:00,28969.0,28987.0,28777.0,28789.0,18018.0,520481767.0,0.0
MHImain,HKFE,2021-06-29 16:00:00,28790.0,28916.0,28789.0,28849.0,9922.0,286372974.0,0.0
MHImain,HKFE,2021-06-29 20:00:00,28850.0,28904.0,28844.0,28871.0,3608.0,104188662.0,0.0
MHImain,HKFE,2021-06-30 00:00:00,28873.0,28930.0,28873.0,28910.0,2362.0,68280422.0,0.0
MHImain,HKFE,2021-06-30 08:00:00,28919.0,29026.0,28763.0,28797.0,29512.0,852731840.0,0.0
MHImain,HKFE,2021-06-30 12:00:00,28794.0,28877.0,28706.0,28736.0,15873.0,456962027.0,0.0
MHImain,HKFE,2021-06-30 16:00:00,28737.0,28775.0,28592.0,28662.0,10799.0,309758068.0,0.0
MHImain,HKFE,2021-06-30 20:00:00,28663.0,28718.0,28630.0,28667.0,5461.0,156626870.0,0.0
MHImain,HKFE,2021-07-01 00:00:00,28667.0,28688.0,28642.0,28649.0,2145.0,61474383.0,0.0
MHImain,HKFE,2021-07-02 08:00:00,28675.0,28770.0,28158.0,28183.0,39669.0,1125980916.0,0.0
MHImain,HKFE,2021-07-02 12:00:00,28177.0,28264.0,28094.0,28144.0,19856.0,559302011.0,0.0
MHImain,HKFE,2021-07-02 16:00:00,28145.0,28231.0,28083.0,28227.0,10130.0,285172888.0,0.0
MHImain,HKFE,2021-07-02 20:00:00,28227.0,28305.0,28174.0,28269.0,7253.0,204921523.0,0.0
MHImain,HKFE,2021-07-03 00:00:00,28270.0,28337.0,28264.0,28327.0,3030.0,85739341.0,0.0
MHImain,HKFE,2021-07-05 08:00:00,28200.0,28253.0,27903.0,28154.0,32497.0,914070271.0,0.0
MHImain,HKFE,2021-07-05 12:00:00,28159.0,28164.0,27994.0,28055.0,15897.0,446142922.0,0.0
MHImain,HKFE,2021-07-05 16:00:00,28054.0,28122.0,28013.0,28117.0,6842.0,191951044.0,0.0
MHImain,HKFE,2021-07-05 20:00:00,28116.0,28116.0,28013.0,28032.0,2772.0,77761827.0,0.0
MHImain,HKFE,2021-07-06 00:00:00,28035.0,28044.0,28000.0,28036.0,1012.0,28366275.0,0.0
MHImain,HKFE,2021-07-06 08:00:00,28064.0,28106.0,27807.0,27864.0,37689.0,1052633073.0,0.0
MHImain,HKFE,2021-07-06 12:00:00,27864.0,28041.0,27820.0,28008.0,18365.0,512851075.0,0.0
MHImain,HKFE,2021-07-06 16:00:00,28008.0,28036.0,27885.0,27899.0,9316.0,260520504.0,0.0
MHImain,HKFE,2021-07-06 20:00:00,27900.0,27938.0,27789.0,27815.0,6229.0,173543109.0,0.0
MHImain,HKFE,2021-07-07 00:00:00,27815.0,27826.0,27724.0,27781.0,4817.0,133802602.0,0.0
MHImain,HKFE,2021-07-07 08:00:00,27810.0,27918.0,27707.0,27912.0,32869.0,914155417.0,0.0
MHImain,HKFE,2021-07-07 12:00:00,27912.0,27923.0,27722.0,27827.0,17914.0,498169243.0,0.0
MHImain,HKFE,2021-07-07 16:00:00,27827.0,27979.0,27825.0,27937.0,12173.0,339861916.0,0.0
MHImain,HKFE,2021-07-07 20:00:00,27937.0,28017.0,27746.0,27838.0,9866.0,275144110.0,0.0
MHImain,HKFE,2021-07-08 00:00:00,27840.0,27924.0,27837.0,27870.0,3665.0,102185405.0,0.0
MHImain,HKFE,2021-07-08 08:00:00,27877.0,27887.0,27345.0,27390.0,46213.0,1275438829.0,0.0
MHImain,HKFE,2021-07-08 12:00:00,27390.0,27412.0,27135.0,27142.0,28335.0,772403251.0,0.0
MHImain,HKFE,2021-07-08 16:00:00,27143.0,27188.0,26945.0,27024.0,19781.0,535871886.0,0.0
MHImain,HKFE,2021-07-08 20:00:00,27027.0,27143.0,26991.0,27122.0,11841.0,320691632.0,0.0
MHImain,HKFE,2021-07-09 00:00:00,27126.0,27244.0,27113.0,27209.0,5626.0,152970849.0,0.0
MHImain,HKFE,2021-07-09 08:00:00,27042.0,27328.0,26857.0,27290.0,47174.0,1279440237.0,0.0
MHImain,HKFE,2021-07-09 12:00:00,27292.0,27415.0,27214.0,27304.0,21696.0,593093144.0,0.0
MHImain,HKFE,2021-07-09 16:00:00,27305.0,27440.0,27245.0,27435.0,12474.0,341005201.0,0.0
MHImain,HKFE,2021-07-09 20:00:00,27433.0,27564.0,27404.0,27550.0,7079.0,194513480.0,0.0
MHImain,HKFE,2021-07-10 00:00:00,27551.0,27718.0,27534.0,27706.0,4371.0,120729925.0,0.0
MHImain,HKFE,2021-07-12 08:00:00,27602.0,27666.0,27353.0,27466.0,34664.0,952947212.0,0.0
MHImain,HKFE,2021-07-12 12:00:00,27467.0,27538.0,27372.0,27515.0,14509.0,398280605.0,0.0
MHImain,HKFE,2021-07-12 16:00:00,27513.0,27537.0,27422.0,27492.0,9780.0,268818741.0,0.0
MHImain,HKFE,2021-07-12 20:00:00,27493.0,27603.0,27490.0,27594.0,5291.0,145772999.0,0.0
MHImain,HKFE,2021-07-13 00:00:00,27591.0,27634.0,27584.0,27602.0,1902.0,52515548.0,0.0
MHImain,HKFE,2021-07-13 08:00:00,27640.0,28014.0,27592.0,27949.0,41077.0,1142585076.0,0.0
MHImain,HKFE,2021-07-13 12:00:00,27948.0,28016.0,27871.0,27910.0,18209.0,508866147.0,0.0
MHImain,HKFE,2021-07-13 16:00:00,27909.0,27943.0,27855.0,27903.0,8644.0,241123906.0,0.0
MHImain,HKFE,2021-07-13 20:00:00,27904.0,27924.0,27738.0,27882.0,9532.0,265380681.0,0.0
MHImain,HKFE,2021-07-14 00:00:00,27882.0,27919.0,27812.0,27855.0,2802.0,78096534.0,0.0
MHImain,HKFE,2021-07-14 08:00:00,27808.0,27891.0,27663.0,27732.0,34602.0,960942791.0,0.0
MHImain,HKFE,2021-07-14 12:00:00,27732.0,27836.0,27689.0,27734.0,15319.0,425204068.0,0.0
MHImain,HKFE,2021-07-14 16:00:00,27733.0,27874.0,27724.0,27868.0,7139.0,198278960.0,0.0
MHImain,HKFE,2021-07-14 20:00:00,27870.0,27930.0,27805.0,27821.0,7143.0,199034169.0,0.0
MHImain,HKFE,2021-07-15 00:00:00,27820.0,27832.0,27739.0,27777.0,3649.0,101405775.0,0.0
MHImain,HKFE,2021-07-15 08:00:00,27665.0,28183.0,27650.0,28168.0,36940.0,1032394784.0,0.0
MHImain,HKFE,2021-07-15 12:00:00,28170.0,28177.0,28033.0,28042.0,16013.0,450065844.0,0.0
MHImain,HKFE,2021-07-15 16:00:00,28040.0,28047.0,27920.0,27940.0,13492.0,377594161.0,0.0
MHImain,HKFE,2021-07-15 20:00:00,27936.0,27980.0,27879.0,27912.0,8195.0,228865443.0,0.0
MHImain,HKFE,2021-07-16 00:00:00,27911.0,27920.0,27824.0,27882.0,3923.0,109344424.0,0.0
MHImain,HKFE,2021-07-16 08:00:00,27819.0,27992.0,27808.0,27896.0,30241.0,843680340.0,0.0
MHImain,HKFE,2021-07-16 12:00:00,27898.0,28215.0,27891.0,28051.0,26240.0,737048404.0,0.0
MHImain,HKFE,2021-07-16 16:00:00,28052.0,28098.0,27977.0,27990.0,10739.0,301099162.0,0.0
MHImain,HKFE,2021-07-16 20:00:00,27989.0,28049.0,27825.0,27855.0,8155.0,227749726.0,0.0
MHImain,HKFE,2021-07-17 00:00:00,27855.0,27876.0,27779.0,27779.0,4000.0,111342933.0,0.0
MHImain,HKFE,2021-07-19 08:00:00,27705.0,27753.0,27353.0,27466.0,39587.0,1089080022.0,0.0
MHImain,HKFE,2021-07-19 12:00:00,27469.0,27556.0,27402.0,27520.0,18247.0,501452967.0,0.0
MHImain,HKFE,2021-07-19 16:00:00,27521.0,27542.0,27333.0,27352.0,12231.0,335775104.0,0.0
MHImain,HKFE,2021-07-19 20:00:00,27353.0,27370.0,27176.0,27264.0,15544.0,423941223.0,0.0
MHImain,HKFE,2021-07-20 00:00:00,27261.0,27315.0,27197.0,27227.0,5615.0,153017743.0,0.0
MHImain,HKFE,2021-07-20 08:00:00,27333.0,27532.0,27270.0,27290.0,42332.0,1160036122.0,0.0
MHImain,HKFE,2021-07-20 12:00:00,27290.0,27321.0,27092.0,27260.0,26694.0,725665336.0,0.0
MHImain,HKFE,2021-07-20 16:00:00,27259.0,27320.0,27102.0,27123.0,13813.0,376101849.0,0.0
MHImain,HKFE,2021-07-20 20:00:00,27125.0,27257.0,27044.0,27252.0,10928.0,296687212.0,0.0
MHImain,HKFE,2021-07-21 00:00:00,27255.0,27299.0,27211.0,27298.0,3498.0,95333825.0,0.0
MHImain,HKFE,2021-07-21 08:00:00,27310.0,27394.0,26915.0,27100.0,46364.0,1259717741.0,0.0
MHImain,HKFE,2021-07-21 12:00:00,27100.0,27175.0,27030.0,27155.0,18024.0,488546300.0,0.0
MHImain,HKFE,2021-07-21 16:00:00,27155.0,27256.0,27134.0,27205.0,11284.0,306786379.0,0.0
MHImain,HKFE,2021-07-21 20:00:00,27205.0,27317.0,27134.0,27313.0,7756.0,211268705.0,0.0
MHImain,HKFE,2021-07-22 00:00:00,27314.0,27411.0,27312.0,27400.0,3576.0,97841770.0,0.0
MHImain,HKFE,2021-07-22 08:00:00,27415.0,27766.0,27413.0,27724.0,40466.0,1117807847.0,0.0
MHImain,HKFE,2021-07-22 12:00:00,27723.0,27745.0,27615.0,27664.0,15004.0,415377967.0,0.0
MHImain,HKFE,2021-07-22 16:00:00,27663.0,27715.0,27658.0,27688.0,7611.0,210761340.0,0.0
MHImain,HKFE,2021-07-22 20:00:00,27687.0,27694.0,27602.0,27617.0,6404.0,177014035.0,0.0
MHImain,HKFE,2021-07-23 00:00:00,27619.0,27648.0,27537.0,27644.0,3419.0,94340104.0,0.0
MHImain,HKFE,2021-07-23 08:00:00,27706.0,27714.0,27410.0,27446.0,35439.0,975417148.0,0.0
MHImain,HKFE,2021-07-23 12:00:00,27447.0,27480.0,27360.0,27385.0,14724.0,403558792.0,0.0
MHImain,HKFE,2021-07-23 16:00:00,27386.0,27387.0,27201.0,27294.0,15001.0,409414373.0,0.0
MHImain,HKFE,2021-07-23 20:00:00,27292.0,27308.0,27005.0,27043.0,11755.0,318785556.0,0.0
MHImain,HKFE,2021-07-24 00:00:00,27043.0,27075.0,27003.0,27056.0,4176.0,112915706.0,0.0
MHImain,HKFE,2021-07-26 08:00:00,26909.0,26940.0,26519.0,26524.0,49238.0,1315412355.0,0.0
MHImain,HKFE,2021-07-26 12:00:00,26525.0,26633.0,26344.0,26367.0,35115.0,929147012.0,0.0
MHImain,HKFE,2021-07-26 16:00:00,26368.0,26446.0,26113.0,26242.0,19555.0,513507538.0,0.0
MHImain,HKFE,2021-07-26 20:00:00,26243.0,26372.0,26207.0,26312.0,9375.0,246522309.0,0.0
MHImain,HKFE,2021-07-27 00:00:00,26313.0,26333.0,26107.0,26130.0,4651.0,121986790.0,0.0
MHImain,HKFE,2021-07-27 08:00:00,26100.0,26342.0,25726.0,26026.0,52677.0,1374799371.0,0.0
MHImain,HKFE,2021-07-27 12:00:00,26026.0,26077.0,25244.0,25245.0,46171.0,1184845906.0,0.0
MHImain,HKFE,2021-07-27 16:00:00,25244.0,25357.0,24746.0,25240.0,42005.0,1052193128.0,0.0
MHImain,HKFE,2021-07-27 20:00:00,25240.0,25318.0,25094.0,25156.0,13298.0,335443162.0,0.0
MHImain,HKFE,2021-07-28 00:00:00,25154.0,25243.0,24930.0,25242.0,6804.0,170555076.0,0.0
MHImain,HKFE,2021-07-28 08:00:00,25350.0,25588.0,24944.0,25260.0,60782.0,1535639698.0,0.0
MHImain,HKFE,2021-07-28 12:00:00,25257.0,25480.0,24869.0,25343.0,39956.0,1006186563.0,0.0
MHImain,HKFE,2021-07-28 16:00:00,25345.0,25480.0,25271.0,25480.0,10659.0,270536626.0,0.0
MHImain,HKFE,2021-07-28 20:00:00,25478.0,25936.0,25450.0,25925.0,7660.0,196938862.0,0.0
MHImain,HKFE,2021-07-29 00:00:00,25926.0,26169.0,25926.0,26105.0,4744.0,123476336.0,0.0
MHImain,HKFE,2021-07-29 08:00:00,26005.0,26119.0,25750.0,26098.0,43855.0,1136269437.0,0.0
MHImain,HKFE,2021-07-29 12:00:00,26099.0,26259.0,26007.0,26069.0,28523.0,744766323.0,0.0
MHImain,HKFE,2021-07-29 16:00:00,26070.0,26284.0,26069.0,26215.0,16181.0,423504405.0,0.0
MHImain,HKFE,2021-07-29 20:00:00,26215.0,26246.0,25986.0,26064.0,13704.0,357851795.0,0.0
MHImain,HKFE,2021-07-30 00:00:00,26066.0,26118.0,26034.0,26058.0,4496.0,117231672.0,0.0
MHImain,HKFE,2021-07-30 08:00:00,25876.0,26086.0,25809.0,25893.0,47134.0,1223125573.0,0.0
MHImain,HKFE,2021-07-30 12:00:00,25894.0,25910.0,25560.0,25716.0,34750.0,892853383.0,0.0
MHImain,HKFE,2021-07-30 16:00:00,25717.0,25921.0,25714.0,25823.0,18359.0,474226188.0,0.0
MHImain,HKFE,2021-07-30 20:00:00,25822.0,25988.0,25722.0,25942.0,12274.0,317529396.0,0.0
MHImain,HKFE,2021-07-31 00:00:00,25942.0,25988.0,25840.0,25863.0,4269.0,110714815.0,0.0
MHImain,HKFE,2021-08-02 08:00:00,25975.0,26204.0,25668.0,26153.0,53994.0,1399411010.0,0.0
MHImain,HKFE,2021-08-02 12:00:00,26152.0,26242.0,26071.0,26096.0,23932.0,625921996.0,0.0
MHImain,HKFE,2021-08-02 16:00:00,26098.0,26174.0,26046.0,26097.0,11589.0,302648054.0,0.0
MHImain,HKFE,2021-08-02 20:00:00,26099.0,26194.0,26073.0,26192.0,8444.0,220600412.0,0.0
MHImain,HKFE,2021-08-03 00:00:00,26194.0,26229.0,26101.0,26123.0,4907.0,128357873.0,0.0
MHImain,HKFE,2021-08-03 08:00:00,26126.0,26173.0,25702.0,25946.0,51808.0,1342060530.0,0.0
MHImain,HKFE,2021-08-03 12:00:00,25949.0,26193.0,25906.0,26095.0,29472.0,767736051.0,0.0
MHImain,HKFE,2021-08-03 16:00:00,26096.0,26158.0,26010.0,26143.0,9657.0,251814034.0,0.0
MHImain,HKFE,2021-08-03 20:00:00,26141.0,26145.0,25921.0,25990.0,10544.0,274191109.0,0.0
MHImain,HKFE,2021-08-04 00:00:00,25989.0,26098.0,25966.0,26098.0,3860.0,100527313.0,0.0
MHImain,HKFE,2021-08-04 08:00:00,26025.0,26567.0,25929.0,26517.0,52416.0,1378252352.0,0.0
MHImain,HKFE,2021-08-04 12:00:00,26517.0,26583.0,26377.0,26419.0,21540.0,570145148.0,0.0
MHImain,HKFE,2021-08-04 16:00:00,26419.0,26430.0,26293.0,26353.0,11418.0,300889056.0,0.0
MHImain,HKFE,2021-08-04 20:00:00,26351.0,26436.0,26286.0,26349.0,10483.0,276328711.0,0.0
MHImain,HKFE,2021-08-05 00:00:00,26348.0,26423.0,26304.0,26368.0,3437.0,90593218.0,0.0
MHImain,HKFE,2021-08-05 08:00:00,26357.0,26486.0,26209.0,26373.0,42829.0,1129726436.0,0.0
MHImain,HKFE,2021-08-05 12:00:00,26372.0,26433.0,26057.0,26084.0,30656.0,804566243.0,0.0
MHImain,HKFE,2021-08-05 16:00:00,26082.0,26208.0,26080.0,26130.0,13079.0,341994294.0,0.0
MHImain,HKFE,2021-08-05 20:00:00,26130.0,26259.0,26115.0,26254.0,6700.0,175504088.0,0.0
MHImain,HKFE,2021-08-06 00:00:00,26255.0,26273.0,26223.0,26237.0,2325.0,61026749.0,0.0
MHImain,HKFE,2021-08-06 08:00:00,26227.0,26236.0,25900.0,26043.0,44289.0,1153555721.0,0.0
MHImain,HKFE,2021-08-06 12:00:00,26041.0,26212.0,26033.0,26168.0,21413.0,559499101.0,0.0
MHImain,HKFE,2021-08-06 16:00:00,26167.0,26180.0,26087.0,26169.0,7382.0,192912881.0,0.0
MHImain,HKFE,2021-08-06 20:00:00,26171.0,26213.0,25976.0,25990.0,8704.0,227373786.0,0.0
MHImain,HKFE,2021-08-07 00:00:00,25990.0,26067.0,25966.0,26030.0,4179.0,108680011.0,0.0
MHImain,HKFE,2021-08-09 08:00:00,25900.0,26476.0,25814.0,26432.0,49369.0,1292455354.0,0.0
MHImain,HKFE,2021-08-09 12:00:00,26433.0,26435.0,26185.0,26220.0,21779.0,572924374.0,0.0
MHImain,HKFE,2021-08-09 16:00:00,26220.0,26268.0,26158.0,26244.0,9603.0,251686843.0,0.0
MHImain,HKFE,2021-08-09 20:00:00,26245.0,26338.0,26212.0,26307.0,6508.0,170996059.0,0.0
MHImain,HKFE,2021-08-10 00:00:00,26306.0,26349.0,26302.0,26325.0,2377.0,62580440.0,0.0
MHImain,HKFE,2021-08-10 08:00:00,26395.0,26408.0,26027.0,26255.0,49377.0,1293812017.0,0.0
MHImain,HKFE,2021-08-10 12:00:00,26256.0,26516.0,26215.0,26492.0,26836.0,707885195.0,0.0
MHImain,HKFE,2021-08-10 16:00:00,26491.0,26496.0,26424.0,26454.0,10105.0,267405494.0,0.0
MHImain,HKFE,2021-08-10 20:00:00,26454.0,26459.0,26354.0,26362.0,6691.0,176719694.0,0.0
MHImain,HKFE,2021-08-11 00:00:00,26360.0,26428.0,26350.0,26420.0,2540.0,67046299.0,0.0
MHImain,HKFE,2021-08-11 08:00:00,26380.0,26722.0,26298.0,26643.0,48671.0,1291738087.0,0.0
MHImain,HKFE,2021-08-11 12:00:00,26647.0,26655.0,26467.0,26506.0,19651.0,521497366.0,0.0
MHImain,HKFE,2021-08-11 16:00:00,26506.0,26589.0,26499.0,26542.0,8561.0,227146873.0,0.0
MHImain,HKFE,2021-08-11 20:00:00,26544.0,26733.0,26504.0,26508.0,11003.0,292967243.0,0.0
MHImain,HKFE,2021-08-12 00:00:00,26506.0,26599.0,26474.0,26544.0,4494.0,119215426.0,0.0
MHImain,HKFE,2021-08-12 08:00:00,26505.0,26619.0,26421.0,26553.0,44880.0,1190389225.0,0.0
MHImain,HKFE,2021-08-12 12:00:00,26553.0,26565.0,26361.0,26377.0,21647.0,572899211.0,0.0
MHImain,HKFE,2021-08-12 16:00:00,26379.0,26434.0,26295.0,26401.0,12039.0,317404201.0,0.0
MHImain,HKFE,2021-08-12 20:00:00,26399.0,26405.0,26215.0,26251.0,8492.0,223251465.0,0.0
MHImain,HKFE,2021-08-13 00:00:00,26252.0,26290.0,26229.0,26248.0,3295.0,86525022.0,0.0
MHImain,HKFE,2021-08-13 08:00:00,26206.0,26445.0,26081.0,26160.0,47569.0,1249208591.0,0.0
MHImain,HKFE,2021-08-13 12:00:00,26158.0,26279.0,26122.0,26228.0,20958.0,548900945.0,0.0
MHImain,HKFE,2021-08-13 16:00:00,26229.0,26342.0,26227.0,26290.0,8867.0,233096910.0,0.0
MHImain,HKFE,2021-08-13 20:00:00,26294.0,26369.0,26258.0,26341.0,6758.0,177856387.0,0.0
MHImain,HKFE,2021-08-14 00:00:00,26341.0,26359.0,26316.0,26345.0,2140.0,56360185.0,0.0
MHImain,HKFE,2021-08-16 08:00:00,26350.0,26381.0,26032.0,26135.0,50102.0,1313734607.0,0.0
MHImain,HKFE,2021-08-16 12:00:00,26136.0,26181.0,25987.0,26043.0,21915.0,571497737.0,0.0
MHImain,HKFE,2021-08-16 16:00:00,26046.0,26145.0,26024.0,26126.0,10585.0,276235988.0,0.0
MHImain,HKFE,2021-08-16 20:00:00,26125.0,26130.0,25995.0,26071.0,7534.0,196337568.0,0.0
MHImain,HKFE,2021-08-17 00:00:00,26072.0,26136.0,26065.0,26105.0,3463.0,90408201.0,0.0
MHImain,HKFE,2021-08-17 08:00:00,26088.0,26201.0,25965.0,26025.0,48921.0,1275976928.0,0.0
MHImain,HKFE,2021-08-17 12:00:00,26026.0,26027.0,25551.0,25651.0,44851.0,1155780886.0,0.0
MHImain,HKFE,2021-08-17 16:00:00,25651.0,25726.0,25604.0,25677.0,12146.0,311729443.0,0.0
MHImain,HKFE,2021-08-17 20:00:00,25676.0,25764.0,25576.0,25718.0,11707.0,300517734.0,0.0
MHImain,HKFE,2021-08-18 00:00:00,25718.0,25755.0,25552.0,25618.0,6940.0,177931921.0,0.0
MHImain,HKFE,2021-08-18 08:00:00,25680.0,25886.0,25651.0,25848.0,46459.0,1198209860.0,0.0
MHImain,HKFE,2021-08-18 12:00:00,25847.0,25955.0,25772.0,25777.0,22749.0,588634747.0,0.0
MHImain,HKFE,2021-08-18 16:00:00,25778.0,25830.0,25717.0,25785.0,10664.0,274833981.0,0.0
MHImain,HKFE,2021-08-18 20:00:00,25786.0,25835.0,25736.0,25773.0,7839.0,202088261.0,0.0
MHImain,HKFE,2021-08-19 00:00:00,25770.0,25870.0,25757.0,25808.0,4774.0,123157729.0,0.0
MHImain,HKFE,2021-08-19 08:00:00,25735.0,25788.0,25337.0,25344.0,48373.0,1236344657.0,0.0
MHImain,HKFE,2021-08-19 12:00:00,25341.0,25536.0,25232.0,25236.0,32105.0,814303652.0,0.0
MHImain,HKFE,2021-08-19 16:00:00,25237.0,25290.0,25124.0,25225.0,21349.0,538221715.0,0.0
MHImain,HKFE,2021-08-19 20:00:00,25226.0,25393.0,25188.0,25297.0,13213.0,334361075.0,0.0
MHImain,HKFE,2021-08-20 00:00:00,25298.0,25388.0,25225.0,25308.0,6581.0,166673122.0,0.0
MHImain,HKFE,2021-08-20 08:00:00,25333.0,25358.0,24812.0,24870.0,61663.0,1543824403.0,0.0
MHImain,HKFE,2021-08-20 12:00:00,24869.0,24939.0,24554.0,24839.0,48704.0,1204564504.0,0.0
MHImain,HKFE,2021-08-20 16:00:00,24839.0,24884.0,24736.0,24838.0,13291.0,329714613.0,0.0
MHImain,HKFE,2021-08-20 20:00:00,24836.0,25107.0,24834.0,25037.0,13032.0,325917366.0,0.0
MHImain,HKFE,2021-08-21 00:00:00,25040.0,25089.0,24990.0,24990.0,4519.0,113183069.0,0.0
MHImain,HKFE,2021-08-23 08:00:00,25050.0,25443.0,25048.0,25300.0,50947.0,1287137063.0,0.0
MHImain,HKFE,2021-08-23 12:00:00,25300.0,25342.0,25084.0,25127.0,23521.0,593389373.0,0.0
MHImain,HKFE,2021-08-23 16:00:00,25128.0,25167.0,25021.0,25159.0,12830.0,321848325.0,0.0
MHImain,HKFE,2021-08-23 20:00:00,25159.0,25242.0,25157.0,25209.0,7585.0,191122357.0,0.0
MHImain,HKFE,2021-08-24 00:00:00,25211.0,25345.0,25205.0,25345.0,3466.0,87581720.0,0.0
MHImain,HKFE,2021-08-24 08:00:00,25375.0,25588.0,25319.0,25485.0,43679.0,1111764034.0,0.0
MHImain,HKFE,2021-08-24 12:00:00,25485.0,25582.0,25447.0,25576.0,24649.0,628913117.0,0.0
MHImain,HKFE,2021-08-24 16:00:00,25575.0,25705.0,25544.0,25573.0,16103.0,412381233.0,0.0
MHImain,HKFE,2021-08-24 20:00:00,25574.0,25774.0,25568.0,25773.0,9952.0,255538072.0,0.0
MHImain,HKFE,2021-08-25 00:00:00,25772.0,25786.0,25675.0,25730.0,3721.0,95740596.0,0.0
MHImain,HKFE,2021-08-25 08:00:00,25767.0,25954.0,25533.0,25592.0,57766.0,1487429551.0,0.0
MHImain,HKFE,2021-08-25 12:00:00,25592.0,25713.0,25536.0,25559.0,20026.0,513210124.0,0.0
MHImain,HKFE,2021-08-25 16:00:00,25555.0,25696.0,25554.0,25638.0,9661.0,247669779.0,0.0
MHImain,HKFE,2021-08-25 20:00:00,25638.0,25670.0,25570.0,25616.0,7672.0,196562302.0,0.0
MHImain,HKFE,2021-08-26 00:00:00,25615.0,25648.0,25597.0,25601.0,2351.0,60235754.0,0.0
MHImain,HKFE,2021-08-26 08:00:00,25549.0,25682.0,25328.0,25337.0,47447.0,1211103356.0,0.0
MHImain,HKFE,2021-08-26 12:00:00,25336.0,25401.0,25230.0,25246.0,24601.0,622755772.0,0.0
MHImain,HKFE,2021-08-26 16:00:00,25245.0,25432.0,25238.0,25397.0,11967.0,303394326.0,0.0
MHImain,HKFE,2021-08-26 20:00:00,25395.0,25457.0,25349.0,25417.0,8059.0,204815356.0,0.0
MHImain,HKFE,2021-08-27 00:00:00,25415.0,25474.0,25378.0,25390.0,3691.0,93853683.0,0.0
MHImain,HKFE,2021-08-27 08:00:00,25338.0,25648.0,25296.0,25522.0,42094.0,1072069650.0,0.0
MHImain,HKFE,2021-08-27 12:00:00,25519.0,25560.0,25328.0,25343.0,19730.0,502155564.0,0.0
MHImain,HKFE,2021-08-27 16:00:00,25341.0,25428.0,25252.0,25282.0,7621.0,193339190.0,0.0
MHImain,HKFE,2021-08-27 20:00:00,25282.0,25417.0,25259.0,25364.0,2799.0,70914734.0,0.0
MHImain,HKFE,2021-08-28 00:00:00,25367.0,25371.0,25331.0,25333.0,898.0,22765133.0,0.0
MHImain,HKFE,2021-08-30 08:00:00,25350.0,25437.0,25088.0,25278.0,41920.0,1059614686.0,0.0
MHImain,HKFE,2021-08-30 12:00:00,25277.0,25482.0,25255.0,25343.0,23106.0,585853527.0,0.0
MHImain,HKFE,2021-08-30 16:00:00,25343.0,25437.0,25308.0,25350.0,10147.0,257483316.0,0.0
MHImain,HKFE,2021-08-30 20:00:00,25350.0,25360.0,25264.0,25343.0,6023.0,152457073.0,0.0
MHImain,HKFE,2021-08-31 00:00:00,25341.0,25444.0,25335.0,25444.0,2873.0,72925782.0,0.0
MHImain,HKFE,2021-08-31 08:00:00,25370.0,25445.0,25004.0,25025.0,47405.0,1194047042.0,0.0
MHImain,HKFE,2021-08-31 12:00:00,25027.0,25711.0,25008.0,25646.0,43434.0,1102746794.0,0.0
MHImain,HKFE,2021-08-31 16:00:00,25645.0,25792.0,25603.0,25643.0,16119.0,414097340.0,0.0
MHImain,HKFE,2021-08-31 20:00:00,25642.0,25719.0,25604.0,25618.0,9677.0,248197375.0,0.0
MHImain,HKFE,2021-09-01 00:00:00,25619.0,25697.0,25619.0,25681.0,2605.0,66851578.0,0.0
MHImain,HKFE,2021-09-01 08:00:00,25681.0,25930.0,25574.0,25922.0,55008.0,1415607213.0,0.0
MHImain,HKFE,2021-09-01 12:00:00,25924.0,25978.0,25843.0,25900.0,24015.0,622545789.0,0.0
MHImain,HKFE,2021-09-01 16:00:00,25899.0,25929.0,25861.0,25892.0,8438.0,218477355.0,0.0
MHImain,HKFE,2021-09-01 20:00:00,25892.0,26079.0,25877.0,26049.0,9170.0,238315245.0,0.0
MHImain,HKFE,2021-09-02 00:00:00,26052.0,26123.0,26024.0,26114.0,3911.0,102010392.0,0.0
MHImain,HKFE,2021-09-02 08:00:00,26050.0,26266.0,25946.0,25956.0,50371.0,1316000699.0,0.0
MHImain,HKFE,2021-09-02 12:00:00,25956.0,26040.0,25892.0,26039.0,23858.0,619249710.0,0.0
MHImain,HKFE,2021-09-02 16:00:00,26040.0,26077.0,25950.0,26020.0,9723.0,252865478.0,0.0
MHImain,HKFE,2021-09-02 20:00:00,26021.0,26041.0,25945.0,26020.0,5944.0,154520639.0,0.0
MHImain,HKFE,2021-09-03 00:00:00,26022.0,26047.0,25888.0,25926.0,3593.0,93278691.0,0.0
MHImain,HKFE,2021-09-03 08:00:00,25891.0,25984.0,25724.0,25871.0,49658.0,1284764391.0,0.0
MHImain,HKFE,2021-09-03 12:00:00,25870.0,25892.0,25744.0,25801.0,18927.0,488796964.0,0.0
MHImain,HKFE,2021-09-03 16:00:00,25799.0,25884.0,25771.0,25835.0,9409.0,243024352.0,0.0
MHImain,HKFE,2021-09-03 20:00:00,25837.0,25887.0,25756.0,25862.0,10852.0,280308178.0,0.0
MHImain,HKFE,2021-09-04 00:00:00,25862.0,25886.0,25821.0,25860.0,2733.0,70661468.0,0.0
MHImain,HKFE,2021-09-06 08:00:00,25828.0,26043.0,25705.0,26010.0,42705.0,1106888285.0,0.0
MHImain,HKFE,2021-09-06 12:00:00,26008.0,26092.0,25932.0,26044.0,18529.0,482224197.0,0.0
MHImain,HKFE,2021-09-06 16:00:00,26047.0,26159.0,26035.0,26154.0,8486.0,221412719.0,0.0
MHImain,HKFE,2021-09-06 20:00:00,26154.0,26156.0,26121.0,26142.0,2543.0,66471732.0,0.0
MHImain,HKFE,2021-09-07 00:00:00,26140.0,26159.0,26132.0,26144.0,1301.0,34018832.0,0.0
MHImain,HKFE,2021-09-07 08:00:00,26135.0,26365.0,26031.0,26315.0,47952.0,1255555773.0,0.0
MHImain,HKFE,2021-09-07 12:00:00,26315.0,26393.0,26189.0,26256.0,25187.0,662332758.0,0.0
MHImain,HKFE,2021-09-07 16:00:00,26256.0,26303.0,26167.0,26209.0,9649.0,253221959.0,0.0
MHImain,HKFE,2021-09-07 20:00:00,26206.0,26287.0,26190.0,26241.0,7509.0,197035210.0,0.0
MHImain,HKFE,2021-09-08 00:00:00,26240.0,26331.0,26234.0,26308.0,3062.0,80483218.0,0.0
MHImain,HKFE,2021-09-08 08:00:00,26260.0,26476.0,26251.0,26291.0,44468.0,1171972980.0,0.0
MHImain,HKFE,2021-09-08 12:00:00,26288.0,26316.0,26070.0,26221.0,27418.0,717918581.0,0.0
MHImain,HKFE,2021-09-08 16:00:00,26221.0,26310.0,26122.0,26306.0,12490.0,327070583.0,0.0
MHImain,HKFE,2021-09-08 20:00:00,26308.0,26312.0,26068.0,26108.0,11807.0,309174269.0,0.0
MHImain,HKFE,2021-09-09 00:00:00,26110.0,26132.0,26069.0,26108.0,4065.0,106118727.0,0.0
MHImain,HKFE,2021-09-09 08:00:00,25940.0,26064.0,25838.0,25893.0,47677.0,1237538327.0,0.0
MHImain,HKFE,2021-09-09 12:00:00,25893.0,25895.0,25689.0,25694.0,28100.0,724344055.0,0.0
MHImain,HKFE,2021-09-09 16:00:00,25691.0,25752.0,25581.0,25679.0,19893.0,510644441.0,0.0
MHImain,HKFE,2021-09-09 20:00:00,25681.0,25856.0,25673.0,25854.0,10349.0,266737448.0,0.0
MHImain,HKFE,2021-09-10 00:00:00,25854.0,25859.0,25740.0,25791.0,4874.0,125755913.0,0.0
MHImain,HKFE,2021-09-10 08:00:00,25831.0,26136.0,25770.0,26089.0,49184.0,1279030799.0,0.0
MHImain,HKFE,2021-09-10 12:00:00,26090.0,26168.0,26038.0,26059.0,18799.0,490789188.0,0.0
MHImain,HKFE,2021-09-10 16:00:00,26057.0,26191.0,26044.0,26168.0,10955.0,286291102.0,0.0
MHImain,HKFE,2021-09-10 20:00:00,26167.0,26175.0,25931.0,25943.0,10703.0,278899795.0,0.0
MHImain,HKFE,2021-09-11 00:00:00,25942.0,26027.0,25923.0,25961.0,4910.0,127579225.0,0.0
MHImain,HKFE,2021-09-13 08:00:00,25919.0,25920.0,25627.0,25678.0,48147.0,1238836955.0,0.0
MHImain,HKFE,2021-09-13 12:00:00,25679.0,25734.0,25534.0,25613.0,24419.0,625408207.0,0.0
MHImain,HKFE,2021-09-13 16:00:00,25613.0,25831.0,25609.0,25807.0,12741.0,327877809.0,0.0
MHImain,HKFE,2021-09-13 20:00:00,25807.0,25862.0,25718.0,25822.0,10007.0,258034941.0,0.0
MHImain,HKFE,2021-09-14 00:00:00,25822.0,25892.0,25792.0,25830.0,4229.0,109293959.0,0.0
MHImain,HKFE,2021-09-14 08:00:00,25811.0,25885.0,25588.0,25680.0,49960.0,1285458680.0,0.0
MHImain,HKFE,2021-09-14 12:00:00,25680.0,25770.0,25322.0,25386.0,35209.0,899466192.0,0.0
MHImain,HKFE,2021-09-14 16:00:00,25388.0,25469.0,25349.0,25402.0,14222.0,361455015.0,0.0
MHImain,HKFE,2021-09-14 20:00:00,25402.0,25478.0,25325.0,25380.0,10639.0,270233779.0,0.0
MHImain,HKFE,2021-09-15 00:00:00,25378.0,25416.0,25297.0,25313.0,3925.0,99586999.0,0.0
MHImain,HKFE,2021-09-15 08:00:00,25325.0,25409.0,25100.0,25285.0,51530.0,1302016947.0,0.0
MHImain,HKFE,2021-09-15 12:00:00,25285.0,25295.0,24983.0,25049.0,34022.0,854481022.0,0.0
MHImain,HKFE,2021-09-15 16:00:00,25048.0,25102.0,24985.0,25031.0,11656.0,291865190.0,0.0
MHImain,HKFE,2021-09-15 20:00:00,25030.0,25042.0,24932.0,24941.0,10326.0,258077914.0,0.0
MHImain,HKFE,2021-09-16 00:00:00,24940.0,25052.0,24940.0,25049.0,3589.0,89673773.0,0.0
MHImain,HKFE,2021-09-16 08:00:00,25002.0,25057.0,24596.0,24670.0,58129.0,1442399381.0,0.0
MHImain,HKFE,2021-09-16 12:00:00,24669.0,24705.0,24478.0,24515.0,36012.0,884712325.0,0.0
MHImain,HKFE,2021-09-16 16:00:00,24516.0,24676.0,24502.0,24655.0,15797.0,388778122.0,0.0
MHImain,HKFE,2021-09-16 20:00:00,24657.0,24682.0,24562.0,24669.0,8482.0,208881749.0,0.0
MHImain,HKFE,2021-09-17 00:00:00,24669.0,24730.0,24638.0,24727.0,2901.0,71597853.0,0.0
MHImain,HKFE,2021-09-17 08:00:00,24699.0,24822.0,24406.0,24754.0,55410.0,1366053739.0,0.0
MHImain,HKFE,2021-09-17 12:00:00,24753.0,24833.0,24670.0,24783.0,23617.0,584631750.0,0.0
MHImain,HKFE,2021-09-17 16:00:00,24783.0,24925.0,24739.0,24841.0,14401.0,357722855.0,0.0
MHImain,HKFE,2021-09-17 20:00:00,24841.0,24914.0,24761.0,24788.0,7405.0,183900283.0,0.0
MHImain,HKFE,2021-09-18 00:00:00,24787.0,24840.0,24743.0,24787.0,4517.0,111992023.0,0.0
MHImain,HKFE,2021-09-20 08:00:00,24660.0,24718.0,23848.0,23957.0,57517.0,1392066924.0,0.0
MHImain,HKFE,2021-09-20 12:00:00,23955.0,24152.0,23831.0,24033.0,32395.0,777612425.0,0.0
MHImain,HKFE,2021-09-20 16:00:00,24029.0,24093.0,23971.0,24022.0,11848.0,284893753.0,0.0
MHImain,HKFE,2021-09-20 20:00:00,24020.0,24078.0,23881.0,24001.0,13080.0,313726532.0,0.0
MHImain,HKFE,2021-09-21 00:00:00,24000.0,24019.0,23663.0,23669.0,7982.0,190339838.0,0.0
MHImain,HKFE,2021-09-21 08:00:00,23928.0,24181.0,23769.0,23976.0,45141.0,1083902045.0,0.0
MHImain,HKFE,2021-09-21 12:00:00,23978.0,24093.0,23854.0,24070.0,23195.0,556122874.0,0.0
MHImain,HKFE,2021-09-21 16:00:00,24071.0,24260.0,24037.0,24113.0,15148.0,366019744.0,0.0
MHImain,HKFE,2021-09-21 20:00:00,24113.0,24171.0,23993.0,24063.0,12218.0,294322892.0,0.0
MHImain,HKFE,2021-09-22 00:00:00,24068.0,24153.0,24040.0,24120.0,5179.0,124820410.0,0.0
MHImain,HKFE,2021-09-23 08:00:00,24443.0,24792.0,24398.0,24431.0,55524.0,1365256835.0,0.0
MHImain,HKFE,2021-09-23 12:00:00,24432.0,24497.0,24284.0,24421.0,30914.0,753971861.0,0.0
MHImain,HKFE,2021-09-23 16:00:00,24419.0,24649.0,24318.0,24390.0,18718.0,458080811.0,0.0
MHImain,HKFE,2021-09-23 20:00:00,24392.0,24455.0,24312.0,24398.0,9880.0,240978797.0,0.0
MHImain,HKFE,2021-09-24 00:00:00,24399.0,24487.0,24365.0,24465.0,2611.0,63768426.0,0.0
MHImain,HKFE,2021-09-24 08:00:00,24350.0,24596.0,24275.0,24462.0,55186.0,1349593797.0,0.0
MHImain,HKFE,2021-09-24 12:00:00,24463.0,24505.0,24213.0,24228.0,24646.0,601675090.0,0.0
MHImain,HKFE,2021-09-24 16:00:00,24228.0,24263.0,24006.0,24011.0,24217.0,584560409.0,0.0
MHImain,HKFE,2021-09-24 20:00:00,24011.0,24056.0,23924.0,23990.0,11052.0,265126240.0,0.0
MHImain,HKFE,2021-09-25 00:00:00,23987.0,24042.0,23951.0,23993.0,3805.0,91318256.0,0.0
MHImain,HKFE,2021-09-27 08:00:00,24055.0,24491.0,24030.0,24429.0,55447.0,1349648693.0,0.0
MHImain,HKFE,2021-09-27 12:00:00,24427.0,24435.0,24165.0,24174.0,29483.0,715835786.0,0.0
MHImain,HKFE,2021-09-27 16:00:00,24174.0,24218.0,24108.0,24144.0,14166.0,342175777.0,0.0
MHImain,HKFE,2021-09-27 20:00:00,24138.0,24214.0,24054.0,24204.0,9363.0,226027535.0,0.0
MHImain,HKFE,2021-09-28 00:00:00,24204.0,24303.0,24172.0,24290.0,5707.0,138340176.0,0.0
MHImain,HKFE,2021-09-28 08:00:00,24225.0,24638.0,24175.0,24611.0,48223.0,1177211085.0,0.0
MHImain,HKFE,2021-09-28 12:00:00,24610.0,24681.0,24490.0,24584.0,24608.0,604727765.0,0.0
MHImain,HKFE,2021-09-28 16:00:00,24584.0,24624.0,24335.0,24343.0,14208.0,347820158.0,0.0
MHImain,HKFE,2021-09-28 20:00:00,24342.0,24398.0,24205.0,24206.0,5364.0,130354483.0,0.0
MHImain,HKFE,2021-09-29 00:00:00,24204.0,24261.0,24155.0,24252.0,2986.0,72251854.0,0.0
MHImain,HKFE,2021-09-29 08:00:00,24262.0,24408.0,23988.0,24296.0,46530.0,1126822275.0,0.0
MHImain,HKFE,2021-09-29 12:00:00,24298.0,24656.0,24288.0,24620.0,34715.0,849921717.0,0.0
MHImain,HKFE,2021-09-29 16:00:00,24624.0,24666.0,24477.0,24515.0,15953.0,391895123.0,0.0
MHImain,HKFE,2021-09-29 20:00:00,24517.0,24553.0,24443.0,24447.0,8992.0,220254162.0,0.0
MHImain,HKFE,2021-09-30 00:00:00,24446.0,24448.0,24347.0,24419.0,6222.0,151845489.0,0.0
MHImain,HKFE,2021-09-30 08:00:00,24400.0,24549.0,24279.0,24382.0,52581.0,1282349326.0,0.0
MHImain,HKFE,2021-09-30 12:00:00,24381.0,24622.0,24315.0,24541.0,24061.0,588971714.0,0.0
MHImain,HKFE,2021-09-30 16:00:00,24542.0,24553.0,24450.0,24486.0,12084.0,296040349.0,0.0
MHImain,HKFE,2021-09-30 20:00:00,24488.0,24625.0,24463.0,24537.0,9223.0,226360163.0,0.0
MHImain,HKFE,2021-10-01 00:00:00,24538.0,24596.0,24436.0,24560.0,7594.0,186114687.0,0.0
MHImain,HKFE,2021-10-04 08:00:00,24338.0,24409.0,23836.0,23951.0,58268.0,1402330979.0,0.0
MHImain,HKFE,2021-10-04 12:00:00,23950.0,24080.0,23869.0,24003.0,23434.0,561988185.0,0.0
MHImain,HKFE,2021-10-04 16:00:00,24005.0,24080.0,23883.0,24032.0,13111.0,314463202.0,0.0
MHImain,HKFE,2021-10-04 20:00:00,24031.0,24097.0,23795.0,23843.0,12301.0,294615384.0,0.0
MHImain,HKFE,2021-10-05 00:00:00,23842.0,23975.0,23785.0,23945.0,6534.0,155996826.0,0.0
MHImain,HKFE,2021-10-05 08:00:00,23858.0,24118.0,23644.0,24103.0,56865.0,1357366462.0,0.0
MHImain,HKFE,2021-10-05 12:00:00,24103.0,24112.0,23980.0,24077.0,19806.0,476234299.0,0.0
MHImain,HKFE,2021-10-05 16:00:00,24072.0,24177.0,24019.0,24078.0,15042.0,362558069.0,0.0
MHImain,HKFE,2021-10-05 20:00:00,24079.0,24239.0,24061.0,24237.0,8709.0,210212188.0,0.0
MHImain,HKFE,2021-10-06 00:00:00,24237.0,24283.0,24203.0,24280.0,3940.0,95525442.0,0.0
MHImain,HKFE,2021-10-06 08:00:00,24188.0,24200.0,23743.0,23811.0,51183.0,1223660824.0,0.0
MHImain,HKFE,2021-10-06 12:00:00,23814.0,24090.0,23799.0,23962.0,27179.0,651137394.0,0.0
MHImain,HKFE,2021-10-06 16:00:00,23957.0,23975.0,23837.0,23901.0,15221.0,363772163.0,0.0
MHImain,HKFE,2021-10-06 20:00:00,23903.0,24078.0,23894.0,24061.0,12258.0,294059988.0,0.0
MHImain,HKFE,2021-10-07 00:00:00,24056.0,24137.0,23955.0,24097.0,5755.0,138317245.0,0.0
MHImain,HKFE,2021-10-07 08:00:00,24216.0,24561.0,24215.0,24515.0,43903.0,1073044622.0,0.0
MHImain,HKFE,2021-10-07 12:00:00,24514.0,24616.0,24447.0,24600.0,20521.0,503427891.0,0.0
MHImain,HKFE,2021-10-07 16:00:00,24600.0,24712.0,24590.0,24674.0,16735.0,412434160.0,0.0
MHImain,HKFE,2021-10-07 20:00:00,24675.0,24840.0,24608.0,24800.0,10425.0,257660297.0,0.0
MHImain,HKFE,2021-10-08 00:00:00,24800.0,24875.0,24784.0,24807.0,5063.0,125732576.0,0.0
MHImain,HKFE,2021-10-08 08:00:00,24880.0,24990.0,24621.0,24657.0,52995.0,1312460302.0,0.0
MHImain,HKFE,2021-10-08 12:00:00,24658.0,24731.0,24559.0,24705.0,23041.0,567928444.0,0.0
MHImain,HKFE,2021-10-08 16:00:00,24705.0,24916.0,24688.0,24892.0,14689.0,363896712.0,0.0
MHImain,HKFE,2021-10-08 20:00:00,24891.0,25004.0,24877.0,24978.0,11325.0,282431797.0,0.0
MHImain,HKFE,2021-10-09 00:00:00,24978.0,25037.0,24935.0,25028.0,3460.0,86439462.0,0.0
MHImain,HKFE,2021-10-11 08:00:00,24978.0,25336.0,24968.0,25278.0,45992.0,1160214154.0,0.0
MHImain,HKFE,2021-10-11 12:00:00,25283.0,25382.0,25214.0,25269.0,22243.0,562742559.0,0.0
MHImain,HKFE,2021-10-11 16:00:00,25269.0,25305.0,25193.0,25203.0,11683.0,295032078.0,0.0
MHImain,HKFE,2021-10-11 20:00:00,25205.0,25269.0,25142.0,25169.0,8465.0,213389645.0,0.0
MHImain,HKFE,2021-10-12 00:00:00,25169.0,25206.0,25006.0,25034.0,5953.0,149409062.0,0.0
MHImain,HKFE,2021-10-12 08:00:00,24910.0,25139.0,24860.0,25021.0,47065.0,1177484224.0,0.0
MHImain,HKFE,2021-10-12 12:00:00,25023.0,25063.0,24818.0,24860.0,25008.0,623652515.0,0.0
MHImain,HKFE,2021-10-12 16:00:00,24866.0,25030.0,24829.0,24970.0,9877.0,245907158.0,0.0
MHImain,HKFE,2021-10-12 20:00:00,24970.0,24970.0,24970.0,24970.0,0.0,0.0,0.0
MHImain,HKFE,2021-10-13 00:00:00,24970.0,24970.0,24970.0,24970.0,0.0,0.0,0.0
MHImain,HKFE,2021-10-15 08:00:00,25150.0,25224.0,24864.0,25123.0,49683.0,1244023853.0,0.0
MHImain,HKFE,2021-10-15 12:00:00,25123.0,25287.0,25108.0,25224.0,26169.0,659712639.0,0.0
MHImain,HKFE,2021-10-15 16:00:00,25222.0,25336.0,25209.0,25286.0,9803.0,247756994.0,0.0
MHImain,HKFE,2021-10-15 20:00:00,25284.0,25478.0,25254.0,25473.0,8563.0,217210356.0,0.0
MHImain,HKFE,2021-10-16 00:00:00,25474.0,25475.0,25405.0,25460.0,3732.0,94938028.0,0.0
MHImain,HKFE,2021-10-18 08:00:00,25420.0,25438.0,25086.0,25149.0,42265.0,1065056086.0,0.0
MHImain,HKFE,2021-10-18 12:00:00,25150.0,25220.0,25076.0,25178.0,16745.0,421236606.0,0.0
MHImain,HKFE,2021-10-18 16:00:00,25178.0,25465.0,25159.0,25438.0,15371.0,389234394.0,0.0
MHImain,HKFE,2021-10-18 20:00:00,25439.0,25545.0,25377.0,25531.0,7890.0,200909500.0,0.0
MHImain,HKFE,2021-10-19 00:00:00,25531.0,25581.0,25517.0,25538.0,2846.0,72707247.0,0.0
MHImain,HKFE,2021-10-19 08:00:00,25498.0,25800.0,25445.0,25780.0,38936.0,997498569.0,0.0
MHImain,HKFE,2021-10-19 12:00:00,25783.0,25784.0,25650.0,25755.0,14135.0,363551827.0,0.0
MHImain,HKFE,2021-10-19 16:00:00,25754.0,25853.0,25718.0,25823.0,10580.0,272668057.0,0.0
MHImain,HKFE,2021-10-19 20:00:00,25822.0,25918.0,25745.0,25915.0,8345.0,215552087.0,0.0
MHImain,HKFE,2021-10-20 00:00:00,25915.0,25992.0,25892.0,25991.0,3685.0,95585609.0,0.0
MHImain,HKFE,2021-10-20 08:00:00,25950.0,26136.0,25862.0,26107.0,41370.0,1074706420.0,0.0
MHImain,HKFE,2021-10-20 12:00:00,26108.0,26184.0,26006.0,26035.0,19911.0,519827879.0,0.0
MHImain,HKFE,2021-10-20 16:00:00,26036.0,26184.0,26027.0,26154.0,10779.0,281380294.0,0.0
MHImain,HKFE,2021-10-20 20:00:00,26152.0,26217.0,26069.0,26146.0,9572.0,250313323.0,0.0
MHImain,HKFE,2021-10-21 00:00:00,26145.0,26169.0,26080.0,26154.0,3023.0,78999853.0,0.0
MHImain,HKFE,2021-10-21 08:00:00,26116.0,26223.0,26022.0,26151.0,39278.0,1026367675.0,0.0
MHImain,HKFE,2021-10-21 12:00:00,26152.0,26167.0,25818.0,25935.0,26485.0,687273247.0,0.0
MHImain,HKFE,2021-10-21 16:00:00,25934.0,26039.0,25878.0,25959.0,11652.0,302555869.0,0.0
MHImain,HKFE,2021-10-21 20:00:00,25960.0,26049.0,25924.0,26000.0,6251.0,162433754.0,0.0
MHImain,HKFE,2021-10-22 00:00:00,25998.0,26029.0,25925.0,26025.0,3542.0,91991618.0,0.0
MHImain,HKFE,2021-10-22 08:00:00,26150.0,26175.0,25952.0,26103.0,36629.0,954888836.0,0.0
MHImain,HKFE,2021-10-22 12:00:00,26102.0,26162.0,25985.0,26075.0,18720.0,487999736.0,0.0
MHImain,HKFE,2021-10-22 16:00:00,26073.0,26137.0,26051.0,26132.0,8023.0,209328036.0,0.0
MHImain,HKFE,2021-10-22 20:00:00,26134.0,26227.0,26077.0,26139.0,7177.0,187741911.0,0.0
MHImain,HKFE,2021-10-23 00:00:00,26137.0,26140.0,25975.0,26003.0,7526.0,195970622.0,0.0
MHImain,HKFE,2021-10-25 08:00:00,26000.0,26188.0,25886.0,26175.0,38785.0,1010153861.0,0.0
MHImain,HKFE,2021-10-25 12:00:00,26175.0,26193.0,26075.0,26135.0,14063.0,367506056.0,0.0
MHImain,HKFE,2021-10-25 16:00:00,26137.0,26156.0,26089.0,26112.0,7134.0,186334441.0,0.0
MHImain,HKFE,2021-10-25 20:00:00,26114.0,26130.0,26035.0,26115.0,5855.0,152763888.0,0.0
MHImain,HKFE,2021-10-26 00:00:00,26117.0,26173.0,26103.0,26152.0,2488.0,65025241.0,0.0
MHImain,HKFE,2021-10-26 08:00:00,26235.0,26257.0,26025.0,26026.0,34196.0,892936860.0,0.0
MHImain,HKFE,2021-10-26 12:00:00,26026.0,26064.0,25898.0,25948.0,19842.0,515576613.0,0.0
MHImain,HKFE,2021-10-26 16:00:00,25949.0,26091.0,25943.0,26073.0,8899.0,231476698.0,0.0
MHImain,HKFE,2021-10-26 20:00:00,26076.0,26082.0,25977.0,25983.0,5340.0,139042797.0,0.0
MHImain,HKFE,2021-10-27 00:00:00,25982.0,26000.0,25808.0,25823.0,6056.0,156736966.0,0.0
MHImain,HKFE,2021-10-27 08:00:00,25798.0,25824.0,25555.0,25626.0,34359.0,881671168.0,0.0
MHImain,HKFE,2021-10-27 12:00:00,25623.0,25671.0,25555.0,25577.0,13390.0,343009243.0,0.0
MHImain,HKFE,2021-10-27 16:00:00,25577.0,25681.0,25459.0,25480.0,8009.0,205021593.0,0.0
MHImain,HKFE,2021-10-27 20:00:00,25481.0,25628.0,25466.0,25570.0,4328.0,110654402.0,0.0
MHImain,HKFE,2021-10-28 00:00:00,25570.0,25606.0,25504.0,25577.0,2322.0,59316183.0,0.0
MHImain,HKFE,2021-10-28 08:00:00,25566.0,25705.0,25446.0,25476.0,33490.0,856383010.0,0.0
MHImain,HKFE,2021-10-28 12:00:00,25477.0,25618.0,25399.0,25475.0,17574.0,448443281.0,0.0
MHImain,HKFE,2021-10-28 16:00:00,25477.0,25528.0,25384.0,25431.0,10103.0,257310629.0,0.0
MHImain,HKFE,2021-10-28 20:00:00,25429.0,25479.0,25377.0,25456.0,8040.0,204510004.0,0.0
MHImain,HKFE,2021-10-29 00:00:00,25459.0,25511.0,25455.0,25504.0,2819.0,71844037.0,0.0
MHImain,HKFE,2021-10-29 08:00:00,25500.0,25500.0,25250.0,25347.0,38970.0,988415635.0,0.0
MHImain,HKFE,2021-10-29 12:00:00,25346.0,25438.0,25286.0,25303.0,15831.0,401598133.0,0.0
MHImain,HKFE,2021-10-29 16:00:00,25301.0,25392.0,25231.0,25280.0,10119.0,256263511.0,0.0
MHImain,HKFE,2021-10-29 20:00:00,25281.0,25348.0,25212.0,25254.0,7934.0,200551995.0,0.0
MHImain,HKFE,2021-10-30 00:00:00,25255.0,25278.0,25136.0,25168.0,4152.0,104694795.0,0.0
MHImain,HKFE,2021-11-01 08:00:00,25278.0,25298.0,24919.0,25009.0,42714.0,1069895808.0,0.0
MHImain,HKFE,2021-11-01 12:00:00,25008.0,25131.0,24992.0,25063.0,15573.0,390488533.0,0.0
MHImain,HKFE,2021-11-01 16:00:00,25063.0,25149.0,25061.0,25125.0,7772.0,195136310.0,0.0
MHImain,HKFE,2021-11-01 20:00:00,25120.0,25395.0,25108.0,25392.0,12919.0,326690779.0,0.0
MHImain,HKFE,2021-11-02 00:00:00,25391.0,25478.0,25386.0,25465.0,5491.0,139641048.0,0.0
MHImain,HKFE,2021-11-02 08:00:00,25480.0,25622.0,25322.0,25324.0,40030.0,1020494725.0,0.0
MHImain,HKFE,2021-11-02 12:00:00,25325.0,25343.0,25016.0,25032.0,29520.0,743179385.0,0.0
MHImain,HKFE,2021-11-02 16:00:00,25032.0,25085.0,24998.0,25031.0,10419.0,260826665.0,0.0
MHImain,HKFE,2021-11-02 20:00:00,25030.0,25072.0,24956.0,24998.0,7408.0,185284987.0,0.0
MHImain,HKFE,2021-11-03 00:00:00,24998.0,25026.0,24926.0,24956.0,3873.0,96702932.0,0.0
MHImain,HKFE,2021-11-03 08:00:00,24920.0,25153.0,24754.0,24795.0,43372.0,1082023391.0,0.0
MHImain,HKFE,2021-11-03 12:00:00,24795.0,25000.0,24774.0,24925.0,20198.0,502367094.0,0.0
MHImain,HKFE,2021-11-03 16:00:00,24925.0,25030.0,24913.0,24997.0,8544.0,213364864.0,0.0
MHImain,HKFE,2021-11-03 20:00:00,24995.0,25015.0,24888.0,24914.0,6912.0,172373018.0,0.0
MHImain,HKFE,2021-11-04 00:00:00,24915.0,25092.0,24912.0,25084.0,5098.0,127326877.0,0.0
MHImain,HKFE,2021-11-04 08:00:00,25105.0,25191.0,25024.0,25125.0,35626.0,894911504.0,0.0
MHImain,HKFE,2021-11-04 12:00:00,25127.0,25134.0,24964.0,25030.0,20329.0,508878185.0,0.0
MHImain,HKFE,2021-11-04 16:00:00,25030.0,25232.0,25023.0,25183.0,12414.0,312185247.0,0.0
MHImain,HKFE,2021-11-04 20:00:00,25180.0,25197.0,24947.0,24955.0,9166.0,229889262.0,0.0
MHImain,HKFE,2021-11-05 00:00:00,24953.0,24971.0,24889.0,24908.0,5843.0,145664319.0,0.0
MHImain,HKFE,2021-11-05 08:00:00,24902.0,25017.0,24732.0,24989.0,40287.0,1002697394.0,0.0
MHImain,HKFE,2021-11-05 12:00:00,24993.0,24995.0,24828.0,24850.0,14715.0,366510348.0,0.0
MHImain,HKFE,2021-11-05 16:00:00,24852.0,24914.0,24672.0,24898.0,17650.0,437603078.0,0.0
MHImain,HKFE,2021-11-05 20:00:00,24899.0,24975.0,24745.0,24822.0,10249.0,254853281.0,0.0
MHImain,HKFE,2021-11-06 00:00:00,24822.0,24827.0,24688.0,24716.0,6373.0,157779984.0,0.0
MHImain,HKFE,2021-11-08 08:00:00,24689.0,24836.0,24618.0,24708.0,37113.0,917975683.0,0.0
MHImain,HKFE,2021-11-08 12:00:00,24707.0,24784.0,24663.0,24698.0,16896.0,417733260.0,0.0
MHImain,HKFE,2021-11-08 16:00:00,24698.0,24852.0,24696.0,24830.0,9928.0,245841503.0,0.0
MHImain,HKFE,2021-11-08 20:00:00,24830.0,24898.0,24823.0,24856.0,6288.0,156327201.0,0.0
MHImain,HKFE,2021-11-09 00:00:00,24855.0,24895.0,24848.0,24870.0,2638.0,65610971.0,0.0
MHImain,HKFE,2021-11-09 08:00:00,24840.0,24975.0,24694.0,24694.0,33683.0,836193247.0,0.0
MHImain,HKFE,2021-11-09 12:00:00,24694.0,24829.0,24645.0,24778.0,16815.0,416041678.0,0.0
MHImain,HKFE,2021-11-09 16:00:00,24778.0,24818.0,24741.0,24815.0,7200.0,178399937.0,0.0
MHImain,HKFE,2021-11-09 20:00:00,24815.0,24865.0,24666.0,24705.0,8218.0,203542059.0,0.0
MHImain,HKFE,2021-11-10 00:00:00,24706.0,24777.0,24669.0,24678.0,5531.0,136733086.0,0.0
MHImain,HKFE,2021-11-10 08:00:00,24695.0,24827.0,24433.0,24471.0,46453.0,1145291273.0,0.0
MHImain,HKFE,2021-11-10 12:00:00,24471.0,24783.0,24447.0,24758.0,26089.0,641134547.0,0.0
MHImain,HKFE,2021-11-10 16:00:00,24758.0,25033.0,24744.0,24898.0,22531.0,561444856.0,0.0
MHImain,HKFE,2021-11-10 20:00:00,24899.0,24973.0,24836.0,24934.0,8382.0,208684509.0,0.0
MHImain,HKFE,2021-11-11 00:00:00,24932.0,25016.0,24817.0,24823.0,7214.0,179898718.0,0.0
MHImain,HKFE,2021-11-11 08:00:00,24814.0,25114.0,24769.0,24868.0,40270.0,1004292491.0,0.0
MHImain,HKFE,2021-11-11 12:00:00,24869.0,25302.0,24859.0,25252.0,28542.0,715600277.0,0.0
MHImain,HKFE,2021-11-11 16:00:00,25253.0,25315.0,25177.0,25209.0,15824.0,399367854.0,0.0
MHImain,HKFE,2021-11-11 20:00:00,25210.0,25347.0,25156.0,25347.0,8094.0,204389578.0,0.0
MHImain,HKFE,2021-11-12 00:00:00,25346.0,25422.0,25306.0,25416.0,5706.0,144752029.0,0.0
MHImain,HKFE,2021-11-12 08:00:00,25497.0,25528.0,25248.0,25253.0,38349.0,973636386.0,0.0
MHImain,HKFE,2021-11-12 12:00:00,25254.0,25331.0,25181.0,25278.0,19150.0,483714803.0,0.0
MHImain,HKFE,2021-11-12 16:00:00,25278.0,25348.0,25251.0,25278.0,11836.0,299461549.0,0.0
MHImain,HKFE,2021-11-12 20:00:00,25281.0,25307.0,25218.0,25264.0,5835.0,147399906.0,0.0
MHImain,HKFE,2021-11-13 00:00:00,25267.0,25379.0,25259.0,25354.0,5225.0,132362595.0,0.0
MHImain,HKFE,2021-11-15 08:00:00,25380.0,25440.0,25192.0,25211.0,33397.0,845284482.0,0.0
MHImain,HKFE,2021-11-15 12:00:00,25211.0,25348.0,25178.0,25319.0,14928.0,377351420.0,0.0
MHImain,HKFE,2021-11-15 16:00:00,25319.0,25419.0,25234.0,25400.0,10547.0,267172746.0,0.0
MHImain,HKFE,2021-11-15 20:00:00,25403.0,25474.0,25378.0,25416.0,5685.0,144571603.0,0.0
MHImain,HKFE,2021-11-16 00:00:00,25414.0,25437.0,25346.0,25356.0,4077.0,103506051.0,0.0
MHImain,HKFE,2021-11-16 08:00:00,25358.0,25629.0,25355.0,25596.0,34614.0,882929404.0,0.0
MHImain,HKFE,2021-11-16 12:00:00,25598.0,25744.0,25582.0,25640.0,21912.0,562073526.0,0.0
MHImain,HKFE,2021-11-16 16:00:00,25639.0,25679.0,25609.0,25646.0,8517.0,218413111.0,0.0
MHImain,HKFE,2021-11-16 20:00:00,25647.0,25677.0,25531.0,25553.0,7113.0,182150693.0,0.0
MHImain,HKFE,2021-11-17 00:00:00,25550.0,25626.0,25505.0,25590.0,4967.0,126967511.0,0.0
MHImain,HKFE,2021-11-17 08:00:00,25560.0,25632.0,25471.0,25554.0,33995.0,868541490.0,0.0
MHImain,HKFE,2021-11-17 12:00:00,25554.0,25613.0,25507.0,25577.0,13833.0,353511011.0,0.0
MHImain,HKFE,2021-11-17 16:00:00,25578.0,25640.0,25528.0,25557.0,8899.0,227616745.0,0.0
MHImain,HKFE,2021-11-17 20:00:00,25557.0,25615.0,25477.0,25479.0,7346.0,187693476.0,0.0
MHImain,HKFE,2021-11-18 00:00:00,25479.0,25492.0,25357.0,25374.0,6982.0,177619280.0,0.0
MHImain,HKFE,2021-11-18 08:00:00,25355.0,25375.0,25189.0,25244.0,33782.0,853983283.0,0.0
MHImain,HKFE,2021-11-18 12:00:00,25241.0,25329.0,25232.0,25262.0,13890.0,351102804.0,0.0
MHImain,HKFE,2021-11-18 16:00:00,25262.0,25343.0,25206.0,25285.0,10231.0,258528706.0,0.0
MHImain,HKFE,2021-11-18 20:00:00,25284.0,25288.0,24864.0,24864.0,15507.0,388866123.0,0.0
MHImain,HKFE,2021-11-19 00:00:00,24863.0,25069.0,24858.0,24918.0,9665.0,241215000.0,0.0
MHImain,HKFE,2021-11-19 08:00:00,24926.0,25060.0,24801.0,24854.0,36979.0,921037710.0,0.0
MHImain,HKFE,2021-11-19 12:00:00,24855.0,25043.0,24778.0,24980.0,24169.0,602418764.0,0.0
MHImain,HKFE,2021-11-19 16:00:00,24979.0,25030.0,24802.0,24874.0,12991.0,323960326.0,0.0
MHImain,HKFE,2021-11-19 20:00:00,24872.0,25050.0,24842.0,24969.0,10209.0,254699260.0,0.0
MHImain,HKFE,2021-11-20 00:00:00,24970.0,25012.0,24900.0,24900.0,4957.0,123729558.0,0.0
MHImain,HKFE,2021-11-22 08:00:00,24980.0,25097.0,24937.0,24964.0,31160.0,779199207.0,0.0
MHImain,HKFE,2021-11-22 12:00:00,24964.0,24999.0,24851.0,24910.0,16147.0,402274823.0,0.0
MHImain,HKFE,2021-11-22 16:00:00,24913.0,24976.0,24858.0,24907.0,7970.0,198669208.0,0.0
MHImain,HKFE,2021-11-22 20:00:00,24906.0,24918.0,24840.0,24862.0,5868.0,145970608.0,0.0
MHImain,HKFE,2021-11-23 00:00:00,24864.0,24876.0,24674.0,24770.0,8230.0,203802461.0,0.0
MHImain,HKFE,2021-11-23 08:00:00,24680.0,24745.0,24600.0,24707.0,29151.0,719250829.0,0.0
MHImain,HKFE,2021-11-23 12:00:00,24707.0,24799.0,24580.0,24683.0,19304.0,476381330.0,0.0
MHImain,HKFE,2021-11-23 16:00:00,24682.0,24682.0,24562.0,24579.0,11234.0,276621641.0,0.0
MHImain,HKFE,2021-11-23 20:00:00,24578.0,24701.0,24574.0,24622.0,7258.0,178806068.0,0.0
MHImain,HKFE,2021-11-24 00:00:00,24625.0,24659.0,24533.0,24556.0,7054.0,173419156.0,0.0
MHImain,HKFE,2021-11-24 08:00:00,24600.0,24712.0,24537.0,24571.0,30116.0,741790383.0,0.0
MHImain,HKFE,2021-11-24 12:00:00,24572.0,24854.0,24566.0,24781.0,24353.0,602465624.0,0.0
MHImain,HKFE,2021-11-24 16:00:00,24782.0,24814.0,24554.0,24560.0,14843.0,366427399.0,0.0
MHImain,HKFE,2021-11-24 20:00:00,24559.0,24667.0,24438.0,24534.0,13349.0,327688664.0,0.0
MHImain,HKFE,2021-11-25 00:00:00,24535.0,24624.0,24526.0,24584.0,5916.0,145432397.0,0.0
MHImain,HKFE,2021-11-25 08:00:00,24690.0,24707.0,24510.0,24608.0,28141.0,692441829.0,0.0
MHImain,HKFE,2021-11-25 12:00:00,24606.0,24765.0,24600.0,24739.0,17597.0,434794169.0,0.0
MHImain,HKFE,2021-11-25 16:00:00,24739.0,24762.0,24655.0,24667.0,7228.0,178719251.0,0.0
MHImain,HKFE,2021-11-25 20:00:00,24667.0,24706.0,24663.0,24695.0,2772.0,68423353.0,0.0
MHImain,HKFE,2021-11-26 00:00:00,24695.0,24720.0,24670.0,24670.0,1438.0,35514389.0,0.0
MHImain,HKFE,2021-11-26 08:00:00,24468.0,24495.0,24211.0,24235.0,30514.0,742107060.0,0.0
MHImain,HKFE,2021-11-26 12:00:00,24237.0,24272.0,24096.0,24182.0,18930.0,457719473.0,0.0
MHImain,HKFE,2021-11-26 16:00:00,24185.0,24185.0,23936.0,24073.0,16313.0,392884743.0,0.0
MHImain,HKFE,2021-11-26 20:00:00,24074.0,24087.0,23841.0,23846.0,3874.0,92833549.0,0.0
MHImain,HKFE,2021-11-27 00:00:00,23848.0,23855.0,23634.0,23760.0,6126.0,145515773.0,0.0
MHImain,HKFE,2021-11-29 08:00:00,23900.0,24133.0,23831.0,23865.0,30970.0,742635955.0,0.0
MHImain,HKFE,2021-11-29 12:00:00,23863.0,23944.0,23737.0,23855.0,23120.0,550930659.0,0.0
MHImain,HKFE,2021-11-29 16:00:00,23854.0,23881.0,23672.0,23780.0,13088.0,311391953.0,0.0
MHImain,HKFE,2021-11-29 20:00:00,23783.0,23820.0,23644.0,23674.0,9341.0,221674026.0,0.0
MHImain,HKFE,2021-11-30 00:00:00,23673.0,23733.0,23634.0,23706.0,5563.0,131758809.0,0.0
MHImain,HKFE,2021-11-30 08:00:00,23838.0,23858.0,23471.0,23558.0,38033.0,899838309.0,0.0
MHImain,HKFE,2021-11-30 12:00:00,23560.0,23585.0,23106.0,23260.0,38531.0,898502602.0,0.0
MHImain,HKFE,2021-11-30 16:00:00,23260.0,23482.0,23236.0,23408.0,23014.0,538497262.0,0.0
MHImain,HKFE,2021-11-30 20:00:00,23406.0,23598.0,23404.0,23583.0,11792.0,277381277.0,0.0
MHImain,HKFE,2021-12-01 00:00:00,23584.0,23628.0,23260.0,23468.0,16843.0,394320971.0,0.0
MHImain,HKFE,2021-12-01 08:00:00,23500.0,23838.0,23439.0,23785.0,35363.0,838028708.0,0.0
MHImain,HKFE,2021-12-01 12:00:00,23784.0,23871.0,23662.0,23727.0,19422.0,461226366.0,0.0
MHImain,HKFE,2021-12-01 16:00:00,23727.0,23742.0,23546.0,23637.0,14168.0,334830359.0,0.0
MHImain,HKFE,2021-12-01 20:00:00,23638.0,23753.0,23609.0,23705.0,8831.0,209061532.0,0.0
MHImain,HKFE,2021-12-02 00:00:00,23704.0,23824.0,23561.0,23600.0,10513.0,249271474.0,0.0
MHImain,HKFE,2021-12-02 08:00:00,23483.0,23784.0,23448.0,23746.0,34352.0,812472078.0,0.0
MHImain,HKFE,2021-12-02 12:00:00,23746.0,23764.0,23632.0,23739.0,17553.0,416044452.0,0.0
MHImain,HKFE,2021-12-02 16:00:00,23739.0,23802.0,23680.0,23717.0,14252.0,338432028.0,0.0
MHImain,HKFE,2021-12-02 20:00:00,23714.0,23801.0,23616.0,23773.0,13251.0,314003067.0,0.0
MHImain,HKFE,2021-12-03 00:00:00,23777.0,23848.0,23553.0,23580.0,13326.0,316373700.0,0.0
MHImain,HKFE,2021-12-03 08:00:00,23635.0,23677.0,23402.0,23515.0,34966.0,822327896.0,0.0
MHImain,HKFE,2021-12-03 12:00:00,23515.0,23810.0,23492.0,23713.0,23254.0,550558671.0,0.0
MHImain,HKFE,2021-12-03 16:00:00,23713.0,23845.0,23604.0,23756.0,17470.0,414373346.0,0.0
MHImain,HKFE,2021-12-03 20:00:00,23754.0,23843.0,23320.0,23332.0,20112.0,474511175.0,0.0
MHImain,HKFE,2021-12-04 00:00:00,23330.0,23469.0,23329.0,23372.0,16188.0,378824920.0,0.0
MHImain,HKFE,2021-12-06 08:00:00,23401.0,23618.0,23347.0,23509.0,38752.0,910368251.0,0.0
MHImain,HKFE,2021-12-06 12:00:00,23510.0,23534.0,23302.0,23329.0,22034.0,515931603.0,0.0
MHImain,HKFE,2021-12-06 16:00:00,23328.0,23424.0,23242.0,23296.0,14482.0,337915208.0,0.0
MHImain,HKFE,2021-12-06 20:00:00,23295.0,23589.0,23295.0,23576.0,15887.0,371901906.0,0.0
MHImain,HKFE,2021-12-07 00:00:00,23577.0,23717.0,23575.0,23707.0,10525.0,248773678.0,0.0
MHImain,HKFE,2021-12-07 08:00:00,23720.0,23762.0,23501.0,23657.0,37597.0,887838559.0,0.0
MHImain,HKFE,2021-12-07 12:00:00,23657.0,23985.0,23622.0,23924.0,27761.0,660712604.0,0.0
MHImain,HKFE,2021-12-07 16:00:00,23925.0,24122.0,23910.0,24113.0,16775.0,402463023.0,0.0
MHImain,HKFE,2021-12-07 20:00:00,24114.0,24144.0,24024.0,24141.0,10360.0,249558141.0,0.0
MHImain,HKFE,2021-12-08 00:00:00,24140.0,24150.0,24044.0,24074.0,5607.0,135058824.0,0.0
MHImain,HKFE,2021-12-08 08:00:00,24090.0,24131.0,23901.0,24036.0,33633.0,807271566.0,0.0
MHImain,HKFE,2021-12-08 12:00:00,24036.0,24046.0,23923.0,24005.0,16128.0,386756053.0,0.0
MHImain,HKFE,2021-12-08 16:00:00,24005.0,24035.0,23939.0,23971.0,9333.0,223872579.0,0.0
MHImain,HKFE,2021-12-08 20:00:00,23971.0,24075.0,23955.0,24022.0,8824.0,211889078.0,0.0
MHImain,HKFE,2021-12-09 00:00:00,24025.0,24188.0,24020.0,24156.0,7194.0,173549126.0,0.0
MHImain,HKFE,2021-12-09 08:00:00,24156.0,24334.0,24156.0,24321.0,34840.0,844805971.0,0.0
MHImain,HKFE,2021-12-09 12:00:00,24319.0,24328.0,24167.0,24228.0,16791.0,406829611.0,0.0
MHImain,HKFE,2021-12-09 16:00:00,24228.0,24283.0,24052.0,24076.0,11541.0,279223409.0,0.0
MHImain,HKFE,2021-12-09 20:00:00,24079.0,24174.0,24017.0,24148.0,9531.0,229610947.0,0.0
MHImain,HKFE,2021-12-10 00:00:00,24149.0,24163.0,24063.0,24082.0,4706.0,113445595.0,0.0
MHImain,HKFE,2021-12-10 08:00:00,24001.0,24222.0,23970.0,24123.0,30115.0,726949573.0,0.0
MHImain,HKFE,2021-12-10 12:00:00,24121.0,24160.0,24012.0,24029.0,14133.0,340428263.0,0.0
MHImain,HKFE,2021-12-10 16:00:00,24029.0,24070.0,23910.0,24063.0,15094.0,361918881.0,0.0
MHImain,HKFE,2021-12-10 20:00:00,24061.0,24135.0,24015.0,24078.0,9383.0,225898801.0,0.0
MHImain,HKFE,2021-12-11 00:00:00,24085.0,24118.0,24012.0,24058.0,5154.0,124001432.0,0.0
MHImain,HKFE,2021-12-13 08:00:00,24200.0,24391.0,24145.0,24219.0,33241.0,806800849.0,0.0
MHImain,HKFE,2021-12-13 12:00:00,24220.0,24254.0,23988.0,23993.0,19946.0,481119463.0,0.0
MHImain,HKFE,2021-12-13 16:00:00,23994.0,24037.0,23930.0,24000.0,13234.0,317354773.0,0.0
MHImain,HKFE,2021-12-13 20:00:00,23999.0,24008.0,23809.0,23811.0,9265.0,221363897.0,0.0
MHImain,HKFE,2021-12-14 00:00:00,23812.0,23813.0,23685.0,23739.0,7358.0,174704409.0,0.0
MHImain,HKFE,2021-12-14 08:00:00,23701.0,23813.0,23613.0,23653.0,31789.0,753868085.0,0.0
MHImain,HKFE,2021-12-14 12:00:00,23656.0,23693.0,23576.0,23598.0,15513.0,366628696.0,0.0
MHImain,HKFE,2021-12-14 16:00:00,23602.0,23680.0,23456.0,23533.0,15443.0,364127372.0,0.0
MHImain,HKFE,2021-12-14 20:00:00,23533.0,23655.0,23445.0,23607.0,12289.0,289399345.0,0.0
MHImain,HKFE,2021-12-15 00:00:00,23605.0,23702.0,23555.0,23637.0,8467.0,199990124.0,0.0
MHImain,HKFE,2021-12-15 08:00:00,23701.0,23745.0,23551.0,23691.0,31584.0,747609766.0,0.0
MHImain,HKFE,2021-12-15 12:00:00,23691.0,23697.0,23365.0,23381.0,22528.0,530465881.0,0.0
MHImain,HKFE,2021-12-15 16:00:00,23380.0,23443.0,23325.0,23379.0,12442.0,290921219.0,0.0
MHImain,HKFE,2021-12-15 20:00:00,23380.0,23408.0,23167.0,23181.0,10323.0,240256317.0,0.0
MHImain,HKFE,2021-12-16 00:00:00,23182.0,23220.0,23069.0,23117.0,8610.0,199218966.0,0.0
MHImain,HKFE,2021-12-16 08:00:00,23280.0,23375.0,23139.0,23240.0,37323.0,868410017.0,0.0
MHImain,HKFE,2021-12-16 12:00:00,23239.0,23394.0,23221.0,23368.0,17429.0,406338472.0,0.0
MHImain,HKFE,2021-12-16 16:00:00,23368.0,23532.0,23367.0,23523.0,14566.0,341935512.0,0.0
MHImain,HKFE,2021-12-16 20:00:00,23523.0,23695.0,23517.0,23570.0,14524.0,342870751.0,0.0
MHImain,HKFE,2021-12-17 00:00:00,23567.0,23586.0,23430.0,23472.0,8292.0,194915418.0,0.0
MHImain,HKFE,2021-12-17 08:00:00,23450.0,23555.0,23214.0,23228.0,31662.0,739571447.0,0.0
MHImain,HKFE,2021-12-17 12:00:00,23227.0,23301.0,23152.0,23207.0,20175.0,468493547.0,0.0
MHImain,HKFE,2021-12-17 16:00:00,23206.0,23274.0,22991.0,23023.0,17957.0,415727108.0,0.0
MHImain,HKFE,2021-12-17 20:00:00,23022.0,23142.0,23013.0,23093.0,10487.0,241981537.0,0.0
MHImain,HKFE,2021-12-18 00:00:00,23089.0,23257.0,23025.0,23229.0,12163.0,281642013.0,0.0
MHImain,HKFE,2021-12-20 08:00:00,23118.0,23176.0,22870.0,22913.0,36193.0,833673534.0,0.0
MHImain,HKFE,2021-12-20 12:00:00,22912.0,22973.0,22694.0,22787.0,25616.0,584786919.0,0.0
MHImain,HKFE,2021-12-20 16:00:00,22785.0,22864.0,22665.0,22849.0,16253.0,369938562.0,0.0
MHImain,HKFE,2021-12-20 20:00:00,22847.0,22898.0,22770.0,22826.0,9358.0,213735873.0,0.0
MHImain,HKFE,2021-12-21 00:00:00,22824.0,22865.0,22728.0,22777.0,5854.0,133367351.0,0.0
MHImain,HKFE,2021-12-21 08:00:00,22850.0,22928.0,22745.0,22837.0,29802.0,680939307.0,0.0
MHImain,HKFE,2021-12-21 12:00:00,22836.0,23051.0,22827.0,23036.0,18494.0,423985522.0,0.0
MHImain,HKFE,2021-12-21 16:00:00,23035.0,23087.0,22891.0,22951.0,13439.0,308970666.0,0.0
MHImain,HKFE,2021-12-21 20:00:00,22954.0,23096.0,22935.0,23094.0,8280.0,190583068.0,0.0
MHImain,HKFE,2021-12-22 00:00:00,23092.0,23201.0,23035.0,23179.0,6835.0,158023031.0,0.0
MHImain,HKFE,2021-12-22 08:00:00,23210.0,23249.0,23022.0,23074.0,31954.0,739465900.0,0.0
MHImain,HKFE,2021-12-22 12:00:00,23074.0,23110.0,22980.0,22996.0,17085.0,393574526.0,0.0
MHImain,HKFE,2021-12-22 16:00:00,22996.0,23162.0,22990.0,23156.0,10022.0,231238197.0,0.0
MHImain,HKFE,2021-12-22 20:00:00,23156.0,23176.0,23032.0,23166.0,8000.0,184911539.0,0.0
MHImain,HKFE,2021-12-23 00:00:00,23167.0,23225.0,23155.0,23192.0,4980.0,115506644.0,0.0
MHImain,HKFE,2021-12-23 08:00:00,23191.0,23262.0,23026.0,23169.0,32473.0,752015593.0,0.0
MHImain,HKFE,2021-12-23 12:00:00,23167.0,23232.0,23115.0,23207.0,13684.0,317089521.0,0.0
MHImain,HKFE,2021-12-23 16:00:00,23207.0,23236.0,23150.0,23208.0,7974.0,184930278.0,0.0
MHImain,HKFE,2021-12-23 20:00:00,23209.0,23235.0,23164.0,23221.0,4716.0,109415618.0,0.0
MHImain,HKFE,2021-12-24 00:00:00,23221.0,23380.0,23218.0,23352.0,5611.0,130724319.0,0.0
MHImain,HKFE,2021-12-24 08:00:00,23337.0,23410.0,23192.0,23248.0,24808.0,577339463.0,0.0
MHImain,HKFE,2021-12-24 12:00:00,23249.0,23264.0,23202.0,23220.0,3480.0,80873651.0,0.0
MHImain,HKFE,2021-12-24 16:00:00,23220.0,23220.0,23220.0,23220.0,0.0,0.0,0.0
MHImain,HKFE,2021-12-24 20:00:00,23220.0,23220.0,23220.0,23220.0,0.0,0.0,0.0
MHImain,HKFE,2021-12-25 00:00:00,23220.0,23220.0,23220.0,23220.0,0.0,0.0,0.0
MHImain,HKFE,2021-12-28 08:00:00,23318.0,23344.0,23105.0,23226.0,27896.0,647691530.0,0.0
MHImain,HKFE,2021-12-28 12:00:00,23223.0,23331.0,23196.0,23288.0,13427.0,312368335.0,0.0
MHImain,HKFE,2021-12-28 16:00:00,23290.0,23382.0,23244.0,23347.0,7773.0,181156287.0,0.0
MHImain,HKFE,2021-12-28 20:00:00,23347.0,23377.0,23283.0,23290.0,4408.0,102838514.0,0.0
MHImain,HKFE,2021-12-29 00:00:00,23289.0,23316.0,23239.0,23298.0,2850.0,66325905.0,0.0
MHImain,HKFE,2021-12-29 08:00:00,23283.0,23324.0,23092.0,23120.0,19459.0,450709593.0,0.0
MHImain,HKFE,2021-12-29 12:00:00,23120.0,23130.0,23018.0,23035.0,10011.0,230988888.0,0.0
MHImain,HKFE,2021-12-29 16:00:00,23035.0,23094.0,23015.0,23073.0,5485.0,126493996.0,0.0
MHImain,HKFE,2021-12-29 20:00:00,23073.0,23119.0,22955.0,22958.0,3861.0,89025919.0,0.0
MHImain,HKFE,2021-12-30 00:00:00,22957.0,23058.0,22928.0,23047.0,3385.0,77871896.0,0.0
MHImain,HKFE,2021-12-30 08:00:00,23075.0,23242.0,23039.0,23158.0,21790.0,504640522.0,0.0
MHImain,HKFE,2021-12-30 12:00:00,23157.0,23174.0,22968.0,23150.0,18081.0,417054256.0,0.0
MHImain,HKFE,2021-12-30 16:00:00,23150.0,23154.0,23081.0,23128.0,7091.0,163897717.0,0.0
MHImain,HKFE,2021-12-30 20:00:00,23126.0,23435.0,23106.0,23404.0,10295.0,239623896.0,0.0
MHImain,HKFE,2021-12-31 00:00:00,23400.0,23531.0,23361.0,23528.0,7675.0,179914674.0,0.0
MHImain,HKFE,2021-12-31 08:00:00,23477.0,23607.0,23470.0,23501.0,24834.0,584407249.0,0.0
MHImain,HKFE,2021-12-31 12:00:00,23500.0,23503.0,23375.0,23458.0,7345.0,172074081.0,0.0
MHImain,HKFE,2021-12-31 16:00:00,23458.0,23458.0,23458.0,23458.0,0.0,0.0,0.0
MHImain,HKFE,2021-12-31 20:00:00,23458.0,23458.0,23458.0,23458.0,0.0,0.0,0.0
MHImain,HKFE,2022-01-01 00:00:00,23458.0,23458.0,23458.0,23458.0,0.0,0.0,0.0
MHImain,HKFE,2022-01-03 08:00:00,23476.0,23623.0,23258.0,23272.0,29928.0,700725482.0,0.0
MHImain,HKFE,2022-01-03 12:00:00,23271.0,23282.0,23173.0,23254.0,14728.0,342232701.0,0.0
MHImain,HKFE,2022-01-03 16:00:00,23252.0,23296.0,23198.0,23291.0,7286.0,169328195.0,0.0
MHImain,HKFE,2022-01-03 20:00:00,23292.0,23313.0,23134.0,23283.0,11147.0,258879446.0,0.0
MHImain,HKFE,2022-01-04 00:00:00,23283.0,23355.0,23250.0,23351.0,5714.0,133156532.0,0.0
MHImain,HKFE,2022-01-04 08:00:00,23380.0,23434.0,23140.0,23153.0,30925.0,720222588.0,0.0
MHImain,HKFE,2022-01-04 12:00:00,23153.0,23369.0,23146.0,23221.0,19408.0,451720308.0,0.0
MHImain,HKFE,2022-01-04 16:00:00,23220.0,23362.0,23176.0,23338.0,9214.0,214364865.0,0.0
MHImain,HKFE,2022-01-04 20:00:00,23335.0,23394.0,23298.0,23326.0,8537.0,199294673.0,0.0
MHImain,HKFE,2022-01-05 00:00:00,23329.0,23346.0,23239.0,23253.0,7143.0,166327485.0,0.0
MHImain,HKFE,2022-01-05 08:00:00,23240.0,23329.0,23002.0,23098.0,41208.0,953726072.0,0.0
MHImain,HKFE,2022-01-05 12:00:00,23096.0,23132.0,22962.0,23009.0,21949.0,505400953.0,0.0
MHImain,HKFE,2022-01-05 16:00:00,23006.0,23035.0,22864.0,22939.0,16456.0,377269850.0,0.0
MHImain,HKFE,2022-01-05 20:00:00,22939.0,23190.0,22912.0,23145.0,13400.0,309110403.0,0.0
MHImain,HKFE,2022-01-06 00:00:00,23144.0,23167.0,23047.0,23065.0,7883.0,182230510.0,0.0
MHImain,HKFE,2022-01-06 08:00:00,22906.0,23041.0,22710.0,22810.0,43543.0,995639921.0,0.0
MHImain,HKFE,2022-01-06 12:00:00,22810.0,22899.0,22745.0,22837.0,20862.0,476129008.0,0.0
MHImain,HKFE,2022-01-06 16:00:00,22837.0,23090.0,22828.0,23034.0,19465.0,447727154.0,0.0
MHImain,HKFE,2022-01-06 20:00:00,23036.0,23241.0,23028.0,23053.0,14123.0,326626385.0,0.0
MHImain,HKFE,2022-01-07 00:00:00,23054.0,23250.0,23052.0,23195.0,10628.0,246195330.0,0.0
MHImain,HKFE,2022-01-07 08:00:00,23288.0,23332.0,23140.0,23251.0,38724.0,898945776.0,0.0
MHImain,HKFE,2022-01-07 12:00:00,23250.0,23512.0,23244.0,23457.0,31759.0,742979457.0,0.0
MHImain,HKFE,2022-01-07 16:00:00,23457.0,23542.0,23416.0,23493.0,12796.0,300362277.0,0.0
MHImain,HKFE,2022-01-07 20:00:00,23495.0,23645.0,23445.0,23595.0,14871.0,350077619.0,0.0
MHImain,HKFE,2022-01-08 00:00:00,23598.0,23609.0,23469.0,23564.0,11225.0,264320106.0,0.0
MHImain,HKFE,2022-01-10 08:00:00,23510.0,23741.0,23401.0,23714.0,39783.0,938556082.0,0.0
MHImain,HKFE,2022-01-10 12:00:00,23715.0,23732.0,23626.0,23692.0,16188.0,383279281.0,0.0
MHImain,HKFE,2022-01-10 16:00:00,23693.0,23792.0,23642.0,23668.0,15135.0,359013179.0,0.0
MHImain,HKFE,2022-01-10 20:00:00,23666.0,23705.0,23506.0,23537.0,14676.0,346338133.0,0.0
MHImain,HKFE,2022-01-11 00:00:00,23538.0,23588.0,23455.0,23569.0,9146.0,215115370.0,0.0
MHImain,HKFE,2022-01-11 08:00:00,23612.0,23808.0,23523.0,23787.0,38234.0,905104634.0,0.0
MHImain,HKFE,2022-01-11 12:00:00,23787.0,23852.0,23561.0,23618.0,24878.0,590644501.0,0.0
MHImain,HKFE,2022-01-11 16:00:00,23619.0,23795.0,23599.0,23752.0,12662.0,300050023.0,0.0
MHImain,HKFE,2022-01-11 20:00:00,23752.0,23913.0,23661.0,23893.0,13471.0,320524215.0,0.0
MHImain,HKFE,2022-01-12 00:00:00,23894.0,23994.0,23857.0,23989.0,9233.0,221025552.0,0.0
MHImain,HKFE,2022-01-12 08:00:00,23997.0,24199.0,23951.0,24166.0,31896.0,769066526.0,0.0
MHImain,HKFE,2022-01-12 12:00:00,24166.0,24381.0,24158.0,24323.0,22168.0,538329769.0,0.0
MHImain,HKFE,2022-01-12 16:00:00,24321.0,24420.0,24293.0,24412.0,12537.0,305267677.0,0.0
MHImain,HKFE,2022-01-12 20:00:00,24409.0,24568.0,24397.0,24469.0,14037.0,343645776.0,0.0
MHImain,HKFE,2022-01-13 00:00:00,24469.0,24523.0,24361.0,24494.0,9207.0,225094069.0,0.0
MHImain,HKFE,2022-01-13 08:00:00,24539.0,24540.0,24373.0,24381.0,32254.0,788831932.0,0.0
MHImain,HKFE,2022-01-13 12:00:00,24381.0,24460.0,24296.0,24336.0,22448.0,547052628.0,0.0
MHImain,HKFE,2022-01-13 16:00:00,24336.0,24485.0,24321.0,24462.0,9183.0,224131283.0,0.0
MHImain,HKFE,2022-01-13 20:00:00,24463.0,24484.0,24367.0,24405.0,8594.0,209883038.0,0.0
MHImain,HKFE,2022-01-14 00:00:00,24404.0,24417.0,24295.0,24357.0,9331.0,227190093.0,0.0
MHImain,HKFE,2022-01-14 08:00:00,24233.0,24309.0,24146.0,24229.0,32153.0,779204520.0,0.0
MHImain,HKFE,2022-01-14 12:00:00,24230.0,24338.0,24163.0,24322.0,19838.0,480994412.0,0.0
MHImain,HKFE,2022-01-14 16:00:00,24325.0,24448.0,24312.0,24411.0,11981.0,291928017.0,0.0
MHImain,HKFE,2022-01-14 20:00:00,24413.0,24467.0,24291.0,24407.0,11625.0,283443757.0,0.0
MHImain,HKFE,2022-01-15 00:00:00,24409.0,24453.0,24303.0,24373.0,6542.0,159512541.0,0.0
MHImain,HKFE,2022-01-17 08:00:00,24410.0,24414.0,24175.0,24221.0,30801.0,747397602.0,0.0
MHImain,HKFE,2022-01-17 12:00:00,24221.0,24261.0,24088.0,24169.0,21395.0,517165956.0,0.0
MHImain,HKFE,2022-01-17 16:00:00,24170.0,24253.0,24150.0,24247.0,9025.0,218392264.0,0.0
MHImain,HKFE,2022-01-17 20:00:00,24250.0,24261.0,24207.0,24233.0,3399.0,82367547.0,0.0
MHImain,HKFE,2022-01-18 00:00:00,24233.0,24258.0,24223.0,24248.0,1428.0,34610877.0,0.0
MHImain,HKFE,2022-01-18 08:00:00,24272.0,24383.0,24187.0,24337.0,31190.0,758100080.0,0.0
MHImain,HKFE,2022-01-18 12:00:00,24338.0,24347.0,24066.0,24103.0,25868.0,624634097.0,0.0
MHImain,HKFE,2022-01-18 16:00:00,24103.0,24115.0,23926.0,23940.0,17443.0,419132931.0,0.0
MHImain,HKFE,2022-01-18 20:00:00,23940.0,24095.0,23929.0,24075.0,9932.0,238315876.0,0.0
MHImain,HKFE,2022-01-19 00:00:00,24076.0,24149.0,24056.0,24095.0,7930.0,191182302.0,0.0
MHImain,HKFE,2022-01-19 08:00:00,24139.0,24274.0,24086.0,24137.0,34415.0,832070526.0,0.0
MHImain,HKFE,2022-01-19 12:00:00,24137.0,24171.0,23942.0,24050.0,25134.0,604182717.0,0.0
MHImain,HKFE,2022-01-19 16:00:00,24051.0,24304.0,24019.0,24284.0,13712.0,331013284.0,0.0
MHImain,HKFE,2022-01-19 20:00:00,24283.0,24400.0,24246.0,24321.0,12802.0,311316267.0,0.0
MHImain,HKFE,2022-01-20 00:00:00,24321.0,24368.0,24220.0,24330.0,8165.0,198418755.0,0.0
MHImain,HKFE,2022-01-20 08:00:00,24265.0,24600.0,24216.0,24577.0,38002.0,928961268.0,0.0
MHImain,HKFE,2022-01-20 12:00:00,24577.0,24895.0,24565.0,24887.0,28048.0,694052336.0,0.0
MHImain,HKFE,2022-01-20 16:00:00,24885.0,25119.0,24875.0,25069.0,21154.0,528222481.0,0.0
MHImain,HKFE,2022-01-20 20:00:00,25070.0,25138.0,25011.0,25110.0,11224.0,281425305.0,0.0
MHImain,HKFE,2022-01-21 00:00:00,25108.0,25242.0,25072.0,25086.0,9636.0,242526338.0,0.0
MHImain,HKFE,2022-01-21 08:00:00,24930.0,24979.0,24763.0,24782.0,40348.0,1003994558.0,0.0
MHImain,HKFE,2022-01-21 12:00:00,24786.0,24889.0,24734.0,24878.0,23379.0,579921027.0,0.0
MHImain,HKFE,2022-01-21 16:00:00,24879.0,25031.0,24834.0,24994.0,14095.0,351386587.0,0.0
MHImain,HKFE,2022-01-21 20:00:00,24993.0,25021.0,24733.0,24744.0,13305.0,331209992.0,0.0
MHImain,HKFE,2022-01-22 00:00:00,24742.0,24854.0,24683.0,24688.0,14802.0,366542695.0,0.0
MHImain,HKFE,2022-01-24 08:00:00,24679.0,24760.0,24580.0,24688.0,34528.0,852145181.0,0.0
MHImain,HKFE,2022-01-24 12:00:00,24689.0,24791.0,24647.0,24680.0,16538.0,408714679.0,0.0
MHImain,HKFE,2022-01-24 16:00:00,24678.0,24678.0,24412.0,24482.0,16786.0,412427255.0,0.0
MHImain,HKFE,2022-01-24 20:00:00,24484.0,24490.0,24114.0,24155.0,19626.0,477385527.0,0.0
MHImain,HKFE,2022-01-25 00:00:00,24155.0,24267.0,23998.0,24194.0,19635.0,473843396.0,0.0
MHImain,HKFE,2022-01-25 08:00:00,24206.0,24348.0,24088.0,24304.0,37842.0,917414809.0,0.0
MHImain,HKFE,2022-01-25 12:00:00,24306.0,24358.0,24158.0,24161.0,19314.0,468512818.0,0.0
MHImain,HKFE,2022-01-25 16:00:00,24161.0,24356.0,23996.0,24311.0,25243.0,610638122.0,0.0
MHImain,HKFE,2022-01-25 20:00:00,24313.0,24402.0,24174.0,24266.0,15491.0,375882794.0,0.0
MHImain,HKFE,2022-01-26 00:00:00,24263.0,24378.0,24223.0,24372.0,9822.0,238593299.0,0.0
MHImain,HKFE,2022-01-26 08:00:00,24413.0,24477.0,24258.0,24311.0,29775.0,725904129.0,0.0
MHImain,HKFE,2022-01-26 12:00:00,24310.0,24323.0,24121.0,24234.0,23269.0,563896625.0,0.0
MHImain,HKFE,2022-01-26 16:00:00,24235.0,24459.0,24189.0,24433.0,11655.0,283281837.0,0.0
MHImain,HKFE,2022-01-26 20:00:00,24431.0,24508.0,24281.0,24284.0,10453.0,255001526.0,0.0
MHImain,HKFE,2022-01-27 00:00:00,24286.0,24326.0,24229.0,24318.0,6175.0,149905295.0,0.0
MHImain,HKFE,2022-01-27 08:00:00,24100.0,24107.0,23726.0,23737.0,34346.0,818727634.0,0.0
MHImain,HKFE,2022-01-27 12:00:00,23736.0,23764.0,23568.0,23648.0,21011.0,497412584.0,0.0
MHImain,HKFE,2022-01-27 16:00:00,23646.0,24016.0,23633.0,23923.0,15988.0,380662161.0,0.0
MHImain,HKFE,2022-01-27 20:00:00,23920.0,24001.0,23880.0,23990.0,5896.0,141166835.0,0.0
MHImain,HKFE,2022-01-28 00:00:00,23986.0,23995.0,23789.0,23835.0,5622.0,134359519.0,0.0
MHImain,HKFE,2022-01-28 08:00:00,23860.0,23869.0,23503.0,23634.0,32116.0,759762947.0,0.0
MHImain,HKFE,2022-01-28 12:00:00,23631.0,23643.0,23505.0,23540.0,20162.0,475187989.0,0.0
MHImain,HKFE,2022-01-28 16:00:00,23539.0,23556.0,23367.0,23387.0,15822.0,371433925.0,0.0
MHImain,HKFE,2022-01-28 20:00:00,23390.0,23500.0,23272.0,23345.0,14359.0,335792644.0,0.0
MHImain,HKFE,2022-01-29 00:00:00,23343.0,23565.0,23318.0,23485.0,10216.0,239586503.0,0.0
MHImain,HKFE,2022-01-31 08:00:00,23580.0,23801.0,23425.0,23780.0,25770.0,608584747.0,0.0
MHImain,HKFE,2022-01-31 12:00:00,23781.0,23957.0,23761.0,23858.0,9086.0,216829894.0,0.0
MHImain,HKFE,2022-01-31 16:00:00,23858.0,23858.0,23858.0,23858.0,0.0,0.0,0.0
MHImain,HKFE,2022-01-31 20:00:00,23858.0,23858.0,23858.0,23858.0,0.0,0.0,0.0
MHImain,HKFE,2022-02-01 00:00:00,23858.0,23858.0,23858.0,23858.0,0.0,0.0,0.0
MHImain,HKFE,2022-02-04 08:00:00,24234.0,24419.0,24105.0,24413.0,31616.0,767489199.0,0.0
MHImain,HKFE,2022-02-04 12:00:00,24413.0,24604.0,24370.0,24584.0,18818.0,461182601.0,0.0
MHImain,HKFE,2022-02-04 16:00:00,24585.0,24603.0,24487.0,24493.0,11483.0,281772822.0,0.0
MHImain,HKFE,2022-02-04 20:00:00,24490.0,24557.0,24389.0,24537.0,12241.0,299586249.0,0.0
MHImain,HKFE,2022-02-05 00:00:00,24540.0,24604.0,24454.0,24582.0,7879.0,193266137.0,0.0
MHImain,HKFE,2022-02-07 08:00:00,24498.0,24583.0,24334.0,24360.0,32607.0,796870921.0,0.0
MHImain,HKFE,2022-02-07 12:00:00,24360.0,24534.0,24358.0,24470.0,19972.0,488294735.0,0.0
MHImain,HKFE,2022-02-07 16:00:00,24469.0,24546.0,24428.0,24481.0,11414.0,279501981.0,0.0
MHImain,HKFE,2022-02-07 20:00:00,24480.0,24551.0,24460.0,24491.0,7420.0,181861454.0,0.0
MHImain,HKFE,2022-02-08 00:00:00,24489.0,24574.0,24457.0,24574.0,5533.0,135687866.0,0.0
MHImain,HKFE,2022-02-08 08:00:00,24480.0,24568.0,24208.0,24212.0,30853.0,752201655.0,0.0
MHImain,HKFE,2022-02-08 12:00:00,24210.0,24345.0,24132.0,24318.0,24537.0,594579941.0,0.0
MHImain,HKFE,2022-02-08 16:00:00,24318.0,24481.0,24293.0,24418.0,14130.0,344307567.0,0.0
MHImain,HKFE,2022-02-08 20:00:00,24419.0,24726.0,24392.0,24630.0,12680.0,311493317.0,0.0
MHImain,HKFE,2022-02-09 00:00:00,24631.0,24763.0,24618.0,24702.0,7278.0,179753049.0,0.0
MHImain,HKFE,2022-02-09 08:00:00,24717.0,24847.0,24676.0,24789.0,29112.0,720787308.0,0.0
MHImain,HKFE,2022-02-09 12:00:00,24789.0,24902.0,24759.0,24763.0,18926.0,469874069.0,0.0
MHImain,HKFE,2022-02-09 16:00:00,24763.0,24898.0,24744.0,24868.0,10307.0,255659879.0,0.0
MHImain,HKFE,2022-02-09 20:00:00,24867.0,24998.0,24854.0,24987.0,7530.0,187674130.0,0.0
MHImain,HKFE,2022-02-10 00:00:00,24988.0,25089.0,24984.0,25020.0,6379.0,159731157.0,0.0
MHImain,HKFE,2022-02-10 08:00:00,25030.0,25058.0,24689.0,24691.0,30312.0,752559706.0,0.0
MHImain,HKFE,2022-02-10 12:00:00,24692.0,24868.0,24648.0,24835.0,19887.0,492417277.0,0.0
MHImain,HKFE,2022-02-10 16:00:00,24834.0,25011.0,24797.0,24975.0,12864.0,320412061.0,0.0
MHImain,HKFE,2022-02-10 20:00:00,24976.0,25083.0,24759.0,25050.0,18749.0,467068277.0,0.0
MHImain,HKFE,2022-02-11 00:00:00,25049.0,25152.0,24911.0,24956.0,10530.0,263872306.0,0.0
MHImain,HKFE,2022-02-11 08:00:00,24800.0,24930.0,24732.0,24856.0,32286.0,801898057.0,0.0
MHImain,HKFE,2022-02-11 12:00:00,24858.0,24938.0,24737.0,24799.0,22738.0,564131715.0,0.0
MHImain,HKFE,2022-02-11 16:00:00,24800.0,24903.0,24782.0,24867.0,12677.0,314979390.0,0.0
MHImain,HKFE,2022-02-11 20:00:00,24867.0,24995.0,24851.0,24926.0,11301.0,281686607.0,0.0
MHImain,HKFE,2022-02-12 00:00:00,24924.0,25011.0,24726.0,24768.0,9829.0,244886933.0,0.0
MHImain,HKFE,2022-02-14 08:00:00,24680.0,24738.0,24476.0,24590.0,34989.0,860593597.0,0.0
MHImain,HKFE,2022-02-14 12:00:00,24591.0,24654.0,24510.0,24591.0,17259.0,424079501.0,0.0
MHImain,HKFE,2022-02-14 16:00:00,24589.0,24594.0,24329.0,24419.0,16242.0,397544356.0,0.0
MHImain,HKFE,2022-02-14 20:00:00,24417.0,24635.0,24385.0,24443.0,16568.0,405903780.0,0.0
MHImain,HKFE,2022-02-15 00:00:00,24445.0,24486.0,24340.0,24347.0,8682.0,211964183.0,0.0
MHImain,HKFE,2022-02-15 08:00:00,24446.0,24565.0,24372.0,24438.0,28386.0,695009111.0,0.0
MHImain,HKFE,2022-02-15 12:00:00,24440.0,24454.0,24215.0,24280.0,23201.0,563836147.0,0.0
MHImain,HKFE,2022-02-15 16:00:00,24283.0,24565.0,24253.0,24532.0,17374.0,423896953.0,0.0
MHImain,HKFE,2022-02-15 20:00:00,24533.0,24626.0,24492.0,24572.0,10218.0,250875630.0,0.0
MHImain,HKFE,2022-02-16 00:00:00,24573.0,24663.0,24553.0,24645.0,5911.0,145526607.0,0.0
MHImain,HKFE,2022-02-16 08:00:00,24636.0,24735.0,24528.0,24692.0,31202.0,768538195.0,0.0
MHImain,HKFE,2022-02-16 12:00:00,24693.0,24723.0,24597.0,24658.0,16056.0,395794163.0,0.0
MHImain,HKFE,2022-02-16 16:00:00,24655.0,24746.0,24625.0,24658.0,12514.0,308930174.0,0.0
MHImain,HKFE,2022-02-16 20:00:00,24660.0,24712.0,24581.0,24703.0,9754.0,240376566.0,0.0
MHImain,HKFE,2022-02-17 00:00:00,24704.0,24742.0,24664.0,24702.0,4885.0,120686228.0,0.0
MHImain,HKFE,2022-02-17 08:00:00,24742.0,24872.0,24680.0,24812.0,29064.0,719911298.0,0.0
MHImain,HKFE,2022-02-17 12:00:00,24810.0,24825.0,24516.0,24688.0,27149.0,669303934.0,0.0
MHImain,HKFE,2022-02-17 16:00:00,24688.0,24812.0,24675.0,24739.0,12840.0,317574542.0,0.0
MHImain,HKFE,2022-02-17 20:00:00,24737.0,24808.0,24660.0,24766.0,11175.0,276370342.0,0.0
MHImain,HKFE,2022-02-18 00:00:00,24764.0,24779.0,24655.0,24705.0,7263.0,179548043.0,0.0
MHImain,HKFE,2022-02-18 08:00:00,24600.0,24765.0,24551.0,24663.0,28749.0,709361137.0,0.0
MHImain,HKFE,2022-02-18 12:00:00,24664.0,24738.0,24528.0,24546.0,18669.0,460440244.0,0.0
MHImain,HKFE,2022-02-18 16:00:00,24551.0,24575.0,24261.0,24332.0,27541.0,671905479.0,0.0
MHImain,HKFE,2022-02-18 20:00:00,24332.0,24391.0,24142.0,24243.0,15033.0,364769402.0,0.0
MHImain,HKFE,2022-02-19 00:00:00,24241.0,24260.0,24077.0,24140.0,10316.0,249119292.0,0.0
MHImain,HKFE,2022-02-21 08:00:00,24138.0,24230.0,24034.0,24144.0,30737.0,742483043.0,0.0
MHImain,HKFE,2022-02-21 12:00:00,24147.0,24206.0,23998.0,24165.0,25237.0,608803180.0,0.0
MHImain,HKFE,2022-02-21 16:00:00,24165.0,24201.0,24071.0,24092.0,12941.0,312497785.0,0.0
MHImain,HKFE,2022-02-21 20:00:00,24090.0,24096.0,23956.0,24082.0,11859.0,284921602.0,0.0
MHImain,HKFE,2022-02-22 00:00:00,24082.0,24097.0,23965.0,23965.0,4491.0,107934006.0,0.0
MHImain,HKFE,2022-02-22 08:00:00,23850.0,23878.0,23347.0,23353.0,45620.0,1077196163.0,0.0
MHImain,HKFE,2022-02-22 12:00:00,23351.0,23520.0,23346.0,23463.0,26334.0,617049705.0,0.0
MHImain,HKFE,2022-02-22 16:00:00,23463.0,23735.0,23412.0,23667.0,22435.0,528190518.0,0.0
MHImain,HKFE,2022-02-22 20:00:00,23668.0,23722.0,23610.0,23687.0,10618.0,251310483.0,0.0
MHImain,HKFE,2022-02-23 00:00:00,23684.0,23717.0,23492.0,23497.0,7106.0,167750022.0,0.0
MHImain,HKFE,2022-02-23 08:00:00,23590.0,23703.0,23521.0,23631.0,30384.0,717813138.0,0.0
MHImain,HKFE,2022-02-23 12:00:00,23631.0,23744.0,23613.0,23679.0,18124.0,429232478.0,0.0
MHImain,HKFE,2022-02-23 16:00:00,23678.0,23722.0,23628.0,23639.0,9675.0,228967154.0,0.0
MHImain,HKFE,2022-02-23 20:00:00,23637.0,23700.0,23513.0,23534.0,8271.0,195356327.0,0.0
MHImain,HKFE,2022-02-24 00:00:00,23535.0,23535.0,23380.0,23398.0,8587.0,201368882.0,0.0
MHImain,HKFE,2022-02-24 08:00:00,23267.0,23407.0,23037.0,23057.0,36286.0,843777781.0,0.0
MHImain,HKFE,2022-02-24 12:00:00,23057.0,23096.0,22813.0,22959.0,32997.0,757275913.0,0.0
MHImain,HKFE,2022-02-24 16:00:00,22959.0,22987.0,22507.0,22533.0,21162.0,483162795.0,0.0
MHImain,HKFE,2022-02-24 20:00:00,22531.0,22613.0,22391.0,22582.0,12296.0,276704028.0,0.0
MHImain,HKFE,2022-02-25 00:00:00,22580.0,22690.0,22423.0,22666.0,7643.0,172302392.0,0.0
MHImain,HKFE,2022-02-25 08:00:00,22893.0,22961.0,22703.0,22721.0,29303.0,669454795.0,0.0
MHImain,HKFE,2022-02-25 12:00:00,22718.0,22831.0,22649.0,22689.0,18741.0,426037089.0,0.0
MHImain,HKFE,2022-02-25 16:00:00,22688.0,22734.0,22575.0,22635.0,14575.0,330367539.0,0.0
MHImain,HKFE,2022-02-25 20:00:00,22629.0,22920.0,22609.0,22754.0,16888.0,384895892.0,0.0
MHImain,HKFE,2022-02-26 00:00:00,22754.0,22960.0,22721.0,22960.0,9899.0,226325458.0,0.0
MHImain,HKFE,2022-02-28 08:00:00,22674.0,22744.0,22334.0,22360.0,40830.0,919514194.0,0.0
MHImain,HKFE,2022-02-28 12:00:00,22358.0,22555.0,22339.0,22508.0,20537.0,461268609.0,0.0
MHImain,HKFE,2022-02-28 16:00:00,22507.0,22698.0,22453.0,22569.0,21495.0,485508561.0,0.0
MHImain,HKFE,2022-02-28 20:00:00,22567.0,22641.0,22516.0,22543.0,9960.0,224876441.0,0.0
MHImain,HKFE,2022-03-01 00:00:00,22544.0,22742.0,22538.0,22634.0,9261.0,209855967.0,0.0
MHImain,HKFE,2022-03-01 08:00:00,22753.0,22760.0,22544.0,22618.0,30369.0,687335198.0,0.0
MHImain,HKFE,2022-03-01 12:00:00,22621.0,22866.0,22514.0,22836.0,26777.0,607227705.0,0.0
MHImain,HKFE,2022-03-01 16:00:00,22833.0,22844.0,22421.0,22468.0,22369.0,506397340.0,0.0
MHImain,HKFE,2022-03-01 20:00:00,22468.0,22598.0,22396.0,22506.0,14958.0,336504197.0,0.0
MHImain,HKFE,2022-03-02 00:00:00,22507.0,22589.0,22331.0,22387.0,11190.0,251276793.0,0.0
MHImain,HKFE,2022-03-02 08:00:00,22450.0,22620.0,22403.0,22475.0,30045.0,675906234.0,0.0
MHImain,HKFE,2022-03-02 12:00:00,22474.0,22492.0,22277.0,22299.0,22438.0,502579663.0,0.0
MHImain,HKFE,2022-03-02 16:00:00,22300.0,22378.0,22220.0,22341.0,19728.0,439765600.0,0.0
MHImain,HKFE,2022-03-02 20:00:00,22344.0,22438.0,22251.0,22260.0,13889.0,310318048.0,0.0
MHImain,HKFE,2022-03-03 00:00:00,22258.0,22478.0,22226.0,22423.0,12602.0,281599926.0,0.0
MHImain,HKFE,2022-03-03 08:00:00,22327.0,22445.0,22285.0,22364.0,27838.0,622751833.0,0.0
MHImain,HKFE,2022-03-03 12:00:00,22362.0,22427.0,22316.0,22426.0,13025.0,291394457.0,0.0
MHImain,HKFE,2022-03-03 16:00:00,22425.0,22430.0,22263.0,22289.0,16395.0,366358463.0,0.0
MHImain,HKFE,2022-03-03 20:00:00,22291.0,22377.0,22165.0,22198.0,13049.0,290672739.0,0.0
MHImain,HKFE,2022-03-04 00:00:00,22199.0,22199.0,22011.0,22081.0,14205.0,313799528.0,0.0
MHImain,HKFE,2022-03-04 08:00:00,21777.0,21949.0,21723.0,21831.0,35413.0,773436875.0,0.0
MHImain,HKFE,2022-03-04 12:00:00,21832.0,21875.0,21756.0,21815.0,18476.0,402898225.0,0.0
MHImain,HKFE,2022-03-04 16:00:00,21815.0,21938.0,21640.0,21690.0,20241.0,440967281.0,0.0
MHImain,HKFE,2022-03-04 20:00:00,21689.0,21758.0,21524.0,21535.0,17661.0,382492855.0,0.0
MHImain,HKFE,2022-03-05 00:00:00,21537.0,21616.0,21452.0,21526.0,13111.0,282387270.0,0.0
MHImain,HKFE,2022-03-07 08:00:00,21379.0,21395.0,20730.0,21044.0,47831.0,1005126212.0,0.0
MHImain,HKFE,2022-03-07 12:00:00,21044.0,21267.0,21012.0,21111.0,29874.0,630799641.0,0.0
MHImain,HKFE,2022-03-07 16:00:00,21111.0,21168.0,20875.0,20924.0,22003.0,462310460.0,0.0
MHImain,HKFE,2022-03-07 20:00:00,20922.0,21254.0,20872.0,21106.0,19863.0,419578728.0,0.0
MHImain,HKFE,2022-03-08 00:00:00,21108.0,21118.0,20932.0,20951.0,10476.0,220261032.0,0.0
MHImain,HKFE,2022-03-08 08:00:00,20901.0,21244.0,20835.0,20880.0,40030.0,843026443.0,0.0
MHImain,HKFE,2022-03-08 12:00:00,20876.0,21030.0,20565.0,20686.0,40773.0,848529692.0,0.0
MHImain,HKFE,2022-03-08 16:00:00,20686.0,20919.0,20614.0,20888.0,23354.0,484640371.0,0.0
MHImain,HKFE,2022-03-08 20:00:00,20892.0,21065.0,20625.0,20694.0,20369.0,424814667.0,0.0
MHImain,HKFE,2022-03-09 00:00:00,20690.0,21057.0,20627.0,20856.0,17999.0,375152971.0,0.0
MHImain,HKFE,2022-03-09 08:00:00,20895.0,20954.0,20305.0,20313.0,43805.0,905814667.0,0.0
MHImain,HKFE,2022-03-09 12:00:00,20312.0,20466.0,20048.0,20410.0,53086.0,1075650347.0,0.0
MHImain,HKFE,2022-03-09 16:00:00,20412.0,20699.0,20366.0,20637.0,27419.0,563577433.0,0.0
MHImain,HKFE,2022-03-09 20:00:00,20635.0,20845.0,20603.0,20838.0,16831.0,349171571.0,0.0
MHImain,HKFE,2022-03-10 00:00:00,20840.0,20927.0,20801.0,20855.0,10236.0,213577477.0,0.0
MHImain,HKFE,2022-03-10 08:00:00,21000.0,21088.0,20844.0,20990.0,37801.0,792796686.0,0.0
MHImain,HKFE,2022-03-10 12:00:00,20990.0,20998.0,20686.0,20739.0,31754.0,660086139.0,0.0
MHImain,HKFE,2022-03-10 16:00:00,20737.0,20890.0,20574.0,20595.0,22074.0,458436769.0,0.0
MHImain,HKFE,2022-03-10 20:00:00,20598.0,20675.0,20242.0,20454.0,23488.0,481021671.0,0.0
MHImain,HKFE,2022-03-11 00:00:00,20453.0,20501.0,20287.0,20369.0,13077.0,266430120.0,0.0
MHImain,HKFE,2022-03-11 08:00:00,20328.0,20425.0,20093.0,20095.0,41738.0,844970028.0,0.0
MHImain,HKFE,2022-03-11 12:00:00,20095.0,20632.0,20064.0,20548.0,48346.0,984686590.0,0.0
MHImain,HKFE,2022-03-11 16:00:00,20550.0,20785.0,20411.0,20425.0,28417.0,585270834.0,0.0
MHImain,HKFE,2022-03-11 20:00:00,20422.0,20725.0,20204.0,20244.0,28385.0,582201161.0,0.0
MHImain,HKFE,2022-03-12 00:00:00,20244.0,20269.0,20048.0,20065.0,15748.0,317651192.0,0.0
MHImain,HKFE,2022-03-14 08:00:00,20025.0,20228.0,19714.0,19715.0,50683.0,1013589159.0,0.0
MHImain,HKFE,2022-03-14 12:00:00,19715.0,19960.0,19565.0,19606.0,49607.0,980469733.0,0.0
MHImain,HKFE,2022-03-14 16:00:00,19606.0,19736.0,19423.0,19623.0,38967.0,762797146.0,0.0
MHImain,HKFE,2022-03-14 20:00:00,19625.0,19663.0,19298.0,19475.0,32281.0,629527812.0,0.0
MHImain,HKFE,2022-03-15 00:00:00,19475.0,19493.0,19038.0,19080.0,21279.0,410057677.0,0.0
MHImain,HKFE,2022-03-15 08:00:00,19080.0,19405.0,18575.0,19128.0,86371.0,1640610460.0,0.0
MHImain,HKFE,2022-03-15 12:00:00,19126.0,19153.0,18284.0,18316.0,64193.0,1201227725.0,0.0
MHImain,HKFE,2022-03-15 16:00:00,18310.0,18583.0,18136.0,18371.0,43452.0,798030408.0,0.0
MHImain,HKFE,2022-03-15 20:00:00,18371.0,19067.0,18295.0,18889.0,50897.0,950474929.0,0.0
MHImain,HKFE,2022-03-16 00:00:00,18892.0,18936.0,18718.0,18867.0,18351.0,345596026.0,0.0
MHImain,HKFE,2022-03-16 08:00:00,18955.0,19071.0,18605.0,18655.0,52054.0,982519703.0,0.0
MHImain,HKFE,2022-03-16 12:00:00,18657.0,20070.0,18569.0,19998.0,91690.0,1789414769.0,0.0
MHImain,HKFE,2022-03-16 16:00:00,19999.0,20381.0,19847.0,20332.0,42253.0,850129214.0,0.0
MHImain,HKFE,2022-03-16 20:00:00,20330.0,20852.0,20296.0,20782.0,51944.0,1068978777.0,0.0
MHImain,HKFE,2022-03-17 00:00:00,20778.0,21126.0,20711.0,21115.0,19836.0,414043197.0,0.0
MHImain,HKFE,2022-03-17 08:00:00,21200.0,21504.0,20760.0,21145.0,69602.0,1466115874.0,0.0
MHImain,HKFE,2022-03-17 12:00:00,21145.0,21389.0,21048.0,21205.0,48116.0,1020880868.0,0.0
MHImain,HKFE,2022-03-17 16:00:00,21206.0,21546.0,21206.0,21343.0,33702.0,719601209.0,0.0
MHImain,HKFE,2022-03-17 20:00:00,21343.0,21356.0,20872.0,20965.0,35304.0,746394090.0,0.0
MHImain,HKFE,2022-03-18 00:00:00,20969.0,21304.0,20962.0,21258.0,12524.0,264664061.0,0.0
MHImain,HKFE,2022-03-18 08:00:00,21150.0,21283.0,21023.0,21043.0,41890.0,885879317.0,0.0
MHImain,HKFE,2022-03-18 12:00:00,21042.0,21637.0,20917.0,21486.0,58124.0,1237363703.0,0.0
MHImain,HKFE,2022-03-18 16:00:00,21482.0,21543.0,21303.0,21351.0,27405.0,586771489.0,0.0
MHImain,HKFE,2022-03-18 20:00:00,21352.0,21891.0,21182.0,21739.0,40437.0,872940029.0,0.0
MHImain,HKFE,2022-03-19 00:00:00,21735.0,22211.0,21692.0,22119.0,30143.0,663557380.0,0.0
MHImain,HKFE,2022-03-21 08:00:00,21950.0,21990.0,21353.0,21457.0,48533.0,1044739389.0,0.0
MHImain,HKFE,2022-03-21 12:00:00,21456.0,21472.0,21077.0,21218.0,40005.0,849811275.0,0.0
MHImain,HKFE,2022-03-21 16:00:00,21220.0,21355.0,21071.0,21336.0,17408.0,369115988.0,0.0
MHImain,HKFE,2022-03-21 20:00:00,21339.0,21595.0,21190.0,21372.0,27520.0,588666905.0,0.0
MHImain,HKFE,2022-03-22 00:00:00,21371.0,21492.0,21261.0,21391.0,13050.0,279034369.0,0.0
MHImain,HKFE,2022-03-22 08:00:00,21308.0,21478.0,21262.0,21403.0,38187.0,816641950.0,0.0
MHImain,HKFE,2022-03-22 12:00:00,21405.0,21729.0,21385.0,21640.0,35487.0,765952336.0,0.0
MHImain,HKFE,2022-03-22 16:00:00,21637.0,22011.0,21599.0,21956.0,23805.0,520154710.0,0.0
MHImain,HKFE,2022-03-22 20:00:00,21957.0,22259.0,21931.0,22193.0,22987.0,508101030.0,0.0
MHImain,HKFE,2022-03-23 00:00:00,22193.0,22209.0,22022.0,22071.0,8636.0,190964071.0,0.0
MHImain,HKFE,2022-03-23 08:00:00,22090.0,22399.0,21956.0,22306.0,43767.0,970094098.0,0.0
MHImain,HKFE,2022-03-23 12:00:00,22305.0,22314.0,22128.0,22243.0,34003.0,755485226.0,0.0
MHImain,HKFE,2022-03-23 16:00:00,22244.0,22262.0,21819.0,21834.0,22884.0,504656264.0,0.0
MHImain,HKFE,2022-03-23 20:00:00,21834.0,22080.0,21688.0,22052.0,24919.0,544714100.0,0.0
MHImain,HKFE,2022-03-24 00:00:00,22055.0,22242.0,21910.0,21975.0,15863.0,350385330.0,0.0
MHImain,HKFE,2022-03-24 08:00:00,21908.0,22169.0,21875.0,22124.0,40863.0,899844159.0,0.0
MHImain,HKFE,2022-03-24 12:00:00,22129.0,22224.0,21993.0,22002.0,28884.0,638789707.0,0.0
MHImain,HKFE,2022-03-24 16:00:00,22003.0,22049.0,21841.0,21937.0,18191.0,399189008.0,0.0
MHImain,HKFE,2022-03-24 20:00:00,21937.0,21982.0,21682.0,21767.0,24151.0,526548407.0,0.0
MHImain,HKFE,2022-03-25 00:00:00,21775.0,21910.0,21757.0,21812.0,10207.0,222839961.0,0.0
MHImain,HKFE,2022-03-25 08:00:00,21748.0,21941.0,21666.0,21757.0,36696.0,801097476.0,0.0
MHImain,HKFE,2022-03-25 12:00:00,21757.0,21769.0,21301.0,21362.0,48136.0,1034082538.0,0.0
MHImain,HKFE,2022-03-25 16:00:00,21362.0,21516.0,21283.0,21498.0,19219.0,410823494.0,0.0
MHImain,HKFE,2022-03-25 20:00:00,21495.0,21615.0,21419.0,21488.0,17844.0,384220694.0,0.0
MHImain,HKFE,2022-03-26 00:00:00,21488.0,21663.0,21444.0,21619.0,8777.0,189076915.0,0.0
MHImain,HKFE,2022-03-28 08:00:00,21502.0,21800.0,21202.0,21729.0,48604.0,1043687697.0,0.0
MHImain,HKFE,2022-03-28 12:00:00,21727.0,21749.0,21530.0,21598.0,25433.0,550286915.0,0.0
MHImain,HKFE,2022-03-28 16:00:00,21597.0,21887.0,21594.0,21842.0,14542.0,316009863.0,0.0
MHImain,HKFE,2022-03-28 20:00:00,21842.0,21895.0,21686.0,21719.0,13527.0,294641086.0,0.0
MHImain,HKFE,2022-03-29 00:00:00,21720.0,21828.0,21640.0,21825.0,5258.0,114161679.0,0.0
MHImain,HKFE,2022-03-29 08:00:00,21778.0,21942.0,21713.0,21853.0,32973.0,719857654.0,0.0
MHImain,HKFE,2022-03-29 12:00:00,21855.0,21923.0,21767.0,21910.0,17289.0,377690071.0,0.0
MHImain,HKFE,2022-03-29 16:00:00,21910.0,22048.0,21855.0,22019.0,9093.0,199415235.0,0.0
MHImain,HKFE,2022-03-29 20:00:00,22015.0,22353.0,21981.0,22218.0,10711.0,237826226.0,0.0
MHImain,HKFE,2022-03-30 00:00:00,22219.0,22223.0,22111.0,22170.0,3091.0,68523517.0,0.0
MHImain,HKFE,2022-03-30 08:00:00,22171.0,22323.0,22036.0,22151.0,34843.0,772390341.0,0.0
MHImain,HKFE,2022-03-30 12:00:00,22152.0,22380.0,22146.0,22358.0,25851.0,575157437.0,0.0
MHImain,HKFE,2022-03-30 16:00:00,22358.0,22381.0,22151.0,22203.0,15500.0,344691907.0,0.0
MHImain,HKFE,2022-03-30 20:00:00,22201.0,22412.0,22135.0,22326.0,14984.0,334215606.0,0.0
MHImain,HKFE,2022-03-31 00:00:00,22322.0,22377.0,22183.0,22185.0,6032.0,134540081.0,0.0
MHImain,HKFE,2022-03-31 08:00:00,22268.0,22294.0,21913.0,22043.0,38504.0,849673722.0,0.0
MHImain,HKFE,2022-03-31 12:00:00,22041.0,22094.0,21929.0,22030.0,19822.0,436089050.0,0.0
MHImain,HKFE,2022-03-31 16:00:00,22029.0,22145.0,21916.0,21928.0,17569.0,387170193.0,0.0
MHImain,HKFE,2022-03-31 20:00:00,21928.0,21986.0,21740.0,21811.0,18782.0,410226729.0,0.0
MHImain,HKFE,2022-04-01 00:00:00,21811.0,21829.0,21740.0,21775.0,4994.0,108792161.0,0.0
MHImain,HKFE,2022-04-01 08:00:00,21696.0,21899.0,21544.0,21899.0,43250.0,938262347.0,0.0
MHImain,HKFE,2022-04-01 12:00:00,21899.0,21998.0,21748.0,21953.0,27168.0,593797079.0,0.0
MHImain,HKFE,2022-04-01 16:00:00,21954.0,22390.0,21884.0,22373.0,23653.0,522634935.0,0.0
MHImain,HKFE,2022-04-01 20:00:00,22373.0,22446.0,22217.0,22226.0,20042.0,447566787.0,0.0
MHImain,HKFE,2022-04-02 00:00:00,22225.0,22231.0,22075.0,22170.0,8971.0,198702241.0,0.0
MHImain,HKFE,2022-04-04 08:00:00,22215.0,22385.0,22118.0,22369.0,33618.0,747638719.0,0.0
MHImain,HKFE,2022-04-04 12:00:00,22370.0,22534.0,22289.0,22479.0,26889.0,602800657.0,0.0
MHImain,HKFE,2022-04-04 16:00:00,22477.0,22565.0,22390.0,22502.0,14792.0,332448867.0,0.0
MHImain,HKFE,2022-04-04 20:00:00,22503.0,22669.0,22407.0,22613.0,17862.0,402174953.0,0.0
MHImain,HKFE,2022-04-05 00:00:00,22615.0,22627.0,22532.0,22590.0,5143.0,116148899.0,0.0
MHImain,HKFE,2022-04-06 08:00:00,22250.0,22285.0,22012.0,22170.0,43269.0,957447806.0,0.0
MHImain,HKFE,2022-04-06 12:00:00,22169.0,22258.0,22123.0,22210.0,21396.0,474826382.0,0.0
MHImain,HKFE,2022-04-06 16:00:00,22210.0,22254.0,21987.0,22021.0,17960.0,396826575.0,0.0
MHImain,HKFE,2022-04-06 20:00:00,22017.0,22034.0,21822.0,21835.0,16045.0,351765236.0,0.0
MHImain,HKFE,2022-04-07 00:00:00,21835.0,21980.0,21775.0,21975.0,8574.0,187450949.0,0.0
MHImain,HKFE,2022-04-07 08:00:00,21875.0,22220.0,21842.0,21967.0,39396.0,869236036.0,0.0
MHImain,HKFE,2022-04-07 12:00:00,21965.0,21969.0,21756.0,21873.0,30548.0,667614958.0,0.0
MHImain,HKFE,2022-04-07 16:00:00,21873.0,21931.0,21745.0,21903.0,13861.0,302822948.0,0.0
MHImain,HKFE,2022-04-07 20:00:00,21900.0,21905.0,21620.0,21631.0,14448.0,314072248.0,0.0
MHImain,HKFE,2022-04-08 00:00:00,21627.0,21726.0,21560.0,21725.0,7153.0,154633893.0,0.0
MHImain,HKFE,2022-04-08 08:00:00,21708.0,21814.0,21570.0,21732.0,39800.0,863625467.0,0.0
MHImain,HKFE,2022-04-08 12:00:00,21729.0,21851.0,21656.0,21846.0,21185.0,460759766.0,0.0
MHImain,HKFE,2022-04-08 16:00:00,21845.0,21950.0,21756.0,21891.0,12986.0,283690530.0,0.0
MHImain,HKFE,2022-04-08 20:00:00,21890.0,21934.0,21758.0,21895.0,12400.0,270920097.0,0.0
MHImain,HKFE,2022-04-09 00:00:00,21892.0,21944.0,21828.0,21879.0,5684.0,124409228.0,0.0
MHImain,HKFE,2022-04-11 08:00:00,21777.0,21787.0,21233.0,21330.0,40077.0,858106119.0,0.0
MHImain,HKFE,2022-04-11 12:00:00,21330.0,21367.0,21133.0,21144.0,26806.0,569728650.0,0.0
MHImain,HKFE,2022-04-11 16:00:00,21146.0,21480.0,21104.0,21432.0,24608.0,522646557.0,0.0
MHImain,HKFE,2022-04-11 20:00:00,21427.0,21518.0,21291.0,21376.0,16850.0,360641332.0,0.0
MHImain,HKFE,2022-04-12 00:00:00,21373.0,21444.0,21345.0,21428.0,5064.0,108301818.0,0.0
MHImain,HKFE,2022-04-12 08:00:00,21282.0,21423.0,21045.0,21072.0,42195.0,895613411.0,0.0
MHImain,HKFE,2022-04-12 12:00:00,21072.0,21515.0,20963.0,21428.0,45508.0,967248672.0,0.0
MHImain,HKFE,2022-04-12 16:00:00,21427.0,21428.0,21231.0,21349.0,14804.0,315482400.0,0.0
MHImain,HKFE,2022-04-12 20:00:00,21349.0,21511.0,21322.0,21366.0,16098.0,344612677.0,0.0
MHImain,HKFE,2022-04-13 00:00:00,21363.0,21408.0,21215.0,21226.0,5418.0,115578556.0,0.0
MHImain,HKFE,2022-04-13 08:00:00,21268.0,21399.0,21123.0,21364.0,38492.0,817981669.0,0.0
MHImain,HKFE,2022-04-13 12:00:00,21363.0,21526.0,21308.0,21350.0,26361.0,564589073.0,0.0
MHImain,HKFE,2022-04-13 16:00:00,21352.0,21374.0,21258.0,21338.0,14297.0,304703106.0,0.0
MHImain,HKFE,2022-04-13 20:00:00,21340.0,21427.0,21229.0,21393.0,13617.0,290641916.0,0.0
MHImain,HKFE,2022-04-14 00:00:00,21392.0,21469.0,21386.0,21420.0,4143.0,88800436.0,0.0
MHImain,HKFE,2022-04-14 08:00:00,21400.0,21552.0,21352.0,21446.0,31457.0,674660864.0,0.0
MHImain,HKFE,2022-04-14 12:00:00,21448.0,21594.0,21410.0,21479.0,20651.0,444190901.0,0.0
MHImain,HKFE,2022-04-14 16:00:00,21481.0,21544.0,21425.0,21518.0,10918.0,234589595.0,0.0
MHImain,HKFE,2022-04-14 20:00:00,21516.0,21535.0,21339.0,21373.0,10418.0,223158016.0,0.0
MHImain,HKFE,2022-04-15 00:00:00,21377.0,21404.0,21297.0,21353.0,4660.0,99492235.0,0.0
MHImain,HKFE,2022-04-19 08:00:00,21120.0,21194.0,20857.0,21015.0,35381.0,742285003.0,0.0
MHImain,HKFE,2022-04-19 12:00:00,21015.0,21168.0,20941.0,21030.0,23694.0,498784406.0,0.0
MHImain,HKFE,2022-04-19 16:00:00,21031.0,21040.0,20872.0,20951.0,10594.0,222197955.0,0.0
MHImain,HKFE,2022-04-19 20:00:00,20950.0,20976.0,20790.0,20976.0,11509.0,240483182.0,0.0
MHImain,HKFE,2022-04-20 00:00:00,20977.0,21016.0,20958.0,20990.0,4098.0,86000750.0,0.0
MHImain,HKFE,2022-04-20 08:00:00,21004.0,21124.0,20907.0,21114.0,34649.0,727445922.0,0.0
MHImain,HKFE,2022-04-20 12:00:00,21116.0,21217.0,20869.0,20934.0,27410.0,576884116.0,0.0
MHImain,HKFE,2022-04-20 16:00:00,20934.0,21041.0,20890.0,21005.0,10500.0,219974880.0,0.0
MHImain,HKFE,2022-04-20 20:00:00,21005.0,21063.0,20851.0,20869.0,11023.0,230827262.0,0.0
MHImain,HKFE,2022-04-21 00:00:00,20868.0,20902.0,20749.0,20767.0,6375.0,132862882.0,0.0
MHImain,HKFE,2022-04-21 08:00:00,20798.0,20920.0,20635.0,20641.0,35259.0,733116450.0,0.0
MHImain,HKFE,2022-04-21 12:00:00,20639.0,20731.0,20485.0,20630.0,35902.0,739709248.0,0.0
MHImain,HKFE,2022-04-21 16:00:00,20631.0,20720.0,20608.0,20664.0,11770.0,243102674.0,0.0
MHImain,HKFE,2022-04-21 20:00:00,20664.0,20730.0,20414.0,20481.0,13838.0,284554925.0,0.0
MHImain,HKFE,2022-04-22 00:00:00,20479.0,20489.0,20266.0,20271.0,7826.0,159402595.0,0.0
MHImain,HKFE,2022-04-22 08:00:00,20202.0,20523.0,20166.0,20519.0,41737.0,850158928.0,0.0
MHImain,HKFE,2022-04-22 12:00:00,20518.0,20712.0,20460.0,20621.0,30860.0,635805859.0,0.0
MHImain,HKFE,2022-04-22 16:00:00,20621.0,20686.0,20458.0,20555.0,13884.0,285739714.0,0.0
MHImain,HKFE,2022-04-22 20:00:00,20553.0,20708.0,20450.0,20582.0,14821.0,304936338.0,0.0
MHImain,HKFE,2022-04-23 00:00:00,20580.0,20614.0,20338.0,20360.0,8562.0,175038002.0,0.0
MHImain,HKFE,2022-04-25 08:00:00,20239.0,20283.0,19997.0,20179.0,42192.0,848354281.0,0.0
MHImain,HKFE,2022-04-25 12:00:00,20179.0,20195.0,19812.0,19826.0,28913.0,577943445.0,0.0
MHImain,HKFE,2022-04-25 16:00:00,19825.0,19960.0,19655.0,19658.0,18288.0,362714535.0,0.0
MHImain,HKFE,2022-04-25 20:00:00,19656.0,19965.0,19650.0,19823.0,22834.0,453075286.0,0.0
MHImain,HKFE,2022-04-26 00:00:00,19819.0,19989.0,19795.0,19960.0,8748.0,174065307.0,0.0
MHImain,HKFE,2022-04-26 08:00:00,20033.0,20226.0,19925.0,20224.0,36768.0,737060078.0,0.0
MHImain,HKFE,2022-04-26 12:00:00,20222.0,20272.0,19920.0,19986.0,30146.0,606112486.0,0.0
MHImain,HKFE,2022-04-26 16:00:00,19984.0,19995.0,19865.0,19909.0,12834.0,255704963.0,0.0
MHImain,HKFE,2022-04-26 20:00:00,19912.0,19942.0,19624.0,19664.0,11046.0,218443199.0,0.0
MHImain,HKFE,2022-04-27 00:00:00,19660.0,19806.0,19626.0,19720.0,7802.0,153708645.0,0.0
MHImain,HKFE,2022-04-27 08:00:00,19625.0,19994.0,19621.0,19947.0,35443.0,703248680.0,0.0
MHImain,HKFE,2022-04-27 12:00:00,19948.0,20050.0,19901.0,19992.0,20260.0,404592935.0,0.0
MHImain,HKFE,2022-04-27 16:00:00,19991.0,20035.0,19800.0,19841.0,11509.0,229318949.0,0.0
MHImain,HKFE,2022-04-27 20:00:00,19841.0,20036.0,19732.0,19756.0,9959.0,197791759.0,0.0
MHImain,HKFE,2022-04-28 00:00:00,19762.0,19965.0,19743.0,19923.0,3668.0,72829211.0,0.0
MHImain,HKFE,2022-04-28 08:00:00,19940.0,20162.0,19819.0,20161.0,31701.0,633347365.0,0.0
MHImain,HKFE,2022-04-28 12:00:00,20162.0,20172.0,19837.0,20052.0,25926.0,517946071.0,0.0
MHImain,HKFE,2022-04-28 16:00:00,20052.0,20194.0,20026.0,20152.0,14707.0,295834805.0,0.0
MHImain,HKFE,2022-04-28 20:00:00,20150.0,20157.0,19867.0,19959.0,17784.0,355415212.0,0.0
MHImain,HKFE,2022-04-29 00:00:00,19959.0,20119.0,19871.0,20119.0,8033.0,160495712.0,0.0
MHImain,HKFE,2022-04-29 08:00:00,20015.0,20170.0,19912.0,20037.0,35011.0,701891172.0,0.0
MHImain,HKFE,2022-04-29 12:00:00,20035.0,21087.0,20030.0,20783.0,67022.0,1385090428.0,0.0
MHImain,HKFE,2022-04-29 16:00:00,20782.0,21048.0,20772.0,20821.0,19502.0,408271145.0,0.0
MHImain,HKFE,2022-04-29 20:00:00,20820.0,21060.0,20777.0,20827.0,19559.0,409011836.0,0.0
MHImain,HKFE,2022-04-30 00:00:00,20825.0,20920.0,20710.0,20710.0,9021.0,187789067.0,0.0
MHImain,HKFE,2022-05-03 08:00:00,20798.0,21070.0,20530.0,21049.0,41533.0,864374551.0,0.0
MHImain,HKFE,2022-05-03 12:00:00,21048.0,21205.0,20948.0,21001.0,26023.0,547871515.0,0.0
MHImain,HKFE,2022-05-03 16:00:00,21002.0,21035.0,20862.0,20886.0,12381.0,259516465.0,0.0
MHImain,HKFE,2022-05-03 20:00:00,20881.0,21044.0,20878.0,20952.0,14860.0,311347568.0,0.0
MHImain,HKFE,2022-05-04 00:00:00,20954.0,21015.0,20882.0,21008.0,5994.0,125532395.0,0.0
MHImain,HKFE,2022-05-04 08:00:00,20996.0,21000.0,20730.0,20768.0,28795.0,600068203.0,0.0
MHImain,HKFE,2022-05-04 12:00:00,20766.0,20825.0,20685.0,20747.0,17300.0,359022305.0,0.0
MHImain,HKFE,2022-05-04 16:00:00,20748.0,20776.0,20650.0,20705.0,10438.0,216303197.0,0.0
MHImain,HKFE,2022-05-04 20:00:00,20704.0,20743.0,20632.0,20662.0,9767.0,202056194.0,0.0
MHImain,HKFE,2022-05-05 00:00:00,20661.0,20988.0,20613.0,20955.0,11191.0,232180761.0,0.0
MHImain,HKFE,2022-05-05 08:00:00,21050.0,21216.0,20813.0,20884.0,39036.0,819748414.0,0.0
MHImain,HKFE,2022-05-05 12:00:00,20885.0,20948.0,20818.0,20824.0,16850.0,351826171.0,0.0
MHImain,HKFE,2022-05-05 16:00:00,20823.0,20885.0,20603.0,20655.0,16999.0,352044325.0,0.0
MHImain,HKFE,2022-05-05 20:00:00,20650.0,20670.0,20107.0,20132.0,22629.0,460707449.0,0.0
MHImain,HKFE,2022-05-06 00:00:00,20129.0,20228.0,20027.0,20154.0,13514.0,272085712.0,0.0
MHImain,HKFE,2022-05-06 08:00:00,20100.0,20211.0,19935.0,19936.0,39787.0,799724913.0,0.0
MHImain,HKFE,2022-05-06 12:00:00,19937.0,20002.0,19850.0,19888.0,25467.0,507287948.0,0.0
MHImain,HKFE,2022-05-06 16:00:00,19890.0,19988.0,19840.0,19907.0,14443.0,287388776.0,0.0
MHImain,HKFE,2022-05-06 20:00:00,19906.0,20046.0,19591.0,19814.0,24583.0,486853872.0,0.0
MHImain,HKFE,2022-05-07 00:00:00,19814.0,19879.0,19658.0,19685.0,11949.0,236351561.0,0.0
MHImain,HKFE,2022-05-10 08:00:00,19240.0,19544.0,19062.0,19348.0,46648.0,900467011.0,0.0
MHImain,HKFE,2022-05-10 12:00:00,19348.0,19614.0,19250.0,19536.0,28564.0,555572092.0,0.0
MHImain,HKFE,2022-05-10 16:00:00,19534.0,19654.0,19419.0,19433.0,14856.0,290195590.0,0.0
MHImain,HKFE,2022-05-10 20:00:00,19433.0,19585.0,19202.0,19219.0,17564.0,341282811.0,0.0
MHImain,HKFE,2022-05-11 00:00:00,19218.0,19429.0,19178.0,19383.0,13793.0,265802423.0,0.0
MHImain,HKFE,2022-05-11 08:00:00,19350.0,19797.0,19335.0,19721.0,39958.0,783587207.0,0.0
MHImain,HKFE,2022-05-11 12:00:00,19721.0,19974.0,19715.0,19728.0,30583.0,606931049.0,0.0
MHImain,HKFE,2022-05-11 16:00:00,19730.0,19864.0,19645.0,19779.0,14217.0,280464928.0,0.0
MHImain,HKFE,2022-05-11 20:00:00,19778.0,19829.0,19480.0,19696.0,29093.0,572099998.0,0.0
MHImain,HKFE,2022-05-12 00:00:00,19697.0,19743.0,19346.0,19383.0,12369.0,241594875.0,0.0
MHImain,HKFE,2022-05-12 08:00:00,19378.0,19610.0,19353.0,19457.0,34471.0,672142281.0,0.0
MHImain,HKFE,2022-05-12 12:00:00,19457.0,19556.0,19228.0,19311.0,28844.0,558594301.0,0.0
MHImain,HKFE,2022-05-12 16:00:00,19315.0,19321.0,19094.0,19258.0,17602.0,338564176.0,0.0
MHImain,HKFE,2022-05-12 20:00:00,19260.0,19500.0,19085.0,19446.0,27274.0,525660073.0,0.0
MHImain,HKFE,2022-05-13 00:00:00,19448.0,19476.0,19127.0,19135.0,13949.0,269387011.0,0.0
MHImain,HKFE,2022-05-13 08:00:00,19466.0,19723.0,19431.0,19631.0,35577.0,697514023.0,0.0
MHImain,HKFE,2022-05-13 12:00:00,19629.0,19806.0,19603.0,19753.0,26022.0,512815079.0,0.0
MHImain,HKFE,2022-05-13 16:00:00,19755.0,19838.0,19676.0,19728.0,14069.0,278116046.0,0.0
MHImain,HKFE,2022-05-13 20:00:00,19728.0,20018.0,19668.0,19943.0,17438.0,346467582.0,0.0
MHImain,HKFE,2022-05-14 00:00:00,19941.0,20009.0,19871.0,19963.0,7410.0,147837406.0,0.0
MHImain,HKFE,2022-05-16 08:00:00,20066.0,20087.0,19699.0,19761.0,36733.0,730033315.0,0.0
MHImain,HKFE,2022-05-16 12:00:00,19761.0,19904.0,19655.0,19803.0,25475.0,504168608.0,0.0
MHImain,HKFE,2022-05-16 16:00:00,19803.0,19953.0,19773.0,19940.0,12040.0,239065435.0,0.0
MHImain,HKFE,2022-05-16 20:00:00,19943.0,20072.0,19901.0,19978.0,17025.0,340174208.0,0.0
MHImain,HKFE,2022-05-17 00:00:00,19979.0,20114.0,19937.0,20096.0,7336.0,146859301.0,0.0
MHImain,HKFE,2022-05-17 08:00:00,20021.0,20354.0,20020.0,20319.0,38105.0,769887467.0,0.0
MHImain,HKFE,2022-05-17 12:00:00,20321.0,20475.0,20273.0,20473.0,21102.0,429767076.0,0.0
MHImain,HKFE,2022-05-17 16:00:00,20473.0,20636.0,20451.0,20615.0,16661.0,341969678.0,0.0
MHImain,HKFE,2022-05-17 20:00:00,20613.0,20683.0,20408.0,20465.0,18145.0,372955318.0,0.0
MHImain,HKFE,2022-05-18 00:00:00,20467.0,20517.0,20366.0,20501.0,8498.0,173867581.0,0.0
MHImain,HKFE,2022-05-18 08:00:00,20500.0,20532.0,20297.0,20391.0,33588.0,684545169.0,0.0
MHImain,HKFE,2022-05-18 12:00:00,20391.0,20619.0,20329.0,20459.0,24025.0,492011455.0,0.0
MHImain,HKFE,2022-05-18 16:00:00,20460.0,20561.0,20432.0,20452.0,11729.0,240354609.0,0.0
MHImain,HKFE,2022-05-18 20:00:00,20451.0,20480.0,20354.0,20367.0,13999.0,285806223.0,0.0
MHImain,HKFE,2022-05-19 00:00:00,20367.0,20368.0,20097.0,20098.0,11704.0,236635162.0,0.0
MHImain,HKFE,2022-05-19 08:00:00,19990.0,20071.0,19815.0,20000.0,39308.0,784355359.0,0.0
MHImain,HKFE,2022-05-19 12:00:00,19998.0,20210.0,19954.0,20062.0,26951.0,540765368.0,0.0
MHImain,HKFE,2022-05-19 16:00:00,20061.0,20148.0,19934.0,20094.0,15228.0,305017869.0,0.0
MHImain,HKFE,2022-05-19 20:00:00,20094.0,20296.0,20057.0,20239.0,19596.0,395675925.0,0.0
MHImain,HKFE,2022-05-20 00:00:00,20239.0,20434.0,20221.0,20409.0,11677.0,237613195.0,0.0
MHImain,HKFE,2022-05-20 08:00:00,20388.0,20537.0,20323.0,20389.0,37421.0,764539933.0,0.0
MHImain,HKFE,2022-05-20 12:00:00,20391.0,20646.0,20388.0,20633.0,22678.0,465361341.0,0.0
MHImain,HKFE,2022-05-20 16:00:00,20630.0,20745.0,20552.0,20645.0,16795.0,346789519.0,0.0
MHImain,HKFE,2022-05-20 20:00:00,20647.0,20705.0,20385.0,20408.0,15350.0,315618390.0,0.0
MHImain,HKFE,2022-05-21 00:00:00,20404.0,20464.0,20215.0,20320.0,12888.0,262078596.0,0.0
MHImain,HKFE,2022-05-23 08:00:00,20650.0,20679.0,20316.0,20403.0,31678.0,647949457.0,0.0
MHImain,HKFE,2022-05-23 12:00:00,20401.0,20477.0,20225.0,20377.0,27603.0,561753509.0,0.0
MHImain,HKFE,2022-05-23 16:00:00,20379.0,20546.0,20331.0,20540.0,13001.0,265438606.0,0.0
MHImain,HKFE,2022-05-23 20:00:00,20541.0,20542.0,20356.0,20476.0,16049.0,328172788.0,0.0
MHImain,HKFE,2022-05-24 00:00:00,20475.0,20546.0,20434.0,20483.0,6012.0,123258350.0,0.0
MHImain,HKFE,2022-05-24 08:00:00,20383.0,20496.0,20116.0,20196.0,38925.0,790943354.0,0.0
MHImain,HKFE,2022-05-24 12:00:00,20195.0,20198.0,19961.0,19988.0,24551.0,493103448.0,0.0
MHImain,HKFE,2022-05-24 16:00:00,19992.0,20172.0,19989.0,20159.0,13153.0,263989328.0,0.0
MHImain,HKFE,2022-05-24 20:00:00,20153.0,20185.0,19914.0,19926.0,15322.0,306959337.0,0.0
MHImain,HKFE,2022-05-25 00:00:00,19930.0,20109.0,19922.0,19991.0,8553.0,171208656.0,0.0
MHImain,HKFE,2022-05-25 08:00:00,20057.0,20300.0,20031.0,20187.0,33339.0,671969107.0,0.0
MHImain,HKFE,2022-05-25 12:00:00,20187.0,20277.0,20107.0,20234.0,22626.0,456662637.0,0.0
MHImain,HKFE,2022-05-25 16:00:00,20236.0,20391.0,20057.0,20102.0,18379.0,371745334.0,0.0
MHImain,HKFE,2022-05-25 20:00:00,20104.0,20203.0,20034.0,20174.0,13636.0,274495735.0,0.0
MHImain,HKFE,2022-05-26 00:00:00,20175.0,20193.0,20051.0,20188.0,6268.0,126108253.0,0.0
MHImain,HKFE,2022-05-26 08:00:00,20312.0,20327.0,19878.0,19928.0,39338.0,788267043.0,0.0
MHImain,HKFE,2022-05-26 12:00:00,19928.0,20168.0,19902.0,20007.0,26432.0,529541312.0,0.0
MHImain,HKFE,2022-05-26 16:00:00,20007.0,20195.0,19987.0,20176.0,12646.0,253993077.0,0.0
MHImain,HKFE,2022-05-26 20:00:00,20179.0,20659.0,20156.0,20599.0,21343.0,436224198.0,0.0
MHImain,HKFE,2022-05-27 00:00:00,20598.0,20683.0,20525.0,20668.0,6054.0,124780538.0,0.0
MHImain,HKFE,2022-05-27 08:00:00,20580.0,20815.0,20575.0,20675.0,33989.0,704339045.0,0.0
MHImain,HKFE,2022-05-27 12:00:00,20675.0,20740.0,20499.0,20576.0,21555.0,444112015.0,0.0
MHImain,HKFE,2022-05-27 16:00:00,20574.0,20765.0,20536.0,20567.0,10344.0,213440633.0,0.0
MHImain,HKFE,2022-05-27 20:00:00,20570.0,20674.0,20501.0,20614.0,5440.0,112023828.0,0.0
MHImain,HKFE,2022-05-28 00:00:00,20612.0,20698.0,20604.0,20686.0,2325.0,48021110.0,0.0
MHImain,HKFE,2022-05-30 08:00:00,20746.0,21000.0,20697.0,20894.0,31577.0,657848012.0,0.0
MHImain,HKFE,2022-05-30 12:00:00,20892.0,20977.0,20862.0,20956.0,14132.0,295635558.0,0.0
MHImain,HKFE,2022-05-30 16:00:00,20955.0,21066.0,20894.0,20997.0,11663.0,244511094.0,0.0
MHImain,HKFE,2022-05-30 20:00:00,20996.0,20996.0,20932.0,20968.0,4523.0,94810851.0,0.0
MHImain,HKFE,2022-05-31 00:00:00,20967.0,20991.0,20905.0,20905.0,1892.0,39639391.0,0.0
MHImain,HKFE,2022-05-31 08:00:00,20898.0,21095.0,20849.0,21004.0,38952.0,816348274.0,0.0
MHImain,HKFE,2022-05-31 12:00:00,21006.0,21258.0,20955.0,21176.0,29225.0,617385173.0,0.0
MHImain,HKFE,2022-05-31 16:00:00,21176.0,21413.0,21090.0,21360.0,20267.0,430610108.0,0.0
MHImain,HKFE,2022-05-31 20:00:00,21362.0,21368.0,21182.0,21229.0,14180.0,301542314.0,0.0
MHImain,HKFE,2022-06-01 00:00:00,21226.0,21292.0,21113.0,21140.0,7450.0,158061820.0,0.0
MHImain,HKFE,2022-06-01 08:00:00,21273.0,21310.0,21042.0,21072.0,33475.0,708932675.0,0.0
MHImain,HKFE,2022-06-01 12:00:00,21071.0,21190.0,21006.0,21149.0,22956.0,484368431.0,0.0
MHImain,HKFE,2022-06-01 16:00:00,21148.0,21216.0,21069.0,21106.0,10989.0,232331001.0,0.0
MHImain,HKFE,2022-06-01 20:00:00,21104.0,21235.0,20923.0,20939.0,14685.0,309768779.0,0.0
MHImain,HKFE,2022-06-02 00:00:00,20939.0,21004.0,20817.0,20954.0,9774.0,204165538.0,0.0
MHImain,HKFE,2022-06-02 08:00:00,20880.0,20933.0,20722.0,20754.0,35436.0,738070398.0,0.0
MHImain,HKFE,2022-06-02 12:00:00,20755.0,20947.0,20745.0,20933.0,21247.0,442801257.0,0.0
MHImain,HKFE,2022-06-02 16:00:00,20932.0,21060.0,20880.0,21021.0,11960.0,250570313.0,0.0
MHImain,HKFE,2022-06-02 20:00:00,21020.0,21196.0,20941.0,21191.0,12677.0,266578659.0,0.0
MHImain,HKFE,2022-06-03 00:00:00,21191.0,21295.0,21167.0,21261.0,8508.0,180686442.0,0.0
MHImain,HKFE,2022-06-06 08:00:00,21230.0,21263.0,20863.0,21162.0,38183.0,804487841.0,0.0
MHImain,HKFE,2022-06-06 12:00:00,21162.0,21313.0,21153.0,21287.0,20175.0,428370524.0,0.0
MHImain,HKFE,2022-06-06 16:00:00,21286.0,21616.0,21211.0,21538.0,21093.0,452154493.0,0.0
MHImain,HKFE,2022-06-06 20:00:00,21538.0,21733.0,21525.0,21603.0,13042.0,282334492.0,0.0
MHImain,HKFE,2022-06-07 00:00:00,21602.0,21604.0,21414.0,21462.0,8950.0,192491057.0,0.0
MHImain,HKFE,2022-06-07 08:00:00,21394.0,21530.0,21272.0,21490.0,39945.0,855406800.0,0.0
MHImain,HKFE,2022-06-07 12:00:00,21490.0,21604.0,21251.0,21393.0,31998.0,684720638.0,0.0
MHImain,HKFE,2022-06-07 16:00:00,21396.0,21457.0,21266.0,21279.0,12767.0,273046026.0,0.0
MHImain,HKFE,2022-06-07 20:00:00,21279.0,21597.0,21271.0,21551.0,15567.0,333768374.0,0.0
MHImain,HKFE,2022-06-08 00:00:00,21547.0,21622.0,21484.0,21615.0,6041.0,130101975.0,0.0
MHImain,HKFE,2022-06-08 08:00:00,21648.0,21870.0,21574.0,21689.0,43164.0,937624082.0,0.0
MHImain,HKFE,2022-06-08 12:00:00,21690.0,21849.0,21650.0,21841.0,26512.0,576844520.0,0.0
MHImain,HKFE,2022-06-08 16:00:00,21839.0,21920.0,21783.0,21838.0,16497.0,360412593.0,0.0
MHImain,HKFE,2022-06-08 20:00:00,21837.0,21914.0,21755.0,21892.0,13263.0,289548332.0,0.0
MHImain,HKFE,2022-06-09 00:00:00,21895.0,22008.0,21822.0,21966.0,11379.0,249485731.0,0.0
MHImain,HKFE,2022-06-09 08:00:00,21970.0,22026.0,21744.0,21856.0,45480.0,995138494.0,0.0
MHImain,HKFE,2022-06-09 12:00:00,21855.0,21904.0,21646.0,21724.0,30469.0,662906632.0,0.0
MHImain,HKFE,2022-06-09 16:00:00,21723.0,22180.0,21696.0,21918.0,24159.0,529074144.0,0.0
MHImain,HKFE,2022-06-09 20:00:00,21915.0,22066.0,21541.0,21561.0,24764.0,538726679.0,0.0
MHImain,HKFE,2022-06-10 00:00:00,21565.0,21625.0,21469.0,21526.0,10185.0,219510163.0,0.0
MHImain,HKFE,2022-06-10 08:00:00,21391.0,21711.0,21346.0,21709.0,41509.0,893552112.0,0.0
MHImain,HKFE,2022-06-10 12:00:00,21707.0,21827.0,21628.0,21774.0,28476.0,619059140.0,0.0
MHImain,HKFE,2022-06-10 16:00:00,21773.0,21786.0,21656.0,21682.0,15322.0,332612966.0,0.0
MHImain,HKFE,2022-06-10 20:00:00,21678.0,21759.0,21230.0,21288.0,26924.0,576947749.0,0.0
MHImain,HKFE,2022-06-11 00:00:00,21286.0,21338.0,21163.0,21326.0,9824.0,208793196.0,0.0
MHImain,HKFE,2022-06-13 08:00:00,21100.0,21199.0,20953.0,21090.0,38754.0,817489364.0,0.0
MHImain,HKFE,2022-06-13 12:00:00,21087.0,21120.0,20879.0,20989.0,27761.0,582705554.0,0.0
MHImain,HKFE,2022-06-13 16:00:00,20988.0,21035.0,20846.0,20927.0,16841.0,352665036.0,0.0
MHImain,HKFE,2022-06-13 20:00:00,20930.0,20972.0,20472.0,20532.0,24585.0,509836257.0,0.0
MHImain,HKFE,2022-06-14 00:00:00,20530.0,20738.0,20530.0,20596.0,11431.0,235878001.0,0.0
MHImain,HKFE,2022-06-14 08:00:00,20585.0,20849.0,20574.0,20719.0,36853.0,763868901.0,0.0
MHImain,HKFE,2022-06-14 12:00:00,20717.0,21055.0,20688.0,21029.0,30041.0,627526133.0,0.0
MHImain,HKFE,2022-06-14 16:00:00,21027.0,21041.0,20813.0,20849.0,18067.0,377788094.0,0.0
MHImain,HKFE,2022-06-14 20:00:00,20849.0,20994.0,20767.0,20897.0,21264.0,443882251.0,0.0
MHImain,HKFE,2022-06-15 00:00:00,20897.0,21041.0,20882.0,20903.0,9505.0,199201578.0,0.0
MHImain,HKFE,2022-06-15 08:00:00,21025.0,21240.0,20929.0,21233.0,36259.0,766212502.0,0.0
MHImain,HKFE,2022-06-15 12:00:00,21233.0,21319.0,21128.0,21139.0,28499.0,605366830.0,0.0
MHImain,HKFE,2022-06-15 16:00:00,21139.0,21220.0,21119.0,21144.0,11954.0,253082503.0,0.0
MHImain,HKFE,2022-06-15 20:00:00,21142.0,21227.0,21095.0,21185.0,13057.0,276350286.0,0.0
MHImain,HKFE,2022-06-16 00:00:00,21180.0,21376.0,21015.0,21267.0,14524.0,307815333.0,0.0
MHImain,HKFE,2022-06-16 08:00:00,21445.0,21490.0,21042.0,21222.0,41845.0,886833790.0,0.0
MHImain,HKFE,2022-06-16 12:00:00,21225.0,21237.0,20824.0,20838.0,29337.0,615453338.0,0.0
MHImain,HKFE,2022-06-16 16:00:00,20838.0,20881.0,20575.0,20656.0,26748.0,553711591.0,0.0
MHImain,HKFE,2022-06-16 20:00:00,20648.0,20748.0,20502.0,20575.0,16125.0,332585333.0,0.0
MHImain,HKFE,2022-06-17 00:00:00,20576.0,20746.0,20518.0,20527.0,8501.0,175410705.0,0.0
MHImain,HKFE,2022-06-17 08:00:00,20595.0,21007.0,20589.0,20866.0,43163.0,900542997.0,0.0
MHImain,HKFE,2022-06-17 12:00:00,20863.0,21059.0,20861.0,20968.0,24546.0,514642550.0,0.0
MHImain,HKFE,2022-06-17 16:00:00,20969.0,21317.0,20914.0,21236.0,20695.0,435547486.0,0.0
MHImain,HKFE,2022-06-17 20:00:00,21240.0,21274.0,20757.0,20865.0,23733.0,498896994.0,0.0
MHImain,HKFE,2022-06-18 00:00:00,20864.0,20997.0,20862.0,20910.0,10492.0,219521411.0,0.0
MHImain,HKFE,2022-06-20 08:00:00,20886.0,21093.0,20760.0,21077.0,40275.0,841570458.0,0.0
MHImain,HKFE,2022-06-20 12:00:00,21077.0,21106.0,20927.0,21064.0,22977.0,482997148.0,0.0
MHImain,HKFE,2022-06-20 16:00:00,21064.0,21137.0,21032.0,21102.0,9166.0,193239306.0,0.0
MHImain,HKFE,2022-06-20 20:00:00,21101.0,21205.0,21100.0,21199.0,4353.0,92106914.0,0.0
MHImain,HKFE,2022-06-21 00:00:00,21196.0,21224.0,21172.0,21177.0,1808.0,38326665.0,0.0
MHImain,HKFE,2022-06-21 08:00:00,21227.0,21380.0,21081.0,21337.0,37788.0,802632081.0,0.0
MHImain,HKFE,2022-06-21 12:00:00,21340.0,21497.0,21291.0,21407.0,28248.0,604290861.0,0.0
MHImain,HKFE,2022-06-21 16:00:00,21406.0,21545.0,21393.0,21443.0,12920.0,277420595.0,0.0
MHImain,HKFE,2022-06-21 20:00:00,21443.0,21510.0,21353.0,21484.0,13410.0,287500083.0,0.0
MHImain,HKFE,2022-06-22 00:00:00,21480.0,21494.0,21405.0,21460.0,4034.0,86504464.0,0.0
MHImain,HKFE,2022-06-22 08:00:00,21350.0,21417.0,21210.0,21242.0,35859.0,764837892.0,0.0
MHImain,HKFE,2022-06-22 12:00:00,21243.0,21272.0,21019.0,21068.0,27128.0,574122486.0,0.0
MHImain,HKFE,2022-06-22 16:00:00,21068.0,21085.0,20891.0,21029.0,17788.0,373289079.0,0.0
MHImain,HKFE,2022-06-22 20:00:00,21031.0,21215.0,20986.0,21131.0,15346.0,323809459.0,0.0
MHImain,HKFE,2022-06-23 00:00:00,21130.0,21213.0,21066.0,21172.0,6340.0,134018577.0,0.0
MHImain,HKFE,2022-06-23 08:00:00,21076.0,21216.0,20934.0,21122.0,34996.0,737745912.0,0.0
MHImain,HKFE,2022-06-23 12:00:00,21121.0,21385.0,21103.0,21293.0,27981.0,594832716.0,0.0
MHImain,HKFE,2022-06-23 16:00:00,21293.0,21315.0,21181.0,21296.0,14308.0,303894446.0,0.0
MHImain,HKFE,2022-06-23 20:00:00,21296.0,21430.0,21216.0,21334.0,15880.0,338671204.0,0.0
MHImain,HKFE,2022-06-24 00:00:00,21331.0,21337.0,21087.0,21190.0,8726.0,184818288.0,0.0
MHImain,HKFE,2022-06-24 08:00:00,21330.0,21588.0,21318.0,21495.0,38604.0,829022861.0,0.0
MHImain,HKFE,2022-06-24 12:00:00,21494.0,21692.0,21439.0,21652.0,23494.0,507301240.0,0.0
MHImain,HKFE,2022-06-24 16:00:00,21653.0,21668.0,21586.0,21627.0,11026.0,238417404.0,0.0
MHImain,HKFE,2022-06-24 20:00:00,21625.0,21797.0,21574.0,21733.0,13788.0,298994566.0,0.0
MHImain,HKFE,2022-06-25 00:00:00,21733.0,21780.0,21696.0,21770.0,4349.0,94519889.0,0.0
MHImain,HKFE,2022-06-27 08:00:00,21820.0,22299.0,21808.0,22271.0,35915.0,793346769.0,0.0
MHImain,HKFE,2022-06-27 12:00:00,22272.0,22360.0,22060.0,22103.0,32050.0,711300633.0,0.0
MHImain,HKFE,2022-06-27 16:00:00,22102.0,22218.0,22091.0,22188.0,10747.0,238268463.0,0.0
MHImain,HKFE,2022-06-27 20:00:00,22190.0,22198.0,22038.0,22077.0,9712.0,214824764.0,0.0
MHImain,HKFE,2022-06-28 00:00:00,22075.0,22110.0,21965.0,22002.0,5140.0,113208871.0,0.0
MHImain,HKFE,2022-06-28 08:00:00,22000.0,22148.0,21894.0,21977.0,33298.0,732535340.0,0.0
MHImain,HKFE,2022-06-28 12:00:00,21975.0,22377.0,21927.0,22310.0,28776.0,637054686.0,0.0
MHImain,HKFE,2022-06-28 16:00:00,22309.0,22413.0,22238.0,22384.0,11256.0,251346181.0,0.0
MHImain,HKFE,2022-06-28 20:00:00,22386.0,22425.0,22250.0,22268.0,6703.0,149650133.0,0.0
MHImain,HKFE,2022-06-29 00:00:00,22270.0,22271.0,22003.0,22055.0,5164.0,114232592.0,0.0
MHImain,HKFE,2022-06-29 08:00:00,22088.0,22195.0,21941.0,21994.0,29597.0,653515601.0,0.0
MHImain,HKFE,2022-06-29 12:00:00,21994.0,22011.0,21744.0,21801.0,25931.0,568037063.0,0.0
MHImain,HKFE,2022-06-29 16:00:00,21804.0,21941.0,21790.0,21874.0,15137.0,331049363.0,0.0
MHImain,HKFE,2022-06-29 20:00:00,21875.0,21968.0,21843.0,21868.0,12159.0,266317456.0,0.0
MHImain,HKFE,2022-06-30 00:00:00,21873.0,21992.0,21850.0,21928.0,4971.0,108991470.0,0.0
MHImain,HKFE,2022-06-30 08:00:00,21850.0,21999.0,21778.0,21952.0,32633.0,714671815.0,0.0
MHImain,HKFE,2022-06-30 12:00:00,21950.0,22027.0,21610.0,21751.0,34069.0,743627527.0,0.0
MHImain,HKFE,2022-06-30 16:00:00,21753.0,21829.0,21675.0,21699.0,16121.0,350895290.0,0.0
MHImain,HKFE,2022-06-30 20:00:00,21697.0,21735.0,21546.0,21667.0,13487.0,291938201.0,0.0
MHImain,HKFE,2022-07-01 00:00:00,21667.0,21873.0,21666.0,21790.0,9248.0,201542213.0,0.0
MHImain,HKFE,2022-07-04 08:00:00,21751.0,21766.0,21400.0,21688.0,41515.0,897101720.0,0.0
MHImain,HKFE,2022-07-04 12:00:00,21688.0,21848.0,21651.0,21809.0,22034.0,479347387.0,0.0
MHImain,HKFE,2022-07-04 16:00:00,21813.0,21968.0,21739.0,21923.0,11067.0,241598829.0,0.0
MHImain,HKFE,2022-07-04 20:00:00,21923.0,21946.0,21875.0,21925.0,3920.0,85887735.0,0.0
MHImain,HKFE,2022-07-05 00:00:00,21925.0,21972.0,21907.0,21944.0,1925.0,42233198.0,0.0
MHImain,HKFE,2022-07-05 08:00:00,22031.0,22168.0,21767.0,21796.0,41467.0,911942861.0,0.0
MHImain,HKFE,2022-07-05 12:00:00,21795.0,21964.0,21754.0,21885.0,26007.0,568347174.0,0.0
MHImain,HKFE,2022-07-05 16:00:00,21886.0,21889.0,21650.0,21692.0,12554.0,273365657.0,0.0
MHImain,HKFE,2022-07-05 20:00:00,21690.0,21697.0,21348.0,21433.0,21702.0,466221467.0,0.0
MHImain,HKFE,2022-07-06 00:00:00,21431.0,21647.0,21380.0,21630.0,7742.0,166410210.0,0.0
MHImain,HKFE,2022-07-06 08:00:00,21730.0,21792.0,21431.0,21492.0,39436.0,852951575.0,0.0
MHImain,HKFE,2022-07-06 12:00:00,21492.0,21521.0,21238.0,21386.0,29802.0,636930808.0,0.0
MHImain,HKFE,2022-07-06 16:00:00,21386.0,21594.0,21377.0,21514.0,16274.0,349734863.0,0.0
MHImain,HKFE,2022-07-06 20:00:00,21517.0,21554.0,21322.0,21396.0,13653.0,292419984.0,0.0
MHImain,HKFE,2022-07-07 00:00:00,21397.0,21514.0,21352.0,21493.0,5825.0,124792855.0,0.0
MHImain,HKFE,2022-07-07 08:00:00,21366.0,21536.0,21217.0,21495.0,36613.0,783137327.0,0.0
MHImain,HKFE,2022-07-07 12:00:00,21496.0,21655.0,21491.0,21582.0,22982.0,495756433.0,0.0
MHImain,HKFE,2022-07-07 16:00:00,21583.0,21802.0,21569.0,21773.0,13144.0,284956068.0,0.0
MHImain,HKFE,2022-07-07 20:00:00,21774.0,22008.0,21756.0,21981.0,13876.0,303938474.0,0.0
MHImain,HKFE,2022-07-08 00:00:00,21983.0,22015.0,21949.0,21983.0,4810.0,105728146.0,0.0
MHImain,HKFE,2022-07-08 08:00:00,21983.0,22052.0,21664.0,21724.0,37511.0,818720599.0,0.0
MHImain,HKFE,2022-07-08 12:00:00,21724.0,21753.0,21632.0,21740.0,23058.0,500305527.0,0.0
MHImain,HKFE,2022-07-08 16:00:00,21742.0,21805.0,21669.0,21723.0,10912.0,237107846.0,0.0
MHImain,HKFE,2022-07-08 20:00:00,21725.0,21861.0,21587.0,21846.0,16950.0,368247779.0,0.0
MHImain,HKFE,2022-07-09 00:00:00,21844.0,21853.0,21645.0,21750.0,7163.0,155748365.0,0.0
MHImain,HKFE,2022-07-11 08:00:00,21600.0,21630.0,21095.0,21109.0,39419.0,838889789.0,0.0
MHImain,HKFE,2022-07-11 12:00:00,21108.0,21156.0,21001.0,21055.0,21217.0,447235351.0,0.0
MHImain,HKFE,2022-07-11 16:00:00,21058.0,21196.0,21034.0,21185.0,12881.0,272032651.0,0.0
MHImain,HKFE,2022-07-11 20:00:00,21185.0,21188.0,20924.0,21022.0,14892.0,313044240.0,0.0
MHImain,HKFE,2022-07-12 00:00:00,21018.0,21090.0,20985.0,21020.0,4334.0,91154062.0,0.0
MHImain,HKFE,2022-07-12 08:00:00,20900.0,21098.0,20831.0,20833.0,38993.0,817564441.0,0.0
MHImain,HKFE,2022-07-12 12:00:00,20833.0,20953.0,20797.0,20898.0,23071.0,481609648.0,0.0
MHImain,HKFE,2022-07-12 16:00:00,20899.0,20912.0,20808.0,20877.0,11773.0,245554781.0,0.0
MHImain,HKFE,2022-07-12 20:00:00,20877.0,20976.0,20797.0,20955.0,15551.0,324965124.0,0.0
MHImain,HKFE,2022-07-13 00:00:00,20957.0,20987.0,20895.0,20895.0,4715.0,98787044.0,0.0
MHImain,HKFE,2022-07-13 08:00:00,20955.0,21061.0,20854.0,21035.0,35547.0,744578703.0,0.0
MHImain,HKFE,2022-07-13 12:00:00,21036.0,21049.0,20744.0,20900.0,26341.0,550096418.0,0.0
MHImain,HKFE,2022-07-13 16:00:00,20900.0,20919.0,20756.0,20871.0,10646.0,221904995.0,0.0
MHImain,HKFE,2022-07-13 20:00:00,20870.0,20940.0,20556.0,20885.0,28980.0,599989986.0,0.0
MHImain,HKFE,2022-07-14 00:00:00,20882.0,20893.0,20760.0,20873.0,7434.0,154813742.0,0.0
MHImain,HKFE,2022-07-14 08:00:00,20701.0,20902.0,20700.0,20881.0,31006.0,644965783.0,0.0
MHImain,HKFE,2022-07-14 12:00:00,20881.0,20881.0,20543.0,20732.0,26836.0,555747038.0,0.0
MHImain,HKFE,2022-07-14 16:00:00,20733.0,20778.0,20612.0,20632.0,12921.0,267546350.0,0.0
MHImain,HKFE,2022-07-14 20:00:00,20631.0,20705.0,20456.0,20495.0,17100.0,351349949.0,0.0
MHImain,HKFE,2022-07-15 00:00:00,20495.0,20549.0,20417.0,20508.0,9587.0,196390579.0,0.0
MHImain,HKFE,2022-07-15 08:00:00,20517.0,20674.0,20456.0,20549.0,31828.0,654931576.0,0.0
MHImain,HKFE,2022-07-15 12:00:00,20548.0,20549.0,20279.0,20288.0,34198.0,697744410.0,0.0
MHImain,HKFE,2022-07-15 16:00:00,20287.0,20331.0,20206.0,20265.0,17196.0,348500317.0,0.0
MHImain,HKFE,2022-07-15 20:00:00,20265.0,20351.0,20074.0,20285.0,18577.0,375561216.0,0.0
MHImain,HKFE,2022-07-16 00:00:00,20286.0,20344.0,20253.0,20330.0,5567.0,113030097.0,0.0
MHImain,HKFE,2022-07-18 08:00:00,20333.0,20771.0,20291.0,20747.0,43061.0,882714758.0,0.0
MHImain,HKFE,2022-07-18 12:00:00,20750.0,20882.0,20738.0,20814.0,27511.0,572639398.0,0.0
MHImain,HKFE,2022-07-18 16:00:00,20811.0,20896.0,20775.0,20834.0,11690.0,243585622.0,0.0
MHImain,HKFE,2022-07-18 20:00:00,20831.0,20976.0,20775.0,20847.0,12624.0,263674019.0,0.0
MHImain,HKFE,2022-07-19 00:00:00,20847.0,20901.0,20751.0,20770.0,4613.0,96125618.0,0.0
MHImain,HKFE,2022-07-19 08:00:00,20780.0,20780.0,20560.0,20641.0,36106.0,746041705.0,0.0
MHImain,HKFE,2022-07-19 12:00:00,20642.0,20740.0,20546.0,20684.0,21620.0,446440106.0,0.0
MHImain,HKFE,2022-07-19 16:00:00,20687.0,20778.0,20635.0,20744.0,12031.0,249046629.0,0.0
MHImain,HKFE,2022-07-19 20:00:00,20743.0,20894.0,20722.0,20868.0,12690.0,263998429.0,0.0
MHImain,HKFE,2022-07-20 00:00:00,20869.0,20940.0,20830.0,20912.0,4814.0,100541514.0,0.0
MHImain,HKFE,2022-07-20 08:00:00,20995.0,21134.0,20939.0,21016.0,29643.0,623863624.0,0.0
MHImain,HKFE,2022-07-20 12:00:00,21018.0,21088.0,20902.0,20958.0,20804.0,436589907.0,0.0
MHImain,HKFE,2022-07-20 16:00:00,20958.0,20992.0,20771.0,20823.0,12597.0,263245066.0,0.0
MHImain,HKFE,2022-07-20 20:00:00,20822.0,20874.0,20732.0,20819.0,12828.0,266923883.0,0.0
MHImain,HKFE,2022-07-21 00:00:00,20819.0,20829.0,20688.0,20742.0,6246.0,129648499.0,0.0
MHImain,HKFE,2022-07-21 08:00:00,20765.0,20845.0,20598.0,20669.0,35357.0,732298463.0,0.0
MHImain,HKFE,2022-07-21 12:00:00,20670.0,20797.0,20594.0,20627.0,22962.0,475150299.0,0.0
MHImain,HKFE,2022-07-21 16:00:00,20629.0,20644.0,20503.0,20608.0,16133.0,331747740.0,0.0
MHImain,HKFE,2022-07-21 20:00:00,20608.0,20757.0,20587.0,20654.0,18234.0,376838326.0,0.0
MHImain,HKFE,2022-07-22 00:00:00,20657.0,20724.0,20629.0,20715.0,4364.0,90282389.0,0.0
MHImain,HKFE,2022-07-22 08:00:00,20729.0,20808.0,20608.0,20644.0,29090.0,602371060.0,0.0
MHImain,HKFE,2022-07-22 12:00:00,20644.0,20656.0,20515.0,20637.0,21067.0,433786602.0,0.0
MHImain,HKFE,2022-07-22 16:00:00,20637.0,20655.0,20572.0,20622.0,9187.0,189403507.0,0.0
MHImain,HKFE,2022-07-22 20:00:00,20622.0,20696.0,20542.0,20602.0,10037.0,206898881.0,0.0
MHImain,HKFE,2022-07-23 00:00:00,20601.0,20601.0,20397.0,20424.0,6390.0,130933509.0,0.0
MHImain,HKFE,2022-07-25 08:00:00,20425.0,20586.0,20381.0,20476.0,30150.0,617618508.0,0.0
MHImain,HKFE,2022-07-25 12:00:00,20472.0,20613.0,20343.0,20543.0,25012.0,512047848.0,0.0
MHImain,HKFE,2022-07-25 16:00:00,20544.0,20650.0,20524.0,20644.0,10183.0,209529085.0,0.0
MHImain,HKFE,2022-07-25 20:00:00,20646.0,20679.0,20543.0,20577.0,9118.0,187920926.0,0.0
MHImain,HKFE,2022-07-26 00:00:00,20575.0,20682.0,20566.0,20651.0,3545.0,73177306.0,0.0
MHImain,HKFE,2022-07-26 08:00:00,20615.0,20884.0,20612.0,20876.0,34771.0,720894311.0,0.0
MHImain,HKFE,2022-07-26 12:00:00,20874.0,20976.0,20847.0,20938.0,18288.0,382367963.0,0.0
MHImain,HKFE,2022-07-26 16:00:00,20940.0,20975.0,20801.0,20818.0,11359.0,237473078.0,0.0
MHImain,HKFE,2022-07-26 20:00:00,20818.0,20873.0,20725.0,20736.0,9285.0,193064667.0,0.0
MHImain,HKFE,2022-07-27 00:00:00,20739.0,20741.0,20601.0,20636.0,5211.0,107609891.0,0.0
MHImain,HKFE,2022-07-27 08:00:00,20683.0,20780.0,20575.0,20589.0,25250.0,521772423.0,0.0
MHImain,HKFE,2022-07-27 12:00:00,20586.0,20712.0,20578.0,20603.0,14473.0,298750608.0,0.0
MHImain,HKFE,2022-07-27 16:00:00,20601.0,20686.0,20601.0,20678.0,7200.0,148639815.0,0.0
MHImain,HKFE,2022-07-27 20:00:00,20676.0,20715.0,20538.0,20639.0,4666.0,96238289.0,0.0
MHImain,HKFE,2022-07-28 00:00:00,20639.0,20765.0,20568.0,20720.0,2711.0,55993352.0,0.0
MHImain,HKFE,2022-07-28 08:00:00,20730.0,20760.0,20555.0,20646.0,26489.0,547164796.0,0.0
MHImain,HKFE,2022-07-28 12:00:00,20647.0,20647.0,20493.0,20599.0,20380.0,419232545.0,0.0
MHImain,HKFE,2022-07-28 16:00:00,20600.0,20631.0,20522.0,20567.0,10416.0,214359695.0,0.0
MHImain,HKFE,2022-07-28 20:00:00,20567.0,20658.0,20310.0,20413.0,16862.0,345311314.0,0.0
MHImain,HKFE,2022-07-29 00:00:00,20416.0,20567.0,20401.0,20562.0,6061.0,124077636.0,0.0
MHImain,HKFE,2022-07-29 08:00:00,20628.0,20658.0,20207.0,20207.0,36726.0,750529354.0,0.0
MHImain,HKFE,2022-07-29 12:00:00,20209.0,20222.0,20027.0,20062.0,28199.0,567419141.0,0.0
MHImain,HKFE,2022-07-29 16:00:00,20063.0,20152.0,20017.0,20063.0,11913.0,239260120.0,0.0
MHImain,HKFE,2022-07-29 20:00:00,20060.0,20124.0,19921.0,20026.0,14243.0,284962355.0,0.0
MHImain,HKFE,2022-07-30 00:00:00,20028.0,20097.0,19987.0,20028.0,4736.0,94883630.0,0.0
MHImain,HKFE,2022-08-01 08:00:00,19943.0,20096.0,19854.0,20052.0,36443.0,727483528.0,0.0
MHImain,HKFE,2022-08-01 12:00:00,20054.0,20191.0,20049.0,20165.0,20966.0,421839273.0,0.0
MHImain,HKFE,2022-08-01 16:00:00,20163.0,20235.0,20113.0,20152.0,10776.0,217296178.0,0.0
MHImain,HKFE,2022-08-01 20:00:00,20150.0,20155.0,19821.0,20030.0,19475.0,389180067.0,0.0
MHImain,HKFE,2022-08-02 00:00:00,20031.0,20031.0,19881.0,19917.0,5638.0,112442899.0,0.0
MHImain,HKFE,2022-08-02 08:00:00,19850.0,19900.0,19470.0,19549.0,39951.0,784354451.0,0.0
MHImain,HKFE,2022-08-02 12:00:00,19547.0,19744.0,19501.0,19648.0,23099.0,453434529.0,0.0
MHImain,HKFE,2022-08-02 16:00:00,19646.0,19670.0,19458.0,19527.0,14110.0,276436581.0,0.0
MHImain,HKFE,2022-08-02 20:00:00,19528.0,19842.0,19490.0,19742.0,24471.0,480521529.0,0.0
MHImain,HKFE,2022-08-03 00:00:00,19743.0,19973.0,19729.0,19800.0,11114.0,220540693.0,0.0
MHImain,HKFE,2022-08-03 08:00:00,19770.0,19898.0,19650.0,19688.0,34314.0,678657080.0,0.0
MHImain,HKFE,2022-08-03 12:00:00,19688.0,19857.0,19661.0,19689.0,21901.0,432811249.0,0.0
MHImain,HKFE,2022-08-03 16:00:00,19688.0,19784.0,19633.0,19772.0,10967.0,216124318.0,0.0
MHImain,HKFE,2022-08-03 20:00:00,19772.0,19797.0,19665.0,19777.0,11699.0,230839677.0,0.0
MHImain,HKFE,2022-08-04 00:00:00,19774.0,19947.0,19763.0,19930.0,7148.0,142102786.0,0.0
MHImain,HKFE,2022-08-04 08:00:00,19890.0,20195.0,19890.0,20099.0,32910.0,661309141.0,0.0
MHImain,HKFE,2022-08-04 12:00:00,20099.0,20118.0,19958.0,20068.0,19455.0,389915613.0,0.0
MHImain,HKFE,2022-08-04 16:00:00,20068.0,20336.0,20060.0,20237.0,14757.0,297702295.0,0.0
MHImain,HKFE,2022-08-04 20:00:00,20238.0,20353.0,20127.0,20167.0,18194.0,368256857.0,0.0
MHImain,HKFE,2022-08-05 00:00:00,20166.0,20225.0,20140.0,20200.0,4206.0,84910280.0,0.0
MHImain,HKFE,2022-08-05 08:00:00,20260.0,20303.0,20050.0,20120.0,31383.0,632555859.0,0.0
MHImain,HKFE,2022-08-05 12:00:00,20122.0,20252.0,20077.0,20175.0,20683.0,417148240.0,0.0
MHImain,HKFE,2022-08-05 16:00:00,20173.0,20193.0,20078.0,20100.0,9150.0,184350240.0,0.0
MHImain,HKFE,2022-08-05 20:00:00,20098.0,20139.0,19908.0,20035.0,16299.0,326167061.0,0.0
MHImain,HKFE,2022-08-06 00:00:00,20035.0,20047.0,19964.0,20006.0,5294.0,105904306.0,0.0
MHImain,HKFE,2022-08-08 08:00:00,20031.0,20165.0,19936.0,19994.0,30744.0,615432431.0,0.0
MHImain,HKFE,2022-08-08 12:00:00,19995.0,20063.0,19909.0,20031.0,16960.0,339205199.0,0.0
MHImain,HKFE,2022-08-08 16:00:00,20030.0,20088.0,19958.0,19996.0,8852.0,177242917.0,0.0
MHImain,HKFE,2022-08-08 20:00:00,19996.0,20096.0,19983.0,20056.0,8905.0,178546519.0,0.0
MHImain,HKFE,2022-08-09 00:00:00,20052.0,20073.0,19951.0,19952.0,4657.0,93138594.0,0.0
MHImain,HKFE,2022-08-09 08:00:00,19981.0,20116.0,19816.0,20101.0,34349.0,685040871.0,0.0
MHImain,HKFE,2022-08-09 12:00:00,20101.0,20236.0,19965.0,20018.0,30621.0,615405390.0,0.0
MHImain,HKFE,2022-08-09 16:00:00,20016.0,20036.0,19942.0,19966.0,8787.0,175585840.0,0.0
MHImain,HKFE,2022-08-09 20:00:00,19966.0,20032.0,19907.0,19951.0,9504.0,189656924.0,0.0
MHImain,HKFE,2022-08-10 00:00:00,19949.0,19956.0,19863.0,19899.0,3693.0,73524089.0,0.0
MHImain,HKFE,2022-08-10 08:00:00,19902.0,19920.0,19523.0,19589.0,35115.0,692302893.0,0.0
MHImain,HKFE,2022-08-10 12:00:00,19588.0,19589.0,19426.0,19485.0,19053.0,371499482.0,0.0
MHImain,HKFE,2022-08-10 16:00:00,19485.0,19618.0,19479.0,19609.0,12347.0,241312621.0,0.0
MHImain,HKFE,2022-08-10 20:00:00,19608.0,19796.0,19583.0,19747.0,18535.0,365280676.0,0.0
MHImain,HKFE,2022-08-11 00:00:00,19748.0,19836.0,19745.0,19799.0,5640.0,111663542.0,0.0
MHImain,HKFE,2022-08-11 08:00:00,19840.0,19915.0,19761.0,19886.0,30373.0,602132822.0,0.0
MHImain,HKFE,2022-08-11 12:00:00,19887.0,20057.0,19873.0,19981.0,25627.0,511695211.0,0.0
MHImain,HKFE,2022-08-11 16:00:00,19983.0,20075.0,19963.0,19999.0,10981.0,219785071.0,0.0
MHImain,HKFE,2022-08-11 20:00:00,19998.0,20333.0,19993.0,20170.0,19931.0,402436160.0,0.0
MHImain,HKFE,2022-08-12 00:00:00,20168.0,20177.0,20027.0,20051.0,6999.0,140765691.0,0.0
MHImain,HKFE,2022-08-12 08:00:00,20038.0,20152.0,19979.0,20081.0,30247.0,606511174.0,0.0
MHImain,HKFE,2022-08-12 12:00:00,20083.0,20201.0,20063.0,20123.0,19041.0,383360097.0,0.0
MHImain,HKFE,2022-08-12 16:00:00,20123.0,20168.0,19870.0,19898.0,15350.0,307611316.0,0.0
MHImain,HKFE,2022-08-12 20:00:00,19899.0,20026.0,19873.0,19998.0,12717.0,253892213.0,0.0
MHImain,HKFE,2022-08-13 00:00:00,20000.0,20160.0,19998.0,20122.0,6117.0,122799914.0,0.0
MHImain,HKFE,2022-08-15 08:00:00,20080.0,20253.0,19951.0,20107.0,33100.0,664755077.0,0.0
MHImain,HKFE,2022-08-15 12:00:00,20108.0,20172.0,20038.0,20083.0,16126.0,324264380.0,0.0
MHImain,HKFE,2022-08-15 16:00:00,20083.0,20088.0,19954.0,20013.0,10959.0,219429834.0,0.0
MHImain,HKFE,2022-08-15 20:00:00,20012.0,20022.0,19928.0,19968.0,8933.0,178443827.0,0.0
MHImain,HKFE,2022-08-16 00:00:00,19965.0,20093.0,19964.0,20072.0,4689.0,94031300.0,0.0
MHImain,HKFE,2022-08-16 08:00:00,20075.0,20165.0,20005.0,20054.0,29549.0,593354342.0,0.0
MHImain,HKFE,2022-08-16 12:00:00,20052.0,20060.0,19649.0,19764.0,33215.0,659459638.0,0.0
MHImain,HKFE,2022-08-16 16:00:00,19769.0,19898.0,19715.0,19864.0,14425.0,285585539.0,0.0
MHImain,HKFE,2022-08-16 20:00:00,19862.0,19929.0,19819.0,19911.0,8773.0,174391287.0,0.0
MHImain,HKFE,2022-08-17 00:00:00,19915.0,19982.0,19900.0,19933.0,4149.0,82737538.0,0.0
MHImain,HKFE,2022-08-17 08:00:00,19990.0,20020.0,19776.0,19954.0,30806.0,612417694.0,0.0
MHImain,HKFE,2022-08-17 12:00:00,19953.0,20068.0,19916.0,19922.0,20174.0,403122294.0,0.0
MHImain,HKFE,2022-08-17 16:00:00,19924.0,19940.0,19812.0,19820.0,9918.0,197193133.0,0.0
MHImain,HKFE,2022-08-17 20:00:00,19817.0,19933.0,19763.0,19871.0,11093.0,220261115.0,0.0
MHImain,HKFE,2022-08-18 00:00:00,19868.0,19993.0,19831.0,19960.0,5497.0,109453229.0,0.0
MHImain,HKFE,2022-08-18 08:00:00,19979.0,19991.0,19746.0,19826.0,29596.0,587075522.0,0.0
MHImain,HKFE,2022-08-18 12:00:00,19825.0,19875.0,19688.0,19704.0,20663.0,408466340.0,0.0
MHImain,HKFE,2022-08-18 16:00:00,19706.0,19803.0,19658.0,19772.0,11683.0,230443058.0,0.0
MHImain,HKFE,2022-08-18 20:00:00,19771.0,19804.0,19630.0,19707.0,9638.0,189893840.0,0.0
MHImain,HKFE,2022-08-19 00:00:00,19707.0,19740.0,19638.0,19716.0,4369.0,86009980.0,0.0
MHImain,HKFE,2022-08-19 08:00:00,19662.0,19892.0,19603.0,19867.0,29820.0,589643862.0,0.0
MHImain,HKFE,2022-08-19 12:00:00,19867.0,19898.0,19678.0,19710.0,20598.0,407673660.0,0.0
MHImain,HKFE,2022-08-19 16:00:00,19710.0,19786.0,19628.0,19650.0,9425.0,185865822.0,0.0
MHImain,HKFE,2022-08-19 20:00:00,19649.0,19700.0,19538.0,19549.0,9501.0,186357280.0,0.0
MHImain,HKFE,2022-08-20 00:00:00,19550.0,19605.0,19543.0,19552.0,3763.0,73651575.0,0.0
MHImain,HKFE,2022-08-22 08:00:00,19510.0,19818.0,19452.0,19768.0,32509.0,639173668.0,0.0
MHImain,HKFE,2022-08-22 12:00:00,19769.0,19818.0,19698.0,19718.0,16874.0,333249702.0,0.0
MHImain,HKFE,2022-08-22 16:00:00,19716.0,19729.0,19553.0,19623.0,12581.0,247110731.0,0.0
MHImain,HKFE,2022-08-22 20:00:00,19622.0,19679.0,19569.0,19651.0,8864.0,173923495.0,0.0
MHImain,HKFE,2022-08-23 00:00:00,19650.0,19662.0,19580.0,19585.0,3808.0,74733151.0,0.0
MHImain,HKFE,2022-08-23 08:00:00,19598.0,19679.0,19435.0,19523.0,31065.0,606973786.0,0.0
MHImain,HKFE,2022-08-23 12:00:00,19522.0,19587.0,19345.0,19375.0,23823.0,463630265.0,0.0
MHImain,HKFE,2022-08-23 16:00:00,19375.0,19533.0,19371.0,19498.0,12755.0,248102052.0,0.0
MHImain,HKFE,2022-08-23 20:00:00,19497.0,19545.0,19351.0,19491.0,13238.0,257721757.0,0.0
MHImain,HKFE,2022-08-24 00:00:00,19491.0,19528.0,19461.0,19493.0,3784.0,73777633.0,0.0
MHImain,HKFE,2022-08-24 08:00:00,19495.0,19529.0,19193.0,19213.0,31552.0,609940138.0,0.0
MHImain,HKFE,2022-08-24 12:00:00,19215.0,19282.0,19165.0,19268.0,18739.0,360370216.0,0.0
MHImain,HKFE,2022-08-24 16:00:00,19268.0,19307.0,19204.0,19260.0,10914.0,210094962.0,0.0
MHImain,HKFE,2022-08-24 20:00:00,19260.0,19268.0,19248.0,19263.0,733.0,14116943.0,0.0
MHImain,HKFE,2022-08-25 00:00:00,19263.0,19263.0,19263.0,19263.0,0.0,0.0,0.0
MHImain,HKFE,2022-08-25 08:00:00,19263.0,19263.0,19263.0,19263.0,0.0,0.0,0.0
MHImain,HKFE,2022-08-25 12:00:00,19263.0,19834.0,19263.0,19828.0,39804.0,780527491.0,0.0
MHImain,HKFE,2022-08-25 16:00:00,19823.0,19974.0,19816.0,19957.0,24311.0,484074082.0,0.0
MHImain,HKFE,2022-08-25 20:00:00,19954.0,20187.0,19865.0,20072.0,24098.0,482893826.0,0.0
MHImain,HKFE,2022-08-26 00:00:00,20073.0,20166.0,20020.0,20140.0,8049.0,161697052.0,0.0
MHImain,HKFE,2022-08-26 08:00:00,20160.0,20237.0,20052.0,20092.0,31582.0,635456792.0,0.0
MHImain,HKFE,2022-08-26 12:00:00,20092.0,20133.0,20044.0,20106.0,16542.0,332305567.0,0.0
MHImain,HKFE,2022-08-26 16:00:00,20105.0,20205.0,20080.0,20163.0,9915.0,199751812.0,0.0
MHImain,HKFE,2022-08-26 20:00:00,20163.0,20674.0,20158.0,20228.0,35853.0,732462791.0,0.0
MHImain,HKFE,2022-08-27 00:00:00,20232.0,20273.0,20130.0,20145.0,7937.0,160395001.0,0.0
MHImain,HKFE,2022-08-29 08:00:00,20000.0,20057.0,19857.0,20016.0,28233.0,563593174.0,0.0
MHImain,HKFE,2022-08-29 12:00:00,20017.0,20074.0,19966.0,20008.0,12568.0,251555342.0,0.0
MHImain,HKFE,2022-08-29 16:00:00,20006.0,20082.0,19898.0,19951.0,8121.0,162506321.0,0.0
MHImain,HKFE,2022-08-29 20:00:00,19952.0,20127.0,19951.0,19974.0,6192.0,124027694.0,0.0
MHImain,HKFE,2022-08-30 00:00:00,19975.0,20019.0,19925.0,19970.0,3128.0,62491340.0,0.0
MHImain,HKFE,2022-08-30 08:00:00,19933.0,20022.0,19526.0,19646.0,34602.0,681362369.0,0.0
MHImain,HKFE,2022-08-30 12:00:00,19644.0,19858.0,19634.0,19773.0,21229.0,419549274.0,0.0
MHImain,HKFE,2022-08-30 16:00:00,19774.0,19886.0,19748.0,19868.0,10498.0,208182447.0,0.0
MHImain,HKFE,2022-08-30 20:00:00,19867.0,19870.0,19436.0,19491.0,19571.0,383865481.0,0.0
MHImain,HKFE,2022-08-31 00:00:00,19494.0,19570.0,19414.0,19429.0,7084.0,138043598.0,0.0
MHImain,HKFE,2022-08-31 08:00:00,19510.0,19668.0,19422.0,19664.0,30881.0,604013983.0,0.0
MHImain,HKFE,2022-08-31 12:00:00,19662.0,20075.0,19638.0,19880.0,36715.0,729832932.0,0.0
MHImain,HKFE,2022-08-31 16:00:00,19880.0,19901.0,19746.0,19791.0,12756.0,252884008.0,0.0
MHImain,HKFE,2022-08-31 20:00:00,19788.0,19966.0,19776.0,19798.0,16182.0,321560961.0,0.0
MHImain,HKFE,2022-09-01 00:00:00,19794.0,19828.0,19727.0,19759.0,5080.0,100511278.0,0.0
MHImain,HKFE,2022-09-01 08:00:00,19621.0,19748.0,19571.0,19714.0,31731.0,623777964.0,0.0
MHImain,HKFE,2022-09-01 12:00:00,19716.0,19725.0,19446.0,19476.0,27402.0,535916443.0,0.0
MHImain,HKFE,2022-09-01 16:00:00,19475.0,19563.0,19452.0,19524.0,11765.0,229477508.0,0.0
MHImain,HKFE,2022-09-01 20:00:00,19525.0,19554.0,19355.0,19402.0,14441.0,280775053.0,0.0
MHImain,HKFE,2022-09-02 00:00:00,19399.0,19497.0,19369.0,19478.0,5290.0,102757826.0,0.0
MHImain,HKFE,2022-09-02 08:00:00,19502.0,19546.0,19310.0,19384.0,31392.0,609689254.0,0.0
MHImain,HKFE,2022-09-02 12:00:00,19383.0,19430.0,19247.0,19397.0,19783.0,382480321.0,0.0
MHImain,HKFE,2022-09-02 16:00:00,19397.0,19418.0,19321.0,19339.0,10573.0,204811814.0,0.0
MHImain,HKFE,2022-09-02 20:00:00,19343.0,19449.0,19272.0,19418.0,12661.0,245240765.0,0.0
MHImain,HKFE,2022-09-03 00:00:00,19419.0,19458.0,19235.0,19250.0,7209.0,139405449.0,0.0
MHImain,HKFE,2022-09-05 08:00:00,19281.0,19290.0,18972.0,18993.0,35115.0,670677535.0,0.0
MHImain,HKFE,2022-09-05 12:00:00,18995.0,19233.0,18994.0,19194.0,20193.0,385929684.0,0.0
MHImain,HKFE,2022-09-05 16:00:00,19191.0,19312.0,19111.0,19192.0,11536.0,221226638.0,0.0
MHImain,HKFE,2022-09-05 20:00:00,19191.0,19239.0,19144.0,19212.0,3515.0,67484078.0,0.0
MHImain,HKFE,2022-09-06 00:00:00,19212.0,19233.0,19201.0,19202.0,1057.0,20312988.0,0.0
MHImain,HKFE,2022-09-06 08:00:00,19280.0,19322.0,19085.0,19134.0,30998.0,595132730.0,0.0
MHImain,HKFE,2022-09-06 12:00:00,19132.0,19260.0,19060.0,19205.0,21181.0,405636222.0,0.0
MHImain,HKFE,2022-09-06 16:00:00,19205.0,19246.0,19094.0,19140.0,9468.0,181565482.0,0.0
MHImain,HKFE,2022-09-06 20:00:00,19140.0,19144.0,18894.0,19001.0,14036.0,266809712.0,0.0
MHImain,HKFE,2022-09-07 00:00:00,19000.0,19027.0,18925.0,18931.0,4962.0,94148187.0,0.0
MHImain,HKFE,2022-09-07 08:00:00,18874.0,18964.0,18790.0,18845.0,32818.0,619560254.0,0.0
MHImain,HKFE,2022-09-07 12:00:00,18841.0,19052.0,18772.0,19047.0,25956.0,489644700.0,0.0
MHImain,HKFE,2022-09-07 16:00:00,19047.0,19056.0,18925.0,18963.0,13358.0,253648677.0,0.0
MHImain,HKFE,2022-09-07 20:00:00,18963.0,18991.0,18845.0,18981.0,10947.0,207105152.0,0.0
MHImain,HKFE,2022-09-08 00:00:00,18980.0,19104.0,18953.0,19104.0,4711.0,89544598.0,0.0
MHImain,HKFE,2022-09-08 08:00:00,19090.0,19095.0,18880.0,18959.0,29029.0,550423264.0,0.0
MHImain,HKFE,2022-09-08 12:00:00,18959.0,18973.0,18813.0,18858.0,18874.0,356543384.0,0.0
MHImain,HKFE,2022-09-08 16:00:00,18858.0,18893.0,18770.0,18880.0,13852.0,260788218.0,0.0
MHImain,HKFE,2022-09-08 20:00:00,18881.0,18916.0,18722.0,18911.0,13172.0,248017432.0,0.0
MHImain,HKFE,2022-09-09 00:00:00,18913.0,18920.0,18779.0,18830.0,5914.0,111498877.0,0.0
MHImain,HKFE,2022-09-09 08:00:00,18897.0,19314.0,18867.0,19265.0,39702.0,760200531.0,0.0
MHImain,HKFE,2022-09-09 12:00:00,19267.0,19382.0,19255.0,19372.0,16961.0,327871682.0,0.0
MHImain,HKFE,2022-09-09 16:00:00,19375.0,19413.0,19281.0,19309.0,13132.0,254267399.0,0.0
MHImain,HKFE,2022-09-09 20:00:00,19312.0,19351.0,19226.0,19292.0,8598.0,165900970.0,0.0
MHImain,HKFE,2022-09-10 00:00:00,19294.0,19306.0,19253.0,19261.0,3073.0,59239412.0,0.0
MHImain,HKFE,2022-09-13 08:00:00,19475.0,19514.0,19285.0,19472.0,30322.0,588261133.0,0.0
MHImain,HKFE,2022-09-13 12:00:00,19472.0,19481.0,19356.0,19367.0,15321.0,297596417.0,0.0
MHImain,HKFE,2022-09-13 16:00:00,19366.0,19390.0,19274.0,19328.0,9803.0,189400648.0,0.0
MHImain,HKFE,2022-09-13 20:00:00,19326.0,19405.0,19031.0,19053.0,16959.0,324643962.0,0.0
MHImain,HKFE,2022-09-14 00:00:00,19054.0,19080.0,18840.0,18885.0,4636.0,88095133.0,0.0
MHImain,HKFE,2022-09-14 08:00:00,18853.0,18973.0,18794.0,18813.0,30801.0,580953508.0,0.0
MHImain,HKFE,2022-09-14 12:00:00,18813.0,18896.0,18759.0,18841.0,18255.0,343542422.0,0.0
MHImain,HKFE,2022-09-14 16:00:00,18842.0,18885.0,18794.0,18818.0,9875.0,186023692.0,0.0
MHImain,HKFE,2022-09-14 20:00:00,18820.0,18860.0,18742.0,18830.0,10064.0,189283096.0,0.0
MHImain,HKFE,2022-09-15 00:00:00,18831.0,18861.0,18791.0,18808.0,3636.0,68447068.0,0.0
MHImain,HKFE,2022-09-15 08:00:00,18809.0,18989.0,18788.0,18915.0,27270.0,515470294.0,0.0
MHImain,HKFE,2022-09-15 12:00:00,18916.0,18946.0,18824.0,18899.0,14375.0,271501196.0,0.0
MHImain,HKFE,2022-09-15 16:00:00,18897.0,18956.0,18797.0,18830.0,10334.0,195268281.0,0.0
MHImain,HKFE,2022-09-15 20:00:00,18833.0,18948.0,18772.0,18815.0,11193.0,211027564.0,0.0
MHImain,HKFE,2022-09-16 00:00:00,18816.0,18903.0,18802.0,18810.0,4692.0,88434194.0,0.0
MHImain,HKFE,2022-09-16 08:00:00,18740.0,18859.0,18637.0,18831.0,35896.0,672953020.0,0.0
MHImain,HKFE,2022-09-16 12:00:00,18832.0,18908.0,18744.0,18772.0,18169.0,341851570.0,0.0
MHImain,HKFE,2022-09-16 16:00:00,18771.0,18791.0,18665.0,18763.0,11861.0,222281777.0,0.0
MHImain,HKFE,2022-09-16 20:00:00,18765.0,18782.0,18658.0,18699.0,9615.0,179996381.0,0.0
MHImain,HKFE,2022-09-17 00:00:00,18696.0,18724.0,18622.0,18670.0,5792.0,108107640.0,0.0
MHImain,HKFE,2022-09-19 08:00:00,18734.0,18764.0,18501.0,18588.0,36005.0,669508063.0,0.0
MHImain,HKFE,2022-09-19 12:00:00,18592.0,18607.0,18488.0,18562.0,16480.0,305695982.0,0.0
MHImain,HKFE,2022-09-19 16:00:00,18562.0,18613.0,18516.0,18606.0,10862.0,201574936.0,0.0
MHImain,HKFE,2022-09-19 20:00:00,18607.0,18677.0,18560.0,18673.0,8648.0,161008711.0,0.0
MHImain,HKFE,2022-09-20 00:00:00,18672.0,18699.0,18618.0,18694.0,4062.0,75801348.0,0.0
MHImain,HKFE,2022-09-20 08:00:00,18749.0,18831.0,18672.0,18801.0,30327.0,568879196.0,0.0
MHImain,HKFE,2022-09-20 12:00:00,18802.0,18873.0,18737.0,18763.0,17107.0,321477474.0,0.0
MHImain,HKFE,2022-09-20 16:00:00,18761.0,18832.0,18688.0,18707.0,12072.0,226544709.0,0.0
MHImain,HKFE,2022-09-20 20:00:00,18712.0,18735.0,18660.0,18721.0,7627.0,142589939.0,0.0
MHImain,HKFE,2022-09-21 00:00:00,18722.0,18726.0,18560.0,18599.0,4367.0,81422550.0,0.0
MHImain,HKFE,2022-09-21 08:00:00,18600.0,18623.0,18433.0,18486.0,28642.0,530473647.0,0.0
MHImain,HKFE,2022-09-21 12:00:00,18487.0,18630.0,18437.0,18479.0,22531.0,417339453.0,0.0
MHImain,HKFE,2022-09-21 16:00:00,18477.0,18498.0,18421.0,18474.0,11155.0,205901528.0,0.0
MHImain,HKFE,2022-09-21 20:00:00,18475.0,18497.0,18343.0,18385.0,8375.0,154135628.0,0.0
MHImain,HKFE,2022-09-22 00:00:00,18384.0,18488.0,18238.0,18435.0,9215.0,169151743.0,0.0
MHImain,HKFE,2022-09-22 08:00:00,18128.0,18182.0,17955.0,18116.0,34499.0,623687475.0,0.0
MHImain,HKFE,2022-09-22 12:00:00,18116.0,18137.0,18047.0,18073.0,13634.0,246648783.0,0.0
MHImain,HKFE,2022-09-22 16:00:00,18071.0,18179.0,18049.0,18127.0,10220.0,185187333.0,0.0
MHImain,HKFE,2022-09-22 20:00:00,18127.0,18225.0,18090.0,18102.0,9855.0,178886684.0,0.0
MHImain,HKFE,2022-09-23 00:00:00,18101.0,18118.0,18059.0,18104.0,4005.0,72451009.0,0.0
MHImain,HKFE,2022-09-23 08:00:00,18088.0,18157.0,17981.0,18019.0,28082.0,507348231.0,0.0
MHImain,HKFE,2022-09-23 12:00:00,18019.0,18103.0,17942.0,18025.0,21197.0,382042634.0,0.0
MHImain,HKFE,2022-09-23 16:00:00,18029.0,18029.0,17808.0,17831.0,16440.0,294722299.0,0.0
MHImain,HKFE,2022-09-23 20:00:00,17831.0,17869.0,17727.0,17794.0,10348.0,184185394.0,0.0
MHImain,HKFE,2022-09-24 00:00:00,17794.0,17850.0,17700.0,17709.0,6590.0,117174199.0,0.0
MHImain,HKFE,2022-09-26 08:00:00,17718.0,18084.0,17710.0,17932.0,36390.0,652379767.0,0.0
MHImain,HKFE,2022-09-26 12:00:00,17932.0,17988.0,17728.0,17775.0,23534.0,420206450.0,0.0
MHImain,HKFE,2022-09-26 16:00:00,17777.0,17952.0,17772.0,17787.0,15485.0,276472759.0,0.0
MHImain,HKFE,2022-09-26 20:00:00,17788.0,17976.0,17782.0,17937.0,9388.0,168029990.0,0.0
MHImain,HKFE,2022-09-27 00:00:00,17940.0,17942.0,17780.0,17842.0,4941.0,88175765.0,0.0
MHImain,HKFE,2022-09-27 08:00:00,17895.0,17913.0,17656.0,17662.0,32556.0,579337968.0,0.0
MHImain,HKFE,2022-09-27 12:00:00,17662.0,17882.0,17651.0,17818.0,21045.0,373617429.0,0.0
MHImain,HKFE,2022-09-27 16:00:00,17822.0,17892.0,17757.0,17797.0,11973.0,213439450.0,0.0
MHImain,HKFE,2022-09-27 20:00:00,17793.0,17888.0,17739.0,17762.0,8694.0,154731223.0,0.0
MHImain,HKFE,2022-09-28 00:00:00,17766.0,17766.0,17522.0,17603.0,7932.0,139729003.0,0.0
MHImain,HKFE,2022-09-28 08:00:00,17628.0,17675.0,17358.0,17474.0,33465.0,585785700.0,0.0
MHImain,HKFE,2022-09-28 12:00:00,17474.0,17507.0,17313.0,17316.0,19559.0,340538802.0,0.0
MHImain,HKFE,2022-09-28 16:00:00,17317.0,17349.0,17175.0,17282.0,17075.0,294661046.0,0.0
MHImain,HKFE,2022-09-28 20:00:00,17284.0,17531.0,17264.0,17475.0,7850.0,136701862.0,0.0
MHImain,HKFE,2022-09-29 00:00:00,17474.0,17665.0,17473.0,17663.0,3878.0,68149575.0,0.0
MHImain,HKFE,2022-09-29 08:00:00,17610.0,17644.0,17411.0,17446.0,27060.0,474397889.0,0.0
MHImain,HKFE,2022-09-29 12:00:00,17446.0,17499.0,17027.0,17142.0,31109.0,537022416.0,0.0
MHImain,HKFE,2022-09-29 16:00:00,17141.0,17273.0,17061.0,17270.0,15113.0,259121997.0,0.0
MHImain,HKFE,2022-09-29 20:00:00,17271.0,17297.0,17061.0,17165.0,13876.0,238242374.0,0.0
MHImain,HKFE,2022-09-30 00:00:00,17165.0,17214.0,17095.0,17148.0,5277.0,90552660.0,0.0
MHImain,HKFE,2022-09-30 08:00:00,17151.0,17362.0,17044.0,17197.0,44441.0,764653248.0,0.0
MHImain,HKFE,2022-09-30 12:00:00,17197.0,17261.0,17126.0,17236.0,21469.0,369323919.0,0.0
MHImain,HKFE,2022-09-30 16:00:00,17234.0,17346.0,17148.0,17193.0,14906.0,257242786.0,0.0
MHImain,HKFE,2022-09-30 20:00:00,17194.0,17317.0,17109.0,17306.0,9658.0,166150917.0,0.0
MHImain,HKFE,2022-10-01 00:00:00,17307.0,17328.0,17190.0,17200.0,4252.0,73361490.0,0.0
MHImain,HKFE,2022-10-03 08:00:00,17010.0,17277.0,16979.0,17064.0,33107.0,566723202.0,0.0
MHImain,HKFE,2022-10-03 12:00:00,17062.0,17183.0,16928.0,17106.0,26297.0,448421028.0,0.0
MHImain,HKFE,2022-10-03 16:00:00,17105.0,17145.0,17054.0,17127.0,10137.0,173270015.0,0.0
MHImain,HKFE,2022-10-03 20:00:00,17127.0,17306.0,17116.0,17286.0,11262.0,193895943.0,0.0
MHImain,HKFE,2022-10-04 00:00:00,17282.0,17350.0,17261.0,17350.0,4461.0,77176409.0,0.0
MHImain,HKFE,2022-10-05 08:00:00,17721.0,18005.0,17673.0,17963.0,43380.0,773796116.0,0.0
MHImain,HKFE,2022-10-05 12:00:00,17964.0,18204.0,17958.0,18138.0,27759.0,502258952.0,0.0
MHImain,HKFE,2022-10-05 16:00:00,18140.0,18172.0,18029.0,18064.0,15446.0,279507602.0,0.0
MHImain,HKFE,2022-10-05 20:00:00,18062.0,18073.0,17866.0,17893.0,12643.0,227167456.0,0.0
MHImain,HKFE,2022-10-06 00:00:00,17896.0,18044.0,17880.0,18041.0,5958.0,107064109.0,0.0
MHImain,HKFE,2022-10-06 08:00:00,18100.0,18132.0,17981.0,18010.0,31851.0,574577789.0,0.0
MHImain,HKFE,2022-10-06 12:00:00,18011.0,18164.0,17994.0,18019.0,18940.0,342209535.0,0.0
MHImain,HKFE,2022-10-06 16:00:00,18018.0,18057.0,17913.0,17944.0,10541.0,189770585.0,0.0
MHImain,HKFE,2022-10-06 20:00:00,17945.0,18013.0,17870.0,17899.0,11147.0,199937791.0,0.0
MHImain,HKFE,2022-10-07 00:00:00,17902.0,17965.0,17873.0,17898.0,4619.0,82775599.0,0.0
MHImain,HKFE,2022-10-07 08:00:00,17835.0,17905.0,17797.0,17834.0,26028.0,464633880.0,0.0
MHImain,HKFE,2022-10-07 12:00:00,17833.0,17860.0,17732.0,17775.0,18912.0,336528917.0,0.0
MHImain,HKFE,2022-10-07 16:00:00,17776.0,17817.0,17713.0,17775.0,9374.0,166542729.0,0.0
MHImain,HKFE,2022-10-07 20:00:00,17776.0,17798.0,17606.0,17646.0,16255.0,287486127.0,0.0
MHImain,HKFE,2022-10-08 00:00:00,17646.0,17651.0,17551.0,17555.0,5426.0,95506394.0,0.0
MHImain,HKFE,2022-10-10 08:00:00,17480.0,17484.0,17271.0,17320.0,35763.0,620748234.0,0.0
MHImain,HKFE,2022-10-10 12:00:00,17322.0,17333.0,17189.0,17223.0,21726.0,374801207.0,0.0
MHImain,HKFE,2022-10-10 16:00:00,17224.0,17302.0,17206.0,17278.0,12735.0,219751107.0,0.0
MHImain,HKFE,2022-10-10 20:00:00,17280.0,17326.0,17119.0,17143.0,10903.0,187774440.0,0.0
MHImain,HKFE,2022-10-11 00:00:00,17141.0,17184.0,17075.0,17122.0,5856.0,100325798.0,0.0
MHImain,HKFE,2022-10-11 08:00:00,17158.0,17253.0,16892.0,16953.0,40138.0,683542636.0,0.0
MHImain,HKFE,2022-10-11 12:00:00,16952.0,17045.0,16825.0,16896.0,27053.0,457868609.0,0.0
MHImain,HKFE,2022-10-11 16:00:00,16897.0,16912.0,16773.0,16840.0,17138.0,288689759.0,0.0
MHImain,HKFE,2022-10-11 20:00:00,16839.0,16937.0,16643.0,16778.0,16884.0,283168139.0,0.0
MHImain,HKFE,2022-10-12 00:00:00,16777.0,16900.0,16694.0,16700.0,8280.0,139340967.0,0.0
MHImain,HKFE,2022-10-12 08:00:00,16730.0,16795.0,16455.0,16536.0,39619.0,656928400.0,0.0
MHImain,HKFE,2022-10-12 12:00:00,16539.0,17060.0,16444.0,16899.0,49520.0,827507511.0,0.0
MHImain,HKFE,2022-10-12 16:00:00,16897.0,16901.0,16658.0,16745.0,23418.0,392673961.0,0.0
MHImain,HKFE,2022-10-12 20:00:00,16742.0,16759.0,16552.0,16607.0,15485.0,257888037.0,0.0
MHImain,HKFE,2022-10-13 00:00:00,16610.0,16680.0,16587.0,16642.0,4400.0,73167455.0,0.0
MHImain,HKFE,2022-10-13 08:00:00,16672.0,16737.0,16461.0,16552.0,40499.0,671965073.0,0.0
MHImain,HKFE,2022-10-13 12:00:00,16552.0,16661.0,16463.0,16495.0,24911.0,411875656.0,0.0
MHImain,HKFE,2022-10-13 16:00:00,16494.0,16496.0,16385.0,16482.0,16455.0,270376897.0,0.0
MHImain,HKFE,2022-10-13 20:00:00,16481.0,16585.0,16135.0,16486.0,30891.0,503531104.0,0.0
MHImain,HKFE,2022-10-14 00:00:00,16486.0,16712.0,16465.0,16689.0,17618.0,292321518.0,0.0
MHImain,HKFE,2022-10-14 08:00:00,16655.0,16981.0,16580.0,16962.0,42038.0,707276437.0,0.0
MHImain,HKFE,2022-10-14 12:00:00,16962.0,17038.0,16737.0,16753.0,33158.0,560041105.0,0.0
MHImain,HKFE,2022-10-14 16:00:00,16754.0,16758.0,16522.0,16658.0,24276.0,403515532.0,0.0
MHImain,HKFE,2022-10-14 20:00:00,16658.0,16767.0,16453.0,16472.0,17831.0,295846781.0,0.0
MHImain,HKFE,2022-10-15 00:00:00,16472.0,16499.0,16386.0,16395.0,6313.0,103781067.0,0.0
MHImain,HKFE,2022-10-17 08:00:00,16385.0,16612.0,16322.0,16345.0,40732.0,670014150.0,0.0
MHImain,HKFE,2022-10-17 12:00:00,16344.0,16589.0,16343.0,16530.0,27213.0,448750177.0,0.0
MHImain,HKFE,2022-10-17 16:00:00,16532.0,16760.0,16509.0,16635.0,24974.0,415136354.0,0.0
MHImain,HKFE,2022-10-17 20:00:00,16635.0,16894.0,16633.0,16847.0,14454.0,242676742.0,0.0
MHImain,HKFE,2022-10-18 00:00:00,16843.0,16915.0,16824.0,16875.0,4972.0,83916810.0,0.0
MHImain,HKFE,2022-10-18 08:00:00,16955.0,16960.0,16548.0,16672.0,41703.0,697621896.0,0.0
MHImain,HKFE,2022-10-18 12:00:00,16672.0,16892.0,16645.0,16835.0,32467.0,545264470.0,0.0
MHImain,HKFE,2022-10-18 16:00:00,16835.0,16950.0,16806.0,16881.0,15220.0,256826290.0,0.0
MHImain,HKFE,2022-10-18 20:00:00,16877.0,16982.0,16657.0,16661.0,16690.0,280845226.0,0.0
MHImain,HKFE,2022-10-19 00:00:00,16663.0,16754.0,16614.0,16698.0,8069.0,134581579.0,0.0
MHImain,HKFE,2022-10-19 08:00:00,16800.0,16940.0,16691.0,16706.0,38298.0,644167383.0,0.0
MHImain,HKFE,2022-10-19 12:00:00,16709.0,16774.0,16535.0,16546.0,28973.0,482417920.0,0.0
MHImain,HKFE,2022-10-19 16:00:00,16549.0,16578.0,16481.0,16486.0,16052.0,265340372.0,0.0
MHImain,HKFE,2022-10-19 20:00:00,16488.0,16498.0,16369.0,16403.0,13849.0,227651668.0,0.0
MHImain,HKFE,2022-10-20 00:00:00,16406.0,16420.0,16225.0,16229.0,6379.0,104218254.0,0.0
MHImain,HKFE,2022-10-20 08:00:00,16201.0,16248.0,16016.0,16125.0,44780.0,722400634.0,0.0
MHImain,HKFE,2022-10-20 12:00:00,16124.0,16475.0,16072.0,16249.0,43869.0,713826040.0,0.0
MHImain,HKFE,2022-10-20 16:00:00,16250.0,16417.0,16204.0,16395.0,14414.0,234723161.0,0.0
MHImain,HKFE,2022-10-20 20:00:00,16393.0,16608.0,16308.0,16535.0,19451.0,320228399.0,0.0
MHImain,HKFE,2022-10-21 00:00:00,16530.0,16538.0,16301.0,16342.0,8304.0,136369921.0,0.0
MHImain,HKFE,2022-10-21 08:00:00,16314.0,16375.0,16177.0,16322.0,39815.0,647865682.0,0.0
MHImain,HKFE,2022-10-21 12:00:00,16323.0,16326.0,16141.0,16246.0,23902.0,387714585.0,0.0
MHImain,HKFE,2022-10-21 16:00:00,16245.0,16317.0,16110.0,16137.0,14139.0,229350808.0,0.0
MHImain,HKFE,2022-10-21 20:00:00,16137.0,16323.0,16086.0,16268.0,20236.0,328092515.0,0.0
MHImain,HKFE,2022-10-22 00:00:00,16264.0,16393.0,16254.0,16383.0,8302.0,135599490.0,0.0
MHImain,HKFE,2022-10-24 08:00:00,16240.0,16240.0,15445.0,15508.0,68228.0,1072279970.0,0.0
MHImain,HKFE,2022-10-24 12:00:00,15512.0,15543.0,15147.0,15221.0,42586.0,652141742.0,0.0
MHImain,HKFE,2022-10-24 16:00:00,15220.0,15274.0,15091.0,15188.0,20521.0,311516785.0,0.0
MHImain,HKFE,2022-10-24 20:00:00,15188.0,15272.0,14797.0,15069.0,23565.0,354610430.0,0.0
MHImain,HKFE,2022-10-25 00:00:00,15069.0,15118.0,15010.0,15104.0,7330.0,110470184.0,0.0
MHImain,HKFE,2022-10-25 08:00:00,15149.0,15328.0,14957.0,15188.0,70480.0,1066504457.0,0.0
MHImain,HKFE,2022-10-25 12:00:00,15189.0,15448.0,15115.0,15183.0,46907.0,716454509.0,0.0
MHImain,HKFE,2022-10-25 16:00:00,15185.0,15262.0,15064.0,15126.0,18436.0,279568084.0,0.0
MHImain,HKFE,2022-10-25 20:00:00,15124.0,15295.0,15105.0,15196.0,12383.0,188216231.0,0.0
MHImain,HKFE,2022-10-26 00:00:00,15196.0,15223.0,15150.0,15190.0,3101.0,47101905.0,0.0
MHImain,HKFE,2022-10-26 08:00:00,15133.0,15594.0,15051.0,15507.0,54053.0,832124396.0,0.0
MHImain,HKFE,2022-10-26 12:00:00,15506.0,15594.0,15223.0,15272.0,37585.0,577967987.0,0.0
MHImain,HKFE,2022-10-26 16:00:00,15274.0,15367.0,15238.0,15271.0,11156.0,170733639.0,0.0
MHImain,HKFE,2022-10-26 20:00:00,15273.0,15668.0,15219.0,15652.0,18517.0,286347898.0,0.0
MHImain,HKFE,2022-10-27 00:00:00,15652.0,15742.0,15591.0,15642.0,8190.0,128242991.0,0.0
MHImain,HKFE,2022-10-27 08:00:00,15697.0,15843.0,15634.0,15664.0,43991.0,692320934.0,0.0
MHImain,HKFE,2022-10-27 12:00:00,15664.0,15688.0,15435.0,15441.0,24093.0,375387867.0,0.0
MHImain,HKFE,2022-10-27 16:00:00,15441.0,15498.0,15398.0,15445.0,9840.0,152004690.0,0.0
MHImain,HKFE,2022-10-27 20:00:00,15441.0,15618.0,15404.0,15606.0,7854.0,121802988.0,0.0
MHImain,HKFE,2022-10-28 00:00:00,15603.0,15616.0,15457.0,15462.0,3028.0,47029901.0,0.0
MHImain,HKFE,2022-10-28 08:00:00,15418.0,15477.0,15152.0,15185.0,39886.0,611535070.0,0.0
MHImain,HKFE,2022-10-28 12:00:00,15180.0,15184.0,14832.0,14845.0,33414.0,500569340.0,0.0
MHImain,HKFE,2022-10-28 16:00:00,14845.0,14958.0,14803.0,14934.0,15910.0,236603166.0,0.0
MHImain,HKFE,2022-10-28 20:00:00,14935.0,14980.0,14856.0,14934.0,11705.0,174584179.0,0.0
MHImain,HKFE,2022-10-29 00:00:00,14934.0,15028.0,14898.0,15025.0,4043.0,60441086.0,0.0
MHImain,HKFE,2022-10-31 08:00:00,14955.0,15059.0,14623.0,15024.0,55556.0,825879795.0,0.0
MHImain,HKFE,2022-10-31 12:00:00,15024.0,15144.0,14716.0,14722.0,33873.0,506321520.0,0.0
MHImain,HKFE,2022-10-31 16:00:00,14721.0,14798.0,14616.0,14665.0,16729.0,245980488.0,0.0
MHImain,HKFE,2022-10-31 20:00:00,14668.0,14835.0,14649.0,14824.0,12017.0,177283948.0,0.0
MHImain,HKFE,2022-11-01 00:00:00,14823.0,14842.0,14758.0,14775.0,4347.0,64346580.0,0.0
MHImain,HKFE,2022-11-01 08:00:00,14805.0,15320.0,14805.0,15153.0,56647.0,854629953.0,0.0
MHImain,HKFE,2022-11-01 12:00:00,15153.0,15608.0,15014.0,15564.0,57398.0,879149917.0,0.0
MHImain,HKFE,2022-11-01 16:00:00,15564.0,15647.0,15300.0,15456.0,38289.0,591824133.0,0.0
MHImain,HKFE,2022-11-01 20:00:00,15457.0,15558.0,15328.0,15408.0,15553.0,240036657.0,0.0
MHImain,HKFE,2022-11-02 00:00:00,15406.0,15456.0,15369.0,15408.0,4500.0,69336911.0,0.0
MHImain,HKFE,2022-11-02 08:00:00,15350.0,15665.0,15284.0,15602.0,51183.0,790192973.0,0.0
MHImain,HKFE,2022-11-02 12:00:00,15605.0,15888.0,15577.0,15835.0,28808.0,454591275.0,0.0
MHImain,HKFE,2022-11-02 16:00:00,15835.0,15835.0,15835.0,15835.0,0.0,0.0,0.0
MHImain,HKFE,2022-11-02 20:00:00,15835.0,15835.0,15835.0,15835.0,0.0,0.0,0.0
MHImain,HKFE,2022-11-03 00:00:00,15835.0,15835.0,15835.0,15835.0,0.0,0.0,0.0
MHImain,HKFE,2022-11-03 08:00:00,15498.0,15634.0,15388.0,15436.0,42798.0,663363020.0,0.0
MHImain,HKFE,2022-11-03 12:00:00,15434.0,15476.0,15298.0,15343.0,31286.0,481522122.0,0.0
MHImain,HKFE,2022-11-03 16:00:00,15343.0,15383.0,15237.0,15237.0,11816.0,181149851.0,0.0
MHImain,HKFE,2022-11-03 20:00:00,15236.0,15585.0,15217.0,15512.0,17274.0,265667660.0,0.0
MHImain,HKFE,2022-11-04 00:00:00,15517.0,15570.0,15473.0,15552.0,6176.0,95878855.0,0.0
MHImain,HKFE,2022-11-04 08:00:00,15505.0,16121.0,15415.0,16111.0,54677.0,866140592.0,0.0
MHImain,HKFE,2022-11-04 12:00:00,16110.0,16538.0,16094.0,16321.0,69135.0,1128618551.0,0.0
MHImain,HKFE,2022-11-04 16:00:00,16320.0,16446.0,16114.0,16320.0,23346.0,378927666.0,0.0
MHImain,HKFE,2022-11-04 20:00:00,16322.0,16547.0,16178.0,16373.0,26942.0,440731821.0,0.0
MHImain,HKFE,2022-11-05 00:00:00,16376.0,16484.0,16291.0,16460.0,7504.0,122847718.0,0.0
MHImain,HKFE,2022-11-07 08:00:00,16110.0,16626.0,15933.0,16613.0,68971.0,1128295804.0,0.0
MHImain,HKFE,2022-11-07 12:00:00,16614.0,16847.0,16543.0,16696.0,51133.0,853606387.0,0.0
MHImain,HKFE,2022-11-07 16:00:00,16700.0,16721.0,16553.0,16693.0,14660.0,243898424.0,0.0
MHImain,HKFE,2022-11-07 20:00:00,16692.0,16783.0,16567.0,16611.0,11490.0,191542183.0,0.0
MHImain,HKFE,2022-11-08 00:00:00,16611.0,16643.0,16524.0,16588.0,5288.0,87714397.0,0.0
MHImain,HKFE,2022-11-08 08:00:00,16587.0,16742.0,16445.0,16581.0,53058.0,879852424.0,0.0
MHImain,HKFE,2022-11-08 12:00:00,16580.0,16638.0,16446.0,16558.0,26120.0,431804675.0,0.0
MHImain,HKFE,2022-11-08 16:00:00,16561.0,16628.0,16492.0,16597.0,10438.0,172881339.0,0.0
MHImain,HKFE,2022-11-08 20:00:00,16598.0,16615.0,16457.0,16510.0,7343.0,121457382.0,0.0
MHImain,HKFE,2022-11-09 00:00:00,16512.0,16713.0,16504.0,16598.0,6785.0,112763290.0,0.0
MHImain,HKFE,2022-11-09 08:00:00,16500.0,16762.0,16345.0,16366.0,51698.0,855453050.0,0.0
MHImain,HKFE,2022-11-09 12:00:00,16368.0,16421.0,16230.0,16235.0,31842.0,519739433.0,0.0
MHImain,HKFE,2022-11-09 16:00:00,16238.0,16423.0,16230.0,16336.0,15622.0,255143566.0,0.0
MHImain,HKFE,2022-11-09 20:00:00,16339.0,16342.0,16216.0,16273.0,7388.0,120181059.0,0.0
MHImain,HKFE,2022-11-10 00:00:00,16271.0,16312.0,16105.0,16126.0,5758.0,93356554.0,0.0
MHImain,HKFE,2022-11-10 08:00:00,16125.0,16175.0,15946.0,16087.0,46367.0,743498403.0,0.0
MHImain,HKFE,2022-11-10 12:00:00,16086.0,16124.0,15998.0,16060.0,22586.0,362645966.0,0.0
MHImain,HKFE,2022-11-10 16:00:00,16061.0,16163.0,16021.0,16129.0,12760.0,205210969.0,0.0
MHImain,HKFE,2022-11-10 20:00:00,16128.0,16878.0,16110.0,16810.0,32038.0,530748645.0,0.0
MHImain,HKFE,2022-11-11 00:00:00,16810.0,16863.0,16765.0,16834.0,8353.0,140472909.0,0.0
MHImain,HKFE,2022-11-11 08:00:00,16955.0,17207.0,16851.0,16967.0,57546.0,977725407.0,0.0
MHImain,HKFE,2022-11-11 12:00:00,16970.0,17384.0,16957.0,17257.0,48888.0,840674352.0,0.0
MHImain,HKFE,2022-11-11 16:00:00,17259.0,17494.0,17231.0,17393.0,19770.0,343055758.0,0.0
MHImain,HKFE,2022-11-11 20:00:00,17390.0,17584.0,17390.0,17544.0,15326.0,268093913.0,0.0
MHImain,HKFE,2022-11-12 00:00:00,17542.0,17623.0,17482.0,17540.0,9499.0,166859169.0,0.0
MHImain,HKFE,2022-11-14 08:00:00,17763.0,18201.0,17605.0,17919.0,67430.0,1204116229.0,0.0
MHImain,HKFE,2022-11-14 12:00:00,17921.0,17950.0,17544.0,17670.0,37688.0,667743868.0,0.0
MHImain,HKFE,2022-11-14 16:00:00,17670.0,17693.0,17558.0,17590.0,13093.0,230988031.0,0.0
MHImain,HKFE,2022-11-14 20:00:00,17589.0,17815.0,17584.0,17752.0,14867.0,263458867.0,0.0
MHImain,HKFE,2022-11-15 00:00:00,17755.0,17815.0,17696.0,17740.0,5817.0,103273498.0,0.0
MHImain,HKFE,2022-11-15 08:00:00,17750.0,18236.0,17577.0,18113.0,65371.0,1173894168.0,0.0
MHImain,HKFE,2022-11-15 12:00:00,18111.0,18382.0,18111.0,18294.0,45435.0,829728501.0,0.0
MHImain,HKFE,2022-11-15 16:00:00,18292.0,18382.0,18222.0,18313.0,17582.0,321932991.0,0.0
MHImain,HKFE,2022-11-15 20:00:00,18315.0,18494.0,18272.0,18305.0,16725.0,307351328.0,0.0
MHImain,HKFE,2022-11-16 00:00:00,18305.0,18483.0,18218.0,18249.0,10048.0,184715173.0,0.0
MHImain,HKFE,2022-11-16 08:00:00,18205.0,18437.0,18107.0,18268.0,57577.0,1051862994.0,0.0
MHImain,HKFE,2022-11-16 12:00:00,18269.0,18269.0,18049.0,18167.0,34940.0,634555206.0,0.0
MHImain,HKFE,2022-11-16 16:00:00,18169.0,18320.0,18153.0,18267.0,15700.0,286517218.0,0.0
MHImain,HKFE,2022-11-16 20:00:00,18270.0,18306.0,18092.0,18126.0,11275.0,205196271.0,0.0
MHImain,HKFE,2022-11-17 00:00:00,18122.0,18132.0,18013.0,18063.0,6657.0,120307584.0,0.0
MHImain,HKFE,2022-11-17 08:00:00,18000.0,18145.0,17733.0,17755.0,50032.0,896364910.0,0.0
MHImain,HKFE,2022-11-17 12:00:00,17754.0,18081.0,17723.0,18067.0,36333.0,650309884.0,0.0
MHImain,HKFE,2022-11-17 16:00:00,18061.0,18240.0,17880.0,17895.0,22969.0,415345217.0,0.0
MHImain,HKFE,2022-11-17 20:00:00,17893.0,18088.0,17741.0,18076.0,20009.0,358346071.0,0.0
MHImain,HKFE,2022-11-18 00:00:00,18078.0,18404.0,18071.0,18366.0,13273.0,242053140.0,0.0
MHImain,HKFE,2022-11-18 08:00:00,18435.0,18466.0,18115.0,18172.0,47879.0,874659458.0,0.0
MHImain,HKFE,2022-11-18 12:00:00,18173.0,18239.0,17912.0,18002.0,31008.0,560742023.0,0.0
MHImain,HKFE,2022-11-18 16:00:00,18003.0,18094.0,17917.0,18031.0,14679.0,264309904.0,0.0
MHImain,HKFE,2022-11-18 20:00:00,18033.0,18099.0,17939.0,17991.0,8171.0,147212467.0,0.0
MHImain,HKFE,2022-11-19 00:00:00,17989.0,18036.0,17885.0,17930.0,4875.0,87607358.0,0.0
MHImain,HKFE,2022-11-21 08:00:00,17800.0,17800.0,17395.0,17535.0,44861.0,786309114.0,0.0
MHImain,HKFE,2022-11-21 12:00:00,17536.0,17770.0,17522.0,17661.0,27532.0,486082633.0,0.0
MHImain,HKFE,2022-11-21 16:00:00,17660.0,17698.0,17607.0,17674.0,10084.0,178025221.0,0.0
MHImain,HKFE,2022-11-21 20:00:00,17673.0,17766.0,17604.0,17700.0,7258.0,128345245.0,0.0
MHImain,HKFE,2022-11-22 00:00:00,17700.0,17728.0,17583.0,17596.0,5485.0,96744900.0,0.0
MHImain,HKFE,2022-11-22 08:00:00,17680.0,17785.0,17422.0,17571.0,42391.0,745799827.0,0.0
MHImain,HKFE,2022-11-22 12:00:00,17575.0,17713.0,17307.0,17354.0,34998.0,612563465.0,0.0
MHImain,HKFE,2022-11-22 16:00:00,17354.0,17586.0,17348.0,17506.0,18139.0,317037104.0,0.0
MHImain,HKFE,2022-11-22 20:00:00,17505.0,17546.0,17386.0,17542.0,8722.0,152432806.0,0.0
MHImain,HKFE,2022-11-23 00:00:00,17543.0,17588.0,17504.0,17538.0,4543.0,79711618.0,0.0
MHImain,HKFE,2022-11-23 08:00:00,17560.0,17572.0,17387.0,17453.0,43091.0,753142688.0,0.0
MHImain,HKFE,2022-11-23 12:00:00,17452.0,17662.0,17418.0,17608.0,30551.0,536641307.0,0.0
MHImain,HKFE,2022-11-23 16:00:00,17607.0,17619.0,17515.0,17594.0,10279.0,180465532.0,0.0
MHImain,HKFE,2022-11-23 20:00:00,17594.0,17732.0,17582.0,17681.0,9886.0,174528296.0,0.0
MHImain,HKFE,2022-11-24 00:00:00,17682.0,17707.0,17602.0,17650.0,3641.0,64285103.0,0.0
MHImain,HKFE,2022-11-24 08:00:00,17750.0,17780.0,17527.0,17545.0,39259.0,693184837.0,0.0
MHImain,HKFE,2022-11-24 12:00:00,17544.0,17687.0,17528.0,17638.0,21025.0,370525285.0,0.0
MHImain,HKFE,2022-11-24 16:00:00,17641.0,17714.0,17626.0,17687.0,8771.0,155002200.0,0.0
MHImain,HKFE,2022-11-24 20:00:00,17692.0,17734.0,17678.0,17720.0,2281.0,40383945.0,0.0
MHImain,HKFE,2022-11-25 00:00:00,17722.0,17748.0,17705.0,17705.0,1379.0,24444872.0,0.0
MHImain,HKFE,2022-11-25 08:00:00,17745.0,17745.0,17413.0,17461.0,37575.0,658020305.0,0.0
MHImain,HKFE,2022-11-25 12:00:00,17458.0,17653.0,17452.0,17605.0,20401.0,358061840.0,0.0
MHImain,HKFE,2022-11-25 16:00:00,17606.0,17649.0,17538.0,17611.0,9106.0,160151339.0,0.0
MHImain,HKFE,2022-11-25 20:00:00,17613.0,17614.0,17471.0,17533.0,5102.0,89465476.0,0.0
MHImain,HKFE,2022-11-26 00:00:00,17529.0,17538.0,17460.0,17474.0,2890.0,50568605.0,0.0
MHImain,HKFE,2022-11-28 08:00:00,17105.0,17281.0,16825.0,17236.0,44325.0,753380900.0,0.0
MHImain,HKFE,2022-11-28 12:00:00,17237.0,17305.0,17136.0,17264.0,16995.0,292490978.0,0.0
MHImain,HKFE,2022-11-28 16:00:00,17263.0,17446.0,17259.0,17443.0,8862.0,153514303.0,0.0
MHImain,HKFE,2022-11-28 20:00:00,17441.0,17739.0,17383.0,17736.0,5595.0,98224766.0,0.0
MHImain,HKFE,2022-11-29 00:00:00,17735.0,17741.0,17587.0,17600.0,3890.0,68723266.0,0.0
MHImain,HKFE,2022-11-29 08:00:00,17588.0,18049.0,17565.0,17988.0,41883.0,745784269.0,0.0
MHImain,HKFE,2022-11-29 12:00:00,17991.0,18144.0,17974.0,18037.0,26249.0,474200056.0,0.0
MHImain,HKFE,2022-11-29 16:00:00,18037.0,18359.0,17981.0,18292.0,23271.0,423503781.0,0.0
MHImain,HKFE,2022-11-29 20:00:00,18295.0,18385.0,18252.0,18308.0,10056.0,184189098.0,0.0
MHImain,HKFE,2022-11-30 00:00:00,18308.0,18396.0,18242.0,18257.0,5510.0,100968998.0,0.0
MHImain,HKFE,2022-11-30 08:00:00,18275.0,18458.0,18123.0,18317.0,42717.0,780732937.0,0.0
MHImain,HKFE,2022-11-30 12:00:00,18317.0,18488.0,18259.0,18441.0,27631.0,507427251.0,0.0
MHImain,HKFE,2022-11-30 16:00:00,18440.0,18808.0,18427.0,18777.0,30177.0,562389304.0,0.0
MHImain,HKFE,2022-11-30 20:00:00,18777.0,18962.0,18730.0,18910.0,12743.0,239976211.0,0.0
MHImain,HKFE,2022-12-01 00:00:00,18910.0,19047.0,18832.0,19043.0,8049.0,152176246.0,0.0
MHImain,HKFE,2022-12-01 08:00:00,19101.0,19295.0,18885.0,18886.0,51782.0,986673371.0,0.0
MHImain,HKFE,2022-12-01 12:00:00,18887.0,19057.0,18848.0,18929.0,29784.0,563920857.0,0.0
MHImain,HKFE,2022-12-01 16:00:00,18929.0,18995.0,18741.0,18771.0,16576.0,312328491.0,0.0
MHImain,HKFE,2022-12-01 20:00:00,18775.0,19006.0,18761.0,18949.0,11182.0,211209866.0,0.0
MHImain,HKFE,2022-12-02 00:00:00,18946.0,18966.0,18822.0,18853.0,5842.0,110377397.0,0.0
MHImain,HKFE,2022-12-02 08:00:00,18773.0,18907.0,18670.0,18673.0,39248.0,737854483.0,0.0
MHImain,HKFE,2022-12-02 12:00:00,18671.0,18828.0,18604.0,18760.0,25369.0,474873015.0,0.0
MHImain,HKFE,2022-12-02 16:00:00,18764.0,18814.0,18725.0,18773.0,8928.0,167589719.0,0.0
MHImain,HKFE,2022-12-02 20:00:00,18773.0,19088.0,18532.0,19081.0,18909.0,355440036.0,0.0
MHImain,HKFE,2022-12-03 00:00:00,19082.0,19259.0,19009.0,19158.0,13024.0,249304830.0,0.0
MHImain,HKFE,2022-12-05 08:00:00,19369.0,19463.0,19091.0,19420.0,50433.0,973693561.0,0.0
MHImain,HKFE,2022-12-05 12:00:00,19422.0,19568.0,19291.0,19551.0,27447.0,532995396.0,0.0
MHImain,HKFE,2022-12-05 16:00:00,19551.0,19606.0,19453.0,19492.0,19065.0,372440458.0,0.0
MHImain,HKFE,2022-12-05 20:00:00,19490.0,19494.0,19153.0,19206.0,13442.0,259829614.0,0.0
MHImain,HKFE,2022-12-06 00:00:00,19207.0,19252.0,19119.0,19123.0,7094.0,136119261.0,0.0
MHImain,HKFE,2022-12-06 08:00:00,19193.0,19643.0,19190.0,19387.0,52681.0,1024601903.0,0.0
MHImain,HKFE,2022-12-06 12:00:00,19389.0,19428.0,19284.0,19375.0,21231.0,411096299.0,0.0
MHImain,HKFE,2022-12-06 16:00:00,19376.0,19585.0,19353.0,19509.0,16431.0,320019340.0,0.0
MHImain,HKFE,2022-12-06 20:00:00,19506.0,19572.0,19342.0,19376.0,9848.0,191649440.0,0.0
MHImain,HKFE,2022-12-07 00:00:00,19375.0,19536.0,19357.0,19410.0,7717.0,150084614.0,0.0
MHImain,HKFE,2022-12-07 08:00:00,19405.0,19684.0,19391.0,19528.0,42886.0,837478764.0,0.0
MHImain,HKFE,2022-12-07 12:00:00,19528.0,19807.0,19163.0,19166.0,53455.0,1042751949.0,0.0
MHImain,HKFE,2022-12-07 16:00:00,19167.0,19229.0,18750.0,18874.0,34155.0,647764675.0,0.0
MHImain,HKFE,2022-12-07 20:00:00,18875.0,19077.0,18844.0,19047.0,13950.0,264576463.0,0.0
MHImain,HKFE,2022-12-08 00:00:00,19047.0,19151.0,18990.0,19056.0,8112.0,154764904.0,0.0
MHImain,HKFE,2022-12-08 08:00:00,19020.0,19381.0,18969.0,19358.0,47449.0,910199354.0,0.0
MHImain,HKFE,2022-12-08 12:00:00,19356.0,19505.0,19292.0,19472.0,35863.0,695629903.0,0.0
MHImain,HKFE,2022-12-08 16:00:00,19470.0,19570.0,19444.0,19450.0,15629.0,304794915.0,0.0
MHImain,HKFE,2022-12-08 20:00:00,19451.0,19650.0,19418.0,19581.0,14352.0,280261962.0,0.0
MHImain,HKFE,2022-12-09 00:00:00,19588.0,19618.0,19481.0,19570.0,6780.0,132519166.0,0.0
MHImain,HKFE,2022-12-09 08:00:00,19580.0,19777.0,19446.0,19690.0,47817.0,937784245.0,0.0
MHImain,HKFE,2022-12-09 12:00:00,19689.0,19982.0,19689.0,19914.0,39166.0,777623683.0,0.0
MHImain,HKFE,2022-12-09 16:00:00,19913.0,19993.0,19867.0,19880.0,15323.0,305505325.0,0.0
MHImain,HKFE,2022-12-09 20:00:00,19881.0,19906.0,19722.0,19797.0,12468.0,246961634.0,0.0
MHImain,HKFE,2022-12-10 00:00:00,19798.0,19828.0,19647.0,19685.0,6936.0,136981583.0,0.0
MHImain,HKFE,2022-12-12 08:00:00,19589.0,19787.0,19555.0,19573.0,40970.0,805521073.0,0.0
MHImain,HKFE,2022-12-12 12:00:00,19568.0,19638.0,19492.0,19541.0,25123.0,491247385.0,0.0
MHImain,HKFE,2022-12-12 16:00:00,19539.0,19561.0,19411.0,19561.0,15616.0,304314154.0,0.0
MHImain,HKFE,2022-12-12 20:00:00,19562.0,19568.0,19286.0,19345.0,9343.0,181461650.0,0.0
MHImain,HKFE,2022-12-13 00:00:00,19345.0,19406.0,19273.0,19355.0,5183.0,100177642.0,0.0
MHImain,HKFE,2022-12-13 08:00:00,19448.0,19758.0,19408.0,19669.0,41354.0,810465083.0,0.0
MHImain,HKFE,2022-12-13 12:00:00,19669.0,19723.0,19519.0,19642.0,25732.0,504928921.0,0.0
MHImain,HKFE,2022-12-13 16:00:00,19648.0,19720.0,19431.0,19605.0,15326.0,300605444.0,0.0
MHImain,HKFE,2022-12-13 20:00:00,19600.0,20168.0,19572.0,20088.0,26446.0,526984503.0,0.0
MHImain,HKFE,2022-12-14 00:00:00,20089.0,20098.0,19650.0,19673.0,14317.0,284346691.0,0.0
MHImain,HKFE,2022-12-14 08:00:00,19750.0,19932.0,19575.0,19680.0,41064.0,810944710.0,0.0
MHImain,HKFE,2022-12-14 12:00:00,19682.0,19894.0,19681.0,19789.0,25617.0,506992644.0,0.0
MHImain,HKFE,2022-12-14 16:00:00,19790.0,19817.0,19670.0,19673.0,9906.0,195571306.0,0.0
MHImain,HKFE,2022-12-14 20:00:00,19674.0,19716.0,19602.0,19690.0,6683.0,131391445.0,0.0
MHImain,HKFE,2022-12-15 00:00:00,19688.0,19802.0,19683.0,19703.0,4917.0,97072621.0,0.0
MHImain,HKFE,2022-12-15 08:00:00,19675.0,19735.0,19271.0,19382.0,41654.0,809067197.0,0.0
MHImain,HKFE,2022-12-15 12:00:00,19384.0,19567.0,19380.0,19430.0,24623.0,479493559.0,0.0
MHImain,HKFE,2022-12-15 16:00:00,19430.0,19448.0,19329.0,19419.0,9709.0,188358505.0,0.0
MHImain,HKFE,2022-12-15 20:00:00,19419.0,19842.0,19310.0,19519.0,30426.0,596537758.0,0.0
MHImain,HKFE,2022-12-16 00:00:00,19517.0,19547.0,19260.0,19295.0,8669.0,168138315.0,0.0
MHImain,HKFE,2022-12-16 08:00:00,19310.0,19677.0,19161.0,19538.0,55173.0,1070704918.0,0.0
MHImain,HKFE,2022-12-16 12:00:00,19537.0,19570.0,19358.0,19565.0,27160.0,528657612.0,0.0
MHImain,HKFE,2022-12-16 16:00:00,19561.0,19575.0,19281.0,19440.0,14649.0,285013410.0,0.0
MHImain,HKFE,2022-12-16 20:00:00,19438.0,19530.0,19360.0,19367.0,10162.0,197672853.0,0.0
MHImain,HKFE,2022-12-17 00:00:00,19362.0,19478.0,19335.0,19380.0,7042.0,136651729.0,0.0
MHImain,HKFE,2022-12-19 08:00:00,19558.0,19832.0,19313.0,19456.0,45256.0,885026420.0,0.0
MHImain,HKFE,2022-12-19 12:00:00,19455.0,19488.0,19306.0,19408.0,20137.0,390298230.0,0.0
MHImain,HKFE,2022-12-19 16:00:00,19407.0,19493.0,19293.0,19459.0,12399.0,240338648.0,0.0
MHImain,HKFE,2022-12-19 20:00:00,19456.0,19470.0,19258.0,19326.0,7126.0,138021055.0,0.0
MHImain,HKFE,2022-12-20 00:00:00,19328.0,19372.0,19228.0,19274.0,5412.0,104407646.0,0.0
MHImain,HKFE,2022-12-20 08:00:00,19258.0,19326.0,19037.0,19163.0,44949.0,862558896.0,0.0
MHImain,HKFE,2022-12-20 12:00:00,19162.0,19195.0,18917.0,19053.0,34013.0,647850889.0,0.0
MHImain,HKFE,2022-12-20 16:00:00,19052.0,19214.0,19050.0,19155.0,11940.0,228271064.0,0.0
MHImain,HKFE,2022-12-20 20:00:00,19158.0,19285.0,19078.0,19263.0,8674.0,166244838.0,0.0
MHImain,HKFE,2022-12-21 00:00:00,19262.0,19265.0,19106.0,19143.0,5227.0,100292681.0,0.0
MHImain,HKFE,2022-12-21 08:00:00,19200.0,19293.0,19143.0,19179.0,34429.0,661421334.0,0.0
MHImain,HKFE,2022-12-21 12:00:00,19175.0,19208.0,19083.0,19092.0,19178.0,367168909.0,0.0
MHImain,HKFE,2022-12-21 16:00:00,19095.0,19234.0,19081.0,19202.0,8361.0,160256146.0,0.0
MHImain,HKFE,2022-12-21 20:00:00,19202.0,19285.0,19159.0,19282.0,7203.0,138454821.0,0.0
MHImain,HKFE,2022-12-22 00:00:00,19283.0,19425.0,19276.0,19408.0,5910.0,114357265.0,0.0
MHImain,HKFE,2022-12-22 08:00:00,19460.0,19773.0,19458.0,19773.0,41548.0,815468415.0,0.0
MHImain,HKFE,2022-12-22 12:00:00,19773.0,19774.0,19580.0,19684.0,23209.0,456333031.0,0.0
MHImain,HKFE,2022-12-22 16:00:00,19684.0,19818.0,19636.0,19680.0,11780.0,232048676.0,0.0
MHImain,HKFE,2022-12-22 20:00:00,19682.0,19692.0,19442.0,19485.0,9829.0,192234287.0,0.0
MHImain,HKFE,2022-12-23 00:00:00,19486.0,19505.0,19259.0,19273.0,6838.0,132533826.0,0.0
MHImain,HKFE,2022-12-23 08:00:00,19305.0,19698.0,19305.0,19632.0,37989.0,743197748.0,0.0
MHImain,HKFE,2022-12-23 12:00:00,19633.0,19663.0,19510.0,19645.0,17203.0,336960570.0,0.0
MHImain,HKFE,2022-12-23 16:00:00,19642.0,19704.0,19524.0,19603.0,10964.0,215104364.0,0.0
MHImain,HKFE,2022-12-23 20:00:00,19605.0,19673.0,19385.0,19435.0,10150.0,198409808.0,0.0
MHImain,HKFE,2022-12-24 00:00:00,19435.0,19563.0,19405.0,19417.0,6438.0,125341741.0,0.0
MHImain,HKFE,2022-12-28 08:00:00,19920.0,20130.0,19757.0,20074.0,34567.0,690664343.0,0.0
MHImain,HKFE,2022-12-28 12:00:00,20079.0,20126.0,19815.0,19869.0,19965.0,397959544.0,0.0
MHImain,HKFE,2022-12-28 16:00:00,19872.0,20110.0,19848.0,20090.0,9121.0,181789512.0,0.0
MHImain,HKFE,2022-12-28 20:00:00,20090.0,20143.0,19913.0,19920.0,4196.0,84048957.0,0.0
MHImain,HKFE,2022-12-29 00:00:00,19923.0,19931.0,19715.0,19781.0,5670.0,112254497.0,0.0
MHImain,HKFE,2022-12-29 08:00:00,19720.0,19860.0,19622.0,19750.0,33464.0,660701004.0,0.0
MHImain,HKFE,2022-12-29 12:00:00,19749.0,19833.0,19725.0,19777.0,12177.0,240871471.0,0.0
MHImain,HKFE,2022-12-29 16:00:00,19776.0,19890.0,19746.0,19881.0,6965.0,138022672.0,0.0
MHImain,HKFE,2022-12-29 20:00:00,19884.0,20090.0,19855.0,20034.0,10134.0,202369399.0,0.0
MHImain,HKFE,2022-12-30 00:00:00,20038.0,20128.0,20018.0,20080.0,6126.0,122940397.0,0.0
MHImain,HKFE,2022-12-30 08:00:00,20008.0,20180.0,19880.0,19979.0,41601.0,833052588.0,0.0
MHImain,HKFE,2022-12-30 12:00:00,19978.0,20021.0,19885.0,19892.0,16146.0,322102386.0,0.0
MHImain,HKFE,2022-12-30 16:00:00,19892.0,19960.0,19843.0,19902.0,10640.0,211764582.0,0.0
MHImain,HKFE,2022-12-30 20:00:00,19903.0,19945.0,19780.0,19801.0,9787.0,194226024.0,0.0
MHImain,HKFE,2022-12-31 00:00:00,19800.0,19860.0,19699.0,19713.0,8145.0,161080562.0,0.0
MHImain,HKFE,2023-01-03 08:00:00,19666.0,20058.0,19338.0,20005.0,61702.0,1214916130.0,0.0
MHImain,HKFE,2023-01-03 12:00:00,20004.0,20305.0,19967.0,20190.0,31513.0,635572519.0,0.0
MHImain,HKFE,2023-01-03 16:00:00,20188.0,20316.0,20150.0,20256.0,13253.0,267935605.0,0.0
MHImain,HKFE,2023-01-03 20:00:00,20253.0,20468.0,20161.0,20323.0,14689.0,298412646.0,0.0
MHImain,HKFE,2023-01-04 00:00:00,20326.0,20451.0,20229.0,20340.0,9336.0,189878274.0,0.0
MHImain,HKFE,2023-01-04 08:00:00,20355.0,20653.0,20306.0,20637.0,42494.0,870435428.0,0.0
MHImain,HKFE,2023-01-04 12:00:00,20639.0,20768.0,20541.0,20766.0,28181.0,582220202.0,0.0
MHImain,HKFE,2023-01-04 16:00:00,20763.0,20958.0,20731.0,20899.0,19237.0,401154520.0,0.0
MHImain,HKFE,2023-01-04 20:00:00,20898.0,21056.0,20877.0,20949.0,13342.0,279665004.0,0.0
MHImain,HKFE,2023-01-05 00:00:00,20951.0,21408.0,20943.0,21313.0,14100.0,298838987.0,0.0
MHImain,HKFE,2023-01-05 08:00:00,21316.0,21474.0,21115.0,21207.0,51135.0,1087303101.0,0.0
MHImain,HKFE,2023-01-05 12:00:00,21206.0,21230.0,21028.0,21094.0,24463.0,516955603.0,0.0
MHImain,HKFE,2023-01-05 16:00:00,21094.0,21280.0,21068.0,21277.0,12635.0,267373176.0,0.0
MHImain,HKFE,2023-01-05 20:00:00,21277.0,21308.0,21128.0,21307.0,14208.0,301456015.0,0.0
MHImain,HKFE,2023-01-06 00:00:00,21302.0,21407.0,21202.0,21385.0,9591.0,204392621.0,0.0
MHImain,HKFE,2023-01-06 08:00:00,21347.0,21374.0,21092.0,21325.0,39760.0,842961550.0,0.0
MHImain,HKFE,2023-01-06 12:00:00,21325.0,21368.0,20939.0,21070.0,32880.0,694237157.0,0.0
MHImain,HKFE,2023-01-06 16:00:00,21071.0,21174.0,21002.0,21083.0,11837.0,249630740.0,0.0
MHImain,HKFE,2023-01-06 20:00:00,21083.0,21277.0,21020.0,21212.0,15194.0,321448400.0,0.0
MHImain,HKFE,2023-01-07 00:00:00,21217.0,21460.0,21217.0,21403.0,11877.0,253541431.0,0.0
MHImain,HKFE,2023-01-09 08:00:00,21490.0,21561.0,21277.0,21402.0,47383.0,1014426743.0,0.0
MHImain,HKFE,2023-01-09 12:00:00,21401.0,21499.0,21336.0,21458.0,17302.0,370474113.0,0.0
MHImain,HKFE,2023-01-09 16:00:00,21460.0,21567.0,21386.0,21535.0,10620.0,227995470.0,0.0
MHImain,HKFE,2023-01-09 20:00:00,21534.0,21595.0,21403.0,21423.0,10994.0,236556787.0,0.0
MHImain,HKFE,2023-01-10 00:00:00,21422.0,21563.0,21401.0,21450.0,7255.0,155885180.0,0.0
MHImain,HKFE,2023-01-10 08:00:00,21350.0,21515.0,21251.0,21332.0,39512.0,844708439.0,0.0
MHImain,HKFE,2023-01-10 12:00:00,21336.0,21472.0,21297.0,21384.0,18891.0,404114279.0,0.0
MHImain,HKFE,2023-01-10 16:00:00,21385.0,21482.0,21313.0,21425.0,9819.0,210067610.0,0.0
MHImain,HKFE,2023-01-10 20:00:00,21423.0,21517.0,21388.0,21458.0,9298.0,199454794.0,0.0
MHImain,HKFE,2023-01-11 00:00:00,21460.0,21580.0,21352.0,21580.0,6966.0,149463566.0,0.0
MHImain,HKFE,2023-01-11 08:00:00,21574.0,21742.0,21456.0,21593.0,42451.0,917648842.0,0.0
MHImain,HKFE,2023-01-11 12:00:00,21590.0,21756.0,21480.0,21515.0,25885.0,559812971.0,0.0
MHImain,HKFE,2023-01-11 16:00:00,21514.0,21585.0,21398.0,21566.0,14691.0,315808279.0,0.0
MHImain,HKFE,2023-01-11 20:00:00,21565.0,21715.0,21530.0,21648.0,10522.0,227546571.0,0.0
MHImain,HKFE,2023-01-12 00:00:00,21649.0,21766.0,21582.0,21761.0,7545.0,163483094.0,0.0
MHImain,HKFE,2023-01-12 08:00:00,21730.0,21761.0,21316.0,21363.0,46669.0,1008499589.0,0.0
MHImain,HKFE,2023-01-12 12:00:00,21362.0,21573.0,21291.0,21410.0,31975.0,685564004.0,0.0
MHImain,HKFE,2023-01-12 16:00:00,21409.0,21641.0,21402.0,21605.0,11939.0,257069675.0,0.0
MHImain,HKFE,2023-01-12 20:00:00,21607.0,21777.0,21473.0,21682.0,22129.0,478989153.0,0.0
MHImain,HKFE,2023-01-13 00:00:00,21681.0,21750.0,21628.0,21734.0,7923.0,171844828.0,0.0
MHImain,HKFE,2023-01-13 08:00:00,21730.0,21738.0,21520.0,21576.0,40736.0,880007808.0,0.0
MHImain,HKFE,2023-01-13 12:00:00,21575.0,21768.0,21549.0,21764.0,23937.0,518315455.0,0.0
MHImain,HKFE,2023-01-13 16:00:00,21763.0,21837.0,21726.0,21799.0,13235.0,288296900.0,0.0
MHImain,HKFE,2023-01-13 20:00:00,21799.0,21906.0,21685.0,21832.0,12455.0,271334433.0,0.0
MHImain,HKFE,2023-01-14 00:00:00,21835.0,21894.0,21756.0,21871.0,6913.0,150867516.0,0.0
MHImain,HKFE,2023-01-16 08:00:00,21900.0,21997.0,21772.0,21877.0,41188.0,901482883.0,0.0
MHImain,HKFE,2023-01-16 12:00:00,21877.0,21950.0,21634.0,21705.0,28743.0,625960365.0,0.0
MHImain,HKFE,2023-01-16 16:00:00,21702.0,21796.0,21655.0,21709.0,11955.0,259907466.0,0.0
MHImain,HKFE,2023-01-16 20:00:00,21709.0,21720.0,21642.0,21644.0,3088.0,66950427.0,0.0
MHImain,HKFE,2023-01-17 00:00:00,21643.0,21691.0,21640.0,21650.0,2192.0,47484436.0,0.0
MHImain,HKFE,2023-01-17 08:00:00,21671.0,21840.0,21533.0,21554.0,42928.0,930150471.0,0.0
MHImain,HKFE,2023-01-17 12:00:00,21553.0,21610.0,21458.0,21524.0,20652.0,444724632.0,0.0
MHImain,HKFE,2023-01-17 16:00:00,21526.0,21662.0,21519.0,21644.0,9705.0,209570985.0,0.0
MHImain,HKFE,2023-01-17 20:00:00,21642.0,21708.0,21581.0,21650.0,8480.0,183579768.0,0.0
MHImain,HKFE,2023-01-18 00:00:00,21650.0,21663.0,21552.0,21609.0,6200.0,133915950.0,0.0
MHImain,HKFE,2023-01-18 08:00:00,21601.0,21740.0,21460.0,21657.0,40019.0,864875332.0,0.0
MHImain,HKFE,2023-01-18 12:00:00,21659.0,21699.0,21517.0,21624.0,21142.0,457103525.0,0.0
MHImain,HKFE,2023-01-18 16:00:00,21623.0,21777.0,21620.0,21705.0,9790.0,212435340.0,0.0
MHImain,HKFE,2023-01-18 20:00:00,21705.0,21833.0,21632.0,21679.0,10209.0,221822143.0,0.0
MHImain,HKFE,2023-01-19 00:00:00,21679.0,21690.0,21481.0,21531.0,8499.0,183437103.0,0.0
MHImain,HKFE,2023-01-19 08:00:00,21492.0,21679.0,21394.0,21675.0,41238.0,888064489.0,0.0
MHImain,HKFE,2023-01-19 12:00:00,21676.0,21779.0,21641.0,21648.0,20109.0,436354499.0,0.0
MHImain,HKFE,2023-01-19 16:00:00,21651.0,21696.0,21580.0,21609.0,11081.0,239732887.0,0.0
MHImain,HKFE,2023-01-19 20:00:00,21607.0,21797.0,21548.0,21725.0,10791.0,233891091.0,0.0
MHImain,HKFE,2023-01-20 00:00:00,21730.0,21849.0,21696.0,21814.0,6785.0,147631396.0,0.0
MHImain,HKFE,2023-01-20 08:00:00,21850.0,21928.0,21761.0,21883.0,33565.0,733058184.0,0.0
MHImain,HKFE,2023-01-20 12:00:00,21882.0,22026.0,21844.0,21966.0,19855.0,435850556.0,0.0
MHImain,HKFE,2023-01-20 16:00:00,21966.0,22087.0,21930.0,21990.0,12177.0,268183748.0,0.0
MHImain,HKFE,2023-01-20 20:00:00,21989.0,22100.0,21968.0,22091.0,5624.0,123871116.0,0.0
MHImain,HKFE,2023-01-21 00:00:00,22092.0,22227.0,22067.0,22227.0,6709.0,148465717.0,0.0
MHImain,HKFE,2023-01-26 08:00:00,22385.0,22501.0,22335.0,22411.0,32571.0,730421524.0,0.0
MHImain,HKFE,2023-01-26 12:00:00,22411.0,22548.0,22360.0,22516.0,19776.0,444193255.0,0.0
MHImain,HKFE,2023-01-26 16:00:00,22516.0,22595.0,22466.0,22537.0,10161.0,228888862.0,0.0
MHImain,HKFE,2023-01-26 20:00:00,22537.0,22680.0,22535.0,22572.0,8757.0,197819476.0,0.0
MHImain,HKFE,2023-01-27 00:00:00,22566.0,22652.0,22548.0,22637.0,4599.0,103905368.0,0.0
MHImain,HKFE,2023-01-27 08:00:00,22639.0,22683.0,22495.0,22582.0,27527.0,621721803.0,0.0
MHImain,HKFE,2023-01-27 12:00:00,22584.0,22643.0,22526.0,22604.0,10505.0,237295167.0,0.0
MHImain,HKFE,2023-01-27 16:00:00,22604.0,22777.0,22591.0,22749.0,6404.0,145091918.0,0.0
MHImain,HKFE,2023-01-27 20:00:00,22750.0,22801.0,22725.0,22763.0,2015.0,45866903.0,0.0
MHImain,HKFE,2023-01-28 00:00:00,22759.0,22767.0,22639.0,22746.0,2837.0,64436658.0,0.0
MHImain,HKFE,2023-01-30 08:00:00,22680.0,22746.0,22430.0,22478.0,33468.0,756708053.0,0.0
MHImain,HKFE,2023-01-30 12:00:00,22476.0,22526.0,22203.0,22247.0,26725.0,596835410.0,0.0
MHImain,HKFE,2023-01-30 16:00:00,22247.0,22264.0,22075.0,22214.0,18008.0,399001190.0,0.0
MHImain,HKFE,2023-01-30 20:00:00,22212.0,22285.0,22094.0,22268.0,9480.0,210481603.0,0.0
MHImain,HKFE,2023-01-31 00:00:00,22268.0,22280.0,22167.0,22193.0,6304.0,140147133.0,0.0
MHImain,HKFE,2023-01-31 08:00:00,22167.0,22360.0,21959.0,21965.0,46887.0,1039777350.0,0.0
MHImain,HKFE,2023-01-31 12:00:00,21966.0,21993.0,21704.0,21735.0,28883.0,630928308.0,0.0
MHImain,HKFE,2023-01-31 16:00:00,21731.0,21956.0,21727.0,21851.0,15619.0,341284909.0,0.0
MHImain,HKFE,2023-01-31 20:00:00,21849.0,21940.0,21795.0,21839.0,8830.0,193126248.0,0.0
MHImain,HKFE,2023-02-01 00:00:00,21840.0,22002.0,21831.0,21933.0,7560.0,165870152.0,0.0
MHImain,HKFE,2023-02-01 08:00:00,21988.0,22031.0,21771.0,21990.0,45079.0,987665064.0,0.0
MHImain,HKFE,2023-02-01 12:00:00,21990.0,22138.0,21924.0,22077.0,28252.0,622104632.0,0.0
MHImain,HKFE,2023-02-01 16:00:00,22073.0,22134.0,22028.0,22061.0,11914.0,263023214.0,0.0
MHImain,HKFE,2023-02-01 20:00:00,22064.0,22215.0,22055.0,22167.0,9456.0,209238377.0,0.0
MHImain,HKFE,2023-02-02 00:00:00,22167.0,22168.0,22008.0,22051.0,6140.0,135561948.0,0.0
MHImain,HKFE,2023-02-02 08:00:00,22266.0,22371.0,22109.0,22259.0,43013.0,956390950.0,0.0
MHImain,HKFE,2023-02-02 12:00:00,22260.0,22277.0,22041.0,22139.0,20948.0,464103995.0,0.0
MHImain,HKFE,2023-02-02 16:00:00,22141.0,22153.0,21982.0,22025.0,13281.0,292734248.0,0.0
MHImain,HKFE,2023-02-02 20:00:00,22025.0,22077.0,21819.0,21834.0,13023.0,286106605.0,0.0
MHImain,HKFE,2023-02-03 00:00:00,21833.0,21943.0,21821.0,21928.0,7583.0,165991466.0,0.0
MHImain,HKFE,2023-02-03 08:00:00,21850.0,21893.0,21508.0,21543.0,42593.0,923258098.0,0.0
MHImain,HKFE,2023-02-03 12:00:00,21543.0,21731.0,21534.0,21725.0,25479.0,551344542.0,0.0
MHImain,HKFE,2023-02-03 16:00:00,21725.0,21797.0,21630.0,21777.0,13502.0,293043566.0,0.0
MHImain,HKFE,2023-02-03 20:00:00,21777.0,21805.0,21513.0,21588.0,14824.0,321266767.0,0.0
MHImain,HKFE,2023-02-04 00:00:00,21587.0,21705.0,21489.0,21551.0,9408.0,203324731.0,0.0
MHImain,HKFE,2023-02-06 08:00:00,21350.0,21427.0,21148.0,21149.0,44999.0,957159953.0,0.0
MHImain,HKFE,2023-02-06 12:00:00,21148.0,21340.0,21125.0,21249.0,27596.0,585514501.0,0.0
MHImain,HKFE,2023-02-06 16:00:00,21250.0,21298.0,21184.0,21197.0,10248.0,217694610.0,0.0
MHImain,HKFE,2023-02-06 20:00:00,21199.0,21225.0,21074.0,21104.0,9410.0,198992975.0,0.0
MHImain,HKFE,2023-02-07 00:00:00,21105.0,21282.0,21067.0,21267.0,8561.0,181391954.0,0.0
MHImain,HKFE,2023-02-07 08:00:00,21328.0,21550.0,21310.0,21459.0,40863.0,876079492.0,0.0
MHImain,HKFE,2023-02-07 12:00:00,21461.0,21547.0,21308.0,21331.0,24044.0,514612935.0,0.0
MHImain,HKFE,2023-02-07 16:00:00,21333.0,21420.0,21289.0,21330.0,10224.0,218163782.0,0.0
MHImain,HKFE,2023-02-07 20:00:00,21330.0,21348.0,21178.0,21196.0,7973.0,169618929.0,0.0
MHImain,HKFE,2023-02-08 00:00:00,21200.0,21364.0,21114.0,21152.0,9728.0,206582007.0,0.0
MHImain,HKFE,2023-02-08 08:00:00,21318.0,21495.0,21215.0,21381.0,47586.0,1015424478.0,0.0
MHImain,HKFE,2023-02-08 12:00:00,21377.0,21443.0,21276.0,21288.0,20110.0,429348591.0,0.0
MHImain,HKFE,2023-02-08 16:00:00,21286.0,21349.0,21228.0,21245.0,8848.0,188416524.0,0.0
MHImain,HKFE,2023-02-08 20:00:00,21249.0,21296.0,21129.0,21159.0,9389.0,199197212.0,0.0
MHImain,HKFE,2023-02-09 00:00:00,21159.0,21194.0,21085.0,21163.0,7572.0,160140954.0,0.0
MHImain,HKFE,2023-02-09 08:00:00,21154.0,21473.0,21138.0,21380.0,39296.0,839310591.0,0.0
MHImain,HKFE,2023-02-09 12:00:00,21378.0,21657.0,21347.0,21617.0,32165.0,692231007.0,0.0
MHImain,HKFE,2023-02-09 16:00:00,21618.0,21737.0,21556.0,21696.0,16050.0,347364097.0,0.0
MHImain,HKFE,2023-02-09 20:00:00,21695.0,21747.0,21638.0,21655.0,8446.0,183143270.0,0.0
MHImain,HKFE,2023-02-10 00:00:00,21659.0,21666.0,21548.0,21620.0,7198.0,155486790.0,0.0
MHImain,HKFE,2023-02-10 08:00:00,21580.0,21618.0,21222.0,21262.0,40082.0,860006056.0,0.0
MHImain,HKFE,2023-02-10 12:00:00,21261.0,21288.0,21172.0,21250.0,23124.0,491088002.0,0.0
MHImain,HKFE,2023-02-10 16:00:00,21249.0,21265.0,21112.0,21116.0,11711.0,248207325.0,0.0
MHImain,HKFE,2023-02-10 20:00:00,21118.0,21215.0,21085.0,21135.0,10658.0,225385120.0,0.0
MHImain,HKFE,2023-02-11 00:00:00,21132.0,21168.0,21028.0,21064.0,8137.0,171695017.0,0.0
MHImain,HKFE,2023-02-13 08:00:00,20950.0,21152.0,20814.0,21117.0,43767.0,918568686.0,0.0
MHImain,HKFE,2023-02-13 12:00:00,21117.0,21202.0,21059.0,21099.0,18369.0,388076727.0,0.0
MHImain,HKFE,2023-02-13 16:00:00,21098.0,21253.0,21091.0,21204.0,11841.0,250920423.0,0.0
MHImain,HKFE,2023-02-13 20:00:00,21201.0,21272.0,21172.0,21241.0,8187.0,173775203.0,0.0
MHImain,HKFE,2023-02-14 00:00:00,21240.0,21347.0,21225.0,21333.0,5911.0,125833866.0,0.0
MHImain,HKFE,2023-02-14 08:00:00,21300.0,21330.0,21078.0,21157.0,33256.0,703630584.0,0.0
MHImain,HKFE,2023-02-14 12:00:00,21154.0,21263.0,21110.0,21153.0,18548.0,392631110.0,0.0
MHImain,HKFE,2023-02-14 16:00:00,21153.0,21183.0,21095.0,21168.0,7224.0,152758353.0,0.0
MHImain,HKFE,2023-02-14 20:00:00,21168.0,21298.0,20978.0,21201.0,18141.0,383562947.0,0.0
MHImain,HKFE,2023-02-15 00:00:00,21200.0,21213.0,21066.0,21125.0,8494.0,179457022.0,0.0
MHImain,HKFE,2023-02-15 08:00:00,21120.0,21162.0,20734.0,20880.0,40334.0,842366066.0,0.0
MHImain,HKFE,2023-02-15 12:00:00,20880.0,20926.0,20780.0,20815.0,19400.0,404294426.0,0.0
MHImain,HKFE,2023-02-15 16:00:00,20815.0,20872.0,20759.0,20826.0,9305.0,193612997.0,0.0
MHImain,HKFE,2023-02-15 20:00:00,20828.0,20861.0,20756.0,20816.0,8690.0,180790088.0,0.0
MHImain,HKFE,2023-02-16 00:00:00,20817.0,20882.0,20788.0,20856.0,6195.0,129093390.0,0.0
MHImain,HKFE,2023-02-16 08:00:00,20945.0,21317.0,20904.0,21286.0,43387.0,915737008.0,0.0
MHImain,HKFE,2023-02-16 12:00:00,21288.0,21334.0,20935.0,20996.0,32070.0,678104215.0,0.0
MHImain,HKFE,2023-02-16 16:00:00,20998.0,21054.0,20931.0,20945.0,10253.0,215162286.0,0.0
MHImain,HKFE,2023-02-16 20:00:00,20945.0,20974.0,20799.0,20933.0,10905.0,227648148.0,0.0
MHImain,HKFE,2023-02-17 00:00:00,20933.0,21057.0,20914.0,21050.0,8060.0,169255168.0,0.0
MHImain,HKFE,2023-02-17 08:00:00,20944.0,21087.0,20843.0,20852.0,35024.0,733584327.0,0.0
MHImain,HKFE,2023-02-17 12:00:00,20853.0,20933.0,20752.0,20764.0,20504.0,427291932.0,0.0
MHImain,HKFE,2023-02-17 16:00:00,20764.0,20777.0,20616.0,20618.0,12265.0,253992732.0,0.0
MHImain,HKFE,2023-02-17 20:00:00,20619.0,20663.0,20545.0,20605.0,7468.0,153911424.0,0.0
MHImain,HKFE,2023-02-18 00:00:00,20611.0,20655.0,20503.0,20510.0,6126.0,126025489.0,0.0
MHImain,HKFE,2023-02-20 08:00:00,20606.0,20840.0,20600.0,20821.0,41772.0,865838282.0,0.0
MHImain,HKFE,2023-02-20 12:00:00,20821.0,20993.0,20802.0,20955.0,24232.0,506356174.0,0.0
MHImain,HKFE,2023-02-20 16:00:00,20957.0,20958.0,20851.0,20864.0,9278.0,194012182.0,0.0
MHImain,HKFE,2023-02-20 20:00:00,20861.0,20924.0,20857.0,20874.0,3156.0,65930664.0,0.0
MHImain,HKFE,2023-02-21 00:00:00,20877.0,20918.0,20875.0,20898.0,1603.0,33497060.0,0.0
MHImain,HKFE,2023-02-21 08:00:00,20870.0,20970.0,20630.0,20661.0,45407.0,945469932.0,0.0
MHImain,HKFE,2023-02-21 12:00:00,20663.0,20729.0,20532.0,20618.0,28672.0,591447542.0,0.0
MHImain,HKFE,2023-02-21 16:00:00,20617.0,20618.0,20495.0,20534.0,13967.0,286950706.0,0.0
MHImain,HKFE,2023-02-21 20:00:00,20538.0,20650.0,20500.0,20581.0,10012.0,206038508.0,0.0
MHImain,HKFE,2023-02-22 00:00:00,20582.0,20663.0,20485.0,20500.0,6735.0,138603514.0,0.0
MHImain,HKFE,2023-02-22 08:00:00,20440.0,20636.0,20354.0,20592.0,46205.0,947123802.0,0.0
MHImain,HKFE,2023-02-22 12:00:00,20594.0,20613.0,20444.0,20473.0,19660.0,403301421.0,0.0
MHImain,HKFE,2023-02-22 16:00:00,20471.0,20483.0,20340.0,20457.0,13477.0,275188520.0,0.0
MHImain,HKFE,2023-02-22 20:00:00,20456.0,20501.0,20318.0,20362.0,10372.0,211847839.0,0.0
MHImain,HKFE,2023-02-23 00:00:00,20359.0,20380.0,20283.0,20283.0,6122.0,124471886.0,0.0
MHImain,HKFE,2023-02-23 08:00:00,20380.0,20597.0,20329.0,20593.0,41884.0,856454760.0,0.0
MHImain,HKFE,2023-02-23 12:00:00,20591.0,20600.0,20314.0,20369.0,25847.0,528064944.0,0.0
MHImain,HKFE,2023-02-23 16:00:00,20372.0,20393.0,20300.0,20331.0,8407.0,171112000.0,0.0
MHImain,HKFE,2023-02-23 20:00:00,20331.0,20456.0,20303.0,20320.0,11990.0,244276398.0,0.0
MHImain,HKFE,2023-02-24 00:00:00,20320.0,20347.0,20053.0,20090.0,9199.0,185598867.0,0.0
MHImain,HKFE,2023-02-24 08:00:00,20182.0,20240.0,20006.0,20095.0,35348.0,711082174.0,0.0
MHImain,HKFE,2023-02-24 12:00:00,20095.0,20134.0,20026.0,20114.0,17526.0,351981264.0,0.0
MHImain,HKFE,2023-02-24 16:00:00,20114.0,20114.0,19939.0,19956.0,9960.0,199313826.0,0.0
MHImain,HKFE,2023-02-24 20:00:00,19952.0,19960.0,19737.0,19768.0,5479.0,108636160.0,0.0
MHImain,HKFE,2023-02-25 00:00:00,19768.0,19768.0,19663.0,19706.0,3346.0,65949026.0,0.0
MHImain,HKFE,2023-02-27 08:00:00,19774.0,20073.0,19742.0,19996.0,32845.0,654786787.0,0.0
MHImain,HKFE,2023-02-27 12:00:00,19994.0,20008.0,19822.0,19853.0,21907.0,435766742.0,0.0
MHImain,HKFE,2023-02-27 16:00:00,19853.0,19982.0,19845.0,19977.0,10481.0,208852981.0,0.0
MHImain,HKFE,2023-02-27 20:00:00,19978.0,20015.0,19903.0,19956.0,7549.0,150689925.0,0.0
MHImain,HKFE,2023-02-28 00:00:00,19956.0,20001.0,19931.0,19966.0,4221.0,84261720.0,0.0
MHImain,HKFE,2023-02-28 08:00:00,19969.0,20182.0,19969.0,20039.0,40106.0,804965152.0,0.0
MHImain,HKFE,2023-02-28 12:00:00,20039.0,20049.0,19784.0,19904.0,30855.0,614058428.0,0.0
MHImain,HKFE,2023-02-28 16:00:00,19905.0,19912.0,19718.0,19809.0,14503.0,287095171.0,0.0
MHImain,HKFE,2023-02-28 20:00:00,19807.0,19928.0,19778.0,19908.0,8823.0,175148885.0,0.0
MHImain,HKFE,2023-03-01 00:00:00,19905.0,19928.0,19844.0,19868.0,4441.0,88307509.0,0.0
MHImain,HKFE,2023-03-01 08:00:00,19836.0,20385.0,19800.0,20376.0,47042.0,946490904.0,0.0
MHImain,HKFE,2023-03-01 12:00:00,20380.0,20566.0,20355.0,20560.0,32791.0,670603469.0,0.0
MHImain,HKFE,2023-03-01 16:00:00,20563.0,20654.0,20513.0,20600.0,16630.0,342393677.0,0.0
MHImain,HKFE,2023-03-01 20:00:00,20602.0,20609.0,20474.0,20498.0,8184.0,168102368.0,0.0
MHImain,HKFE,2023-03-02 00:00:00,20497.0,20512.0,20411.0,20430.0,7442.0,152272641.0,0.0
MHImain,HKFE,2023-03-02 08:00:00,20442.0,20557.0,20336.0,20497.0,44745.0,914918991.0,0.0
MHImain,HKFE,2023-03-02 12:00:00,20494.0,20574.0,20458.0,20489.0,16773.0,343967524.0,0.0
MHImain,HKFE,2023-03-02 16:00:00,20488.0,20511.0,20426.0,20484.0,7875.0,161190967.0,0.0
MHImain,HKFE,2023-03-02 20:00:00,20486.0,20659.0,20410.0,20630.0,9935.0,203875547.0,0.0
MHImain,HKFE,2023-03-03 00:00:00,20625.0,20680.0,20572.0,20663.0,5456.0,112491867.0,0.0
MHImain,HKFE,2023-03-03 08:00:00,20749.0,20802.0,20518.0,20614.0,37419.0,772012815.0,0.0
MHImain,HKFE,2023-03-03 12:00:00,20616.0,20736.0,20573.0,20673.0,19705.0,406825857.0,0.0
MHImain,HKFE,2023-03-03 16:00:00,20673.0,20675.0,20555.0,20589.0,10008.0,206248263.0,0.0
MHImain,HKFE,2023-03-03 20:00:00,20587.0,20671.0,20584.0,20630.0,6535.0,134774653.0,0.0
MHImain,HKFE,2023-03-04 00:00:00,20631.0,20677.0,20601.0,20655.0,4027.0,83119021.0,0.0
MHImain,HKFE,2023-03-06 08:00:00,20553.0,20704.0,20359.0,20576.0,44376.0,911432768.0,0.0
MHImain,HKFE,2023-03-06 12:00:00,20578.0,20740.0,20572.0,20689.0,17869.0,369257520.0,0.0
MHImain,HKFE,2023-03-06 16:00:00,20689.0,20690.0,20580.0,20615.0,8814.0,181846087.0,0.0
MHImain,HKFE,2023-03-06 20:00:00,20617.0,20712.0,20574.0,20712.0,6404.0,132120420.0,0.0
MHImain,HKFE,2023-03-07 00:00:00,20710.0,20752.0,20643.0,20657.0,4587.0,95004280.0,0.0
MHImain,HKFE,2023-03-07 08:00:00,20620.0,21055.0,20553.0,20800.0,56963.0,1185307611.0,0.0
MHImain,HKFE,2023-03-07 12:00:00,20800.0,20902.0,20372.0,20492.0,39080.0,805475081.0,0.0
MHImain,HKFE,2023-03-07 16:00:00,20491.0,20592.0,20461.0,20550.0,12281.0,252163036.0,0.0
MHImain,HKFE,2023-03-07 20:00:00,20547.0,20558.0,20315.0,20346.0,9292.0,189876123.0,0.0
MHImain,HKFE,2023-03-08 00:00:00,20347.0,20410.0,20302.0,20323.0,8498.0,173023435.0,0.0
MHImain,HKFE,2023-03-08 08:00:00,20282.0,20308.0,20015.0,20049.0,43356.0,873037101.0,0.0
MHImain,HKFE,2023-03-08 12:00:00,20049.0,20123.0,19981.0,20097.0,21014.0,421316221.0,0.0
MHImain,HKFE,2023-03-08 16:00:00,20096.0,20128.0,20016.0,20084.0,9423.0,189088733.0,0.0
MHImain,HKFE,2023-03-08 20:00:00,20084.0,20112.0,20028.0,20094.0,6632.0,133107902.0,0.0
MHImain,HKFE,2023-03-09 00:00:00,20091.0,20135.0,20040.0,20075.0,5173.0,103942501.0,0.0
MHImain,HKFE,2023-03-09 08:00:00,20100.0,20146.0,19966.0,20024.0,40305.0,808668850.0,0.0
MHImain,HKFE,2023-03-09 12:00:00,20025.0,20181.0,20022.0,20062.0,21241.0,427272035.0,0.0
MHImain,HKFE,2023-03-09 16:00:00,20063.0,20064.0,19889.0,19926.0,13943.0,278377861.0,0.0
MHImain,HKFE,2023-03-09 20:00:00,19927.0,19934.0,19821.0,19843.0,9052.0,179931559.0,0.0
MHImain,HKFE,2023-03-10 00:00:00,19842.0,19850.0,19644.0,19693.0,7694.0,152006941.0,0.0
MHImain,HKFE,2023-03-10 08:00:00,19546.0,19689.0,19424.0,19514.0,45636.0,891530882.0,0.0
MHImain,HKFE,2023-03-10 12:00:00,19513.0,19545.0,19351.0,19369.0,20861.0,405807183.0,0.0
MHImain,HKFE,2023-03-10 16:00:00,19366.0,19406.0,19272.0,19388.0,16610.0,321327121.0,0.0
MHImain,HKFE,2023-03-10 20:00:00,19384.0,19493.0,19281.0,19444.0,14429.0,279635368.0,0.0
MHImain,HKFE,2023-03-11 00:00:00,19444.0,19507.0,19306.0,19330.0,10272.0,199585098.0,0.0
MHImain,HKFE,2023-03-13 08:00:00,19485.0,19780.0,19365.0,19776.0,52632.0,1029462827.0,0.0
MHImain,HKFE,2023-03-13 12:00:00,19777.0,19827.0,19648.0,19728.0,26207.0,517363752.0,0.0
MHImain,HKFE,2023-03-13 16:00:00,19729.0,19744.0,19434.0,19470.0,20725.0,406185932.0,0.0
MHImain,HKFE,2023-03-13 20:00:00,19469.0,19570.0,19330.0,19540.0,19737.0,383892919.0,0.0
MHImain,HKFE,2023-03-14 00:00:00,19536.0,19587.0,19453.0,19560.0,7614.0,148673475.0,0.0
MHImain,HKFE,2023-03-14 08:00:00,19480.0,19671.0,19212.0,19290.0,50242.0,979368716.0,0.0
MHImain,HKFE,2023-03-14 12:00:00,19290.0,19435.0,19222.0,19254.0,31344.0,606100200.0,0.0
MHImain,HKFE,2023-03-14 16:00:00,19259.0,19335.0,19136.0,19326.0,16465.0,316781911.0,0.0
MHImain,HKFE,2023-03-14 20:00:00,19325.0,19583.0,19189.0,19577.0,17785.0,345761094.0,0.0
MHImain,HKFE,2023-03-15 00:00:00,19578.0,19610.0,19493.0,19543.0,6371.0,124596942.0,0.0
MHImain,HKFE,2023-03-15 08:00:00,19543.0,19780.0,19543.0,19612.0,43825.0,862611643.0,0.0
MHImain,HKFE,2023-03-15 12:00:00,19614.0,19638.0,19443.0,19540.0,27926.0,545378211.0,0.0
MHImain,HKFE,2023-03-15 16:00:00,19543.0,19623.0,19192.0,19247.0,21626.0,420605700.0,0.0
MHImain,HKFE,2023-03-15 20:00:00,19247.0,19260.0,19025.0,19106.0,20894.0,399880049.0,0.0
MHImain,HKFE,2023-03-16 00:00:00,19106.0,19239.0,19039.0,19239.0,9099.0,173928401.0,0.0
MHImain,HKFE,2023-03-16 08:00:00,19349.0,19408.0,19112.0,19291.0,47426.0,913267854.0,0.0
MHImain,HKFE,2023-03-16 12:00:00,19291.0,19333.0,19129.0,19151.0,25496.0,490555030.0,0.0
MHImain,HKFE,2023-03-16 16:00:00,19151.0,19249.0,19081.0,19105.0,14714.0,282110629.0,0.0
MHImain,HKFE,2023-03-16 20:00:00,19104.0,19226.0,19053.0,19217.0,14286.0,273214288.0,0.0
MHImain,HKFE,2023-03-17 00:00:00,19218.0,19377.0,19206.0,19374.0,9656.0,186322371.0,0.0
MHImain,HKFE,2023-03-17 08:00:00,19380.0,19569.0,19326.0,19552.0,43625.0,848045283.0,0.0
MHImain,HKFE,2023-03-17 12:00:00,19553.0,19628.0,19423.0,19513.0,26837.0,524089260.0,0.0
MHImain,HKFE,2023-03-17 16:00:00,19513.0,19639.0,19510.0,19525.0,13847.0,270867799.0,0.0
MHImain,HKFE,2023-03-17 20:00:00,19524.0,19528.0,19240.0,19294.0,15920.0,308441148.0,0.0
MHImain,HKFE,2023-03-18 00:00:00,19292.0,19312.0,19182.0,19247.0,8180.0,157419292.0,0.0
MHImain,HKFE,2023-03-20 08:00:00,19406.0,19429.0,19094.0,19125.0,38773.0,745717056.0,0.0
MHImain,HKFE,2023-03-20 12:00:00,19124.0,19127.0,18845.0,18901.0,29320.0,556331190.0,0.0
MHImain,HKFE,2023-03-20 16:00:00,18902.0,19091.0,18881.0,19050.0,21289.0,404188345.0,0.0
MHImain,HKFE,2023-03-20 20:00:00,19049.0,19277.0,19020.0,19241.0,15349.0,293855713.0,0.0
MHImain,HKFE,2023-03-21 00:00:00,19240.0,19250.0,19127.0,19178.0,6774.0,129955112.0,0.0
MHImain,HKFE,2023-03-21 08:00:00,19170.0,19235.0,19084.0,19148.0,36889.0,706485650.0,0.0
MHImain,HKFE,2023-03-21 12:00:00,19144.0,19247.0,19029.0,19245.0,27282.0,522390140.0,0.0
MHImain,HKFE,2023-03-21 16:00:00,19244.0,19375.0,19238.0,19350.0,11976.0,231022473.0,0.0
MHImain,HKFE,2023-03-21 20:00:00,19348.0,19494.0,19316.0,19345.0,12990.0,251831252.0,0.0
MHImain,HKFE,2023-03-22 00:00:00,19345.0,19420.0,19306.0,19408.0,3383.0,65462924.0,0.0
MHImain,HKFE,2023-03-22 08:00:00,19448.0,19795.0,19431.0,19648.0,44709.0,879097078.0,0.0
MHImain,HKFE,2023-03-22 12:00:00,19650.0,19687.0,19572.0,19614.0,17977.0,352920372.0,0.0
MHImain,HKFE,2023-03-22 16:00:00,19614.0,19671.0,19559.0,19667.0,9575.0,187813278.0,0.0
MHImain,HKFE,2023-03-22 20:00:00,19667.0,19754.0,19633.0,19729.0,8693.0,171218582.0,0.0
MHImain,HKFE,2023-03-23 00:00:00,19728.0,19855.0,19652.0,19759.0,6937.0,136888702.0,0.0
MHImain,HKFE,2023-03-23 08:00:00,19579.0,19808.0,19520.0,19703.0,45182.0,888594383.0,0.0
MHImain,HKFE,2023-03-23 12:00:00,19703.0,19975.0,19693.0,19957.0,29496.0,585989815.0,0.0
MHImain,HKFE,2023-03-23 16:00:00,19957.0,20081.0,19947.0,20004.0,16678.0,333858993.0,0.0
MHImain,HKFE,2023-03-23 20:00:00,20005.0,20194.0,19982.0,20185.0,11058.0,222356321.0,0.0
MHImain,HKFE,2023-03-24 00:00:00,20187.0,20229.0,19840.0,19880.0,9784.0,196263135.0,0.0
MHImain,HKFE,2023-03-24 08:00:00,19893.0,20132.0,19844.0,20022.0,40678.0,811973130.0,0.0
MHImain,HKFE,2023-03-24 12:00:00,20016.0,20066.0,19860.0,19892.0,19494.0,389146602.0,0.0
MHImain,HKFE,2023-03-24 16:00:00,19893.0,19963.0,19667.0,19710.0,15925.0,315853261.0,0.0
MHImain,HKFE,2023-03-24 20:00:00,19712.0,19876.0,19661.0,19778.0,12951.0,256322843.0,0.0
MHImain,HKFE,2023-03-25 00:00:00,19776.0,19891.0,19775.0,19871.0,5692.0,112908159.0,0.0
MHImain,HKFE,2023-03-27 08:00:00,19923.0,19924.0,19501.0,19588.0,40311.0,791172524.0,0.0
MHImain,HKFE,2023-03-27 12:00:00,19588.0,19951.0,19550.0,19729.0,34088.0,673644574.0,0.0
MHImain,HKFE,2023-03-27 16:00:00,19729.0,19773.0,19533.0,19664.0,15534.0,304926171.0,0.0
MHImain,HKFE,2023-03-27 20:00:00,19662.0,19684.0,19550.0,19575.0,8616.0,169040076.0,0.0
MHImain,HKFE,2023-03-28 00:00:00,19573.0,19649.0,19533.0,19641.0,3220.0,63048615.0,0.0
MHImain,HKFE,2023-03-28 08:00:00,19623.0,19804.0,19553.0,19729.0,40078.0,787959794.0,0.0
MHImain,HKFE,2023-03-28 12:00:00,19730.0,19895.0,19657.0,19808.0,23472.0,464037269.0,0.0
MHImain,HKFE,2023-03-28 16:00:00,19809.0,19938.0,19749.0,19930.0,11302.0,224086899.0,0.0
MHImain,HKFE,2023-03-28 20:00:00,19929.0,20144.0,19927.0,20113.0,15857.0,317698485.0,0.0
MHImain,HKFE,2023-03-29 00:00:00,20114.0,20172.0,20083.0,20138.0,5159.0,103831807.0,0.0
MHImain,HKFE,2023-03-29 08:00:00,20222.0,20538.0,20154.0,20216.0,39313.0,798070450.0,0.0
MHImain,HKFE,2023-03-29 12:00:00,20218.0,20250.0,20111.0,20165.0,16463.0,332144901.0,0.0
MHImain,HKFE,2023-03-29 16:00:00,20164.0,20324.0,20132.0,20295.0,6956.0,140494165.0,0.0
MHImain,HKFE,2023-03-29 20:00:00,20292.0,20377.0,20182.0,20340.0,5899.0,119750833.0,0.0
MHImain,HKFE,2023-03-30 00:00:00,20341.0,20388.0,20324.0,20363.0,1878.0,38241732.0,0.0
MHImain,HKFE,2023-03-30 08:00:00,20339.0,20355.0,20052.0,20096.0,34695.0,701074780.0,0.0
MHImain,HKFE,2023-03-30 12:00:00,20100.0,20390.0,20098.0,20311.0,25836.0,523336723.0,0.0
MHImain,HKFE,2023-03-30 16:00:00,20309.0,20391.0,20293.0,20357.0,8337.0,169609183.0,0.0
MHImain,HKFE,2023-03-30 20:00:00,20357.0,20625.0,20321.0,20590.0,17366.0,356309851.0,0.0
MHImain,HKFE,2023-03-31 00:00:00,20590.0,20643.0,20525.0,20579.0,5904.0,121565343.0,0.0
MHImain,HKFE,2023-03-31 08:00:00,20589.0,20792.0,20499.0,20505.0,45316.0,936394099.0,0.0
MHImain,HKFE,2023-03-31 12:00:00,20505.0,20566.0,20406.0,20534.0,21362.0,437912764.0,0.0
MHImain,HKFE,2023-03-31 16:00:00,20533.0,20568.0,20432.0,20529.0,12618.0,258795666.0,0.0
MHImain,HKFE,2023-03-31 20:00:00,20529.0,20549.0,20416.0,20474.0,9719.0,199120838.0,0.0
MHImain,HKFE,2023-04-01 00:00:00,20474.0,20505.0,20356.0,20362.0,4662.0,95279675.0,0.0
MHImain,HKFE,2023-04-03 08:00:00,20359.0,20525.0,20285.0,20388.0,37005.0,755522158.0,0.0
MHImain,HKFE,2023-04-03 12:00:00,20387.0,20445.0,20253.0,20400.0,22691.0,461875066.0,0.0
MHImain,HKFE,2023-04-03 16:00:00,20395.0,20499.0,20371.0,20489.0,8499.0,173685663.0,0.0
MHImain,HKFE,2023-04-03 20:00:00,20490.0,20555.0,20423.0,20446.0,9929.0,203512652.0,0.0
MHImain,HKFE,2023-04-04 00:00:00,20446.0,20504.0,20426.0,20462.0,4039.0,82669032.0,0.0
MHImain,HKFE,2023-04-04 08:00:00,20460.0,20486.0,20158.0,20287.0,35411.0,718145341.0,0.0
MHImain,HKFE,2023-04-04 12:00:00,20289.0,20389.0,20224.0,20374.0,20463.0,415376865.0,0.0
MHImain,HKFE,2023-04-04 16:00:00,20375.0,20405.0,20291.0,20338.0,9149.0,186119295.0,0.0
MHImain,HKFE,2023-04-04 20:00:00,20338.0,20420.0,20305.0,20357.0,8746.0,178041524.0,0.0
MHImain,HKFE,2023-04-05 00:00:00,20357.0,20458.0,20312.0,20420.0,5383.0,109657134.0,0.0
MHImain,HKFE,2023-04-06 08:00:00,20226.0,20392.0,20068.0,20368.0,39810.0,806128183.0,0.0
MHImain,HKFE,2023-04-06 12:00:00,20371.0,20382.0,20184.0,20245.0,19112.0,387126831.0,0.0
MHImain,HKFE,2023-04-06 16:00:00,20247.0,20379.0,20246.0,20352.0,9921.0,201715607.0,0.0
MHImain,HKFE,2023-04-06 20:00:00,20353.0,20458.0,20276.0,20441.0,10559.0,214981671.0,0.0
MHImain,HKFE,2023-04-07 00:00:00,20444.0,20593.0,20411.0,20561.0,6120.0,125556834.0,0.0
MHImain,HKFE,2023-04-11 08:00:00,20550.0,20811.0,20495.0,20532.0,43457.0,896165727.0,0.0
MHImain,HKFE,2023-04-11 12:00:00,20533.0,20556.0,20331.0,20441.0,26139.0,533609776.0,0.0
MHImain,HKFE,2023-04-11 16:00:00,20442.0,20600.0,20440.0,20556.0,11823.0,242554161.0,0.0
MHImain,HKFE,2023-04-11 20:00:00,20554.0,20624.0,20515.0,20590.0,8856.0,182205426.0,0.0
MHImain,HKFE,2023-04-12 00:00:00,20590.0,20594.0,20513.0,20538.0,3321.0,68226157.0,0.0
MHImain,HKFE,2023-04-12 08:00:00,20550.0,20574.0,20325.0,20391.0,36600.0,747138791.0,0.0
MHImain,HKFE,2023-04-12 12:00:00,20392.0,20420.0,20302.0,20325.0,17823.0,362962607.0,0.0
MHImain,HKFE,2023-04-12 16:00:00,20328.0,20378.0,20278.0,20350.0,9226.0,187510275.0,0.0
MHImain,HKFE,2023-04-12 20:00:00,20348.0,20452.0,20116.0,20138.0,17954.0,364580715.0,0.0
MHImain,HKFE,2023-04-13 00:00:00,20138.0,20208.0,20064.0,20079.0,6498.0,130919567.0,0.0
MHImain,HKFE,2023-04-13 08:00:00,20006.0,20304.0,19896.0,20165.0,47845.0,961565776.0,0.0
MHImain,HKFE,2023-04-13 12:00:00,20167.0,20299.0,20134.0,20234.0,18869.0,381488182.0,0.0
MHImain,HKFE,2023-04-13 16:00:00,20236.0,20400.0,20230.0,20373.0,12748.0,259172476.0,0.0
MHImain,HKFE,2023-04-13 20:00:00,20375.0,20475.0,20334.0,20443.0,10085.0,205903687.0,0.0
MHImain,HKFE,2023-04-14 00:00:00,20444.0,20488.0,20419.0,20471.0,3118.0,63775366.0,0.0
MHImain,HKFE,2023-04-14 08:00:00,20510.0,20550.0,20318.0,20341.0,35572.0,727052883.0,0.0
MHImain,HKFE,2023-04-14 12:00:00,20341.0,20486.0,20321.0,20458.0,17534.0,357728010.0,0.0
MHImain,HKFE,2023-04-14 16:00:00,20457.0,20498.0,20410.0,20428.0,8205.0,167792346.0,0.0
MHImain,HKFE,2023-04-14 20:00:00,20427.0,20488.0,20280.0,20298.0,11672.0,237889679.0,0.0
MHImain,HKFE,2023-04-15 00:00:00,20298.0,20324.0,20246.0,20324.0,4260.0,86410148.0,0.0
MHImain,HKFE,2023-04-17 08:00:00,20329.0,20595.0,20285.0,20510.0,36558.0,748079354.0,0.0
MHImain,HKFE,2023-04-17 12:00:00,20510.0,20827.0,20478.0,20825.0,31942.0,660299085.0,0.0
MHImain,HKFE,2023-04-17 16:00:00,20823.0,20899.0,20761.0,20781.0,14752.0,307215699.0,0.0
MHImain,HKFE,2023-04-17 20:00:00,20781.0,20782.0,20590.0,20612.0,12943.0,267537171.0,0.0
MHImain,HKFE,2023-04-18 00:00:00,20611.0,20675.0,20576.0,20675.0,3769.0,77722321.0,0.0
MHImain,HKFE,2023-04-18 08:00:00,20680.0,20771.0,20608.0,20633.0,39516.0,817174875.0,0.0
MHImain,HKFE,2023-04-18 12:00:00,20634.0,20687.0,20566.0,20600.0,17935.0,370005978.0,0.0
MHImain,HKFE,2023-04-18 16:00:00,20600.0,20769.0,20571.0,20767.0,10938.0,226001167.0,0.0
MHImain,HKFE,2023-04-18 20:00:00,20767.0,20776.0,20610.0,20616.0,8901.0,184256988.0,0.0
MHImain,HKFE,2023-04-19 00:00:00,20616.0,20628.0,20562.0,20585.0,3594.0,74019634.0,0.0
MHImain,HKFE,2023-04-19 08:00:00,20570.0,20632.0,20397.0,20556.0,35065.0,719201253.0,0.0
MHImain,HKFE,2023-04-19 12:00:00,20555.0,20585.0,20344.0,20428.0,22739.0,465434903.0,0.0
MHImain,HKFE,2023-04-19 16:00:00,20429.0,20441.0,20292.0,20344.0,12633.0,257253205.0,0.0
MHImain,HKFE,2023-04-19 20:00:00,20344.0,20390.0,20297.0,20374.0,8405.0,171000277.0,0.0
MHImain,HKFE,2023-04-20 00:00:00,20376.0,20416.0,20358.0,20399.0,2971.0,60585075.0,0.0
MHImain,HKFE,2023-04-20 08:00:00,20359.0,20486.0,20302.0,20341.0,35758.0,729570049.0,0.0
MHImain,HKFE,2023-04-20 12:00:00,20342.0,20483.0,20325.0,20422.0,21808.0,444821296.0,0.0
MHImain,HKFE,2023-04-20 16:00:00,20422.0,20455.0,20319.0,20359.0,10592.0,215972546.0,0.0
MHImain,HKFE,2023-04-20 20:00:00,20360.0,20483.0,20352.0,20401.0,8070.0,164823105.0,0.0
MHImain,HKFE,2023-04-21 00:00:00,20398.0,20409.0,20254.0,20280.0,5605.0,113995324.0,0.0
MHImain,HKFE,2023-04-21 08:00:00,20313.0,20391.0,20202.0,20315.0,37483.0,761287599.0,0.0
MHImain,HKFE,2023-04-21 12:00:00,20316.0,20320.0,20056.0,20059.0,28861.0,582497679.0,0.0
MHImain,HKFE,2023-04-21 16:00:00,20058.0,20072.0,19977.0,20048.0,16032.0,321088505.0,0.0
MHImain,HKFE,2023-04-21 20:00:00,20048.0,20071.0,19916.0,19999.0,10271.0,205388988.0,0.0
MHImain,HKFE,2023-04-22 00:00:00,19998.0,20053.0,19990.0,20018.0,3691.0,73886740.0,0.0
MHImain,HKFE,2023-04-24 08:00:00,19986.0,20154.0,19905.0,19965.0,39553.0,792478630.0,0.0
MHImain,HKFE,2023-04-24 12:00:00,19962.0,20012.0,19744.0,19800.0,28425.0,564264348.0,0.0
MHImain,HKFE,2023-04-24 16:00:00,19797.0,19980.0,19782.0,19942.0,13866.0,275948184.0,0.0
MHImain,HKFE,2023-04-24 20:00:00,19938.0,19948.0,19836.0,19844.0,6344.0,126212090.0,0.0
MHImain,HKFE,2023-04-25 00:00:00,19843.0,19851.0,19798.0,19851.0,3067.0,60810006.0,0.0
MHImain,HKFE,2023-04-25 08:00:00,19890.0,19936.0,19611.0,19636.0,37764.0,745971786.0,0.0
MHImain,HKFE,2023-04-25 12:00:00,19636.0,19736.0,19536.0,19629.0,26393.0,517754600.0,0.0
MHImain,HKFE,2023-04-25 16:00:00,19633.0,19652.0,19541.0,19588.0,12584.0,246606479.0,0.0
MHImain,HKFE,2023-04-25 20:00:00,19586.0,19596.0,19443.0,19508.0,8126.0,158542806.0,0.0
MHImain,HKFE,2023-04-26 00:00:00,19506.0,19508.0,19373.0,19400.0,3980.0,77367670.0,0.0
MHImain,HKFE,2023-04-26 08:00:00,19480.0,19767.0,19459.0,19725.0,36836.0,723457980.0,0.0
MHImain,HKFE,2023-04-26 12:00:00,19724.0,19926.0,19717.0,19811.0,22216.0,440263209.0,0.0
MHImain,HKFE,2023-04-26 16:00:00,19808.0,19812.0,19634.0,19636.0,9661.0,190791510.0,0.0
MHImain,HKFE,2023-04-26 20:00:00,19634.0,19843.0,19630.0,19722.0,8681.0,171350783.0,0.0
MHImain,HKFE,2023-04-27 00:00:00,19722.0,19742.0,19654.0,19680.0,2375.0,46798470.0,0.0
MHImain,HKFE,2023-04-27 08:00:00,19680.0,19763.0,19603.0,19690.0,29448.0,579809369.0,0.0
MHImain,HKFE,2023-04-27 12:00:00,19692.0,19846.0,19651.0,19752.0,20722.0,409324606.0,0.0
MHImain,HKFE,2023-04-27 16:00:00,19753.0,19788.0,19708.0,19766.0,8701.0,171880046.0,0.0
MHImain,HKFE,2023-04-27 20:00:00,19760.0,19836.0,19713.0,19818.0,7518.0,148660117.0,0.0
MHImain,HKFE,2023-04-28 00:00:00,19822.0,19968.0,19802.0,19955.0,4915.0,97760433.0,0.0
MHImain,HKFE,2023-04-28 08:00:00,19922.0,20135.0,19849.0,19937.0,38079.0,761004350.0,0.0
MHImain,HKFE,2023-04-28 12:00:00,19938.0,19982.0,19817.0,19962.0,20107.0,400289235.0,0.0
MHImain,HKFE,2023-04-28 16:00:00,19961.0,19999.0,19786.0,19854.0,11157.0,221910107.0,0.0
MHImain,HKFE,2023-04-28 20:00:00,19852.0,19993.0,19841.0,19954.0,7587.0,151118366.0,0.0
MHImain,HKFE,2023-04-29 00:00:00,19951.0,20024.0,19936.0,20001.0,4107.0,82087710.0,0.0
MHImain,HKFE,2023-05-02 08:00:00,19941.0,20257.0,19705.0,19891.0,49406.0,985987819.0,0.0
MHImain,HKFE,2023-05-02 12:00:00,19895.0,19990.0,19807.0,19872.0,19761.0,393160462.0,0.0
MHImain,HKFE,2023-05-02 16:00:00,19870.0,19971.0,19819.0,19844.0,9995.0,198873850.0,0.0
MHImain,HKFE,2023-05-02 20:00:00,19847.0,19849.0,19557.0,19593.0,11324.0,222767138.0,0.0
MHImain,HKFE,2023-05-03 00:00:00,19591.0,19655.0,19562.0,19635.0,4071.0,79837229.0,0.0
MHImain,HKFE,2023-05-03 08:00:00,19645.0,19675.0,19482.0,19546.0,38992.0,763577469.0,0.0
MHImain,HKFE,2023-05-03 12:00:00,19547.0,19602.0,19468.0,19563.0,18857.0,368295032.0,0.0
MHImain,HKFE,2023-05-03 16:00:00,19562.0,19640.0,19522.0,19593.0,9176.0,179801481.0,0.0
MHImain,HKFE,2023-05-03 20:00:00,19591.0,19647.0,19546.0,19629.0,5829.0,114216874.0,0.0
MHImain,HKFE,2023-05-04 00:00:00,19630.0,19685.0,19602.0,19657.0,3563.0,69980071.0,0.0
MHImain,HKFE,2023-05-04 08:00:00,19593.0,19935.0,19575.0,19863.0,44533.0,881498706.0,0.0
MHImain,HKFE,2023-05-04 12:00:00,19864.0,19911.0,19781.0,19905.0,22099.0,438492885.0,0.0
MHImain,HKFE,2023-05-04 16:00:00,19907.0,19949.0,19830.0,19895.0,12650.0,251654699.0,0.0
MHImain,HKFE,2023-05-04 20:00:00,19893.0,19965.0,19825.0,19863.0,10983.0,218349748.0,0.0
MHImain,HKFE,2023-05-05 00:00:00,19866.0,19928.0,19827.0,19900.0,3419.0,67935154.0,0.0
MHImain,HKFE,2023-05-05 08:00:00,19993.0,20168.0,19912.0,20014.0,45845.0,919048993.0,0.0
MHImain,HKFE,2023-05-05 12:00:00,20016.0,20080.0,19943.0,19985.0,15994.0,320038892.0,0.0
MHImain,HKFE,2023-05-05 16:00:00,19986.0,20015.0,19918.0,19988.0,7534.0,150522664.0,0.0
MHImain,HKFE,2023-05-05 20:00:00,19989.0,20027.0,19899.0,20012.0,8682.0,173338592.0,0.0
MHImain,HKFE,2023-05-06 00:00:00,20013.0,20138.0,20004.0,20135.0,4079.0,81827030.0,0.0
MHImain,HKFE,2023-05-08 08:00:00,20118.0,20225.0,20016.0,20225.0,43360.0,872034524.0,0.0
MHImain,HKFE,2023-05-08 12:00:00,20224.0,20252.0,20105.0,20227.0,19966.0,402881734.0,0.0
MHImain,HKFE,2023-05-08 16:00:00,20228.0,20283.0,20215.0,20253.0,8870.0,179609146.0,0.0
MHImain,HKFE,2023-05-08 20:00:00,20253.0,20287.0,20174.0,20181.0,6531.0,132086415.0,0.0
MHImain,HKFE,2023-05-09 00:00:00,20182.0,20226.0,20175.0,20225.0,2378.0,48030826.0,0.0
MHImain,HKFE,2023-05-09 08:00:00,20200.0,20259.0,20113.0,20168.0,35490.0,716219725.0,0.0
MHImain,HKFE,2023-05-09 12:00:00,20166.0,20191.0,19755.0,19800.0,34010.0,679502172.0,0.0
MHImain,HKFE,2023-05-09 16:00:00,19800.0,19856.0,19761.0,19800.0,11551.0,228809352.0,0.0
MHImain,HKFE,2023-05-09 20:00:00,19797.0,19844.0,19706.0,19819.0,8495.0,168038257.0,0.0
MHImain,HKFE,2023-05-10 00:00:00,19819.0,19870.0,19792.0,19855.0,3006.0,59617879.0,0.0
MHImain,HKFE,2023-05-10 08:00:00,19872.0,19874.0,19625.0,19704.0,36843.0,726061234.0,0.0
MHImain,HKFE,2023-05-10 12:00:00,19706.0,19766.0,19655.0,19706.0,18349.0,361583045.0,0.0
MHImain,HKFE,2023-05-10 16:00:00,19705.0,19742.0,19675.0,19702.0,7746.0,152657217.0,0.0
MHImain,HKFE,2023-05-10 20:00:00,19705.0,19815.0,19675.0,19713.0,14285.0,282173751.0,0.0
MHImain,HKFE,2023-05-11 00:00:00,19713.0,19759.0,19622.0,19714.0,4413.0,86916963.0,0.0
MHImain,HKFE,2023-05-11 08:00:00,19773.0,19866.0,19665.0,19725.0,36910.0,729146875.0,0.0
MHImain,HKFE,2023-05-11 12:00:00,19723.0,19728.0,19520.0,19555.0,23862.0,468180714.0,0.0
MHImain,HKFE,2023-05-11 16:00:00,19555.0,19785.0,19553.0,19714.0,16483.0,324423473.0,0.0
MHImain,HKFE,2023-05-11 20:00:00,19713.0,19744.0,19633.0,19680.0,10540.0,207466599.0,0.0
MHImain,HKFE,2023-05-12 00:00:00,19680.0,19848.0,19664.0,19848.0,5334.0,105394258.0,0.0
MHImain,HKFE,2023-05-12 08:00:00,19865.0,19865.0,19577.0,19661.0,39027.0,769273714.0,0.0
MHImain,HKFE,2023-05-12 12:00:00,19659.0,19691.0,19550.0,19582.0,16784.0,329358058.0,0.0
MHImain,HKFE,2023-05-12 16:00:00,19582.0,19626.0,19549.0,19608.0,9108.0,178417274.0,0.0
MHImain,HKFE,2023-05-12 20:00:00,19606.0,19613.0,19442.0,19474.0,9236.0,180222926.0,0.0
MHImain,HKFE,2023-05-13 00:00:00,19473.0,19473.0,19396.0,19424.0,4332.0,84176670.0,0.0
MHImain,HKFE,2023-05-15 08:00:00,19440.0,19689.0,19414.0,19595.0,37366.0,731160184.0,0.0
MHImain,HKFE,2023-05-15 12:00:00,19594.0,20040.0,19557.0,19961.0,40784.0,809379455.0,0.0
MHImain,HKFE,2023-05-15 16:00:00,19962.0,19967.0,19882.0,19957.0,10129.0,201833472.0,0.0
MHImain,HKFE,2023-05-15 20:00:00,19958.0,20092.0,19874.0,20091.0,10935.0,218437818.0,0.0
MHImain,HKFE,2023-05-16 00:00:00,20091.0,20191.0,20080.0,20184.0,6134.0,123460364.0,0.0
MHImain,HKFE,2023-05-16 08:00:00,20159.0,20185.0,19980.0,20043.0,30380.0,609339675.0,0.0
MHImain,HKFE,2023-05-16 12:00:00,20038.0,20055.0,19857.0,19883.0,19814.0,395073474.0,0.0
MHImain,HKFE,2023-05-16 16:00:00,19884.0,19935.0,19840.0,19902.0,8269.0,164511327.0,0.0
MHImain,HKFE,2023-05-16 20:00:00,19899.0,19910.0,19811.0,19877.0,8983.0,178423718.0,0.0
MHImain,HKFE,2023-05-17 00:00:00,19873.0,19944.0,19846.0,19885.0,3750.0,74592675.0,0.0
MHImain,HKFE,2023-05-17 08:00:00,19875.0,19953.0,19756.0,19852.0,34047.0,676294273.0,0.0
MHImain,HKFE,2023-05-17 12:00:00,19853.0,19863.0,19676.0,19707.0,22077.0,436035725.0,0.0
MHImain,HKFE,2023-05-17 16:00:00,19705.0,19712.0,19448.0,19523.0,20724.0,404901665.0,0.0
MHImain,HKFE,2023-05-17 20:00:00,19522.0,19626.0,19492.0,19596.0,8733.0,170823718.0,0.0
MHImain,HKFE,2023-05-18 00:00:00,19596.0,19696.0,19567.0,19683.0,4909.0,96403278.0,0.0
MHImain,HKFE,2023-05-18 08:00:00,19650.0,19848.0,19577.0,19763.0,45071.0,888430774.0,0.0
MHImain,HKFE,2023-05-18 12:00:00,19765.0,19783.0,19570.0,19588.0,23610.0,464154947.0,0.0
MHImain,HKFE,2023-05-18 16:00:00,19589.0,19726.0,19589.0,19661.0,9573.0,188151894.0,0.0
MHImain,HKFE,2023-05-18 20:00:00,19661.0,19725.0,19458.0,19522.0,15822.0,309402903.0,0.0
MHImain,HKFE,2023-05-19 00:00:00,19521.0,19546.0,19404.0,19468.0,5689.0,110802891.0,0.0
MHImain,HKFE,2023-05-19 08:00:00,19501.0,19538.0,19303.0,19492.0,39143.0,759851843.0,0.0
MHImain,HKFE,2023-05-19 12:00:00,19494.0,19572.0,19412.0,19421.0,22004.0,428457596.0,0.0
MHImain,HKFE,2023-05-19 16:00:00,19420.0,19448.0,19368.0,19419.0,11194.0,217167950.0,0.0
MHImain,HKFE,2023-05-19 20:00:00,19418.0,19464.0,19396.0,19422.0,6958.0,135171166.0,0.0
MHImain,HKFE,2023-05-20 00:00:00,19420.0,19459.0,19372.0,19414.0,4474.0,86837946.0,0.0
MHImain,HKFE,2023-05-22 08:00:00,19421.0,19770.0,19379.0,19671.0,45781.0,896405685.0,0.0
MHImain,HKFE,2023-05-22 12:00:00,19674.0,19782.0,19605.0,19713.0,23102.0,454777878.0,0.0
MHImain,HKFE,2023-05-22 16:00:00,19711.0,19751.0,19632.0,19666.0,10326.0,203200032.0,0.0
MHImain,HKFE,2023-05-22 20:00:00,19667.0,19819.0,19667.0,19708.0,9671.0,190924698.0,0.0
MHImain,HKFE,2023-05-23 00:00:00,19708.0,19743.0,19682.0,19736.0,2370.0,46719660.0,0.0
MHImain,HKFE,2023-05-23 08:00:00,19756.0,19774.0,19603.0,19625.0,32411.0,637882591.0,0.0
MHImain,HKFE,2023-05-23 12:00:00,19625.0,19641.0,19354.0,19383.0,24249.0,473133265.0,0.0
MHImain,HKFE,2023-05-23 16:00:00,19382.0,19434.0,19351.0,19397.0,10839.0,210272397.0,0.0
MHImain,HKFE,2023-05-23 20:00:00,19397.0,19437.0,19362.0,19392.0,5708.0,110719649.0,0.0
MHImain,HKFE,2023-05-24 00:00:00,19392.0,19417.0,19258.0,19290.0,4358.0,84263892.0,0.0
MHImain,HKFE,2023-05-24 08:00:00,19272.0,19306.0,19140.0,19216.0,36952.0,710100512.0,0.0
MHImain,HKFE,2023-05-24 12:00:00,19216.0,19282.0,19105.0,19118.0,20403.0,391701594.0,0.0
MHImain,HKFE,2023-05-24 16:00:00,19119.0,19119.0,18992.0,19013.0,15881.0,302845448.0,0.0
MHImain,HKFE,2023-05-24 20:00:00,19013.0,19026.0,18847.0,18877.0,9748.0,184506671.0,0.0
MHImain,HKFE,2023-05-25 00:00:00,18879.0,18912.0,18838.0,18880.0,4257.0,80359163.0,0.0
MHImain,HKFE,2023-05-25 08:00:00,18930.0,18962.0,18712.0,18723.0,34138.0,642558684.0,0.0
MHImain,HKFE,2023-05-25 12:00:00,18723.0,18756.0,18608.0,18714.0,23632.0,441452299.0,0.0
MHImain,HKFE,2023-05-25 16:00:00,18714.0,18780.0,18685.0,18741.0,9898.0,185348426.0,0.0
MHImain,HKFE,2023-05-25 20:00:00,18741.0,18760.0,18623.0,18623.0,7143.0,133485834.0,0.0
MHImain,HKFE,2023-05-26 00:00:00,18622.0,18624.0,18516.0,18547.0,7023.0,130359171.0,0.0
MHImain,HKFE,2023-05-29 08:00:00,18767.0,18876.0,18642.0,18733.0,29266.0,548907606.0,0.0
MHImain,HKFE,2023-05-29 12:00:00,18732.0,18738.0,18567.0,18632.0,15890.0,296176018.0,0.0
MHImain,HKFE,2023-05-29 16:00:00,18630.0,18637.0,18495.0,18530.0,7208.0,133706353.0,0.0
MHImain,HKFE,2023-05-29 20:00:00,18530.0,18530.0,18530.0,18530.0,0.0,0.0,0.0
MHImain,HKFE,2023-05-30 00:00:00,18530.0,18530.0,18530.0,18530.0,0.0,0.0,0.0
MHImain,HKFE,2023-05-30 08:00:00,18524.0,18610.0,18362.0,18405.0,34506.0,638264251.0,0.0
MHImain,HKFE,2023-05-30 12:00:00,18406.0,18520.0,18316.0,18495.0,25499.0,469432697.0,0.0
MHImain,HKFE,2023-05-30 16:00:00,18495.0,18564.0,18470.0,18500.0,10023.0,185558963.0,0.0
MHImain,HKFE,2023-05-30 20:00:00,18500.0,18505.0,18242.0,18264.0,11241.0,206530611.0,0.0
MHImain,HKFE,2023-05-31 00:00:00,18263.0,18277.0,18193.0,18260.0,4877.0,88950947.0,0.0
MHImain,HKFE,2023-05-31 08:00:00,18258.0,18332.0,18066.0,18085.0,38033.0,692128871.0,0.0
MHImain,HKFE,2023-05-31 12:00:00,18083.0,18115.0,17966.0,18041.0,23417.0,422459955.0,0.0
MHImain,HKFE,2023-05-31 16:00:00,18041.0,18241.0,18016.0,18235.0,17400.0,315556053.0,0.0
MHImain,HKFE,2023-05-31 20:00:00,18233.0,18249.0,17997.0,18011.0,10954.0,198376642.0,0.0
MHImain,HKFE,2023-06-01 00:00:00,18008.0,18184.0,17949.0,18184.0,5991.0,108076071.0,0.0
MHImain,HKFE,2023-06-01 08:00:00,18190.0,18395.0,18080.0,18332.0,49103.0,895773257.0,0.0
MHImain,HKFE,2023-06-01 12:00:00,18335.0,18368.0,18132.0,18195.0,24932.0,455266431.0,0.0
MHImain,HKFE,2023-06-01 16:00:00,18196.0,18224.0,18102.0,18157.0,10361.0,188206453.0,0.0
MHImain,HKFE,2023-06-01 20:00:00,18158.0,18473.0,18076.0,18456.0,16798.0,307124053.0,0.0
MHImain,HKFE,2023-06-02 00:00:00,18456.0,18538.0,18428.0,18472.0,7079.0,130871938.0,0.0
MHImain,HKFE,2023-06-02 08:00:00,18527.0,18760.0,18444.0,18740.0,40864.0,760777004.0,0.0
MHImain,HKFE,2023-06-02 12:00:00,18739.0,18946.0,18732.0,18901.0,29921.0,563679205.0,0.0
MHImain,HKFE,2023-06-02 16:00:00,18904.0,18998.0,18843.0,18996.0,15038.0,284295860.0,0.0
MHImain,HKFE,2023-06-02 20:00:00,18996.0,19121.0,18920.0,19065.0,15375.0,292678066.0,0.0
MHImain,HKFE,2023-06-03 00:00:00,19063.0,19148.0,19062.0,19103.0,4902.0,93634124.0,0.0
MHImain,HKFE,2023-06-05 08:00:00,19043.0,19043.0,18813.0,18940.0,38408.0,727341087.0,0.0
MHImain,HKFE,2023-06-05 12:00:00,18938.0,19025.0,18843.0,19009.0,21424.0,405900005.0,0.0
MHImain,HKFE,2023-06-05 16:00:00,19010.0,19051.0,18967.0,19038.0,10147.0,192980031.0,0.0
MHImain,HKFE,2023-06-05 20:00:00,19038.0,19042.0,18917.0,18954.0,7913.0,150219226.0,0.0
MHImain,HKFE,2023-06-06 00:00:00,18956.0,19077.0,18950.0,19064.0,3076.0,58477417.0,0.0
MHImain,HKFE,2023-06-06 08:00:00,19031.0,19312.0,18964.0,19241.0,43917.0,841036258.0,0.0
MHImain,HKFE,2023-06-06 12:00:00,19243.0,19247.0,18955.0,18979.0,26680.0,509654916.0,0.0
MHImain,HKFE,2023-06-06 16:00:00,18981.0,19104.0,18958.0,19004.0,11432.0,217363033.0,0.0
MHImain,HKFE,2023-06-06 20:00:00,19004.0,19212.0,19000.0,19194.0,9594.0,183220126.0,0.0
MHImain,HKFE,2023-06-07 00:00:00,19192.0,19380.0,19187.0,19340.0,8211.0,158420067.0,0.0
MHImain,HKFE,2023-06-07 08:00:00,19311.0,19357.0,19162.0,19224.0,39932.0,769108204.0,0.0
MHImain,HKFE,2023-06-07 12:00:00,19222.0,19334.0,19138.0,19200.0,23276.0,447805580.0,0.0
MHImain,HKFE,2023-06-07 16:00:00,19204.0,19277.0,19169.0,19271.0,7164.0,137641883.0,0.0
MHImain,HKFE,2023-06-07 20:00:00,19270.0,19382.0,19205.0,19285.0,11868.0,228956215.0,0.0
MHImain,HKFE,2023-06-08 00:00:00,19284.0,19318.0,19156.0,19182.0,5093.0,97932069.0,0.0
MHImain,HKFE,2023-06-08 08:00:00,19158.0,19260.0,19051.0,19178.0,37818.0,724473820.0,0.0
MHImain,HKFE,2023-06-08 12:00:00,19178.0,19318.0,19084.0,19245.0,25283.0,485353403.0,0.0
MHImain,HKFE,2023-06-08 16:00:00,19246.0,19294.0,19207.0,19222.0,7893.0,151933114.0,0.0
MHImain,HKFE,2023-06-08 20:00:00,19220.0,19372.0,19192.0,19365.0,7950.0,153426271.0,0.0
MHImain,HKFE,2023-06-09 00:00:00,19365.0,19416.0,19330.0,19377.0,4678.0,90632040.0,0.0
MHImain,HKFE,2023-06-09 08:00:00,19370.0,19383.0,19195.0,19265.0,32624.0,629089742.0,0.0
MHImain,HKFE,2023-06-09 12:00:00,19267.0,19454.0,19260.0,19436.0,24548.0,475547146.0,0.0
MHImain,HKFE,2023-06-09 16:00:00,19438.0,19439.0,19311.0,19362.0,8779.0,170118100.0,0.0
MHImain,HKFE,2023-06-09 20:00:00,19361.0,19447.0,19331.0,19383.0,8974.0,173981850.0,0.0
MHImain,HKFE,2023-06-10 00:00:00,19382.0,19426.0,19335.0,19356.0,4258.0,82523058.0,0.0
MHImain,HKFE,2023-06-12 08:00:00,19350.0,19417.0,19231.0,19273.0,33517.0,647220093.0,0.0
MHImain,HKFE,2023-06-12 12:00:00,19272.0,19432.0,19225.0,19387.0,23057.0,446223778.0,0.0
MHImain,HKFE,2023-06-12 16:00:00,19386.0,19452.0,19311.0,19384.0,9678.0,187496084.0,0.0
MHImain,HKFE,2023-06-12 20:00:00,19383.0,19394.0,19331.0,19368.0,5305.0,102718018.0,0.0
MHImain,HKFE,2023-06-13 00:00:00,19370.0,19374.0,19326.0,19353.0,2142.0,41444677.0,0.0
MHImain,HKFE,2023-06-13 08:00:00,19345.0,19404.0,19241.0,19393.0,35329.0,682354170.0,0.0
MHImain,HKFE,2023-06-13 12:00:00,19394.0,19566.0,19389.0,19529.0,29454.0,573660834.0,0.0
MHImain,HKFE,2023-06-13 16:00:00,19528.0,19569.0,19475.0,19502.0,8523.0,166343647.0,0.0
MHImain,HKFE,2023-06-13 20:00:00,19500.0,19649.0,19493.0,19551.0,12979.0,254028315.0,0.0
MHImain,HKFE,2023-06-14 00:00:00,19552.0,19576.0,19521.0,19535.0,2335.0,45650652.0,0.0
MHImain,HKFE,2023-06-14 08:00:00,19548.0,19644.0,19457.0,19503.0,33966.0,663835203.0,0.0
MHImain,HKFE,2023-06-14 12:00:00,19506.0,19549.0,19357.0,19361.0,21598.0,419928846.0,0.0
MHImain,HKFE,2023-06-14 16:00:00,19365.0,19455.0,19352.0,19431.0,8193.0,158959898.0,0.0
MHImain,HKFE,2023-06-14 20:00:00,19432.0,19687.0,19391.0,19639.0,14617.0,286087624.0,0.0
MHImain,HKFE,2023-06-15 00:00:00,19640.0,19725.0,19565.0,19684.0,7188.0,141301674.0,0.0
MHImain,HKFE,2023-06-15 08:00:00,19665.0,19696.0,19522.0,19528.0,32909.0,645078595.0,0.0
MHImain,HKFE,2023-06-15 12:00:00,19527.0,19774.0,19506.0,19772.0,29421.0,578894397.0,0.0
MHImain,HKFE,2023-06-15 16:00:00,19773.0,19848.0,19738.0,19801.0,13404.0,265488234.0,0.0
MHImain,HKFE,2023-06-15 20:00:00,19802.0,19943.0,19794.0,19880.0,12899.0,256573270.0,0.0
MHImain,HKFE,2023-06-16 00:00:00,19880.0,19974.0,19878.0,19953.0,3651.0,72791115.0,0.0
MHImain,HKFE,2023-06-16 08:00:00,19919.0,19993.0,19873.0,19971.0,30020.0,598483379.0,0.0
MHImain,HKFE,2023-06-16 12:00:00,19973.0,20184.0,19946.0,20107.0,28198.0,566256927.0,0.0
MHImain,HKFE,2023-06-16 16:00:00,20109.0,20195.0,19982.0,20168.0,17541.0,352129347.0,0.0
MHImain,HKFE,2023-06-16 20:00:00,20171.0,20204.0,19946.0,20007.0,16744.0,335933331.0,0.0
MHImain,HKFE,2023-06-17 00:00:00,20012.0,20030.0,19933.0,19989.0,5621.0,112337515.0,0.0
MHImain,HKFE,2023-06-19 08:00:00,19996.0,20027.0,19787.0,19798.0,29178.0,580938793.0,0.0
MHImain,HKFE,2023-06-19 12:00:00,19797.0,19848.0,19721.0,19845.0,21944.0,434267853.0,0.0
MHImain,HKFE,2023-06-19 16:00:00,19845.0,19977.0,19819.0,19926.0,14596.0,290486587.0,0.0
MHImain,HKFE,2023-06-19 20:00:00,19924.0,19938.0,19883.0,19905.0,3495.0,69584644.0,0.0
MHImain,HKFE,2023-06-20 00:00:00,19906.0,19927.0,19889.0,19916.0,1106.0,22018155.0,0.0
MHImain,HKFE,2023-06-20 08:00:00,19878.0,19905.0,19617.0,19642.0,33106.0,653324316.0,0.0
MHImain,HKFE,2023-06-20 12:00:00,19643.0,19674.0,19511.0,19614.0,25237.0,494640209.0,0.0
MHImain,HKFE,2023-06-20 16:00:00,19613.0,19655.0,19554.0,19564.0,10076.0,197661310.0,0.0
MHImain,HKFE,2023-06-20 20:00:00,19563.0,19589.0,19336.0,19359.0,13131.0,255435066.0,0.0
MHImain,HKFE,2023-06-21 00:00:00,19358.0,19373.0,19298.0,19351.0,5114.0,98879547.0,0.0
MHImain,HKFE,2023-06-21 08:00:00,19390.0,19414.0,19212.0,19217.0,39156.0,755913423.0,0.0
MHImain,HKFE,2023-06-21 12:00:00,19220.0,19275.0,19183.0,19216.0,20538.0,394956750.0,0.0
MHImain,HKFE,2023-06-21 16:00:00,19216.0,19272.0,19190.0,19246.0,10136.0,194935364.0,0.0
MHImain,HKFE,2023-06-21 20:00:00,19245.0,19307.0,19156.0,19177.0,9563.0,183966456.0,0.0
MHImain,HKFE,2023-06-22 00:00:00,19177.0,19270.0,19169.0,19250.0,3907.0,75110039.0,0.0
MHImain,HKFE,2023-06-23 08:00:00,19150.0,19217.0,18820.0,18845.0,34803.0,659854382.0,0.0
MHImain,HKFE,2023-06-23 12:00:00,18846.0,18907.0,18792.0,18893.0,15128.0,285063865.0,0.0
MHImain,HKFE,2023-06-23 16:00:00,18894.0,18997.0,18859.0,18897.0,11268.0,213150500.0,0.0
MHImain,HKFE,2023-06-23 20:00:00,18897.0,18901.0,18675.0,18739.0,10421.0,195461536.0,0.0
MHImain,HKFE,2023-06-24 00:00:00,18743.0,18791.0,18732.0,18765.0,3028.0,56806632.0,0.0
MHImain,HKFE,2023-06-26 08:00:00,18726.0,19022.0,18725.0,18898.0,38205.0,721409287.0,0.0
MHImain,HKFE,2023-06-26 12:00:00,18896.0,18938.0,18777.0,18838.0,18424.0,347221758.0,0.0
MHImain,HKFE,2023-06-26 16:00:00,18835.0,18852.0,18766.0,18835.0,10918.0,205347785.0,0.0
MHImain,HKFE,2023-06-26 20:00:00,18835.0,18933.0,18797.0,18836.0,7112.0,134138586.0,0.0
MHImain,HKFE,2023-06-27 00:00:00,18832.0,18892.0,18812.0,18892.0,2705.0,50994453.0,0.0
MHImain,HKFE,2023-06-27 08:00:00,18840.0,19105.0,18816.0,19035.0,33945.0,644765191.0,0.0
MHImain,HKFE,2023-06-27 12:00:00,19035.0,19208.0,19024.0,19177.0,20857.0,398846748.0,0.0
MHImain,HKFE,2023-06-27 16:00:00,19176.0,19227.0,19098.0,19114.0,9914.0,190014110.0,0.0
MHImain,HKFE,2023-06-27 20:00:00,19113.0,19194.0,19091.0,19136.0,6091.0,116553798.0,0.0
MHImain,HKFE,2023-06-28 00:00:00,19137.0,19200.0,19136.0,19191.0,2351.0,45071046.0,0.0
MHImain,HKFE,2023-06-28 08:00:00,19160.0,19230.0,19021.0,19180.0,27123.0,518083966.0,0.0
MHImain,HKFE,2023-06-28 12:00:00,19180.0,19213.0,19076.0,19175.0,13172.0,252084522.0,0.0
MHImain,HKFE,2023-06-28 16:00:00,19175.0,19208.0,19034.0,19057.0,7131.0,136626458.0,0.0
MHImain,HKFE,2023-06-28 20:00:00,19060.0,19066.0,18923.0,18949.0,4611.0,87491803.0,0.0
MHImain,HKFE,2023-06-29 00:00:00,18949.0,19033.0,18942.0,19029.0,2227.0,42304432.0,0.0
MHImain,HKFE,2023-06-29 08:00:00,19057.0,19118.0,18770.0,18795.0,31117.0,589019174.0,0.0
MHImain,HKFE,2023-06-29 12:00:00,18796.0,18898.0,18777.0,18806.0,18225.0,343034038.0,0.0
MHImain,HKFE,2023-06-29 16:00:00,18805.0,18848.0,18752.0,18809.0,10361.0,194851580.0,0.0
MHImain,HKFE,2023-06-29 20:00:00,18807.0,18823.0,18716.0,18773.0,7475.0,140271180.0,0.0
MHImain,HKFE,2023-06-30 00:00:00,18775.0,18792.0,18747.0,18782.0,1833.0,34404426.0,0.0
MHImain,HKFE,2023-06-30 08:00:00,18738.0,18997.0,18732.0,18840.0,35473.0,669335361.0,0.0
MHImain,HKFE,2023-06-30 12:00:00,18840.0,18953.0,18781.0,18837.0,19374.0,365288779.0,0.0
MHImain,HKFE,2023-06-30 16:00:00,18834.0,18887.0,18804.0,18840.0,7953.0,149882434.0,0.0
MHImain,HKFE,2023-06-30 20:00:00,18839.0,19007.0,18827.0,18948.0,10055.0,190409586.0,0.0
MHImain,HKFE,2023-07-01 00:00:00,18946.0,18987.0,18928.0,18940.0,2842.0,53869049.0,0.0
MHImain,HKFE,2023-07-03 08:00:00,18938.0,19173.0,18915.0,19166.0,37438.0,713702922.0,0.0
MHImain,HKFE,2023-07-03 12:00:00,19165.0,19234.0,19134.0,19218.0,21436.0,411279147.0,0.0
MHImain,HKFE,2023-07-03 16:00:00,19219.0,19303.0,19204.0,19231.0,15511.0,298516387.0,0.0
MHImain,HKFE,2023-07-03 20:00:00,19233.0,19306.0,19190.0,19193.0,6730.0,129553662.0,0.0
MHImain,HKFE,2023-07-04 00:00:00,19193.0,19214.0,19155.0,19183.0,3068.0,58839072.0,0.0
MHImain,HKFE,2023-07-04 08:00:00,19187.0,19380.0,19156.0,19315.0,35257.0,679532981.0,0.0
MHImain,HKFE,2023-07-04 12:00:00,19316.0,19354.0,19176.0,19321.0,21003.0,404797228.0,0.0
MHImain,HKFE,2023-07-04 16:00:00,19322.0,19364.0,19303.0,19315.0,9112.0,176177906.0,0.0
MHImain,HKFE,2023-07-04 20:00:00,19315.0,19322.0,19285.0,19298.0,2304.0,44470044.0,0.0
MHImain,HKFE,2023-07-05 00:00:00,19299.0,19302.0,19259.0,19271.0,1343.0,25887338.0,0.0
MHImain,HKFE,2023-07-05 08:00:00,19225.0,19310.0,19060.0,19096.0,36654.0,702350355.0,0.0
MHImain,HKFE,2023-07-05 12:00:00,19096.0,19108.0,19003.0,19029.0,18055.0,343931834.0,0.0
MHImain,HKFE,2023-07-05 16:00:00,19028.0,19069.0,18970.0,18987.0,10436.0,198493406.0,0.0
MHImain,HKFE,2023-07-05 20:00:00,18988.0,19015.0,18926.0,18947.0,7028.0,133294110.0,0.0
MHImain,HKFE,2023-07-06 00:00:00,18950.0,18976.0,18925.0,18955.0,2824.0,53512565.0,0.0
MHImain,HKFE,2023-07-06 08:00:00,18908.0,19022.0,18675.0,18698.0,44646.0,842582154.0,0.0
MHImain,HKFE,2023-07-06 12:00:00,18698.0,18705.0,18500.0,18597.0,25419.0,472219982.0,0.0
MHImain,HKFE,2023-07-06 16:00:00,18598.0,18609.0,18536.0,18593.0,9100.0,169000137.0,0.0
MHImain,HKFE,2023-07-06 20:00:00,18592.0,18600.0,18351.0,18366.0,11163.0,205948943.0,0.0
MHImain,HKFE,2023-07-07 00:00:00,18368.0,18435.0,18354.0,18435.0,3007.0,55329072.0,0.0
MHImain,HKFE,2023-07-07 08:00:00,18418.0,18479.0,18295.0,18430.0,34665.0,637058389.0,0.0
MHImain,HKFE,2023-07-07 12:00:00,18428.0,18565.0,18346.0,18391.0,28827.0,532008602.0,0.0
MHImain,HKFE,2023-07-07 16:00:00,18391.0,18433.0,18361.0,18428.0,8624.0,158606421.0,0.0
MHImain,HKFE,2023-07-07 20:00:00,18430.0,18656.0,18420.0,18648.0,13791.0,255809712.0,0.0
MHImain,HKFE,2023-07-08 00:00:00,18650.0,18797.0,18632.0,18754.0,8368.0,156746554.0,0.0
MHImain,HKFE,2023-07-10 08:00:00,18700.0,18820.0,18545.0,18546.0,38766.0,724362129.0,0.0
MHImain,HKFE,2023-07-10 12:00:00,18546.0,18566.0,18432.0,18494.0,18848.0,348541465.0,0.0
MHImain,HKFE,2023-07-10 16:00:00,18494.0,18560.0,18479.0,18531.0,8787.0,162700651.0,0.0
MHImain,HKFE,2023-07-10 20:00:00,18531.0,18720.0,18506.0,18666.0,12462.0,232112279.0,0.0
MHImain,HKFE,2023-07-11 00:00:00,18666.0,18698.0,18651.0,18670.0,2934.0,54799582.0,0.0
MHImain,HKFE,2023-07-11 08:00:00,18695.0,18843.0,18597.0,18828.0,39145.0,732179264.0,0.0
MHImain,HKFE,2023-07-11 12:00:00,18830.0,18848.0,18704.0,18731.0,20321.0,381487902.0,0.0
MHImain,HKFE,2023-07-11 16:00:00,18733.0,18738.0,18634.0,18700.0,10078.0,188255125.0,0.0
MHImain,HKFE,2023-07-11 20:00:00,18698.0,18775.0,18579.0,18668.0,10678.0,199406958.0,0.0
MHImain,HKFE,2023-07-12 00:00:00,18667.0,18758.0,18662.0,18758.0,3258.0,60948695.0,0.0
MHImain,HKFE,2023-07-12 08:00:00,18790.0,18973.0,18754.0,18917.0,45036.0,850247357.0,0.0
MHImain,HKFE,2023-07-12 12:00:00,18917.0,18945.0,18787.0,18840.0,22499.0,424406931.0,0.0
MHImain,HKFE,2023-07-12 16:00:00,18837.0,18918.0,18828.0,18916.0,8063.0,152167147.0,0.0
MHImain,HKFE,2023-07-12 20:00:00,18915.0,19183.0,18915.0,19173.0,17625.0,336218859.0,0.0
MHImain,HKFE,2023-07-13 00:00:00,19172.0,19239.0,19144.0,19212.0,6364.0,122149090.0,0.0
MHImain,HKFE,2023-07-13 08:00:00,19230.0,19414.0,19161.0,19372.0,40683.0,785031488.0,0.0
MHImain,HKFE,2023-07-13 12:00:00,19373.0,19418.0,19318.0,19372.0,19795.0,383491459.0,0.0
MHImain,HKFE,2023-07-13 16:00:00,19372.0,19440.0,19346.0,19409.0,9263.0,179590010.0,0.0
MHImain,HKFE,2023-07-13 20:00:00,19409.0,19536.0,19361.0,19488.0,11895.0,231382646.0,0.0
MHImain,HKFE,2023-07-14 00:00:00,19488.0,19595.0,19486.0,19587.0,4635.0,90564533.0,0.0
MHImain,HKFE,2023-07-14 08:00:00,19535.0,19568.0,19405.0,19498.0,34100.0,664274276.0,0.0
MHImain,HKFE,2023-07-14 12:00:00,19499.0,19516.0,19412.0,19448.0,16654.0,324007078.0,0.0
MHImain,HKFE,2023-07-14 16:00:00,19448.0,19465.0,19405.0,19434.0,6221.0,120902970.0,0.0
MHImain,HKFE,2023-07-14 20:00:00,19434.0,19437.0,19281.0,19361.0,10908.0,211050841.0,0.0
MHImain,HKFE,2023-07-15 00:00:00,19358.0,19385.0,19297.0,19316.0,3426.0,66258655.0,0.0
MHImain,HKFE,2023-07-18 08:00:00,19275.0,19383.0,18990.0,19039.0,39798.0,761271783.0,0.0
MHImain,HKFE,2023-07-18 12:00:00,19037.0,19097.0,19000.0,19033.0,14627.0,278624099.0,0.0
MHImain,HKFE,2023-07-18 16:00:00,19032.0,19059.0,19009.0,19026.0,6230.0,118571517.0,0.0
MHImain,HKFE,2023-07-18 20:00:00,19027.0,19045.0,18913.0,19013.0,9657.0,183332405.0,0.0
MHImain,HKFE,2023-07-19 00:00:00,19015.0,19017.0,18812.0,18906.0,6430.0,121551991.0,0.0
MHImain,HKFE,2023-07-19 08:00:00,18882.0,18919.0,18708.0,18815.0,35480.0,666402155.0,0.0
MHImain,HKFE,2023-07-19 12:00:00,18816.0,18987.0,18730.0,18980.0,28967.0,546664996.0,0.0
MHImain,HKFE,2023-07-19 16:00:00,18982.0,19026.0,18898.0,18969.0,14960.0,283693028.0,0.0
MHImain,HKFE,2023-07-19 20:00:00,18970.0,19149.0,18946.0,19008.0,13965.0,265961534.0,0.0
MHImain,HKFE,2023-07-20 00:00:00,19007.0,19054.0,18941.0,18973.0,4173.0,79251322.0,0.0
MHImain,HKFE,2023-07-20 08:00:00,18950.0,19248.0,18915.0,19010.0,43882.0,837600049.0,0.0
MHImain,HKFE,2023-07-20 12:00:00,19009.0,19063.0,18901.0,18925.0,19140.0,363500582.0,0.0
MHImain,HKFE,2023-07-20 16:00:00,18926.0,18992.0,18897.0,18955.0,7951.0,150549988.0,0.0
MHImain,HKFE,2023-07-20 20:00:00,18955.0,18975.0,18850.0,18910.0,11373.0,215083644.0,0.0
MHImain,HKFE,2023-07-21 00:00:00,18909.0,18972.0,18865.0,18938.0,4385.0,82933991.0,0.0
MHImain,HKFE,2023-07-21 08:00:00,18959.0,19198.0,18894.0,19090.0,40636.0,774045090.0,0.0
MHImain,HKFE,2023-07-21 12:00:00,19090.0,19107.0,18940.0,19068.0,19834.0,377476771.0,0.0
MHImain,HKFE,2023-07-21 16:00:00,19069.0,19109.0,19040.0,19100.0,7811.0,148989145.0,0.0
MHImain,HKFE,2023-07-21 20:00:00,19101.0,19101.0,18994.0,19017.0,6792.0,129327269.0,0.0
MHImain,HKFE,2023-07-22 00:00:00,19014.0,19029.0,18948.0,18956.0,3141.0,59638453.0,0.0
MHImain,HKFE,2023-07-24 08:00:00,18930.0,18960.0,18665.0,18818.0,38845.0,731501223.0,0.0
MHImain,HKFE,2023-07-24 12:00:00,18817.0,18831.0,18545.0,18613.0,28957.0,541236327.0,0.0
MHImain,HKFE,2023-07-24 16:00:00,18615.0,18760.0,18607.0,18735.0,11524.0,215103978.0,0.0
MHImain,HKFE,2023-07-24 20:00:00,18735.0,19253.0,18703.0,19230.0,20574.0,390413469.0,0.0
MHImain,HKFE,2023-07-25 00:00:00,19227.0,19313.0,19179.0,19190.0,12123.0,233157684.0,0.0
MHImain,HKFE,2023-07-25 08:00:00,19200.0,19356.0,19132.0,19300.0,49296.0,948943874.0,0.0
MHImain,HKFE,2023-07-25 12:00:00,19300.0,19477.0,19262.0,19439.0,24007.0,464929308.0,0.0
MHImain,HKFE,2023-07-25 16:00:00,19438.0,19529.0,19429.0,19509.0,11014.0,214538906.0,0.0
MHImain,HKFE,2023-07-25 20:00:00,19509.0,19608.0,19408.0,19409.0,11903.0,232034334.0,0.0
MHImain,HKFE,2023-07-26 00:00:00,19407.0,19425.0,19336.0,19392.0,5835.0,113087276.0,0.0
MHImain,HKFE,2023-07-26 08:00:00,19335.0,19434.0,19282.0,19311.0,31980.0,619232304.0,0.0
MHImain,HKFE,2023-07-26 12:00:00,19313.0,19414.0,19262.0,19397.0,16269.0,314546655.0,0.0
MHImain,HKFE,2023-07-26 16:00:00,19397.0,19423.0,19315.0,19319.0,7549.0,146310155.0,0.0
MHImain,HKFE,2023-07-26 20:00:00,19320.0,19550.0,19276.0,19498.0,13197.0,256634628.0,0.0
MHImain,HKFE,2023-07-27 00:00:00,19498.0,19588.0,19470.0,19543.0,4470.0,87296304.0,0.0
MHImain,HKFE,2023-07-27 08:00:00,19580.0,19722.0,19507.0,19682.0,32201.0,631556616.0,0.0
MHImain,HKFE,2023-07-27 12:00:00,19683.0,19713.0,19552.0,19640.0,17009.0,333859248.0,0.0
MHImain,HKFE,2023-07-27 16:00:00,19642.0,19740.0,19636.0,19671.0,8010.0,157598625.0,0.0
MHImain,HKFE,2023-07-27 20:00:00,19670.0,19716.0,19454.0,19558.0,7094.0,138784802.0,0.0
MHImain,HKFE,2023-07-28 00:00:00,19559.0,19613.0,19363.0,19396.0,3590.0,70062593.0,0.0
MHImain,HKFE,2023-07-28 08:00:00,19392.0,19826.0,19392.0,19801.0,35991.0,705014602.0,0.0
MHImain,HKFE,2023-07-28 12:00:00,19798.0,20002.0,19776.0,19948.0,29682.0,590677712.0,0.0
MHImain,HKFE,2023-07-28 16:00:00,19950.0,20063.0,19941.0,20055.0,9568.0,191326172.0,0.0
MHImain,HKFE,2023-07-28 20:00:00,20055.0,20194.0,20035.0,20135.0,11779.0,236850520.0,0.0
MHImain,HKFE,2023-07-29 00:00:00,20135.0,20204.0,20103.0,20160.0,5592.0,112712859.0,0.0
MHImain,HKFE,2023-07-31 08:00:00,20190.0,20421.0,20173.0,20240.0,46347.0,941355608.0,0.0
MHImain,HKFE,2023-07-31 12:00:00,20241.0,20310.0,20146.0,20239.0,23640.0,478493945.0,0.0
MHImain,HKFE,2023-07-31 16:00:00,20239.0,20259.0,20093.0,20246.0,13477.0,271848429.0,0.0
MHImain,HKFE,2023-07-31 20:00:00,20248.0,20313.0,20126.0,20273.0,12535.0,253603850.0,0.0
MHImain,HKFE,2023-08-01 00:00:00,20276.0,20357.0,20253.0,20351.0,3214.0,65213001.0,0.0
MHImain,HKFE,2023-08-01 08:00:00,20270.0,20404.0,20124.0,20210.0,43264.0,877153796.0,0.0
MHImain,HKFE,2023-08-01 12:00:00,20209.0,20217.0,19966.0,20013.0,27513.0,552467253.0,0.0
MHImain,HKFE,2023-08-01 16:00:00,20011.0,20091.0,19956.0,20031.0,11518.0,230732597.0,0.0
MHImain,HKFE,2023-08-01 20:00:00,20028.0,20062.0,19895.0,19899.0,12555.0,250696286.0,0.0
MHImain,HKFE,2023-08-02 00:00:00,19897.0,19919.0,19855.0,19890.0,3997.0,79490016.0,0.0
MHImain,HKFE,2023-08-02 08:00:00,19866.0,20033.0,19602.0,19621.0,48335.0,959620633.0,0.0
MHImain,HKFE,2023-08-02 12:00:00,19621.0,19700.0,19528.0,19556.0,23960.0,469972153.0,0.0
MHImain,HKFE,2023-08-02 16:00:00,19556.0,19649.0,19485.0,19638.0,14177.0,277421633.0,0.0
MHImain,HKFE,2023-08-02 20:00:00,19638.0,19649.0,19350.0,19399.0,14774.0,287992511.0,0.0
MHImain,HKFE,2023-08-03 00:00:00,19401.0,19433.0,19362.0,19402.0,4307.0,83545185.0,0.0
MHImain,HKFE,2023-08-03 08:00:00,19422.0,19603.0,19386.0,19481.0,42323.0,825028127.0,0.0
MHImain,HKFE,2023-08-03 12:00:00,19482.0,19689.0,19447.0,19576.0,27531.0,539438479.0,0.0
MHImain,HKFE,2023-08-03 16:00:00,19578.0,19580.0,19392.0,19554.0,15691.0,305710697.0,0.0
MHImain,HKFE,2023-08-03 20:00:00,19553.0,19759.0,19549.0,19750.0,15833.0,311061922.0,0.0
MHImain,HKFE,2023-08-04 00:00:00,19748.0,19779.0,19693.0,19699.0,5185.0,102364570.0,0.0
MHImain,HKFE,2023-08-04 08:00:00,19755.0,19899.0,19534.0,19633.0,49623.0,978464175.0,0.0
MHImain,HKFE,2023-08-04 12:00:00,19633.0,19725.0,19521.0,19554.0,24163.0,474110204.0,0.0
MHImain,HKFE,2023-08-04 16:00:00,19553.0,19581.0,19472.0,19481.0,10353.0,202214293.0,0.0
MHImain,HKFE,2023-08-04 20:00:00,19482.0,19640.0,19437.0,19566.0,17885.0,349388606.0,0.0
MHImain,HKFE,2023-08-05 00:00:00,19568.0,19673.0,19450.0,19455.0,7577.0,148396719.0,0.0
MHImain,HKFE,2023-08-07 08:00:00,19511.0,19594.0,19362.0,19511.0,35211.0,686959748.0,0.0
MHImain,HKFE,2023-08-07 12:00:00,19512.0,19574.0,19470.0,19533.0,18823.0,367455797.0,0.0
MHImain,HKFE,2023-08-07 16:00:00,19532.0,19573.0,19482.0,19522.0,7626.0,149000988.0,0.0
MHImain,HKFE,2023-08-07 20:00:00,19524.0,19576.0,19301.0,19377.0,15449.0,300077151.0,0.0
MHImain,HKFE,2023-08-08 00:00:00,19380.0,19420.0,19352.0,19415.0,3004.0,58235398.0,0.0
MHImain,HKFE,2023-08-08 08:00:00,19388.0,19391.0,19138.0,19391.0,44588.0,858823035.0,0.0
MHImain,HKFE,2023-08-08 12:00:00,19390.0,19392.0,19105.0,19192.0,22950.0,441298146.0,0.0
MHImain,HKFE,2023-08-08 16:00:00,19191.0,19212.0,19034.0,19037.0,11212.0,214670594.0,0.0
MHImain,HKFE,2023-08-08 20:00:00,19036.0,19039.0,18894.0,19037.0,15348.0,291174721.0,0.0
MHImain,HKFE,2023-08-09 00:00:00,19037.0,19083.0,18982.0,19066.0,4124.0,78457650.0,0.0
MHImain,HKFE,2023-08-09 08:00:00,19060.0,19283.0,19011.0,19226.0,41650.0,796922556.0,0.0
MHImain,HKFE,2023-08-09 12:00:00,19225.0,19228.0,19115.0,19185.0,17616.0,337520417.0,0.0
MHImain,HKFE,2023-08-09 16:00:00,19184.0,19280.0,19174.0,19260.0,10236.0,196816846.0,0.0
MHImain,HKFE,2023-08-09 20:00:00,19259.0,19284.0,19025.0,19025.0,14777.0,283120187.0,0.0
MHImain,HKFE,2023-08-10 00:00:00,19024.0,19185.0,19021.0,19160.0,5092.0,97186673.0,0.0
MHImain,HKFE,2023-08-10 08:00:00,19141.0,19221.0,19032.0,19070.0,40086.0,766894516.0,0.0
MHImain,HKFE,2023-08-10 12:00:00,19068.0,19262.0,19037.0,19202.0,23881.0,457308308.0,0.0
MHImain,HKFE,2023-08-10 16:00:00,19202.0,19372.0,19202.0,19365.0,17553.0,338578015.0,0.0
MHImain,HKFE,2023-08-10 20:00:00,19363.0,19517.0,19272.0,19366.0,22801.0,441951332.0,0.0
MHImain,HKFE,2023-08-11 00:00:00,19369.0,19400.0,19214.0,19283.0,7644.0,147615480.0,0.0
MHImain,HKFE,2023-08-11 08:00:00,19320.0,19357.0,19060.0,19115.0,37117.0,712554583.0,0.0
MHImain,HKFE,2023-08-11 12:00:00,19116.0,19202.0,19055.0,19073.0,20246.0,387260321.0,0.0
MHImain,HKFE,2023-08-11 16:00:00,19071.0,19149.0,18910.0,18978.0,14959.0,284922226.0,0.0
MHImain,HKFE,2023-08-11 20:00:00,18980.0,18996.0,18791.0,18794.0,13986.0,264064963.0,0.0
MHImain,HKFE,2023-08-12 00:00:00,18793.0,18856.0,18746.0,18855.0,6776.0,127312551.0,0.0
MHImain,HKFE,2023-08-14 08:00:00,18713.0,18755.0,18548.0,18584.0,42019.0,783803900.0,0.0
MHImain,HKFE,2023-08-14 12:00:00,18583.0,18724.0,18579.0,18681.0,22441.0,418426690.0,0.0
MHImain,HKFE,2023-08-14 16:00:00,18682.0,18831.0,18664.0,18667.0,14270.0,267425741.0,0.0
MHImain,HKFE,2023-08-14 20:00:00,18667.0,18670.0,18502.0,18591.0,14516.0,269886416.0,0.0
MHImain,HKFE,2023-08-15 00:00:00,18590.0,18752.0,18589.0,18679.0,6279.0,117232132.0,0.0
MHImain,HKFE,2023-08-15 08:00:00,18662.0,18743.0,18545.0,18597.0,43241.0,805817508.0,0.0
MHImain,HKFE,2023-08-15 12:00:00,18598.0,18677.0,18508.0,18616.0,25406.0,472489191.0,0.0
MHImain,HKFE,2023-08-15 16:00:00,18616.0,18665.0,18525.0,18561.0,13263.0,246518506.0,0.0
MHImain,HKFE,2023-08-15 20:00:00,18560.0,18575.0,18323.0,18388.0,16606.0,306087643.0,0.0
MHImain,HKFE,2023-08-16 00:00:00,18388.0,18404.0,18316.0,18363.0,4183.0,76772743.0,0.0
MHImain,HKFE,2023-08-16 08:00:00,18310.0,18437.0,18275.0,18395.0,37703.0,692056221.0,0.0
MHImain,HKFE,2023-08-16 12:00:00,18393.0,18408.0,18257.0,18300.0,20734.0,379859519.0,0.0
MHImain,HKFE,2023-08-16 16:00:00,18299.0,18352.0,18113.0,18113.0,14119.0,257634654.0,0.0
MHImain,HKFE,2023-08-16 20:00:00,18114.0,18166.0,18046.0,18134.0,12828.0,232283338.0,0.0
MHImain,HKFE,2023-08-17 00:00:00,18135.0,18136.0,18033.0,18047.0,5109.0,92349614.0,0.0
MHImain,HKFE,2023-08-17 08:00:00,17981.0,18247.0,17883.0,18176.0,49123.0,887349087.0,0.0
MHImain,HKFE,2023-08-17 12:00:00,18176.0,18389.0,18069.0,18372.0,41747.0,761643736.0,0.0
MHImain,HKFE,2023-08-17 16:00:00,18371.0,18402.0,18229.0,18364.0,16928.0,310136952.0,0.0
MHImain,HKFE,2023-08-17 20:00:00,18363.0,18372.0,18166.0,18207.0,15018.0,274176479.0,0.0
MHImain,HKFE,2023-08-18 00:00:00,18207.0,18263.0,18131.0,18143.0,4673.0,85043938.0,0.0
MHImain,HKFE,2023-08-18 08:00:00,18135.0,18321.0,18107.0,18133.0,34984.0,637520004.0,0.0
MHImain,HKFE,2023-08-18 12:00:00,18134.0,18148.0,17938.0,17944.0,26274.0,473727091.0,0.0
MHImain,HKFE,2023-08-18 16:00:00,17940.0,17993.0,17840.0,17846.0,12846.0,230225420.0,0.0
MHImain,HKFE,2023-08-18 20:00:00,17844.0,17849.0,17683.0,17820.0,18010.0,319731369.0,0.0
MHImain,HKFE,2023-08-19 00:00:00,17819.0,17847.0,17751.0,17795.0,6239.0,111040519.0,0.0
MHImain,HKFE,2023-08-21 08:00:00,17797.0,17860.0,17613.0,17738.0,43494.0,771969751.0,0.0
MHImain,HKFE,2023-08-21 12:00:00,17738.0,17784.0,17574.0,17589.0,22769.0,402347957.0,0.0
MHImain,HKFE,2023-08-21 16:00:00,17589.0,17690.0,17575.0,17655.0,12260.0,216156908.0,0.0
MHImain,HKFE,2023-08-21 20:00:00,17652.0,17691.0,17540.0,17586.0,12357.0,217659065.0,0.0
MHImain,HKFE,2023-08-22 00:00:00,17585.0,17682.0,17567.0,17671.0,3652.0,64359597.0,0.0
MHImain,HKFE,2023-08-22 08:00:00,17634.0,17785.0,17578.0,17725.0,40834.0,722440305.0,0.0
MHImain,HKFE,2023-08-22 12:00:00,17728.0,17958.0,17546.0,17813.0,42859.0,760161110.0,0.0
MHImain,HKFE,2023-08-22 16:00:00,17813.0,17841.0,17735.0,17797.0,13390.0,238205354.0,0.0
MHImain,HKFE,2023-08-22 20:00:00,17796.0,17830.0,17598.0,17643.0,12119.0,214341290.0,0.0
MHImain,HKFE,2023-08-23 00:00:00,17641.0,17653.0,17589.0,17653.0,3027.0,53343945.0,0.0
MHImain,HKFE,2023-08-23 08:00:00,17698.0,17841.0,17690.0,17747.0,38367.0,681821961.0,0.0
MHImain,HKFE,2023-08-23 12:00:00,17747.0,17990.0,17742.0,17776.0,33595.0,600064086.0,0.0
MHImain,HKFE,2023-08-23 16:00:00,17775.0,17885.0,17763.0,17794.0,10606.0,189044069.0,0.0
MHImain,HKFE,2023-08-23 20:00:00,17792.0,17996.0,17782.0,17987.0,12954.0,231926673.0,0.0
MHImain,HKFE,2023-08-24 00:00:00,17988.0,18009.0,17958.0,17961.0,4563.0,82080634.0,0.0
MHImain,HKFE,2023-08-24 08:00:00,18002.0,18089.0,17920.0,18064.0,42283.0,761492565.0,0.0
MHImain,HKFE,2023-08-24 12:00:00,18065.0,18258.0,18062.0,18180.0,30020.0,545835709.0,0.0
MHImain,HKFE,2023-08-24 16:00:00,18179.0,18224.0,18149.0,18166.0,9570.0,174072516.0,0.0
MHImain,HKFE,2023-08-24 20:00:00,18166.0,18173.0,17993.0,18004.0,12670.0,229111155.0,0.0
MHImain,HKFE,2023-08-25 00:00:00,18002.0,18072.0,17962.0,18050.0,4873.0,87758484.0,0.0
MHImain,HKFE,2023-08-25 08:00:00,18039.0,18080.0,17957.0,18049.0,34909.0,629014850.0,0.0
MHImain,HKFE,2023-08-25 12:00:00,18051.0,18142.0,17945.0,17973.0,26126.0,470883029.0,0.0
MHImain,HKFE,2023-08-25 16:00:00,17976.0,18003.0,17925.0,17991.0,9440.0,169582481.0,0.0
MHImain,HKFE,2023-08-25 20:00:00,17990.0,18036.0,17792.0,17856.0,16070.0,287660047.0,0.0
MHImain,HKFE,2023-08-26 00:00:00,17858.0,17970.0,17843.0,17968.0,5279.0,94501230.0,0.0
MHImain,HKFE,2023-08-28 08:00:00,18383.0,18542.0,18246.0,18295.0,42183.0,775216040.0,0.0
MHImain,HKFE,2023-08-28 12:00:00,18291.0,18298.0,18135.0,18179.0,21139.0,384810593.0,0.0
MHImain,HKFE,2023-08-28 16:00:00,18180.0,18183.0,18105.0,18153.0,8439.0,153078230.0,0.0
MHImain,HKFE,2023-08-28 20:00:00,18153.0,18342.0,18150.0,18342.0,9797.0,178789462.0,0.0
MHImain,HKFE,2023-08-29 00:00:00,18342.0,18344.0,18282.0,18306.0,3106.0,56881893.0,0.0
MHImain,HKFE,2023-08-29 08:00:00,18279.0,18480.0,18250.0,18473.0,30124.0,552923744.0,0.0
MHImain,HKFE,2023-08-29 12:00:00,18473.0,18613.0,18462.0,18518.0,22771.0,422001481.0,0.0
MHImain,HKFE,2023-08-29 16:00:00,18519.0,18587.0,18396.0,18542.0,9980.0,184710219.0,0.0
MHImain,HKFE,2023-08-29 20:00:00,18545.0,18663.0,18420.0,18641.0,7955.0,147550547.0,0.0
MHImain,HKFE,2023-08-30 00:00:00,18640.0,18646.0,18605.0,18628.0,1635.0,30456850.0,0.0
MHImain,HKFE,2023-08-30 08:00:00,18650.0,18708.0,18492.0,18553.0,34120.0,634841070.0,0.0
MHImain,HKFE,2023-08-30 12:00:00,18552.0,18554.0,18452.0,18459.0,15255.0,282301701.0,0.0
MHImain,HKFE,2023-08-30 16:00:00,18459.0,18460.0,18367.0,18437.0,11058.0,203619326.0,0.0
MHImain,HKFE,2023-08-30 20:00:00,18435.0,18587.0,18421.0,18523.0,12522.0,231667325.0,0.0
MHImain,HKFE,2023-08-31 00:00:00,18524.0,18578.0,18495.0,18550.0,3763.0,69747186.0,0.0
MHImain,HKFE,2023-08-31 08:00:00,18545.0,18614.0,18392.0,18396.0,34147.0,632129838.0,0.0
MHImain,HKFE,2023-08-31 12:00:00,18397.0,18415.0,18316.0,18331.0,21202.0,389427444.0,0.0
MHImain,HKFE,2023-08-31 16:00:00,18330.0,18590.0,18217.0,18267.0,12195.0,223154578.0,0.0
MHImain,HKFE,2023-08-31 20:00:00,18268.0,18442.0,18259.0,18322.0,13871.0,255017042.0,0.0
MHImain,HKFE,2023-09-01 00:00:00,18322.0,18403.0,18281.0,18350.0,4808.0,88163063.0,0.0
MHImain,HKFE,2023-09-04 08:00:00,18590.0,18896.0,18516.0,18844.0,46556.0,870698237.0,0.0
MHImain,HKFE,2023-09-04 12:00:00,18844.0,18897.0,18779.0,18819.0,16371.0,308276130.0,0.0
MHImain,HKFE,2023-09-04 16:00:00,18818.0,18849.0,18791.0,18816.0,6990.0,131584048.0,0.0
MHImain,HKFE,2023-09-04 20:00:00,18817.0,18817.0,18704.0,18715.0,5127.0,96139868.0,0.0
MHImain,HKFE,2023-09-05 00:00:00,18714.0,18726.0,18704.0,18726.0,1365.0,25543538.0,0.0
MHImain,HKFE,2023-09-05 08:00:00,18700.0,18719.0,18505.0,18529.0,31421.0,584274552.0,0.0
MHImain,HKFE,2023-09-05 12:00:00,18528.0,18604.0,18421.0,18465.0,21562.0,399270835.0,0.0
MHImain,HKFE,2023-09-05 16:00:00,18465.0,18478.0,18378.0,18470.0,11071.0,203978619.0,0.0
MHImain,HKFE,2023-09-05 20:00:00,18470.0,18533.0,18383.0,18443.0,10986.0,202783505.0,0.0
MHImain,HKFE,2023-09-06 00:00:00,18442.0,18457.0,18412.0,18434.0,2169.0,39984566.0,0.0
MHImain,HKFE,2023-09-06 08:00:00,18400.0,18400.0,18217.0,18292.0,33522.0,613824552.0,0.0
MHImain,HKFE,2023-09-06 12:00:00,18291.0,18470.0,18267.0,18375.0,23314.0,428433051.0,0.0
MHImain,HKFE,2023-09-06 16:00:00,18374.0,18475.0,18338.0,18455.0,10256.0,188761035.0,0.0
MHImain,HKFE,2023-09-06 20:00:00,18456.0,18572.0,18398.0,18407.0,12400.0,229112308.0,0.0
MHImain,HKFE,2023-09-07 00:00:00,18405.0,18464.0,18392.0,18455.0,3269.0,60242042.0,0.0
MHImain,HKFE,2023-09-07 08:00:00,18461.0,18463.0,18227.0,18230.0,30847.0,564757434.0,0.0
MHImain,HKFE,2023-09-07 12:00:00,18231.0,18278.0,18171.0,18181.0,20163.0,367503918.0,0.0
MHImain,HKFE,2023-09-07 16:00:00,18182.0,18197.0,18132.0,18150.0,9421.0,171174939.0,0.0
MHImain,HKFE,2023-09-07 20:00:00,18148.0,18148.0,17923.0,17969.0,14039.0,252953304.0,0.0
MHImain,HKFE,2023-09-08 00:00:00,17969.0,18032.0,17957.0,17967.0,3240.0,58304753.0,0.0
MHImain,HKFE,2023-09-11 08:00:00,17950.0,18027.0,17846.0,17968.0,35595.0,638750628.0,0.0
MHImain,HKFE,2023-09-11 12:00:00,17969.0,18126.0,17884.0,18000.0,26708.0,481437233.0,0.0
MHImain,HKFE,2023-09-11 16:00:00,18000.0,18192.0,18000.0,18067.0,12953.0,234620951.0,0.0
MHImain,HKFE,2023-09-11 20:00:00,18067.0,18162.0,18027.0,18032.0,8069.0,145904222.0,0.0
MHImain,HKFE,2023-09-12 00:00:00,18031.0,18085.0,18023.0,18046.0,2255.0,40706134.0,0.0
MHImain,HKFE,2023-09-12 08:00:00,18021.0,18177.0,17893.0,18142.0,39248.0,706901403.0,0.0
MHImain,HKFE,2023-09-12 12:00:00,18144.0,18148.0,18050.0,18103.0,15513.0,280756376.0,0.0
MHImain,HKFE,2023-09-12 16:00:00,18102.0,18121.0,18029.0,18066.0,8439.0,152451170.0,0.0
MHImain,HKFE,2023-09-12 20:00:00,18068.0,18169.0,18018.0,18127.0,9204.0,166697680.0,0.0
MHImain,HKFE,2023-09-13 00:00:00,18126.0,18188.0,18111.0,18150.0,3190.0,57906822.0,0.0
MHImain,HKFE,2023-09-13 08:00:00,18138.0,18230.0,17955.0,18038.0,37626.0,680797298.0,0.0
MHImain,HKFE,2023-09-13 12:00:00,18036.0,18077.0,17977.0,18046.0,16226.0,292512876.0,0.0
MHImain,HKFE,2023-09-13 16:00:00,18046.0,18068.0,17991.0,18017.0,8276.0,149260227.0,0.0
MHImain,HKFE,2023-09-13 20:00:00,18018.0,18125.0,18005.0,18110.0,10751.0,194328140.0,0.0
MHImain,HKFE,2023-09-14 00:00:00,18112.0,18117.0,18018.0,18050.0,2320.0,41935982.0,0.0
MHImain,HKFE,2023-09-14 08:00:00,18105.0,18205.0,17942.0,17966.0,36643.0,661842519.0,0.0
MHImain,HKFE,2023-09-14 12:00:00,17965.0,18173.0,17955.0,18121.0,24611.0,444716272.0,0.0
MHImain,HKFE,2023-09-14 16:00:00,18119.0,18187.0,18064.0,18157.0,10026.0,181648070.0,0.0
MHImain,HKFE,2023-09-14 20:00:00,18158.0,18214.0,18080.0,18210.0,11778.0,213752440.0,0.0
MHImain,HKFE,2023-09-15 00:00:00,18211.0,18227.0,18169.0,18185.0,3833.0,69736631.0,0.0
MHImain,HKFE,2023-09-15 08:00:00,18222.0,18392.0,18052.0,18341.0,51435.0,938382074.0,0.0
MHImain,HKFE,2023-09-15 12:00:00,18340.0,18418.0,18229.0,18286.0,24598.0,450529277.0,0.0
MHImain,HKFE,2023-09-15 16:00:00,18285.0,18310.0,18127.0,18155.0,11452.0,208719320.0,0.0
MHImain,HKFE,2023-09-15 20:00:00,18153.0,18178.0,18074.0,18086.0,9001.0,163171878.0,0.0
MHImain,HKFE,2023-09-16 00:00:00,18086.0,18107.0,18054.0,18072.0,3424.0,61907963.0,0.0
MHImain,HKFE,2023-09-18 08:00:00,18056.0,18129.0,17879.0,18052.0,42392.0,764434496.0,0.0
MHImain,HKFE,2023-09-18 12:00:00,18053.0,18064.0,17971.0,18008.0,14398.0,259444652.0,0.0
MHImain,HKFE,2023-09-18 16:00:00,18006.0,18033.0,17900.0,17945.0,9880.0,177425203.0,0.0
MHImain,HKFE,2023-09-18 20:00:00,17942.0,17968.0,17856.0,17916.0,8198.0,146826321.0,0.0
MHImain,HKFE,2023-09-19 00:00:00,17920.0,17977.0,17920.0,17976.0,2590.0,46503951.0,0.0
MHImain,HKFE,2023-09-19 08:00:00,17950.0,17994.0,17835.0,17963.0,32653.0,584866020.0,0.0
MHImain,HKFE,2023-09-19 12:00:00,17962.0,18004.0,17889.0,17971.0,16975.0,304592250.0,0.0
MHImain,HKFE,2023-09-19 16:00:00,17971.0,18054.0,17965.0,18032.0,9477.0,170706041.0,0.0
MHImain,HKFE,2023-09-19 20:00:00,18032.0,18043.0,17955.0,17965.0,7189.0,129356989.0,0.0
MHImain,HKFE,2023-09-20 00:00:00,17967.0,17997.0,17931.0,17987.0,2746.0,49310327.0,0.0
MHImain,HKFE,2023-09-20 08:00:00,17960.0,18025.0,17884.0,17911.0,32629.0,585664479.0,0.0
MHImain,HKFE,2023-09-20 12:00:00,17911.0,18016.0,17838.0,17911.0,19956.0,357664359.0,0.0
MHImain,HKFE,2023-09-20 16:00:00,17912.0,17954.0,17883.0,17945.0,7412.0,132788124.0,0.0
MHImain,HKFE,2023-09-20 20:00:00,17947.0,18068.0,17943.0,18060.0,7780.0,140202638.0,0.0
MHImain,HKFE,2023-09-21 00:00:00,18058.0,18061.0,17960.0,17970.0,3580.0,64502533.0,0.0
MHImain,HKFE,2023-09-21 08:00:00,17857.0,17889.0,17636.0,17678.0,35385.0,627441280.0,0.0
MHImain,HKFE,2023-09-21 12:00:00,17678.0,17702.0,17619.0,17644.0,14158.0,250074114.0,0.0
MHImain,HKFE,2023-09-21 16:00:00,17645.0,17674.0,17573.0,17600.0,8324.0,146777028.0,0.0
MHImain,HKFE,2023-09-21 20:00:00,17600.0,17636.0,17546.0,17608.0,9339.0,164219259.0,0.0
MHImain,HKFE,2023-09-22 00:00:00,17607.0,17615.0,17563.0,17598.0,2397.0,42143986.0,0.0
MHImain,HKFE,2023-09-22 08:00:00,17517.0,17864.0,17517.0,17862.0,41770.0,739580862.0,0.0
MHImain,HKFE,2023-09-22 12:00:00,17861.0,18008.0,17818.0,17988.0,27727.0,496250690.0,0.0
MHImain,HKFE,2023-09-22 16:00:00,17989.0,18132.0,17956.0,18103.0,14871.0,268537000.0,0.0
MHImain,HKFE,2023-09-22 20:00:00,18103.0,18178.0,18032.0,18048.0,12132.0,219683246.0,0.0
MHImain,HKFE,2023-09-23 00:00:00,18046.0,18066.0,18013.0,18050.0,3611.0,65132835.0,0.0
MHImain,HKFE,2023-09-25 08:00:00,18065.0,18080.0,17777.0,17792.0,30066.0,537987549.0,0.0
MHImain,HKFE,2023-09-25 12:00:00,17791.0,17862.0,17738.0,17751.0,15306.0,272536978.0,0.0
MHImain,HKFE,2023-09-25 16:00:00,17753.0,17790.0,17668.0,17700.0,8612.0,152730321.0,0.0
MHImain,HKFE,2023-09-25 20:00:00,17700.0,17728.0,17619.0,17726.0,7440.0,131522198.0,0.0
MHImain,HKFE,2023-09-26 00:00:00,17728.0,17756.0,17719.0,17733.0,2398.0,42537656.0,0.0
MHImain,HKFE,2023-09-26 08:00:00,17672.0,17716.0,17567.0,17588.0,27999.0,493571382.0,0.0
MHImain,HKFE,2023-09-26 12:00:00,17588.0,17616.0,17506.0,17514.0,12473.0,219149433.0,0.0
MHImain,HKFE,2023-09-26 16:00:00,17513.0,17535.0,17381.0,17498.0,14081.0,246014411.0,0.0
MHImain,HKFE,2023-09-26 20:00:00,17498.0,17605.0,17498.0,17551.0,6735.0,118188804.0,0.0
MHImain,HKFE,2023-09-27 00:00:00,17550.0,17553.0,17458.0,17475.0,2290.0,40092379.0,0.0
MHImain,HKFE,2023-09-27 08:00:00,17490.0,17683.0,17457.0,17587.0,26529.0,466662651.0,0.0
MHImain,HKFE,2023-09-27 12:00:00,17585.0,17688.0,17557.0,17635.0,14824.0,261108501.0,0.0
MHImain,HKFE,2023-09-27 16:00:00,17638.0,17679.0,17592.0,17659.0,6366.0,112194334.0,0.0
MHImain,HKFE,2023-09-27 20:00:00,17658.0,17697.0,17583.0,17622.0,3404.0,60016611.0,0.0
MHImain,HKFE,2023-09-28 00:00:00,17619.0,17628.0,17529.0,17616.0,2086.0,36670004.0,0.0
MHImain,HKFE,2023-09-28 08:00:00,17628.0,17673.0,17425.0,17430.0,26236.0,460246481.0,0.0
MHImain,HKFE,2023-09-28 12:00:00,17430.0,17512.0,17389.0,17424.0,14736.0,257097046.0,0.0
MHImain,HKFE,2023-09-28 16:00:00,17425.0,17493.0,17382.0,17481.0,7727.0,134625638.0,0.0
MHImain,HKFE,2023-09-28 20:00:00,17484.0,17538.0,17413.0,17522.0,8062.0,140839444.0,0.0
MHImain,HKFE,2023-09-29 00:00:00,17522.0,17581.0,17518.0,17552.0,3589.0,62992826.0,0.0
MHImain,HKFE,2023-09-29 08:00:00,17515.0,17890.0,17498.0,17849.0,32612.0,578942918.0,0.0
MHImain,HKFE,2023-09-29 12:00:00,17849.0,17996.0,17813.0,17977.0,15541.0,278285073.0,0.0
MHImain,HKFE,2023-09-29 16:00:00,17977.0,17981.0,17851.0,17878.0,9713.0,173881307.0,0.0
MHImain,HKFE,2023-09-29 20:00:00,17880.0,17923.0,17701.0,17748.0,9076.0,161593634.0,0.0
MHImain,HKFE,2023-09-30 00:00:00,17746.0,17774.0,17705.0,17753.0,3433.0,60894714.0,0.0
MHImain,HKFE,2023-10-03 08:00:00,17690.0,17693.0,17260.0,17287.0,38095.0,662777829.0,0.0
MHImain,HKFE,2023-10-03 12:00:00,17286.0,17347.0,17237.0,17325.0,16073.0,277967713.0,0.0
MHImain,HKFE,2023-10-03 16:00:00,17328.0,17390.0,17308.0,17314.0,9260.0,160606799.0,0.0
MHImain,HKFE,2023-10-03 20:00:00,17315.0,17354.0,17257.0,17313.0,10728.0,185685288.0,0.0
MHImain,HKFE,2023-10-04 00:00:00,17312.0,17349.0,17277.0,17316.0,3652.0,63231697.0,0.0
MHImain,HKFE,2023-10-04 08:00:00,17285.0,17359.0,17138.0,17265.0,34230.0,590136074.0,0.0
MHImain,HKFE,2023-10-04 12:00:00,17265.0,17267.0,17133.0,17185.0,13564.0,233174402.0,0.0
MHImain,HKFE,2023-10-04 16:00:00,17183.0,17317.0,17169.0,17310.0,9956.0,171627985.0,0.0
MHImain,HKFE,2023-10-04 20:00:00,17311.0,17373.0,17197.0,17230.0,9810.0,169487202.0,0.0
MHImain,HKFE,2023-10-05 00:00:00,17232.0,17287.0,17203.0,17237.0,3145.0,54271382.0,0.0
MHImain,HKFE,2023-10-05 08:00:00,17290.0,17365.0,17223.0,17346.0,28039.0,484969068.0,0.0
MHImain,HKFE,2023-10-05 12:00:00,17346.0,17372.0,17283.0,17288.0,12445.0,215609457.0,0.0
MHImain,HKFE,2023-10-05 16:00:00,17288.0,17288.0,17184.0,17234.0,9021.0,155578432.0,0.0
MHImain,HKFE,2023-10-05 20:00:00,17234.0,17293.0,17222.0,17253.0,6454.0,111368140.0,0.0
MHImain,HKFE,2023-10-06 00:00:00,17252.0,17362.0,17245.0,17342.0,3366.0,58244242.0,0.0
MHImain,HKFE,2023-10-06 08:00:00,17373.0,17662.0,17366.0,17600.0,37989.0,666159212.0,0.0
MHImain,HKFE,2023-10-06 12:00:00,17600.0,17629.0,17477.0,17500.0,15037.0,263717215.0,0.0
MHImain,HKFE,2023-10-06 16:00:00,17498.0,17565.0,17492.0,17540.0,6476.0,113519457.0,0.0
MHImain,HKFE,2023-10-06 20:00:00,17541.0,17627.0,17402.0,17627.0,16020.0,280210544.0,0.0
MHImain,HKFE,2023-10-07 00:00:00,17626.0,17750.0,17617.0,17725.0,8801.0,155681436.0,0.0
MHImain,HKFE,2023-10-09 08:00:00,17725.0,17725.0,17725.0,17725.0,0.0,0.0,0.0
MHImain,HKFE,2023-10-09 12:00:00,17725.0,17725.0,17537.0,17588.0,17135.0,301806614.0,0.0
MHImain,HKFE,2023-10-09 16:00:00,17588.0,17628.0,17471.0,17559.0,15502.0,271880710.0,0.0
MHImain,HKFE,2023-10-09 20:00:00,17559.0,17571.0,17497.0,17554.0,7586.0,133000589.0,0.0
MHImain,HKFE,2023-10-10 00:00:00,17553.0,17663.0,17532.0,17661.0,3658.0,64341246.0,0.0
MHImain,HKFE,2023-10-10 08:00:00,17740.0,17975.0,17729.0,17757.0,40356.0,721517279.0,0.0
MHImain,HKFE,2023-10-10 12:00:00,17755.0,17813.0,17684.0,17710.0,17688.0,313977224.0,0.0
MHImain,HKFE,2023-10-10 16:00:00,17710.0,17888.0,17677.0,17818.0,14766.0,262566295.0,0.0
MHImain,HKFE,2023-10-10 20:00:00,17818.0,18007.0,17809.0,17995.0,10426.0,186822446.0,0.0
MHImain,HKFE,2023-10-11 00:00:00,17996.0,18011.0,17946.0,17981.0,3446.0,61948946.0,0.0
MHImain,HKFE,2023-10-11 08:00:00,18025.0,18066.0,17931.0,17980.0,35843.0,645017395.0,0.0
MHImain,HKFE,2023-10-11 12:00:00,17982.0,18077.0,17948.0,17975.0,20845.0,375284252.0,0.0
MHImain,HKFE,2023-10-11 16:00:00,17976.0,18008.0,17915.0,17939.0,8506.0,152746856.0,0.0
MHImain,HKFE,2023-10-11 20:00:00,17941.0,18224.0,17941.0,18165.0,17322.0,314032496.0,0.0
MHImain,HKFE,2023-10-12 00:00:00,18165.0,18165.0,18075.0,18140.0,4021.0,72834282.0,0.0
MHImain,HKFE,2023-10-12 08:00:00,18200.0,18390.0,18193.0,18277.0,29615.0,541148996.0,0.0
MHImain,HKFE,2023-10-12 12:00:00,18278.0,18342.0,18246.0,18313.0,16015.0,293114286.0,0.0
MHImain,HKFE,2023-10-12 16:00:00,18313.0,18313.0,18250.0,18289.0,8050.0,147152697.0,0.0
MHImain,HKFE,2023-10-12 20:00:00,18287.0,18300.0,18008.0,18033.0,15547.0,281862369.0,0.0
MHImain,HKFE,2023-10-13 00:00:00,18034.0,18049.0,17894.0,17913.0,5264.0,94626265.0,0.0
MHImain,HKFE,2023-10-13 08:00:00,17977.0,18044.0,17893.0,17902.0,29924.0,537968864.0,0.0
MHImain,HKFE,2023-10-13 12:00:00,17900.0,17919.0,17800.0,17890.0,18195.0,325029841.0,0.0
MHImain,HKFE,2023-10-13 16:00:00,17888.0,17897.0,17684.0,17744.0,11944.0,212598617.0,0.0
MHImain,HKFE,2023-10-13 20:00:00,17743.0,17869.0,17739.0,17765.0,11118.0,197835143.0,0.0
MHImain,HKFE,2023-10-14 00:00:00,17765.0,17773.0,17702.0,17746.0,4223.0,74891076.0,0.0
MHImain,HKFE,2023-10-16 08:00:00,17807.0,17887.0,17723.0,17759.0,31107.0,553551795.0,0.0
MHImain,HKFE,2023-10-16 12:00:00,17760.0,17782.0,17626.0,17657.0,17004.0,300873993.0,0.0
MHImain,HKFE,2023-10-16 16:00:00,17656.0,17710.0,17628.0,17696.0,7284.0,128665553.0,0.0
MHImain,HKFE,2023-10-16 20:00:00,17695.0,17860.0,17640.0,17822.0,12309.0,218542163.0,0.0
MHImain,HKFE,2023-10-17 00:00:00,17822.0,17914.0,17811.0,17891.0,5505.0,98382976.0,0.0
MHImain,HKFE,2023-10-17 08:00:00,17878.0,17888.0,17696.0,17800.0,28225.0,501651161.0,0.0
MHImain,HKFE,2023-10-17 12:00:00,17798.0,17851.0,17746.0,17789.0,17181.0,305774833.0,0.0
MHImain,HKFE,2023-10-17 16:00:00,17788.0,17820.0,17765.0,17785.0,6587.0,117207926.0,0.0
MHImain,HKFE,2023-10-17 20:00:00,17785.0,17840.0,17675.0,17813.0,13093.0,232487929.0,0.0
MHImain,HKFE,2023-10-18 00:00:00,17814.0,17872.0,17768.0,17786.0,4254.0,75817443.0,0.0
MHImain,HKFE,2023-10-18 08:00:00,17740.0,17870.0,17637.0,17824.0,37057.0,658552754.0,0.0
MHImain,HKFE,2023-10-18 12:00:00,17823.0,17827.0,17736.0,17753.0,17841.0,317160761.0,0.0
MHImain,HKFE,2023-10-18 16:00:00,17754.0,17802.0,17678.0,17686.0,8958.0,158990699.0,0.0
MHImain,HKFE,2023-10-18 20:00:00,17688.0,17709.0,17583.0,17608.0,9351.0,165064164.0,0.0
MHImain,HKFE,2023-10-19 00:00:00,17608.0,17615.0,17557.0,17561.0,3714.0,65304303.0,0.0
MHImain,HKFE,2023-10-19 08:00:00,17532.0,17572.0,17380.0,17390.0,32578.0,568529297.0,0.0
MHImain,HKFE,2023-10-19 12:00:00,17390.0,17408.0,17325.0,17336.0,15903.0,276263122.0,0.0
MHImain,HKFE,2023-10-19 16:00:00,17336.0,17367.0,17251.0,17298.0,11913.0,206135323.0,0.0
MHImain,HKFE,2023-10-19 20:00:00,17298.0,17372.0,17273.0,17353.0,8265.0,143286258.0,0.0
MHImain,HKFE,2023-10-20 00:00:00,17354.0,17438.0,17280.0,17298.0,10004.0,173760104.0,0.0
MHImain,HKFE,2023-10-20 08:00:00,17133.0,17315.0,17048.0,17258.0,37906.0,651578580.0,0.0
MHImain,HKFE,2023-10-20 12:00:00,17257.0,17262.0,17160.0,17177.0,16093.0,276929988.0,0.0
MHImain,HKFE,2023-10-20 16:00:00,17175.0,17191.0,17097.0,17125.0,9615.0,164859273.0,0.0
MHImain,HKFE,2023-10-20 20:00:00,17126.0,17148.0,17052.0,17066.0,8738.0,149398302.0,0.0
MHImain,HKFE,2023-10-21 00:00:00,17068.0,17075.0,17010.0,17043.0,4272.0,72796282.0,0.0
MHImain,HKFE,2023-10-24 08:00:00,17013.0,17154.0,16877.0,17026.0,43702.0,743735958.0,0.0
MHImain,HKFE,2023-10-24 12:00:00,17026.0,17124.0,17008.0,17038.0,17534.0,299017080.0,0.0
MHImain,HKFE,2023-10-24 16:00:00,17039.0,17069.0,16960.0,16988.0,9670.0,164445613.0,0.0
MHImain,HKFE,2023-10-24 20:00:00,16993.0,17452.0,16991.0,17434.0,22464.0,388287820.0,0.0
MHImain,HKFE,2023-10-25 00:00:00,17431.0,17496.0,17400.0,17477.0,5678.0,99042951.0,0.0
MHImain,HKFE,2023-10-25 08:00:00,17478.0,17552.0,17347.0,17358.0,37623.0,655588132.0,0.0
MHImain,HKFE,2023-10-25 12:00:00,17359.0,17361.0,17124.0,17130.0,31375.0,540423008.0,0.0
MHImain,HKFE,2023-10-25 16:00:00,17129.0,17173.0,17003.0,17162.0,15031.0,256859878.0,0.0
MHImain,HKFE,2023-10-25 20:00:00,17162.0,17234.0,17048.0,17217.0,11671.0,199960643.0,0.0
MHImain,HKFE,2023-10-26 00:00:00,17218.0,17223.0,17101.0,17154.0,4825.0,82776055.0,0.0
MHImain,HKFE,2023-10-26 08:00:00,17062.0,17177.0,16922.0,16934.0,35756.0,609455771.0,0.0
MHImain,HKFE,2023-10-26 12:00:00,16936.0,17095.0,16922.0,17030.0,23260.0,395594335.0,0.0
MHImain,HKFE,2023-10-26 16:00:00,17030.0,17090.0,16986.0,16997.0,10391.0,177106457.0,0.0
MHImain,HKFE,2023-10-26 20:00:00,16996.0,17175.0,16984.0,17154.0,13816.0,236005995.0,0.0
MHImain,HKFE,2023-10-27 00:00:00,17152.0,17163.0,17037.0,17133.0,5039.0,86167762.0,0.0
MHImain,HKFE,2023-10-27 08:00:00,17150.0,17353.0,17089.0,17203.0,34255.0,590348144.0,0.0
MHImain,HKFE,2023-10-27 12:00:00,17203.0,17509.0,17171.0,17420.0,24730.0,429282239.0,0.0
MHImain,HKFE,2023-10-27 16:00:00,17418.0,17459.0,17354.0,17400.0,7467.0,129901304.0,0.0
MHImain,HKFE,2023-10-27 20:00:00,17400.0,17436.0,17259.0,17277.0,5992.0,103920335.0,0.0
MHImain,HKFE,2023-10-28 00:00:00,17276.0,17288.0,17200.0,17200.0,2518.0,43421265.0,0.0
MHImain,HKFE,2023-10-30 08:00:00,17251.0,17433.0,17233.0,17328.0,33097.0,573770924.0,0.0
MHImain,HKFE,2023-10-30 12:00:00,17327.0,17434.0,17319.0,17396.0,17835.0,309870508.0,0.0
MHImain,HKFE,2023-10-30 16:00:00,17396.0,17590.0,17377.0,17540.0,13178.0,230305275.0,0.0
MHImain,HKFE,2023-10-30 20:00:00,17546.0,17559.0,17341.0,17407.0,14030.0,244928787.0,0.0
MHImain,HKFE,2023-10-31 00:00:00,17407.0,17418.0,17333.0,17390.0,4239.0,73655996.0,0.0
MHImain,HKFE,2023-10-31 08:00:00,17384.0,17386.0,17141.0,17153.0,36429.0,628731063.0,0.0
MHImain,HKFE,2023-10-31 12:00:00,17153.0,17188.0,17048.0,17158.0,23802.0,407452298.0,0.0
MHImain,HKFE,2023-10-31 16:00:00,17160.0,17234.0,17112.0,17222.0,9932.0,170408964.0,0.0
MHImain,HKFE,2023-10-31 20:00:00,17222.0,17246.0,17051.0,17079.0,14712.0,252057792.0,0.0
MHImain,HKFE,2023-11-01 00:00:00,17077.0,17114.0,16977.0,17105.0,6796.0,115729429.0,0.0
MHImain,HKFE,2023-11-01 08:00:00,17146.0,17213.0,16990.0,17096.0,39518.0,675606275.0,0.0
MHImain,HKFE,2023-11-01 12:00:00,17097.0,17163.0,17066.0,17147.0,17517.0,299890877.0,0.0
MHImain,HKFE,2023-11-01 16:00:00,17147.0,17166.0,17054.0,17091.0,8306.0,142137402.0,0.0
MHImain,HKFE,2023-11-01 20:00:00,17092.0,17200.0,17074.0,17113.0,11875.0,203461162.0,0.0
MHImain,HKFE,2023-11-02 00:00:00,17114.0,17168.0,17076.0,17158.0,4634.0,79356317.0,0.0
MHImain,HKFE,2023-11-02 08:00:00,17248.0,17486.0,17246.0,17308.0,42370.0,735201027.0,0.0
MHImain,HKFE,2023-11-02 12:00:00,17308.0,17341.0,17199.0,17209.0,19301.0,333344171.0,0.0
MHImain,HKFE,2023-11-02 16:00:00,17208.0,17369.0,17198.0,17354.0,11485.0,198409576.0,0.0
MHImain,HKFE,2023-11-02 20:00:00,17354.0,17475.0,17342.0,17424.0,14699.0,255899017.0,0.0
MHImain,HKFE,2023-11-03 00:00:00,17425.0,17458.0,17385.0,17456.0,4281.0,74565224.0,0.0
MHImain,HKFE,2023-11-03 08:00:00,17475.0,17678.0,17396.0,17610.0,47029.0,824476569.0,0.0
MHImain,HKFE,2023-11-03 12:00:00,17611.0,17752.0,17573.0,17697.0,24324.0,429648460.0,0.0
MHImain,HKFE,2023-11-03 16:00:00,17698.0,17711.0,17628.0,17631.0,10194.0,180174053.0,0.0
MHImain,HKFE,2023-11-03 20:00:00,17630.0,17860.0,17625.0,17828.0,16345.0,290551509.0,0.0
MHImain,HKFE,2023-11-04 00:00:00,17829.0,17887.0,17828.0,17860.0,5644.0,100792333.0,0.0
MHImain,HKFE,2023-11-06 08:00:00,17917.0,18072.0,17875.0,18027.0,37687.0,677834916.0,0.0
MHImain,HKFE,2023-11-06 12:00:00,18027.0,18045.0,17919.0,18000.0,20633.0,371127652.0,0.0
MHImain,HKFE,2023-11-06 16:00:00,18000.0,18039.0,17966.0,18000.0,8402.0,151248602.0,0.0
MHImain,HKFE,2023-11-06 20:00:00,18001.0,18005.0,17846.0,17854.0,7619.0,136726181.0,0.0
MHImain,HKFE,2023-11-07 00:00:00,17852.0,17938.0,17846.0,17870.0,5229.0,93577684.0,0.0
MHImain,HKFE,2023-11-07 08:00:00,17842.0,17918.0,17740.0,17748.0,31007.0,552469673.0,0.0
MHImain,HKFE,2023-11-07 12:00:00,17747.0,17798.0,17696.0,17722.0,19876.0,352491978.0,0.0
MHImain,HKFE,2023-11-07 16:00:00,17721.0,17746.0,17679.0,17721.0,9098.0,161127422.0,0.0
MHImain,HKFE,2023-11-07 20:00:00,17722.0,17731.0,17600.0,17704.0,9764.0,172507702.0,0.0
MHImain,HKFE,2023-11-08 00:00:00,17704.0,17796.0,17684.0,17732.0,6862.0,121718396.0,0.0
MHImain,HKFE,2023-11-08 08:00:00,17690.0,17783.0,17620.0,17737.0,34335.0,607943606.0,0.0
MHImain,HKFE,2023-11-08 12:00:00,17738.0,17760.0,17557.0,17601.0,23648.0,417130692.0,0.0
MHImain,HKFE,2023-11-08 16:00:00,17602.0,17639.0,17565.0,17605.0,9349.0,164545647.0,0.0
MHImain,HKFE,2023-11-08 20:00:00,17607.0,17727.0,17586.0,17676.0,9660.0,170507383.0,0.0
MHImain,HKFE,2023-11-09 00:00:00,17676.0,17686.0,17609.0,17621.0,4889.0,86251245.0,0.0
MHImain,HKFE,2023-11-09 08:00:00,17631.0,17657.0,17481.0,17533.0,36860.0,647517720.0,0.0
MHImain,HKFE,2023-11-09 12:00:00,17533.0,17593.0,17523.0,17567.0,16470.0,289137149.0,0.0
MHImain,HKFE,2023-11-09 16:00:00,17569.0,17584.0,17490.0,17528.0,7925.0,138963887.0,0.0
MHImain,HKFE,2023-11-09 20:00:00,17528.0,17625.0,17508.0,17592.0,7596.0,133413836.0,0.0
MHImain,HKFE,2023-11-10 00:00:00,17593.0,17604.0,17430.0,17452.0,7103.0,124434964.0,0.0
MHImain,HKFE,2023-11-10 08:00:00,17400.0,17420.0,17215.0,17276.0,33941.0,586391670.0,0.0
MHImain,HKFE,2023-11-10 12:00:00,17275.0,17299.0,17224.0,17258.0,14578.0,251662346.0,0.0
MHImain,HKFE,2023-11-10 16:00:00,17259.0,17277.0,17175.0,17208.0,10378.0,178725807.0,0.0
MHImain,HKFE,2023-11-10 20:00:00,17208.0,17286.0,17196.0,17252.0,7529.0,129848240.0,0.0
MHImain,HKFE,2023-11-11 00:00:00,17252.0,17328.0,17191.0,17324.0,5639.0,97266931.0,0.0
MHImain,HKFE,2023-11-13 08:00:00,17339.0,17364.0,17136.0,17164.0,32266.0,556998861.0,0.0
MHImain,HKFE,2023-11-13 12:00:00,17165.0,17306.0,17163.0,17292.0,19759.0,340541437.0,0.0
MHImain,HKFE,2023-11-13 16:00:00,17293.0,17537.0,17277.0,17494.0,19112.0,332979472.0,0.0
MHImain,HKFE,2023-11-13 20:00:00,17496.0,17512.0,17439.0,17453.0,6586.0,115071634.0,0.0
MHImain,HKFE,2023-11-14 00:00:00,17452.0,17658.0,17440.0,17585.0,8832.0,155228267.0,0.0
MHImain,HKFE,2023-11-14 08:00:00,17560.0,17603.0,17394.0,17415.0,37202.0,650953218.0,0.0
MHImain,HKFE,2023-11-14 12:00:00,17414.0,17510.0,17384.0,17478.0,16565.0,288889992.0,0.0
MHImain,HKFE,2023-11-14 16:00:00,17477.0,17564.0,17381.0,17475.0,12479.0,217929548.0,0.0
MHImain,HKFE,2023-11-14 20:00:00,17475.0,17783.0,17462.0,17783.0,18557.0,328105120.0,0.0
MHImain,HKFE,2023-11-15 00:00:00,17784.0,17888.0,17770.0,17857.0,9289.0,165641561.0,0.0
MHImain,HKFE,2023-11-15 08:00:00,17910.0,17954.0,17803.0,17915.0,36311.0,649058227.0,0.0
MHImain,HKFE,2023-11-15 12:00:00,17915.0,18154.0,17892.0,18081.0,26900.0,484021201.0,0.0
MHImain,HKFE,2023-11-15 16:00:00,18082.0,18194.0,18063.0,18169.0,15153.0,274482760.0,0.0
MHImain,HKFE,2023-11-15 20:00:00,18173.0,18307.0,18129.0,18267.0,19338.0,352378613.0,0.0
MHImain,HKFE,2023-11-16 00:00:00,18268.0,18430.0,18252.0,18290.0,12975.0,238098880.0,0.0
MHImain,HKFE,2023-11-16 08:00:00,18270.0,18271.0,17738.0,17813.0,53823.0,964861997.0,0.0
MHImain,HKFE,2023-11-16 12:00:00,17813.0,17959.0,17783.0,17914.0,24038.0,429748157.0,0.0
MHImain,HKFE,2023-11-16 16:00:00,17914.0,17918.0,17814.0,17840.0,11887.0,212144113.0,0.0
MHImain,HKFE,2023-11-16 20:00:00,17841.0,17844.0,17570.0,17715.0,26792.0,474006811.0,0.0
MHImain,HKFE,2023-11-17 00:00:00,17716.0,17716.0,17548.0,17582.0,11059.0,194853289.0,0.0
MHImain,HKFE,2023-11-17 08:00:00,17580.0,17655.0,17473.0,17503.0,33310.0,584909861.0,0.0
MHImain,HKFE,2023-11-17 12:00:00,17504.0,17522.0,17430.0,17484.0,16221.0,283429090.0,0.0
MHImain,HKFE,2023-11-17 16:00:00,17485.0,17644.0,17450.0,17643.0,12277.0,215160339.0,0.0
MHImain,HKFE,2023-11-17 20:00:00,17644.0,17715.0,17560.0,17604.0,14590.0,257109106.0,0.0
MHImain,HKFE,2023-11-18 00:00:00,17608.0,17665.0,17582.0,17665.0,5850.0,103131293.0,0.0
MHImain,HKFE,2023-11-20 08:00:00,17699.0,17725.0,17559.0,17714.0,29925.0,527759307.0,0.0
MHImain,HKFE,2023-11-20 12:00:00,17715.0,17824.0,17695.0,17751.0,26248.0,466332908.0,0.0
MHImain,HKFE,2023-11-20 16:00:00,17751.0,17847.0,17744.0,17832.0,10861.0,193244059.0,0.0
MHImain,HKFE,2023-11-20 20:00:00,17834.0,17998.0,17800.0,17982.0,10168.0,181994543.0,0.0
MHImain,HKFE,2023-11-21 00:00:00,17981.0,17988.0,17930.0,17943.0,5288.0,94972817.0,0.0
MHImain,HKFE,2023-11-21 08:00:00,17980.0,18098.0,17953.0,17986.0,35168.0,633785488.0,0.0
MHImain,HKFE,2023-11-21 12:00:00,17987.0,18021.0,17784.0,17832.0,24876.0,445436625.0,0.0
MHImain,HKFE,2023-11-21 16:00:00,17832.0,17846.0,17671.0,17714.0,14833.0,263297267.0,0.0
MHImain,HKFE,2023-11-21 20:00:00,17713.0,17807.0,17688.0,17711.0,10331.0,183332521.0,0.0
MHImain,HKFE,2023-11-22 00:00:00,17710.0,17720.0,17628.0,17701.0,7865.0,139022392.0,0.0
MHImain,HKFE,2023-11-22 08:00:00,17660.0,17822.0,17656.0,17757.0,29026.0,515370904.0,0.0
MHImain,HKFE,2023-11-22 12:00:00,17756.0,17789.0,17666.0,17703.0,14827.0,262823737.0,0.0
MHImain,HKFE,2023-11-22 16:00:00,17703.0,17799.0,17688.0,17797.0,8449.0,149900751.0,0.0
MHImain,HKFE,2023-11-22 20:00:00,17796.0,17799.0,17614.0,17647.0,10232.0,181291102.0,0.0
MHImain,HKFE,2023-11-23 00:00:00,17646.0,17717.0,17620.0,17690.0,5000.0,88430716.0,0.0
MHImain,HKFE,2023-11-23 08:00:00,17672.0,17747.0,17589.0,17702.0,29914.0,528904917.0,0.0
MHImain,HKFE,2023-11-23 12:00:00,17702.0,17875.0,17648.0,17847.0,25221.0,447849965.0,0.0
MHImain,HKFE,2023-11-23 16:00:00,17847.0,17968.0,17816.0,17908.0,14833.0,265589232.0,0.0
MHImain,HKFE,2023-11-23 20:00:00,17909.0,17919.0,17838.0,17864.0,6424.0,114831328.0,0.0
MHImain,HKFE,2023-11-24 00:00:00,17864.0,17901.0,17851.0,17853.0,2151.0,38454319.0,0.0
MHImain,HKFE,2023-11-24 08:00:00,17854.0,17860.0,17607.0,17642.0,29285.0,518151091.0,0.0
MHImain,HKFE,2023-11-24 12:00:00,17640.0,17698.0,17578.0,17578.0,15991.0,282098710.0,0.0
MHImain,HKFE,2023-11-24 16:00:00,17577.0,17608.0,17542.0,17584.0,10982.0,192956819.0,0.0
MHImain,HKFE,2023-11-24 20:00:00,17585.0,17698.0,17565.0,17681.0,7167.0,126353681.0,0.0
MHImain,HKFE,2023-11-25 00:00:00,17682.0,17706.0,17658.0,17690.0,4585.0,81067750.0,0.0
MHImain,HKFE,2023-11-27 08:00:00,17628.0,17700.0,17371.0,17393.0,29892.0,523193345.0,0.0
MHImain,HKFE,2023-11-27 12:00:00,17392.0,17532.0,17358.0,17515.0,18592.0,324568318.0,0.0
MHImain,HKFE,2023-11-27 16:00:00,17515.0,17577.0,17508.0,17544.0,9566.0,167810954.0,0.0
MHImain,HKFE,2023-11-27 20:00:00,17543.0,17545.0,17457.0,17485.0,5903.0,103282851.0,0.0
MHImain,HKFE,2023-11-28 00:00:00,17486.0,17519.0,17453.0,17519.0,2963.0,51803081.0,0.0
MHImain,HKFE,2023-11-28 08:00:00,17535.0,17552.0,17408.0,17423.0,22987.0,401591679.0,0.0
MHImain,HKFE,2023-11-28 12:00:00,17421.0,17453.0,17304.0,17398.0,16964.0,294772182.0,0.0
MHImain,HKFE,2023-11-28 16:00:00,17399.0,17480.0,17331.0,17465.0,7186.0,124881389.0,0.0
MHImain,HKFE,2023-11-28 20:00:00,17467.0,17478.0,17370.0,17375.0,4047.0,70532334.0,0.0
MHImain,HKFE,2023-11-29 00:00:00,17375.0,17467.0,17372.0,17409.0,3121.0,54349598.0,0.0
MHImain,HKFE,2023-11-29 08:00:00,17448.0,17481.0,17119.0,17138.0,34156.0,590209488.0,0.0
MHImain,HKFE,2023-11-29 12:00:00,17136.0,17162.0,16956.0,17032.0,22856.0,389826400.0,0.0
MHImain,HKFE,2023-11-29 16:00:00,17030.0,17105.0,16991.0,17070.0,11100.0,189276230.0,0.0
MHImain,HKFE,2023-11-29 20:00:00,17069.0,17144.0,17020.0,17121.0,8355.0,142747416.0,0.0
MHImain,HKFE,2023-11-30 00:00:00,17122.0,17163.0,17044.0,17102.0,5710.0,97655416.0,0.0
MHImain,HKFE,2023-11-30 08:00:00,17059.0,17146.0,16940.0,17096.0,40750.0,694676363.0,0.0
MHImain,HKFE,2023-11-30 12:00:00,17096.0,17143.0,17024.0,17114.0,17715.0,302578802.0,0.0
MHImain,HKFE,2023-11-30 16:00:00,17116.0,17134.0,17032.0,17041.0,8372.0,143057110.0,0.0
MHImain,HKFE,2023-11-30 20:00:00,17041.0,17101.0,16954.0,17085.0,10349.0,176344861.0,0.0
MHImain,HKFE,2023-12-01 00:00:00,17082.0,17137.0,17051.0,17052.0,5773.0,98687618.0,0.0
MHImain,HKFE,2023-12-01 08:00:00,17116.0,17125.0,16962.0,17040.0,34216.0,582734988.0,0.0
MHImain,HKFE,2023-12-01 12:00:00,17042.0,17108.0,16923.0,16973.0,28486.0,484695170.0,0.0
MHImain,HKFE,2023-12-01 16:00:00,16973.0,16985.0,16865.0,16889.0,15305.0,258880530.0,0.0
MHImain,HKFE,2023-12-01 20:00:00,16890.0,16900.0,16744.0,16819.0,10056.0,169079546.0,0.0
MHImain,HKFE,2023-12-02 00:00:00,16820.0,16950.0,16768.0,16941.0,7197.0,121339097.0,0.0
MHImain,HKFE,2023-12-04 08:00:00,16915.0,17100.0,16817.0,16832.0,39006.0,660542766.0,0.0
MHImain,HKFE,2023-12-04 12:00:00,16831.0,16880.0,16709.0,16714.0,18761.0,315235133.0,0.0
MHImain,HKFE,2023-12-04 16:00:00,16716.0,16756.0,16679.0,16736.0,12255.0,204867611.0,0.0
MHImain,HKFE,2023-12-04 20:00:00,16738.0,16793.0,16693.0,16732.0,6182.0,103516049.0,0.0
MHImain,HKFE,2023-12-05 00:00:00,16731.0,16749.0,16679.0,16701.0,4513.0,75423853.0,0.0
MHImain,HKFE,2023-12-05 08:00:00,16697.0,16731.0,16388.0,16414.0,42203.0,697908532.0,0.0
MHImain,HKFE,2023-12-05 12:00:00,16415.0,16468.0,16273.0,16291.0,21832.0,357763300.0,0.0
MHImain,HKFE,2023-12-05 16:00:00,16291.0,16407.0,16271.0,16362.0,13196.0,215624483.0,0.0
MHImain,HKFE,2023-12-05 20:00:00,16363.0,16410.0,16322.0,16363.0,6494.0,106265417.0,0.0
MHImain,HKFE,2023-12-06 00:00:00,16362.0,16418.0,16342.0,16407.0,3692.0,60455594.0,0.0
MHImain,HKFE,2023-12-06 08:00:00,16450.0,16515.0,16283.0,16429.0,38458.0,631472873.0,0.0
MHImain,HKFE,2023-12-06 12:00:00,16430.0,16647.0,16419.0,16498.0,27325.0,451937690.0,0.0
MHImain,HKFE,2023-12-06 16:00:00,16500.0,16525.0,16457.0,16480.0,9108.0,150202099.0,0.0
MHImain,HKFE,2023-12-06 20:00:00,16480.0,16558.0,16469.0,16554.0,4651.0,76761283.0,0.0
MHImain,HKFE,2023-12-07 00:00:00,16554.0,16578.0,16457.0,16466.0,4328.0,71543551.0,0.0
MHImain,HKFE,2023-12-07 08:00:00,16450.0,16454.0,16190.0,16226.0,34986.0,569807860.0,0.0
MHImain,HKFE,2023-12-07 12:00:00,16225.0,16362.0,16223.0,16310.0,19778.0,322535325.0,0.0
MHImain,HKFE,2023-12-07 16:00:00,16309.0,16409.0,16303.0,16375.0,9734.0,159343123.0,0.0
MHImain,HKFE,2023-12-07 20:00:00,16375.0,16449.0,16354.0,16403.0,5692.0,93334811.0,0.0
MHImain,HKFE,2023-12-08 00:00:00,16405.0,16460.0,16405.0,16440.0,3735.0,61388851.0,0.0
MHImain,HKFE,2023-12-08 08:00:00,16434.0,16507.0,16273.0,16317.0,35099.0,574668138.0,0.0
MHImain,HKFE,2023-12-08 12:00:00,16314.0,16468.0,16307.0,16366.0,19819.0,324959230.0,0.0
MHImain,HKFE,2023-12-08 16:00:00,16367.0,16422.0,16333.0,16407.0,8364.0,136865572.0,0.0
MHImain,HKFE,2023-12-08 20:00:00,16407.0,16411.0,16300.0,16380.0,7144.0,116814804.0,0.0
MHImain,HKFE,2023-12-09 00:00:00,16378.0,16387.0,16257.0,16328.0,4703.0,76718249.0,0.0
MHImain,HKFE,2023-12-11 08:00:00,16280.0,16280.0,15980.0,16013.0,35664.0,574936327.0,0.0
MHImain,HKFE,2023-12-11 12:00:00,16013.0,16315.0,16008.0,16201.0,29182.0,471589924.0,0.0
MHImain,HKFE,2023-12-11 16:00:00,16199.0,16234.0,16161.0,16213.0,8225.0,133239564.0,0.0
MHImain,HKFE,2023-12-11 20:00:00,16212.0,16299.0,16197.0,16294.0,4801.0,78004695.0,0.0
MHImain,HKFE,2023-12-12 00:00:00,16295.0,16365.0,16267.0,16342.0,4944.0,80728551.0,0.0
MHImain,HKFE,2023-12-12 08:00:00,16290.0,16384.0,16185.0,16383.0,32508.0,529843312.0,0.0
MHImain,HKFE,2023-12-12 12:00:00,16382.0,16446.0,16320.0,16421.0,17760.0,290952603.0,0.0
MHImain,HKFE,2023-12-12 16:00:00,16424.0,16456.0,16373.0,16441.0,8787.0,144291320.0,0.0
MHImain,HKFE,2023-12-12 20:00:00,16439.0,16455.0,16246.0,16285.0,10623.0,173562201.0,0.0
MHImain,HKFE,2023-12-13 00:00:00,16283.0,16405.0,16280.0,16391.0,3304.0,53930052.0,0.0
MHImain,HKFE,2023-12-13 08:00:00,16328.0,16386.0,16236.0,16278.0,24297.0,396049899.0,0.0
MHImain,HKFE,2023-12-13 12:00:00,16276.0,16297.0,16161.0,16185.0,17438.0,283090242.0,0.0
MHImain,HKFE,2023-12-13 16:00:00,16186.0,16297.0,16181.0,16277.0,8373.0,136059317.0,0.0
MHImain,HKFE,2023-12-13 20:00:00,16278.0,16317.0,16212.0,16215.0,5694.0,92653744.0,0.0
MHImain,HKFE,2023-12-14 00:00:00,16215.0,16229.0,16128.0,16179.0,4049.0,65527800.0,0.0
MHImain,HKFE,2023-12-14 08:00:00,16358.0,16614.0,16340.0,16499.0,41882.0,690541676.0,0.0
MHImain,HKFE,2023-12-14 12:00:00,16498.0,16502.0,16383.0,16403.0,16445.0,270222095.0,0.0
MHImain,HKFE,2023-12-14 16:00:00,16403.0,16484.0,16340.0,16470.0,12331.0,202357884.0,0.0
MHImain,HKFE,2023-12-14 20:00:00,16470.0,16707.0,16450.0,16630.0,13803.0,229075151.0,0.0
MHImain,HKFE,2023-12-15 00:00:00,16630.0,16728.0,16606.0,16640.0,7921.0,132064080.0,0.0
MHImain,HKFE,2023-12-15 08:00:00,16708.0,17004.0,16644.0,16936.0,46238.0,777735917.0,0.0
MHImain,HKFE,2023-12-15 12:00:00,16937.0,16980.0,16738.0,16810.0,27143.0,456826374.0,0.0
MHImain,HKFE,2023-12-15 16:00:00,16809.0,16852.0,16789.0,16824.0,9012.0,151583508.0,0.0
MHImain,HKFE,2023-12-15 20:00:00,16822.0,16846.0,16716.0,16797.0,9079.0,152309673.0,0.0
MHImain,HKFE,2023-12-16 00:00:00,16792.0,16866.0,16688.0,16696.0,6566.0,110296796.0,0.0
MHImain,HKFE,2023-12-18 08:00:00,16728.0,16733.0,16611.0,16664.0,27189.0,453212004.0,0.0
MHImain,HKFE,2023-12-18 12:00:00,16665.0,16714.0,16601.0,16627.0,16691.0,277899688.0,0.0
MHImain,HKFE,2023-12-18 16:00:00,16627.0,16704.0,16584.0,16660.0,8813.0,146626621.0,0.0
MHImain,HKFE,2023-12-18 20:00:00,16660.0,16664.0,16520.0,16559.0,6973.0,115654431.0,0.0
MHImain,HKFE,2023-12-19 00:00:00,16558.0,16562.0,16487.0,16548.0,4679.0,77297887.0,0.0
MHImain,HKFE,2023-12-19 08:00:00,16518.0,16605.0,16420.0,16551.0,32576.0,538022202.0,0.0
MHImain,HKFE,2023-12-19 12:00:00,16550.0,16594.0,16456.0,16500.0,16644.0,274980554.0,0.0
MHImain,HKFE,2023-12-19 16:00:00,16499.0,16574.0,16466.0,16543.0,7418.0,122571011.0,0.0
MHImain,HKFE,2023-12-19 20:00:00,16545.0,16737.0,16537.0,16687.0,8187.0,136305144.0,0.0
MHImain,HKFE,2023-12-20 00:00:00,16686.0,16760.0,16686.0,16721.0,5318.0,88984947.0,0.0
MHImain,HKFE,2023-12-20 08:00:00,16700.0,16785.0,16658.0,16725.0,29881.0,499535002.0,0.0
MHImain,HKFE,2023-12-20 12:00:00,16725.0,16743.0,16595.0,16618.0,17390.0,290037461.0,0.0
MHImain,HKFE,2023-12-20 16:00:00,16618.0,16670.0,16574.0,16584.0,9528.0,158356103.0,0.0
MHImain,HKFE,2023-12-20 20:00:00,16584.0,16599.0,16532.0,16546.0,5312.0,87992767.0,0.0
MHImain,HKFE,2023-12-21 00:00:00,16540.0,16611.0,16510.0,16510.0,3649.0,60445770.0,0.0
MHImain,HKFE,2023-12-21 08:00:00,16396.0,16612.0,16370.0,16569.0,31887.0,526584507.0,0.0
MHImain,HKFE,2023-12-21 12:00:00,16569.0,16674.0,16562.0,16620.0,15782.0,262331959.0,0.0
MHImain,HKFE,2023-12-21 16:00:00,16620.0,16666.0,16574.0,16619.0,7109.0,118193764.0,0.0
MHImain,HKFE,2023-12-21 20:00:00,16619.0,16728.0,16606.0,16650.0,7581.0,126337887.0,0.0
MHImain,HKFE,2023-12-22 00:00:00,16650.0,16709.0,16641.0,16679.0,3520.0,58694413.0,0.0
MHImain,HKFE,2023-12-22 08:00:00,16746.0,16864.0,16661.0,16860.0,29240.0,489207225.0,0.0
MHImain,HKFE,2023-12-22 12:00:00,16861.0,16876.0,16337.0,16369.0,47763.0,789324189.0,0.0
MHImain,HKFE,2023-12-22 16:00:00,16369.0,16408.0,16275.0,16391.0,14173.0,231704583.0,0.0
MHImain,HKFE,2023-12-22 20:00:00,16393.0,16559.0,16370.0,16556.0,9236.0,152161862.0,0.0
MHImain,HKFE,2023-12-23 00:00:00,16553.0,16593.0,16482.0,16530.0,5091.0,84169075.0,0.0
MHImain,HKFE,2023-12-27 08:00:00,16581.0,16622.0,16445.0,16547.0,27015.0,446147656.0,0.0
MHImain,HKFE,2023-12-27 12:00:00,16549.0,16680.0,16543.0,16644.0,16461.0,273644625.0,0.0
MHImain,HKFE,2023-12-27 16:00:00,16644.0,16787.0,16610.0,16775.0,7318.0,121978152.0,0.0
MHImain,HKFE,2023-12-27 20:00:00,16773.0,16830.0,16737.0,16794.0,3194.0,53591957.0,0.0
MHImain,HKFE,2023-12-28 00:00:00,16794.0,16823.0,16731.0,16753.0,3097.0,51903139.0,0.0
MHImain,HKFE,2023-12-28 08:00:00,16818.0,17008.0,16740.0,16994.0,25359.0,428202005.0,0.0
MHImain,HKFE,2023-12-28 12:00:00,16996.0,17196.0,16978.0,17163.0,23331.0,399088570.0,0.0
MHImain,HKFE,2023-12-28 16:00:00,17163.0,17199.0,17121.0,17160.0,8701.0,149272322.0,0.0
MHImain,HKFE,2023-12-28 20:00:00,17162.0,17179.0,17058.0,17159.0,8838.0,151344803.0,0.0
MHImain,HKFE,2023-12-29 00:00:00,17157.0,17180.0,17079.0,17090.0,3348.0,57380172.0,0.0
MHImain,HKFE,2023-12-29 08:00:00,17201.0,17208.0,17061.0,17062.0,26811.0,459006799.0,0.0
MHImain,HKFE,2023-12-29 12:00:00,17061.0,17139.0,17042.0,17097.0,11758.0,200961324.0,0.0
MHImain,HKFE,2023-12-29 16:00:00,17100.0,17142.0,17074.0,17097.0,6147.0,105184944.0,0.0
MHImain,HKFE,2023-12-29 20:00:00,17099.0,17170.0,17060.0,17142.0,5829.0,99798694.0,0.0
MHImain,HKFE,2023-12-30 00:00:00,17144.0,17188.0,17086.0,17163.0,5648.0,96763170.0,0.0
MHImain,HKFE,2024-01-02 08:00:00,17160.0,17255.0,16825.0,16855.0,38161.0,648583170.0,0.0
MHImain,HKFE,2024-01-02 12:00:00,16853.0,16912.0,16792.0,16809.0,16950.0,285506896.0,0.0
MHImain,HKFE,2024-01-02 16:00:00,16809.0,16881.0,16794.0,16795.0,8395.0,141407398.0,0.0
MHImain,HKFE,2024-01-02 20:00:00,16795.0,16795.0,16665.0,16710.0,11851.0,198178754.0,0.0
MHImain,HKFE,2024-01-03 00:00:00,16708.0,16721.0,16634.0,16685.0,5229.0,87210665.0,0.0
MHImain,HKFE,2024-01-03 08:00:00,16670.0,16712.0,16592.0,16664.0,28430.0,473763870.0,0.0
MHImain,HKFE,2024-01-03 12:00:00,16665.0,16727.0,16629.0,16707.0,15587.0,259919430.0,0.0
MHImain,HKFE,2024-01-03 16:00:00,16709.0,16725.0,16605.0,16612.0,8461.0,141080608.0,0.0
MHImain,HKFE,2024-01-03 20:00:00,16610.0,16735.0,16560.0,16658.0,11259.0,187257864.0,0.0
MHImain,HKFE,2024-01-04 00:00:00,16659.0,16773.0,16643.0,16760.0,6042.0,100901042.0,0.0
MHImain,HKFE,2024-01-04 08:00:00,16738.0,16747.0,16576.0,16602.0,26486.0,441230100.0,0.0
MHImain,HKFE,2024-01-04 12:00:00,16600.0,16728.0,16561.0,16685.0,17982.0,299055384.0,0.0
MHImain,HKFE,2024-01-04 16:00:00,16685.0,16738.0,16664.0,16688.0,8934.0,149248129.0,0.0
MHImain,HKFE,2024-01-04 20:00:00,16689.0,16705.0,16609.0,16654.0,7542.0,125583170.0,0.0
MHImain,HKFE,2024-01-05 00:00:00,16652.0,16668.0,16587.0,16601.0,3286.0,54648226.0,0.0
MHImain,HKFE,2024-01-05 08:00:00,16628.0,16807.0,16497.0,16686.0,36530.0,608806520.0,0.0
MHImain,HKFE,2024-01-05 12:00:00,16686.0,16696.0,16525.0,16575.0,17824.0,296118875.0,0.0
MHImain,HKFE,2024-01-05 16:00:00,16576.0,16612.0,16534.0,16553.0,8688.0,143981248.0,0.0
MHImain,HKFE,2024-01-05 20:00:00,16554.0,16697.0,16503.0,16661.0,12038.0,199771475.0,0.0
MHImain,HKFE,2024-01-06 00:00:00,16662.0,16679.0,16546.0,16588.0,6271.0,104215596.0,0.0
MHImain,HKFE,2024-01-08 08:00:00,16565.0,16653.0,16228.0,16263.0,40298.0,662239330.0,0.0
MHImain,HKFE,2024-01-08 12:00:00,16261.0,16285.0,16184.0,16221.0,15804.0,256530631.0,0.0
MHImain,HKFE,2024-01-08 16:00:00,16223.0,16272.0,16190.0,16234.0,8661.0,140678685.0,0.0
MHImain,HKFE,2024-01-08 20:00:00,16235.0,16300.0,16194.0,16268.0,6905.0,112172353.0,0.0
MHImain,HKFE,2024-01-09 00:00:00,16270.0,16379.0,16251.0,16371.0,6212.0,101433677.0,0.0
MHImain,HKFE,2024-01-09 08:00:00,16318.0,16463.0,16266.0,16361.0,32860.0,537950062.0,0.0
MHImain,HKFE,2024-01-09 12:00:00,16361.0,16388.0,16270.0,16311.0,15727.0,256564247.0,0.0
MHImain,HKFE,2024-01-09 16:00:00,16309.0,16326.0,16172.0,16173.0,11460.0,186209360.0,0.0
MHImain,HKFE,2024-01-09 20:00:00,16174.0,16185.0,16118.0,16159.0,6765.0,109260407.0,0.0
MHImain,HKFE,2024-01-10 00:00:00,16158.0,16174.0,16122.0,16141.0,3452.0,55754164.0,0.0
MHImain,HKFE,2024-01-10 08:00:00,16144.0,16295.0,16078.0,16163.0,36473.0,590601125.0,0.0
MHImain,HKFE,2024-01-10 12:00:00,16164.0,16190.0,16068.0,16094.0,15347.0,247521593.0,0.0
MHImain,HKFE,2024-01-10 16:00:00,16093.0,16194.0,16073.0,16155.0,8981.0,144879262.0,0.0
MHImain,HKFE,2024-01-10 20:00:00,16154.0,16182.0,16118.0,16149.0,4820.0,77831899.0,0.0
MHImain,HKFE,2024-01-11 00:00:00,16150.0,16168.0,16097.0,16150.0,3120.0,50330891.0,0.0
MHImain,HKFE,2024-01-11 08:00:00,16112.0,16435.0,16112.0,16357.0,35967.0,585588979.0,0.0
MHImain,HKFE,2024-01-11 12:00:00,16359.0,16495.0,16344.0,16417.0,22726.0,373231676.0,0.0
MHImain,HKFE,2024-01-11 16:00:00,16416.0,16418.0,16302.0,16321.0,9975.0,163031171.0,0.0
MHImain,HKFE,2024-01-11 20:00:00,16321.0,16368.0,16161.0,16162.0,13781.0,224156276.0,0.0
MHImain,HKFE,2024-01-12 00:00:00,16163.0,16234.0,16140.0,16233.0,6123.0,99083169.0,0.0
MHImain,HKFE,2024-01-12 08:00:00,16230.0,16424.0,16183.0,16333.0,34065.0,556123699.0,0.0
MHImain,HKFE,2024-01-12 12:00:00,16332.0,16360.0,16253.0,16262.0,14350.0,233980729.0,0.0
MHImain,HKFE,2024-01-12 16:00:00,16260.0,16295.0,16216.0,16237.0,8684.0,141087045.0,0.0
MHImain,HKFE,2024-01-12 20:00:00,16237.0,16413.0,16218.0,16385.0,9797.0,160034924.0,0.0
MHImain,HKFE,2024-01-13 00:00:00,16385.0,16402.0,16284.0,16309.0,5640.0,92173179.0,0.0
MHImain,HKFE,2024-01-15 08:00:00,16280.0,16372.0,16121.0,16270.0,40550.0,658911234.0,0.0
MHImain,HKFE,2024-01-15 12:00:00,16271.0,16285.0,16190.0,16227.0,13860.0,225062083.0,0.0
MHImain,HKFE,2024-01-15 16:00:00,16227.0,16258.0,16168.0,16175.0,7183.0,116523901.0,0.0
MHImain,HKFE,2024-01-15 20:00:00,16174.0,16182.0,16102.0,16138.0,5114.0,82523155.0,0.0
MHImain,HKFE,2024-01-16 00:00:00,16138.0,16174.0,16129.0,16159.0,1720.0,27783539.0,0.0
MHImain,HKFE,2024-01-16 08:00:00,16070.0,16226.0,15951.0,16050.0,39788.0,641435072.0,0.0
MHImain,HKFE,2024-01-16 12:00:00,16048.0,16052.0,15839.0,15919.0,30545.0,486131092.0,0.0
MHImain,HKFE,2024-01-16 16:00:00,15918.0,15939.0,15827.0,15891.0,12123.0,192528917.0,0.0
MHImain,HKFE,2024-01-16 20:00:00,15890.0,15942.0,15826.0,15830.0,8720.0,138516979.0,0.0
MHImain,HKFE,2024-01-17 00:00:00,15831.0,15866.0,15761.0,15790.0,5761.0,91122088.0,0.0
MHImain,HKFE,2024-01-17 08:00:00,15748.0,15785.0,15416.0,15426.0,42073.0,654704130.0,0.0
MHImain,HKFE,2024-01-17 12:00:00,15427.0,15462.0,15203.0,15221.0,28569.0,438034147.0,0.0
MHImain,HKFE,2024-01-17 16:00:00,15220.0,15312.0,15198.0,15265.0,16043.0,244768027.0,0.0
MHImain,HKFE,2024-01-17 20:00:00,15266.0,15309.0,15171.0,15292.0,9971.0,152091160.0,0.0
MHImain,HKFE,2024-01-18 00:00:00,15291.0,15294.0,15232.0,15280.0,4123.0,62928668.0,0.0
MHImain,HKFE,2024-01-18 08:00:00,15330.0,15416.0,15193.0,15270.0,44590.0,682535568.0,0.0
MHImain,HKFE,2024-01-18 12:00:00,15266.0,15469.0,15265.0,15414.0,31635.0,486222234.0,0.0
MHImain,HKFE,2024-01-18 16:00:00,15415.0,15435.0,15356.0,15426.0,10574.0,162840268.0,0.0
MHImain,HKFE,2024-01-18 20:00:00,15427.0,15464.0,15358.0,15419.0,7593.0,117009583.0,0.0
MHImain,HKFE,2024-01-19 00:00:00,15418.0,15443.0,15351.0,15387.0,5399.0,83101784.0,0.0
MHImain,HKFE,2024-01-19 08:00:00,15417.0,15548.0,15371.0,15414.0,40031.0,619037992.0,0.0
MHImain,HKFE,2024-01-19 12:00:00,15413.0,15449.0,15219.0,15240.0,27295.0,418341929.0,0.0
MHImain,HKFE,2024-01-19 16:00:00,15239.0,15389.0,15237.0,15333.0,10218.0,156439709.0,0.0
MHImain,HKFE,2024-01-19 20:00:00,15333.0,15341.0,15223.0,15236.0,7018.0,107240636.0,0.0
MHImain,HKFE,2024-01-20 00:00:00,15234.0,15512.0,15232.0,15452.0,9615.0,148017014.0,0.0
MHImain,HKFE,2024-01-22 08:00:00,15481.0,15488.0,15006.0,15016.0,42962.0,653170312.0,0.0
MHImain,HKFE,2024-01-22 12:00:00,15015.0,15050.0,14795.0,14907.0,32258.0,482113926.0,0.0
MHImain,HKFE,2024-01-22 16:00:00,14906.0,15019.0,14875.0,14982.0,11938.0,178546607.0,0.0
MHImain,HKFE,2024-01-22 20:00:00,14983.0,15154.0,14958.0,15130.0,10102.0,152190871.0,0.0
MHImain,HKFE,2024-01-23 00:00:00,15131.0,15172.0,15105.0,15133.0,4290.0,64923421.0,0.0
MHImain,HKFE,2024-01-23 08:00:00,15112.0,15499.0,14998.0,15258.0,71610.0,1092928890.0,0.0
MHImain,HKFE,2024-01-23 12:00:00,15260.0,15538.0,15228.0,15405.0,32604.0,502325673.0,0.0
MHImain,HKFE,2024-01-23 16:00:00,15407.0,15435.0,15289.0,15360.0,14189.0,217940609.0,0.0
MHImain,HKFE,2024-01-23 20:00:00,15361.0,15689.0,15347.0,15686.0,20701.0,322037258.0,0.0
MHImain,HKFE,2024-01-24 00:00:00,15685.0,15693.0,15570.0,15628.0,9096.0,142124470.0,0.0
MHImain,HKFE,2024-01-24 08:00:00,15638.0,15735.0,15499.0,15539.0,41469.0,647466002.0,0.0
MHImain,HKFE,2024-01-24 12:00:00,15541.0,15725.0,15415.0,15673.0,38922.0,606040065.0,0.0
MHImain,HKFE,2024-01-24 16:00:00,15673.0,16135.0,15639.0,16120.0,40207.0,639127204.0,0.0
MHImain,HKFE,2024-01-24 20:00:00,16119.0,16256.0,16071.0,16139.0,19026.0,307498544.0,0.0
MHImain,HKFE,2024-01-25 00:00:00,16139.0,16175.0,16063.0,16097.0,6582.0,106184445.0,0.0
MHImain,HKFE,2024-01-25 08:00:00,16042.0,16117.0,15828.0,16104.0,50643.0,809484160.0,0.0
MHImain,HKFE,2024-01-25 12:00:00,16102.0,16259.0,16090.0,16233.0,28098.0,454755543.0,0.0
MHImain,HKFE,2024-01-25 16:00:00,16234.0,16245.0,16178.0,16213.0,10951.0,177468212.0,0.0
MHImain,HKFE,2024-01-25 20:00:00,16213.0,16314.0,16146.0,16149.0,11200.0,181757667.0,0.0
MHImain,HKFE,2024-01-26 00:00:00,16149.0,16160.0,16061.0,16087.0,8694.0,139968245.0,0.0
MHImain,HKFE,2024-01-26 08:00:00,16050.0,16252.0,16050.0,16144.0,36294.0,587087077.0,0.0
MHImain,HKFE,2024-01-26 12:00:00,16143.0,16203.0,15892.0,16002.0,43169.0,692723983.0,0.0
MHImain,HKFE,2024-01-26 16:00:00,16001.0,16030.0,15920.0,16003.0,11288.0,180293003.0,0.0
MHImain,HKFE,2024-01-26 20:00:00,16000.0,16093.0,15987.0,16076.0,7980.0,127996839.0,0.0
MHImain,HKFE,2024-01-27 00:00:00,16074.0,16132.0,16048.0,16083.0,4717.0,75949594.0,0.0
MHImain,HKFE,2024-01-29 08:00:00,16068.0,16287.0,16043.0,16203.0,38764.0,626616772.0,0.0
MHImain,HKFE,2024-01-29 12:00:00,16204.0,16204.0,16034.0,16067.0,19454.0,313223161.0,0.0
MHImain,HKFE,2024-01-29 16:00:00,16066.0,16137.0,16057.0,16132.0,7638.0,122900234.0,0.0
MHImain,HKFE,2024-01-29 20:00:00,16134.0,16141.0,15933.0,15965.0,5271.0,84491510.0,0.0
MHImain,HKFE,2024-01-30 00:00:00,15965.0,15968.0,15822.0,15872.0,4943.0,78597947.0,0.0
MHImain,HKFE,2024-01-30 08:00:00,15942.0,15987.0,15720.0,15797.0,36161.0,572925613.0,0.0
MHImain,HKFE,2024-01-30 12:00:00,15797.0,15907.0,15753.0,15780.0,23712.0,375093195.0,0.0
MHImain,HKFE,2024-01-30 16:00:00,15779.0,15779.0,15654.0,15678.0,12774.0,200841839.0,0.0
MHImain,HKFE,2024-01-30 20:00:00,15679.0,15748.0,15643.0,15643.0,7658.0,120167491.0,0.0
MHImain,HKFE,2024-01-31 00:00:00,15642.0,15762.0,15614.0,15696.0,5730.0,89885428.0,0.0
MHImain,HKFE,2024-01-31 08:00:00,15748.0,15801.0,15514.0,15606.0,48388.0,757050107.0,0.0
MHImain,HKFE,2024-01-31 12:00:00,15605.0,15656.0,15468.0,15518.0,28863.0,448847871.0,0.0
MHImain,HKFE,2024-01-31 16:00:00,15519.0,15538.0,15466.0,15511.0,10013.0,155256364.0,0.0
MHImain,HKFE,2024-01-31 20:00:00,15512.0,15670.0,15458.0,15640.0,10918.0,170080639.0,0.0
MHImain,HKFE,2024-02-01 00:00:00,15643.0,15749.0,15605.0,15615.0,10974.0,172104280.0,0.0
MHImain,HKFE,2024-02-01 08:00:00,15650.0,15850.0,15469.0,15817.0,61684.0,965673810.0,0.0
MHImain,HKFE,2024-02-01 12:00:00,15819.0,15859.0,15565.0,15594.0,35515.0,557084822.0,0.0
MHImain,HKFE,2024-02-01 16:00:00,15597.0,15658.0,15562.0,15635.0,9913.0,154686046.0,0.0
MHImain,HKFE,2024-02-01 20:00:00,15635.0,15720.0,15631.0,15689.0,8897.0,139439037.0,0.0
MHImain,HKFE,2024-02-02 00:00:00,15694.0,15702.0,15570.0,15681.0,7400.0,115757465.0,0.0
MHImain,HKFE,2024-02-02 08:00:00,15710.0,15965.0,15710.0,15774.0,47140.0,747824013.0,0.0
MHImain,HKFE,2024-02-02 12:00:00,15775.0,15783.0,15473.0,15606.0,46940.0,733872976.0,0.0
MHImain,HKFE,2024-02-02 16:00:00,15605.0,15664.0,15510.0,15516.0,10249.0,159711595.0,0.0
MHImain,HKFE,2024-02-02 20:00:00,15514.0,15550.0,15344.0,15371.0,13919.0,214764105.0,0.0
MHImain,HKFE,2024-02-03 00:00:00,15370.0,15426.0,15336.0,15416.0,6729.0,103486159.0,0.0
MHImain,HKFE,2024-02-05 08:00:00,15398.0,15631.0,15297.0,15559.0,57166.0,884406134.0,0.0
MHImain,HKFE,2024-02-05 12:00:00,15560.0,15724.0,15501.0,15556.0,39726.0,620496324.0,0.0
MHImain,HKFE,2024-02-05 16:00:00,15556.0,15598.0,15518.0,15558.0,8580.0,133448067.0,0.0
MHImain,HKFE,2024-02-05 20:00:00,15555.0,15593.0,15464.0,15559.0,8405.0,130564471.0,0.0
MHImain,HKFE,2024-02-06 00:00:00,15557.0,15669.0,15525.0,15652.0,7179.0,111994106.0,0.0
MHImain,HKFE,2024-02-06 08:00:00,15614.0,15895.0,15568.0,15852.0,49423.0,779046539.0,0.0
MHImain,HKFE,2024-02-06 12:00:00,15851.0,16204.0,15831.0,16193.0,46608.0,748869698.0,0.0
MHImain,HKFE,2024-02-06 16:00:00,16194.0,16210.0,16129.0,16136.0,14090.0,227873549.0,0.0
MHImain,HKFE,2024-02-06 20:00:00,16136.0,16185.0,16058.0,16174.0,11726.0,189043787.0,0.0
MHImain,HKFE,2024-02-07 00:00:00,16174.0,16310.0,16160.0,16267.0,10049.0,163268408.0,0.0
MHImain,HKFE,2024-02-07 08:00:00,16334.0,16454.0,16241.0,16258.0,51919.0,848742741.0,0.0
MHImain,HKFE,2024-02-07 12:00:00,16258.0,16301.0,16081.0,16139.0,32231.0,520795353.0,0.0
MHImain,HKFE,2024-02-07 16:00:00,16139.0,16168.0,16073.0,16142.0,9798.0,157924397.0,0.0
MHImain,HKFE,2024-02-07 20:00:00,16143.0,16285.0,16006.0,16045.0,19870.0,320441623.0,0.0
MHImain,HKFE,2024-02-08 00:00:00,16046.0,16067.0,15988.0,16020.0,6463.0,103559552.0,0.0
MHImain,HKFE,2024-02-08 08:00:00,16030.0,16125.0,15920.0,15968.0,43112.0,690890182.0,0.0
MHImain,HKFE,2024-02-08 12:00:00,15967.0,16001.0,15840.0,15879.0,20952.0,333512542.0,0.0
MHImain,HKFE,2024-02-08 16:00:00,15879.0,15952.0,15844.0,15854.0,10549.0,167757593.0,0.0
MHImain,HKFE,2024-02-08 20:00:00,15852.0,15877.0,15755.0,15785.0,8472.0,133984002.0,0.0
MHImain,HKFE,2024-02-09 00:00:00,15787.0,15827.0,15737.0,15774.0,4466.0,70472589.0,0.0
MHImain,HKFE,2024-02-09 08:00:00,15708.0,15764.0,15549.0,15737.0,31904.0,499220314.0,0.0
MHImain,HKFE,2024-02-09 12:00:00,15734.0,15786.0,15700.0,15708.0,6286.0,98946140.0,0.0
MHImain,HKFE,2024-02-09 16:00:00,15708.0,15708.0,15708.0,15708.0,0.0,0.0,0.0
MHImain,HKFE,2024-02-09 20:00:00,15708.0,15708.0,15708.0,15708.0,0.0,0.0,0.0
MHImain,HKFE,2024-02-10 00:00:00,15708.0,15708.0,15708.0,15708.0,0.0,0.0,0.0
MHImain,HKFE,2024-02-14 08:00:00,15700.0,15741.0,15456.0,15715.0,34900.0,544370596.0,0.0
MHImain,HKFE,2024-02-14 12:00:00,15713.0,15935.0,15689.0,15932.0,20029.0,317131526.0,0.0
MHImain,HKFE,2024-02-14 16:00:00,15933.0,16015.0,15891.0,15960.0,9457.0,150713486.0,0.0
MHImain,HKFE,2024-02-14 20:00:00,15960.0,15972.0,15885.0,15905.0,6287.0,100151743.0,0.0
MHImain,HKFE,2024-02-15 00:00:00,15903.0,15970.0,15863.0,15933.0,4752.0,75601322.0,0.0
MHImain,HKFE,2024-02-15 08:00:00,15917.0,16008.0,15747.0,16006.0,36230.0,574649487.0,0.0
MHImain,HKFE,2024-02-15 12:00:00,16006.0,16060.0,15908.0,16005.0,17552.0,280355110.0,0.0
MHImain,HKFE,2024-02-15 16:00:00,16004.0,16010.0,15953.0,15983.0,6520.0,104207799.0,0.0
MHImain,HKFE,2024-02-15 20:00:00,15982.0,16072.0,15968.0,16055.0,6140.0,98376488.0,0.0
MHImain,HKFE,2024-02-16 00:00:00,16054.0,16080.0,15994.0,16003.0,3675.0,58931576.0,0.0
MHImain,HKFE,2024-02-16 08:00:00,16055.0,16228.0,15945.0,16218.0,37518.0,603182848.0,0.0
MHImain,HKFE,2024-02-16 12:00:00,16217.0,16428.0,16187.0,16371.0,27724.0,452917970.0,0.0
MHImain,HKFE,2024-02-16 16:00:00,16372.0,16403.0,16328.0,16369.0,9634.0,157661356.0,0.0
MHImain,HKFE,2024-02-16 20:00:00,16368.0,16409.0,16291.0,16402.0,8403.0,137452144.0,0.0
MHImain,HKFE,2024-02-17 00:00:00,16401.0,16414.0,16332.0,16375.0,4408.0,72168823.0,0.0
MHImain,HKFE,2024-02-19 08:00:00,16380.0,16414.0,16153.0,16238.0,36119.0,586106665.0,0.0
MHImain,HKFE,2024-02-19 12:00:00,16238.0,16262.0,16148.0,16235.0,17103.0,277101241.0,0.0
MHImain,HKFE,2024-02-19 16:00:00,16237.0,16240.0,16148.0,16182.0,7157.0,115834266.0,0.0
MHImain,HKFE,2024-02-19 20:00:00,16182.0,16222.0,16177.0,16209.0,2509.0,40641110.0,0.0
MHImain,HKFE,2024-02-20 00:00:00,16208.0,16219.0,16191.0,16206.0,1170.0,18959855.0,0.0
MHImain,HKFE,2024-02-20 08:00:00,16145.0,16357.0,16064.0,16092.0,42575.0,688507407.0,0.0
MHImain,HKFE,2024-02-20 12:00:00,16091.0,16228.0,16076.0,16199.0,19031.0,307433941.0,0.0
MHImain,HKFE,2024-02-20 16:00:00,16197.0,16316.0,16195.0,16293.0,10126.0,164579198.0,0.0
MHImain,HKFE,2024-02-20 20:00:00,16292.0,16365.0,16210.0,16214.0,8306.0,135305404.0,0.0
MHImain,HKFE,2024-02-21 00:00:00,16215.0,16247.0,16144.0,16197.0,5606.0,90739229.0,0.0
MHImain,HKFE,2024-02-21 08:00:00,16160.0,16715.0,16147.0,16692.0,49009.0,807742965.0,0.0
MHImain,HKFE,2024-02-21 12:00:00,16692.0,16778.0,16545.0,16615.0,34826.0,580652825.0,0.0
MHImain,HKFE,2024-02-21 16:00:00,16616.0,16619.0,16438.0,16475.0,16102.0,265943439.0,0.0
MHImain,HKFE,2024-02-21 20:00:00,16474.0,16566.0,16452.0,16517.0,7165.0,118270380.0,0.0
MHImain,HKFE,2024-02-22 00:00:00,16516.0,16520.0,16436.0,16447.0,5032.0,82881553.0,0.0
MHImain,HKFE,2024-02-22 08:00:00,16490.0,16565.0,16420.0,16517.0,38816.0,640544456.0,0.0
MHImain,HKFE,2024-02-22 12:00:00,16519.0,16687.0,16468.0,16666.0,26442.0,438909019.0,0.0
MHImain,HKFE,2024-02-22 16:00:00,16666.0,16803.0,16646.0,16737.0,14099.0,235843474.0,0.0
MHImain,HKFE,2024-02-22 20:00:00,16736.0,16753.0,16590.0,16602.0,9268.0,154489212.0,0.0
MHImain,HKFE,2024-02-23 00:00:00,16601.0,16681.0,16561.0,16673.0,6141.0,102005849.0,0.0
MHImain,HKFE,2024-02-23 08:00:00,16650.0,16902.0,16610.0,16686.0,40740.0,682101672.0,0.0
MHImain,HKFE,2024-02-23 12:00:00,16688.0,16772.0,16677.0,16771.0,16633.0,278186617.0,0.0
MHImain,HKFE,2024-02-23 16:00:00,16771.0,16782.0,16693.0,16739.0,8452.0,141442825.0,0.0
MHImain,HKFE,2024-02-23 20:00:00,16739.0,16822.0,16662.0,16714.0,10843.0,181678085.0,0.0
MHImain,HKFE,2024-02-24 00:00:00,16714.0,16774.0,16693.0,16748.0,4911.0,82148888.0,0.0
MHImain,HKFE,2024-02-26 08:00:00,16646.0,16774.0,16582.0,16608.0,36356.0,605996610.0,0.0
MHImain,HKFE,2024-02-26 12:00:00,16611.0,16700.0,16598.0,16625.0,15600.0,259644215.0,0.0
MHImain,HKFE,2024-02-26 16:00:00,16625.0,16688.0,16597.0,16673.0,7170.0,119287248.0,0.0
MHImain,HKFE,2024-02-26 20:00:00,16673.0,16753.0,16653.0,16683.0,6474.0,108136439.0,0.0
MHImain,HKFE,2024-02-27 00:00:00,16682.0,16734.0,16650.0,16666.0,3484.0,58126244.0,0.0
MHImain,HKFE,2024-02-27 08:00:00,16684.0,16688.0,16445.0,16473.0,31399.0,520347617.0,0.0
MHImain,HKFE,2024-02-27 12:00:00,16473.0,16678.0,16463.0,16662.0,20038.0,332495271.0,0.0
MHImain,HKFE,2024-02-27 16:00:00,16661.0,16866.0,16641.0,16828.0,14238.0,238859335.0,0.0
MHImain,HKFE,2024-02-27 20:00:00,16829.0,16860.0,16796.0,16836.0,4556.0,76678532.0,0.0
MHImain,HKFE,2024-02-28 00:00:00,16834.0,16860.0,16816.0,16841.0,2409.0,40556820.0,0.0
MHImain,HKFE,2024-02-28 08:00:00,16800.0,16879.0,16639.0,16646.0,33373.0,559207400.0,0.0
MHImain,HKFE,2024-02-28 12:00:00,16645.0,16842.0,16520.0,16525.0,38540.0,642748450.0,0.0
MHImain,HKFE,2024-02-28 16:00:00,16525.0,16568.0,16410.0,16471.0,14425.0,238033855.0,0.0
MHImain,HKFE,2024-02-28 20:00:00,16471.0,16515.0,16406.0,16429.0,8441.0,139005197.0,0.0
MHImain,HKFE,2024-02-29 00:00:00,16428.0,16434.0,16378.0,16420.0,4577.0,75089784.0,0.0
MHImain,HKFE,2024-02-29 08:00:00,16431.0,16693.0,16394.0,16567.0,45287.0,750325091.0,0.0
MHImain,HKFE,2024-02-29 12:00:00,16565.0,16607.0,16472.0,16581.0,29144.0,482048057.0,0.0
MHImain,HKFE,2024-02-29 16:00:00,16582.0,16635.0,16406.0,16440.0,16524.0,272757580.0,0.0
MHImain,HKFE,2024-02-29 20:00:00,16439.0,16509.0,16415.0,16440.0,8184.0,134729509.0,0.0
MHImain,HKFE,2024-03-01 00:00:00,16439.0,16461.0,16345.0,16385.0,6025.0,98767121.0,0.0
MHImain,HKFE,2024-03-01 08:00:00,16360.0,16627.0,16131.0,16599.0,48349.0,793924791.0,0.0
MHImain,HKFE,2024-03-01 12:00:00,16599.0,16622.0,16490.0,16566.0,27964.0,462978894.0,0.0
MHImain,HKFE,2024-03-01 16:00:00,16566.0,16593.0,16498.0,16533.0,8451.0,139816673.0,0.0
MHImain,HKFE,2024-03-01 20:00:00,16533.0,16577.0,16472.0,16516.0,6657.0,110023659.0,0.0
MHImain,HKFE,2024-03-02 00:00:00,16519.0,16596.0,16518.0,16587.0,4953.0,82067030.0,0.0
MHImain,HKFE,2024-03-04 08:00:00,16595.0,16640.0,16441.0,16583.0,41401.0,685029016.0,0.0
MHImain,HKFE,2024-03-04 12:00:00,16584.0,16606.0,16465.0,16481.0,20206.0,333858639.0,0.0
MHImain,HKFE,2024-03-04 16:00:00,16482.0,16572.0,16482.0,16527.0,7588.0,125491693.0,0.0
MHImain,HKFE,2024-03-04 20:00:00,16528.0,16542.0,16404.0,16432.0,7209.0,118657388.0,0.0
MHImain,HKFE,2024-03-05 00:00:00,16432.0,16481.0,16335.0,16378.0,6681.0,109638881.0,0.0
MHImain,HKFE,2024-03-05 08:00:00,16312.0,16428.0,16137.0,16170.0,45827.0,746391623.0,0.0
MHImain,HKFE,2024-03-05 12:00:00,16170.0,16266.0,16049.0,16140.0,26990.0,436003006.0,0.0
MHImain,HKFE,2024-03-05 16:00:00,16140.0,16158.0,16086.0,16142.0,10461.0,168617501.0,0.0
MHImain,HKFE,2024-03-05 20:00:00,16144.0,16235.0,16109.0,16221.0,9338.0,150951680.0,0.0
MHImain,HKFE,2024-03-06 00:00:00,16223.0,16231.0,16130.0,16145.0,5199.0,84099771.0,0.0
MHImain,HKFE,2024-03-06 08:00:00,16120.0,16399.0,16109.0,16378.0,46176.0,749637355.0,0.0
MHImain,HKFE,2024-03-06 12:00:00,16377.0,16527.0,16330.0,16386.0,36410.0,598608516.0,0.0
MHImain,HKFE,2024-03-06 16:00:00,16386.0,16473.0,16373.0,16455.0,13469.0,221253479.0,0.0
MHImain,HKFE,2024-03-06 20:00:00,16456.0,16534.0,16423.0,16488.0,8362.0,137844446.0,0.0
MHImain,HKFE,2024-03-07 00:00:00,16485.0,16517.0,16442.0,16458.0,5300.0,87346447.0,0.0
MHImain,HKFE,2024-03-07 08:00:00,16403.0,16552.0,16372.0,16424.0,42883.0,705252518.0,0.0
MHImain,HKFE,2024-03-07 12:00:00,16425.0,16442.0,16210.0,16218.0,27065.0,441823668.0,0.0
MHImain,HKFE,2024-03-07 16:00:00,16219.0,16265.0,16144.0,16253.0,13308.0,215767812.0,0.0
MHImain,HKFE,2024-03-07 20:00:00,16251.0,16305.0,16216.0,16256.0,7340.0,119356317.0,0.0
MHImain,HKFE,2024-03-08 00:00:00,16259.0,16334.0,16253.0,16325.0,4058.0,66127173.0,0.0
MHImain,HKFE,2024-03-08 08:00:00,16322.0,16527.0,16282.0,16427.0,42053.0,689949600.0,0.0
MHImain,HKFE,2024-03-08 12:00:00,16428.0,16507.0,16409.0,16477.0,21246.0,349687315.0,0.0
MHImain,HKFE,2024-03-08 16:00:00,16477.0,16477.0,16340.0,16350.0,13957.0,228908745.0,0.0
MHImain,HKFE,2024-03-08 20:00:00,16350.0,16433.0,16310.0,16381.0,8745.0,143270521.0,0.0
MHImain,HKFE,2024-03-09 00:00:00,16379.0,16398.0,16317.0,16379.0,4779.0,78192496.0,0.0
MHImain,HKFE,2024-03-11 08:00:00,16398.0,16655.0,16393.0,16577.0,42272.0,699222543.0,0.0
MHImain,HKFE,2024-03-11 12:00:00,16575.0,16621.0,16556.0,16592.0,18259.0,302949332.0,0.0
MHImain,HKFE,2024-03-11 16:00:00,16592.0,16638.0,16575.0,16603.0,7037.0,116826210.0,0.0
MHImain,HKFE,2024-03-11 20:00:00,16601.0,16765.0,16590.0,16681.0,10469.0,174683384.0,0.0
MHImain,HKFE,2024-03-12 00:00:00,16679.0,16739.0,16678.0,16706.0,2627.0,43909080.0,0.0
MHImain,HKFE,2024-03-12 08:00:00,16725.0,16855.0,16638.0,16846.0,46517.0,779607245.0,0.0
MHImain,HKFE,2024-03-12 12:00:00,16847.0,17145.0,16821.0,17137.0,37081.0,630285311.0,0.0
MHImain,HKFE,2024-03-12 16:00:00,17136.0,17204.0,17100.0,17104.0,16331.0,280057022.0,0.0
MHImain,HKFE,2024-03-12 20:00:00,17105.0,17128.0,16994.0,17100.0,13838.0,236032004.0,0.0
MHImain,HKFE,2024-03-13 00:00:00,17098.0,17108.0,17054.0,17066.0,2907.0,49640868.0,0.0
MHImain,HKFE,2024-03-13 08:00:00,17055.0,17215.0,17043.0,17168.0,42973.0,736733515.0,0.0
MHImain,HKFE,2024-03-13 12:00:00,17167.0,17255.0,17112.0,17124.0,24157.0,415101491.0,0.0
MHImain,HKFE,2024-03-13 16:00:00,17126.0,17149.0,17097.0,17143.0,8784.0,150406107.0,0.0
MHImain,HKFE,2024-03-13 20:00:00,17138.0,17250.0,17122.0,17196.0,9554.0,164312879.0,0.0
MHImain,HKFE,2024-03-14 00:00:00,17196.0,17201.0,17149.0,17156.0,2566.0,44061951.0,0.0
MHImain,HKFE,2024-03-14 08:00:00,17134.0,17237.0,17047.0,17082.0,37870.0,648927676.0,0.0
MHImain,HKFE,2024-03-14 12:00:00,17083.0,17084.0,16898.0,16964.0,26110.0,443157659.0,0.0
MHImain,HKFE,2024-03-14 16:00:00,16966.0,16994.0,16936.0,16977.0,8310.0,141004264.0,0.0
MHImain,HKFE,2024-03-14 20:00:00,16977.0,16978.0,16800.0,16812.0,11048.0,186390454.0,0.0
MHImain,HKFE,2024-03-15 00:00:00,16813.0,16824.0,16777.0,16801.0,3667.0,61604074.0,0.0
MHImain,HKFE,2024-03-15 08:00:00,16775.0,16850.0,16617.0,16639.0,37863.0,633381154.0,0.0
MHImain,HKFE,2024-03-15 12:00:00,16638.0,16696.0,16559.0,16689.0,23700.0,394162922.0,0.0
MHImain,HKFE,2024-03-15 16:00:00,16688.0,16760.0,16679.0,16743.0,11564.0,193369770.0,0.0
MHImain,HKFE,2024-03-15 20:00:00,16747.0,16813.0,16736.0,16810.0,7422.0,124491675.0,0.0
MHImain,HKFE,2024-03-16 00:00:00,16810.0,16816.0,16721.0,16744.0,3403.0,57049568.0,0.0
MHImain,HKFE,2024-03-18 08:00:00,16711.0,16824.0,16648.0,16758.0,39803.0,665786449.0,0.0
MHImain,HKFE,2024-03-18 12:00:00,16757.0,16816.0,16719.0,16786.0,14463.0,242559392.0,0.0
MHImain,HKFE,2024-03-18 16:00:00,16783.0,16792.0,16727.0,16732.0,5223.0,87533328.0,0.0
MHImain,HKFE,2024-03-18 20:00:00,16734.0,16770.0,16646.0,16703.0,7737.0,129244804.0,0.0
MHImain,HKFE,2024-03-19 00:00:00,16701.0,16705.0,16653.0,16677.0,1999.0,33340143.0,0.0
MHImain,HKFE,2024-03-19 08:00:00,16650.0,16701.0,16484.0,16649.0,38166.0,633467983.0,0.0
MHImain,HKFE,2024-03-19 12:00:00,16652.0,16655.0,16522.0,16557.0,17167.0,284408968.0,0.0
MHImain,HKFE,2024-03-19 16:00:00,16555.0,16598.0,16527.0,16542.0,8498.0,140710961.0,0.0
MHImain,HKFE,2024-03-19 20:00:00,16543.0,16611.0,16510.0,16556.0,6587.0,109073189.0,0.0
MHImain,HKFE,2024-03-20 00:00:00,16556.0,16663.0,16554.0,16634.0,3507.0,58269952.0,0.0
MHImain,HKFE,2024-03-20 08:00:00,16642.0,16661.0,16431.0,16627.0,42216.0,698348364.0,0.0
MHImain,HKFE,2024-03-20 12:00:00,16626.0,16671.0,16529.0,16598.0,18739.0,310975218.0,0.0
MHImain,HKFE,2024-03-20 16:00:00,16599.0,16621.0,16543.0,16597.0,6979.0,115704172.0,0.0
MHImain,HKFE,2024-03-20 20:00:00,16595.0,16659.0,16567.0,16610.0,6646.0,110350821.0,0.0
MHImain,HKFE,2024-03-21 00:00:00,16609.0,16718.0,16582.0,16703.0,3895.0,64827155.0,0.0
MHImain,HKFE,2024-03-21 08:00:00,16742.0,17007.0,16720.0,16837.0,48106.0,812236379.0,0.0
MHImain,HKFE,2024-03-21 12:00:00,16838.0,16971.0,16816.0,16951.0,17131.0,289622248.0,0.0
MHImain,HKFE,2024-03-21 16:00:00,16949.0,16950.0,16781.0,16793.0,10647.0,179575021.0,0.0
MHImain,HKFE,2024-03-21 20:00:00,16794.0,16817.0,16740.0,16743.0,7375.0,123743126.0,0.0
MHImain,HKFE,2024-03-22 00:00:00,16744.0,16777.0,16728.0,16741.0,3039.0,50907181.0,0.0
MHImain,HKFE,2024-03-22 08:00:00,16756.0,16783.0,16387.0,16395.0,45319.0,751879428.0,0.0
MHImain,HKFE,2024-03-22 12:00:00,16396.0,16543.0,16340.0,16517.0,33120.0,544404471.0,0.0
MHImain,HKFE,2024-03-22 16:00:00,16517.0,16574.0,16484.0,16510.0,12562.0,207606073.0,0.0
MHImain,HKFE,2024-03-22 20:00:00,16506.0,16530.0,16438.0,16505.0,7778.0,128228004.0,0.0
MHImain,HKFE,2024-03-23 00:00:00,16505.0,16548.0,16488.0,16510.0,3214.0,53082774.0,0.0
MHImain,HKFE,2024-03-25 08:00:00,16530.0,16625.0,16477.0,16618.0,37620.0,622808953.0,0.0
MHImain,HKFE,2024-03-25 12:00:00,16618.0,16639.0,16477.0,16487.0,19043.0,315174707.0,0.0
MHImain,HKFE,2024-03-25 16:00:00,16487.0,16535.0,16416.0,16439.0,10124.0,166882019.0,0.0
MHImain,HKFE,2024-03-25 20:00:00,16441.0,16531.0,16433.0,16505.0,5865.0,96738156.0,0.0
MHImain,HKFE,2024-03-26 00:00:00,16504.0,16514.0,16477.0,16497.0,1843.0,30401707.0,0.0
MHImain,HKFE,2024-03-26 08:00:00,16510.0,16690.0,16494.0,16509.0,37883.0,628384862.0,0.0
MHImain,HKFE,2024-03-26 12:00:00,16510.0,16768.0,16479.0,16732.0,24416.0,405594878.0,0.0
MHImain,HKFE,2024-03-26 16:00:00,16734.0,16755.0,16633.0,16688.0,9066.0,151248721.0,0.0
MHImain,HKFE,2024-03-26 20:00:00,16686.0,16688.0,16581.0,16582.0,3668.0,60981793.0,0.0
MHImain,HKFE,2024-03-27 00:00:00,16582.0,16608.0,16569.0,16592.0,1385.0,22974887.0,0.0
MHImain,HKFE,2024-03-27 08:00:00,16640.0,16654.0,16420.0,16555.0,35420.0,585893765.0,0.0
MHImain,HKFE,2024-03-27 12:00:00,16554.0,16565.0,16441.0,16462.0,21364.0,352687809.0,0.0
MHImain,HKFE,2024-03-27 16:00:00,16461.0,16464.0,16374.0,16425.0,11330.0,186009579.0,0.0
MHImain,HKFE,2024-03-27 20:00:00,16425.0,16488.0,16377.0,16479.0,7102.0,116726399.0,0.0
MHImain,HKFE,2024-03-28 00:00:00,16480.0,16496.0,16459.0,16470.0,2514.0,41419650.0,0.0
MHImain,HKFE,2024-03-28 08:00:00,16450.0,16612.0,16380.0,16603.0,43063.0,709729932.0,0.0
MHImain,HKFE,2024-03-28 12:00:00,16605.0,16772.0,16564.0,16634.0,35029.0,584063472.0,0.0
MHImain,HKFE,2024-03-28 16:00:00,16635.0,16640.0,16518.0,16581.0,10708.0,177544052.0,0.0
MHImain,HKFE,2024-03-28 20:00:00,16582.0,16679.0,16551.0,16676.0,6585.0,109436804.0,0.0
MHImain,HKFE,2024-03-29 00:00:00,16676.0,16710.0,16633.0,16650.0,3869.0,64494455.0,0.0
MHImain,HKFE,2024-04-02 08:00:00,16777.0,17067.0,16773.0,17009.0,38983.0,661617421.0,0.0
MHImain,HKFE,2024-04-02 12:00:00,17009.0,17046.0,16901.0,16941.0,19657.0,333506068.0,0.0
MHImain,HKFE,2024-04-02 16:00:00,16940.0,17016.0,16935.0,16983.0,9415.0,159772451.0,0.0
MHImain,HKFE,2024-04-02 20:00:00,16982.0,17072.0,16933.0,17024.0,8456.0,143779215.0,0.0
MHImain,HKFE,2024-04-03 00:00:00,17024.0,17038.0,16962.0,16975.0,2766.0,47026328.0,0.0
MHImain,HKFE,2024-04-03 08:00:00,16950.0,16981.0,16760.0,16794.0,34386.0,580178172.0,0.0
MHImain,HKFE,2024-04-03 12:00:00,16794.0,16859.0,16726.0,16764.0,17511.0,294051135.0,0.0
MHImain,HKFE,2024-04-03 16:00:00,16762.0,16785.0,16718.0,16782.0,7750.0,129809785.0,0.0
MHImain,HKFE,2024-04-03 20:00:00,16782.0,16843.0,16750.0,16832.0,6170.0,103627405.0,0.0
MHImain,HKFE,2024-04-04 00:00:00,16832.0,16884.0,16825.0,16871.0,3861.0,65072488.0,0.0
MHImain,HKFE,2024-04-05 08:00:00,16790.0,16878.0,16504.0,16605.0,46344.0,772893191.0,0.0
MHImain,HKFE,2024-04-05 12:00:00,16604.0,16828.0,16585.0,16779.0,24057.0,402166465.0,0.0
MHImain,HKFE,2024-04-05 16:00:00,16777.0,16812.0,16718.0,16748.0,7185.0,120427811.0,0.0
MHImain,HKFE,2024-04-05 20:00:00,16748.0,16779.0,16697.0,16759.0,7348.0,122934475.0,0.0
MHImain,HKFE,2024-04-06 00:00:00,16755.0,16812.0,16734.0,16779.0,3100.0,52007358.0,0.0
MHImain,HKFE,2024-04-08 08:00:00,16750.0,16943.0,16598.0,16884.0,44158.0,740284473.0,0.0
MHImain,HKFE,2024-04-08 12:00:00,16883.0,16883.0,16689.0,16771.0,26493.0,444445336.0,0.0
MHImain,HKFE,2024-04-08 16:00:00,16771.0,16799.0,16715.0,16778.0,7960.0,133427966.0,0.0
MHImain,HKFE,2024-04-08 20:00:00,16776.0,16912.0,16775.0,16887.0,7127.0,120184393.0,0.0
MHImain,HKFE,2024-04-09 00:00:00,16887.0,16892.0,16821.0,16821.0,2111.0,35579292.0,0.0
MHImain,HKFE,2024-04-09 08:00:00,16850.0,17064.0,16831.0,16918.0,44011.0,745271455.0,0.0
MHImain,HKFE,2024-04-09 12:00:00,16918.0,16934.0,16850.0,16896.0,16047.0,271089888.0,0.0
MHImain,HKFE,2024-04-09 16:00:00,16895.0,16901.0,16841.0,16893.0,6554.0,110612199.0,0.0
MHImain,HKFE,2024-04-09 20:00:00,16893.0,16988.0,16877.0,16910.0,8725.0,147778722.0,0.0
MHImain,HKFE,2024-04-10 00:00:00,16908.0,16952.0,16904.0,16948.0,1999.0,33844883.0,0.0
MHImain,HKFE,2024-04-10 08:00:00,16998.0,17208.0,16938.0,17198.0,47058.0,803182322.0,0.0
MHImain,HKFE,2024-04-10 12:00:00,17197.0,17241.0,17087.0,17169.0,32274.0,554115584.0,0.0
MHImain,HKFE,2024-04-10 16:00:00,17168.0,17198.0,17144.0,17170.0,8552.0,146881688.0,0.0
MHImain,HKFE,2024-04-10 20:00:00,17170.0,17170.0,16888.0,16896.0,19529.0,331527052.0,0.0
MHImain,HKFE,2024-04-11 00:00:00,16896.0,16918.0,16871.0,16881.0,4101.0,69274673.0,0.0
MHImain,HKFE,2024-04-11 08:00:00,16915.0,17025.0,16798.0,16994.0,41836.0,708946204.0,0.0
MHImain,HKFE,2024-04-11 12:00:00,16995.0,17175.0,16978.0,17130.0,29279.0,500558218.0,0.0
MHImain,HKFE,2024-04-11 16:00:00,17131.0,17156.0,17066.0,17081.0,8381.0,143453050.0,0.0
MHImain,HKFE,2024-04-11 20:00:00,17081.0,17112.0,16924.0,16932.0,14747.0,250994514.0,0.0
MHImain,HKFE,2024-04-12 00:00:00,16932.0,17022.0,16921.0,17005.0,4683.0,79427883.0,0.0
MHImain,HKFE,2024-04-12 08:00:00,16988.0,17045.0,16790.0,16833.0,41276.0,697514934.0,0.0
MHImain,HKFE,2024-04-12 12:00:00,16830.0,16870.0,16738.0,16777.0,22765.0,382515045.0,0.0
MHImain,HKFE,2024-04-12 16:00:00,16778.0,16811.0,16688.0,16716.0,13329.0,223303113.0,0.0
MHImain,HKFE,2024-04-12 20:00:00,16715.0,16748.0,16504.0,16506.0,13534.0,224845950.0,0.0
MHImain,HKFE,2024-04-13 00:00:00,16506.0,16567.0,16470.0,16479.0,6556.0,108274604.0,0.0
MHImain,HKFE,2024-04-15 08:00:00,16470.0,16652.0,16367.0,16639.0,40974.0,678387725.0,0.0
MHImain,HKFE,2024-04-15 12:00:00,16638.0,16668.0,16578.0,16606.0,18862.0,313482540.0,0.0
MHImain,HKFE,2024-04-15 16:00:00,16607.0,16647.0,16570.0,16596.0,6764.0,112377453.0,0.0
MHImain,HKFE,2024-04-15 20:00:00,16597.0,16656.0,16487.0,16516.0,11038.0,182776648.0,0.0
MHImain,HKFE,2024-04-16 00:00:00,16515.0,16545.0,16414.0,16432.0,5037.0,82978674.0,0.0
MHImain,HKFE,2024-04-16 08:00:00,16372.0,16459.0,16290.0,16300.0,40163.0,657665233.0,0.0
MHImain,HKFE,2024-04-16 12:00:00,16302.0,16364.0,16214.0,16254.0,25351.0,413075852.0,0.0
MHImain,HKFE,2024-04-16 16:00:00,16255.0,16302.0,16232.0,16298.0,9952.0,161866053.0,0.0
MHImain,HKFE,2024-04-16 20:00:00,16299.0,16322.0,16161.0,16217.0,10833.0,175796370.0,0.0
MHImain,HKFE,2024-04-17 00:00:00,16217.0,16295.0,16204.0,16265.0,4124.0,66978223.0,0.0
MHImain,HKFE,2024-04-17 08:00:00,16243.0,16319.0,16169.0,16259.0,39454.0,641048665.0,0.0
MHImain,HKFE,2024-04-17 12:00:00,16257.0,16266.0,16160.0,16206.0,19532.0,316489912.0,0.0
MHImain,HKFE,2024-04-17 16:00:00,16206.0,16298.0,16197.0,16279.0,9614.0,156282460.0,0.0
MHImain,HKFE,2024-04-17 20:00:00,16276.0,16297.0,16188.0,16208.0,7300.0,118556269.0,0.0
MHImain,HKFE,2024-04-18 00:00:00,16212.0,16255.0,16167.0,16221.0,3797.0,61530513.0,0.0
MHImain,HKFE,2024-04-18 08:00:00,16198.0,16518.0,16195.0,16480.0,44115.0,721419239.0,0.0
MHImain,HKFE,2024-04-18 12:00:00,16481.0,16493.0,16372.0,16405.0,25077.0,412062374.0,0.0
MHImain,HKFE,2024-04-18 16:00:00,16406.0,16428.0,16343.0,16361.0,8657.0,141887653.0,0.0
MHImain,HKFE,2024-04-18 20:00:00,16364.0,16449.0,16322.0,16442.0,8947.0,146526275.0,0.0
MHImain,HKFE,2024-04-19 00:00:00,16442.0,16444.0,16345.0,16363.0,3258.0,53397112.0,0.0
MHImain,HKFE,2024-04-19 08:00:00,16243.0,16267.0,16036.0,16100.0,51023.0,823905830.0,0.0
MHImain,HKFE,2024-04-19 12:00:00,16102.0,16250.0,16062.0,16219.0,26363.0,426428955.0,0.0
MHImain,HKFE,2024-04-19 16:00:00,16219.0,16274.0,16211.0,16229.0,8666.0,140704002.0,0.0
MHImain,HKFE,2024-04-19 20:00:00,16229.0,16380.0,16229.0,16370.0,7920.0,129286908.0,0.0
MHImain,HKFE,2024-04-20 00:00:00,16370.0,16378.0,16288.0,16339.0,3746.0,61173449.0,0.0
MHImain,HKFE,2024-04-22 08:00:00,16353.0,16655.0,16342.0,16531.0,42680.0,706370587.0,0.0
MHImain,HKFE,2024-04-22 12:00:00,16535.0,16589.0,16467.0,16568.0,20453.0,338170348.0,0.0
MHImain,HKFE,2024-04-22 16:00:00,16569.0,16573.0,16509.0,16539.0,7868.0,130090059.0,0.0
MHImain,HKFE,2024-04-22 20:00:00,16540.0,16597.0,16463.0,16574.0,8206.0,135662166.0,0.0
MHImain,HKFE,2024-04-23 00:00:00,16573.0,16692.0,16561.0,16684.0,4427.0,73649784.0,0.0
MHImain,HKFE,2024-04-23 08:00:00,16690.0,16803.0,16611.0,16745.0,48005.0,802071789.0,0.0
MHImain,HKFE,2024-04-23 12:00:00,16743.0,16863.0,16741.0,16816.0,22745.0,382215259.0,0.0
MHImain,HKFE,2024-04-23 16:00:00,16815.0,16880.0,16806.0,16855.0,9215.0,155270596.0,0.0
MHImain,HKFE,2024-04-23 20:00:00,16852.0,16899.0,16796.0,16878.0,9620.0,162123647.0,0.0
MHImain,HKFE,2024-04-24 00:00:00,16879.0,16934.0,16864.0,16920.0,3157.0,53368876.0,0.0
MHImain,HKFE,2024-04-24 08:00:00,16962.0,17168.0,16944.0,17130.0,43679.0,744556474.0,0.0
MHImain,HKFE,2024-04-24 12:00:00,17130.0,17242.0,17095.0,17227.0,21114.0,362709130.0,0.0
MHImain,HKFE,2024-04-24 16:00:00,17228.0,17255.0,17162.0,17221.0,11333.0,195061844.0,0.0
MHImain,HKFE,2024-04-24 20:00:00,17221.0,17241.0,17131.0,17131.0,7651.0,131445338.0,0.0
MHImain,HKFE,2024-04-25 00:00:00,17131.0,17192.0,17119.0,17184.0,3224.0,55275127.0,0.0
MHImain,HKFE,2024-04-25 08:00:00,17139.0,17470.0,17097.0,17383.0,45978.0,794615589.0,0.0
MHImain,HKFE,2024-04-25 12:00:00,17383.0,17396.0,17215.0,17313.0,25783.0,445782883.0,0.0
MHImain,HKFE,2024-04-25 16:00:00,17313.0,17362.0,17268.0,17322.0,8882.0,153718956.0,0.0
MHImain,HKFE,2024-04-25 20:00:00,17323.0,17375.0,17145.0,17252.0,12553.0,216219975.0,0.0
MHImain,HKFE,2024-04-26 00:00:00,17251.0,17343.0,17239.0,17323.0,2998.0,51843562.0,0.0
MHImain,HKFE,2024-04-26 08:00:00,17350.0,17648.0,17321.0,17644.0,42216.0,739290126.0,0.0
MHImain,HKFE,2024-04-26 12:00:00,17643.0,17784.0,17595.0,17697.0,25778.0,456094710.0,0.0
MHImain,HKFE,2024-04-26 16:00:00,17696.0,17700.0,17568.0,17616.0,10425.0,184118075.0,0.0
MHImain,HKFE,2024-04-26 20:00:00,17615.0,17653.0,17523.0,17537.0,5372.0,94486935.0,0.0
MHImain,HKFE,2024-04-27 00:00:00,17537.0,17563.0,17508.0,17556.0,1699.0,29782908.0,0.0
MHImain,HKFE,2024-04-29 08:00:00,17630.0,17993.0,17608.0,17961.0,40166.0,714079448.0,0.0
MHImain,HKFE,2024-04-29 12:00:00,17961.0,17983.0,17706.0,17715.0,26152.0,465638320.0,0.0
MHImain,HKFE,2024-04-29 16:00:00,17713.0,17735.0,17660.0,17703.0,10150.0,179536550.0,0.0
MHImain,HKFE,2024-04-29 20:00:00,17704.0,17710.0,17595.0,17673.0,8287.0,146206656.0,0.0
MHImain,HKFE,2024-04-30 00:00:00,17673.0,17712.0,17666.0,17690.0,2436.0,43097986.0,0.0
MHImain,HKFE,2024-04-30 08:00:00,17729.0,17846.0,17693.0,17727.0,42921.0,762507478.0,0.0
MHImain,HKFE,2024-04-30 12:00:00,17728.0,17747.0,17634.0,17690.0,20568.0,363961583.0,0.0
MHImain,HKFE,2024-04-30 16:00:00,17692.0,17759.0,17679.0,17715.0,11324.0,200667566.0,0.0
MHImain,HKFE,2024-04-30 20:00:00,17715.0,17718.0,17586.0,17590.0,9810.0,172984348.0,0.0
MHImain,HKFE,2024-05-01 00:00:00,17591.0,17603.0,17521.0,17529.0,5293.0,92924935.0,0.0
MHImain,HKFE,2024-05-02 08:00:00,17656.0,18137.0,17655.0,18110.0,49833.0,890915334.0,0.0
MHImain,HKFE,2024-05-02 12:00:00,18108.0,18166.0,18015.0,18118.0,24089.0,436209443.0,0.0
MHImain,HKFE,2024-05-02 16:00:00,18116.0,18219.0,18111.0,18158.0,10620.0,192799208.0,0.0
MHImain,HKFE,2024-05-02 20:00:00,18159.0,18307.0,18114.0,18274.0,12927.0,235292452.0,0.0
MHImain,HKFE,2024-05-03 00:00:00,18274.0,18580.0,18270.0,18510.0,11737.0,216239620.0,0.0
MHImain,HKFE,2024-05-03 08:00:00,18519.0,18580.0,18302.0,18328.0,44899.0,827267363.0,0.0
MHImain,HKFE,2024-05-03 12:00:00,18332.0,18478.0,18314.0,18458.0,15675.0,288398697.0,0.0
MHImain,HKFE,2024-05-03 16:00:00,18459.0,18470.0,18390.0,18430.0,9044.0,166580236.0,0.0
MHImain,HKFE,2024-05-03 20:00:00,18427.0,18695.0,18413.0,18435.0,18904.0,350166694.0,0.0
MHImain,HKFE,2024-05-04 00:00:00,18435.0,18533.0,18429.0,18532.0,3363.0,62114560.0,0.0
MHImain,HKFE,2024-05-06 08:00:00,18492.0,18538.0,18334.0,18398.0,38192.0,703320194.0,0.0
MHImain,HKFE,2024-05-06 12:00:00,18397.0,18530.0,18373.0,18508.0,20005.0,368941286.0,0.0
MHImain,HKFE,2024-05-06 16:00:00,18509.0,18607.0,18467.0,18582.0,10341.0,191573247.0,0.0
MHImain,HKFE,2024-05-06 20:00:00,18581.0,18638.0,18490.0,18513.0,10830.0,201088066.0,0.0
MHImain,HKFE,2024-05-07 00:00:00,18513.0,18573.0,18491.0,18539.0,3104.0,57530862.0,0.0
MHImain,HKFE,2024-05-07 08:00:00,18524.0,18580.0,18369.0,18379.0,38280.0,707000618.0,0.0
MHImain,HKFE,2024-05-07 12:00:00,18381.0,18455.0,18349.0,18425.0,17592.0,323692415.0,0.0
MHImain,HKFE,2024-05-07 16:00:00,18427.0,18439.0,18368.0,18387.0,7155.0,131720415.0,0.0
MHImain,HKFE,2024-05-07 20:00:00,18389.0,18464.0,18387.0,18462.0,6538.0,120446898.0,0.0
MHImain,HKFE,2024-05-08 00:00:00,18461.0,18462.0,18396.0,18412.0,2459.0,45330647.0,0.0
MHImain,HKFE,2024-05-08 08:00:00,18412.0,18554.0,18370.0,18459.0,38560.0,712361501.0,0.0
MHImain,HKFE,2024-05-08 12:00:00,18459.0,18475.0,18238.0,18266.0,25362.0,464913805.0,0.0
MHImain,HKFE,2024-05-08 16:00:00,18267.0,18294.0,18181.0,18191.0,9019.0,164541220.0,0.0
MHImain,HKFE,2024-05-08 20:00:00,18187.0,18295.0,18150.0,18229.0,9159.0,166876025.0,0.0
MHImain,HKFE,2024-05-09 00:00:00,18230.0,18290.0,18224.0,18289.0,2151.0,39279453.0,0.0
MHImain,HKFE,2024-05-09 08:00:00,18318.0,18485.0,18263.0,18475.0,40212.0,739410229.0,0.0
MHImain,HKFE,2024-05-09 12:00:00,18480.0,18558.0,18471.0,18504.0,22262.0,412059067.0,0.0
MHImain,HKFE,2024-05-09 16:00:00,18504.0,18677.0,18484.0,18597.0,12533.0,232491168.0,0.0
MHImain,HKFE,2024-05-09 20:00:00,18597.0,18665.0,18560.0,18642.0,10029.0,186685017.0,0.0
MHImain,HKFE,2024-05-10 00:00:00,18643.0,18675.0,18626.0,18642.0,3131.0,58397146.0,0.0
MHImain,HKFE,2024-05-10 08:00:00,18700.0,18843.0,18606.0,18818.0,48720.0,912568719.0,0.0
MHImain,HKFE,2024-05-10 12:00:00,18820.0,18988.0,18773.0,18933.0,29240.0,552732384.0,0.0
MHImain,HKFE,2024-05-10 16:00:00,18933.0,19069.0,18933.0,19048.0,13542.0,257116114.0,0.0
MHImain,HKFE,2024-05-10 20:00:00,19050.0,19058.0,18931.0,18942.0,8538.0,162143882.0,0.0
MHImain,HKFE,2024-05-11 00:00:00,18942.0,18958.0,18900.0,18946.0,3600.0,68120818.0,0.0
MHImain,HKFE,2024-05-13 08:00:00,18879.0,19080.0,18790.0,19003.0,44329.0,838427942.0,0.0
MHImain,HKFE,2024-05-13 12:00:00,19004.0,19107.0,18996.0,19060.0,21647.0,412424266.0,0.0
MHImain,HKFE,2024-05-13 16:00:00,19061.0,19129.0,19048.0,19089.0,9993.0,190729253.0,0.0
MHImain,HKFE,2024-05-13 20:00:00,19088.0,19280.0,19088.0,19252.0,12618.0,242370178.0,0.0
MHImain,HKFE,2024-05-14 00:00:00,19250.0,19267.0,19195.0,19201.0,3257.0,62620063.0,0.0
MHImain,HKFE,2024-05-14 08:00:00,19191.0,19295.0,19062.0,19126.0,40882.0,783222442.0,0.0
MHImain,HKFE,2024-05-14 12:00:00,19124.0,19131.0,19058.0,19097.0,13475.0,257309422.0,0.0
MHImain,HKFE,2024-05-14 16:00:00,19097.0,19176.0,19008.0,19030.0,14841.0,283286279.0,0.0
MHImain,HKFE,2024-05-14 20:00:00,19030.0,19119.0,18945.0,19097.0,12973.0,247176584.0,0.0
MHImain,HKFE,2024-05-15 00:00:00,19099.0,19123.0,19047.0,19047.0,3021.0,57667583.0,0.0
MHImain,HKFE,2024-05-16 08:00:00,19277.0,19345.0,19093.0,19273.0,46639.0,895933218.0,0.0
MHImain,HKFE,2024-05-16 12:00:00,19276.0,19432.0,19255.0,19341.0,25972.0,503039458.0,0.0
MHImain,HKFE,2024-05-16 16:00:00,19344.0,19454.0,19287.0,19434.0,13297.0,257461690.0,0.0
MHImain,HKFE,2024-05-16 20:00:00,19435.0,19584.0,19333.0,19535.0,16624.0,323636225.0,0.0
MHImain,HKFE,2024-05-17 00:00:00,19536.0,19571.0,19497.0,19550.0,4578.0,89424783.0,0.0
MHImain,HKFE,2024-05-17 08:00:00,19538.0,19587.0,19338.0,19374.0,40431.0,787288128.0,0.0
MHImain,HKFE,2024-05-17 12:00:00,19375.0,19546.0,19373.0,19515.0,23614.0,459516488.0,0.0
MHImain,HKFE,2024-05-17 16:00:00,19511.0,19606.0,19503.0,19532.0,14489.0,283327138.0,0.0
MHImain,HKFE,2024-05-17 20:00:00,19532.0,19766.0,19518.0,19744.0,14005.0,275215177.0,0.0
MHImain,HKFE,2024-05-18 00:00:00,19744.0,19771.0,19681.0,19702.0,5971.0,117748994.0,0.0
MHImain,HKFE,2024-05-20 08:00:00,19698.0,19700.0,19570.0,19637.0,39618.0,777708590.0,0.0
MHImain,HKFE,2024-05-20 12:00:00,19636.0,19710.0,19595.0,19630.0,17906.0,351981766.0,0.0
MHImain,HKFE,2024-05-20 16:00:00,19631.0,19651.0,19580.0,19587.0,9196.0,180372472.0,0.0
MHImain,HKFE,2024-05-20 20:00:00,19588.0,19592.0,19472.0,19502.0,13725.0,268127469.0,0.0
MHImain,HKFE,2024-05-21 00:00:00,19504.0,19539.0,19477.0,19504.0,3438.0,67053036.0,0.0
MHImain,HKFE,2024-05-21 08:00:00,19500.0,19511.0,19185.0,19218.0,42896.0,829801581.0,0.0
MHImain,HKFE,2024-05-21 12:00:00,19218.0,19303.0,19169.0,19209.0,18011.0,346439232.0,0.0
MHImain,HKFE,2024-05-21 16:00:00,19210.0,19273.0,19170.0,19221.0,11190.0,215096664.0,0.0
MHImain,HKFE,2024-05-21 20:00:00,19220.0,19278.0,19130.0,19225.0,11586.0,222679132.0,0.0
MHImain,HKFE,2024-05-22 00:00:00,19230.0,19239.0,19143.0,19215.0,3463.0,66479862.0,0.0
MHImain,HKFE,2024-05-22 08:00:00,19230.0,19353.0,19143.0,19288.0,40574.0,781227609.0,0.0
MHImain,HKFE,2024-05-22 12:00:00,19287.0,19298.0,19182.0,19184.0,17617.0,339039383.0,0.0
MHImain,HKFE,2024-05-22 16:00:00,19185.0,19202.0,19138.0,19185.0,8545.0,163882363.0,0.0
MHImain,HKFE,2024-05-22 20:00:00,19183.0,19194.0,19041.0,19067.0,10924.0,208866938.0,0.0
MHImain,HKFE,2024-05-23 00:00:00,19064.0,19085.0,19012.0,19026.0,3271.0,62324973.0,0.0
MHImain,HKFE,2024-05-23 08:00:00,19070.0,19097.0,18765.0,18934.0,49017.0,926529750.0,0.0
MHImain,HKFE,2024-05-23 12:00:00,18933.0,18959.0,18825.0,18904.0,18940.0,357694016.0,0.0
MHImain,HKFE,2024-05-23 16:00:00,18904.0,18927.0,18813.0,18907.0,11582.0,218559704.0,0.0
MHImain,HKFE,2024-05-23 20:00:00,18906.0,18955.0,18705.0,18733.0,14851.0,279813079.0,0.0
MHImain,HKFE,2024-05-24 00:00:00,18736.0,18768.0,18619.0,18635.0,5398.0,100922506.0,0.0
MHImain,HKFE,2024-05-24 08:00:00,18650.0,18848.0,18547.0,18660.0,50772.0,949057562.0,0.0
MHImain,HKFE,2024-05-24 12:00:00,18661.0,18677.0,18511.0,18547.0,21566.0,400745435.0,0.0
MHImain,HKFE,2024-05-24 16:00:00,18547.0,18650.0,18507.0,18630.0,10568.0,196290508.0,0.0
MHImain,HKFE,2024-05-24 20:00:00,18631.0,18685.0,18575.0,18595.0,9837.0,183228689.0,0.0
MHImain,HKFE,2024-05-25 00:00:00,18592.0,18716.0,18569.0,18672.0,6582.0,122811278.0,0.0
MHImain,HKFE,2024-05-27 08:00:00,18615.0,18709.0,18488.0,18684.0,42132.0,784296956.0,0.0
MHImain,HKFE,2024-05-27 12:00:00,18683.0,18844.0,18626.0,18803.0,26589.0,498103207.0,0.0
MHImain,HKFE,2024-05-27 16:00:00,18803.0,18836.0,18778.0,18810.0,7019.0,131986688.0,0.0
MHImain,HKFE,2024-05-28 08:00:00,18815.0,18976.0,18735.0,18884.0,41688.0,786380534.0,0.0
MHImain,HKFE,2024-05-28 12:00:00,18885.0,18936.0,18745.0,18790.0,21886.0,412053494.0,0.0
MHImain,HKFE,2024-05-28 16:00:00,18792.0,18833.0,18699.0,18749.0,9043.0,169839948.0,0.0
MHImain,HKFE,2024-05-28 20:00:00,18749.0,18813.0,18665.0,18706.0,8929.0,167296287.0,0.0
MHImain,HKFE,2024-05-29 00:00:00,18704.0,18746.0,18671.0,18695.0,2430.0,45459500.0,0.0
MHImain,HKFE,2024-05-29 08:00:00,18628.0,18683.0,18507.0,18517.0,34423.0,639992687.0,0.0
MHImain,HKFE,2024-05-29 12:00:00,18517.0,18563.0,18429.0,18510.0,18334.0,339226807.0,0.0
MHImain,HKFE,2024-05-29 16:00:00,18510.0,18530.0,18361.0,18368.0,8660.0,159999637.0,0.0
MHImain,HKFE,2024-05-29 20:00:00,18370.0,18402.0,18325.0,18327.0,6022.0,110582766.0,0.0
MHImain,HKFE,2024-05-30 00:00:00,18326.0,18418.0,18326.0,18360.0,3177.0,58374605.0,0.0
MHImain,HKFE,2024-05-30 08:00:00,18305.0,18457.0,18178.0,18222.0,40287.0,737956687.0,0.0
MHImain,HKFE,2024-05-30 12:00:00,18222.0,18250.0,18093.0,18120.0,22786.0,413620017.0,0.0
MHImain,HKFE,2024-05-30 16:00:00,18120.0,18190.0,18120.0,18171.0,9817.0,178204812.0,0.0
MHImain,HKFE,2024-05-30 20:00:00,18173.0,18336.0,18166.0,18326.0,12309.0,224812568.0,0.0
MHImain,HKFE,2024-05-31 00:00:00,18326.0,18411.0,18324.0,18361.0,4661.0,85610924.0,0.0
MHImain,HKFE,2024-05-31 08:00:00,18351.0,18467.0,18303.0,18333.0,42301.0,777611505.0,0.0
MHImain,HKFE,2024-05-31 12:00:00,18334.0,18347.0,18124.0,18156.0,27595.0,503487568.0,0.0
MHImain,HKFE,2024-05-31 16:00:00,18155.0,18176.0,17949.0,18062.0,21184.0,382044946.0,0.0
MHImain,HKFE,2024-05-31 20:00:00,18061.0,18134.0,18012.0,18032.0,13604.0,245919846.0,0.0
MHImain,HKFE,2024-06-01 00:00:00,18035.0,18108.0,17992.0,18081.0,4437.0,80050753.0,0.0
MHImain,HKFE,2024-06-03 08:00:00,18248.0,18488.0,18181.0,18466.0,38731.0,711547850.0,0.0
MHImain,HKFE,2024-06-03 12:00:00,18467.0,18485.0,18334.0,18347.0,25300.0,465396204.0,0.0
MHImain,HKFE,2024-06-03 16:00:00,18347.0,18360.0,18282.0,18322.0,10508.0,192441479.0,0.0
MHImain,HKFE,2024-06-03 20:00:00,18323.0,18369.0,18156.0,18175.0,11358.0,207434832.0,0.0
MHImain,HKFE,2024-06-04 00:00:00,18174.0,18206.0,18121.0,18194.0,4719.0,85715618.0,0.0
MHImain,HKFE,2024-06-04 08:00:00,18218.0,18440.0,18173.0,18367.0,41498.0,760748796.0,0.0
MHImain,HKFE,2024-06-04 12:00:00,18366.0,18437.0,18306.0,18405.0,19653.0,361054703.0,0.0
MHImain,HKFE,2024-06-04 16:00:00,18405.0,18408.0,18220.0,18309.0,13573.0,248651141.0,0.0
MHImain,HKFE,2024-06-04 20:00:00,18308.0,18421.0,18303.0,18310.0,12008.0,220515723.0,0.0
MHImain,HKFE,2024-06-05 00:00:00,18310.0,18363.0,18251.0,18353.0,5173.0,94643458.0,0.0
MHImain,HKFE,2024-06-05 08:00:00,18360.0,18635.0,18354.0,18480.0,49641.0,919347018.0,0.0
MHImain,HKFE,2024-06-05 12:00:00,18480.0,18481.0,18312.0,18316.0,22514.0,414131263.0,0.0
MHImain,HKFE,2024-06-05 16:00:00,18316.0,18354.0,18272.0,18336.0,10214.0,187128507.0,0.0
MHImain,HKFE,2024-06-05 20:00:00,18338.0,18407.0,18298.0,18365.0,10145.0,186189154.0,0.0
MHImain,HKFE,2024-06-06 00:00:00,18364.0,18414.0,18355.0,18410.0,3279.0,60280679.0,0.0
MHImain,HKFE,2024-06-06 08:00:00,18425.0,18626.0,18400.0,18484.0,51305.0,949303890.0,0.0
MHImain,HKFE,2024-06-06 12:00:00,18484.0,18486.0,18302.0,18368.0,21664.0,398136669.0,0.0
MHImain,HKFE,2024-06-06 16:00:00,18369.0,18488.0,18359.0,18465.0,9181.0,168985336.0,0.0
MHImain,HKFE,2024-06-06 20:00:00,18465.0,18489.0,18374.0,18437.0,8938.0,164791563.0,0.0
MHImain,HKFE,2024-06-07 00:00:00,18435.0,18507.0,18434.0,18499.0,4735.0,87496778.0,0.0
MHImain,HKFE,2024-06-07 08:00:00,18530.0,18564.0,18285.0,18299.0,46356.0,853526026.0,0.0
MHImain,HKFE,2024-06-07 12:00:00,18299.0,18357.0,18222.0,18298.0,23260.0,425454360.0,0.0
MHImain,HKFE,2024-06-07 16:00:00,18298.0,18315.0,18230.0,18268.0,9336.0,170622908.0,0.0
MHImain,HKFE,2024-06-07 20:00:00,18267.0,18334.0,18129.0,18194.0,13874.0,252619730.0,0.0
MHImain,HKFE,2024-06-08 00:00:00,18194.0,18196.0,18067.0,18083.0,5018.0,90928470.0,0.0
MHImain,HKFE,2024-06-11 08:00:00,18080.0,18136.0,17922.0,17976.0,42142.0,759532573.0,0.0
MHImain,HKFE,2024-06-11 12:00:00,17977.0,18215.0,17964.0,18123.0,25008.0,452420941.0,0.0
MHImain,HKFE,2024-06-11 16:00:00,18123.0,18152.0,18034.0,18040.0,9941.0,179961177.0,0.0
MHImain,HKFE,2024-06-11 20:00:00,18038.0,18121.0,17998.0,18017.0,8187.0,147745182.0,0.0
MHImain,HKFE,2024-06-12 00:00:00,18017.0,18029.0,17942.0,18024.0,3986.0,71681743.0,0.0
MHImain,HKFE,2024-06-12 08:00:00,18000.0,18022.0,17808.0,17900.0,42664.0,764094055.0,0.0
MHImain,HKFE,2024-06-12 12:00:00,17901.0,17966.0,17865.0,17920.0,17420.0,312177559.0,0.0
MHImain,HKFE,2024-06-12 16:00:00,17920.0,17937.0,17877.0,17892.0,8574.0,153555386.0,0.0
MHImain,HKFE,2024-06-12 20:00:00,17891.0,18108.0,17880.0,18074.0,14407.0,260030364.0,0.0
MHImain,HKFE,2024-06-13 00:00:00,18073.0,18138.0,18012.0,18052.0,5349.0,96766828.0,0.0
MHImain,HKFE,2024-06-13 08:00:00,18070.0,18167.0,17960.0,17979.0,40540.0,732031218.0,0.0
MHImain,HKFE,2024-06-13 12:00:00,17980.0,18049.0,17946.0,18043.0,14551.0,261886950.0,0.0
MHImain,HKFE,2024-06-13 16:00:00,18043.0,18116.0,18035.0,18055.0,10546.0,190672081.0,0.0
MHImain,HKFE,2024-06-13 20:00:00,18054.0,18174.0,17955.0,17962.0,12470.0,225250030.0,0.0
MHImain,HKFE,2024-06-14 00:00:00,17963.0,17987.0,17906.0,17957.0,4509.0,80902575.0,0.0
MHImain,HKFE,2024-06-14 08:00:00,17988.0,18093.0,17898.0,18037.0,41684.0,749912040.0,0.0
MHImain,HKFE,2024-06-14 12:00:00,18037.0,18064.0,17924.0,17997.0,23128.0,416137336.0,0.0
MHImain,HKFE,2024-06-14 16:00:00,17996.0,18018.0,17795.0,17808.0,15600.0,279268020.0,0.0
MHImain,HKFE,2024-06-14 20:00:00,17809.0,17848.0,17753.0,17819.0,9393.0,167223025.0,0.0
MHImain,HKFE,2024-06-15 00:00:00,17819.0,17833.0,17765.0,17796.0,3360.0,59805774.0,0.0
MHImain,HKFE,2024-06-17 08:00:00,17789.0,18120.0,17694.0,17990.0,52555.0,942309284.0,0.0
MHImain,HKFE,2024-06-17 12:00:00,17990.0,18033.0,17912.0,17937.0,19737.0,354516562.0,0.0
MHImain,HKFE,2024-06-17 16:00:00,17937.0,17953.0,17897.0,17931.0,6566.0,117734415.0,0.0
MHImain,HKFE,2024-06-17 20:00:00,17934.0,17948.0,17876.0,17924.0,6393.0,114481638.0,0.0
MHImain,HKFE,2024-06-18 00:00:00,17924.0,18030.0,17917.0,18022.0,4026.0,72334831.0,0.0
MHImain,HKFE,2024-06-18 08:00:00,18007.0,18041.0,17868.0,17954.0,39016.0,700950307.0,0.0
MHImain,HKFE,2024-06-18 12:00:00,17955.0,17965.0,17841.0,17904.0,18966.0,339306657.0,0.0
MHImain,HKFE,2024-06-18 16:00:00,17905.0,17954.0,17889.0,17906.0,8203.0,147002065.0,0.0
MHImain,HKFE,2024-06-18 20:00:00,17906.0,18065.0,17894.0,18012.0,10363.0,186474064.0,0.0
MHImain,HKFE,2024-06-19 00:00:00,18013.0,18073.0,18002.0,18035.0,3184.0,57428475.0,0.0
MHImain,HKFE,2024-06-19 08:00:00,18049.0,18328.0,18030.0,18282.0,45441.0,826544987.0,0.0
MHImain,HKFE,2024-06-19 12:00:00,18282.0,18430.0,18240.0,18414.0,23515.0,431311152.0,0.0
MHImain,HKFE,2024-06-19 16:00:00,18414.0,18459.0,18391.0,18412.0,10585.0,195059166.0,0.0
MHImain,HKFE,2024-06-19 20:00:00,18414.0,18434.0,18396.0,18423.0,2706.0,49833292.0,0.0
MHImain,HKFE,2024-06-20 00:00:00,18422.0,18422.0,18384.0,18393.0,1523.0,28032822.0,0.0
MHImain,HKFE,2024-06-20 08:00:00,18408.0,18513.0,18324.0,18338.0,42574.0,784057818.0,0.0
MHImain,HKFE,2024-06-20 12:00:00,18339.0,18366.0,18284.0,18305.0,17953.0,328949409.0,0.0
MHImain,HKFE,2024-06-20 16:00:00,18306.0,18336.0,18261.0,18308.0,8768.0,160446546.0,0.0
MHImain,HKFE,2024-06-20 20:00:00,18307.0,18312.0,18172.0,18194.0,8509.0,155128577.0,0.0
MHImain,HKFE,2024-06-21 00:00:00,18194.0,18206.0,18144.0,18205.0,3977.0,72277046.0,0.0
MHImain,HKFE,2024-06-21 08:00:00,18170.0,18205.0,17984.0,18006.0,38637.0,699049284.0,0.0
MHImain,HKFE,2024-06-21 12:00:00,18007.0,18091.0,17955.0,18040.0,19260.0,347165905.0,0.0
MHImain,HKFE,2024-06-21 16:00:00,18039.0,18063.0,17977.0,18020.0,9616.0,173313597.0,0.0
MHImain,HKFE,2024-06-21 20:00:00,18022.0,18058.0,17967.0,17968.0,5579.0,100532337.0,0.0
MHImain,HKFE,2024-06-22 00:00:00,17968.0,18012.0,17951.0,17987.0,3119.0,56071061.0,0.0
MHImain,HKFE,2024-06-24 08:00:00,17949.0,17967.0,17786.0,17808.0,34642.0,618757088.0,0.0
MHImain,HKFE,2024-06-24 12:00:00,17808.0,17913.0,17777.0,17865.0,15435.0,275737567.0,0.0
MHImain,HKFE,2024-06-24 16:00:00,17865.0,18074.0,17859.0,18062.0,13969.0,251302499.0,0.0
MHImain,HKFE,2024-06-24 20:00:00,18063.0,18263.0,18044.0,18214.0,9702.0,176337259.0,0.0
MHImain,HKFE,2024-06-25 00:00:00,18214.0,18217.0,18114.0,18156.0,3496.0,63493960.0,0.0
MHImain,HKFE,2024-06-25 08:00:00,18166.0,18236.0,18050.0,18112.0,35512.0,644064547.0,0.0
MHImain,HKFE,2024-06-25 12:00:00,18112.0,18163.0,17952.0,18003.0,20388.0,368336634.0,0.0
MHImain,HKFE,2024-06-25 16:00:00,18005.0,18092.0,17985.0,18044.0,7539.0,136033009.0,0.0
MHImain,HKFE,2024-06-25 20:00:00,18045.0,18049.0,17922.0,17940.0,6290.0,113053832.0,0.0
MHImain,HKFE,2024-06-26 00:00:00,17940.0,17960.0,17910.0,17952.0,2277.0,40837204.0,0.0
MHImain,HKFE,2024-06-26 08:00:00,17905.0,18113.0,17888.0,18028.0,31198.0,562219762.0,0.0
MHImain,HKFE,2024-06-26 12:00:00,18026.0,18153.0,17998.0,18077.0,17287.0,312707826.0,0.0
MHImain,HKFE,2024-06-26 16:00:00,18076.0,18091.0,17872.0,17878.0,7952.0,143386558.0,0.0
MHImain,HKFE,2024-06-26 20:00:00,17880.0,17910.0,17796.0,17813.0,3784.0,67506310.0,0.0
MHImain,HKFE,2024-06-27 00:00:00,17814.0,17862.0,17813.0,17845.0,1486.0,26502949.0,0.0
MHImain,HKFE,2024-06-27 08:00:00,17849.0,17849.0,17594.0,17617.0,28861.0,510818057.0,0.0
MHImain,HKFE,2024-06-27 12:00:00,17618.0,17646.0,17560.0,17587.0,17518.0,308395158.0,0.0
MHImain,HKFE,2024-06-27 16:00:00,17589.0,17653.0,17575.0,17646.0,8338.0,146805670.0,0.0
MHImain,HKFE,2024-06-27 20:00:00,17647.0,17666.0,17522.0,17528.0,9359.0,164689709.0,0.0
MHImain,HKFE,2024-06-28 00:00:00,17531.0,17565.0,17487.0,17532.0,3021.0,52952243.0,0.0
MHImain,HKFE,2024-06-28 08:00:00,17489.0,17764.0,17425.0,17639.0,40140.0,707419217.0,0.0
MHImain,HKFE,2024-06-28 12:00:00,17641.0,17731.0,17613.0,17657.0,16523.0,291929492.0,0.0
MHImain,HKFE,2024-06-28 16:00:00,17657.0,17701.0,17585.0,17679.0,9600.0,169393277.0,0.0
MHImain,HKFE,2024-06-28 20:00:00,17679.0,17698.0,17548.0,17591.0,9982.0,175820699.0,0.0
MHImain,HKFE,2024-06-29 00:00:00,17589.0,17641.0,17541.0,17550.0,3907.0,68695659.0,0.0
MHImain,HKFE,2024-07-02 08:00:00,17593.0,17890.0,17483.0,17685.0,42595.0,755844142.0,0.0
MHImain,HKFE,2024-07-02 12:00:00,17683.0,17735.0,17613.0,17664.0,17098.0,302253821.0,0.0
MHImain,HKFE,2024-07-02 16:00:00,17661.0,17712.0,17629.0,17669.0,7866.0,138974164.0,0.0
MHImain,HKFE,2024-07-02 20:00:00,17670.0,17754.0,17664.0,17722.0,8085.0,143150642.0,0.0
MHImain,HKFE,2024-07-03 00:00:00,17723.0,17774.0,17707.0,17770.0,3566.0,63262199.0,0.0
MHImain,HKFE,2024-07-03 08:00:00,17749.0,17869.0,17706.0,17778.0,45029.0,800644218.0,0.0
MHImain,HKFE,2024-07-03 12:00:00,17779.0,17940.0,17778.0,17876.0,27319.0,488184324.0,0.0
MHImain,HKFE,2024-07-03 16:00:00,17875.0,17920.0,17861.0,17907.0,7040.0,125933960.0,0.0
MHImain,HKFE,2024-07-03 20:00:00,17907.0,18062.0,17890.0,18036.0,10494.0,188848551.0,0.0
MHImain,HKFE,2024-07-04 00:00:00,18036.0,18059.0,18001.0,18010.0,3139.0,56593503.0,0.0
MHImain,HKFE,2024-07-04 08:00:00,18013.0,18111.0,17952.0,18027.0,42225.0,761231074.0,0.0
MHImain,HKFE,2024-07-04 12:00:00,18027.0,18030.0,17905.0,17998.0,20248.0,363678980.0,0.0
MHImain,HKFE,2024-07-04 16:00:00,17997.0,18039.0,17971.0,18024.0,6547.0,117865993.0,0.0
MHImain,HKFE,2024-07-04 20:00:00,18025.0,18044.0,17958.0,17989.0,3788.0,68183335.0,0.0
MHImain,HKFE,2024-07-05 00:00:00,17986.0,18022.0,17984.0,18008.0,1717.0,30907029.0,0.0
MHImain,HKFE,2024-07-05 08:00:00,17991.0,18067.0,17769.0,17787.0,43594.0,782171268.0,0.0
MHImain,HKFE,2024-07-05 12:00:00,17786.0,17861.0,17773.0,17818.0,18750.0,334004015.0,0.0
MHImain,HKFE,2024-07-05 16:00:00,17817.0,17838.0,17728.0,17742.0,9296.0,165184395.0,0.0
MHImain,HKFE,2024-07-05 20:00:00,17742.0,17750.0,17558.0,17621.0,12512.0,220789885.0,0.0
MHImain,HKFE,2024-07-06 00:00:00,17621.0,17689.0,17620.0,17689.0,3679.0,64949816.0,0.0
MHImain,HKFE,2024-07-08 08:00:00,17617.0,17764.0,17554.0,17590.0,37092.0,654325226.0,0.0
MHImain,HKFE,2024-07-08 12:00:00,17590.0,17636.0,17493.0,17528.0,16562.0,290650024.0,0.0
MHImain,HKFE,2024-07-08 16:00:00,17528.0,17587.0,17506.0,17553.0,8082.0,141849806.0,0.0
MHImain,HKFE,2024-07-08 20:00:00,17553.0,17567.0,17498.0,17503.0,4827.0,84597056.0,0.0
MHImain,HKFE,2024-07-09 00:00:00,17505.0,17538.0,17474.0,17524.0,2660.0,46568510.0,0.0
MHImain,HKFE,2024-07-09 08:00:00,17556.0,17567.0,17403.0,17465.0,41861.0,731978874.0,0.0
MHImain,HKFE,2024-07-09 12:00:00,17465.0,17662.0,17456.0,17578.0,27308.0,479641630.0,0.0
MHImain,HKFE,2024-07-09 16:00:00,17578.0,17582.0,17510.0,17515.0,6915.0,121329575.0,0.0
MHImain,HKFE,2024-07-09 20:00:00,17515.0,17602.0,17449.0,17572.0,8283.0,145069285.0,0.0
MHImain,HKFE,2024-07-10 00:00:00,17572.0,17664.0,17524.0,17639.0,5607.0,98704219.0,0.0
MHImain,HKFE,2024-07-10 08:00:00,17664.0,17808.0,17610.0,17628.0,42473.0,751926177.0,0.0
MHImain,HKFE,2024-07-10 12:00:00,17628.0,17644.0,17478.0,17526.0,20600.0,361635766.0,0.0
MHImain,HKFE,2024-07-10 16:00:00,17527.0,17576.0,17483.0,17566.0,8241.0,144386095.0,0.0
MHImain,HKFE,2024-07-10 20:00:00,17567.0,17635.0,17552.0,17607.0,8391.0,147587390.0,0.0
MHImain,HKFE,2024-07-11 00:00:00,17606.0,17633.0,17587.0,17622.0,3369.0,59335369.0,0.0
MHImain,HKFE,2024-07-11 08:00:00,17636.0,17838.0,17618.0,17741.0,42685.0,756849844.0,0.0
MHImain,HKFE,2024-07-11 12:00:00,17741.0,17883.0,17739.0,17878.0,19774.0,352179682.0,0.0
MHImain,HKFE,2024-07-11 16:00:00,17876.0,17904.0,17843.0,17852.0,10114.0,180735948.0,0.0
MHImain,HKFE,2024-07-11 20:00:00,17850.0,18042.0,17838.0,18000.0,15249.0,273849363.0,0.0
MHImain,HKFE,2024-07-12 00:00:00,17999.0,18011.0,17960.0,17973.0,3873.0,69653906.0,0.0
MHImain,HKFE,2024-07-12 08:00:00,18028.0,18267.0,17998.0,18186.0,42613.0,774447398.0,0.0
MHImain,HKFE,2024-07-12 12:00:00,18183.0,18338.0,18179.0,18317.0,20223.0,369505423.0,0.0
MHImain,HKFE,2024-07-12 16:00:00,18319.0,18388.0,18305.0,18326.0,11184.0,205108547.0,0.0
MHImain,HKFE,2024-07-12 20:00:00,18326.0,18423.0,18262.0,18286.0,12547.0,230125550.0,0.0
MHImain,HKFE,2024-07-13 00:00:00,18290.0,18310.0,18256.0,18256.0,3457.0,63182273.0,0.0
MHImain,HKFE,2024-07-15 08:00:00,18222.0,18271.0,18081.0,18085.0,34554.0,628415693.0,0.0
MHImain,HKFE,2024-07-15 12:00:00,18086.0,18108.0,18006.0,18026.0,17002.0,307067447.0,0.0
MHImain,HKFE,2024-07-15 16:00:00,18025.0,18067.0,17967.0,18045.0,10280.0,185227341.0,0.0
MHImain,HKFE,2024-07-15 20:00:00,18045.0,18050.0,17890.0,17933.0,9327.0,167458478.0,0.0
MHImain,HKFE,2024-07-16 00:00:00,17936.0,17956.0,17843.0,17872.0,4518.0,80849217.0,0.0
MHImain,HKFE,2024-07-16 08:00:00,17890.0,17917.0,17744.0,17779.0,40036.0,713479732.0,0.0
MHImain,HKFE,2024-07-16 12:00:00,17780.0,17834.0,17755.0,17804.0,16173.0,287752623.0,0.0
MHImain,HKFE,2024-07-16 16:00:00,17805.0,17806.0,17732.0,17742.0,7399.0,131410985.0,0.0
MHImain,HKFE,2024-07-16 20:00:00,17742.0,17806.0,17659.0,17789.0,10333.0,183289446.0,0.0
MHImain,HKFE,2024-07-17 00:00:00,17789.0,17852.0,17759.0,17848.0,3332.0,59322818.0,0.0
MHImain,HKFE,2024-07-17 08:00:00,17782.0,17829.0,17677.0,17760.0,39346.0,698869073.0,0.0
MHImain,HKFE,2024-07-17 12:00:00,17757.0,17848.0,17708.0,17789.0,20757.0,368933909.0,0.0
MHImain,HKFE,2024-07-17 16:00:00,17789.0,17819.0,17734.0,17774.0,8820.0,156829397.0,0.0
MHImain,HKFE,2024-07-17 20:00:00,17774.0,17799.0,17725.0,17745.0,7250.0,128767909.0,0.0
MHImain,HKFE,2024-07-18 00:00:00,17747.0,17752.0,17658.0,17685.0,4172.0,73819949.0,0.0
MHImain,HKFE,2024-07-18 08:00:00,17661.0,17839.0,17635.0,17775.0,40582.0,719921384.0,0.0
MHImain,HKFE,2024-07-18 12:00:00,17780.0,17894.0,17760.0,17885.0,20289.0,361959496.0,0.0
MHImain,HKFE,2024-07-18 16:00:00,17886.0,17886.0,17746.0,17776.0,8765.0,156131201.0,0.0
MHImain,HKFE,2024-07-18 20:00:00,17777.0,17793.0,17643.0,17650.0,9808.0,173803182.0,0.0
MHImain,HKFE,2024-07-19 00:00:00,17650.0,17664.0,17577.0,17580.0,5523.0,97280871.0,0.0
MHImain,HKFE,2024-07-19 08:00:00,17567.0,17640.0,17415.0,17438.0,36703.0,642039012.0,0.0
MHImain,HKFE,2024-07-19 12:00:00,17439.0,17474.0,17380.0,17457.0,15758.0,274598475.0,0.0
MHImain,HKFE,2024-07-19 16:00:00,17457.0,17467.0,17388.0,17419.0,9353.0,162948139.0,0.0
MHImain,HKFE,2024-07-19 20:00:00,17420.0,17503.0,17420.0,17444.0,7332.0,128039912.0,0.0
MHImain,HKFE,2024-07-20 00:00:00,17445.0,17496.0,17431.0,17444.0,3537.0,61763640.0,0.0
MHImain,HKFE,2024-07-22 08:00:00,17500.0,17598.0,17319.0,17560.0,41852.0,730415083.0,0.0
MHImain,HKFE,2024-07-22 12:00:00,17561.0,17691.0,17526.0,17648.0,20395.0,358777048.0,0.0
MHImain,HKFE,2024-07-22 16:00:00,17650.0,17724.0,17640.0,17708.0,8909.0,157453964.0,0.0
MHImain,HKFE,2024-07-22 20:00:00,17710.0,17772.0,17650.0,17715.0,8153.0,144389867.0,0.0
MHImain,HKFE,2024-07-23 00:00:00,17716.0,17748.0,17681.0,17748.0,2474.0,43829894.0,0.0
MHImain,HKFE,2024-07-23 08:00:00,17730.0,17742.0,17557.0,17617.0,30600.0,539437899.0,0.0
MHImain,HKFE,2024-07-23 12:00:00,17618.0,17647.0,17458.0,17490.0,19722.0,346213681.0,0.0
MHImain,HKFE,2024-07-23 16:00:00,17490.0,17527.0,17463.0,17521.0,7877.0,137806548.0,0.0
MHImain,HKFE,2024-07-23 20:00:00,17523.0,17530.0,17410.0,17455.0,6208.0,108329915.0,0.0
MHImain,HKFE,2024-07-24 00:00:00,17457.0,17504.0,17452.0,17470.0,2420.0,42294974.0,0.0
MHImain,HKFE,2024-07-24 08:00:00,17433.0,17533.0,17330.0,17362.0,36338.0,633109929.0,0.0
MHImain,HKFE,2024-07-24 12:00:00,17362.0,17396.0,17271.0,17287.0,17564.0,304496472.0,0.0
MHImain,HKFE,2024-07-24 16:00:00,17285.0,17370.0,17267.0,17361.0,7647.0,132459449.0,0.0
MHImain,HKFE,2024-07-24 20:00:00,17362.0,17432.0,17327.0,17385.0,8316.0,144587616.0,0.0
MHImain,HKFE,2024-07-25 00:00:00,17386.0,17395.0,17234.0,17265.0,4332.0,75011074.0,0.0
MHImain,HKFE,2024-07-25 08:00:00,17265.0,17308.0,17021.0,17038.0,36429.0,624771651.0,0.0
MHImain,HKFE,2024-07-25 12:00:00,17037.0,17105.0,16983.0,17022.0,17833.0,303827022.0,0.0
MHImain,HKFE,2024-07-25 16:00:00,17022.0,17077.0,16977.0,17072.0,10782.0,183530981.0,0.0
MHImain,HKFE,2024-07-25 20:00:00,17072.0,17140.0,17032.0,17131.0,8830.0,150939480.0,0.0
MHImain,HKFE,2024-07-26 00:00:00,17132.0,17166.0,17085.0,17085.0,4128.0,70719421.0,0.0
MHImain,HKFE,2024-07-26 08:00:00,17053.0,17234.0,16930.0,16968.0,37564.0,642510058.0,0.0
MHImain,HKFE,2024-07-26 12:00:00,16966.0,17080.0,16963.0,17043.0,18919.0,322192234.0,0.0
MHImain,HKFE,2024-07-26 16:00:00,17042.0,17077.0,16986.0,17009.0,7371.0,125534531.0,0.0
MHImain,HKFE,2024-07-26 20:00:00,17009.0,17081.0,16985.0,17068.0,5317.0,90524716.0,0.0
MHImain,HKFE,2024-07-27 00:00:00,17067.0,17173.0,17067.0,17153.0,4745.0,81288021.0,0.0
MHImain,HKFE,2024-07-29 08:00:00,17195.0,17312.0,17159.0,17308.0,31725.0,546350359.0,0.0
MHImain,HKFE,2024-07-29 12:00:00,17306.0,17380.0,17287.0,17302.0,16242.0,281495808.0,0.0
MHImain,HKFE,2024-07-29 16:00:00,17303.0,17326.0,17231.0,17243.0,7111.0,122835931.0,0.0
MHImain,HKFE,2024-07-29 20:00:00,17244.0,17262.0,17157.0,17176.0,4653.0,80045267.0,0.0
MHImain,HKFE,2024-07-30 00:00:00,17173.0,17208.0,17160.0,17195.0,1999.0,34361002.0,0.0
MHImain,HKFE,2024-07-30 08:00:00,17165.0,17209.0,16998.0,17061.0,25990.0,443952158.0,0.0
MHImain,HKFE,2024-07-30 12:00:00,17061.0,17075.0,16982.0,17024.0,13050.0,222199426.0,0.0
MHImain,HKFE,2024-07-30 16:00:00,17024.0,17064.0,16981.0,17063.0,6715.0,114274060.0,0.0
MHImain,HKFE,2024-07-30 20:00:00,17062.0,17083.0,17021.0,17038.0,5679.0,96856646.0,0.0
MHImain,HKFE,2024-07-31 00:00:00,17039.0,17076.0,17024.0,17025.0,2763.0,47097497.0,0.0
MHImain,HKFE,2024-07-31 08:00:00,17084.0,17333.0,17028.0,17320.0,43750.0,751610422.0,0.0
MHImain,HKFE,2024-07-31 12:00:00,17320.0,17405.0,17313.0,17380.0,20693.0,359441873.0,0.0
MHImain,HKFE,2024-07-31 16:00:00,17379.0,17433.0,17342.0,17383.0,10659.0,185350692.0,0.0
MHImain,HKFE,2024-07-31 20:00:00,17381.0,17446.0,17315.0,17333.0,9136.0,158695212.0,0.0
MHImain,HKFE,2024-08-01 00:00:00,17335.0,17376.0,17286.0,17366.0,3811.0,66058290.0,0.0
MHImain,HKFE,2024-08-01 08:00:00,17380.0,17421.0,17252.0,17290.0,36120.0,626063990.0,0.0
MHImain,HKFE,2024-08-01 12:00:00,17290.0,17430.0,17286.0,17355.0,16946.0,294279352.0,0.0
MHImain,HKFE,2024-08-01 16:00:00,17354.0,17360.0,17294.0,17341.0,7624.0,132100107.0,0.0
MHImain,HKFE,2024-08-01 20:00:00,17341.0,17348.0,17150.0,17153.0,9960.0,171775601.0,0.0
MHImain,HKFE,2024-08-02 00:00:00,17151.0,17170.0,17038.0,17045.0,6094.0,104204562.0,0.0
MHImain,HKFE,2024-08-02 08:00:00,17000.0,17078.0,16897.0,16978.0,37920.0,644047322.0,0.0
MHImain,HKFE,2024-08-02 12:00:00,16979.0,17002.0,16878.0,16917.0,16033.0,271370030.0,0.0
MHImain,HKFE,2024-08-02 16:00:00,16915.0,16979.0,16896.0,16958.0,10325.0,174928010.0,0.0
MHImain,HKFE,2024-08-02 20:00:00,16958.0,17024.0,16823.0,16842.0,11832.0,200146015.0,0.0
MHImain,HKFE,2024-08-03 00:00:00,16843.0,16920.0,16833.0,16895.0,4929.0,83217683.0,0.0
MHImain,HKFE,2024-08-05 08:00:00,16700.0,16957.0,16584.0,16881.0,49011.0,823251717.0,0.0
MHImain,HKFE,2024-08-05 12:00:00,16881.0,16939.0,16436.0,16583.0,40635.0,676532765.0,0.0
MHImain,HKFE,2024-08-05 16:00:00,16582.0,16796.0,16575.0,16688.0,16852.0,281160460.0,0.0
MHImain,HKFE,2024-08-05 20:00:00,16690.0,16794.0,16510.0,16787.0,19326.0,321638932.0,0.0
MHImain,HKFE,2024-08-06 00:00:00,16788.0,16843.0,16772.0,16780.0,5232.0,87918599.0,0.0
MHImain,HKFE,2024-08-06 08:00:00,16848.0,16935.0,16688.0,16700.0,38178.0,641795445.0,0.0
MHImain,HKFE,2024-08-06 12:00:00,16700.0,16812.0,16620.0,16704.0,23099.0,385641598.0,0.0
MHImain,HKFE,2024-08-06 16:00:00,16703.0,16718.0,16529.0,16603.0,11783.0,195932772.0,0.0
MHImain,HKFE,2024-08-06 20:00:00,16600.0,16675.0,16501.0,16645.0,12286.0,203637337.0,0.0
MHImain,HKFE,2024-08-07 00:00:00,16645.0,16728.0,16626.0,16707.0,4115.0,68632277.0,0.0
MHImain,HKFE,2024-08-07 08:00:00,16655.0,16910.0,16635.0,16831.0,39871.0,670265414.0,0.0
MHImain,HKFE,2024-08-07 12:00:00,16830.0,17004.0,16799.0,16863.0,24613.0,416103914.0,0.0
MHImain,HKFE,2024-08-07 16:00:00,16864.0,16980.0,16796.0,16975.0,10903.0,183984582.0,0.0
MHImain,HKFE,2024-08-07 20:00:00,16975.0,16994.0,16856.0,16879.0,9692.0,164040773.0,0.0
MHImain,HKFE,2024-08-08 00:00:00,16882.0,16897.0,16711.0,16738.0,5456.0,91728538.0,0.0
MHImain,HKFE,2024-08-08 08:00:00,16768.0,17025.0,16649.0,17025.0,45021.0,756298182.0,0.0
MHImain,HKFE,2024-08-08 12:00:00,17026.0,17034.0,16859.0,16928.0,26097.0,442537637.0,0.0
MHImain,HKFE,2024-08-08 16:00:00,16929.0,16935.0,16836.0,16929.0,10567.0,178412396.0,0.0
MHImain,HKFE,2024-08-08 20:00:00,16931.0,17100.0,16905.0,17067.0,10976.0,186699367.0,0.0
MHImain,HKFE,2024-08-09 00:00:00,17066.0,17155.0,17055.0,17147.0,5188.0,88780087.0,0.0
MHImain,HKFE,2024-08-09 08:00:00,17131.0,17264.0,17084.0,17230.0,40910.0,702443012.0,0.0
MHImain,HKFE,2024-08-09 12:00:00,17231.0,17241.0,17071.0,17117.0,19214.0,329378029.0,0.0
MHImain,HKFE,2024-08-09 16:00:00,17116.0,17142.0,17071.0,17084.0,7327.0,125339349.0,0.0
MHImain,HKFE,2024-08-09 20:00:00,17084.0,17092.0,16974.0,17041.0,7947.0,135291666.0,0.0
MHImain,HKFE,2024-08-10 00:00:00,17042.0,17088.0,16998.0,17060.0,3513.0,59860312.0,0.0
MHImain,HKFE,2024-08-12 08:00:00,17100.0,17166.0,16994.0,17075.0,34956.0,597003438.0,0.0
MHImain,HKFE,2024-08-12 12:00:00,17074.0,17143.0,17027.0,17102.0,15032.0,256833563.0,0.0
MHImain,HKFE,2024-08-12 16:00:00,17101.0,17129.0,17051.0,17094.0,6638.0,113479043.0,0.0
MHImain,HKFE,2024-08-12 20:00:00,17093.0,17179.0,17068.0,17158.0,6569.0,112460211.0,0.0
MHImain,HKFE,2024-08-13 00:00:00,17158.0,17184.0,17111.0,17141.0,3240.0,55566890.0,0.0
MHImain,HKFE,2024-08-13 08:00:00,17130.0,17258.0,17065.0,17104.0,37393.0,641207703.0,0.0
MHImain,HKFE,2024-08-13 12:00:00,17104.0,17191.0,17075.0,17182.0,15251.0,261330631.0,0.0
MHImain,HKFE,2024-08-13 16:00:00,17182.0,17200.0,17115.0,17138.0,7245.0,124334883.0,0.0
MHImain,HKFE,2024-08-13 20:00:00,17137.0,17246.0,17131.0,17216.0,7214.0,124088667.0,0.0
MHImain,HKFE,2024-08-14 00:00:00,17214.0,17291.0,17190.0,17288.0,2946.0,50804975.0,0.0
MHImain,HKFE,2024-08-14 08:00:00,17280.0,17282.0,17084.0,17147.0,32595.0,559776676.0,0.0
MHImain,HKFE,2024-08-14 12:00:00,17150.0,17161.0,17056.0,17077.0,13911.0,237883358.0,0.0
MHImain,HKFE,2024-08-14 16:00:00,17078.0,17190.0,17073.0,17170.0,6354.0,108846393.0,0.0
MHImain,HKFE,2024-08-14 20:00:00,17168.0,17196.0,17010.0,17034.0,10014.0,171241985.0,0.0
MHImain,HKFE,2024-08-15 00:00:00,17035.0,17068.0,16945.0,17000.0,5721.0,97248246.0,0.0
MHImain,HKFE,2024-08-15 08:00:00,17042.0,17318.0,16919.0,17202.0,48098.0,823999364.0,0.0
MHImain,HKFE,2024-08-15 12:00:00,17201.0,17232.0,17047.0,17088.0,18669.0,319720540.0,0.0
MHImain,HKFE,2024-08-15 16:00:00,17089.0,17215.0,17081.0,17121.0,11854.0,203101780.0,0.0
MHImain,HKFE,2024-08-15 20:00:00,17121.0,17338.0,17117.0,17268.0,13727.0,236883630.0,0.0
MHImain,HKFE,2024-08-16 00:00:00,17270.0,17319.0,17249.0,17318.0,3636.0,62871997.0,0.0
MHImain,HKFE,2024-08-16 08:00:00,17288.0,17461.0,17265.0,17431.0,41130.0,714682113.0,0.0
MHImain,HKFE,2024-08-16 12:00:00,17429.0,17500.0,17399.0,17436.0,16311.0,284623288.0,0.0
MHImain,HKFE,2024-08-16 16:00:00,17436.0,17468.0,17387.0,17389.0,7287.0,127031345.0,0.0
MHImain,HKFE,2024-08-16 20:00:00,17389.0,17533.0,17354.0,17530.0,10122.0,176778629.0,0.0
MHImain,HKFE,2024-08-17 00:00:00,17531.0,17596.0,17502.0,17584.0,4403.0,77279303.0,0.0
MHImain,HKFE,2024-08-19 08:00:00,17566.0,17717.0,17548.0,17616.0,32647.0,576034243.0,0.0
MHImain,HKFE,2024-08-19 12:00:00,17619.0,17665.0,17581.0,17613.0,12213.0,215129687.0,0.0
MHImain,HKFE,2024-08-19 16:00:00,17613.0,17633.0,17568.0,17612.0,5690.0,100132558.0,0.0
MHImain,HKFE,2024-08-19 20:00:00,17614.0,17774.0,17610.0,17774.0,7949.0,140689145.0,0.0
MHImain,HKFE,2024-08-20 00:00:00,17773.0,17774.0,17718.0,17736.0,2716.0,48181678.0,0.0
MHImain,HKFE,2024-08-20 08:00:00,17718.0,17743.0,17492.0,17528.0,26809.0,471275819.0,0.0
MHImain,HKFE,2024-08-20 12:00:00,17528.0,17547.0,17464.0,17491.0,11499.0,201286633.0,0.0
MHImain,HKFE,2024-08-20 16:00:00,17492.0,17545.0,17445.0,17471.0,8659.0,151560093.0,0.0
MHImain,HKFE,2024-08-20 20:00:00,17468.0,17528.0,17366.0,17369.0,9575.0,167033408.0,0.0
MHImain,HKFE,2024-08-21 00:00:00,17368.0,17388.0,17323.0,17369.0,3978.0,69055092.0,0.0
MHImain,HKFE,2024-08-21 08:00:00,17318.0,17436.0,17251.0,17379.0,35090.0,608544143.0,0.0
MHImain,HKFE,2024-08-21 12:00:00,17380.0,17382.0,17328.0,17372.0,9323.0,161814398.0,0.0
MHImain,HKFE,2024-08-21 16:00:00,17372.0,17426.0,17362.0,17418.0,6859.0,119289326.0,0.0
MHImain,HKFE,2024-08-21 20:00:00,17417.0,17517.0,17395.0,17502.0,9825.0,171485694.0,0.0
MHImain,HKFE,2024-08-22 00:00:00,17501.0,17528.0,17481.0,17514.0,3657.0,64023382.0,0.0
MHImain,HKFE,2024-08-22 08:00:00,17488.0,17555.0,17398.0,17421.0,32763.0,572534277.0,0.0
MHImain,HKFE,2024-08-22 12:00:00,17421.0,17620.0,17419.0,17620.0,16580.0,290365665.0,0.0
MHImain,HKFE,2024-08-22 16:00:00,17619.0,17684.0,17608.0,17622.0,11385.0,200861872.0,0.0
MHImain,HKFE,2024-08-22 20:00:00,17623.0,17637.0,17485.0,17491.0,9441.0,165821672.0,0.0
MHImain,HKFE,2024-08-23 00:00:00,17488.0,17498.0,17445.0,17492.0,4856.0,84847088.0,0.0
MHImain,HKFE,2024-08-23 08:00:00,17499.0,17604.0,17480.0,17571.0,28706.0,503531212.0,0.0
MHImain,HKFE,2024-08-23 12:00:00,17570.0,17634.0,17565.0,17612.0,13332.0,234602420.0,0.0
MHImain,HKFE,2024-08-23 16:00:00,17611.0,17675.0,17600.0,17658.0,7025.0,123923661.0,0.0
MHImain,HKFE,2024-08-23 20:00:00,17660.0,17765.0,17588.0,17761.0,12080.0,213672993.0,0.0
MHImain,HKFE,2024-08-24 00:00:00,17760.0,17793.0,17726.0,17737.0,4785.0,84958247.0,0.0
MHImain,HKFE,2024-08-26 08:00:00,17750.0,17843.0,17715.0,17776.0,30857.0,548848003.0,0.0
MHImain,HKFE,2024-08-26 12:00:00,17778.0,17848.0,17737.0,17835.0,11668.0,207556775.0,0.0
MHImain,HKFE,2024-08-26 16:00:00,17836.0,17849.0,17756.0,17759.0,7787.0,138697653.0,0.0
MHImain,HKFE,2024-08-26 20:00:00,17758.0,17762.0,17635.0,17687.0,11336.0,200649602.0,0.0
MHImain,HKFE,2024-08-27 00:00:00,17689.0,17712.0,17661.0,17695.0,2285.0,40416106.0,0.0
MHImain,HKFE,2024-08-27 08:00:00,17633.0,17812.0,17633.0,17771.0,26128.0,463032579.0,0.0
MHImain,HKFE,2024-08-27 12:00:00,17772.0,17886.0,17756.0,17863.0,14441.0,257484207.0,0.0
MHImain,HKFE,2024-08-27 16:00:00,17863.0,17934.0,17856.0,17919.0,6596.0,118064904.0,0.0
MHImain,HKFE,2024-08-27 20:00:00,17920.0,17927.0,17837.0,17871.0,6297.0,112605165.0,0.0
MHImain,HKFE,2024-08-28 00:00:00,17873.0,17884.0,17832.0,17866.0,2235.0,39901441.0,0.0
MHImain,HKFE,2024-08-28 08:00:00,17850.0,17905.0,17712.0,17730.0,26463.0,471339155.0,0.0
MHImain,HKFE,2024-08-28 12:00:00,17730.0,17756.0,17666.0,17712.0,11738.0,207835090.0,0.0
MHImain,HKFE,2024-08-28 16:00:00,17716.0,17750.0,17654.0,17678.0,6555.0,115940876.0,0.0
MHImain,HKFE,2024-08-28 20:00:00,17675.0,17698.0,17578.0,17583.0,5356.0,94475416.0,0.0
MHImain,HKFE,2024-08-29 00:00:00,17581.0,17610.0,17521.0,17588.0,2851.0,50082716.0,0.0
MHImain,HKFE,2024-08-29 08:00:00,17580.0,17608.0,17447.0,17468.0,29072.0,509525207.0,0.0
MHImain,HKFE,2024-08-29 12:00:00,17470.0,17716.0,17469.0,17696.0,21051.0,370864489.0,0.0
MHImain,HKFE,2024-08-29 16:00:00,17696.0,17796.0,17691.0,17756.0,9876.0,175221536.0,0.0
MHImain,HKFE,2024-08-29 20:00:00,17758.0,17774.0,17690.0,17740.0,7478.0,132550240.0,0.0
MHImain,HKFE,2024-08-30 00:00:00,17738.0,17776.0,17720.0,17742.0,2661.0,47219579.0,0.0
MHImain,HKFE,2024-08-30 08:00:00,17742.0,18012.0,17715.0,17983.0,34611.0,619355151.0,0.0
MHImain,HKFE,2024-08-30 12:00:00,17983.0,18159.0,17971.0,18031.0,26169.0,473015572.0,0.0
MHImain,HKFE,2024-08-30 16:00:00,18031.0,18031.0,17885.0,17896.0,12865.0,231060078.0,0.0
MHImain,HKFE,2024-08-30 20:00:00,17894.0,17969.0,17785.0,17793.0,10862.0,194118427.0,0.0
MHImain,HKFE,2024-08-31 00:00:00,17795.0,17796.0,17709.0,17787.0,6207.0,110184744.0,0.0
MHImain,HKFE,2024-09-02 08:00:00,17792.0,17805.0,17620.0,17627.0,29412.0,520601530.0,0.0
MHImain,HKFE,2024-09-02 12:00:00,17626.0,17677.0,17597.0,17607.0,12330.0,217431715.0,0.0
MHImain,HKFE,2024-09-02 16:00:00,17607.0,17659.0,17586.0,17646.0,7643.0,134689738.0,0.0
MHImain,HKFE,2024-09-02 20:00:00,17645.0,17653.0,17607.0,17636.0,3020.0,53243768.0,0.0
MHImain,HKFE,2024-09-03 00:00:00,17637.0,17682.0,17637.0,17679.0,1842.0,32527529.0,0.0
MHImain,HKFE,2024-09-03 08:00:00,17654.0,17695.0,17538.0,17582.0,35844.0,631411348.0,0.0
MHImain,HKFE,2024-09-03 12:00:00,17580.0,17604.0,17551.0,17585.0,9024.0,158631842.0,0.0
MHImain,HKFE,2024-09-03 16:00:00,17586.0,17629.0,17482.0,17505.0,8438.0,148216319.0,0.0
MHImain,HKFE,2024-09-03 20:00:00,17505.0,17533.0,17456.0,17518.0,7793.0,136344155.0,0.0
MHImain,HKFE,2024-09-04 00:00:00,17519.0,17557.0,17474.0,17493.0,4162.0,72938530.0,0.0
MHImain,HKFE,2024-09-04 08:00:00,17425.0,17522.0,17298.0,17455.0,38359.0,667696669.0,0.0
MHImain,HKFE,2024-09-04 12:00:00,17456.0,17472.0,17367.0,17370.0,15098.0,262859496.0,0.0
MHImain,HKFE,2024-09-04 16:00:00,17372.0,17494.0,17362.0,17477.0,8442.0,147169121.0,0.0
MHImain,HKFE,2024-09-04 20:00:00,17475.0,17546.0,17454.0,17528.0,6962.0,121890269.0,0.0
MHImain,HKFE,2024-09-05 00:00:00,17529.0,17529.0,17463.0,17466.0,4176.0,73046540.0,0.0
MHImain,HKFE,2024-09-05 08:00:00,17480.0,17543.0,17367.0,17378.0,34184.0,596695965.0,0.0
MHImain,HKFE,2024-09-05 12:00:00,17380.0,17402.0,17310.0,17357.0,12806.0,222135876.0,0.0
MHImain,HKFE,2024-09-05 16:00:00,17357.0,17443.0,17350.0,17432.0,8584.0,149397845.0,0.0
MHImain,HKFE,2024-09-05 20:00:00,17432.0,17432.0,17432.0,17432.0,0.0,0.0,0.0
MHImain,HKFE,2024-09-06 00:00:00,17432.0,17432.0,17432.0,17432.0,0.0,0.0,0.0
MHImain,HKFE,2024-09-06 08:00:00,17432.0,17432.0,17432.0,17432.0,0.0,0.0,0.0
MHImain,HKFE,2024-09-06 12:00:00,17432.0,17432.0,17432.0,17432.0,0.0,0.0,0.0
MHImain,HKFE,2024-09-06 16:00:00,17432.0,17432.0,17432.0,17432.0,0.0,0.0,0.0
MHImain,HKFE,2024-09-06 20:00:00,17432.0,17432.0,17432.0,17432.0,0.0,0.0,0.0
MHImain,HKFE,2024-09-07 00:00:00,17432.0,17432.0,17432.0,17432.0,0.0,0.0,0.0
MHImain,HKFE,2024-09-09 08:00:00,17300.0,17312.0,17082.0,17118.0,28618.0,491634861.0,0.0
MHImain,HKFE,2024-09-09 12:00:00,17117.0,17138.0,17059.0,17105.0,12320.0,210657719.0,0.0
MHImain,HKFE,2024-09-09 16:00:00,17107.0,17178.0,17092.0,17118.0,8500.0,145641415.0,0.0
MHImain,HKFE,2024-09-09 20:00:00,17117.0,17213.0,17113.0,17169.0,6861.0,117784048.0,0.0
MHImain,HKFE,2024-09-10 00:00:00,17169.0,17270.0,17167.0,17219.0,3721.0,64102338.0,0.0
MHImain,HKFE,2024-09-10 08:00:00,17185.0,17256.0,17117.0,17237.0,30537.0,524986553.0,0.0
MHImain,HKFE,2024-09-10 12:00:00,17236.0,17290.0,17193.0,17252.0,15875.0,273769175.0,0.0
MHImain,HKFE,2024-09-10 16:00:00,17252.0,17275.0,17145.0,17178.0,7445.0,128171084.0,0.0
MHImain,HKFE,2024-09-10 20:00:00,17179.0,17195.0,17050.0,17079.0,8333.0,142623607.0,0.0
MHImain,HKFE,2024-09-11 00:00:00,17079.0,17081.0,17015.0,17070.0,3445.0,58713622.0,0.0
MHImain,HKFE,2024-09-11 08:00:00,17035.0,17071.0,16948.0,16976.0,31013.0,527611962.0,0.0
MHImain,HKFE,2024-09-11 12:00:00,16979.0,17101.0,16954.0,17082.0,14799.0,251899218.0,0.0
MHImain,HKFE,2024-09-11 16:00:00,17083.0,17132.0,17069.0,17124.0,7749.0,132507573.0,0.0
MHImain,HKFE,2024-09-11 20:00:00,17123.0,17183.0,17019.0,17122.0,13001.0,222287401.0,0.0
MHImain,HKFE,2024-09-12 00:00:00,17124.0,17225.0,17117.0,17202.0,5113.0,87776759.0,0.0
MHImain,HKFE,2024-09-12 08:00:00,17198.0,17300.0,17136.0,17293.0,34055.0,586454361.0,0.0
MHImain,HKFE,2024-09-12 12:00:00,17293.0,17356.0,17284.0,17296.0,13847.0,239784087.0,0.0
MHImain,HKFE,2024-09-12 16:00:00,17297.0,17309.0,17233.0,17262.0,9398.0,162312042.0,0.0
MHImain,HKFE,2024-09-12 20:00:00,17262.0,17294.0,17166.0,17236.0,8805.0,151664666.0,0.0
MHImain,HKFE,2024-09-13 00:00:00,17235.0,17316.0,17220.0,17293.0,2755.0,47576222.0,0.0
MHImain,HKFE,2024-09-13 08:00:00,17260.0,17574.0,17260.0,17472.0,35445.0,619224174.0,0.0
MHImain,HKFE,2024-09-13 12:00:00,17471.0,17489.0,17381.0,17408.0,14309.0,249357230.0,0.0
MHImain,HKFE,2024-09-13 16:00:00,17411.0,17421.0,17369.0,17371.0,5737.0,99811093.0,0.0
MHImain,HKFE,2024-09-13 20:00:00,17374.0,17423.0,17315.0,17387.0,9162.0,159190770.0,0.0
MHImain,HKFE,2024-09-14 00:00:00,17386.0,17405.0,17325.0,17352.0,3220.0,55900032.0,0.0
MHImain,HKFE,2024-09-16 08:00:00,17320.0,17359.0,17189.0,17351.0,27893.0,482145750.0,0.0
MHImain,HKFE,2024-09-16 12:00:00,17351.0,17402.0,17332.0,17395.0,10652.0,185068482.0,0.0
MHImain,HKFE,2024-09-16 16:00:00,17396.0,17468.0,17392.0,17441.0,6141.0,107037226.0,0.0
MHImain,HKFE,2024-09-16 20:00:00,17440.0,17473.0,17409.0,17428.0,5296.0,92369703.0,0.0
MHImain,HKFE,2024-09-17 00:00:00,17429.0,17442.0,17414.0,17423.0,1294.0,22552070.0,0.0
MHImain,HKFE,2024-09-17 08:00:00,17438.0,17712.0,17395.0,17677.0,29607.0,520484028.0,0.0
MHImain,HKFE,2024-09-17 12:00:00,17679.0,17743.0,17639.0,17671.0,14005.0,247794592.0,0.0
MHImain,HKFE,2024-09-17 16:00:00,17671.0,17715.0,17661.0,17667.0,5878.0,103925927.0,0.0
MHImain,HKFE,2024-09-17 20:00:00,17669.0,17737.0,17639.0,17706.0,6058.0,107171943.0,0.0
MHImain,HKFE,2024-09-18 00:00:00,17705.0,17705.0,17638.0,17669.0,3007.0,53129140.0,0.0
MHImain,HKFE,2024-09-19 08:00:00,17728.0,17913.0,17601.0,17908.0,41414.0,734979626.0,0.0
MHImain,HKFE,2024-09-19 12:00:00,17907.0,18097.0,17902.0,18081.0,21781.0,392266406.0,0.0
MHImain,HKFE,2024-09-19 16:00:00,18082.0,18144.0,18018.0,18110.0,10524.0,190128098.0,0.0
MHImain,HKFE,2024-09-19 20:00:00,18110.0,18135.0,17955.0,18042.0,12191.0,219840635.0,0.0
MHImain,HKFE,2024-09-20 00:00:00,18042.0,18202.0,18040.0,18198.0,4569.0,82837279.0,0.0
MHImain,HKFE,2024-09-20 08:00:00,18118.0,18378.0,18048.0,18301.0,43910.0,800817009.0,0.0
MHImain,HKFE,2024-09-20 12:00:00,18302.0,18364.0,18180.0,18230.0,23528.0,429435631.0,0.0
MHImain,HKFE,2024-09-20 16:00:00,18228.0,18304.0,18227.0,18276.0,8246.0,150618919.0,0.0
MHImain,HKFE,2024-09-20 20:00:00,18276.0,18314.0,18168.0,18172.0,8137.0,148399781.0,0.0
MHImain,HKFE,2024-09-21 00:00:00,18172.0,18230.0,18166.0,18196.0,3670.0,66788606.0,0.0
MHImain,HKFE,2024-09-23 08:00:00,18250.0,18449.0,18225.0,18422.0,35007.0,642731821.0,0.0
MHImain,HKFE,2024-09-23 12:00:00,18420.0,18440.0,18258.0,18290.0,15792.0,289573268.0,0.0
MHImain,HKFE,2024-09-23 16:00:00,18288.0,18292.0,18224.0,18276.0,8421.0,153716227.0,0.0
MHImain,HKFE,2024-09-23 20:00:00,18275.0,18539.0,18275.0,18495.0,12183.0,224389588.0,0.0
MHImain,HKFE,2024-09-24 00:00:00,18496.0,18496.0,18407.0,18450.0,4717.0,87035907.0,0.0
MHImain,HKFE,2024-09-24 08:00:00,18520.0,18775.0,18520.0,18760.0,48081.0,897096736.0,0.0
MHImain,HKFE,2024-09-24 12:00:00,18761.0,19005.0,18761.0,18974.0,33824.0,639702628.0,0.0
MHImain,HKFE,2024-09-24 16:00:00,18974.0,19272.0,18970.0,19196.0,20042.0,382694152.0,0.0
MHImain,HKFE,2024-09-24 20:00:00,19197.0,19493.0,19194.0,19481.0,26888.0,520395973.0,0.0
MHImain,HKFE,2024-09-25 00:00:00,19478.0,19767.0,19460.0,19764.0,15778.0,309363954.0,0.0
MHImain,HKFE,2024-09-25 08:00:00,19728.0,19730.0,19307.0,19331.0,48806.0,950702029.0,0.0
MHImain,HKFE,2024-09-25 12:00:00,19333.0,19414.0,19120.0,19198.0,28143.0,542251011.0,0.0
MHImain,HKFE,2024-09-25 16:00:00,19197.0,19384.0,19090.0,19368.0,14954.0,287104208.0,0.0
MHImain,HKFE,2024-09-25 20:00:00,19366.0,19506.0,19243.0,19434.0,18451.0,357320666.0,0.0
MHImain,HKFE,2024-09-26 00:00:00,19434.0,19450.0,19330.0,19330.0,4544.0,88103571.0,0.0
MHImain,HKFE,2024-09-26 08:00:00,19344.0,19511.0,19172.0,19466.0,41590.0,805805722.0,0.0
MHImain,HKFE,2024-09-26 12:00:00,19469.0,19858.0,19466.0,19851.0,33647.0,662445935.0,0.0
MHImain,HKFE,2024-09-26 16:00:00,19853.0,20460.0,19825.0,20376.0,26728.0,536769889.0,0.0
MHImain,HKFE,2024-09-26 20:00:00,20379.0,20805.0,20342.0,20501.0,30021.0,617950102.0,0.0
MHImain,HKFE,2024-09-27 00:00:00,20497.0,20728.0,20422.0,20690.0,9235.0,190168032.0,0.0
MHImain,HKFE,2024-09-27 08:00:00,20519.0,20630.0,20358.0,20573.0,52234.0,1070734324.0,0.0
MHImain,HKFE,2024-09-27 12:00:00,20578.0,20842.0,20390.0,20653.0,61367.0,1265270478.0,0.0
MHImain,HKFE,2024-09-27 16:00:00,20654.0,20996.0,20611.0,20884.0,36839.0,765332705.0,0.0
MHImain,HKFE,2024-09-27 20:00:00,20886.0,21068.0,20634.0,20916.0,36340.0,757975713.0,0.0
MHImain,HKFE,2024-09-28 00:00:00,20915.0,20963.0,20812.0,20893.0,11572.0,241886021.0,0.0
MHImain,HKFE,2024-09-30 08:00:00,21030.0,21398.0,20911.0,21188.0,75284.0,1591295082.0,0.0
MHImain,HKFE,2024-09-30 12:00:00,21188.0,21591.0,21176.0,21435.0,74442.0,1593346207.0,0.0
MHImain,HKFE,2024-09-30 16:00:00,21433.0,21444.0,21118.0,21162.0,35752.0,760057113.0,0.0
MHImain,HKFE,2024-09-30 20:00:00,21160.0,21275.0,20951.0,20999.0,29293.0,617960549.0,0.0
MHImain,HKFE,2024-10-01 00:00:00,20999.0,21039.0,20708.0,20769.0,22386.0,465736478.0,0.0
MHImain,HKFE,2024-10-02 08:00:00,21210.0,22512.0,21200.0,22498.0,98280.0,2152083468.0,0.0
MHImain,HKFE,2024-10-02 12:00:00,22499.0,22778.0,22049.0,22521.0,109454.0,2455771270.0,0.0
MHImain,HKFE,2024-10-02 16:00:00,22528.0,22862.0,22317.0,22729.0,50314.0,1133879786.0,0.0
MHImain,HKFE,2024-10-02 20:00:00,22727.0,22789.0,22131.0,22141.0,60950.0,1366258135.0,0.0
MHImain,HKFE,2024-10-03 00:00:00,22143.0,22437.0,22111.0,22435.0,22578.0,502944303.0,0.0
MHImain,HKFE,2024-10-03 08:00:00,22528.0,22700.0,21577.0,21624.0,91146.0,2007233220.0,0.0
MHImain,HKFE,2024-10-03 12:00:00,21623.0,22390.0,21527.0,22380.0,71401.0,1574307722.0,0.0
MHImain,HKFE,2024-10-03 16:00:00,22379.0,22528.0,21940.0,22029.0,46478.0,1032621887.0,0.0
MHImain,HKFE,2024-10-03 20:00:00,22024.0,22233.0,21657.0,22090.0,41077.0,903106099.0,0.0
MHImain,HKFE,2024-10-04 00:00:00,22092.0,22256.0,22060.0,22096.0,12370.0,273904872.0,0.0
MHImain,HKFE,2024-10-04 08:00:00,21970.0,22738.0,21875.0,22652.0,85649.0,1913299116.0,0.0
MHImain,HKFE,2024-10-04 12:00:00,22655.0,22742.0,22398.0,22621.0,51143.0,1155967104.0,0.0
MHImain,HKFE,2024-10-04 16:00:00,22621.0,22888.0,22613.0,22785.0,30866.0,702793566.0,0.0
MHImain,HKFE,2024-10-04 20:00:00,22782.0,22819.0,22526.0,22596.0,37577.0,851995594.0,0.0
MHImain,HKFE,2024-10-05 00:00:00,22593.0,22652.0,22518.0,22609.0,10990.0,248236037.0,0.0
MHImain,HKFE,2024-10-07 08:00:00,22980.0,23330.0,22787.0,23065.0,79802.0,1837302397.0,0.0
MHImain,HKFE,2024-10-07 12:00:00,23063.0,23220.0,23003.0,23145.0,30097.0,695058306.0,0.0
MHImain,HKFE,2024-10-07 16:00:00,23145.0,23277.0,23037.0,23231.0,20472.0,474030727.0,0.0
MHImain,HKFE,2024-10-07 20:00:00,23231.0,23276.0,22917.0,22955.0,26810.0,620123281.0,0.0
MHImain,HKFE,2024-10-08 00:00:00,22958.0,23333.0,22944.0,23186.0,15130.0,350157572.0,0.0
MHImain,HKFE,2024-10-08 08:00:00,23091.0,23123.0,20802.0,21874.0,149814.0,3286718692.0,0.0
MHImain,HKFE,2024-10-08 12:00:00,21876.0,22055.0,21271.0,21563.0,87808.0,1896980785.0,0.0
MHImain,HKFE,2024-10-08 16:00:00,21560.0,21563.0,20649.0,21179.0,61079.0,1287340161.0,0.0
MHImain,HKFE,2024-10-08 20:00:00,21182.0,21510.0,21151.0,21351.0,41774.0,890710875.0,0.0
MHImain,HKFE,2024-10-09 00:00:00,21356.0,21382.0,20927.0,20949.0,13113.0,277742452.0,0.0
MHImain,HKFE,2024-10-09 08:00:00,21200.0,21474.0,20239.0,20277.0,114273.0,2396104064.0,0.0
MHImain,HKFE,2024-10-09 12:00:00,20275.0,21387.0,20254.0,20573.0,113881.0,2380951059.0,0.0
MHImain,HKFE,2024-10-09 16:00:00,20573.0,20899.0,20530.0,20827.0,38669.0,800251421.0,0.0
MHImain,HKFE,2024-10-09 20:00:00,20820.0,21209.0,20674.0,21097.0,33222.0,695371914.0,0.0
MHImain,HKFE,2024-10-10 00:00:00,21099.0,21178.0,21001.0,21060.0,11767.0,248266880.0,0.0
MHImain,HKFE,2024-10-10 08:00:00,21160.0,21505.0,21028.0,21461.0,85389.0,1814737822.0,0.0
MHImain,HKFE,2024-10-10 12:00:00,21463.0,21650.0,21233.0,21317.0,60025.0,1287127492.0,0.0
MHImain,HKFE,2024-10-10 16:00:00,21314.0,21373.0,21181.0,21313.0,20904.0,444768917.0,0.0
MHImain,HKFE,2024-10-10 20:00:00,21313.0,21448.0,20996.0,21280.0,30491.0,647025380.0,0.0
MHImain,HKFE,2024-10-11 00:00:00,21282.0,21443.0,21236.0,21289.0,11513.0,245558050.0,0.0
MHImain,HKFE,2024-10-14 08:00:00,21206.0,21355.0,20724.0,21084.0,69809.0,1467750369.0,0.0
MHImain,HKFE,2024-10-14 12:00:00,21080.0,21397.0,21028.0,21183.0,36766.0,780227342.0,0.0
MHImain,HKFE,2024-10-14 16:00:00,21181.0,21205.0,20937.0,21004.0,12336.0,260247586.0,0.0
MHImain,HKFE,2024-10-14 20:00:00,21005.0,21427.0,20892.0,21238.0,22452.0,476480555.0,0.0
MHImain,HKFE,2024-10-15 00:00:00,21240.0,21284.0,21083.0,21125.0,6293.0,133236228.0,0.0
MHImain,HKFE,2024-10-15 08:00:00,21048.0,21144.0,20786.0,20792.0,48021.0,1008179491.0,0.0
MHImain,HKFE,2024-10-15 12:00:00,20795.0,20872.0,20254.0,20303.0,39967.0,821995034.0,0.0
MHImain,HKFE,2024-10-15 16:00:00,20299.0,20398.0,20184.0,20358.0,20598.0,418201302.0,0.0
MHImain,HKFE,2024-10-15 20:00:00,20358.0,20524.0,20262.0,20276.0,22899.0,467237456.0,0.0
MHImain,HKFE,2024-10-16 00:00:00,20278.0,20299.0,20088.0,20095.0,8236.0,166389815.0,0.0
MHImain,HKFE,2024-10-16 08:00:00,20148.0,20562.0,20148.0,20548.0,57833.0,1176744618.0,0.0
MHImain,HKFE,2024-10-16 12:00:00,20548.0,20592.0,20276.0,20430.0,36302.0,741782099.0,0.0
MHImain,HKFE,2024-10-16 16:00:00,20430.0,20460.0,20246.0,20297.0,13394.0,272644461.0,0.0
MHImain,HKFE,2024-10-16 20:00:00,20296.0,20515.0,20291.0,20514.0,12643.0,257848351.0,0.0
MHImain,HKFE,2024-10-17 00:00:00,20516.0,20540.0,20425.0,20480.0,5291.0,108367240.0,0.0
MHImain,HKFE,2024-10-17 08:00:00,20492.0,20804.0,20383.0,20465.0,57834.0,1190475425.0,0.0
MHImain,HKFE,2024-10-17 12:00:00,20466.0,20502.0,20169.0,20185.0,30489.0,620567787.0,0.0
MHImain,HKFE,2024-10-17 16:00:00,20186.0,20192.0,19955.0,20080.0,19510.0,391587527.0,0.0
MHImain,HKFE,2024-10-17 20:00:00,20080.0,20095.0,19862.0,19961.0,18102.0,361876011.0,0.0
MHImain,HKFE,2024-10-18 00:00:00,19963.0,20052.0,19932.0,19971.0,4776.0,95460612.0,0.0
MHImain,HKFE,2024-10-18 08:00:00,20028.0,20464.0,20011.0,20259.0,60759.0,1230737153.0,0.0
MHImain,HKFE,2024-10-18 12:00:00,20263.0,20976.0,20221.0,20748.0,60343.0,1243954928.0,0.0
MHImain,HKFE,2024-10-18 16:00:00,20751.0,20927.0,20674.0,20869.0,21660.0,450642485.0,0.0
MHImain,HKFE,2024-10-18 20:00:00,20870.0,20934.0,20669.0,20780.0,16830.0,349734841.0,0.0
MHImain,HKFE,2024-10-19 00:00:00,20780.0,20790.0,20695.0,20789.0,5032.0,104391845.0,0.0
MHImain,HKFE,2024-10-21 08:00:00,20853.0,20864.0,20585.0,20742.0,51442.0,1066086061.0,0.0
MHImain,HKFE,2024-10-21 12:00:00,20744.0,20817.0,20433.0,20484.0,33217.0,683915975.0,0.0
MHImain,HKFE,2024-10-21 16:00:00,20485.0,20550.0,20321.0,20386.0,9728.0,199075564.0,0.0
MHImain,HKFE,2024-10-21 20:00:00,20387.0,20528.0,20329.0,20353.0,10109.0,206530203.0,0.0
MHImain,HKFE,2024-10-22 00:00:00,20353.0,20426.0,20278.0,20397.0,5016.0,102069400.0,0.0
MHImain,HKFE,2024-10-22 08:00:00,20340.0,20646.0,20305.0,20534.0,50160.0,1030455241.0,0.0
MHImain,HKFE,2024-10-22 12:00:00,20532.0,20638.0,20384.0,20491.0,26970.0,553114594.0,0.0
MHImain,HKFE,2024-10-22 16:00:00,20490.0,20533.0,20384.0,20412.0,8252.0,168913276.0,0.0
MHImain,HKFE,2024-10-22 20:00:00,20410.0,20745.0,20403.0,20675.0,14002.0,288363462.0,0.0
MHImain,HKFE,2024-10-23 00:00:00,20674.0,20683.0,20566.0,20605.0,4693.0,96808850.0,0.0
MHImain,HKFE,2024-10-23 08:00:00,20600.0,20874.0,20451.0,20801.0,45809.0,947665209.0,0.0
MHImain,HKFE,2024-10-23 12:00:00,20805.0,20951.0,20686.0,20726.0,29182.0,607612161.0,0.0
MHImain,HKFE,2024-10-23 16:00:00,20727.0,20809.0,20679.0,20707.0,8305.0,172389974.0,0.0
MHImain,HKFE,2024-10-23 20:00:00,20704.0,20755.0,20528.0,20546.0,11536.0,238350013.0,0.0
MHImain,HKFE,2024-10-24 00:00:00,20545.0,20574.0,20472.0,20514.0,4174.0,85703816.0,0.0
MHImain,HKFE,2024-10-24 08:00:00,20558.0,20693.0,20459.0,20626.0,41633.0,856248626.0,0.0
MHImain,HKFE,2024-10-24 12:00:00,20628.0,20640.0,20450.0,20525.0,20346.0,417598146.0,0.0
MHImain,HKFE,2024-10-24 16:00:00,20527.0,20532.0,20428.0,20443.0,8765.0,179556322.0,0.0
MHImain,HKFE,2024-10-24 20:00:00,20444.0,20527.0,20284.0,20365.0,11508.0,234696182.0,0.0
MHImain,HKFE,2024-10-25 00:00:00,20364.0,20423.0,20325.0,20418.0,3538.0,72068945.0,0.0
MHImain,HKFE,2024-10-25 08:00:00,20483.0,20751.0,20455.0,20703.0,38130.0,786543477.0,0.0
MHImain,HKFE,2024-10-25 12:00:00,20702.0,20787.0,20560.0,20581.0,25274.0,522449764.0,0.0
MHImain,HKFE,2024-10-25 16:00:00,20581.0,20673.0,20569.0,20595.0,8097.0,166836631.0,0.0
MHImain,HKFE,2024-10-25 20:00:00,20596.0,20692.0,20505.0,20565.0,10567.0,217706302.0,0.0
MHImain,HKFE,2024-10-26 00:00:00,20568.0,20592.0,20472.0,20520.0,4288.0,88004855.0,0.0
MHImain,HKFE,2024-10-28 08:00:00,20581.0,20658.0,20415.0,20519.0,32532.0,668611538.0,0.0
MHImain,HKFE,2024-10-28 12:00:00,20519.0,20666.0,20513.0,20646.0,14878.0,306537766.0,0.0
MHImain,HKFE,2024-10-28 16:00:00,20645.0,20665.0,20533.0,20565.0,6130.0,126317824.0,0.0
MHImain,HKFE,2024-10-28 20:00:00,20565.0,20795.0,20541.0,20783.0,7462.0,154159483.0,0.0
MHImain,HKFE,2024-10-29 00:00:00,20783.0,20810.0,20716.0,20741.0,3517.0,73034602.0,0.0
MHImain,HKFE,2024-10-29 08:00:00,20700.0,20895.0,20670.0,20743.0,32424.0,673676189.0,0.0
MHImain,HKFE,2024-10-29 12:00:00,20743.0,20745.0,20551.0,20651.0,19691.0,406814303.0,0.0
MHImain,HKFE,2024-10-29 16:00:00,20646.0,21176.0,20633.0,21084.0,11671.0,244145218.0,0.0
MHImain,HKFE,2024-10-29 20:00:00,21081.0,21120.0,20746.0,20830.0,8880.0,185611591.0,0.0
MHImain,HKFE,2024-10-30 00:00:00,20829.0,20850.0,20735.0,20800.0,2639.0,54857571.0,0.0
MHImain,HKFE,2024-10-30 08:00:00,20780.0,20808.0,20522.0,20525.0,32223.0,664849302.0,0.0
MHImain,HKFE,2024-10-30 12:00:00,20525.0,20535.0,20320.0,20415.0,23657.0,482647988.0,0.0
MHImain,HKFE,2024-10-30 16:00:00,20414.0,20441.0,20334.0,20376.0,7135.0,145567467.0,0.0
MHImain,HKFE,2024-10-30 20:00:00,20375.0,20519.0,20287.0,20466.0,11331.0,231220216.0,0.0
MHImain,HKFE,2024-10-31 00:00:00,20465.0,20518.0,20453.0,20518.0,3182.0,65178321.0,0.0
MHImain,HKFE,2024-10-31 08:00:00,20501.0,20599.0,20438.0,20570.0,41016.0,841760233.0,0.0
MHImain,HKFE,2024-10-31 12:00:00,20572.0,20574.0,20361.0,20422.0,21964.0,449199881.0,0.0
MHImain,HKFE,2024-10-31 16:00:00,20423.0,20463.0,20317.0,20374.0,8517.0,173627252.0,0.0
MHImain,HKFE,2024-10-31 20:00:00,20371.0,20437.0,20229.0,20298.0,9905.0,201301642.0,0.0
MHImain,HKFE,2024-11-01 00:00:00,20295.0,20448.0,20280.0,20435.0,4702.0,95775604.0,0.0
MHImain,HKFE,2024-11-01 08:00:00,20434.0,20578.0,20380.0,20548.0,44654.0,915291334.0,0.0
MHImain,HKFE,2024-11-01 12:00:00,20546.0,20712.0,20476.0,20495.0,26062.0,536011720.0,0.0
MHImain,HKFE,2024-11-01 16:00:00,20495.0,20555.0,20473.0,20500.0,5841.0,119836475.0,0.0
MHImain,HKFE,2024-11-01 20:00:00,20503.0,20660.0,20497.0,20549.0,10788.0,222118550.0,0.0
MHImain,HKFE,2024-11-02 00:00:00,20548.0,20601.0,20456.0,20493.0,3738.0,76764011.0,0.0
MHImain,HKFE,2024-11-04 08:00:00,20555.0,20660.0,20452.0,20559.0,34433.0,708236702.0,0.0
MHImain,HKFE,2024-11-04 12:00:00,20556.0,20601.0,20490.0,20578.0,11686.0,240150139.0,0.0
MHImain,HKFE,2024-11-04 16:00:00,20579.0,20649.0,20559.0,20633.0,5939.0,122319185.0,0.0
MHImain,HKFE,2024-11-04 20:00:00,20637.0,20754.0,20579.0,20641.0,8447.0,174562756.0,0.0
MHImain,HKFE,2024-11-05 00:00:00,20643.0,20701.0,20540.0,20560.0,5260.0,108464705.0,0.0
MHImain,HKFE,2024-11-05 08:00:00,20510.0,20810.0,20375.0,20754.0,42847.0,883458388.0,0.0
MHImain,HKFE,2024-11-05 12:00:00,20753.0,20914.0,20709.0,20894.0,24121.0,502953114.0,0.0
MHImain,HKFE,2024-11-05 16:00:00,20896.0,21065.0,20890.0,20993.0,13642.0,286363337.0,0.0
MHImain,HKFE,2024-11-05 20:00:00,20994.0,21028.0,20877.0,20900.0,9533.0,199693298.0,0.0
MHImain,HKFE,2024-11-06 00:00:00,20903.0,20997.0,20868.0,20946.0,4923.0,103073528.0,0.0
MHImain,HKFE,2024-11-06 08:00:00,20875.0,20875.0,20364.0,20383.0,48284.0,999797939.0,0.0
MHImain,HKFE,2024-11-06 12:00:00,20380.0,20657.0,20351.0,20478.0,34326.0,703690045.0,0.0
MHImain,HKFE,2024-11-06 16:00:00,20476.0,20621.0,20405.0,20491.0,12554.0,257462139.0,0.0
MHImain,HKFE,2024-11-06 20:00:00,20489.0,20517.0,20217.0,20453.0,15416.0,314005380.0,0.0
MHImain,HKFE,2024-11-07 00:00:00,20453.0,20570.0,20432.0,20520.0,8778.0,179906368.0,0.0
MHImain,HKFE,2024-11-07 08:00:00,20458.0,20833.0,20350.0,20722.0,44368.0,914421851.0,0.0
MHImain,HKFE,2024-11-07 12:00:00,20722.0,20941.0,20691.0,20930.0,27037.0,563226932.0,0.0
MHImain,HKFE,2024-11-07 16:00:00,20930.0,21093.0,20906.0,21000.0,13684.0,287375089.0,0.0
MHImain,HKFE,2024-11-07 20:00:00,21001.0,21255.0,20990.0,21237.0,14477.0,306334958.0,0.0
MHImain,HKFE,2024-11-08 00:00:00,21237.0,21348.0,21178.0,21290.0,8138.0,173006209.0,0.0
MHImain,HKFE,2024-11-08 08:00:00,21250.0,21377.0,20878.0,20967.0,47609.0,1006052052.0,0.0
MHImain,HKFE,2024-11-08 12:00:00,20968.0,20971.0,20716.0,20830.0,31051.0,647279328.0,0.0
MHImain,HKFE,2024-11-08 16:00:00,20833.0,20857.0,20391.0,20445.0,30064.0,619513674.0,0.0
MHImain,HKFE,2024-11-08 20:00:00,20447.0,20610.0,20388.0,20424.0,13463.0,275535156.0,0.0
MHImain,HKFE,2024-11-09 00:00:00,20426.0,20426.0,20183.0,20285.0,12858.0,260921870.0,0.0
MHImain,HKFE,2024-11-11 08:00:00,20294.0,20407.0,20161.0,20303.0,39028.0,791180591.0,0.0
MHImain,HKFE,2024-11-11 12:00:00,20304.0,20519.0,20240.0,20426.0,27017.0,550632649.0,0.0
MHImain,HKFE,2024-11-11 16:00:00,20429.0,20493.0,20356.0,20425.0,10505.0,214486750.0,0.0
MHImain,HKFE,2024-11-11 20:00:00,20424.0,20424.0,20268.0,20324.0,7689.0,156450083.0,0.0
MHImain,HKFE,2024-11-12 00:00:00,20324.0,20358.0,20263.0,20311.0,3639.0,73897682.0,0.0
MHImain,HKFE,2024-11-12 08:00:00,20331.0,20546.0,20185.0,20188.0,36519.0,743084588.0,0.0
MHImain,HKFE,2024-11-12 12:00:00,20188.0,20196.0,19775.0,19842.0,33878.0,676002111.0,0.0
MHImain,HKFE,2024-11-12 16:00:00,19839.0,19914.0,19737.0,19803.0,13739.0,272501282.0,0.0
MHImain,HKFE,2024-11-12 20:00:00,19803.0,19880.0,19692.0,19715.0,10785.0,213384295.0,0.0
MHImain,HKFE,2024-11-13 00:00:00,19712.0,19741.0,19569.0,19629.0,6833.0,134325227.0,0.0
MHImain,HKFE,2024-11-13 08:00:00,19575.0,19783.0,19572.0,19755.0,37778.0,744042677.0,0.0
MHImain,HKFE,2024-11-13 12:00:00,19755.0,19784.0,19646.0,19748.0,19569.0,385914731.0,0.0
MHImain,HKFE,2024-11-13 16:00:00,19750.0,19975.0,19728.0,19850.0,13399.0,265862104.0,0.0
MHImain,HKFE,2024-11-13 20:00:00,19852.0,19867.0,19592.0,19640.0,11179.0,220718022.0,0.0
MHImain,HKFE,2024-11-14 00:00:00,19645.0,19676.0,19585.0,19626.0,4516.0,88686508.0,0.0
MHImain,HKFE,2024-11-14 08:00:00,19645.0,19859.0,19585.0,19740.0,32588.0,642528634.0,0.0
MHImain,HKFE,2024-11-14 12:00:00,19739.0,19746.0,19389.0,19428.0,23199.0,453406517.0,0.0
MHImain,HKFE,2024-11-14 16:00:00,19428.0,19484.0,19392.0,19428.0,10156.0,197400720.0,0.0
MHImain,HKFE,2024-11-14 20:00:00,19426.0,19555.0,19359.0,19416.0,11851.0,230749266.0,0.0
MHImain,HKFE,2024-11-15 00:00:00,19415.0,19516.0,19412.0,19463.0,4808.0,93618061.0,0.0
MHImain,HKFE,2024-11-15 08:00:00,19511.0,19626.0,19339.0,19580.0,40054.0,781472700.0,0.0
MHImain,HKFE,2024-11-15 12:00:00,19581.0,19614.0,19445.0,19470.0,18985.0,370811686.0,0.0
MHImain,HKFE,2024-11-15 16:00:00,19467.0,19518.0,19407.0,19511.0,7881.0,153365005.0,0.0
MHImain,HKFE,2024-11-15 20:00:00,19512.0,19624.0,19427.0,19475.0,11344.0,221383368.0,0.0
MHImain,HKFE,2024-11-16 00:00:00,19473.0,19494.0,19404.0,19465.0,4034.0,78465489.0,0.0
MHImain,HKFE,2024-11-18 08:00:00,19566.0,19799.0,19486.0,19722.0,40507.0,796185510.0,0.0
MHImain,HKFE,2024-11-18 12:00:00,19725.0,19755.0,19518.0,19587.0,19577.0,383976162.0,0.0
MHImain,HKFE,2024-11-18 16:00:00,19588.0,19662.0,19542.0,19620.0,7244.0,141946156.0,0.0
MHImain,HKFE,2024-11-18 20:00:00,19619.0,19738.0,19591.0,19659.0,5705.0,112201346.0,0.0
MHImain,HKFE,2024-11-19 00:00:00,19658.0,19779.0,19629.0,19767.0,3736.0,73623296.0,0.0
MHImain,HKFE,2024-11-19 08:00:00,19737.0,19794.0,19577.0,19628.0,28504.0,561121447.0,0.0
MHImain,HKFE,2024-11-19 12:00:00,19629.0,19725.0,19530.0,19668.0,19339.0,379704237.0,0.0
MHImain,HKFE,2024-11-19 16:00:00,19665.0,19693.0,19411.0,19540.0,11869.0,232308613.0,0.0
MHImain,HKFE,2024-11-19 20:00:00,19540.0,19590.0,19508.0,19558.0,6278.0,122760815.0,0.0
MHImain,HKFE,2024-11-20 00:00:00,19561.0,19618.0,19543.0,19589.0,2915.0,57098507.0,0.0
MHImain,HKFE,2024-11-20 08:00:00,19600.0,19754.0,19582.0,19653.0,26121.0,513429817.0,0.0
MHImain,HKFE,2024-11-20 12:00:00,19651.0,19779.0,19622.0,19709.0,16695.0,328658971.0,0.0
MHImain,HKFE,2024-11-20 16:00:00,19708.0,19737.0,19638.0,19645.0,5708.0,112442522.0,0.0
MHImain,HKFE,2024-11-20 20:00:00,19642.0,19693.0,19602.0,19614.0,4860.0,95474774.0,0.0
MHImain,HKFE,2024-11-21 00:00:00,19610.0,19665.0,19585.0,19620.0,3129.0,61408623.0,0.0
MHImain,HKFE,2024-11-21 08:00:00,19620.0,19787.0,19600.0,19685.0,26523.0,522148769.0,0.0
MHImain,HKFE,2024-11-21 12:00:00,19685.0,19711.0,19615.0,19661.0,11410.0,224360308.0,0.0
MHImain,HKFE,2024-11-21 16:00:00,19660.0,19681.0,19495.0,19567.0,10063.0,197145877.0,0.0
MHImain,HKFE,2024-11-21 20:00:00,19569.0,19634.0,19531.0,19621.0,6865.0,134442503.0,0.0
MHImain,HKFE,2024-11-22 00:00:00,19621.0,19645.0,19549.0,19606.0,3472.0,68018504.0,0.0
MHImain,HKFE,2024-11-22 08:00:00,19641.0,19725.0,19522.0,19604.0,26001.0,510197398.0,0.0
MHImain,HKFE,2024-11-22 12:00:00,19603.0,19605.0,19187.0,19201.0,25391.0,490972150.0,0.0
MHImain,HKFE,2024-11-22 16:00:00,19198.0,19258.0,19043.0,19147.0,13591.0,260478744.0,0.0
MHImain,HKFE,2024-11-22 20:00:00,19147.0,19220.0,19123.0,19170.0,5622.0,107819412.0,0.0
MHImain,HKFE,2024-11-23 00:00:00,19170.0,19217.0,19145.0,19213.0,2579.0,49467938.0,0.0
MHImain,HKFE,2024-11-25 08:00:00,19327.0,19385.0,19187.0,19219.0,28398.0,547973957.0,0.0
MHImain,HKFE,2024-11-25 12:00:00,19217.0,19253.0,19123.0,19214.0,16136.0,309513230.0,0.0
MHImain,HKFE,2024-11-25 16:00:00,19214.0,19231.0,19111.0,19122.0,7095.0,135977573.0,0.0
MHImain,HKFE,2024-11-25 20:00:00,19120.0,19236.0,19116.0,19161.0,4901.0,93965471.0,0.0
MHImain,HKFE,2024-11-26 00:00:00,19160.0,19255.0,19142.0,19248.0,2913.0,55896703.0,0.0
MHImain,HKFE,2024-11-26 08:00:00,19080.0,19312.0,18965.0,19251.0,28230.0,541368281.0,0.0
MHImain,HKFE,2024-11-26 12:00:00,19251.0,19310.0,19149.0,19177.0,11725.0,225350420.0,0.0
MHImain,HKFE,2024-11-26 16:00:00,19177.0,19284.0,19136.0,19264.0,6052.0,116161653.0,0.0
MHImain,HKFE,2024-11-26 20:00:00,19263.0,19308.0,19118.0,19127.0,5508.0,105918390.0,0.0
MHImain,HKFE,2024-11-27 00:00:00,19127.0,19189.0,19077.0,19180.0,3159.0,60443314.0,0.0
MHImain,HKFE,2024-11-27 08:00:00,19195.0,19306.0,19081.0,19247.0,26173.0,502572502.0,0.0
MHImain,HKFE,2024-11-27 12:00:00,19247.0,19515.0,19222.0,19513.0,16348.0,316317183.0,0.0
MHImain,HKFE,2024-11-27 16:00:00,19511.0,19693.0,19511.0,19597.0,14218.0,278941318.0,0.0
MHImain,HKFE,2024-11-27 20:00:00,19598.0,19702.0,19577.0,19651.0,3552.0,69784261.0,0.0
MHImain,HKFE,2024-11-28 00:00:00,19649.0,19705.0,19590.0,19703.0,2848.0,55926018.0,0.0
MHImain,HKFE,2024-11-28 08:00:00,19673.0,19673.0,19386.0,19409.0,24952.0,486593296.0,0.0
MHImain,HKFE,2024-11-28 12:00:00,19409.0,19462.0,19360.0,19397.0,12935.0,251015339.0,0.0
MHImain,HKFE,2024-11-28 16:00:00,19398.0,19443.0,19384.0,19428.0,4805.0,93279805.0,0.0
MHImain,HKFE,2024-11-28 20:00:00,19426.0,19475.0,19402.0,19458.0,2531.0,49206067.0,0.0
MHImain,HKFE,2024-11-29 00:00:00,19457.0,19468.0,19437.0,19467.0,1362.0,26494500.0,0.0
MHImain,HKFE,2024-11-29 08:00:00,19380.0,19538.0,19362.0,19471.0,28936.0,562796631.0,0.0
MHImain,HKFE,2024-11-29 12:00:00,19467.0,19723.0,19375.0,19432.0,31213.0,610215104.0,0.0
MHImain,HKFE,2024-11-29 16:00:00,19430.0,19577.0,19422.0,19500.0,6785.0,132227254.0,0.0
MHImain,HKFE,2024-11-29 20:00:00,19498.0,19564.0,19453.0,19550.0,5825.0,113690189.0,0.0
MHImain,HKFE,2024-11-30 00:00:00,19549.0,19673.0,19501.0,19648.0,6061.0,118859658.0,0.0
MHImain,HKFE,2024-12-02 08:00:00,19600.0,19751.0,19444.0,19538.0,35643.0,698439137.0,0.0
MHImain,HKFE,2024-12-02 12:00:00,19537.0,19603.0,19453.0,19576.0,15622.0,305058599.0,0.0
MHImain,HKFE,2024-12-02 16:00:00,19576.0,19676.0,19567.0,19645.0,9839.0,193028100.0,0.0
MHImain,HKFE,2024-12-02 20:00:00,19645.0,19707.0,19536.0,19559.0,5918.0,116110788.0,0.0
MHImain,HKFE,2024-12-03 00:00:00,19559.0,19626.0,19507.0,19622.0,4409.0,86280355.0,0.0
MHImain,HKFE,2024-12-03 08:00:00,19600.0,19661.0,19429.0,19554.0,30068.0,587948201.0,0.0
MHImain,HKFE,2024-12-03 12:00:00,19555.0,19831.0,19553.0,19709.0,28483.0,560723501.0,0.0
MHImain,HKFE,2024-12-03 16:00:00,19709.0,19823.0,19670.0,19781.0,9624.0,190195144.0,0.0
MHImain,HKFE,2024-12-03 20:00:00,19778.0,19838.0,19697.0,19708.0,8007.0,158240830.0,0.0
MHImain,HKFE,2024-12-04 00:00:00,19708.0,19815.0,19681.0,19778.0,5131.0,101353592.0,0.0
MHImain,HKFE,2024-12-04 08:00:00,19738.0,19880.0,19659.0,19852.0,31821.0,628819811.0,0.0
MHImain,HKFE,2024-12-04 12:00:00,19853.0,19887.0,19755.0,19825.0,18905.0,374839490.0,0.0
MHImain,HKFE,2024-12-04 16:00:00,19826.0,19844.0,19735.0,19776.0,8932.0,176851899.0,0.0
MHImain,HKFE,2024-12-04 20:00:00,19777.0,19796.0,19642.0,19651.0,6180.0,121872937.0,0.0
MHImain,HKFE,2024-12-05 00:00:00,19653.0,19673.0,19583.0,19640.0,5334.0,104722175.0,0.0
MHImain,HKFE,2024-12-05 08:00:00,19620.0,19684.0,19495.0,19566.0,26559.0,520289717.0,0.0
MHImain,HKFE,2024-12-05 12:00:00,19566.0,19616.0,19538.0,19580.0,10811.0,211616699.0,0.0
MHImain,HKFE,2024-12-05 16:00:00,19581.0,19673.0,19564.0,19627.0,7103.0,139344428.0,0.0
MHImain,HKFE,2024-12-05 20:00:00,19625.0,19710.0,19595.0,19678.0,4531.0,89054974.0,0.0
MHImain,HKFE,2024-12-06 00:00:00,19679.0,19708.0,19621.0,19649.0,2329.0,45814210.0,0.0
MHImain,HKFE,2024-12-06 08:00:00,19633.0,19910.0,19617.0,19885.0,36593.0,722395775.0,0.0
MHImain,HKFE,2024-12-06 12:00:00,19884.0,20004.0,19831.0,19946.0,21262.0,423621966.0,0.0
MHImain,HKFE,2024-12-06 16:00:00,19948.0,19969.0,19878.0,19929.0,8265.0,164693361.0,0.0
MHImain,HKFE,2024-12-06 20:00:00,19929.0,20010.0,19831.0,19838.0,8349.0,166329182.0,0.0
MHImain,HKFE,2024-12-07 00:00:00,19836.0,19893.0,19808.0,19823.0,4345.0,86236795.0,0.0
MHImain,HKFE,2024-12-09 08:00:00,19800.0,19991.0,19733.0,19843.0,30665.0,608726974.0,0.0
MHImain,HKFE,2024-12-09 12:00:00,19843.0,19862.0,19737.0,19848.0,17736.0,351192152.0,0.0
MHImain,HKFE,2024-12-09 16:00:00,19849.0,20895.0,19822.0,20833.0,51978.0,1061461187.0,0.0
MHImain,HKFE,2024-12-09 20:00:00,20837.0,21280.0,20811.0,21198.0,21674.0,456358539.0,0.0
MHImain,HKFE,2024-12-10 00:00:00,21196.0,21384.0,21110.0,21357.0,13771.0,292940839.0,0.0
MHImain,HKFE,2024-12-10 08:00:00,21152.0,21235.0,20592.0,20695.0,60058.0,1250915652.0,0.0
MHImain,HKFE,2024-12-10 12:00:00,20697.0,20759.0,20460.0,20500.0,27275.0,561827913.0,0.0
MHImain,HKFE,2024-12-10 16:00:00,20505.0,20522.0,20250.0,20362.0,17595.0,358901597.0,0.0
MHImain,HKFE,2024-12-10 20:00:00,20362.0,20518.0,20361.0,20423.0,10008.0,204577582.0,0.0
MHImain,HKFE,2024-12-11 00:00:00,20419.0,20469.0,20368.0,20420.0,3990.0,81462765.0,0.0
MHImain,HKFE,2024-12-11 08:00:00,20400.0,20562.0,20305.0,20391.0,31728.0,649756245.0,0.0
MHImain,HKFE,2024-12-11 12:00:00,20390.0,20434.0,20206.0,20261.0,20979.0,425947891.0,0.0
MHImain,HKFE,2024-12-11 16:00:00,20263.0,20276.0,20125.0,20245.0,15093.0,304936741.0,0.0
MHImain,HKFE,2024-12-11 20:00:00,20245.0,20319.0,20134.0,20183.0,8940.0,180885550.0,0.0
MHImain,HKFE,2024-12-12 00:00:00,20183.0,20242.0,20144.0,20205.0,3558.0,71850660.0,0.0
MHImain,HKFE,2024-12-12 08:00:00,20293.0,20421.0,20167.0,20406.0,29790.0,603551332.0,0.0
MHImain,HKFE,2024-12-12 12:00:00,20406.0,20608.0,20405.0,20566.0,32946.0,675474567.0,0.0
MHImain,HKFE,2024-12-12 16:00:00,20566.0,20566.0,20232.0,20251.0,16138.0,330267051.0,0.0
MHImain,HKFE,2024-12-12 20:00:00,20251.0,20365.0,20080.0,20254.0,19883.0,402382054.0,0.0
MHImain,HKFE,2024-12-13 00:00:00,20254.0,20257.0,20151.0,20216.0,4499.0,90922483.0,0.0
MHImain,HKFE,2024-12-13 08:00:00,20165.0,20282.0,20042.0,20115.0,32101.0,646508609.0,0.0
MHImain,HKFE,2024-12-13 12:00:00,20112.0,20160.0,20028.0,20071.0,16789.0,337400004.0,0.0
MHImain,HKFE,2024-12-13 16:00:00,20070.0,20087.0,19941.0,20053.0,13051.0,261234431.0,0.0
MHImain,HKFE,2024-12-13 20:00:00,20052.0,20074.0,19884.0,19913.0,6459.0,129043604.0,0.0
MHImain,HKFE,2024-12-14 00:00:00,19914.0,19981.0,19894.0,19969.0,4083.0,81385731.0,0.0
MHImain,HKFE,2024-12-16 08:00:00,19988.0,20095.0,19824.0,19862.0,28297.0,565164121.0,0.0
MHImain,HKFE,2024-12-16 12:00:00,19863.0,19933.0,19759.0,19802.0,15574.0,309118916.0,0.0
MHImain,HKFE,2024-12-16 16:00:00,19804.0,19844.0,19739.0,19739.0,8182.0,162040220.0,0.0
MHImain,HKFE,2024-12-16 20:00:00,19742.0,19822.0,19703.0,19780.0,5269.0,104119476.0,0.0
MHImain,HKFE,2024-12-17 00:00:00,19778.0,19782.0,19706.0,19760.0,2985.0,58936186.0,0.0
MHImain,HKFE,2024-12-17 08:00:00,19700.0,19829.0,19641.0,19682.0,29973.0,591558707.0,0.0
MHImain,HKFE,2024-12-17 12:00:00,19684.0,19975.0,19682.0,19765.0,24447.0,484306459.0,0.0
MHImain,HKFE,2024-12-17 16:00:00,19767.0,19827.0,19714.0,19753.0,7170.0,141748393.0,0.0
MHImain,HKFE,2024-12-17 20:00:00,19753.0,19812.0,19721.0,19805.0,4953.0,97886634.0,0.0
MHImain,HKFE,2024-12-18 00:00:00,19805.0,19949.0,19798.0,19876.0,6369.0,126666815.0,0.0
MHImain,HKFE,2024-12-18 08:00:00,19900.0,19967.0,19837.0,19860.0,23900.0,475712707.0,0.0
MHImain,HKFE,2024-12-18 12:00:00,19861.0,20000.0,19830.0,19922.0,16477.0,328036895.0,0.0
MHImain,HKFE,2024-12-18 16:00:00,19923.0,19957.0,19781.0,19871.0,7988.0,158803012.0,0.0
MHImain,HKFE,2024-12-18 20:00:00,19869.0,19906.0,19806.0,19841.0,4239.0,84140442.0,0.0
MHImain,HKFE,2024-12-19 00:00:00,19843.0,19875.0,19819.0,19875.0,1995.0,39593236.0,0.0
MHImain,HKFE,2024-12-19 08:00:00,19633.0,19733.0,19549.0,19660.0,26643.0,523781112.0,0.0
MHImain,HKFE,2024-12-19 12:00:00,19661.0,19843.0,19641.0,19840.0,17801.0,351610049.0,0.0
MHImain,HKFE,2024-12-19 16:00:00,19839.0,19872.0,19737.0,19756.0,9332.0,184771161.0,0.0
MHImain,HKFE,2024-12-19 20:00:00,19753.0,19812.0,19735.0,19805.0,4580.0,90536767.0,0.0
MHImain,HKFE,2024-12-20 00:00:00,19803.0,19804.0,19683.0,19727.0,3471.0,68495358.0,0.0
MHImain,HKFE,2024-12-20 08:00:00,19675.0,19891.0,19651.0,19855.0,26641.0,527103309.0,0.0
MHImain,HKFE,2024-12-20 12:00:00,19854.0,19860.0,19712.0,19800.0,14468.0,286213297.0,0.0
MHImain,HKFE,2024-12-20 16:00:00,19802.0,19810.0,19637.0,19696.0,9426.0,185884613.0,0.0
MHImain,HKFE,2024-12-20 20:00:00,19693.0,19801.0,19664.0,19796.0,5663.0,111714837.0,0.0
MHImain,HKFE,2024-12-21 00:00:00,19797.0,19923.0,19793.0,19885.0,5406.0,107392725.0,0.0
MHImain,HKFE,2024-12-23 08:00:00,19850.0,19932.0,19759.0,19819.0,23040.0,457001642.0,0.0
MHImain,HKFE,2024-12-23 12:00:00,19819.0,19965.0,19805.0,19877.0,14330.0,284762471.0,0.0
MHImain,HKFE,2024-12-23 16:00:00,19876.0,19963.0,19860.0,19889.0,7715.0,153551118.0,0.0
MHImain,HKFE,2024-12-23 20:00:00,19889.0,19900.0,19820.0,19832.0,3927.0,77983170.0,0.0
MHImain,HKFE,2024-12-24 00:00:00,19833.0,19934.0,19816.0,19915.0,2469.0,49056448.0,0.0
MHImain,HKFE,2024-12-24 08:00:00,19926.0,20162.0,19888.0,20148.0,24071.0,482362333.0,0.0
MHImain,HKFE,2024-12-24 12:00:00,20149.0,20176.0,20081.0,20145.0,5484.0,110365313.0,0.0
MHImain,HKFE,2024-12-27 08:00:00,20192.0,20199.0,19992.0,20143.0,23540.0,472649223.0,0.0
MHImain,HKFE,2024-12-27 12:00:00,20142.0,20169.0,20054.0,20056.0,10186.0,204764435.0,0.0
MHImain,HKFE,2024-12-27 16:00:00,20056.0,20112.0,20040.0,20082.0,5094.0,102280786.0,0.0
MHImain,HKFE,2024-12-27 20:00:00,20083.0,20130.0,20028.0,20043.0,1941.0,38983683.0,0.0
MHImain,HKFE,2024-12-28 00:00:00,20042.0,20136.0,20037.0,20130.0,1986.0,39919388.0,0.0
MHImain,HKFE,2024-12-30 08:00:00,20050.0,20215.0,19975.0,20006.0,20848.0,418802147.0,0.0
MHImain,HKFE,2024-12-30 12:00:00,20005.0,20140.0,19964.0,20104.0,14068.0,282196850.0,0.0
MHImain,HKFE,2024-12-30 16:00:00,20106.0,20131.0,20006.0,20059.0,6009.0,120546212.0,0.0
MHImain,HKFE,2024-12-30 20:00:00,20060.0,20082.0,19913.0,19928.0,5846.0,116886045.0,0.0
MHImain,HKFE,2024-12-31 00:00:00,19927.0,19986.0,19882.0,19975.0,3371.0,67170549.0,0.0
MHImain,HKFE,2024-12-31 08:00:00,19960.0,20178.0,19960.0,20103.0,22668.0,455546738.0,0.0
MHImain,HKFE,2024-12-31 12:00:00,20103.0,20185.0,20049.0,20089.0,5753.0,115730897.0,0.0
MHImain,HKFE,2025-01-02 08:00:00,20060.0,20074.0,19558.0,19787.0,44342.0,876790663.0,0.0
MHImain,HKFE,2025-01-02 12:00:00,19787.0,19839.0,19588.0,19642.0,19131.0,377187620.0,0.0
MHImain,HKFE,2025-01-02 16:00:00,19642.0,19657.0,19551.0,19580.0,7643.0,149970348.0,0.0
MHImain,HKFE,2025-01-02 20:00:00,19580.0,19709.0,19567.0,19658.0,5057.0,99362600.0,0.0
MHImain,HKFE,2025-01-03 00:00:00,19660.0,19717.0,19588.0,19602.0,3786.0,74424960.0,0.0
MHImain,HKFE,2025-01-03 08:00:00,19700.0,19936.0,19652.0,19927.0,34611.0,684662993.0,0.0
MHImain,HKFE,2025-01-03 12:00:00,19928.0,19934.0,19664.0,19731.0,20408.0,403434519.0,0.0
MHImain,HKFE,2025-01-03 16:00:00,19727.0,19797.0,19693.0,19748.0,7483.0,147771060.0,0.0
MHImain,HKFE,2025-01-03 20:00:00,19747.0,19829.0,19744.0,19774.0,3723.0,73656508.0,0.0
MHImain,HKFE,2025-01-04 00:00:00,19774.0,19833.0,19746.0,19828.0,2417.0,47854271.0,0.0
MHImain,HKFE,2025-01-06 08:00:00,19840.0,19918.0,19673.0,19819.0,30846.0,610388177.0,0.0
MHImain,HKFE,2025-01-06 12:00:00,19820.0,19824.0,19654.0,19680.0,14242.0,280750808.0,0.0
MHImain,HKFE,2025-01-06 16:00:00,19681.0,19802.0,19681.0,19797.0,7236.0,142756883.0,0.0
MHImain,HKFE,2025-01-06 20:00:00,19796.0,20179.0,19796.0,19991.0,23954.0,479485742.0,0.0
MHImain,HKFE,2025-01-07 00:00:00,19990.0,19990.0,19623.0,19665.0,9524.0,188481297.0,0.0
MHImain,HKFE,2025-01-07 08:00:00,19628.0,19698.0,19316.0,19371.0,39560.0,772881161.0,0.0
MHImain,HKFE,2025-01-07 12:00:00,19369.0,19403.0,19270.0,19369.0,16546.0,320070106.0,0.0
MHImain,HKFE,2025-01-07 16:00:00,19370.0,19557.0,19369.0,19524.0,11721.0,228224459.0,0.0
MHImain,HKFE,2025-01-07 20:00:00,19523.0,19574.0,19474.0,19490.0,6220.0,121419901.0,0.0
MHImain,HKFE,2025-01-08 00:00:00,19489.0,19547.0,19434.0,19442.0,4039.0,78720756.0,0.0
MHImain,HKFE,2025-01-08 08:00:00,19468.0,19516.0,19238.0,19243.0,29140.0,564702735.0,0.0
MHImain,HKFE,2025-01-08 12:00:00,19243.0,19372.0,19137.0,19277.0,26661.0,513269653.0,0.0
MHImain,HKFE,2025-01-08 16:00:00,19277.0,19356.0,19277.0,19303.0,6330.0,122236016.0,0.0
MHImain,HKFE,2025-01-08 20:00:00,19302.0,19304.0,19114.0,19231.0,11599.0,222651195.0,0.0
MHImain,HKFE,2025-01-09 00:00:00,19232.0,19295.0,19208.0,19265.0,3307.0,63670188.0,0.0
MHImain,HKFE,2025-01-09 08:00:00,19245.0,19432.0,19245.0,19388.0,27088.0,524002452.0,0.0
MHImain,HKFE,2025-01-09 12:00:00,19388.0,19396.0,19245.0,19292.0,12095.0,233467050.0,0.0
MHImain,HKFE,2025-01-09 16:00:00,19291.0,19397.0,19242.0,19338.0,7348.0,141843115.0,0.0
MHImain,HKFE,2025-01-09 20:00:00,19339.0,19376.0,19318.0,19325.0,2816.0,54481173.0,0.0
MHImain,HKFE,2025-01-10 00:00:00,19324.0,19346.0,19302.0,19317.0,1400.0,27049675.0,0.0
MHImain,HKFE,2025-01-10 08:00:00,19306.0,19395.0,19169.0,19212.0,30949.0,596703450.0,0.0
MHImain,HKFE,2025-01-10 12:00:00,19210.0,19223.0,19055.0,19063.0,19004.0,363634135.0,0.0
MHImain,HKFE,2025-01-10 16:00:00,19062.0,19120.0,19061.0,19106.0,6064.0,115787327.0,0.0
MHImain,HKFE,2025-01-10 20:00:00,19109.0,19133.0,18912.0,18952.0,8937.0,169918587.0,0.0
MHImain,HKFE,2025-01-11 00:00:00,18953.0,18995.0,18901.0,18969.0,4562.0,86454153.0,0.0
MHImain,HKFE,2025-01-13 08:00:00,18910.0,18975.0,18693.0,18856.0,36675.0,690083154.0,0.0
MHImain,HKFE,2025-01-13 12:00:00,18854.0,18908.0,18827.0,18888.0,12189.0,230001757.0,0.0
MHImain,HKFE,2025-01-13 16:00:00,18889.0,18957.0,18831.0,18850.0,8642.0,163364750.0,0.0
MHImain,HKFE,2025-01-13 20:00:00,18851.0,18942.0,18834.0,18851.0,5197.0,98100653.0,0.0
MHImain,HKFE,2025-01-14 00:00:00,18852.0,18909.0,18814.0,18894.0,3526.0,66493382.0,0.0
MHImain,HKFE,2025-01-14 08:00:00,18938.0,19241.0,18926.0,19235.0,35584.0,678185194.0,0.0
MHImain,HKFE,2025-01-14 12:00:00,19235.0,19365.0,19155.0,19264.0,26119.0,503043664.0,0.0
MHImain,HKFE,2025-01-14 16:00:00,19265.0,19277.0,19229.0,19247.0,7136.0,137380847.0,0.0
MHImain,HKFE,2025-01-14 20:00:00,19246.0,19310.0,19173.0,19205.0,6823.0,131235420.0,0.0
MHImain,HKFE,2025-01-15 00:00:00,19205.0,19233.0,19177.0,19208.0,3002.0,57646387.0,0.0
MHImain,HKFE,2025-01-15 08:00:00,19205.0,19349.0,19174.0,19306.0,29115.0,560463603.0,0.0
MHImain,HKFE,2025-01-15 12:00:00,19307.0,19313.0,19223.0,19287.0,10680.0,205792498.0,0.0
MHImain,HKFE,2025-01-15 16:00:00,19286.0,19327.0,19273.0,19326.0,5268.0,101657330.0,0.0
MHImain,HKFE,2025-01-15 20:00:00,19326.0,19495.0,19313.0,19407.0,10304.0,200038322.0,0.0
MHImain,HKFE,2025-01-16 00:00:00,19407.0,19434.0,19361.0,19427.0,2847.0,55235125.0,0.0
MHImain,HKFE,2025-01-16 08:00:00,19445.0,19710.0,19437.0,19450.0,39883.0,780819000.0,0.0
MHImain,HKFE,2025-01-16 12:00:00,19450.0,19559.0,19368.0,19537.0,20107.0,391431422.0,0.0
MHImain,HKFE,2025-01-16 16:00:00,19537.0,19578.0,19499.0,19519.0,7364.0,143883193.0,0.0
MHImain,HKFE,2025-01-16 20:00:00,19519.0,19523.0,19444.0,19476.0,4835.0,94174026.0,0.0
MHImain,HKFE,2025-01-17 00:00:00,19474.0,19525.0,19454.0,19482.0,2569.0,50050384.0,0.0
MHImain,HKFE,2025-01-17 08:00:00,19475.0,19609.0,19437.0,19533.0,26690.0,521125945.0,0.0
MHImain,HKFE,2025-01-17 12:00:00,19532.0,19679.0,19513.0,19606.0,17549.0,343974738.0,0.0
MHImain,HKFE,2025-01-17 16:00:00,19609.0,19627.0,19576.0,19607.0,5314.0,104158696.0,0.0
MHImain,HKFE,2025-01-17 20:00:00,19606.0,20008.0,19541.0,19907.0,18838.0,372329092.0,0.0
MHImain,HKFE,2025-01-18 00:00:00,19902.0,19942.0,19812.0,19843.0,8160.0,162152784.0,0.0
MHImain,HKFE,2025-01-20 08:00:00,19853.0,20098.0,19817.0,20020.0,36180.0,721947279.0,0.0
MHImain,HKFE,2025-01-20 12:00:00,20019.0,20148.0,19924.0,19977.0,21727.0,435622278.0,0.0
MHImain,HKFE,2025-01-20 16:00:00,19978.0,19989.0,19909.0,19933.0,7258.0,144821852.0,0.0
MHImain,HKFE,2025-01-20 20:00:00,19931.0,20409.0,19890.0,20362.0,19213.0,387954983.0,0.0
MHImain,HKFE,2025-01-21 00:00:00,20363.0,20374.0,20207.0,20279.0,8147.0,165373168.0,0.0
MHImain,HKFE,2025-01-21 08:00:00,20188.0,20235.0,19952.0,20095.0,36652.0,735705043.0,0.0
MHImain,HKFE,2025-01-21 12:00:00,20095.0,20260.0,20095.0,20141.0,24602.0,496175553.0,0.0
MHImain,HKFE,2025-01-21 16:00:00,20140.0,20177.0,20053.0,20067.0,8400.0,169086804.0,0.0
MHImain,HKFE,2025-01-21 20:00:00,20067.0,20092.0,19898.0,19921.0,10189.0,203810320.0,0.0
MHImain,HKFE,2025-01-22 00:00:00,19921.0,20041.0,19906.0,20030.0,4199.0,83890300.0,0.0
MHImain,HKFE,2025-01-22 08:00:00,19980.0,20073.0,19790.0,19871.0,32672.0,650800170.0,0.0
MHImain,HKFE,2025-01-22 12:00:00,19872.0,19890.0,19765.0,19784.0,14245.0,282344290.0,0.0
MHImain,HKFE,2025-01-22 16:00:00,19781.0,20025.0,19774.0,19993.0,11880.0,236388196.0,0.0
MHImain,HKFE,2025-01-22 20:00:00,19994.0,19998.0,19797.0,19915.0,7700.0,153181229.0,0.0
MHImain,HKFE,2025-01-23 00:00:00,19913.0,19942.0,19830.0,19927.0,3568.0,70954156.0,0.0
MHImain,HKFE,2025-01-23 08:00:00,19948.0,20083.0,19824.0,19829.0,34666.0,691252105.0,0.0
MHImain,HKFE,2025-01-23 12:00:00,19829.0,19916.0,19665.0,19687.0,20603.0,407387344.0,0.0
MHImain,HKFE,2025-01-23 16:00:00,19686.0,19743.0,19672.0,19723.0,6823.0,134479561.0,0.0
MHImain,HKFE,2025-01-23 20:00:00,19721.0,19764.0,19695.0,19748.0,3323.0,65579514.0,0.0
MHImain,HKFE,2025-01-24 00:00:00,19751.0,19822.0,19701.0,19808.0,3940.0,77871913.0,0.0
MHImain,HKFE,2025-01-24 08:00:00,19800.0,20150.0,19786.0,20065.0,39692.0,792575970.0,0.0
MHImain,HKFE,2025-01-24 12:00:00,20063.0,20175.0,20040.0,20092.0,17363.0,349173963.0,0.0
MHImain,HKFE,2025-01-24 16:00:00,20091.0,20163.0,20033.0,20105.0,7099.0,142516912.0,0.0
MHImain,HKFE,2025-01-24 20:00:00,20103.0,20123.0,20032.0,20083.0,2067.0,41508821.0,0.0
MHImain,HKFE,2025-01-25 00:00:00,20085.0,20234.0,20082.0,20179.0,2792.0,56327791.0,0.0
MHImain,HKFE,2025-01-27 08:00:00,20128.0,20364.0,20093.0,20333.0,27291.0,552976308.0,0.0
MHImain,HKFE,2025-01-27 12:00:00,20333.0,20377.0,20252.0,20269.0,12548.0,254822897.0,0.0
MHImain,HKFE,2025-01-27 16:00:00,20269.0,20532.0,20215.0,20487.0,13451.0,273747919.0,0.0
MHImain,HKFE,2025-01-27 20:00:00,20487.0,20508.0,20293.0,20322.0,9323.0,190287322.0,0.0
MHImain,HKFE,2025-01-28 00:00:00,20320.0,20446.0,20315.0,20427.0,4470.0,91144388.0,0.0
MHImain,HKFE,2025-01-28 08:00:00,20393.0,20453.0,20228.0,20314.0,26087.0,529850200.0,0.0
MHImain,HKFE,2025-01-28 12:00:00,20315.0,20350.0,20273.0,20316.0,3620.0,73503001.0,0.0
MHImain,HKFE,2025-02-03 08:00:00,20043.0,20188.0,19785.0,20050.0,45876.0,915569484.0,0.0
MHImain,HKFE,2025-02-03 12:00:00,20054.0,20237.0,20039.0,20208.0,24937.0,502220786.0,0.0
MHImain,HKFE,2025-02-03 16:00:00,20208.0,20339.0,20198.0,20336.0,11437.0,231804060.0,0.0
MHImain,HKFE,2025-02-03 20:00:00,20331.0,20500.0,20226.0,20449.0,10354.0,210972254.0,0.0
MHImain,HKFE,2025-02-04 00:00:00,20452.0,20688.0,20433.0,20485.0,15191.0,312744877.0,0.0
MHImain,HKFE,2025-02-04 08:00:00,20504.0,20959.0,20473.0,20818.0,45326.0,940162625.0,0.0
MHImain,HKFE,2025-02-04 12:00:00,20817.0,20836.0,20333.0,20759.0,41794.0,861261613.0,0.0
MHImain,HKFE,2025-02-04 16:00:00,20761.0,20870.0,20735.0,20814.0,12103.0,251898846.0,0.0
MHImain,HKFE,2025-02-04 20:00:00,20812.0,20918.0,20765.0,20904.0,7299.0,152106257.0,0.0
MHImain,HKFE,2025-02-05 00:00:00,20908.0,21075.0,20899.0,20965.0,9663.0,202873860.0,0.0
MHImain,HKFE,2025-02-05 08:00:00,20919.0,20957.0,20468.0,20723.0,44567.0,919893667.0,0.0
MHImain,HKFE,2025-02-05 12:00:00,20722.0,20773.0,20558.0,20583.0,20617.0,425770088.0,0.0
MHImain,HKFE,2025-02-05 16:00:00,20583.0,20672.0,20517.0,20641.0,9804.0,202118894.0,0.0
MHImain,HKFE,2025-02-05 20:00:00,20641.0,20730.0,20606.0,20645.0,8724.0,180255785.0,0.0
MHImain,HKFE,2025-02-06 00:00:00,20642.0,20723.0,20608.0,20685.0,4640.0,95909786.0,0.0
MHImain,HKFE,2025-02-06 08:00:00,20670.0,20850.0,20576.0,20760.0,37212.0,769944890.0,0.0
MHImain,HKFE,2025-02-06 12:00:00,20761.0,20878.0,20685.0,20853.0,20271.0,421191492.0,0.0
MHImain,HKFE,2025-02-06 16:00:00,20855.0,20998.0,20838.0,20942.0,12536.0,262224098.0,0.0
MHImain,HKFE,2025-02-06 20:00:00,20940.0,20974.0,20877.0,20891.0,6397.0,133817376.0,0.0
MHImain,HKFE,2025-02-07 00:00:00,20894.0,20998.0,20891.0,20894.0,5858.0,122691595.0,0.0
MHImain,HKFE,2025-02-07 08:00:00,20900.0,21242.0,20848.0,21229.0,42497.0,894454410.0,0.0
MHImain,HKFE,2025-02-07 12:00:00,21230.0,21275.0,20971.0,21152.0,34485.0,729172745.0,0.0
MHImain,HKFE,2025-02-07 16:00:00,21153.0,21337.0,21130.0,21267.0,12612.0,267552762.0,0.0
MHImain,HKFE,2025-02-07 20:00:00,21267.0,21436.0,21181.0,21356.0,13708.0,292071136.0,0.0
MHImain,HKFE,2025-02-08 00:00:00,21360.0,21422.0,21119.0,21149.0,16983.0,360515996.0,0.0
MHImain,HKFE,2025-02-10 08:00:00,21180.0,21580.0,21180.0,21441.0,51069.0,1094595978.0,0.0
MHImain,HKFE,2025-02-10 12:00:00,21440.0,21596.0,21422.0,21531.0,23539.0,506564902.0,0.0
MHImain,HKFE,2025-02-10 16:00:00,21532.0,21666.0,21526.0,21638.0,11468.0,247380016.0,0.0
MHImain,HKFE,2025-02-10 20:00:00,21638.0,21644.0,21484.0,21576.0,9149.0,197374443.0,0.0
MHImain,HKFE,2025-02-11 00:00:00,21575.0,21666.0,21528.0,21581.0,5466.0,118068154.0,0.0
MHImain,HKFE,2025-02-11 08:00:00,21600.0,21727.0,21338.0,21355.0,49639.0,1069360973.0,0.0
MHImain,HKFE,2025-02-11 12:00:00,21355.0,21533.0,21351.0,21441.0,22758.0,488558339.0,0.0
MHImain,HKFE,2025-02-11 16:00:00,21445.0,21458.0,21316.0,21387.0,11671.0,249459875.0,0.0
MHImain,HKFE,2025-02-11 20:00:00,21385.0,21579.0,21309.0,21573.0,14439.0,309682921.0,0.0
MHImain,HKFE,2025-02-12 00:00:00,21569.0,21647.0,21546.0,21563.0,6652.0,143667879.0,0.0
MHImain,HKFE,2025-02-12 08:00:00,21541.0,21828.0,21458.0,21723.0,54421.0,1178759580.0,0.0
MHImain,HKFE,2025-02-12 12:00:00,21724.0,21869.0,21615.0,21822.0,31438.0,683182045.0,0.0
MHImain,HKFE,2025-02-12 16:00:00,21823.0,21972.0,21799.0,21942.0,16797.0,367605161.0,0.0
MHImain,HKFE,2025-02-12 20:00:00,21940.0,21950.0,21757.0,21812.0,14809.0,323522291.0,0.0
MHImain,HKFE,2025-02-13 00:00:00,21812.0,22163.0,21805.0,22060.0,12666.0,278844912.0,0.0
MHImain,HKFE,2025-02-13 08:00:00,22080.0,22218.0,21957.0,22172.0,50458.0,1115432822.0,0.0
MHImain,HKFE,2025-02-13 12:00:00,22169.0,22570.0,22165.0,22188.0,53672.0,1199425517.0,0.0
MHImain,HKFE,2025-02-13 16:00:00,22189.0,22206.0,21737.0,21842.0,38704.0,849585321.0,0.0
MHImain,HKFE,2025-02-13 20:00:00,21838.0,21901.0,21661.0,21876.0,15466.0,336825385.0,0.0
MHImain,HKFE,2025-02-14 00:00:00,21875.0,22007.0,21835.0,21951.0,8695.0,190635033.0,0.0
MHImain,HKFE,2025-02-14 08:00:00,22000.0,22431.0,22000.0,22426.0,51973.0,1154584734.0,0.0
MHImain,HKFE,2025-02-14 12:00:00,22427.0,22471.0,22145.0,22459.0,50582.0,1130122493.0,0.0
MHImain,HKFE,2025-02-14 16:00:00,22459.0,22704.0,22433.0,22594.0,29060.0,656148038.0,0.0
MHImain,HKFE,2025-02-14 20:00:00,22598.0,22658.0,22516.0,22535.0,11311.0,255468854.0,0.0
MHImain,HKFE,2025-02-15 00:00:00,22532.0,22580.0,22430.0,22517.0,10036.0,225806537.0,0.0
MHImain,HKFE,2025-02-17 08:00:00,22600.0,23000.0,22553.0,22690.0,72928.0,1661439800.0,0.0
MHImain,HKFE,2025-02-17 12:00:00,22690.0,22764.0,22359.0,22716.0,53788.0,1214400322.0,0.0
MHImain,HKFE,2025-02-17 16:00:00,22717.0,22773.0,22597.0,22631.0,14728.0,333850528.0,0.0
MHImain,HKFE,2025-02-17 20:00:00,22631.0,22725.0,22615.0,22723.0,3202.0,72597119.0,0.0
MHImain,HKFE,2025-02-18 00:00:00,22723.0,22751.0,22692.0,22712.0,2171.0,49322147.0,0.0
MHImain,HKFE,2025-02-18 08:00:00,22650.0,23077.0,22616.0,22994.0,63912.0,1461270496.0,0.0
MHImain,HKFE,2025-02-18 12:00:00,22990.0,23175.0,22727.0,22854.0,56881.0,1305797455.0,0.0
MHImain,HKFE,2025-02-18 16:00:00,22853.0,23024.0,22842.0,22879.0,15319.0,351196087.0,0.0
MHImain,HKFE,2025-02-18 20:00:00,22877.0,22916.0,22723.0,22762.0,8858.0,202167845.0,0.0
MHImain,HKFE,2025-02-19 00:00:00,22760.0,22826.0,22681.0,22774.0,7331.0,166733734.0,0.0
MHImain,HKFE,2025-02-19 08:00:00,22815.0,22995.0,22655.0,22910.0,51460.0,1175913025.0,0.0
MHImain,HKFE,2025-02-19 12:00:00,22909.0,22991.0,22792.0,22942.0,32772.0,750363610.0,0.0
MHImain,HKFE,2025-02-19 16:00:00,22935.0,22972.0,22868.0,22870.0,8779.0,201295740.0,0.0
MHImain,HKFE,2025-02-19 20:00:00,22870.0,22893.0,22691.0,22737.0,12855.0,293113920.0,0.0
MHImain,HKFE,2025-02-20 00:00:00,22737.0,22850.0,22713.0,22757.0,7316.0,166605282.0,0.0
MHImain,HKFE,2025-02-20 08:00:00,22690.0,22863.0,22459.0,22579.0,58352.0,1320516815.0,0.0
MHImain,HKFE,2025-02-20 12:00:00,22577.0,22796.0,22534.0,22647.0,31622.0,717347829.0,0.0
MHImain,HKFE,2025-02-20 16:00:00,22645.0,22929.0,22570.0,22903.0,17679.0,401276603.0,0.0
MHImain,HKFE,2025-02-20 20:00:00,22904.0,23330.0,22871.0,23175.0,29919.0,691052878.0,0.0
MHImain,HKFE,2025-02-21 00:00:00,23174.0,23200.0,22871.0,23042.0,18211.0,419602907.0,0.0
MHImain,HKFE,2025-02-21 08:00:00,23100.0,23230.0,22916.0,23188.0,53111.0,1225462710.0,0.0
MHImain,HKFE,2025-02-21 12:00:00,23188.0,23387.0,23165.0,23336.0,43319.0,1008525127.0,0.0
MHImain,HKFE,2025-02-21 16:00:00,23338.0,23540.0,23338.0,23484.0,24395.0,571881309.0,0.0
MHImain,HKFE,2025-02-21 20:00:00,23484.0,23719.0,23458.0,23609.0,15778.0,371945913.0,0.0
MHImain,HKFE,2025-02-22 00:00:00,23610.0,23658.0,23401.0,23402.0,17746.0,417766963.0,0.0
MHImain,HKFE,2025-02-24 08:00:00,23485.0,23685.0,23230.0,23531.0,61562.0,1446458424.0,0.0
MHImain,HKFE,2025-02-24 12:00:00,23532.0,23568.0,23247.0,23517.0,38531.0,900639157.0,0.0
MHImain,HKFE,2025-02-24 16:00:00,23516.0,23551.0,23277.0,23295.0,13740.0,321605340.0,0.0
MHImain,HKFE,2025-02-24 20:00:00,23295.0,23331.0,22846.0,22934.0,18042.0,416246613.0,0.0
MHImain,HKFE,2025-02-25 00:00:00,22930.0,22941.0,22780.0,22847.0,9353.0,213803428.0,0.0
MHImain,HKFE,2025-02-25 08:00:00,22770.0,23222.0,22745.0,23218.0,54353.0,1248049782.0,0.0
MHImain,HKFE,2025-02-25 12:00:00,23220.0,23248.0,22910.0,22963.0,35437.0,819510429.0,0.0
MHImain,HKFE,2025-02-25 16:00:00,22964.0,23133.0,22894.0,23128.0,14528.0,334325204.0,0.0
MHImain,HKFE,2025-02-25 20:00:00,23128.0,23209.0,23006.0,23042.0,11077.0,256192798.0,0.0
MHImain,HKFE,2025-02-26 00:00:00,23042.0,23176.0,22962.0,23150.0,7432.0,171664488.0,0.0
MHImain,HKFE,2025-02-26 08:00:00,23160.0,23693.0,23160.0,23658.0,48320.0,1134290249.0,0.0
MHImain,HKFE,2025-02-26 12:00:00,23659.0,23852.0,23533.0,23832.0,32731.0,775985256.0,0.0
MHImain,HKFE,2025-02-26 16:00:00,23834.0,23986.0,23654.0,23736.0,23330.0,555191830.0,0.0
MHImain,HKFE,2025-02-26 20:00:00,23738.0,23799.0,23651.0,23779.0,6751.0,160244648.0,0.0
MHImain,HKFE,2025-02-27 00:00:00,23776.0,23886.0,23650.0,23666.0,5797.0,137900436.0,0.0
MHImain,HKFE,2025-02-27 08:00:00,23730.0,24055.0,23527.0,23678.0,64824.0,1541643737.0,0.0
MHImain,HKFE,2025-02-27 12:00:00,23681.0,23896.0,23453.0,23843.0,44612.0,1056090801.0,0.0
MHImain,HKFE,2025-02-27 16:00:00,23842.0,23881.0,23622.0,23848.0,20980.0,497588143.0,0.0
MHImain,HKFE,2025-02-27 20:00:00,23849.0,23914.0,23408.0,23517.0,33266.0,786178129.0,0.0
MHImain,HKFE,2025-02-28 00:00:00,23519.0,23737.0,23470.0,23720.0,12258.0,289499837.0,0.0
MHImain,HKFE,2025-02-28 08:00:00,23513.0,23625.0,23155.0,23217.0,64036.0,1495897679.0,0.0
MHImain,HKFE,2025-02-28 12:00:00,23219.0,23221.0,22869.0,22876.0,46924.0,1081413828.0,0.0
MHImain,HKFE,2025-02-28 16:00:00,22875.0,23031.0,22778.0,22996.0,25057.0,573710345.0,0.0
MHImain,HKFE,2025-02-28 20:00:00,22996.0,23077.0,22897.0,23034.0,14737.0,338895040.0,0.0
MHImain,HKFE,2025-03-01 00:00:00,23034.0,23087.0,22877.0,22919.0,9827.0,226094359.0,0.0
MHImain,HKFE,2025-03-03 08:00:00,23098.0,23374.0,22998.0,23173.0,63841.0,1481460705.0,0.0
MHImain,HKFE,2025-03-03 12:00:00,23177.0,23266.0,22837.0,22943.0,40525.0,934322742.0,0.0
MHImain,HKFE,2025-03-03 16:00:00,22944.0,23038.0,22880.0,23019.0,16806.0,385931403.0,0.0
MHImain,HKFE,2025-03-03 20:00:00,23022.0,23117.0,22937.0,22956.0,11768.0,271093700.0,0.0
MHImain,HKFE,2025-03-04 00:00:00,22952.0,23093.0,22864.0,22923.0,8820.0,202849798.0,0.0
MHImain,HKFE,2025-03-04 08:00:00,22788.0,22849.0,22525.0,22795.0,59139.0,1341201714.0,0.0
MHImain,HKFE,2025-03-04 12:00:00,22799.0,23017.0,22773.0,22983.0,38038.0,871710433.0,0.0
MHImain,HKFE,2025-03-04 16:00:00,22984.0,22994.0,22834.0,22890.0,13371.0,306218943.0,0.0
MHImain,HKFE,2025-03-04 20:00:00,22888.0,22946.0,22723.0,22772.0,13150.0,300029743.0,0.0
MHImain,HKFE,2025-03-05 00:00:00,22769.0,23017.0,22651.0,23015.0,14444.0,329867134.0,0.0
MHImain,HKFE,2025-03-05 08:00:00,23130.0,23503.0,23057.0,23218.0,61952.0,1442334201.0,0.0
MHImain,HKFE,2025-03-05 12:00:00,23217.0,23541.0,23203.0,23498.0,34640.0,810003500.0,0.0
MHImain,HKFE,2025-03-05 16:00:00,23500.0,23642.0,23500.0,23519.0,18331.0,432121108.0,0.0
MHImain,HKFE,2025-03-05 20:00:00,23520.0,23723.0,23467.0,23679.0,18299.0,431145319.0,0.0
MHImain,HKFE,2025-03-06 00:00:00,23676.0,23966.0,23610.0,23944.0,18211.0,433060758.0,0.0
MHImain,HKFE,2025-03-06 08:00:00,23940.0,24246.0,23940.0,24242.0,55610.0,1341566309.0,0.0
MHImain,HKFE,2025-03-06 12:00:00,24240.0,24352.0,24189.0,24337.0,35876.0,870934099.0,0.0
MHImain,HKFE,2025-03-06 16:00:00,24339.0,24501.0,24259.0,24301.0,26031.0,634461479.0,0.0
MHImain,HKFE,2025-03-06 20:00:00,24302.0,24388.0,24220.0,24313.0,17970.0,436914009.0,0.0
MHImain,HKFE,2025-03-07 00:00:00,24313.0,24323.0,24048.0,24109.0,16700.0,403506433.0,0.0
MHImain,HKFE,2025-03-07 08:00:00,24174.0,24484.0,24102.0,24412.0,54835.0,1331111242.0,0.0
MHImain,HKFE,2025-03-07 12:00:00,24409.0,24697.0,24176.0,24226.0,58849.0,1438221311.0,0.0
MHImain,HKFE,2025-03-07 16:00:00,24224.0,24290.0,24152.0,24222.0,15321.0,371231538.0,0.0
MHImain,HKFE,2025-03-07 20:00:00,24218.0,24331.0,24061.0,24305.0,16385.0,396398840.0,0.0
MHImain,HKFE,2025-03-08 00:00:00,24305.0,24308.0,23981.0,24146.0,15329.0,369843744.0,0.0
MHImain,HKFE,2025-03-10 08:00:00,24090.0,24327.0,23814.0,23826.0,57886.0,1393528136.0,0.0
MHImain,HKFE,2025-03-10 12:00:00,23825.0,23924.0,23655.0,23821.0,39151.0,930929589.0,0.0
MHImain,HKFE,2025-03-10 16:00:00,23820.0,23859.0,23644.0,23712.0,15485.0,368131738.0,0.0
MHImain,HKFE,2025-03-10 20:00:00,23704.0,23755.0,23386.0,23493.0,20668.0,487169267.0,0.0
MHImain,HKFE,2025-03-11 00:00:00,23493.0,23598.0,23310.0,23331.0,10122.0,237607406.0,0.0
MHImain,HKFE,2025-03-11 08:00:00,23250.0,23749.0,23243.0,23616.0,60454.0,1421965940.0,0.0
MHImain,HKFE,2025-03-11 12:00:00,23613.0,23732.0,23516.0,23671.0,33584.0,793300414.0,0.0
MHImain,HKFE,2025-03-11 16:00:00,23674.0,23946.0,23655.0,23831.0,24006.0,571767944.0,0.0
MHImain,HKFE,2025-03-11 20:00:00,23830.0,23960.0,23563.0,23706.0,20506.0,487199737.0,0.0
MHImain,HKFE,2025-03-12 00:00:00,23707.0,23795.0,23566.0,23753.0,8260.0,195635958.0,0.0
MHImain,HKFE,2025-03-12 08:00:00,23780.0,23975.0,23710.0,23799.0,52998.0,1262474990.0,0.0
MHImain,HKFE,2025-03-12 12:00:00,23802.0,23823.0,23526.0,23559.0,36381.0,861805825.0,0.0
MHImain,HKFE,2025-03-12 16:00:00,23562.0,23705.0,23382.0,23700.0,24201.0,569404586.0,0.0
MHImain,HKFE,2025-03-12 20:00:00,23699.0,23831.0,23450.0,23509.0,16404.0,387196921.0,0.0
MHImain,HKFE,2025-03-13 00:00:00,23513.0,23659.0,23496.0,23621.0,6453.0,152195992.0,0.0
MHImain,HKFE,2025-03-13 08:00:00,23680.0,23747.0,23473.0,23646.0,53474.0,1262322833.0,0.0
MHImain,HKFE,2025-03-13 12:00:00,23646.0,23648.0,23212.0,23442.0,46172.0,1079639522.0,0.0
MHImain,HKFE,2025-03-13 16:00:00,23440.0,23574.0,23409.0,23503.0,15433.0,362525307.0,0.0
MHImain,HKFE,2025-03-13 20:00:00,23503.0,23736.0,23406.0,23686.0,18317.0,432016969.0,0.0
MHImain,HKFE,2025-03-14 00:00:00,23688.0,23808.0,23646.0,23798.0,7332.0,173866051.0,0.0
MHImain,HKFE,2025-03-14 08:00:00,23814.0,23978.0,23502.0,23959.0,56035.0,1330954992.0,0.0
MHImain,HKFE,2025-03-14 12:00:00,23960.0,24145.0,23931.0,24069.0,40629.0,976461600.0,0.0
MHImain,HKFE,2025-03-14 16:00:00,24066.0,24218.0,23967.0,24201.0,15622.0,376197367.0,0.0
MHImain,HKFE,2025-03-14 20:00:00,24203.0,24285.0,24129.0,24159.0,13486.0,326413277.0,0.0
MHImain,HKFE,2025-03-15 00:00:00,24160.0,24238.0,24135.0,24213.0,4660.0,112736225.0,0.0
MHImain,HKFE,2025-03-17 08:00:00,24275.0,24384.0,24104.0,24294.0,54345.0,1318375452.0,0.0
MHImain,HKFE,2025-03-17 12:00:00,24294.0,24337.0,24172.0,24221.0,27140.0,658288887.0,0.0
MHImain,HKFE,2025-03-17 16:00:00,24219.0,24262.0,24092.0,24254.0,12872.0,311077140.0,0.0
MHImain,HKFE,2025-03-17 20:00:00,24254.0,24604.0,24210.0,24576.0,17332.0,423721429.0,0.0
MHImain,HKFE,2025-03-18 00:00:00,24580.0,24729.0,24563.0,24682.0,7369.0,181666195.0,0.0
MHImain,HKFE,2025-03-18 08:00:00,24650.0,24768.0,24516.0,24605.0,50310.0,1239426373.0,0.0
MHImain,HKFE,2025-03-18 12:00:00,24605.0,24733.0,24567.0,24715.0,25985.0,640854155.0,0.0
MHImain,HKFE,2025-03-18 16:00:00,24715.0,24869.0,24657.0,24775.0,19451.0,481687433.0,0.0
MHImain,HKFE,2025-03-18 20:00:00,24778.0,24805.0,24609.0,24706.0,16257.0,401645482.0,0.0
MHImain,HKFE,2025-03-19 00:00:00,24709.0,24792.0,24674.0,24726.0,5791.0,143242440.0,0.0
MHImain,HKFE,2025-03-19 08:00:00,24750.0,24839.0,24629.0,24816.0,47744.0,1180825399.0,0.0
MHImain,HKFE,2025-03-19 12:00:00,24818.0,24912.0,24715.0,24793.0,30321.0,751937516.0,0.0
MHImain,HKFE,2025-03-19 16:00:00,24792.0,24888.0,24720.0,24878.0,12038.0,298544386.0,0.0
MHImain,HKFE,2025-03-19 20:00:00,24879.0,24928.0,24591.0,24660.0,17488.0,432447999.0,0.0
MHImain,HKFE,2025-03-20 00:00:00,24663.0,24730.0,24598.0,24726.0,4931.0,121633357.0,0.0
MHImain,HKFE,2025-03-20 08:00:00,24753.0,24782.0,24373.0,24582.0,51959.0,1274738152.0,0.0
MHImain,HKFE,2025-03-20 12:00:00,24581.0,24623.0,24276.0,24298.0,31782.0,776577342.0,0.0
MHImain,HKFE,2025-03-20 16:00:00,24294.0,24307.0,24068.0,24121.0,20555.0,497457874.0,0.0
MHImain,HKFE,2025-03-20 20:00:00,24121.0,24160.0,23984.0,24034.0,15195.0,365838781.0,0.0
MHImain,HKFE,2025-03-21 00:00:00,24035.0,24085.0,23990.0,24063.0,4864.0,116898204.0,0.0
MHImain,HKFE,2025-03-21 08:00:00,24080.0,24252.0,23788.0,23855.0,56739.0,1365530082.0,0.0
MHImain,HKFE,2025-03-21 12:00:00,23851.0,23880.0,23610.0,23750.0,38585.0,915592392.0,0.0
MHImain,HKFE,2025-03-21 16:00:00,23749.0,23840.0,23551.0,23668.0,18774.0,445040070.0,0.0
MHImain,HKFE,2025-03-21 20:00:00,23666.0,23696.0,23524.0,23599.0,9782.0,230848358.0,0.0
MHImain,HKFE,2025-03-22 00:00:00,23598.0,23703.0,23544.0,23661.0,6195.0,146409191.0,0.0
MHImain,HKFE,2025-03-24 08:00:00,23722.0,23783.0,23550.0,23702.0,45553.0,1078456932.0,0.0
MHImain,HKFE,2025-03-24 12:00:00,23702.0,23773.0,23590.0,23772.0,26703.0,632248641.0,0.0
MHImain,HKFE,2025-03-24 16:00:00,23771.0,23978.0,23771.0,23808.0,21488.0,513138856.0,0.0
MHImain,HKFE,2025-03-24 20:00:00,23806.0,23808.0,23642.0,23681.0,11690.0,277237861.0,0.0
MHImain,HKFE,2025-03-25 00:00:00,23675.0,23692.0,23583.0,23614.0,4930.0,116501305.0,0.0
MHImain,HKFE,2025-03-25 08:00:00,23612.0,23756.0,23328.0,23482.0,47955.0,1128833862.0,0.0
MHImain,HKFE,2025-03-25 12:00:00,23483.0,23518.0,23343.0,23379.0,25836.0,605331526.0,0.0
MHImain,HKFE,2025-03-25 16:00:00,23378.0,23502.0,23317.0,23497.0,12404.0,290323875.0,0.0
MHImain,HKFE,2025-03-25 20:00:00,23495.0,23663.0,23481.0,23573.0,12241.0,288488821.0,0.0
MHImain,HKFE,2025-03-26 00:00:00,23575.0,23577.0,23462.0,23477.0,3829.0,90050002.0,0.0
MHImain,HKFE,2025-03-26 08:00:00,23467.0,23609.0,23364.0,23425.0,43213.0,1014832323.0,0.0
MHImain,HKFE,2025-03-26 12:00:00,23424.0,23510.0,23366.0,23461.0,23430.0,549031169.0,0.0
MHImain,HKFE,2025-03-26 16:00:00,23459.0,23545.0,23413.0,23471.0,10196.0,239454828.0,0.0
MHImain,HKFE,2025-03-26 20:00:00,23473.0,23612.0,23373.0,23612.0,10507.0,246724786.0,0.0
MHImain,HKFE,2025-03-27 00:00:00,23610.0,23612.0,23409.0,23421.0,6001.0,141080804.0,0.0
MHImain,HKFE,2025-03-27 08:00:00,23466.0,23894.0,23400.0,23829.0,54549.0,1289300421.0,0.0
MHImain,HKFE,2025-03-27 12:00:00,23830.0,23832.0,23645.0,23661.0,21100.0,500276660.0,0.0
MHImain,HKFE,2025-03-27 16:00:00,23657.0,23738.0,23564.0,23725.0,10258.0,242429183.0,0.0
MHImain,HKFE,2025-03-27 20:00:00,23726.0,23863.0,23617.0,23858.0,7395.0,175583784.0,0.0
MHImain,HKFE,2025-03-28 00:00:00,23859.0,23881.0,23779.0,23820.0,3291.0,78442267.0,0.0
MHImain,HKFE,2025-03-28 08:00:00,23808.0,23830.0,23450.0,23507.0,43087.0,1019167645.0,0.0
MHImain,HKFE,2025-03-28 12:00:00,23507.0,23532.0,23298.0,23467.0,36215.0,848063115.0,0.0
MHImain,HKFE,2025-03-28 16:00:00,23465.0,23489.0,23349.0,23368.0,9226.0,216233101.0,0.0
MHImain,HKFE,2025-03-28 20:00:00,23370.0,23465.0,23224.0,23358.0,12765.0,297955316.0,0.0
MHImain,HKFE,2025-03-29 00:00:00,23356.0,23373.0,23248.0,23286.0,5250.0,122362677.0,0.0
MHImain,HKFE,2025-03-31 08:00:00,23150.0,23432.0,23102.0,23147.0,51970.0,1209665586.0,0.0
MHImain,HKFE,2025-03-31 12:00:00,23146.0,23250.0,23032.0,23192.0,34098.0,788525267.0,0.0
MHImain,HKFE,2025-03-31 16:00:00,23193.0,23285.0,23015.0,23074.0,15830.0,366807533.0,0.0
MHImain,HKFE,2025-03-31 20:00:00,23075.0,23145.0,22987.0,23113.0,10893.0,251398453.0,0.0
MHImain,HKFE,2025-04-01 00:00:00,23115.0,23269.0,23115.0,23223.0,5451.0,126372063.0,0.0
MHImain,HKFE,2025-04-01 08:00:00,23270.0,23425.0,23222.0,23394.0,50077.0,1167889043.0,0.0
MHImain,HKFE,2025-04-01 12:00:00,23393.0,23489.0,23147.0,23316.0,38338.0,892613554.0,0.0
MHImain,HKFE,2025-04-01 16:00:00,23316.0,23365.0,23135.0,23156.0,14941.0,347401614.0,0.0
MHImain,HKFE,2025-04-01 20:00:00,23156.0,23275.0,23067.0,23268.0,11922.0,275996615.0,0.0
MHImain,HKFE,2025-04-02 00:00:00,23267.0,23309.0,23123.0,23153.0,5394.0,125341520.0,0.0
MHImain,HKFE,2025-04-02 08:00:00,23189.0,23400.0,22970.0,23363.0,54699.0,1268669283.0,0.0
MHImain,HKFE,2025-04-02 12:00:00,23363.0,23367.0,23115.0,23191.0,26574.0,616716405.0,0.0
MHImain,HKFE,2025-04-02 16:00:00,23191.0,23260.0,23070.0,23168.0,12197.0,282786863.0,0.0
MHImain,HKFE,2025-04-02 20:00:00,23169.0,23222.0,23080.0,23093.0,8962.0,207425634.0,0.0
MHImain,HKFE,2025-04-03 00:00:00,23092.0,23188.0,23054.0,23098.0,5046.0,116651480.0,0.0
MHImain,HKFE,2025-04-03 08:00:00,22600.0,22974.0,22520.0,22804.0,59106.0,1347697907.0,0.0
MHImain,HKFE,2025-04-03 12:00:00,22805.0,22856.0,22660.0,22794.0,30185.0,687583876.0,0.0
MHImain,HKFE,2025-04-03 16:00:00,22795.0,22863.0,22657.0,22715.0,14237.0,324336247.0,0.0
MHImain,HKFE,2025-04-03 20:00:00,22712.0,22822.0,22593.0,22706.0,16788.0,381300799.0,0.0
MHImain,HKFE,2025-04-04 00:00:00,22709.0,22818.0,22696.0,22775.0,4923.0,112078334.0,0.0
MHImain,HKFE,2025-04-07 08:00:00,21155.0,21206.0,20511.0,20615.0,87121.0,1811034473.0,0.0
MHImain,HKFE,2025-04-07 12:00:00,20613.0,20655.0,19880.0,20044.0,89676.0,1815123335.0,0.0
MHImain,HKFE,2025-04-07 16:00:00,20043.0,20278.0,19420.0,20127.0,53924.0,1071358301.0,0.0
MHImain,HKFE,2025-04-07 20:00:00,20126.0,20680.0,19883.0,20012.0,62701.0,1270122694.0,0.0
MHImain,HKFE,2025-04-08 00:00:00,20004.0,20176.0,19310.0,19728.0,44840.0,882478381.0,0.0
MHImain,HKFE,2025-04-08 08:00:00,19825.0,20433.0,19825.0,20096.0,87114.0,1761933297.0,0.0
MHImain,HKFE,2025-04-08 12:00:00,20099.0,20267.0,19708.0,20049.0,58893.0,1175030440.0,0.0
MHImain,HKFE,2025-04-08 16:00:00,20051.0,20216.0,19787.0,19946.0,31043.0,621825489.0,0.0
MHImain,HKFE,2025-04-08 20:00:00,19942.0,20290.0,19888.0,19895.0,32149.0,646125196.0,0.0
MHImain,HKFE,2025-04-09 00:00:00,19898.0,19958.0,19292.0,19323.0,23593.0,462648846.0,0.0
MHImain,HKFE,2025-04-09 08:00:00,19050.0,19969.0,19050.0,19788.0,91706.0,1798446117.0,0.0
MHImain,HKFE,2025-04-09 12:00:00,19786.0,20166.0,19607.0,19966.0,60210.0,1197288764.0,0.0
MHImain,HKFE,2025-04-09 16:00:00,19968.0,20427.0,19624.0,19768.0,57914.0,1164195659.0,0.0
MHImain,HKFE,2025-04-09 20:00:00,19766.0,20019.0,19479.0,19653.0,43557.0,859107890.0,0.0
MHImain,HKFE,2025-04-10 00:00:00,19656.0,20472.0,19577.0,20189.0,39788.0,799826283.0,0.0
MHImain,HKFE,2025-04-10 08:00:00,20557.0,21208.0,20550.0,20761.0,76808.0,1604931476.0,0.0
MHImain,HKFE,2025-04-10 12:00:00,20759.0,20928.0,20500.0,20691.0,50578.0,1049842220.0,0.0
MHImain,HKFE,2025-04-10 16:00:00,20694.0,20840.0,20513.0,20622.0,24954.0,516275190.0,0.0
MHImain,HKFE,2025-04-10 20:00:00,20624.0,20767.0,20400.0,20507.0,21544.0,442920499.0,0.0
MHImain,HKFE,2025-04-11 00:00:00,20508.0,20677.0,20172.0,20611.0,17436.0,355824870.0,0.0
MHImain,HKFE,2025-04-11 08:00:00,20420.0,20723.0,20413.0,20599.0,49175.0,1011020974.0,0.0
MHImain,HKFE,2025-04-11 12:00:00,20600.0,21141.0,20526.0,20947.0,46583.0,974124155.0,0.0
MHImain,HKFE,2025-04-11 16:00:00,20946.0,21114.0,20726.0,21000.0,24359.0,510039031.0,0.0
MHImain,HKFE,2025-04-11 20:00:00,20997.0,21007.0,20692.0,20707.0,18788.0,391515243.0,0.0
MHImain,HKFE,2025-04-12 00:00:00,20705.0,21093.0,20681.0,21075.0,8942.0,186847524.0,0.0
MHImain,HKFE,2025-04-14 08:00:00,21330.0,21530.0,21219.0,21414.0,47737.0,1020818275.0,0.0
MHImain,HKFE,2025-04-14 12:00:00,21418.0,21499.0,21279.0,21363.0,24707.0,528222821.0,0.0
MHImain,HKFE,2025-04-14 16:00:00,21360.0,21459.0,21326.0,21442.0,9170.0,196172149.0,0.0
MHImain,HKFE,2025-04-14 20:00:00,21441.0,21683.0,21385.0,21578.0,15198.0,327569473.0,0.0
MHImain,HKFE,2025-04-15 00:00:00,21579.0,21602.0,21391.0,21598.0,8350.0,179524838.0,0.0
MHImain,HKFE,2025-04-15 08:00:00,21500.0,21618.0,21351.0,21371.0,38551.0,826641390.0,0.0
MHImain,HKFE,2025-04-15 12:00:00,21372.0,21504.0,21295.0,21424.0,22167.0,474468356.0,0.0
MHImain,HKFE,2025-04-15 16:00:00,21422.0,21570.0,21401.0,21517.0,10070.0,216225666.0,0.0
MHImain,HKFE,2025-04-15 20:00:00,21515.0,21549.0,21388.0,21466.0,10026.0,215203986.0,0.0
MHImain,HKFE,2025-04-16 00:00:00,21465.0,21534.0,21435.0,21455.0,3296.0,70828592.0,0.0
MHImain,HKFE,2025-04-16 08:00:00,21310.0,21372.0,20964.0,21004.0,37714.0,798005123.0,0.0
MHImain,HKFE,2025-04-16 12:00:00,21006.0,21055.0,20854.0,21016.0,27132.0,568240229.0,0.0
MHImain,HKFE,2025-04-16 16:00:00,21016.0,21364.0,20996.0,21323.0,21788.0,461002843.0,0.0
MHImain,HKFE,2025-04-16 20:00:00,21321.0,21339.0,21121.0,21226.0,8886.0,188486186.0,0.0
MHImain,HKFE,2025-04-17 00:00:00,21225.0,21298.0,21001.0,21021.0,5313.0,112485181.0,0.0
MHImain,HKFE,2025-04-17 08:00:00,21170.0,21353.0,21033.0,21339.0,34278.0,727870725.0,0.0
MHImain,HKFE,2025-04-17 12:00:00,21342.0,21421.0,21270.0,21312.0,19045.0,406546984.0,0.0
MHImain,HKFE,2025-04-17 16:00:00,21315.0,21452.0,21313.0,21349.0,8483.0,181354568.0,0.0
MHImain,HKFE,2025-04-17 20:00:00,21345.0,21488.0,21194.0,21238.0,9736.0,207573970.0,0.0
MHImain,HKFE,2025-04-18 00:00:00,21236.0,21334.0,21206.0,21290.0,5221.0,110957689.0,0.0
MHImain,HKFE,2025-04-22 08:00:00,21200.0,21470.0,21180.0,21375.0,37403.0,797687210.0,0.0
MHImain,HKFE,2025-04-22 12:00:00,21374.0,21604.0,21296.0,21520.0,22928.0,492507836.0,0.0
MHImain,HKFE,2025-04-22 16:00:00,21521.0,21631.0,21428.0,21550.0,10149.0,218531728.0,0.0
MHImain,HKFE,2025-04-22 20:00:00,21551.0,21656.0,21535.0,21654.0,5958.0,128718541.0,0.0
MHImain,HKFE,2025-04-23 00:00:00,21655.0,21876.0,21608.0,21773.0,8574.0,186385827.0,0.0
MHImain,HKFE,2025-04-23 08:00:00,22020.0,22192.0,21876.0,22052.0,38067.0,837388964.0,0.0
MHImain,HKFE,2025-04-23 12:00:00,22053.0,22162.0,22012.0,22089.0,19904.0,439512794.0,0.0
MHImain,HKFE,2025-04-23 16:00:00,22088.0,22207.0,22017.0,22155.0,11086.0,245046436.0,0.0
MHImain,HKFE,2025-04-23 20:00:00,22155.0,22403.0,22084.0,22265.0,17846.0,397262422.0,0.0
MHImain,HKFE,2025-04-24 00:00:00,22266.0,22268.0,22061.0,22072.0,6246.0,138333653.0,0.0
MHImain,HKFE,2025-04-24 08:00:00,22090.0,22093.0,21723.0,21748.0,36010.0,791194045.0,0.0
MHImain,HKFE,2025-04-24 12:00:00,21750.0,21884.0,21732.0,21830.0,16817.0,366867500.0,0.0
MHImain,HKFE,2025-04-24 16:00:00,21829.0,21987.0,21823.0,21980.0,8681.0,190033488.0,0.0
MHImain,HKFE,2025-04-24 20:00:00,21976.0,22136.0,21954.0,22115.0,7962.0,175503239.0,0.0
MHImain,HKFE,2025-04-25 00:00:00,22112.0,22192.0,22059.0,22162.0,4322.0,95650313.0,0.0
MHImain,HKFE,2025-04-25 08:00:00,22195.0,22270.0,22014.0,22239.0,36945.0,817402925.0,0.0
MHImain,HKFE,2025-04-25 12:00:00,22239.0,22287.0,22018.0,22079.0,23548.0,521583379.0,0.0
MHImain,HKFE,2025-04-25 16:00:00,22080.0,22105.0,21925.0,21970.0,12632.0,277860675.0,0.0
MHImain,HKFE,2025-04-25 20:00:00,21968.0,22099.0,21952.0,22036.0,6864.0,151144206.0,0.0
MHImain,HKFE,2025-04-26 00:00:00,22033.0,22104.0,21997.0,22061.0,3324.0,73288720.0,0.0
MHImain,HKFE,2025-04-28 08:00:00,22058.0,22123.0,21802.0,21925.0,27540.0,603667696.0,0.0
MHImain,HKFE,2025-04-28 12:00:00,21927.0,22056.0,21904.0,22033.0,14302.0,314629845.0,0.0
MHImain,HKFE,2025-04-28 16:00:00,22035.0,22042.0,21886.0,21913.0,5999.0,131829288.0,0.0
MHImain,HKFE,2025-04-28 20:00:00,21912.0,22018.0,21905.0,21933.0,2333.0,51241138.0,0.0
MHImain,HKFE,2025-04-29 00:00:00,21933.0,21974.0,21880.0,21932.0,1799.0,39428627.0,0.0
MHImain,HKFE,2025-04-29 08:00:00,21992.0,22140.0,21848.0,21989.0,31379.0,690535315.0,0.0
MHImain,HKFE,2025-04-29 12:00:00,21989.0,22008.0,21844.0,21891.0,15027.0,329333076.0,0.0
MHImain,HKFE,2025-04-29 16:00:00,21889.0,21959.0,21846.0,21878.0,6897.0,151115087.0,0.0
MHImain,HKFE,2025-04-29 20:00:00,21878.0,21993.0,21864.0,21948.0,6180.0,135587873.0,0.0
MHImain,HKFE,2025-04-30 00:00:00,21947.0,21993.0,21916.0,21940.0,1935.0,42479435.0,0.0
MHImain,HKFE,2025-04-30 08:00:00,21911.0,22004.0,21776.0,21979.0,33345.0,729909917.0,0.0
MHImain,HKFE,2025-04-30 12:00:00,21979.0,22058.0,21943.0,22012.0,18503.0,407069575.0,0.0
MHImain,HKFE,2025-04-30 16:00:00,22014.0,22105.0,22002.0,22065.0,6726.0,148320901.0,0.0
MHImain,HKFE,2025-04-30 20:00:00,22065.0,22077.0,21795.0,21859.0,10071.0,220658023.0,0.0
MHImain,HKFE,2025-05-01 00:00:00,21858.0,21994.0,21818.0,21941.0,4833.0,105797999.0,0.0
MHImain,HKFE,2025-05-02 08:00:00,22060.0,22424.0,21984.0,22298.0,42075.0,935284176.0,0.0
MHImain,HKFE,2025-05-02 12:00:00,22298.0,22481.0,22262.0,22458.0,18376.0,411744282.0,0.0
MHImain,HKFE,2025-05-02 16:00:00,22457.0,22489.0,22409.0,22444.0,7598.0,170557316.0,0.0
MHImain,HKFE,2025-05-02 20:00:00,22440.0,22632.0,22440.0,22506.0,9668.0,217807367.0,0.0
MHImain,HKFE,2025-05-03 00:00:00,22509.0,22620.0,22428.0,22600.0,5327.0,120026423.0,0.0
MHImain,HKFE,2025-05-06 08:00:00,22575.0,22602.0,22352.0,22524.0,39676.0,892575452.0,0.0
MHImain,HKFE,2025-05-06 12:00:00,22524.0,22660.0,22520.0,22660.0,18011.0,406947949.0,0.0
MHImain,HKFE,2025-05-06 16:00:00,22659.0,22710.0,22386.0,22695.0,14942.0,337348823.0,0.0
MHImain,HKFE,2025-05-06 20:00:00,22693.0,22940.0,22655.0,22912.0,12704.0,289671179.0,0.0
MHImain,HKFE,2025-05-07 00:00:00,22914.0,22921.0,22808.0,22837.0,3940.0,90097426.0,0.0
MHImain,HKFE,2025-05-07 08:00:00,23040.0,23180.0,22712.0,22715.0,43844.0,1006799228.0,0.0
MHImain,HKFE,2025-05-07 12:00:00,22714.0,22791.0,22645.0,22715.0,21723.0,493338659.0,0.0
MHImain,HKFE,2025-05-07 16:00:00,22713.0,22753.0,22534.0,22606.0,9762.0,220900836.0,0.0
MHImain,HKFE,2025-05-07 20:00:00,22608.0,22622.0,22449.0,22518.0,7518.0,169328977.0,0.0
MHImain,HKFE,2025-05-08 00:00:00,22519.0,22536.0,22435.0,22532.0,3316.0,74601266.0,0.0
MHImain,HKFE,2025-05-08 08:00:00,22555.0,22890.0,22509.0,22864.0,35992.0,817675843.0,0.0
MHImain,HKFE,2025-05-08 12:00:00,22863.0,22910.0,22687.0,22692.0,20608.0,469604617.0,0.0
MHImain,HKFE,2025-05-08 16:00:00,22692.0,22762.0,22644.0,22716.0,8559.0,194252552.0,0.0
MHImain,HKFE,2025-05-08 20:00:00,22713.0,22763.0,22590.0,22629.0,7594.0,172126317.0,0.0
MHImain,HKFE,2025-05-09 00:00:00,22628.0,22799.0,22624.0,22733.0,5467.0,124273075.0,0.0
MHImain,HKFE,2025-05-09 08:00:00,22730.0,22819.0,22596.0,22652.0,34279.0,778915760.0,0.0
MHImain,HKFE,2025-05-09 12:00:00,22650.0,22787.0,22627.0,22722.0,14356.0,326018273.0,0.0
MHImain,HKFE,2025-05-09 16:00:00,22725.0,22873.0,22708.0,22872.0,7236.0,164873646.0,0.0
MHImain,HKFE,2025-05-09 20:00:00,22873.0,22901.0,22778.0,22809.0,7990.0,182502398.0,0.0
MHImain,HKFE,2025-05-10 00:00:00,22812.0,22816.0,22715.0,22765.0,3071.0,69910552.0,0.0
MHImain,HKFE,2025-05-12 08:00:00,23050.0,23198.0,22901.0,22914.0,37364.0,861095504.0,0.0
MHImain,HKFE,2025-05-12 12:00:00,22913.0,23140.0,22894.0,23094.0,18393.0,423845166.0,0.0
MHImain,HKFE,2025-05-12 16:00:00,23094.0,23630.0,23093.0,23427.0,44379.0,1040373929.0,0.0
MHImain,HKFE,2025-05-12 20:00:00,23425.0,23498.0,23282.0,23380.0,10289.0,240540850.0,0.0
MHImain,HKFE,2025-05-13 00:00:00,23380.0,23426.0,23346.0,23400.0,2356.0,55104328.0,0.0
MHImain,HKFE,2025-05-13 08:00:00,23338.0,23403.0,23083.0,23088.0,32552.0,755362951.0,0.0
MHImain,HKFE,2025-05-13 12:00:00,23089.0,23149.0,23037.0,23053.0,16573.0,382752920.0,0.0
MHImain,HKFE,2025-05-13 16:00:00,23053.0,23063.0,22958.0,23036.0,9378.0,215852477.0,0.0
MHImain,HKFE,2025-05-13 20:00:00,23036.0,23269.0,23027.0,23254.0,11406.0,264074415.0,0.0
MHImain,HKFE,2025-05-14 00:00:00,23258.0,23322.0,23250.0,23296.0,3168.0,73767377.0,0.0
MHImain,HKFE,2025-05-14 08:00:00,23249.0,23375.0,23195.0,23325.0,34904.0,812634932.0,0.0
MHImain,HKFE,2025-05-14 12:00:00,23326.0,23520.0,23324.0,23516.0,23270.0,545287656.0,0.0
MHImain,HKFE,2025-05-14 16:00:00,23518.0,23625.0,23473.0,23523.0,11270.0,265195622.0,0.0
MHImain,HKFE,2025-05-14 20:00:00,23524.0,23642.0,23496.0,23552.0,8216.0,193618341.0,0.0
MHImain,HKFE,2025-05-15 00:00:00,23552.0,23615.0,23517.0,23548.0,2855.0,67267542.0,0.0
MHImain,HKFE,2025-05-15 08:00:00,23555.0,23652.0,23432.0,23518.0,33978.0,799668586.0,0.0
MHImain,HKFE,2025-05-15 12:00:00,23516.0,23535.0,23342.0,23380.0,19609.0,459322965.0,0.0
MHImain,HKFE,2025-05-15 16:00:00,23381.0,23428.0,23268.0,23330.0,10065.0,234915980.0,0.0
MHImain,HKFE,2025-05-15 20:00:00,23330.0,23365.0,23131.0,23200.0,10090.0,234499322.0,0.0
MHImain,HKFE,2025-05-16 00:00:00,23202.0,23243.0,23182.0,23228.0,2855.0,66282485.0,0.0
MHImain,HKFE,2025-05-16 08:00:00,23208.0,23287.0,23133.0,23234.0,31825.0,738597201.0,0.0
MHImain,HKFE,2025-05-16 12:00:00,23235.0,23322.0,23221.0,23303.0,14243.0,331488485.0,0.0
MHImain,HKFE,2025-05-16 16:00:00,23305.0,23335.0,23251.0,23279.0,6210.0,144677298.0,0.0
MHImain,HKFE,2025-05-16 20:00:00,23279.0,23288.0,23192.0,23225.0,4367.0,101482988.0,0.0
MHImain,HKFE,2025-05-17 00:00:00,23224.0,23275.0,23203.0,23269.0,1505.0,34973588.0,0.0
MHImain,HKFE,2025-05-19 08:00:00,23119.0,23232.0,22995.0,23181.0,31779.0,734522225.0,0.0
MHImain,HKFE,2025-05-19 12:00:00,23181.0,23332.0,23145.0,23239.0,15275.0,354983479.0,0.0
MHImain,HKFE,2025-05-19 16:00:00,23240.0,23356.0,23217.0,23241.0,7402.0,172357010.0,0.0
MHImain,HKFE,2025-05-19 20:00:00,23241.0,23326.0,23193.0,23321.0,5064.0,117711851.0,0.0
MHImain,HKFE,2025-05-20 00:00:00,23322.0,23394.0,23317.0,23369.0,2773.0,64785706.0,0.0
MHImain,HKFE,2025-05-20 08:00:00,23399.0,23568.0,23287.0,23563.0,30682.0,719696814.0,0.0
MHImain,HKFE,2025-05-20 12:00:00,23565.0,23661.0,23555.0,23600.0,16228.0,383002292.0,0.0
MHImain,HKFE,2025-05-20 16:00:00,23600.0,23658.0,23578.0,23613.0,6636.0,156720237.0,0.0
MHImain,HKFE,2025-05-20 20:00:00,23612.0,23680.0,23598.0,23634.0,5957.0,140836066.0,0.0
MHImain,HKFE,2025-05-21 00:00:00,23634.0,23717.0,23617.0,23642.0,2014.0,47657816.0,0.0
MHImain,HKFE,2025-05-21 08:00:00,23680.0,23848.0,23637.0,23797.0,32414.0,770320901.0,0.0
MHImain,HKFE,2025-05-21 12:00:00,23798.0,23885.0,23706.0,23726.0,18331.0,436070738.0,0.0
MHImain,HKFE,2025-05-21 16:00:00,23727.0,23796.0,23700.0,23787.0,6035.0,143377373.0,0.0
MHImain,HKFE,2025-05-21 20:00:00,23782.0,23871.0,23724.0,23760.0,6699.0,159401037.0,0.0
MHImain,HKFE,2025-05-22 00:00:00,23759.0,23800.0,23630.0,23637.0,3490.0,82753066.0,0.0
MHImain,HKFE,2025-05-22 08:00:00,23674.0,23737.0,23556.0,23648.0,30797.0,728444222.0,0.0
MHImain,HKFE,2025-05-22 12:00:00,23648.0,23714.0,23497.0,23501.0,17728.0,418261816.0,0.0
MHImain,HKFE,2025-05-22 16:00:00,23500.0,23530.0,23423.0,23460.0,9680.0,227206375.0,0.0
MHImain,HKFE,2025-05-22 20:00:00,23457.0,23500.0,23406.0,23460.0,4992.0,117074101.0,0.0
MHImain,HKFE,2025-05-23 00:00:00,23460.0,23514.0,23450.0,23502.0,1740.0,40874204.0,0.0
MHImain,HKFE,2025-05-23 08:00:00,23492.0,23710.0,23453.0,23679.0,28571.0,673610775.0,0.0
MHImain,HKFE,2025-05-23 12:00:00,23678.0,23714.0,23445.0,23456.0,20790.0,490397505.0,0.0
MHImain,HKFE,2025-05-23 16:00:00,23456.0,23572.0,23450.0,23539.0,8132.0,191221840.0,0.0
MHImain,HKFE,2025-05-23 20:00:00,23538.0,23548.0,23266.0,23455.0,13452.0,314760573.0,0.0
MHImain,HKFE,2025-05-24 00:00:00,23455.0,23509.0,23414.0,23479.0,2301.0,53989672.0,0.0
MHImain,HKFE,2025-05-26 08:00:00,23506.0,23575.0,23335.0,23349.0,36969.0,866934522.0,0.0
MHImain,HKFE,2025-05-26 12:00:00,23350.0,23356.0,23231.0,23278.0,21210.0,493840844.0,0.0
MHImain,HKFE,2025-05-26 16:00:00,23276.0,23290.0,23186.0,23204.0,7847.0,182223197.0,0.0
MHImain,HKFE,2025-05-27 08:00:00,23223.0,23335.0,23143.0,23203.0,32815.0,762783494.0,0.0
MHImain,HKFE,2025-05-27 12:00:00,23205.0,23370.0,23121.0,23320.0,24225.0,563248264.0,0.0
MHImain,HKFE,2025-05-27 16:00:00,23319.0,23369.0,23281.0,23311.0,8693.0,202783416.0,0.0
MHImain,HKFE,2025-05-27 20:00:00,23313.0,23365.0,23288.0,23311.0,3924.0,91533312.0,0.0
MHImain,HKFE,2025-05-28 00:00:00,23311.0,23332.0,23291.0,23332.0,1186.0,27648273.0,0.0
MHImain,HKFE,2025-05-28 08:00:00,23332.0,23443.0,23223.0,23233.0,26071.0,608290614.0,0.0
MHImain,HKFE,2025-05-28 12:00:00,23228.0,23263.0,23138.0,23186.0,13637.0,316376324.0,0.0
MHImain,HKFE,2025-05-28 16:00:00,23186.0,23258.0,23074.0,23098.0,6508.0,150998126.0,0.0
MHImain,HKFE,2025-05-28 20:00:00,23099.0,23118.0,22968.0,22968.0,3173.0,73087512.0,0.0
MHImain,HKFE,2025-05-29 00:00:00,22968.0,23024.0,22968.0,23005.0,1497.0,34421185.0,0.0
MHImain,HKFE,2025-05-29 08:00:00,23180.0,23275.0,23071.0,23203.0,34382.0,797305263.0,0.0
MHImain,HKFE,2025-05-29 12:00:00,23204.0,23426.0,23186.0,23374.0,23502.0,548212995.0,0.0
MHImain,HKFE,2025-05-29 16:00:00,23374.0,23477.0,23265.0,23299.0,11852.0,277417696.0,0.0
MHImain,HKFE,2025-05-29 20:00:00,23300.0,23345.0,23167.0,23200.0,7332.0,170462928.0,0.0
MHImain,HKFE,2025-05-30 00:00:00,23202.0,23240.0,23154.0,23206.0,2302.0,53409007.0,0.0
MHImain,HKFE,2025-05-30 08:00:00,23187.0,23225.0,23014.0,23090.0,26978.0,623480424.0,0.0
MHImain,HKFE,2025-05-30 12:00:00,23089.0,23123.0,23031.0,23083.0,12271.0,283203004.0,0.0
MHImain,HKFE,2025-05-30 16:00:00,23082.0,23222.0,23020.0,23196.0,9891.0,228690065.0,0.0
MHImain,HKFE,2025-05-30 20:00:00,23198.0,23202.0,22949.0,22989.0,8282.0,190678125.0,0.0
MHImain,HKFE,2025-05-31 00:00:00,22991.0,22996.0,22810.0,22911.0,5468.0,125167760.0,0.0
MHImain,HKFE,2025-06-02 08:00:00,22909.0,22936.0,22521.0,22571.0,33699.0,764295665.0,0.0
MHImain,HKFE,2025-06-02 12:00:00,22571.0,22908.0,22514.0,22899.0,24719.0,561783248.0,0.0
MHImain,HKFE,2025-06-02 16:00:00,22900.0,23080.0,22897.0,23047.0,15472.0,355666610.0,0.0
MHImain,HKFE,2025-06-02 20:00:00,23050.0,23126.0,22972.0,23095.0,7412.0,170805438.0,0.0
MHImain,HKFE,2025-06-03 00:00:00,23098.0,23146.0,23070.0,23145.0,1882.0,43479858.0,0.0
MHImain,HKFE,2025-06-03 08:00:00,23110.0,23403.0,23087.0,23378.0,34976.0,814319190.0,0.0
MHImain,HKFE,2025-06-03 12:00:00,23379.0,23382.0,23240.0,23366.0,16382.0,381969696.0,0.0
MHImain,HKFE,2025-06-03 16:00:00,23366.0,23414.0,23338.0,23369.0,8712.0,203622087.0,0.0
MHImain,HKFE,2025-06-03 20:00:00,23368.0,23410.0,23268.0,23343.0,6798.0,158641163.0,0.0
MHImain,HKFE,2025-06-04 00:00:00,23343.0,23406.0,23317.0,23395.0,2432.0,56831939.0,0.0
MHImain,HKFE,2025-06-04 08:00:00,23372.0,23585.0,23348.0,23525.0,31883.0,748874887.0,0.0
MHImain,HKFE,2025-06-04 12:00:00,23521.0,23599.0,23474.0,23516.0,16721.0,393509356.0,0.0
MHImain,HKFE,2025-06-04 16:00:00,23515.0,23547.0,23486.0,23536.0,4673.0,109892695.0,0.0
MHImain,HKFE,2025-06-04 20:00:00,23531.0,23670.0,23511.0,23667.0,5720.0,134912231.0,0.0
MHImain,HKFE,2025-06-05 00:00:00,23666.0,23696.0,23625.0,23666.0,3195.0,75605128.0,0.0
MHImain,HKFE,2025-06-05 08:00:00,23667.0,23807.0,23664.0,23749.0,32814.0,779186569.0,0.0
MHImain,HKFE,2025-06-05 12:00:00,23749.0,23753.0,23607.0,23729.0,17872.0,423048144.0,0.0
MHImain,HKFE,2025-06-05 16:00:00,23728.0,23818.0,23724.0,23743.0,9360.0,222469441.0,0.0
MHImain,HKFE,2025-06-05 20:00:00,23744.0,23960.0,23717.0,23920.0,13596.0,324065224.0,0.0
MHImain,HKFE,2025-06-06 00:00:00,23919.0,23924.0,23789.0,23821.0,3841.0,91608163.0,0.0
MHImain,HKFE,2025-06-06 08:00:00,23830.0,23863.0,23680.0,23756.0,30587.0,726885443.0,0.0
MHImain,HKFE,2025-06-06 12:00:00,23756.0,23792.0,23682.0,23772.0,15829.0,375716322.0,0.0
MHImain,HKFE,2025-06-06 16:00:00,23772.0,23774.0,23668.0,23673.0,8266.0,196042892.0,0.0
MHImain,HKFE,2025-06-06 20:00:00,23673.0,23744.0,23665.0,23693.0,4861.0,115212756.0,0.0
MHImain,HKFE,2025-06-07 00:00:00,23683.0,23826.0,23653.0,23808.0,2554.0,60612148.0,0.0
MHImain,HKFE,2025-06-09 08:00:00,23835.0,24091.0,23831.0,24013.0,31522.0,756227603.0,0.0
MHImain,HKFE,2025-06-09 12:00:00,24013.0,24030.0,23897.0,24020.0,19700.0,471994928.0,0.0
MHImain,HKFE,2025-06-09 16:00:00,24022.0,24104.0,24016.0,24063.0,7996.0,192387801.0,0.0
MHImain,HKFE,2025-06-09 20:00:00,24064.0,24079.0,23978.0,24079.0,5270.0,126620772.0,0.0
MHImain,HKFE,2025-06-10 00:00:00,24080.0,24129.0,24063.0,24122.0,2187.0,52696991.0,0.0
MHImain,HKFE,2025-06-10 08:00:00,24140.0,24219.0,24067.0,24161.0,31893.0,769888439.0,0.0
MHImain,HKFE,2025-06-10 12:00:00,24162.0,24205.0,23925.0,24046.0,26668.0,641221039.0,0.0
MHImain,HKFE,2025-06-10 16:00:00,24045.0,24102.0,24010.0,24092.0,7342.0,176602551.0,0.0
MHImain,HKFE,2025-06-10 20:00:00,24092.0,24173.0,24036.0,24060.0,5911.0,142503525.0,0.0
MHImain,HKFE,2025-06-11 00:00:00,24056.0,24120.0,24009.0,24120.0,2417.0,58129203.0,0.0
MHImain,HKFE,2025-06-11 08:00:00,24150.0,24367.0,24121.0,24308.0,33425.0,811447429.0,0.0
MHImain,HKFE,2025-06-11 12:00:00,24309.0,24408.0,24304.0,24351.0,17630.0,429585411.0,0.0
MHImain,HKFE,2025-06-11 16:00:00,24352.0,24358.0,24298.0,24316.0,7130.0,173442454.0,0.0
MHImain,HKFE,2025-06-11 20:00:00,24314.0,24400.0,24244.0,24280.0,9398.0,228490801.0,0.0
MHImain,HKFE,2025-06-12 00:00:00,24280.0,24330.0,24246.0,24252.0,2355.0,57203706.0,0.0
MHImain,HKFE,2025-06-12 08:00:00,24237.0,24271.0,24133.0,24227.0,26909.0,651056160.0,0.0
MHImain,HKFE,2025-06-12 12:00:00,24227.0,24247.0,24088.0,24126.0,16812.0,406069318.0,0.0
MHImain,HKFE,2025-06-12 16:00:00,24125.0,24149.0,23974.0,24091.0,12015.0,288977407.0,0.0
MHImain,HKFE,2025-06-12 20:00:00,24090.0,24178.0,24077.0,24151.0,5712.0,137876660.0,0.0
MHImain,HKFE,2025-06-13 00:00:00,24150.0,24193.0,24119.0,24193.0,1992.0,48124852.0,0.0
MHImain,HKFE,2025-06-13 08:00:00,23968.0,24071.0,23760.0,23823.0,41687.0,996701406.0,0.0
MHImain,HKFE,2025-06-13 12:00:00,23823.0,23878.0,23745.0,23788.0,18608.0,443085465.0,0.0
MHImain,HKFE,2025-06-13 16:00:00,23790.0,23873.0,23753.0,23803.0,9013.0,214599640.0,0.0
MHImain,HKFE,2025-06-13 20:00:00,23796.0,23851.0,23757.0,23840.0,4160.0,99061644.0,0.0
MHImain,HKFE,2025-06-14 00:00:00,23840.0,23877.0,23716.0,23738.0,3359.0,79963862.0,0.0
MHImain,HKFE,2025-06-16 08:00:00,23840.0,23902.0,23682.0,23833.0,29769.0,708830559.0,0.0
MHImain,HKFE,2025-06-16 12:00:00,23830.0,23993.0,23819.0,23991.0,14215.0,339838588.0,0.0
MHImain,HKFE,2025-06-16 16:00:00,23992.0,24102.0,23991.0,24039.0,11101.0,267001862.0,0.0
MHImain,HKFE,2025-06-16 20:00:00,24041.0,24251.0,24034.0,24196.0,7427.0,179436937.0,0.0
MHImain,HKFE,2025-06-17 00:00:00,24194.0,24194.0,24108.0,24108.0,2675.0,64620701.0,0.0
MHImain,HKFE,2025-06-17 08:00:00,24100.0,24110.0,23930.0,23970.0,28465.0,683938042.0,0.0
MHImain,HKFE,2025-06-17 12:00:00,23971.0,24020.0,23893.0,23935.0,14892.0,356811112.0,0.0
MHImain,HKFE,2025-06-17 16:00:00,23932.0,23973.0,23852.0,23967.0,7715.0,184513411.0,0.0
MHImain,HKFE,2025-06-17 20:00:00,23965.0,23989.0,23882.0,23940.0,4500.0,107727352.0,0.0
MHImain,HKFE,2025-06-18 00:00:00,23939.0,23943.0,23782.0,23804.0,3089.0,73691727.0,0.0
MHImain,HKFE,2025-06-18 08:00:00,23854.0,23893.0,23623.0,23638.0,29074.0,690057850.0,0.0
MHImain,HKFE,2025-06-18 12:00:00,23637.0,23705.0,23606.0,23679.0,13554.0,320674588.0,0.0
MHImain,HKFE,2025-06-18 16:00:00,23680.0,23700.0,23568.0,23578.0,6757.0,159842983.0,0.0
MHImain,HKFE,2025-06-18 20:00:00,23577.0,23652.0,23546.0,23607.0,6069.0,143283118.0,0.0
MHImain,HKFE,2025-06-19 00:00:00,23608.0,23643.0,23526.0,23533.0,2383.0,56231451.0,0.0
MHImain,HKFE,2025-06-19 08:00:00,23520.0,23628.0,23336.0,23337.0,27168.0,637965415.0,0.0
MHImain,HKFE,2025-06-19 12:00:00,23337.0,23337.0,23160.0,23208.0,23452.0,545007667.0,0.0
MHImain,HKFE,2025-06-19 16:00:00,23206.0,23243.0,23161.0,23162.0,6867.0,159364847.0,0.0
MHImain,HKFE,2025-06-19 20:00:00,23162.0,23195.0,23115.0,23142.0,4192.0,97067642.0,0.0
MHImain,HKFE,2025-06-20 00:00:00,23143.0,23192.0,23105.0,23188.0,1613.0,37319604.0,0.0
MHImain,HKFE,2025-06-20 08:00:00,23242.0,23455.0,23221.0,23452.0,26521.0,619262960.0,0.0
MHImain,HKFE,2025-06-20 12:00:00,23453.0,23519.0,23365.0,23383.0,16733.0,392188010.0,0.0
MHImain,HKFE,2025-06-20 16:00:00,23382.0,23576.0,23377.0,23549.0,9439.0,221603561.0,0.0
MHImain,HKFE,2025-06-20 20:00:00,23548.0,23616.0,23390.0,23423.0,7356.0,172957529.0,0.0
MHImain,HKFE,2025-06-21 00:00:00,23421.0,23445.0,23379.0,23405.0,2507.0,58698449.0,0.0
MHImain,HKFE,2025-06-23 08:00:00,23256.0,23505.0,23235.0,23501.0,29777.0,695330721.0,0.0
MHImain,HKFE,2025-06-23 12:00:00,23504.0,23674.0,23457.0,23644.0,22263.0,524875690.0,0.0
MHImain,HKFE,2025-06-23 16:00:00,23648.0,23700.0,23564.0,23568.0,9157.0,216487326.0,0.0
MHImain,HKFE,2025-06-23 20:00:00,23568.0,23661.0,23521.0,23649.0,5841.0,137837658.0,0.0
MHImain,HKFE,2025-06-24 00:00:00,23653.0,23731.0,23528.0,23725.0,3761.0,88881789.0,0.0
MHImain,HKFE,2025-06-24 08:00:00,23797.0,24167.0,23784.0,24165.0,32484.0,780287904.0,0.0
MHImain,HKFE,2025-06-24 12:00:00,24166.0,24200.0,24061.0,24186.0,16941.0,409021627.0,0.0
MHImain,HKFE,2025-06-24 16:00:00,24185.0,24221.0,24117.0,24129.0,9739.0,235385741.0,0.0
MHImain,HKFE,2025-06-24 20:00:00,24130.0,24293.0,24089.0,24283.0,6884.0,166457129.0,0.0
MHImain,HKFE,2025-06-25 00:00:00,24282.0,24357.0,24275.0,24345.0,2897.0,70445643.0,0.0
MHImain,HKFE,2025-06-25 08:00:00,24312.0,24418.0,24254.0,24360.0,30190.0,734847040.0,0.0
MHImain,HKFE,2025-06-25 12:00:00,24358.0,24495.0,24302.0,24485.0,17186.0,419271861.0,0.0
MHImain,HKFE,2025-06-25 16:00:00,24486.0,24521.0,24380.0,24395.0,8461.0,206982727.0,0.0
MHImain,HKFE,2025-06-25 20:00:00,24395.0,24465.0,24320.0,24348.0,5875.0,143249453.0,0.0
MHImain,HKFE,2025-06-26 00:00:00,24346.0,24378.0,24320.0,24328.0,1285.0,31293859.0,0.0
MHImain,HKFE,2025-06-26 08:00:00,24335.0,24384.0,24225.0,24354.0,25682.0,624102721.0,0.0
MHImain,HKFE,2025-06-26 12:00:00,24356.0,24385.0,24212.0,24295.0,11553.0,280617173.0,0.0
MHImain,HKFE,2025-06-26 16:00:00,24296.0,24382.0,24279.0,24319.0,5834.0,141846757.0,0.0
MHImain,HKFE,2025-06-26 20:00:00,24319.0,24440.0,24268.0,24415.0,4185.0,101900162.0,0.0
MHImain,HKFE,2025-06-27 00:00:00,24414.0,24437.0,24355.0,24355.0,1750.0,42698404.0,0.0
MHImain,HKFE,2025-06-27 08:00:00,24366.0,24461.0,24315.0,24347.0,25593.0,624474852.0,0.0
MHImain,HKFE,2025-06-27 12:00:00,24345.0,24368.0,24174.0,24282.0,17535.0,425320092.0,0.0
MHImain,HKFE,2025-06-27 16:00:00,24280.0,24305.0,24206.0,24250.0,6244.0,151416928.0,0.0
MHImain,HKFE,2025-06-27 20:00:00,24245.0,24301.0,24188.0,24247.0,4750.0,115161165.0,0.0
MHImain,HKFE,2025-06-28 00:00:00,24249.0,24285.0,24161.0,24185.0,2599.0,62972323.0,0.0
MHImain,HKFE,2025-06-30 08:00:00,24252.0,24294.0,24066.0,24110.0,25890.0,625562769.0,0.0
MHImain,HKFE,2025-06-30 12:00:00,24108.0,24235.0,24100.0,24192.0,13195.0,319069567.0,0.0
MHImain,HKFE,2025-06-30 16:00:00,24193.0,24206.0,24022.0,24088.0,9389.0,226202921.0,0.0
MHImain,HKFE,2025-06-30 20:00:00,24089.0,24141.0,23995.0,24124.0,4327.0,104166120.0,0.0
MHImain,HKFE,2025-07-01 00:00:00,24126.0,24173.0,24118.0,24168.0,1644.0,39695730.0,0.0
MHImain,HKFE,2025-07-02 08:00:00,24247.0,24380.0,24100.0,24217.0,32540.0,788142636.0,0.0
MHImain,HKFE,2025-07-02 12:00:00,24217.0,24281.0,24143.0,24254.0,14868.0,360057847.0,0.0
MHImain,HKFE,2025-07-02 16:00:00,24254.0,24258.0,24161.0,24220.0,6785.0,164177887.0,0.0
MHImain,HKFE,2025-07-02 20:00:00,24220.0,24222.0,24068.0,24147.0,5967.0,143965817.0,0.0
MHImain,HKFE,2025-07-03 00:00:00,24146.0,24184.0,24100.0,24177.0,1682.0,40606784.0,0.0
MHImain,HKFE,2025-07-03 08:00:00,24215.0,24284.0,23932.0,24020.0,31471.0,757325780.0,0.0
MHImain,HKFE,2025-07-03 12:00:00,24021.0,24096.0,23961.0,24083.0,13845.0,332679488.0,0.0
MHImain,HKFE,2025-07-03 16:00:00,24084.0,24102.0,23952.0,23984.0,7384.0,177508508.0,0.0
MHImain,HKFE,2025-07-03 20:00:00,23987.0,24110.0,23950.0,24001.0,7210.0,173327237.0,0.0
MHImain,HKFE,2025-07-04 00:00:00,24001.0,24068.0,23992.0,24001.0,2431.0,58406705.0,0.0
MHImain,HKFE,2025-07-04 08:00:00,23950.0,23950.0,23701.0,23891.0,31846.0,758243964.0,0.0
MHImain,HKFE,2025-07-04 12:00:00,23893.0,24094.0,23852.0,23898.0,26775.0,641414741.0,0.0
MHImain,HKFE,2025-07-04 16:00:00,23900.0,23939.0,23869.0,23923.0,6339.0,151547597.0,0.0
MHImain,HKFE,2025-07-04 20:00:00,23925.0,23934.0,23866.0,23917.0,2424.0,57947675.0,0.0
MHImain,HKFE,2025-07-05 00:00:00,23916.0,23939.0,23886.0,23902.0,944.0,22574923.0,0.0
MHImain,HKFE,2025-07-07 08:00:00,23852.0,23879.0,23716.0,23828.0,27557.0,656156063.0,0.0
MHImain,HKFE,2025-07-07 12:00:00,23829.0,23920.0,23799.0,23838.0,13246.0,316015306.0,0.0
MHImain,HKFE,2025-07-07 16:00:00,23836.0,23918.0,23782.0,23893.0,7252.0,172938921.0,0.0
MHImain,HKFE,2025-07-07 20:00:00,23890.0,24028.0,23860.0,23957.0,6337.0,151854341.0,0.0
MHImain,HKFE,2025-07-08 00:00:00,23957.0,23982.0,23830.0,23881.0,3897.0,93156025.0,0.0
MHImain,HKFE,2025-07-08 08:00:00,23939.0,24155.0,23899.0,24137.0,34655.0,831819846.0,0.0
MHImain,HKFE,2025-07-08 12:00:00,24138.0,24144.0,24016.0,24103.0,16593.0,399532077.0,0.0
MHImain,HKFE,2025-07-08 16:00:00,24098.0,24170.0,24078.0,24103.0,8158.0,196874425.0,0.0
MHImain,HKFE,2025-07-08 20:00:00,24109.0,24117.0,24003.0,24094.0,6063.0,145880527.0,0.0
MHImain,HKFE,2025-07-09 00:00:00,24094.0,24142.0,24062.0,24102.0,2249.0,54220405.0,0.0
MHImain,HKFE,2025-07-09 08:00:00,24067.0,24088.0,23844.0,23948.0,31154.0,746596797.0,0.0
MHImain,HKFE,2025-07-09 12:00:00,23948.0,24008.0,23818.0,23888.0,16011.0,382824483.0,0.0
MHImain,HKFE,2025-07-09 16:00:00,23886.0,23935.0,23853.0,23924.0,6591.0,157437169.0,0.0
MHImain,HKFE,2025-07-09 20:00:00,23924.0,23956.0,23808.0,23812.0,6091.0,145428510.0,0.0
MHImain,HKFE,2025-07-10 00:00:00,23812.0,23875.0,23812.0,23858.0,1673.0,39900667.0,0.0
MHImain,HKFE,2025-07-10 08:00:00,23870.0,23970.0,23806.0,23925.0,31044.0,741988422.0,0.0
MHImain,HKFE,2025-07-10 12:00:00,23925.0,24074.0,23900.0,24069.0,20337.0,487854196.0,0.0
MHImain,HKFE,2025-07-10 16:00:00,24071.0,24085.0,24008.0,24022.0,7689.0,184877674.0,0.0
MHImain,HKFE,2025-07-10 20:00:00,24024.0,24035.0,23884.0,23948.0,7399.0,177277687.0,0.0
MHImain,HKFE,2025-07-11 00:00:00,23949.0,24061.0,23941.0,24035.0,3156.0,75766372.0,0.0
MHImain,HKFE,2025-07-11 08:00:00,23999.0,24479.0,23998.0,24346.0,38033.0,924611127.0,0.0
MHImain,HKFE,2025-07-11 12:00:00,24344.0,24532.0,24275.0,24287.0,27104.0,662266643.0,0.0
MHImain,HKFE,2025-07-11 16:00:00,24286.0,24305.0,24120.0,24171.0,14990.0,362941194.0,0.0
MHImain,HKFE,2025-07-11 20:00:00,24171.0,24172.0,24095.0,24098.0,4591.0,110771349.0,0.0
MHImain,HKFE,2025-07-12 00:00:00,24096.0,24113.0,24065.0,24087.0,2096.0,50496721.0,0.0
MHImain,HKFE,2025-07-14 08:00:00,24056.0,24205.0,24047.0,24129.0,26584.0,641951613.0,0.0
MHImain,HKFE,2025-07-14 12:00:00,24127.0,24270.0,24119.0,24195.0,14814.0,358480672.0,0.0
MHImain,HKFE,2025-07-14 16:00:00,24193.0,24256.0,24180.0,24200.0,5581.0,135144655.0,0.0
MHImain,HKFE,2025-07-14 20:00:00,24200.0,24277.0,24148.0,24254.0,5751.0,139316765.0,0.0
MHImain,HKFE,2025-07-15 00:00:00,24252.0,24288.0,24241.0,24269.0,1808.0,43865957.0,0.0
MHImain,HKFE,2025-07-15 08:00:00,24266.0,24569.0,24132.0,24150.0,44423.0,1083404015.0,0.0
MHImain,HKFE,2025-07-15 12:00:00,24149.0,24501.0,24125.0,24423.0,28426.0,691637525.0,0.0
MHImain,HKFE,2025-07-15 16:00:00,24423.0,24599.0,24419.0,24533.0,13522.0,331608160.0,0.0
MHImain,HKFE,2025-07-15 20:00:00,24533.0,24596.0,24417.0,24488.0,8470.0,207403072.0,0.0
MHImain,HKFE,2025-07-16 00:00:00,24488.0,24647.0,24468.0,24627.0,4332.0,106367961.0,0.0
MHImain,HKFE,2025-07-16 08:00:00,24600.0,24879.0,24600.0,24724.0,44268.0,1095561668.0,0.0
MHImain,HKFE,2025-07-16 12:00:00,24722.0,24752.0,24553.0,24627.0,25242.0,622068733.0,0.0
MHImain,HKFE,2025-07-16 16:00:00,24630.0,24634.0,24493.0,24524.0,9544.0,234306767.0,0.0
MHImain,HKFE,2025-07-16 20:00:00,24526.0,24552.0,24409.0,24501.0,7849.0,192067113.0,0.0
MHImain,HKFE,2025-07-17 00:00:00,24501.0,24586.0,24475.0,24577.0,4397.0,107819363.0,0.0
MHImain,HKFE,2025-07-17 08:00:00,24613.0,24668.0,24443.0,24451.0,34704.0,852327457.0,0.0
MHImain,HKFE,2025-07-17 12:00:00,24453.0,24595.0,24451.0,24548.0,17354.0,425804249.0,0.0
MHImain,HKFE,2025-07-17 16:00:00,24548.0,24553.0,24439.0,24445.0,8016.0,196245414.0,0.0
MHImain,HKFE,2025-07-17 20:00:00,24449.0,24640.0,24413.0,24611.0,7317.0,179399275.0,0.0
MHImain,HKFE,2025-07-18 00:00:00,24613.0,24689.0,24587.0,24679.0,4542.0,111937957.0,0.0
MHImain,HKFE,2025-07-18 08:00:00,24700.0,24837.0,24690.0,24751.0,34848.0,862821759.0,0.0
MHImain,HKFE,2025-07-18 12:00:00,24751.0,24781.0,24620.0,24758.0,18221.0,449978958.0,0.0
MHImain,HKFE,2025-07-18 16:00:00,24759.0,24945.0,24759.0,24913.0,11259.0,279611891.0,0.0
MHImain,HKFE,2025-07-18 20:00:00,24913.0,25083.0,24909.0,25010.0,10302.0,257601533.0,0.0
MHImain,HKFE,2025-07-19 00:00:00,25008.0,25049.0,24870.0,24894.0,5057.0,126232737.0,0.0
MHImain,HKFE,2025-07-21 08:00:00,24958.0,25023.0,24894.0,24920.0,30228.0,754652055.0,0.0
MHImain,HKFE,2025-07-21 12:00:00,24920.0,25006.0,24846.0,24989.0,17665.0,440307649.0,0.0
MHImain,HKFE,2025-07-21 16:00:00,24991.0,25023.0,24948.0,25010.0,6586.0,164547717.0,0.0
MHImain,HKFE,2025-07-21 20:00:00,25010.0,25137.0,24931.0,25128.0,7874.0,197155834.0,0.0
MHImain,HKFE,2025-07-22 00:00:00,25128.0,25134.0,25042.0,25060.0,2640.0,66220954.0,0.0
MHImain,HKFE,2025-07-22 08:00:00,25048.0,25133.0,24915.0,24975.0,28005.0,700448582.0,0.0
MHImain,HKFE,2025-07-22 12:00:00,24977.0,25145.0,24962.0,25085.0,22926.0,574802770.0,0.0
MHImain,HKFE,2025-07-22 16:00:00,25083.0,25176.0,25071.0,25151.0,7208.0,181079017.0,0.0
MHImain,HKFE,2025-07-22 20:00:00,25151.0,25282.0,25107.0,25266.0,8568.0,215841076.0,0.0
MHImain,HKFE,2025-07-23 00:00:00,25265.0,25359.0,25255.0,25329.0,4563.0,115525520.0,0.0
MHImain,HKFE,2025-07-23 08:00:00,25370.0,25425.0,25232.0,25320.0,31324.0,792349971.0,0.0
MHImain,HKFE,2025-07-23 12:00:00,25321.0,25536.0,25302.0,25484.0,32501.0,826973844.0,0.0
MHImain,HKFE,2025-07-23 16:00:00,25484.0,25582.0,25444.0,25498.0,9868.0,251720930.0,0.0
MHImain,HKFE,2025-07-23 20:00:00,25500.0,25538.0,25449.0,25464.0,6654.0,169622742.0,0.0
MHImain,HKFE,2025-07-24 00:00:00,25464.0,25557.0,25458.0,25548.0,3151.0,80380533.0,0.0
MHImain,HKFE,2025-07-24 08:00:00,25500.0,25744.0,25478.0,25707.0,38050.0,974430622.0,0.0
MHImain,HKFE,2025-07-24 12:00:00,25708.0,25741.0,25598.0,25688.0,20734.0,532414513.0,0.0
MHImain,HKFE,2025-07-24 16:00:00,25687.0,25706.0,25606.0,25612.0,7263.0,186352486.0,0.0
MHImain,HKFE,2025-07-24 20:00:00,25613.0,25646.0,25543.0,25566.0,5991.0,153331179.0,0.0
MHImain,HKFE,2025-07-25 00:00:00,25566.0,25568.0,25484.0,25512.0,3972.0,101384485.0,0.0
MHImain,HKFE,2025-07-25 08:00:00,25545.0,25582.0,25391.0,25424.0,31562.0,804764642.0,0.0
MHImain,HKFE,2025-07-25 12:00:00,25424.0,25473.0,25348.0,25366.0,17115.0,434775141.0,0.0
MHImain,HKFE,2025-07-25 16:00:00,25367.0,25399.0,25304.0,25305.0,9277.0,235263914.0,0.0
MHImain,HKFE,2025-07-25 20:00:00,25306.0,25359.0,25254.0,25327.0,7708.0,195078196.0,0.0
MHImain,HKFE,2025-07-26 00:00:00,25326.0,25404.0,25295.0,25396.0,2687.0,68113743.0,0.0
MHImain,HKFE,2025-07-28 08:00:00,25445.0,25648.0,25378.0,25561.0,33067.0,843492119.0,0.0
MHImain,HKFE,2025-07-28 12:00:00,25560.0,25574.0,25439.0,25545.0,16610.0,423503218.0,0.0
MHImain,HKFE,2025-07-28 16:00:00,25549.0,25575.0,25471.0,25487.0,6869.0,175347437.0,0.0
MHImain,HKFE,2025-07-28 20:00:00,25490.0,25502.0,25387.0,25435.0,6282.0,159871280.0,0.0
MHImain,HKFE,2025-07-29 00:00:00,25435.0,25457.0,25360.0,25369.0,1791.0,45503325.0,0.0
MHImain,HKFE,2025-07-29 08:00:00,25350.0,25426.0,25218.0,25305.0,27531.0,696897001.0,0.0
MHImain,HKFE,2025-07-29 12:00:00,25305.0,25392.0,25241.0,25388.0,13701.0,346717349.0,0.0
MHImain,HKFE,2025-07-29 16:00:00,25388.0,25541.0,25383.0,25511.0,9040.0,230113731.0,0.0
MHImain,HKFE,2025-07-29 20:00:00,25511.0,25558.0,25431.0,25453.0,5090.0,129773710.0,0.0
MHImain,HKFE,2025-07-30 00:00:00,25452.0,25478.0,25368.0,25368.0,3351.0,85167151.0,0.0
MHImain,HKFE,2025-07-30 08:00:00,25354.0,25491.0,25209.0,25469.0,34216.0,868191336.0,0.0
MHImain,HKFE,2025-07-30 12:00:00,25469.0,25478.0,25085.0,25164.0,33608.0,849432743.0,0.0
MHImain,HKFE,2025-07-30 16:00:00,25163.0,25256.0,25145.0,25198.0,8686.0,218875318.0,0.0
MHImain,HKFE,2025-07-30 20:00:00,25202.0,25210.0,25022.0,25033.0,8263.0,207345036.0,0.0
MHImain,HKFE,2025-07-31 00:00:00,25030.0,25067.0,24932.0,24934.0,3643.0,91134874.0,0.0
MHImain,HKFE,2025-07-31 08:00:00,24981.0,24985.0,24770.0,24932.0,39322.0,978236287.0,0.0
MHImain,HKFE,2025-07-31 12:00:00,24932.0,24949.0,24739.0,24795.0,26669.0,662064045.0,0.0
MHImain,HKFE,2025-07-31 16:00:00,24797.0,24811.0,24705.0,24721.0,8373.0,207363379.0,0.0
MHImain,HKFE,2025-07-31 20:00:00,24723.0,24801.0,24655.0,24775.0,9303.0,230025044.0,0.0
MHImain,HKFE,2025-08-01 00:00:00,24775.0,24815.0,24678.0,24715.0,3799.0,94039230.0,0.0
MHImain,HKFE,2025-08-01 08:00:00,24708.0,24830.0,24665.0,24755.0,35777.0,885453502.0,0.0
MHImain,HKFE,2025-08-01 12:00:00,24755.0,24785.0,24551.0,24624.0,24417.0,601538135.0,0.0
MHImain,HKFE,2025-08-01 16:00:00,24623.0,24631.0,24419.0,24459.0,13184.0,323071956.0,0.0
MHImain,HKFE,2025-08-01 20:00:00,24458.0,24480.0,24254.0,24332.0,12871.0,313594019.0,0.0
MHImain,HKFE,2025-08-02 00:00:00,24331.0,24387.0,24242.0,24271.0,4682.0,113835128.0,0.0
MHImain,HKFE,2025-08-04 08:00:00,24378.0,24613.0,24348.0,24593.0,31620.0,774602500.0,0.0
MHImain,HKFE,2025-08-04 12:00:00,24594.0,24714.0,24567.0,24711.0,20383.0,502015521.0,0.0
MHImain,HKFE,2025-08-04 16:00:00,24711.0,24740.0,24633.0,24686.0,9076.0,224030378.0,0.0
MHImain,HKFE,2025-08-04 20:00:00,24693.0,24759.0,24614.0,24649.0,8253.0,203699651.0,0.0
MHImain,HKFE,2025-08-05 00:00:00,24652.0,24738.0,24626.0,24709.0,2008.0,49572603.0,0.0
MHImain,HKFE,2025-08-05 08:00:00,24725.0,24822.0,24637.0,24693.0,29207.0,721788961.0,0.0
MHImain,HKFE,2025-08-05 12:00:00,24691.0,24882.0,24688.0,24845.0,19151.0,475155393.0,0.0
MHImain,HKFE,2025-08-05 16:00:00,24844.0,24863.0,24803.0,24835.0,7658.0,190182573.0,0.0
MHImain,HKFE,2025-08-05 20:00:00,24832.0,24909.0,24778.0,24851.0,6547.0,162696239.0,0.0
MHImain,HKFE,2025-08-06 00:00:00,24854.0,24872.0,24780.0,24817.0,3233.0,80280848.0,0.0
MHImain,HKFE,2025-08-06 08:00:00,24820.0,24918.0,24754.0,24827.0,26831.0,666288232.0,0.0
MHImain,HKFE,2025-08-06 12:00:00,24829.0,24955.0,24814.0,24860.0,18161.0,452023217.0,0.0
MHImain,HKFE,2025-08-06 16:00:00,24864.0,24927.0,24815.0,24844.0,6388.0,158910974.0,0.0
MHImain,HKFE,2025-08-06 20:00:00,24843.0,24876.0,24737.0,24760.0,6721.0,166714949.0,0.0
MHImain,HKFE,2025-08-07 00:00:00,24759.0,24914.0,24741.0,24911.0,4043.0,100400601.0,0.0
MHImain,HKFE,2025-08-07 08:00:00,24950.0,25016.0,24789.0,24889.0,33805.0,842165147.0,0.0
MHImain,HKFE,2025-08-07 12:00:00,24887.0,25084.0,24884.0,25066.0,22408.0,560573228.0,0.0
MHImain,HKFE,2025-08-07 16:00:00,25065.0,25072.0,25001.0,25016.0,7723.0,193284679.0,0.0
MHImain,HKFE,2025-08-07 20:00:00,25021.0,25044.0,24878.0,24903.0,7171.0,178924429.0,0.0
MHImain,HKFE,2025-08-08 00:00:00,24900.0,24918.0,24832.0,24871.0,3768.0,93724095.0,0.0
MHImain,HKFE,2025-08-08 08:00:00,24926.0,24960.0,24820.0,24869.0,27977.0,696465842.0,0.0
MHImain,HKFE,2025-08-08 12:00:00,24867.0,24894.0,24779.0,24790.0,14578.0,361980620.0,0.0
MHImain,HKFE,2025-08-08 16:00:00,24793.0,24848.0,24786.0,24834.0,6683.0,165852050.0,0.0
MHImain,HKFE,2025-08-08 20:00:00,24832.0,24877.0,24803.0,24876.0,4313.0,107112049.0,0.0
MHImain,HKFE,2025-08-09 00:00:00,24877.0,24940.0,24865.0,24940.0,3202.0,79724234.0,0.0
MHImain,HKFE,2025-08-11 08:00:00,24929.0,24942.0,24740.0,24864.0,34037.0,845581344.0,0.0
MHImain,HKFE,2025-08-11 12:00:00,24865.0,24923.0,24828.0,24851.0,13595.0,338165636.0,0.0
MHImain,HKFE,2025-08-11 16:00:00,24850.0,24909.0,24826.0,24890.0,4449.0,110624904.0,0.0
MHImain,HKFE,2025-08-11 20:00:00,24889.0,24937.0,24784.0,24796.0,5124.0,127324861.0,0.0
MHImain,HKFE,2025-08-12 00:00:00,24792.0,24818.0,24720.0,24759.0,3506.0,86834670.0,0.0
MHImain,HKFE,2025-08-12 08:00:00,24784.0,24913.0,24759.0,24889.0,29579.0,734822150.0,0.0
MHImain,HKFE,2025-08-12 12:00:00,24890.0,24936.0,24831.0,24900.0,17350.0,431718818.0,0.0
MHImain,HKFE,2025-08-12 16:00:00,24901.0,24991.0,24883.0,24886.0,9852.0,245722258.0,0.0
MHImain,HKFE,2025-08-12 20:00:00,24888.0,25093.0,24876.0,25085.0,8328.0,208038432.0,0.0
MHImain,HKFE,2025-08-13 00:00:00,25085.0,25186.0,25076.0,25154.0,4730.0,118867158.0,0.0
MHImain,HKFE,2025-08-13 08:00:00,25160.0,25408.0,25114.0,25399.0,35816.0,904156310.0,0.0
MHImain,HKFE,2025-08-13 12:00:00,25402.0,25564.0,25395.0,25538.0,21754.0,553972472.0,0.0
MHImain,HKFE,2025-08-13 16:00:00,25538.0,25761.0,25521.0,25733.0,12677.0,324854723.0,0.0
MHImain,HKFE,2025-08-13 20:00:00,25730.0,25850.0,25705.0,25765.0,8870.0,228665506.0,0.0
MHImain,HKFE,2025-08-14 00:00:00,25766.0,25794.0,25725.0,25734.0,3547.0,91367120.0,0.0
MHImain,HKFE,2025-08-14 08:00:00,25790.0,25809.0,25641.0,25676.0,27459.0,705812139.0,0.0
MHImain,HKFE,2025-08-14 12:00:00,25678.0,25683.0,25463.0,25503.0,21191.0,541497622.0,0.0
MHImain,HKFE,2025-08-14 16:00:00,25504.0,25610.0,25489.0,25515.0,9382.0,239640834.0,0.0
MHImain,HKFE,2025-08-14 20:00:00,25515.0,25542.0,25319.0,25330.0,10617.0,269515696.0,0.0
MHImain,HKFE,2025-08-15 00:00:00,25328.0,25358.0,25248.0,25317.0,4452.0,112606247.0,0.0
MHImain,HKFE,2025-08-15 08:00:00,25288.0,25343.0,25144.0,25155.0,28515.0,719955580.0,0.0
MHImain,HKFE,2025-08-15 12:00:00,25156.0,25285.0,25152.0,25230.0,16802.0,423738771.0,0.0
MHImain,HKFE,2025-08-15 16:00:00,25229.0,25261.0,25208.0,25247.0,5672.0,143132123.0,0.0
MHImain,HKFE,2025-08-15 20:00:00,25248.0,25303.0,25214.0,25218.0,4914.0,124103910.0,0.0
MHImain,HKFE,2025-08-16 00:00:00,25218.0,25230.0,25168.0,25214.0,2120.0,53425116.0,0.0
MHImain,HKFE,2025-08-18 08:00:00,25279.0,25373.0,25223.0,25277.0,27567.0,697454334.0,0.0
MHImain,HKFE,2025-08-18 12:00:00,25277.0,25463.0,25266.0,25273.0,22990.0,583075115.0,0.0
MHImain,HKFE,2025-08-18 16:00:00,25274.0,25279.0,25152.0,25216.0,9149.0,230718071.0,0.0
MHImain,HKFE,2025-08-18 20:00:00,25214.0,25288.0,25183.0,25195.0,4625.0,116735727.0,0.0
MHImain,HKFE,2025-08-19 00:00:00,25193.0,25250.0,25192.0,25230.0,1753.0,44214171.0,0.0
MHImain,HKFE,2025-08-19 08:00:00,25250.0,25250.0,25062.0,25183.0,28597.0,719093949.0,0.0
MHImain,HKFE,2025-08-19 12:00:00,25183.0,25252.0,25072.0,25124.0,19672.0,494954235.0,0.0
MHImain,HKFE,2025-08-19 16:00:00,25125.0,25169.0,25074.0,25163.0,7410.0,186144050.0,0.0
MHImain,HKFE,2025-08-19 20:00:00,25162.0,25196.0,25065.0,25095.0,5321.0,133828966.0,0.0
MHImain,HKFE,2025-08-20 00:00:00,25094.0,25098.0,24964.0,24972.0,3892.0,97395945.0,0.0
MHImain,HKFE,2025-08-20 08:00:00,24950.0,25078.0,24858.0,25035.0,28313.0,707301009.0,0.0
MHImain,HKFE,2025-08-20 12:00:00,25034.0,25193.0,24949.0,25190.0,21510.0,538950230.0,0.0
MHImain,HKFE,2025-08-20 16:00:00,25187.0,25210.0,25126.0,25153.0,9266.0,233236191.0,0.0
MHImain,HKFE,2025-08-20 20:00:00,25149.0,25219.0,25059.0,25094.0,9217.0,231661886.0,0.0
MHImain,HKFE,2025-08-21 00:00:00,25096.0,25196.0,25093.0,25176.0,2717.0,68320442.0,0.0
MHImain,HKFE,2025-08-21 08:00:00,25175.0,25211.0,25090.0,25129.0,25425.0,639564483.0,0.0
MHImain,HKFE,2025-08-21 12:00:00,25128.0,25140.0,24990.0,25045.0,17698.0,443811347.0,0.0
MHImain,HKFE,2025-08-21 16:00:00,25044.0,25120.0,25040.0,25113.0,6510.0,163296435.0,0.0
MHImain,HKFE,2025-08-21 20:00:00,25113.0,25189.0,25078.0,25146.0,6053.0,152134376.0,0.0
MHImain,HKFE,2025-08-22 00:00:00,25147.0,25211.0,25145.0,25189.0,2755.0,69368969.0,0.0
MHImain,HKFE,2025-08-22 08:00:00,25204.0,25282.0,25141.0,25189.0,29853.0,752492283.0,0.0
MHImain,HKFE,2025-08-22 12:00:00,25189.0,25257.0,25150.0,25220.0,15606.0,393294379.0,0.0
MHImain,HKFE,2025-08-22 16:00:00,25220.0,25388.0,25212.0,25361.0,9632.0,243855198.0,0.0
MHImain,HKFE,2025-08-22 20:00:00,25363.0,25727.0,25358.0,25704.0,12427.0,317444369.0,0.0
MHImain,HKFE,2025-08-23 00:00:00,25705.0,25755.0,25672.0,25723.0,4195.0,107856856.0,0.0
MHImain,HKFE,2025-08-25 08:00:00,25688.0,25950.0,25608.0,25898.0,35000.0,901880409.0,0.0
MHImain,HKFE,2025-08-25 12:00:00,25900.0,25933.0,25768.0,25928.0,23271.0,601717841.0,0.0
MHImain,HKFE,2025-08-25 16:00:00,25929.0,25940.0,25763.0,25798.0,10294.0,266088617.0,0.0
MHImain,HKFE,2025-08-25 20:00:00,25795.0,25867.0,25721.0,25762.0,7700.0,198573993.0,0.0
MHImain,HKFE,2025-08-26 00:00:00,25764.0,25808.0,25702.0,25709.0,2553.0,65745149.0,0.0
MHImain,HKFE,2025-08-26 08:00:00,25700.0,25814.0,25672.0,25790.0,23104.0,594966998.0,0.0
MHImain,HKFE,2025-08-26 12:00:00,25791.0,25838.0,25638.0,25653.0,18047.0,464981728.0,0.0
MHImain,HKFE,2025-08-26 16:00:00,25653.0,25665.0,25483.0,25659.0,15093.0,386087735.0,0.0
MHImain,HKFE,2025-08-26 20:00:00,25658.0,25718.0,25616.0,25641.0,6289.0,161473610.0,0.0
MHImain,HKFE,2025-08-27 00:00:00,25646.0,25661.0,25582.0,25621.0,2490.0,63794072.0,0.0
MHImain,HKFE,2025-08-27 08:00:00,25646.0,25681.0,25498.0,25579.0,25857.0,661879618.0,0.0
MHImain,HKFE,2025-08-27 12:00:00,25581.0,25582.0,25160.0,25199.0,27150.0,688908970.0,0.0
MHImain,HKFE,2025-08-27 16:00:00,25199.0,25251.0,24991.0,25033.0,10207.0,256923342.0,0.0
MHImain,HKFE,2025-08-27 20:00:00,25034.0,25035.0,24835.0,24883.0,5836.0,145371188.0,0.0
MHImain,HKFE,2025-08-28 00:00:00,24884.0,24943.0,24855.0,24915.0,2054.0,51137655.0,0.0
MHImain,HKFE,2025-08-28 08:00:00,24975.0,25022.0,24837.0,25004.0,31395.0,782565955.0,0.0
MHImain,HKFE,2025-08-28 12:00:00,25005.0,25006.0,24738.0,24955.0,25312.0,629681689.0,0.0
MHImain,HKFE,2025-08-28 16:00:00,24956.0,25006.0,24872.0,24903.0,8580.0,213972690.0,0.0
MHImain,HKFE,2025-08-28 20:00:00,24900.0,25088.0,24891.0,25069.0,7630.0,190769244.0,0.0
MHImain,HKFE,2025-08-29 00:00:00,25068.0,25126.0,25048.0,25113.0,2963.0,74354778.0,0.0
MHImain,HKFE,2025-08-29 08:00:00,25058.0,25202.0,24979.0,25130.0,32974.0,827082227.0,0.0
MHImain,HKFE,2025-08-29 12:00:00,25128.0,25212.0,25029.0,25141.0,24165.0,607078250.0,0.0
MHImain,HKFE,2025-08-29 16:00:00,25137.0,25180.0,24877.0,25120.0,12883.0,322819411.0,0.0
MHImain,HKFE,2025-08-29 20:00:00,25121.0,25304.0,25094.0,25293.0,12798.0,322590242.0,0.0
MHImain,HKFE,2025-08-30 00:00:00,25292.0,25357.0,25242.0,25333.0,4942.0,125081172.0,0.0
MHImain,HKFE,2025-09-01 08:00:00,25385.0,25598.0,25370.0,25536.0,33810.0,862388345.0,0.0
MHImain,HKFE,2025-09-01 12:00:00,25535.0,25595.0,25439.0,25515.0,17665.0,450759768.0,0.0
MHImain,HKFE,2025-09-01 16:00:00,25515.0,25568.0,25502.0,25505.0,5960.0,152207752.0,0.0
MHImain,HKFE,2025-09-01 20:00:00,25504.0,25514.0,25415.0,25435.0,3746.0,95392947.0,0.0
MHImain,HKFE,2025-09-02 00:00:00,25437.0,25463.0,25426.0,25462.0,1058.0,26919265.0,0.0
MHImain,HKFE,2025-09-02 08:00:00,25505.0,25694.0,25476.0,25507.0,37041.0,947265894.0,0.0
MHImain,HKFE,2025-09-02 12:00:00,25504.0,25557.0,25379.0,25508.0,27046.0,688897759.0,0.0
MHImain,HKFE,2025-09-02 16:00:00,25508.0,25521.0,25350.0,25359.0,9401.0,239143017.0,0.0
MHImain,HKFE,2025-09-02 20:00:00,25358.0,25498.0,25196.0,25389.0,15152.0,383863100.0,0.0
MHImain,HKFE,2025-09-03 00:00:00,25390.0,25460.0,25389.0,25448.0,2987.0,75936623.0,0.0
MHImain,HKFE,2025-09-03 08:00:00,25582.0,25761.0,25361.0,25395.0,42355.0,1082353928.0,0.0
MHImain,HKFE,2025-09-03 12:00:00,25394.0,25417.0,25219.0,25267.0,25593.0,647763434.0,0.0
MHImain,HKFE,2025-09-03 16:00:00,25266.0,25373.0,25228.0,25345.0,7657.0,193662722.0,0.0
MHImain,HKFE,2025-09-03 20:00:00,25344.0,25366.0,25243.0,25299.0,7198.0,182200857.0,0.0
MHImain,HKFE,2025-09-04 00:00:00,25298.0,25375.0,25281.0,25337.0,2383.0,60383901.0,0.0
MHImain,HKFE,2025-09-04 08:00:00,25435.0,25478.0,24983.0,25031.0,42791.0,1078964182.0,0.0
MHImain,HKFE,2025-09-04 12:00:00,25028.0,25084.0,24963.0,25001.0,25299.0,632933602.0,0.0
MHImain,HKFE,2025-09-04 16:00:00,25003.0,25035.0,24947.0,25000.0,7258.0,181410289.0,0.0
MHImain,HKFE,2025-09-04 20:00:00,25002.0,25039.0,24883.0,24938.0,7808.0,194795902.0,0.0
MHImain,HKFE,2025-09-05 00:00:00,24942.0,25030.0,24938.0,25030.0,2877.0,71888533.0,0.0
MHImain,HKFE,2025-09-05 08:00:00,25075.0,25199.0,25046.0,25168.0,26864.0,674911465.0,0.0
MHImain,HKFE,2025-09-05 12:00:00,25165.0,25407.0,25116.0,25391.0,22240.0,561878637.0,0.0
MHImain,HKFE,2025-09-05 16:00:00,25390.0,25435.0,25358.0,25401.0,10337.0,262481058.0,0.0
MHImain,HKFE,2025-09-05 20:00:00,25401.0,25485.0,25249.0,25305.0,12757.0,323667493.0,0.0
MHImain,HKFE,2025-09-06 00:00:00,25310.0,25363.0,25300.0,25343.0,3542.0,89722762.0,0.0
MHImain,HKFE,2025-09-08 08:00:00,25355.0,25519.0,25355.0,25473.0,29252.0,744467119.0,0.0
MHImain,HKFE,2025-09-08 12:00:00,25471.0,25639.0,25448.0,25625.0,18241.0,465854552.0,0.0
MHImain,HKFE,2025-09-08 16:00:00,25623.0,25623.0,25553.0,25585.0,6935.0,177445957.0,0.0
MHImain,HKFE,2025-09-08 20:00:00,25586.0,25638.0,25524.0,25620.0,6155.0,157440028.0,0.0
MHImain,HKFE,2025-09-09 00:00:00,25621.0,25651.0,25585.0,25648.0,2486.0,63677764.0,0.0
MHImain,HKFE,2025-09-09 08:00:00,25655.0,26033.0,25651.0,25911.0,37625.0,974201191.0,0.0
MHImain,HKFE,2025-09-09 12:00:00,25910.0,25926.0,25737.0,25832.0,28113.0,725613721.0,0.0
MHImain,HKFE,2025-09-09 16:00:00,25834.0,25958.0,25824.0,25933.0,10019.0,259491994.0,0.0
MHImain,HKFE,2025-09-09 20:00:00,25934.0,26018.0,25868.0,25939.0,8919.0,231386554.0,0.0
MHImain,HKFE,2025-09-10 00:00:00,25938.0,25960.0,25905.0,25958.0,2611.0,67710006.0,0.0
MHImain,HKFE,2025-09-10 08:00:00,26000.0,26254.0,25997.0,26219.0,37546.0,981562376.0,0.0
MHImain,HKFE,2025-09-10 12:00:00,26219.0,26314.0,26193.0,26213.0,24246.0,636590012.0,0.0
MHImain,HKFE,2025-09-10 16:00:00,26211.0,26246.0,26123.0,26149.0,9195.0,240843348.0,0.0
MHImain,HKFE,2025-09-10 20:00:00,26151.0,26192.0,26001.0,26042.0,10415.0,271619669.0,0.0
MHImain,HKFE,2025-09-11 00:00:00,26041.0,26041.0,25974.0,25991.0,3255.0,84632382.0,0.0
MHImain,HKFE,2025-09-11 08:00:00,25988.0,26081.0,25896.0,26059.0,33618.0,873166536.0,0.0
MHImain,HKFE,2025-09-11 12:00:00,26058.0,26269.0,26046.0,26235.0,29813.0,779603923.0,0.0
MHImain,HKFE,2025-09-11 16:00:00,26232.0,26235.0,26080.0,26140.0,9498.0,248343926.0,0.0
MHImain,HKFE,2025-09-11 20:00:00,26143.0,26338.0,26094.0,26338.0,11317.0,296919851.0,0.0
MHImain,HKFE,2025-09-12 00:00:00,26338.0,26498.0,26322.0,26473.0,7786.0,205723983.0,0.0
MHImain,HKFE,2025-09-12 08:00:00,26495.0,26603.0,26381.0,26436.0,36793.0,974725499.0,0.0
MHImain,HKFE,2025-09-12 12:00:00,26435.0,26534.0,26377.0,26384.0,20692.0,547606673.0,0.0
MHImain,HKFE,2025-09-12 16:00:00,26383.0,26428.0,26336.0,26415.0,10289.0,271560566.0,0.0
MHImain,HKFE,2025-09-12 20:00:00,26417.0,26463.0,26310.0,26335.0,8120.0,214162695.0,0.0
MHImain,HKFE,2025-09-13 00:00:00,26333.0,26401.0,26293.0,26383.0,3320.0,87455113.0,0.0
MHImain,HKFE,2025-09-15 08:00:00,26360.0,26568.0,26316.0,26524.0,30915.0,818062473.0,0.0
MHImain,HKFE,2025-09-15 12:00:00,26522.0,26562.0,26308.0,26376.0,20933.0,553441772.0,0.0
MHImain,HKFE,2025-09-15 16:00:00,26376.0,26495.0,26370.0,26471.0,8732.0,230999824.0,0.0
MHImain,HKFE,2025-09-15 20:00:00,26471.0,26674.0,26467.0,26509.0,13012.0,345560134.0,0.0
MHImain,HKFE,2025-09-16 00:00:00,26506.0,26561.0,26495.0,26520.0,2570.0,68176753.0,0.0
MHImain,HKFE,2025-09-16 08:00:00,26613.0,26628.0,26351.0,26418.0,32343.0,856992626.0,0.0
MHImain,HKFE,2025-09-16 12:00:00,26413.0,26550.0,26392.0,26523.0,18669.0,494446100.0,0.0
MHImain,HKFE,2025-09-16 16:00:00,26521.0,26524.0,26407.0,26425.0,7156.0,189382332.0,0.0
MHImain,HKFE,2025-09-16 20:00:00,26424.0,26572.0,26362.0,26467.0,10430.0,275843585.0,0.0
MHImain,HKFE,2025-09-17 00:00:00,26466.0,26625.0,26428.0,26623.0,4307.0,114282485.0,0.0
MHImain,HKFE,2025-09-17 08:00:00,26632.0,26834.0,26552.0,26826.0,35008.0,933966661.0,0.0
MHImain,HKFE,2025-09-17 12:00:00,26826.0,26969.0,26766.0,26931.0,25344.0,681179918.0,0.0
MHImain,HKFE,2025-09-17 16:00:00,26929.0,26957.0,26865.0,26937.0,10897.0,293288053.0,0.0
MHImain,HKFE,2025-09-17 20:00:00,26937.0,26981.0,26841.0,26888.0,10743.0,289028167.0,0.0
MHImain,HKFE,2025-09-18 00:00:00,26889.0,26984.0,26726.0,26805.0,8875.0,238457614.0,0.0
MHImain,HKFE,2025-09-18 08:00:00,26867.0,27072.0,26817.0,26874.0,42855.0,1154076895.0,0.0
MHImain,HKFE,2025-09-18 12:00:00,26874.0,26927.0,26351.0,26512.0,48187.0,1283410880.0,0.0
MHImain,HKFE,2025-09-18 16:00:00,26510.0,26671.0,26491.0,26643.0,13781.0,366210145.0,0.0
MHImain,HKFE,2025-09-18 20:00:00,26645.0,26648.0,26458.0,26532.0,13813.0,366767888.0,0.0
MHImain,HKFE,2025-09-19 00:00:00,26533.0,26617.0,26507.0,26617.0,3688.0,97939711.0,0.0
MHImain,HKFE,2025-09-19 08:00:00,26610.0,26640.0,26414.0,26560.0,38618.0,1024798481.0,0.0
MHImain,HKFE,2025-09-19 12:00:00,26557.0,26630.0,26420.0,26458.0,24784.0,657136004.0,0.0
MHImain,HKFE,2025-09-19 16:00:00,26458.0,26588.0,26435.0,26527.0,9054.0,240134480.0,0.0
MHImain,HKFE,2025-09-19 20:00:00,26524.0,26689.0,26490.0,26555.0,10609.0,281943434.0,0.0
MHImain,HKFE,2025-09-20 00:00:00,26560.0,26617.0,26495.0,26543.0,4505.0,119573036.0,0.0
MHImain,HKFE,2025-09-22 08:00:00,26488.0,26512.0,26248.0,26253.0,38788.0,1022414543.0,0.0
MHImain,HKFE,2025-09-22 12:00:00,26252.0,26377.0,26213.0,26339.0,23834.0,626817361.0,0.0
MHImain,HKFE,2025-09-22 16:00:00,26337.0,26444.0,26271.0,26403.0,10157.0,267683391.0,0.0
MHImain,HKFE,2025-09-22 20:00:00,26406.0,26463.0,26348.0,26351.0,6872.0,181467521.0,0.0
MHImain,HKFE,2025-09-23 00:00:00,26349.0,26403.0,26328.0,26400.0,3068.0,80902450.0,0.0
MHImain,HKFE,2025-09-23 08:00:00,26393.0,26440.0,26083.0,26132.0,44370.0,1164048645.0,0.0
MHImain,HKFE,2025-09-23 12:00:00,26130.0,26170.0,26033.0,26142.0,23683.0,618262238.0,0.0
MHImain,HKFE,2025-09-23 16:00:00,26140.0,26220.0,26105.0,26198.0,8021.0,209858097.0,0.0
MHImain,HKFE,2025-09-23 20:00:00,26198.0,26320.0,26181.0,26298.0,8182.0,214918318.0,0.0
MHImain,HKFE,2025-09-24 00:00:00,26299.0,26306.0,26149.0,26180.0,4499.0,118001554.0,0.0
MHImain,HKFE,2025-09-24 08:00:00,26155.0,26399.0,26067.0,26384.0,37761.0,990717653.0,0.0
MHImain,HKFE,2025-09-24 12:00:00,26384.0,26578.0,26348.0,26527.0,29661.0,784596223.0,0.0
MHImain,HKFE,2025-09-24 16:00:00,26530.0,26581.0,26420.0,26429.0,12440.0,329784200.0,0.0
MHImain,HKFE,2025-09-24 20:00:00,26428.0,26496.0,26369.0,26464.0,11001.0,290697028.0,0.0
MHImain,HKFE,2025-09-25 00:00:00,26466.0,26513.0,26372.0,26384.0,4970.0,131322152.0,0.0
MHImain,HKFE,2025-09-25 08:00:00,26420.0,26616.0,26407.0,26582.0,32106.0,851204955.0,0.0
MHImain,HKFE,2025-09-25 12:00:00,26587.0,26653.0,26471.0,26507.0,23738.0,630583138.0,0.0
MHImain,HKFE,2025-09-25 16:00:00,26508.0,26546.0,26422.0,26500.0,10740.0,284388116.0,0.0
MHImain,HKFE,2025-09-25 20:00:00,26501.0,26517.0,26310.0,26430.0,14831.0,391402281.0,0.0
MHImain,HKFE,2025-09-26 00:00:00,26429.0,26459.0,26308.0,26367.0,4660.0,123014161.0,0.0
MHImain,HKFE,2025-09-26 08:00:00,26331.0,26391.0,26188.0,26319.0,35522.0,933861915.0,0.0
MHImain,HKFE,2025-09-26 12:00:00,26318.0,26429.0,26273.0,26316.0,20130.0,530518591.0,0.0
MHImain,HKFE,2025-09-26 16:00:00,26315.0,26317.0,26097.0,26180.0,18542.0,485373615.0,0.0
MHImain,HKFE,2025-09-26 20:00:00,26181.0,26280.0,26143.0,26241.0,3827.0,100335562.0,0.0
MHImain,HKFE,2025-09-27 00:00:00,26241.0,26342.0,26240.0,26333.0,1892.0,49758366.0,0.0
MHImain,HKFE,2025-09-29 08:00:00,26350.0,26613.0,26350.0,26532.0,33698.0,892635230.0,0.0
MHImain,HKFE,2025-09-29 12:00:00,26530.0,26745.0,26498.0,26711.0,24521.0,653070312.0,0.0
MHImain,HKFE,2025-09-29 16:00:00,26709.0,26721.0,26635.0,26677.0,9633.0,256960835.0,0.0
MHImain,HKFE,2025-09-29 20:00:00,26679.0,26813.0,26661.0,26733.0,9506.0,254221549.0,0.0
MHImain,HKFE,2025-09-30 00:00:00,26733.0,26768.0,26702.0,26757.0,2470.0,66036079.0,0.0
MHImain,HKFE,2025-09-30 08:00:00,26785.0,26887.0,26614.0,26667.0,36166.0,967373664.0,0.0
MHImain,HKFE,2025-09-30 12:00:00,26666.0,26875.0,26617.0,26850.0,20624.0,551217920.0,0.0
MHImain,HKFE,2025-09-30 16:00:00,26849.0,26951.0,26814.0,26938.0,13504.0,363232854.0,0.0
MHImain,HKFE,2025-09-30 20:00:00,26938.0,26984.0,26838.0,26838.0,7467.0,201033015.0,0.0
MHImain,HKFE,2025-10-01 00:00:00,26838.0,26865.0,26815.0,26835.0,3462.0,92913855.0,0.0
MHImain,HKFE,2025-10-02 08:00:00,26897.0,27379.0,26886.0,27300.0,35133.0,956241768.0,0.0
MHImain,HKFE,2025-10-02 12:00:00,27299.0,27444.0,27165.0,27400.0,23072.0,630548898.0,0.0
MHImain,HKFE,2025-10-02 16:00:00,27396.0,27405.0,27331.0,27378.0,9759.0,267140189.0,0.0
MHImain,HKFE,2025-10-02 20:00:00,27376.0,27408.0,27236.0,27283.0,10708.0,292694370.0,0.0
MHImain,HKFE,2025-10-03 00:00:00,27284.0,27314.0,27264.0,27280.0,2960.0,80779453.0,0.0
MHImain,HKFE,2025-10-03 08:00:00,27299.0,27329.0,27085.0,27103.0,27687.0,752502174.0,0.0
MHImain,HKFE,2025-10-03 12:00:00,27103.0,27142.0,27003.0,27092.0,18487.0,500447917.0,0.0
MHImain,HKFE,2025-10-03 16:00:00,27093.0,27224.0,27093.0,27206.0,8705.0,236381260.0,0.0
MHImain,HKFE,2025-10-03 20:00:00,27208.0,27220.0,27132.0,27156.0,5741.0,156004279.0,0.0
MHImain,HKFE,2025-10-04 00:00:00,27155.0,27247.0,27078.0,27164.0,4383.0,119111319.0,0.0
MHImain,HKFE,2025-10-06 08:00:00,27155.0,27196.0,26946.0,26957.0,31256.0,845746705.0,0.0
MHImain,HKFE,2025-10-06 12:00:00,26956.0,27048.0,26907.0,27012.0,13878.0,374465511.0,0.0
MHImain,HKFE,2025-10-06 16:00:00,27010.0,27021.0,26955.0,27003.0,6692.0,180603097.0,0.0
MHImain,HKFE,2025-10-06 20:00:00,27001.0,27180.0,26986.0,27150.0,5967.0,161624653.0,0.0
MHImain,HKFE,2025-10-07 00:00:00,27153.0,27185.0,27122.0,27170.0,2494.0,67732418.0,0.0
MHImain,HKFE,2025-10-08 08:00:00,26992.0,26992.0,26533.0,26724.0,47739.0,1275031136.0,0.0
MHImain,HKFE,2025-10-08 12:00:00,26723.0,26803.0,26645.0,26693.0,16733.0,447192384.0,0.0
MHImain,HKFE,2025-10-08 16:00:00,26690.0,26885.0,26682.0,26867.0,8987.0,240906664.0,0.0
MHImain,HKFE,2025-10-08 20:00:00,26866.0,26887.0,26740.0,26805.0,6439.0,172637714.0,0.0
MHImain,HKFE,2025-10-09 00:00:00,26801.0,26879.0,26794.0,26862.0,2367.0,63518089.0,0.0
MHImain,HKFE,2025-10-09 08:00:00,26904.0,26955.0,26504.0,26835.0,53141.0,1420515153.0,0.0
MHImain,HKFE,2025-10-09 12:00:00,26835.0,27016.0,26730.0,26772.0,35630.0,957501545.0,0.0
MHImain,HKFE,2025-10-09 16:00:00,26773.0,26877.0,26740.0,26783.0,10451.0,280055631.0,0.0
MHImain,HKFE,2025-10-09 20:00:00,26780.0,26832.0,26510.0,26545.0,13579.0,361697352.0,0.0
MHImain,HKFE,2025-10-10 00:00:00,26550.0,26568.0,26345.0,26346.0,9435.0,249596762.0,0.0
MHImain,HKFE,2025-10-10 08:00:00,26420.0,26582.0,26377.0,26480.0,40418.0,1070640641.0,0.0
MHImain,HKFE,2025-10-10 12:00:00,26480.0,26527.0,26281.0,26351.0,28412.0,750158787.0,0.0
MHImain,HKFE,2025-10-10 16:00:00,26350.0,26385.0,26188.0,26305.0,13454.0,353793271.0,0.0
MHImain,HKFE,2025-10-10 20:00:00,26305.0,26440.0,25747.0,25788.0,27689.0,723120888.0,0.0
MHImain,HKFE,2025-10-11 00:00:00,25786.0,25856.0,24969.0,24978.0,48455.0,1231927839.0,0.0
MHImain,HKFE,2025-10-13 08:00:00,25411.0,25898.0,25400.0,25695.0,58005.0,1492424893.0,0.0
MHImain,HKFE,2025-10-13 12:00:00,25694.0,25758.0,25344.0,25732.0,49156.0,1256974852.0,0.0
MHImain,HKFE,2025-10-13 16:00:00,25732.0,25916.0,25650.0,25755.0,19386.0,500364380.0,0.0
MHImain,HKFE,2025-10-13 20:00:00,25755.0,25926.0,25706.0,25876.0,17715.0,457540621.0,0.0
MHImain,HKFE,2025-10-14 00:00:00,25877.0,25917.0,25770.0,25794.0,4888.0,126428086.0,0.0
MHImain,HKFE,2025-10-14 08:00:00,25860.0,26089.0,25748.0,25796.0,54236.0,1406005888.0,0.0
MHImain,HKFE,2025-10-14 12:00:00,25800.0,25840.0,25355.0,25445.0,53082.0,1357393745.0,0.0
MHImain,HKFE,2025-10-14 16:00:00,25443.0,25563.0,25327.0,25439.0,22628.0,575442484.0,0.0
MHImain,HKFE,2025-10-14 20:00:00,25439.0,25650.0,25342.0,25626.0,19133.0,487721402.0,0.0
MHImain,HKFE,2025-10-15 00:00:00,25628.0,25843.0,25624.0,25782.0,8918.0,229576317.0,0.0
MHImain,HKFE,2025-10-15 08:00:00,25750.0,25900.0,25612.0,25716.0,51492.0,1326453138.0,0.0
MHImain,HKFE,2025-10-15 12:00:00,25715.0,25975.0,25690.0,25943.0,27549.0,711968225.0,0.0
MHImain,HKFE,2025-10-15 16:00:00,25944.0,25997.0,25883.0,25925.0,11272.0,292394103.0,0.0
MHImain,HKFE,2025-10-15 20:00:00,25927.0,25978.0,25811.0,25914.0,11298.0,292544252.0,0.0
MHImain,HKFE,2025-10-16 00:00:00,25916.0,25952.0,25670.0,25850.0,7418.0,191598632.0,0.0
MHImain,HKFE,2025-10-16 08:00:00,25845.0,26071.0,25808.0,25875.0,41937.0,1088028821.0,0.0
MHImain,HKFE,2025-10-16 12:00:00,25875.0,25876.0,25701.0,25832.0,30293.0,781117588.0,0.0
MHImain,HKFE,2025-10-16 16:00:00,25831.0,25950.0,25828.0,25936.0,9813.0,254070054.0,0.0
MHImain,HKFE,2025-10-16 20:00:00,25939.0,26012.0,25841.0,25999.0,8589.0,222657861.0,0.0
MHImain,HKFE,2025-10-17 00:00:00,25998.0,26015.0,25798.0,25866.0,8581.0,222240207.0,0.0
MHImain,HKFE,2025-10-17 08:00:00,25791.0,25873.0,25484.0,25525.0,42870.0,1099239594.0,0.0
MHImain,HKFE,2025-10-17 12:00:00,25524.0,25593.0,25301.0,25319.0,26695.0,678670890.0,0.0
MHImain,HKFE,2025-10-17 16:00:00,25319.0,25542.0,25142.0,25531.0,26342.0,665219736.0,0.0
MHImain,HKFE,2025-10-17 20:00:00,25529.0,25855.0,25413.0,25715.0,28652.0,734087872.0,0.0
MHImain,HKFE,2025-10-18 00:00:00,25715.0,25897.0,25673.0,25871.0,7516.0,193682447.0,0.0
MHImain,HKFE,2025-10-20 08:00:00,25860.0,25978.0,25738.0,25871.0,42919.0,1108961144.0,0.0
MHImain,HKFE,2025-10-20 12:00:00,25873.0,25918.0,25767.0,25858.0,19355.0,500295039.0,0.0
MHImain,HKFE,2025-10-20 16:00:00,25858.0,25922.0,25790.0,25805.0,8243.0,213259611.0,0.0
MHImain,HKFE,2025-10-20 20:00:00,25803.0,26070.0,25794.0,26050.0,10254.0,265886092.0,0.0
MHImain,HKFE,2025-10-21 00:00:00,26048.0,26242.0,26046.0,26240.0,7367.0,192608060.0,0.0
MHImain,HKFE,2025-10-21 08:00:00,26244.0,26400.0,26125.0,26370.0,36160.0,950308888.0,0.0
MHImain,HKFE,2025-10-21 12:00:00,26370.0,26397.0,26180.0,26209.0,20302.0,533226890.0,0.0
MHImain,HKFE,2025-10-21 16:00:00,26207.0,26207.0,25983.0,26074.0,13978.0,364546964.0,0.0
MHImain,HKFE,2025-10-21 20:00:00,26074.0,26092.0,25862.0,25951.0,11329.0,293959268.0,0.0
MHImain,HKFE,2025-10-22 00:00:00,25951.0,25977.0,25877.0,25903.0,4309.0,111741842.0,0.0
MHImain,HKFE,2025-10-22 08:00:00,25870.0,25955.0,25794.0,25826.0,36448.0,943108045.0,0.0
MHImain,HKFE,2025-10-22 12:00:00,25825.0,25848.0,25646.0,25805.0,30294.0,780328880.0,0.0
MHImain,HKFE,2025-10-22 16:00:00,25806.0,25821.0,25706.0,25739.0,8165.0,210425916.0,0.0
MHImain,HKFE,2025-10-22 20:00:00,25736.0,25887.0,25667.0,25796.0,11414.0,294356913.0,0.0
MHImain,HKFE,2025-10-23 00:00:00,25796.0,25812.0,25521.0,25647.0,12225.0,313855745.0,0.0
MHImain,HKFE,2025-10-23 08:00:00,25700.0,25870.0,25598.0,25795.0,43630.0,1122659079.0,0.0
MHImain,HKFE,2025-10-23 12:00:00,25796.0,26097.0,25688.0,26041.0,37099.0,959159887.0,0.0
MHImain,HKFE,2025-10-23 16:00:00,26040.0,26051.0,25894.0,25911.0,13951.0,362056406.0,0.0
MHImain,HKFE,2025-10-23 20:00:00,25912.0,26112.0,25904.0,26087.0,10870.0,282851072.0,0.0
MHImain,HKFE,2025-10-24 00:00:00,26088.0,26194.0,26022.0,26138.0,4999.0,130519283.0,0.0
MHImain,HKFE,2025-10-24 08:00:00,26200.0,26261.0,26070.0,26110.0,38302.0,1002109929.0,0.0
MHImain,HKFE,2025-10-24 12:00:00,26110.0,26197.0,26062.0,26159.0,21965.0,573863558.0,0.0
MHImain,HKFE,2025-10-24 16:00:00,26159.0,26206.0,26121.0,26160.0,9122.0,238704122.0,0.0
MHImain,HKFE,2025-10-24 20:00:00,26163.0,26312.0,26125.0,26288.0,10221.0,268344234.0,0.0
MHImain,HKFE,2025-10-25 00:00:00,26287.0,26319.0,26236.0,26251.0,3213.0,84416419.0,0.0
MHImain,HKFE,2025-10-27 08:00:00,26400.0,26569.0,26342.0,26395.0,38292.0,1012019110.0,0.0
MHImain,HKFE,2025-10-27 12:00:00,26394.0,26470.0,26385.0,26443.0,16621.0,439341175.0,0.0
MHImain,HKFE,2025-10-27 16:00:00,26443.0,26507.0,26397.0,26493.0,7101.0,187794970.0,0.0
MHImain,HKFE,2025-10-27 20:00:00,26494.0,26558.0,26466.0,26524.0,8038.0,213126579.0,0.0
MHImain,HKFE,2025-10-28 00:00:00,26521.0,26579.0,26511.0,26531.0,2319.0,61572174.0,0.0
MHImain,HKFE,2025-10-28 08:00:00,26505.0,26585.0,26336.0,26404.0,31674.0,837157713.0,0.0
MHImain,HKFE,2025-10-28 12:00:00,26405.0,26511.0,26293.0,26322.0,23032.0,607896531.0,0.0
MHImain,HKFE,2025-10-28 16:00:00,26323.0,26428.0,26260.0,26406.0,7446.0,195960028.0,0.0
MHImain,HKFE,2025-10-28 20:00:00,26409.0,26499.0,26402.0,26480.0,3132.0,82840240.0,0.0
MHImain,HKFE,2025-10-29 00:00:00,26487.0,26650.0,26451.0,26650.0,3535.0,93830345.0,0.0
MHImain,HKFE,2025-10-30 08:00:00,26669.0,26705.0,26451.0,26600.0,37270.0,989470149.0,0.0
MHImain,HKFE,2025-10-30 12:00:00,26603.0,26610.0,26157.0,26210.0,41320.0,1087806591.0,0.0
MHImain,HKFE,2025-10-30 16:00:00,26207.0,26420.0,26163.0,26258.0,19067.0,501702759.0,0.0
MHImain,HKFE,2025-10-30 20:00:00,26256.0,26272.0,26106.0,26252.0,13522.0,354192403.0,0.0
MHImain,HKFE,2025-10-31 00:00:00,26250.0,26324.0,26197.0,26250.0,3919.0,102888391.0,0.0
MHImain,HKFE,2025-10-31 08:00:00,26340.0,26352.0,26098.0,26133.0,38963.0,1021383295.0,0.0
MHImain,HKFE,2025-10-31 12:00:00,26133.0,26135.0,26011.0,26030.0,21412.0,558120183.0,0.0
MHImain,HKFE,2025-10-31 16:00:00,26032.0,26044.0,25833.0,25869.0,13160.0,341500889.0,0.0
MHImain,HKFE,2025-10-31 20:00:00,25866.0,25939.0,25792.0,25897.0,9538.0,246737506.0,0.0
MHImain,HKFE,2025-11-01 00:00:00,25895.0,26036.0,25889.0,25971.0,7432.0,192892179.0,0.0
MHImain,HKFE,2025-11-03 08:00:00,26038.0,26093.0,25937.0,26025.0,38363.0,998543856.0,0.0
MHImain,HKFE,2025-11-03 12:00:00,26028.0,26240.0,25982.0,26181.0,24768.0,647568075.0,0.0
MHImain,HKFE,2025-11-03 16:00:00,26180.0,26209.0,26131.0,26196.0,7320.0,191572761.0,0.0
MHImain,HKFE,2025-11-03 20:00:00,26195.0,26202.0,26056.0,26090.0,6405.0,167286562.0,0.0
MHImain,HKFE,2025-11-04 00:00:00,26089.0,26158.0,25998.0,26142.0,5254.0,136987723.0,0.0
MHImain,HKFE,2025-11-04 08:00:00,26077.0,26302.0,26054.0,26240.0,37142.0,973307360.0,0.0
MHImain,HKFE,2025-11-04 12:00:00,26243.0,26288.0,25910.0,26001.0,31513.0,821611878.0,0.0
MHImain,HKFE,2025-11-04 16:00:00,26000.0,26004.0,25752.0,25862.0,13753.0,356219347.0,0.0
MHImain,HKFE,2025-11-04 20:00:00,25864.0,25996.0,25802.0,25949.0,8439.0,218479278.0,0.0
MHImain,HKFE,2025-11-05 00:00:00,25949.0,26033.0,25893.0,25906.0,5686.0,147691977.0,0.0
MHImain,HKFE,2025-11-05 08:00:00,25720.0,25812.0,25491.0,25803.0,44247.0,1135096608.0,0.0
MHImain,HKFE,2025-11-05 12:00:00,25796.0,25984.0,25768.0,25898.0,27833.0,720629696.0,0.0
MHImain,HKFE,2025-11-05 16:00:00,25899.0,25970.0,25838.0,25878.0,10181.0,263607523.0,0.0
MHImain,HKFE,2025-11-05 20:00:00,25878.0,26118.0,25875.0,26068.0,8687.0,225904949.0,0.0
MHImain,HKFE,2025-11-06 00:00:00,26068.0,26161.0,26034.0,26161.0,5192.0,135471361.0,0.0
MHImain,HKFE,2025-11-06 08:00:00,26110.0,26383.0,26061.0,26370.0,37734.0,989278035.0,0.0
MHImain,HKFE,2025-11-06 12:00:00,26371.0,26448.0,26345.0,26434.0,20143.0,531644456.0,0.0
MHImain,HKFE,2025-11-06 16:00:00,26433.0,26561.0,26423.0,26527.0,13154.0,348590862.0,0.0
MHImain,HKFE,2025-11-06 20:00:00,26527.0,26590.0,26384.0,26422.0,11530.0,305553465.0,0.0
MHImain,HKFE,2025-11-07 00:00:00,26419.0,26491.0,26295.0,26420.0,11509.0,303554332.0,0.0
MHImain,HKFE,2025-11-07 08:00:00,26400.0,26432.0,26250.0,26303.0,31460.0,828072354.0,0.0
MHImain,HKFE,2025-11-07 12:00:00,26304.0,26313.0,26182.0,26232.0,19402.0,509040551.0,0.0
MHImain,HKFE,2025-11-07 16:00:00,26232.0,26263.0,26096.0,26096.0,9132.0,239268358.0,0.0
MHImain,HKFE,2025-11-07 20:00:00,26095.0,26138.0,25969.0,26059.0,12223.0,318402964.0,0.0
MHImain,HKFE,2025-11-08 00:00:00,26059.0,26132.0,25982.0,26122.0,8108.0,211279062.0,0.0
MHImain,HKFE,2025-11-10 08:00:00,26328.0,26465.0,26300.0,26410.0,32904.0,868137030.0,0.0
MHImain,HKFE,2025-11-10 12:00:00,26407.0,26690.0,26385.0,26640.0,23961.0,636494895.0,0.0
MHImain,HKFE,2025-11-10 16:00:00,26639.0,26704.0,26636.0,26645.0,8469.0,225892542.0,0.0
MHImain,HKFE,2025-11-10 20:00:00,26641.0,26699.0,26544.0,26582.0,7937.0,211292687.0,0.0
MHImain,HKFE,2025-11-11 00:00:00,26582.0,26692.0,26526.0,26652.0,5868.0,156076686.0,0.0
MHImain,HKFE,2025-11-11 08:00:00,26718.0,26815.0,26536.0,26615.0,34605.0,923634442.0,0.0
MHImain,HKFE,2025-11-11 12:00:00,26617.0,26662.0,26541.0,26641.0,18998.0,505368361.0,0.0
MHImain,HKFE,2025-11-11 16:00:00,26643.0,26781.0,26618.0,26777.0,10447.0,279089058.0,0.0
MHImain,HKFE,2025-11-11 20:00:00,26777.0,26873.0,26745.0,26805.0,7235.0,193964049.0,0.0
MHImain,HKFE,2025-11-12 00:00:00,26807.0,26867.0,26747.0,26866.0,5138.0,137674616.0,0.0
MHImain,HKFE,2025-11-12 08:00:00,26837.0,27058.0,26777.0,26897.0,38243.0,1029556404.0,0.0
MHImain,HKFE,2025-11-12 12:00:00,26892.0,26957.0,26800.0,26952.0,21453.0,576673958.0,0.0
MHImain,HKFE,2025-11-12 16:00:00,26955.0,26978.0,26897.0,26930.0,8533.0,229931550.0,0.0
MHImain,HKFE,2025-11-12 20:00:00,26929.0,27003.0,26796.0,26819.0,8686.0,233540127.0,0.0
MHImain,HKFE,2025-11-13 00:00:00,26817.0,26910.0,26812.0,26902.0,4487.0,120529875.0,0.0
MHImain,HKFE,2025-11-13 08:00:00,26845.0,26940.0,26771.0,26860.0,33355.0,895848714.0,0.0
MHImain,HKFE,2025-11-13 12:00:00,26863.0,27201.0,26756.0,27125.0,31768.0,856302538.0,0.0
MHImain,HKFE,2025-11-13 16:00:00,27125.0,27135.0,26990.0,27100.0,17157.0,464279307.0,0.0
MHImain,HKFE,2025-11-13 20:00:00,27101.0,27129.0,26932.0,26988.0,10469.0,282934097.0,0.0
MHImain,HKFE,2025-11-14 00:00:00,26985.0,27000.0,26640.0,26703.0,11286.0,302750164.0,0.0
MHImain,HKFE,2025-11-14 08:00:00,26662.0,26887.0,26616.0,26790.0,34016.0,910699998.0,0.0
MHImain,HKFE,2025-11-14 12:00:00,26793.0,26823.0,26620.0,26650.0,22541.0,601889247.0,0.0
MHImain,HKFE,2025-11-14 16:00:00,26650.0,26651.0,26472.0,26475.0,14046.0,373384095.0,0.0
MHImain,HKFE,2025-11-14 20:00:00,26473.0,26618.0,26403.0,26538.0,15920.0,421762788.0,0.0
MHImain,HKFE,2025-11-15 00:00:00,26535.0,26716.0,26386.0,26502.0,14735.0,391573229.0,0.0
MHImain,HKFE,2025-11-17 08:00:00,26515.0,26553.0,26358.0,26418.0,37386.0,989150798.0,0.0
MHImain,HKFE,2025-11-17 12:00:00,26417.0,26423.0,26261.0,26314.0,22266.0,586441813.0,0.0
MHImain,HKFE,2025-11-17 16:00:00,26313.0,26402.0,26248.0,26269.0,10536.0,277537675.0,0.0
MHImain,HKFE,2025-11-17 20:00:00,26271.0,26357.0,26193.0,26311.0,11202.0,294351818.0,0.0
MHImain,HKFE,2025-11-18 00:00:00,26313.0,26335.0,26168.0,26183.0,6725.0,176690297.0,0.0
MHImain,HKFE,2025-11-18 08:00:00,26150.0,26180.0,25980.0,26048.0,40144.0,1047655321.0,0.0
MHImain,HKFE,2025-11-18 12:00:00,26048.0,26095.0,25856.0,25879.0,23542.0,610960749.0,0.0
MHImain,HKFE,2025-11-18 16:00:00,25878.0,26022.0,25822.0,25928.0,13280.0,344133719.0,0.0
MHImain,HKFE,2025-11-18 20:00:00,25931.0,26010.0,25859.0,25889.0,12202.0,316358781.0,0.0
MHImain,HKFE,2025-11-19 00:00:00,25890.0,26093.0,25863.0,26043.0,9081.0,235866110.0,0.0
MHImain,HKFE,2025-11-19 08:00:00,25989.0,26040.0,25880.0,25902.0,32821.0,851810527.0,0.0
MHImain,HKFE,2025-11-19 12:00:00,25901.0,25912.0,25740.0,25845.0,27769.0,717025495.0,0.0
MHImain,HKFE,2025-11-19 16:00:00,25844.0,25901.0,25767.0,25893.0,8479.0,219004439.0,0.0
MHImain,HKFE,2025-11-19 20:00:00,25893.0,25905.0,25755.0,25862.0,7265.0,187717089.0,0.0
MHImain,HKFE,2025-11-20 00:00:00,25862.0,25879.0,25679.0,25803.0,7574.0,195106458.0,0.0
MHImain,HKFE,2025-11-20 08:00:00,26010.0,26058.0,25752.0,25803.0,47283.0,1224679583.0,0.0
MHImain,HKFE,2025-11-20 12:00:00,25802.0,25978.0,25681.0,25745.0,27163.0,701197801.0,0.0
MHImain,HKFE,2025-11-20 16:00:00,25746.0,25894.0,25719.0,25837.0,10592.0,273353261.0,0.0
MHImain,HKFE,2025-11-20 20:00:00,25835.0,25964.0,25795.0,25859.0,9651.0,249846628.0,0.0
MHImain,HKFE,2025-11-21 00:00:00,25858.0,25918.0,25428.0,25460.0,16849.0,431672443.0,0.0
MHImain,HKFE,2025-11-21 08:00:00,25455.0,25550.0,25185.0,25221.0,45550.0,1154888370.0,0.0
MHImain,HKFE,2025-11-21 12:00:00,25223.0,25470.0,25207.0,25320.0,29044.0,736959772.0,0.0
MHImain,HKFE,2025-11-21 16:00:00,25324.0,25324.0,25039.0,25203.0,18151.0,457464789.0,0.0
MHImain,HKFE,2025-11-21 20:00:00,25210.0,25350.0,25091.0,25288.0,14776.0,373009283.0,0.0
MHImain,HKFE,2025-11-22 00:00:00,25291.0,25330.0,25153.0,25244.0,5070.0,127942032.0,0.0
