symbol,exchange,datetime,open,high,low,close,volume,turnover,open_interest
MHImain,HKFE,2017-11-13 21:16:00,29139.0,29185.0,29137.0,29176.0,526.0,15341941.0,0.0
MHImain,HKFE,2017-11-14 01:16:00,29176.0,29275.0,29134.0,29141.0,19843.0,579341408.0,0.0
MHImain,HKFE,2017-11-14 11:31:00,29140.0,29199.0,29136.0,29176.0,11383.0,332023065.0,0.0
MHImain,HKFE,2017-11-14 17:15:00,29177.0,29177.0,29146.0,29155.0,1317.0,38403301.0,0.0
MHImain,HKFE,2017-11-14 21:16:00,29155.0,29166.0,29102.0,29114.0,4102.0,119493410.0,0.0
MHImain,HKFE,2017-11-15 01:16:00,29114.0,29114.0,28918.0,28971.0,23420.0,679273584.0,0.0
MHImain,HKFE,2017-11-15 11:31:00,28972.0,28986.0,28867.0,28890.0,17924.0,518431823.0,0.0
MHImain,HKFE,2017-11-15 17:15:00,28894.0,28951.0,28885.0,28926.0,3687.0,106615201.0,0.0
MHImain,HKFE,2017-11-15 21:16:00,28928.0,29000.0,28862.0,28999.0,5961.0,172411746.0,0.0
MHImain,HKFE,2017-11-16 01:16:00,28999.0,29030.0,28889.0,28999.0,18533.0,536712022.0,0.0
MHImain,HKFE,2017-11-16 11:31:00,28999.0,29094.0,28956.0,29056.0,14125.0,409866554.0,0.0
MHImain,HKFE,2017-11-16 17:15:00,29072.0,29135.0,29059.0,29117.0,2772.0,80683313.0,0.0
MHImain,HKFE,2017-11-16 21:16:00,29118.0,29229.0,29112.0,29229.0,4742.0,138370905.0,0.0
MHImain,HKFE,2017-11-17 01:16:00,29229.0,29310.0,29141.0,29232.0,23218.0,678612416.0,0.0
MHImain,HKFE,2017-11-17 11:31:00,29231.0,29243.0,29146.0,29192.0,14124.0,412417209.0,0.0
MHImain,HKFE,2017-11-17 17:15:00,29192.0,29192.0,29118.0,29147.0,2953.0,86055998.0,0.0
MHImain,HKFE,2017-11-17 21:16:00,29147.0,29166.0,29125.0,29153.0,3012.0,87784046.0,0.0
MHImain,HKFE,2017-11-18 01:16:00,29153.0,29153.0,29153.0,29153.0,0.0,0.0,0.0
MHImain,HKFE,2017-11-20 01:16:00,29154.0,29238.0,29062.0,29118.0,20454.0,596172883.0,0.0
MHImain,HKFE,2017-11-20 11:31:00,29118.0,29220.0,29104.0,29194.0,13863.0,404456485.0,0.0
MHImain,HKFE,2017-11-20 17:15:00,29210.0,29230.0,29201.0,29217.0,1455.0,42510575.0,0.0
MHImain,HKFE,2017-11-20 21:16:00,29218.0,29343.0,29217.0,29339.0,3623.0,106032850.0,0.0
MHImain,HKFE,2017-11-21 01:16:00,29339.0,29543.0,29284.0,29535.0,26701.0,785978672.0,0.0
MHImain,HKFE,2017-11-21 11:31:00,29534.0,29850.0,29521.0,29846.0,34472.0,1022616769.0,0.0
MHImain,HKFE,2017-11-21 17:15:00,29851.0,30210.0,29823.0,30162.0,9722.0,292021088.0,0.0
MHImain,HKFE,2017-11-21 21:16:00,30163.0,30163.0,30056.0,30100.0,5925.0,178320299.0,0.0
MHImain,HKFE,2017-11-22 01:16:00,30100.0,30208.0,30004.0,30075.0,29856.0,898895709.0,0.0
MHImain,HKFE,2017-11-22 11:31:00,30074.0,30133.0,29932.0,30048.0,24520.0,736564992.0,0.0
MHImain,HKFE,2017-11-22 17:15:00,30048.0,30084.0,30004.0,30074.0,2999.0,90109676.0,0.0
MHImain,HKFE,2017-11-22 21:16:00,30076.0,30083.0,30018.0,30035.0,2515.0,75597442.0,0.0
MHImain,HKFE,2017-11-23 01:16:00,30035.0,30169.0,29989.0,30086.0,25338.0,762236211.0,0.0
MHImain,HKFE,2017-11-23 11:31:00,30083.0,30083.0,29607.0,29821.0,38758.0,1157475696.0,0.0
MHImain,HKFE,2017-11-23 17:15:00,29849.0,29945.0,29821.0,29873.0,5930.0,177193490.0,0.0
MHImain,HKFE,2017-11-23 21:16:00,29871.0,29895.0,29852.0,29883.0,1819.0,54336930.0,0.0
MHImain,HKFE,2017-11-24 01:16:00,29883.0,29959.0,29737.0,29801.0,36948.0,1102551393.0,0.0
MHImain,HKFE,2017-11-24 11:31:00,29800.0,29933.0,29777.0,29913.0,18667.0,557589356.0,0.0
MHImain,HKFE,2017-11-24 17:15:00,29913.0,30045.0,29885.0,30029.0,4571.0,137031315.0,0.0
MHImain,HKFE,2017-11-24 21:16:00,30028.0,30041.0,29992.0,30030.0,2310.0,69337297.0,0.0
MHImain,HKFE,2017-11-25 01:16:00,30030.0,30030.0,30030.0,30030.0,0.0,0.0,0.0
MHImain,HKFE,2017-11-27 01:16:00,29950.0,29957.0,29642.0,29750.0,30302.0,901854475.0,0.0
MHImain,HKFE,2017-11-27 11:31:00,29750.0,29796.0,29654.0,29770.0,18821.0,559349762.0,0.0
MHImain,HKFE,2017-11-27 17:15:00,29785.0,29867.0,29771.0,29788.0,3501.0,104400063.0,0.0
MHImain,HKFE,2017-11-27 21:16:00,29790.0,29832.0,29718.0,29738.0,3243.0,96621230.0,0.0
MHImain,HKFE,2017-11-28 01:16:00,29738.0,29738.0,29512.0,29530.0,23122.0,684259608.0,0.0
MHImain,HKFE,2017-11-28 11:31:00,29530.0,29703.0,29373.0,29656.0,26065.0,769960321.0,0.0
MHImain,HKFE,2017-11-28 17:15:00,29660.0,29741.0,29646.0,29682.0,2606.0,77380999.0,0.0
MHImain,HKFE,2017-11-28 21:16:00,29682.0,29763.0,29673.0,29753.0,2415.0,71737547.0,0.0
MHImain,HKFE,2017-11-29 01:16:00,29753.0,29842.0,29560.0,29576.0,4847.0,143783377.0,0.0
MHImain,HKFE,2017-11-29 11:31:00,29586.0,29636.0,29570.0,29622.0,1442.0,42697437.0,0.0
MHImain,HKFE,2017-11-29 17:15:00,29665.0,29691.0,29625.0,29646.0,2817.0,83549505.0,0.0
MHImain,HKFE,2017-11-29 21:16:00,29645.0,29673.0,29431.0,29450.0,7391.0,218470343.0,0.0
MHImain,HKFE,2017-11-30 01:16:00,29450.0,29478.0,29185.0,29315.0,31792.0,932502723.0,0.0
MHImain,HKFE,2017-11-30 11:31:00,29314.0,29390.0,29139.0,29311.0,31475.0,921200118.0,0.0
MHImain,HKFE,2017-11-30 17:15:00,29320.0,29415.0,29320.0,29394.0,4754.0,139644603.0,0.0
MHImain,HKFE,2017-11-30 21:16:00,29395.0,29440.0,29345.0,29373.0,5881.0,172859151.0,0.0
MHImain,HKFE,2017-12-01 01:16:00,29373.0,29385.0,29049.0,29211.0,38575.0,1128667581.0,0.0
MHImain,HKFE,2017-12-01 11:31:00,29212.0,29265.0,29078.0,29111.0,28625.0,834985909.0,0.0
MHImain,HKFE,2017-12-01 17:15:00,29107.0,29107.0,28908.0,29039.0,7989.0,231626810.0,0.0
MHImain,HKFE,2017-12-01 21:16:00,29040.0,29126.0,28806.0,28846.0,10350.0,300395871.0,0.0
MHImain,HKFE,2017-12-02 01:16:00,28846.0,28846.0,28846.0,28846.0,0.0,0.0,0.0
MHImain,HKFE,2017-12-04 01:16:00,29133.0,29343.0,28828.0,29330.0,39580.0,1151454329.0,0.0
MHImain,HKFE,2017-12-04 11:31:00,29334.0,29354.0,29161.0,29190.0,24616.0,720336416.0,0.0
MHImain,HKFE,2017-12-04 17:15:00,29200.0,29220.0,29155.0,29217.0,3174.0,92644199.0,0.0
MHImain,HKFE,2017-12-04 21:16:00,29216.0,29250.0,29018.0,29088.0,7867.0,229284316.0,0.0
MHImain,HKFE,2017-12-05 01:16:00,29088.0,29170.0,28883.0,29112.0,33802.0,982517455.0,0.0
MHImain,HKFE,2017-12-05 11:31:00,29113.0,29118.0,28860.0,28893.0,24830.0,719727887.0,0.0
MHImain,HKFE,2017-12-05 17:15:00,28881.0,28895.0,28792.0,28849.0,5902.0,170207212.0,0.0
MHImain,HKFE,2017-12-05 21:16:00,28847.0,29012.0,28836.0,28980.0,8414.0,243328703.0,0.0
MHImain,HKFE,2017-12-06 01:16:00,28980.0,28980.0,28344.0,28575.0,53091.0,1525087554.0,0.0
MHImain,HKFE,2017-12-06 11:31:00,28574.0,28598.0,28165.0,28200.0,52856.0,1499402442.0,0.0
MHImain,HKFE,2017-12-06 17:15:00,28229.0,28293.0,28193.0,28290.0,4955.0,139970308.0,0.0
MHImain,HKFE,2017-12-06 21:16:00,28285.0,28310.0,28172.0,28282.0,9715.0,274495493.0,0.0
MHImain,HKFE,2017-12-07 01:16:00,28282.0,28477.0,28149.0,28231.0,39068.0,1105955014.0,0.0
MHImain,HKFE,2017-12-07 11:31:00,28230.0,28445.0,28212.0,28323.0,35076.0,993462520.0,0.0
MHImain,HKFE,2017-12-07 17:15:00,28305.0,28392.0,28251.0,28263.0,5599.0,158588565.0,0.0
MHImain,HKFE,2017-12-07 21:16:00,28261.0,28439.0,28227.0,28439.0,8033.0,227637764.0,0.0
MHImain,HKFE,2017-12-08 01:16:00,28439.0,28530.0,28332.0,28517.0,34594.0,983680212.0,0.0
MHImain,HKFE,2017-12-08 11:31:00,28517.0,28715.0,28511.0,28621.0,28907.0,827071755.0,0.0
MHImain,HKFE,2017-12-08 17:15:00,28617.0,28681.0,28614.0,28642.0,3009.0,86194814.0,0.0
MHImain,HKFE,2017-12-08 21:16:00,28641.0,28720.0,28617.0,28661.0,5850.0,167732172.0,0.0
MHImain,HKFE,2017-12-09 01:16:00,28661.0,28661.0,28661.0,28661.0,0.0,0.0,0.0
MHImain,HKFE,2017-12-11 01:16:00,28609.0,28823.0,28589.0,28762.0,33413.0,959865537.0,0.0
MHImain,HKFE,2017-12-11 11:31:00,28762.0,28981.0,28733.0,28908.0,26622.0,768527707.0,0.0
MHImain,HKFE,2017-12-11 17:15:00,28912.0,28946.0,28888.0,28909.0,3366.0,97333687.0,0.0
MHImain,HKFE,2017-12-11 21:16:00,28906.0,28970.0,28896.0,28940.0,4095.0,118489653.0,0.0
MHImain,HKFE,2017-12-12 01:16:00,28940.0,29047.0,28771.0,28771.0,32592.0,943085887.0,0.0
MHImain,HKFE,2017-12-12 11:31:00,28770.0,28910.0,28739.0,28800.0,27239.0,785080123.0,0.0
MHImain,HKFE,2017-12-12 17:15:00,28807.0,28836.0,28797.0,28823.0,1840.0,53027799.0,0.0
MHImain,HKFE,2017-12-12 21:16:00,28823.0,28827.0,28726.0,28777.0,4698.0,135189483.0,0.0
MHImain,HKFE,2017-12-13 01:16:00,28813.0,28962.0,28736.0,28865.0,33978.0,980144002.0,0.0
MHImain,HKFE,2017-12-13 11:31:00,28865.0,29317.0,28844.0,29221.0,38161.0,1112157216.0,0.0
MHImain,HKFE,2017-12-13 17:15:00,29205.0,29237.0,29189.0,29208.0,2360.0,68933396.0,0.0
MHImain,HKFE,2017-12-13 21:16:00,29208.0,29349.0,29195.0,29336.0,5450.0,159581760.0,0.0
MHImain,HKFE,2017-12-14 01:16:00,29336.0,29440.0,29117.0,29211.0,41765.0,1222231288.0,0.0
MHImain,HKFE,2017-12-14 11:31:00,29213.0,29250.0,29045.0,29198.0,27470.0,800433652.0,0.0
MHImain,HKFE,2017-12-14 17:15:00,29200.0,29213.0,29105.0,29137.0,4469.0,130271691.0,0.0
MHImain,HKFE,2017-12-14 21:16:00,29139.0,29180.0,29075.0,29095.0,4905.0,142904985.0,0.0
MHImain,HKFE,2017-12-15 01:16:00,29095.0,29095.0,28811.0,28854.0,32732.0,946300340.0,0.0
MHImain,HKFE,2017-12-15 11:31:00,28854.0,28947.0,28736.0,28789.0,33107.0,954649919.0,0.0
MHImain,HKFE,2017-12-15 17:15:00,28804.0,28848.0,28723.0,28843.0,5731.0,164908690.0,0.0
MHImain,HKFE,2017-12-15 21:16:00,28842.0,28921.0,28811.0,28919.0,8346.0,240880100.0,0.0
MHImain,HKFE,2017-12-16 01:16:00,28919.0,28919.0,28919.0,28919.0,0.0,0.0,0.0
MHImain,HKFE,2017-12-18 01:16:00,28991.0,29082.0,28833.0,28959.0,39221.0,1136038613.0,0.0
MHImain,HKFE,2017-12-18 11:31:00,28958.0,29158.0,28947.0,29121.0,28707.0,834330715.0,0.0
MHImain,HKFE,2017-12-18 17:15:00,29124.0,29156.0,29094.0,29152.0,2231.0,64965625.0,0.0
MHImain,HKFE,2017-12-18 21:16:00,29156.0,29280.0,29117.0,29262.0,4621.0,134898917.0,0.0
MHImain,HKFE,2017-12-19 01:16:00,29262.0,29362.0,29155.0,29329.0,30377.0,888578731.0,0.0
MHImain,HKFE,2017-12-19 11:31:00,29329.0,29382.0,29213.0,29253.0,23270.0,681985940.0,0.0
MHImain,HKFE,2017-12-19 17:15:00,29245.0,29265.0,29209.0,29242.0,2227.0,65109551.0,0.0
MHImain,HKFE,2017-12-19 21:16:00,29240.0,29241.0,29091.0,29103.0,6129.0,178755559.0,0.0
MHImain,HKFE,2017-12-20 01:16:00,29103.0,29335.0,29103.0,29282.0,27426.0,802334315.0,0.0
MHImain,HKFE,2017-12-20 11:31:00,29283.0,29338.0,29185.0,29297.0,19319.0,565116933.0,0.0
MHImain,HKFE,2017-12-20 17:15:00,29300.0,29319.0,29265.0,29308.0,2665.0,78061187.0,0.0
MHImain,HKFE,2017-12-20 21:16:00,29310.0,29322.0,29190.0,29242.0,6857.0,200581775.0,0.0
MHImain,HKFE,2017-12-21 01:16:00,29242.0,29424.0,29133.0,29396.0,30361.0,888532251.0,0.0
MHImain,HKFE,2017-12-21 11:31:00,29396.0,29448.0,29338.0,29355.0,22154.0,651176857.0,0.0
MHImain,HKFE,2017-12-21 17:15:00,29355.0,29416.0,29326.0,29401.0,3956.0,116209743.0,0.0
MHImain,HKFE,2017-12-21 21:16:00,29401.0,29547.0,29392.0,29535.0,6875.0,202626986.0,0.0
MHImain,HKFE,2017-12-22 01:16:00,29535.0,29559.0,29420.0,29464.0,23856.0,703226852.0,0.0
MHImain,HKFE,2017-12-22 11:31:00,29465.0,29616.0,29451.0,29604.0,16086.0,474872177.0,0.0
MHImain,HKFE,2017-12-22 17:15:00,29604.0,29618.0,29575.0,29604.0,1920.0,56829660.0,0.0
MHImain,HKFE,2017-12-22 21:16:00,29604.0,29639.0,29555.0,29615.0,4783.0,141580212.0,0.0
MHImain,HKFE,2017-12-23 01:16:00,29615.0,29615.0,29615.0,29615.0,0.0,0.0,0.0
MHImain,HKFE,2017-12-27 01:16:00,29658.0,29729.0,29566.0,29601.0,19008.0,563398713.0,0.0
MHImain,HKFE,2017-12-27 11:31:00,29601.0,29676.0,29542.0,29670.0,16778.0,496804301.0,0.0
MHImain,HKFE,2017-12-27 17:15:00,29666.0,29678.0,29592.0,29623.0,2141.0,63453975.0,0.0
MHImain,HKFE,2017-12-27 21:16:00,29623.0,29668.0,29616.0,29661.0,1451.0,43017355.0,0.0
MHImain,HKFE,2017-12-28 01:16:00,29661.0,29790.0,29661.0,29782.0,3182.0,94608881.0,0.0
MHImain,HKFE,2017-12-28 11:31:00,29782.0,29787.0,29758.0,29777.0,1369.0,40758959.0,0.0
MHImain,HKFE,2017-12-28 17:15:00,29935.0,29962.0,29886.0,29893.0,3285.0,98283373.0,0.0
MHImain,HKFE,2017-12-28 21:16:00,29896.0,29933.0,29889.0,29901.0,2852.0,85307090.0,0.0
MHImain,HKFE,2017-12-29 01:16:00,29901.0,30023.0,29872.0,30012.0,17480.0,523653199.0,0.0
MHImain,HKFE,2017-12-29 11:31:00,30012.0,30027.0,29920.0,29950.0,15030.0,450491075.0,0.0
MHImain,HKFE,2017-12-29 17:15:00,29953.0,29990.0,29943.0,29984.0,2005.0,60092419.0,0.0
MHImain,HKFE,2017-12-29 21:16:00,29986.0,29996.0,29947.0,29990.0,2686.0,80501275.0,0.0
MHImain,HKFE,2017-12-30 01:16:00,29990.0,29990.0,29990.0,29990.0,0.0,0.0,0.0
MHImain,HKFE,2018-01-02 01:16:00,30013.0,30482.0,30004.0,30468.0,32894.0,996902817.0,0.0
MHImain,HKFE,2018-01-02 11:31:00,30468.0,30565.0,30424.0,30535.0,16544.0,504739475.0,0.0
MHImain,HKFE,2018-01-02 17:15:00,30531.0,30560.0,30492.0,30549.0,2793.0,85269479.0,0.0
MHImain,HKFE,2018-01-02 21:16:00,30545.0,30591.0,30509.0,30531.0,3655.0,111646427.0,0.0
MHImain,HKFE,2018-01-03 01:16:00,30531.0,30751.0,30531.0,30656.0,29477.0,903583858.0,0.0
MHImain,HKFE,2018-01-03 11:31:00,30655.0,30673.0,30511.0,30617.0,23218.0,710057622.0,0.0
MHImain,HKFE,2018-01-03 17:15:00,30618.0,30655.0,30598.0,30650.0,2163.0,66254115.0,0.0
MHImain,HKFE,2018-01-03 21:16:00,30650.0,30730.0,30612.0,30713.0,4313.0,132296009.0,0.0
MHImain,HKFE,2018-01-04 01:16:00,30713.0,30739.0,30590.0,30693.0,25083.0,769026467.0,0.0
MHImain,HKFE,2018-01-04 11:31:00,30694.0,30795.0,30679.0,30751.0,24646.0,757541590.0,0.0
MHImain,HKFE,2018-01-04 17:15:00,30754.0,30785.0,30745.0,30782.0,1771.0,54486672.0,0.0
MHImain,HKFE,2018-01-04 21:16:00,30783.0,30894.0,30779.0,30860.0,5400.0,166545964.0,0.0
MHImain,HKFE,2018-01-05 01:16:00,30860.0,30911.0,30693.0,30767.0,26484.0,815691570.0,0.0
MHImain,HKFE,2018-01-05 11:31:00,30769.0,30819.0,30716.0,30763.0,17128.0,527034079.0,0.0
MHImain,HKFE,2018-01-05 17:15:00,30761.0,30850.0,30754.0,30809.0,3008.0,92704346.0,0.0
MHImain,HKFE,2018-01-05 21:16:00,30809.0,30905.0,30805.0,30900.0,5177.0,159774550.0,0.0
MHImain,HKFE,2018-01-06 01:16:00,30900.0,30900.0,30900.0,30900.0,0.0,0.0,0.0
MHImain,HKFE,2018-01-08 01:16:00,30950.0,30955.0,30732.0,30819.0,29145.0,898167302.0,0.0
MHImain,HKFE,2018-01-08 11:31:00,30820.0,30902.0,30742.0,30836.0,20168.0,621539707.0,0.0
MHImain,HKFE,2018-01-08 17:15:00,30836.0,30883.0,30729.0,30789.0,4562.0,140613349.0,0.0
MHImain,HKFE,2018-01-08 21:16:00,30788.0,30905.0,30786.0,30870.0,5402.0,166621204.0,0.0
MHImain,HKFE,2018-01-09 01:16:00,30870.0,31025.0,30836.0,31012.0,29049.0,898599507.0,0.0
MHImain,HKFE,2018-01-09 11:31:00,31013.0,31058.0,30957.0,30987.0,19759.0,612668631.0,0.0
MHImain,HKFE,2018-01-09 17:15:00,30986.0,31010.0,30960.0,30991.0,2892.0,89608584.0,0.0
MHImain,HKFE,2018-01-09 21:16:00,30991.0,31017.0,30944.0,31015.0,4790.0,148420701.0,0.0
MHImain,HKFE,2018-01-10 01:16:00,31015.0,31138.0,30950.0,31129.0,24649.0,764657083.0,0.0
MHImain,HKFE,2018-01-10 11:31:00,31130.0,31300.0,31014.0,31068.0,35372.0,1101187114.0,0.0
MHImain,HKFE,2018-01-10 17:15:00,31072.0,31095.0,30983.0,31017.0,5034.0,156198071.0,0.0
MHImain,HKFE,2018-01-10 21:16:00,31018.0,31078.0,30997.0,31042.0,5680.0,176289348.0,0.0
MHImain,HKFE,2018-01-11 01:16:00,31042.0,31136.0,30981.0,31063.0,25140.0,780925077.0,0.0
MHImain,HKFE,2018-01-11 11:31:00,31062.0,31142.0,31013.0,31095.0,16352.0,508200743.0,0.0
MHImain,HKFE,2018-01-11 17:15:00,31094.0,31124.0,31072.0,31105.0,2145.0,66709815.0,0.0
MHImain,HKFE,2018-01-11 21:16:00,31105.0,31201.0,31091.0,31195.0,4667.0,145400694.0,0.0
MHImain,HKFE,2018-01-12 01:16:00,31195.0,31392.0,31195.0,31260.0,27704.0,866855797.0,0.0
MHImain,HKFE,2018-01-12 11:31:00,31261.0,31410.0,31195.0,31398.0,21801.0,682360328.0,0.0
MHImain,HKFE,2018-01-12 17:15:00,31405.0,31470.0,31386.0,31452.0,3137.0,98569571.0,0.0
MHImain,HKFE,2018-01-12 21:16:00,31450.0,31617.0,31381.0,31583.0,8380.0,263801218.0,0.0
MHImain,HKFE,2018-01-15 01:16:00,31645.0,31697.0,31562.0,31614.0,24978.0,790026532.0,0.0
MHImain,HKFE,2018-01-15 11:31:00,31615.0,31721.0,31279.0,31314.0,39898.0,1256148339.0,0.0
MHImain,HKFE,2018-01-15 17:15:00,31318.0,31407.0,31307.0,31385.0,4279.0,134220350.0,0.0
MHImain,HKFE,2018-01-15 21:16:00,31387.0,31387.0,31323.0,31353.0,2965.0,92962647.0,0.0
MHImain,HKFE,2018-01-16 01:16:00,31353.0,31705.0,31353.0,31700.0,31159.0,982923973.0,0.0
MHImain,HKFE,2018-01-16 11:31:00,31700.0,31957.0,31660.0,31901.0,39805.0,1265293631.0,0.0
MHImain,HKFE,2018-01-16 17:15:00,31897.0,31936.0,31870.0,31918.0,4462.0,142335830.0,0.0
MHImain,HKFE,2018-01-16 21:16:00,31918.0,32015.0,31844.0,31860.0,9318.0,297671964.0,0.0
MHImain,HKFE,2018-01-17 01:16:00,31860.0,31895.0,31673.0,31759.0,43541.0,1383779797.0,0.0
MHImain,HKFE,2018-01-17 11:31:00,31759.0,31992.0,31722.0,31952.0,31461.0,1001730360.0,0.0
MHImain,HKFE,2018-01-17 17:15:00,31959.0,32060.0,31947.0,32038.0,5258.0,168332950.0,0.0
MHImain,HKFE,2018-01-17 21:16:00,32042.0,32145.0,31937.0,32109.0,10453.0,334943028.0,0.0
MHImain,HKFE,2018-01-18 01:16:00,32109.0,32202.0,31962.0,31988.0,34282.0,1100739372.0,0.0
MHImain,HKFE,2018-01-18 11:31:00,31987.0,32158.0,31836.0,32064.0,43087.0,1379408391.0,0.0
MHImain,HKFE,2018-01-18 17:15:00,32068.0,32106.0,32041.0,32085.0,3367.0,108006880.0,0.0
MHImain,HKFE,2018-01-18 21:16:00,32083.0,32114.0,31984.0,31992.0,8136.0,260778149.0,0.0
MHImain,HKFE,2018-01-19 01:16:00,31992.0,32163.0,31988.0,32115.0,31252.0,1002763548.0,0.0
MHImain,HKFE,2018-01-19 11:31:00,32116.0,32247.0,32067.0,32235.0,25744.0,827634312.0,0.0
MHImain,HKFE,2018-01-19 17:15:00,32235.0,32314.0,32235.0,32249.0,4923.0,158921374.0,0.0
MHImain,HKFE,2018-01-19 21:16:00,32250.0,32306.0,32223.0,32279.0,7342.0,236922828.0,0.0
MHImain,HKFE,2018-01-20 01:16:00,32279.0,32279.0,32279.0,32279.0,0.0,0.0,0.0
MHImain,HKFE,2018-01-22 01:16:00,32333.0,32343.0,32012.0,32212.0,38845.0,1250036957.0,0.0
MHImain,HKFE,2018-01-22 11:31:00,32212.0,32382.0,32172.0,32354.0,26969.0,871298546.0,0.0
MHImain,HKFE,2018-01-22 17:15:00,32358.0,32393.0,32325.0,32385.0,2274.0,73604305.0,0.0
MHImain,HKFE,2018-01-22 21:16:00,32385.0,32500.0,32353.0,32485.0,5826.0,188909932.0,0.0
MHImain,HKFE,2018-01-23 01:16:00,32485.0,32825.0,32485.0,32735.0,37615.0,1227402867.0,0.0
MHImain,HKFE,2018-01-23 11:31:00,32736.0,32930.0,32663.0,32913.0,41188.0,1351765618.0,0.0
MHImain,HKFE,2018-01-23 17:15:00,32906.0,32919.0,32728.0,32787.0,8095.0,265557069.0,0.0
MHImain,HKFE,2018-01-23 21:16:00,32788.0,32919.0,32777.0,32867.0,10541.0,346265821.0,0.0
MHImain,HKFE,2018-01-24 01:16:00,32867.0,32947.0,32733.0,32866.0,38090.0,1250154197.0,0.0
MHImain,HKFE,2018-01-24 11:31:00,32864.0,32998.0,32819.0,32901.0,34144.0,1123810149.0,0.0
MHImain,HKFE,2018-01-24 17:15:00,32903.0,32979.0,32903.0,32970.0,3817.0,125773509.0,0.0
MHImain,HKFE,2018-01-24 21:16:00,32973.0,33096.0,32847.0,32860.0,11342.0,374189247.0,0.0
MHImain,HKFE,2018-01-25 01:16:00,32860.0,33017.0,32729.0,32871.0,44161.0,1450591894.0,0.0
MHImain,HKFE,2018-01-25 11:31:00,32870.0,32908.0,32618.0,32688.0,38977.0,1277725357.0,0.0
MHImain,HKFE,2018-01-25 17:15:00,32692.0,32739.0,32644.0,32727.0,5299.0,173260501.0,0.0
MHImain,HKFE,2018-01-25 21:16:00,32729.0,32810.0,32614.0,32798.0,12589.0,411730480.0,0.0
MHImain,HKFE,2018-01-26 01:16:00,32798.0,33000.0,32798.0,32998.0,32926.0,1082554970.0,0.0
MHImain,HKFE,2018-01-26 11:31:00,32997.0,33203.0,32994.0,33157.0,42312.0,1400899535.0,0.0
MHImain,HKFE,2018-01-26 17:15:00,33166.0,33235.0,33153.0,33219.0,3850.0,127853170.0,0.0
MHImain,HKFE,2018-01-26 21:16:00,33223.0,33277.0,33173.0,33265.0,6622.0,220013217.0,0.0
MHImain,HKFE,2018-01-27 01:16:00,33265.0,33265.0,33265.0,33265.0,0.0,0.0,0.0
MHImain,HKFE,2018-01-29 01:16:00,33335.0,33512.0,33014.0,33027.0,40430.0,1345907623.0,0.0
MHImain,HKFE,2018-01-29 11:31:00,33025.0,33179.0,32857.0,32904.0,44474.0,1468528241.0,0.0
MHImain,HKFE,2018-01-29 17:15:00,32915.0,32937.0,32760.0,32797.0,5131.0,168400443.0,0.0
MHImain,HKFE,2018-01-29 21:16:00,32798.0,32876.0,32777.0,32840.0,5551.0,182217135.0,0.0
MHImain,HKFE,2018-01-30 01:16:00,32840.0,32983.0,32731.0,32785.0,6735.0,221429178.0,0.0
MHImain,HKFE,2018-01-30 11:31:00,32795.0,32813.0,32657.0,32727.0,2735.0,89531529.0,0.0
MHImain,HKFE,2018-01-30 17:15:00,32663.0,32696.0,32601.0,32630.0,5162.0,168540594.0,0.0
MHImain,HKFE,2018-01-30 21:16:00,32630.0,32650.0,32336.0,32395.0,15470.0,502338341.0,0.0
MHImain,HKFE,2018-01-31 01:16:00,32395.0,32763.0,32293.0,32708.0,53956.0,1753679416.0,0.0
MHImain,HKFE,2018-01-31 11:31:00,32707.0,32929.0,32521.0,32846.0,58697.0,1919652443.0,0.0
MHImain,HKFE,2018-01-31 17:15:00,32840.0,32992.0,32839.0,32985.0,6053.0,199229821.0,0.0
MHImain,HKFE,2018-01-31 21:16:00,32985.0,32985.0,32721.0,32725.0,10659.0,350502894.0,0.0
MHImain,HKFE,2018-02-01 01:16:00,32725.0,32979.0,32712.0,32804.0,49038.0,1611084780.0,0.0
MHImain,HKFE,2018-02-01 11:31:00,32805.0,32824.0,32567.0,32645.0,44272.0,1448014533.0,0.0
MHImain,HKFE,2018-02-01 17:15:00,32640.0,32643.0,32493.0,32517.0,7401.0,240915900.0,0.0
MHImain,HKFE,2018-02-01 21:16:00,32518.0,32555.0,32414.0,32538.0,15180.0,493106844.0,0.0
MHImain,HKFE,2018-02-02 01:16:00,32538.0,32734.0,32267.0,32636.0,59549.0,1935723842.0,0.0
MHImain,HKFE,2018-02-02 11:31:00,32637.0,32742.0,32481.0,32513.0,46333.0,1510406863.0,0.0
MHImain,HKFE,2018-02-02 17:15:00,32510.0,32510.0,32270.0,32307.0,11984.0,387460950.0,0.0
MHImain,HKFE,2018-02-02 21:16:00,32307.0,32367.0,32069.0,32100.0,22711.0,731351675.0,0.0
MHImain,HKFE,2018-02-03 01:16:00,32100.0,32100.0,32100.0,32100.0,0.0,0.0,0.0
MHImain,HKFE,2018-02-05 01:16:00,31699.0,31995.0,31635.0,31968.0,52717.0,1679908991.0,0.0
MHImain,HKFE,2018-02-05 11:31:00,31967.0,32328.0,31919.0,32040.0,55492.0,1783988934.0,0.0
MHImain,HKFE,2018-02-05 17:15:00,32053.0,32204.0,31913.0,32032.0,18349.0,587836209.0,0.0
MHImain,HKFE,2018-02-05 21:16:00,32033.0,32171.0,31916.0,31995.0,22275.0,713630377.0,0.0
MHImain,HKFE,2018-02-06 01:16:00,31995.0,31995.0,30711.0,30781.0,76663.0,2373450569.0,0.0
MHImain,HKFE,2018-02-06 11:31:00,30782.0,30993.0,30485.0,30707.0,83972.0,2582412173.0,0.0
MHImain,HKFE,2018-02-06 17:15:00,30739.0,30945.0,30517.0,30546.0,26830.0,823885482.0,0.0
MHImain,HKFE,2018-02-06 21:16:00,30545.0,30988.0,30403.0,30880.0,34166.0,1049458797.0,0.0
MHImain,HKFE,2018-02-07 01:16:00,30880.0,31377.0,30791.0,30882.0,64229.0,1999536579.0,0.0
MHImain,HKFE,2018-02-07 11:31:00,30880.0,30959.0,30066.0,30176.0,86380.0,2634337387.0,0.0
MHImain,HKFE,2018-02-07 17:15:00,30199.0,30507.0,30117.0,30472.0,20163.0,610640780.0,0.0
MHImain,HKFE,2018-02-07 21:16:00,30470.0,30812.0,30318.0,30728.0,28028.0,856979570.0,0.0
MHImain,HKFE,2018-02-08 01:16:00,30728.0,30728.0,30196.0,30208.0,63892.0,1944436164.0,0.0
MHImain,HKFE,2018-02-08 11:31:00,30210.0,30545.0,30164.0,30360.0,61876.0,1878861857.0,0.0
MHImain,HKFE,2018-02-08 17:15:00,30367.0,30424.0,30189.0,30275.0,15260.0,462033210.0,0.0
MHImain,HKFE,2018-02-08 21:16:00,30271.0,30395.0,29835.0,29963.0,24201.0,729581095.0,0.0
MHImain,HKFE,2018-02-09 01:16:00,29963.0,29963.0,29070.0,29314.0,58040.0,1704515738.0,0.0
MHImain,HKFE,2018-02-09 11:31:00,29312.0,29531.0,29169.0,29333.0,57404.0,1684503767.0,0.0
MHImain,HKFE,2018-02-09 17:15:00,29333.0,29420.0,29010.0,29118.0,17273.0,504299533.0,0.0
MHImain,HKFE,2018-02-09 21:16:00,29115.0,29488.0,29001.0,29023.0,33525.0,980807611.0,0.0
MHImain,HKFE,2018-02-12 01:16:00,29600.0,29708.0,29434.0,29679.0,45619.0,1349036606.0,0.0
MHImain,HKFE,2018-02-12 11:31:00,29678.0,29703.0,29340.0,29423.0,35706.0,1055471796.0,0.0
MHImain,HKFE,2018-02-12 17:15:00,29430.0,29635.0,29430.0,29526.0,11153.0,329321720.0,0.0
MHImain,HKFE,2018-02-12 21:16:00,29527.0,29612.0,29377.0,29600.0,21973.0,648136811.0,0.0
MHImain,HKFE,2018-02-13 01:16:00,29600.0,30088.0,29600.0,30013.0,37803.0,1129892651.0,0.0
MHImain,HKFE,2018-02-13 11:31:00,30008.0,30010.0,29666.0,29685.0,41730.0,1243791894.0,0.0
MHImain,HKFE,2018-02-13 17:15:00,29705.0,29749.0,29519.0,29631.0,9991.0,295868316.0,0.0
MHImain,HKFE,2018-02-13 21:16:00,29626.0,29841.0,29551.0,29830.0,17969.0,533784403.0,0.0
MHImain,HKFE,2018-02-14 01:16:00,29830.0,30050.0,29830.0,29961.0,25761.0,771400429.0,0.0
MHImain,HKFE,2018-02-14 11:31:00,29959.0,30587.0,29936.0,30301.0,42607.0,1288988352.0,0.0
MHImain,HKFE,2018-02-14 17:15:00,30330.0,30378.0,30202.0,30345.0,8315.0,251858399.0,0.0
MHImain,HKFE,2018-02-14 21:16:00,30345.0,30523.0,29953.0,30394.0,35982.0,1087300521.0,0.0
MHImain,HKFE,2018-02-15 01:16:00,30394.0,30988.0,30394.0,30937.0,25456.0,784587193.0,0.0
MHImain,HKFE,2018-02-15 11:31:00,30939.0,31036.0,30928.0,30992.0,3296.0,102155220.0,0.0
MHImain,HKFE,2018-02-15 17:15:00,30992.0,30992.0,30992.0,30992.0,0.0,0.0,0.0
MHImain,HKFE,2018-02-20 01:16:00,31192.0,31277.0,30607.0,31168.0,42297.0,1308886517.0,0.0
MHImain,HKFE,2018-02-20 11:31:00,31168.0,31191.0,30697.0,30750.0,32317.0,999857504.0,0.0
MHImain,HKFE,2018-02-20 17:15:00,30735.0,30752.0,30634.0,30669.0,6537.0,200606901.0,0.0
MHImain,HKFE,2018-02-20 21:16:00,30670.0,30980.0,30666.0,30972.0,12579.0,387809372.0,0.0
MHImain,HKFE,2018-02-21 01:16:00,30972.0,31163.0,30815.0,31114.0,26979.0,836368105.0,0.0
MHImain,HKFE,2018-02-21 11:31:00,31112.0,31391.0,31004.0,31370.0,31217.0,974495557.0,0.0
MHImain,HKFE,2018-02-21 17:15:00,31339.0,31364.0,31252.0,31321.0,6929.0,216902484.0,0.0
MHImain,HKFE,2018-02-21 21:16:00,31326.0,31518.0,31317.0,31483.0,9735.0,306015650.0,0.0
MHImain,HKFE,2018-02-22 01:16:00,31483.0,31483.0,30887.0,31087.0,36264.0,1125735513.0,0.0
MHImain,HKFE,2018-02-22 11:31:00,31086.0,31152.0,30906.0,30951.0,26521.0,823133305.0,0.0
MHImain,HKFE,2018-02-22 17:15:00,30948.0,31064.0,30910.0,31013.0,5441.0,168714079.0,0.0
MHImain,HKFE,2018-02-22 21:16:00,31013.0,31284.0,31013.0,31271.0,12629.0,393474078.0,0.0
MHImain,HKFE,2018-02-23 01:16:00,31271.0,31372.0,31163.0,31225.0,28608.0,894619459.0,0.0
MHImain,HKFE,2018-02-23 11:31:00,31226.0,31351.0,31114.0,31170.0,29644.0,925888816.0,0.0
MHImain,HKFE,2018-02-23 17:15:00,31176.0,31282.0,31133.0,31280.0,4680.0,146072742.0,0.0
MHImain,HKFE,2018-02-23 21:16:00,31278.0,31289.0,31156.0,31263.0,8795.0,274654045.0,0.0
MHImain,HKFE,2018-02-24 01:16:00,31263.0,31263.0,31263.0,31263.0,0.0,0.0,0.0
MHImain,HKFE,2018-02-26 01:16:00,31412.0,31553.0,31274.0,31504.0,28923.0,908748187.0,0.0
MHImain,HKFE,2018-02-26 11:31:00,31503.0,31550.0,31397.0,31520.0,19538.0,615174154.0,0.0
MHImain,HKFE,2018-02-26 17:15:00,31524.0,31598.0,31506.0,31581.0,2800.0,88364300.0,0.0
MHImain,HKFE,2018-02-26 21:16:00,31584.0,31619.0,31476.0,31588.0,5559.0,175417018.0,0.0
MHImain,HKFE,2018-02-27 01:16:00,31588.0,31774.0,31475.0,31546.0,5863.0,185555182.0,0.0
MHImain,HKFE,2018-02-27 11:31:00,31545.0,31575.0,31446.0,31455.0,1975.0,62223061.0,0.0
MHImain,HKFE,2018-02-27 17:15:00,31411.0,31411.0,31310.0,31350.0,5039.0,157976520.0,0.0
MHImain,HKFE,2018-02-27 21:16:00,31347.0,31435.0,31096.0,31108.0,13671.0,427749146.0,0.0
MHImain,HKFE,2018-02-28 01:16:00,31108.0,31126.0,30713.0,30742.0,36615.0,1131225256.0,0.0
MHImain,HKFE,2018-02-28 11:31:00,30745.0,30899.0,30661.0,30744.0,37979.0,1169255886.0,0.0
MHImain,HKFE,2018-02-28 17:15:00,30759.0,30871.0,30759.0,30838.0,4646.0,143244237.0,0.0
MHImain,HKFE,2018-02-28 21:16:00,30838.0,30897.0,30600.0,30641.0,12897.0,396745391.0,0.0
MHImain,HKFE,2018-03-01 01:16:00,30641.0,30886.0,30355.0,30876.0,44158.0,1353009661.0,0.0
MHImain,HKFE,2018-03-01 11:31:00,30878.0,31084.0,30629.0,31026.0,41627.0,1283453387.0,0.0
MHImain,HKFE,2018-03-01 17:15:00,31013.0,31013.0,30760.0,30806.0,11571.0,357109534.0,0.0
MHImain,HKFE,2018-03-01 21:16:00,30805.0,30996.0,30726.0,30888.0,23398.0,722096791.0,0.0
MHImain,HKFE,2018-03-02 01:16:00,30888.0,30888.0,30428.0,30540.0,41734.0,1273822585.0,0.0
MHImain,HKFE,2018-03-02 11:31:00,30541.0,30610.0,30483.0,30543.0,26255.0,801795102.0,0.0
MHImain,HKFE,2018-03-02 17:15:00,30540.0,30560.0,30051.0,30100.0,13599.0,411596751.0,0.0
MHImain,HKFE,2018-03-02 21:16:00,30100.0,30297.0,29996.0,30297.0,21519.0,647987166.0,0.0
MHImain,HKFE,2018-03-03 01:16:00,30297.0,30297.0,30297.0,30297.0,0.0,0.0,0.0
MHImain,HKFE,2018-03-05 01:16:00,30380.0,30674.0,30012.0,30120.0,49615.0,1502147295.0,0.0
MHImain,HKFE,2018-03-05 11:31:00,30117.0,30227.0,29791.0,29920.0,39920.0,1199058640.0,0.0
MHImain,HKFE,2018-03-05 17:15:00,29925.0,30058.0,29881.0,29936.0,10380.0,311092948.0,0.0
MHImain,HKFE,2018-03-05 21:16:00,29933.0,30305.0,29835.0,30287.0,15971.0,479744645.0,0.0
MHImain,HKFE,2018-03-06 01:16:00,30287.0,30456.0,30117.0,30257.0,37441.0,1133593443.0,0.0
MHImain,HKFE,2018-03-06 11:31:00,30257.0,30595.0,30202.0,30484.0,37437.0,1138651837.0,0.0
MHImain,HKFE,2018-03-06 17:15:00,30470.0,30658.0,30411.0,30635.0,10123.0,309287102.0,0.0
MHImain,HKFE,2018-03-06 21:16:00,30633.0,30655.0,30385.0,30487.0,17976.0,549070581.0,0.0
MHImain,HKFE,2018-03-07 01:16:00,30487.0,30640.0,30150.0,30426.0,42199.0,1284508870.0,0.0
MHImain,HKFE,2018-03-07 11:31:00,30424.0,30424.0,30060.0,30198.0,49085.0,1482432247.0,0.0
MHImain,HKFE,2018-03-07 17:15:00,30195.0,30332.0,30120.0,30303.0,7923.0,239577940.0,0.0
MHImain,HKFE,2018-03-07 21:16:00,30306.0,30439.0,30266.0,30267.0,15729.0,477543581.0,0.0
MHImain,HKFE,2018-03-08 01:16:00,30267.0,30673.0,30267.0,30649.0,34116.0,1041951621.0,0.0
MHImain,HKFE,2018-03-08 11:31:00,30650.0,30740.0,30525.0,30654.0,28759.0,881067032.0,0.0
MHImain,HKFE,2018-03-08 17:15:00,30668.0,30736.0,30641.0,30726.0,4177.0,128200233.0,0.0
MHImain,HKFE,2018-03-08 21:16:00,30723.0,30829.0,30620.0,30675.0,13900.0,427144830.0,0.0
MHImain,HKFE,2018-03-09 01:16:00,30675.0,31009.0,30675.0,30935.0,31924.0,987168121.0,0.0
MHImain,HKFE,2018-03-09 11:31:00,30936.0,31042.0,30882.0,30992.0,22344.0,691878638.0,0.0
MHImain,HKFE,2018-03-09 17:15:00,30983.0,31060.0,30977.0,30990.0,3702.0,114846358.0,0.0
MHImain,HKFE,2018-03-09 21:16:00,30990.0,31311.0,30959.0,31300.0,14507.0,452152987.0,0.0
MHImain,HKFE,2018-03-10 01:16:00,31300.0,31300.0,31300.0,31300.0,0.0,0.0,0.0
MHImain,HKFE,2018-03-12 01:16:00,31468.0,31580.0,31347.0,31502.0,29838.0,938888902.0,0.0
MHImain,HKFE,2018-03-12 11:31:00,31499.0,31640.0,31419.0,31594.0,24994.0,788244700.0,0.0
MHImain,HKFE,2018-03-12 17:15:00,31592.0,31607.0,31506.0,31539.0,5213.0,164484555.0,0.0
MHImain,HKFE,2018-03-12 21:16:00,31540.0,31620.0,31442.0,31494.0,11287.0,355958108.0,0.0
MHImain,HKFE,2018-03-13 01:16:00,31494.0,31714.0,31483.0,31557.0,29927.0,945353569.0,0.0
MHImain,HKFE,2018-03-13 11:31:00,31556.0,31640.0,31502.0,31585.0,22001.0,694487843.0,0.0
MHImain,HKFE,2018-03-13 17:15:00,31600.0,31668.0,31573.0,31645.0,6083.0,192373934.0,0.0
MHImain,HKFE,2018-03-13 21:16:00,31642.0,31696.0,31293.0,31377.0,16680.0,525360735.0,0.0
MHImain,HKFE,2018-03-14 01:16:00,31377.0,31377.0,31154.0,31197.0,29320.0,915816390.0,0.0
MHImain,HKFE,2018-03-14 11:31:00,31200.0,31496.0,31111.0,31454.0,32834.0,1026511403.0,0.0
MHImain,HKFE,2018-03-14 17:15:00,31450.0,31572.0,31450.0,31522.0,5980.0,188499186.0,0.0
MHImain,HKFE,2018-03-14 21:16:00,31522.0,31580.0,31137.0,31206.0,20229.0,633409712.0,0.0
MHImain,HKFE,2018-03-15 01:16:00,31206.0,31538.0,31052.0,31516.0,33106.0,1036200928.0,0.0
MHImain,HKFE,2018-03-15 11:31:00,31516.0,31620.0,31348.0,31533.0,31983.0,1006986149.0,0.0
MHImain,HKFE,2018-03-15 17:15:00,31562.0,31597.0,31453.0,31505.0,7574.0,238686967.0,0.0
MHImain,HKFE,2018-03-15 21:16:00,31505.0,31652.0,31367.0,31493.0,17511.0,551640914.0,0.0
MHImain,HKFE,2018-03-16 01:16:00,31493.0,31523.0,31270.0,31449.0,26867.0,844380090.0,0.0
MHImain,HKFE,2018-03-16 11:31:00,31445.0,31578.0,31354.0,31449.0,30356.0,955200175.0,0.0
MHImain,HKFE,2018-03-16 17:15:00,31460.0,31498.0,31427.0,31442.0,4644.0,146125633.0,0.0
MHImain,HKFE,2018-03-16 21:16:00,31444.0,31567.0,31391.0,31559.0,11388.0,358483540.0,0.0
MHImain,HKFE,2018-03-17 01:16:00,31559.0,31559.0,31559.0,31559.0,0.0,0.0,0.0
MHImain,HKFE,2018-03-19 01:16:00,31393.0,31677.0,31209.0,31581.0,35779.0,1125989644.0,0.0
MHImain,HKFE,2018-03-19 11:31:00,31583.0,31628.0,31394.0,31404.0,27923.0,880708665.0,0.0
MHImain,HKFE,2018-03-19 17:15:00,31403.0,31457.0,31362.0,31386.0,6237.0,195911670.0,0.0
MHImain,HKFE,2018-03-19 21:16:00,31385.0,31448.0,31114.0,31168.0,14988.0,469177519.0,0.0
MHImain,HKFE,2018-03-20 01:16:00,31168.0,31395.0,31148.0,31266.0,34508.0,1079375291.0,0.0
MHImain,HKFE,2018-03-20 11:31:00,31266.0,31588.0,31262.0,31548.0,35777.0,1125208358.0,0.0
MHImain,HKFE,2018-03-20 17:15:00,31539.0,31659.0,31486.0,31612.0,7483.0,236385716.0,0.0
MHImain,HKFE,2018-03-20 21:16:00,31612.0,31687.0,31534.0,31625.0,14695.0,464717672.0,0.0
MHImain,HKFE,2018-03-21 01:16:00,31625.0,32006.0,31625.0,31936.0,31700.0,1010987031.0,0.0
MHImain,HKFE,2018-03-21 11:31:00,31938.0,31990.0,31336.0,31348.0,51611.0,1633612654.0,0.0
MHImain,HKFE,2018-03-21 17:15:00,31358.0,31386.0,31200.0,31275.0,10789.0,337451095.0,0.0
MHImain,HKFE,2018-03-21 21:16:00,31275.0,31475.0,31274.0,31441.0,10690.0,335136033.0,0.0
MHImain,HKFE,2018-03-22 01:16:00,31550.0,31704.0,31139.0,31212.0,44966.0,1412902646.0,0.0
MHImain,HKFE,2018-03-22 11:31:00,31213.0,31424.0,30989.0,31050.0,46555.0,1453247571.0,0.0
MHImain,HKFE,2018-03-22 17:15:00,31036.0,31036.0,30465.0,30516.0,17621.0,539756583.0,0.0
MHImain,HKFE,2018-03-22 21:16:00,30513.0,30687.0,30259.0,30453.0,28367.0,864936640.0,0.0
MHImain,HKFE,2018-03-23 01:16:00,30453.0,30453.0,29855.0,30198.0,56194.0,1691387967.0,0.0
MHImain,HKFE,2018-03-23 11:31:00,30201.0,30331.0,29919.0,30150.0,50985.0,1535778861.0,0.0
MHImain,HKFE,2018-03-23 17:15:00,30123.0,30268.0,30002.0,30218.0,13426.0,404789545.0,0.0
MHImain,HKFE,2018-03-23 21:16:00,30215.0,30316.0,30020.0,30055.0,21187.0,639454235.0,0.0
MHImain,HKFE,2018-03-24 01:16:00,30055.0,30055.0,30055.0,30055.0,0.0,0.0,0.0
MHImain,HKFE,2018-03-26 01:16:00,29950.0,30283.0,29937.0,30074.0,41550.0,1253106582.0,0.0
MHImain,HKFE,2018-03-26 11:31:00,30074.0,30573.0,30074.0,30528.0,42713.0,1293627403.0,0.0
MHImain,HKFE,2018-03-26 17:15:00,30516.0,30624.0,30452.0,30582.0,8720.0,266605670.0,0.0
MHImain,HKFE,2018-03-26 21:16:00,30580.0,30613.0,30255.0,30479.0,21199.0,645556673.0,0.0
MHImain,HKFE,2018-03-27 01:16:00,30479.0,30949.0,30479.0,30762.0,33947.0,1046557570.0,0.0
MHImain,HKFE,2018-03-27 11:31:00,30762.0,30890.0,30733.0,30788.0,25659.0,790617431.0,0.0
MHImain,HKFE,2018-03-27 17:15:00,30799.0,30833.0,30729.0,30755.0,3283.0,101052345.0,0.0
MHImain,HKFE,2018-03-27 21:16:00,30755.0,30851.0,30604.0,30836.0,12893.0,396066340.0,0.0
MHImain,HKFE,2018-03-28 01:16:00,30836.0,30836.0,30377.0,30415.0,5401.0,164710345.0,0.0
MHImain,HKFE,2018-03-28 11:31:00,30414.0,30426.0,30312.0,30337.0,1769.0,53717844.0,0.0
MHImain,HKFE,2018-03-28 17:15:00,29950.0,30146.0,29871.0,29951.0,15036.0,451223460.0,0.0
MHImain,HKFE,2018-03-28 21:16:00,29952.0,30232.0,29810.0,30070.0,30344.0,909886375.0,0.0
MHImain,HKFE,2018-03-29 01:16:00,30070.0,30188.0,29752.0,29861.0,49966.0,1495489575.0,0.0
MHImain,HKFE,2018-03-29 11:31:00,29860.0,30205.0,29848.0,30033.0,43765.0,1314945757.0,0.0
MHImain,HKFE,2018-03-29 17:15:00,30049.0,30166.0,30033.0,30092.0,7268.0,218730737.0,0.0
MHImain,HKFE,2018-03-29 21:16:00,30092.0,30318.0,30082.0,30283.0,16486.0,497882239.0,0.0
MHImain,HKFE,2018-03-30 01:16:00,30283.0,30283.0,30283.0,30283.0,0.0,0.0,0.0
MHImain,HKFE,2018-04-03 01:16:00,29862.0,30011.0,29748.0,29905.0,39676.0,1185379931.0,0.0
MHImain,HKFE,2018-04-03 11:31:00,29904.0,30294.0,29824.0,30160.0,39820.0,1196825732.0,0.0
MHImain,HKFE,2018-04-03 17:15:00,30156.0,30266.0,30078.0,30229.0,7665.0,231400428.0,0.0
MHImain,HKFE,2018-04-03 21:16:00,30226.0,30292.0,30065.0,30140.0,19155.0,578079916.0,0.0
MHImain,HKFE,2018-04-04 01:16:00,30140.0,30315.0,30117.0,30144.0,32219.0,972909976.0,0.0
MHImain,HKFE,2018-04-04 11:31:00,30141.0,30174.0,29345.0,29409.0,58605.0,1746381685.0,0.0
MHImain,HKFE,2018-04-04 17:15:00,29385.0,29462.0,29146.0,29389.0,20017.0,586988160.0,0.0
MHImain,HKFE,2018-04-04 21:16:00,29387.0,29945.0,29353.0,29905.0,26176.0,776473917.0,0.0
MHImain,HKFE,2018-04-05 01:16:00,29905.0,29905.0,29905.0,29905.0,0.0,0.0,0.0
MHImain,HKFE,2018-04-06 01:16:00,29800.0,29980.0,29648.0,29866.0,37975.0,1132679946.0,0.0
MHImain,HKFE,2018-04-06 11:31:00,29865.0,29886.0,29563.0,29836.0,38121.0,1134589836.0,0.0
MHImain,HKFE,2018-04-06 17:15:00,29836.0,29947.0,29752.0,29905.0,11961.0,357017659.0,0.0
MHImain,HKFE,2018-04-06 21:16:00,29905.0,30159.0,29824.0,29983.0,25628.0,768212923.0,0.0
MHImain,HKFE,2018-04-07 01:16:00,29983.0,29983.0,29983.0,29983.0,0.0,0.0,0.0
MHImain,HKFE,2018-04-09 01:16:00,30007.0,30339.0,29912.0,30288.0,42649.0,1282562422.0,0.0
MHImain,HKFE,2018-04-09 11:31:00,30286.0,30577.0,30105.0,30280.0,49947.0,1513249527.0,0.0
MHImain,HKFE,2018-04-09 17:15:00,30268.0,30382.0,30161.0,30196.0,10969.0,331873186.0,0.0
MHImain,HKFE,2018-04-09 21:16:00,30194.0,30401.0,30061.0,30377.0,17446.0,527422257.0,0.0
MHImain,HKFE,2018-04-10 01:16:00,30377.0,30598.0,30136.0,30504.0,42382.0,1287609398.0,0.0
MHImain,HKFE,2018-04-10 11:31:00,30502.0,30815.0,30445.0,30761.0,41814.0,1282918952.0,0.0
MHImain,HKFE,2018-04-10 17:15:00,30759.0,30777.0,30662.0,30684.0,7065.0,216978952.0,0.0
MHImain,HKFE,2018-04-10 21:16:00,30688.0,30756.0,30624.0,30690.0,13164.0,404121748.0,0.0
MHImain,HKFE,2018-04-11 01:16:00,30690.0,31000.0,30687.0,30976.0,38713.0,1193743408.0,0.0
MHImain,HKFE,2018-04-11 11:31:00,30975.0,30988.0,30829.0,30888.0,29738.0,919095653.0,0.0
MHImain,HKFE,2018-04-11 17:15:00,30903.0,30920.0,30788.0,30871.0,9334.0,288009256.0,0.0
MHImain,HKFE,2018-04-11 21:16:00,30868.0,31085.0,30865.0,30966.0,12753.0,394775180.0,0.0
MHImain,HKFE,2018-04-12 01:16:00,30966.0,31153.0,30806.0,30840.0,37446.0,1160319890.0,0.0
MHImain,HKFE,2018-04-12 11:31:00,30837.0,30867.0,30605.0,30766.0,42980.0,1321869707.0,0.0
MHImain,HKFE,2018-04-12 17:15:00,30763.0,30948.0,30732.0,30912.0,8415.0,259858293.0,0.0
MHImain,HKFE,2018-04-12 21:16:00,30911.0,31078.0,30863.0,31070.0,12399.0,384093649.0,0.0
MHImain,HKFE,2018-04-13 01:16:00,31070.0,31070.0,30701.0,30761.0,33261.0,1027923345.0,0.0
MHImain,HKFE,2018-04-13 11:31:00,30760.0,30906.0,30759.0,30861.0,29143.0,898844473.0,0.0
MHImain,HKFE,2018-04-13 17:15:00,30865.0,30963.0,30861.0,30942.0,4786.0,147961017.0,0.0
MHImain,HKFE,2018-04-13 21:16:00,30941.0,30960.0,30669.0,30765.0,16503.0,508169315.0,0.0
MHImain,HKFE,2018-04-14 01:16:00,30765.0,30765.0,30765.0,30765.0,0.0,0.0,0.0
MHImain,HKFE,2018-04-16 01:16:00,30982.0,30992.0,30258.0,30319.0,42481.0,1296569326.0,0.0
MHImain,HKFE,2018-04-16 11:31:00,30321.0,30412.0,30160.0,30185.0,46439.0,1405797916.0,0.0
MHImain,HKFE,2018-04-16 17:15:00,30203.0,30324.0,30186.0,30292.0,6864.0,207688510.0,0.0
MHImain,HKFE,2018-04-16 21:16:00,30290.0,30385.0,30221.0,30360.0,11364.0,344312577.0,0.0
MHImain,HKFE,2018-04-17 01:16:00,30360.0,30527.0,30069.0,30337.0,48933.0,1482740014.0,0.0
MHImain,HKFE,2018-04-17 11:31:00,30340.0,30359.0,29992.0,30051.0,43316.0,1307260510.0,0.0
MHImain,HKFE,2018-04-17 17:15:00,30052.0,30291.0,30032.0,30262.0,9700.0,292869442.0,0.0
MHImain,HKFE,2018-04-17 21:16:00,30261.0,30440.0,30235.0,30427.0,10861.0,329760658.0,0.0
MHImain,HKFE,2018-04-18 01:16:00,30427.0,30509.0,29957.0,30168.0,53796.0,1625345330.0,0.0
MHImain,HKFE,2018-04-18 11:31:00,30171.0,30392.0,30081.0,30310.0,45675.0,1381689479.0,0.0
MHImain,HKFE,2018-04-18 17:15:00,30300.0,30438.0,30215.0,30397.0,9406.0,285387569.0,0.0
MHImain,HKFE,2018-04-18 21:16:00,30397.0,30460.0,30285.0,30429.0,12633.0,383821996.0,0.0
MHImain,HKFE,2018-04-19 01:16:00,30429.0,30791.0,30429.0,30743.0,45402.0,1389964220.0,0.0
MHImain,HKFE,2018-04-19 11:31:00,30744.0,30779.0,30546.0,30760.0,37258.0,1143198394.0,0.0
MHImain,HKFE,2018-04-19 17:15:00,30755.0,30760.0,30671.0,30699.0,5710.0,175369594.0,0.0
MHImain,HKFE,2018-04-19 21:16:00,30700.0,30735.0,30512.0,30540.0,13594.0,416490123.0,0.0
MHImain,HKFE,2018-04-20 01:16:00,30540.0,30878.0,30533.0,30591.0,43524.0,1334822430.0,0.0
MHImain,HKFE,2018-04-20 11:31:00,30592.0,30625.0,30318.0,30360.0,39360.0,1200013542.0,0.0
MHImain,HKFE,2018-04-20 17:15:00,30350.0,30441.0,30322.0,30385.0,6515.0,197982231.0,0.0
MHImain,HKFE,2018-04-20 21:16:00,30386.0,30420.0,30184.0,30269.0,14285.0,432732270.0,0.0
MHImain,HKFE,2018-04-21 01:16:00,30269.0,30269.0,30269.0,30269.0,0.0,0.0,0.0
MHImain,HKFE,2018-04-23 01:16:00,30357.0,30500.0,30146.0,30331.0,50571.0,1532994313.0,0.0
MHImain,HKFE,2018-04-23 11:31:00,30329.0,30396.0,30202.0,30240.0,31435.0,952400627.0,0.0
MHImain,HKFE,2018-04-23 17:15:00,30250.0,30291.0,30166.0,30280.0,5699.0,172291051.0,0.0
MHImain,HKFE,2018-04-23 21:16:00,30277.0,30391.0,30206.0,30288.0,11041.0,334492831.0,0.0
MHImain,HKFE,2018-04-24 01:16:00,30353.0,30678.0,30266.0,30632.0,36025.0,1098792181.0,0.0
MHImain,HKFE,2018-04-24 11:31:00,30633.0,30700.0,30490.0,30640.0,29350.0,897674569.0,0.0
MHImain,HKFE,2018-04-24 17:15:00,30647.0,30781.0,30617.0,30709.0,6698.0,205806278.0,0.0
MHImain,HKFE,2018-04-24 21:16:00,30712.0,30755.0,30500.0,30506.0,19382.0,594034081.0,0.0
MHImain,HKFE,2018-04-25 01:16:00,30506.0,30517.0,30218.0,30346.0,40949.0,1242477272.0,0.0
MHImain,HKFE,2018-04-25 11:31:00,30346.0,30390.0,30181.0,30185.0,27487.0,832878427.0,0.0
MHImain,HKFE,2018-04-25 17:15:00,30189.0,30225.0,30093.0,30201.0,8709.0,262777461.0,0.0
MHImain,HKFE,2018-04-25 21:16:00,30203.0,30284.0,30095.0,30212.0,15463.0,466715355.0,0.0
MHImain,HKFE,2018-04-26 01:16:00,30212.0,30456.0,30033.0,30088.0,36880.0,1113805692.0,0.0
MHImain,HKFE,2018-04-26 11:31:00,30088.0,30134.0,29838.0,30033.0,29105.0,872785827.0,0.0
MHImain,HKFE,2018-04-26 17:15:00,30039.0,30152.0,30030.0,30100.0,3592.0,108120078.0,0.0
MHImain,HKFE,2018-04-26 21:16:00,30104.0,30220.0,30088.0,30220.0,5011.0,151114582.0,0.0
MHImain,HKFE,2018-04-27 01:16:00,30220.0,30309.0,30067.0,30096.0,5404.0,163077739.0,0.0
MHImain,HKFE,2018-04-27 11:31:00,30095.0,30159.0,30074.0,30150.0,1807.0,54445731.0,0.0
MHImain,HKFE,2018-04-27 17:15:00,30063.0,30140.0,30028.0,30129.0,4740.0,142611778.0,0.0
MHImain,HKFE,2018-04-27 21:16:00,30129.0,30199.0,30016.0,30193.0,11377.0,342430259.0,0.0
MHImain,HKFE,2018-04-28 01:16:00,30193.0,30193.0,30193.0,30193.0,0.0,0.0,0.0
MHImain,HKFE,2018-04-30 01:16:00,30241.0,30658.0,30232.0,30615.0,29911.0,912629777.0,0.0
MHImain,HKFE,2018-04-30 11:31:00,30613.0,30722.0,30570.0,30669.0,16457.0,504371384.0,0.0
MHImain,HKFE,2018-04-30 17:15:00,30688.0,30696.0,30633.0,30644.0,2900.0,88932478.0,0.0
MHImain,HKFE,2018-04-30 21:16:00,30643.0,30644.0,30455.0,30495.0,9881.0,301949333.0,0.0
MHImain,HKFE,2018-05-01 01:16:00,30495.0,30495.0,30495.0,30495.0,0.0,0.0,0.0
MHImain,HKFE,2018-05-02 01:16:00,30505.0,30659.0,30392.0,30429.0,36107.0,1101699039.0,0.0
MHImain,HKFE,2018-05-02 11:31:00,30428.0,30579.0,30407.0,30553.0,24390.0,743710346.0,0.0
MHImain,HKFE,2018-05-02 17:15:00,30567.0,30590.0,30474.0,30491.0,4748.0,144950235.0,0.0
MHImain,HKFE,2018-05-02 21:16:00,30495.0,30495.0,30298.0,30358.0,12072.0,366905035.0,0.0
MHImain,HKFE,2018-05-03 01:16:00,30358.0,30358.0,29903.0,30026.0,39317.0,1181155816.0,0.0
MHImain,HKFE,2018-05-03 11:31:00,30024.0,30242.0,29994.0,30058.0,33776.0,1017475786.0,0.0
MHImain,HKFE,2018-05-03 17:15:00,30072.0,30106.0,29910.0,29946.0,7415.0,222511223.0,0.0
MHImain,HKFE,2018-05-03 21:16:00,29943.0,30021.0,29687.0,29931.0,23162.0,690970415.0,0.0
MHImain,HKFE,2018-05-04 01:16:00,29931.0,30169.0,29768.0,30024.0,44513.0,1333201158.0,0.0
MHImain,HKFE,2018-05-04 11:31:00,30024.0,30047.0,29645.0,29774.0,38391.0,1145461522.0,0.0
MHImain,HKFE,2018-05-04 17:15:00,29766.0,29859.0,29667.0,29670.0,8704.0,259037797.0,0.0
MHImain,HKFE,2018-05-04 21:16:00,29672.0,30019.0,29575.0,29981.0,18049.0,538192460.0,0.0
MHImain,HKFE,2018-05-05 01:16:00,29981.0,29981.0,29981.0,29981.0,0.0,0.0,0.0
MHImain,HKFE,2018-05-07 01:16:00,30000.0,30044.0,29582.0,29968.0,47036.0,1402268316.0,0.0
MHImain,HKFE,2018-05-07 11:31:00,29967.0,29970.0,29656.0,29761.0,36434.0,1085988817.0,0.0
MHImain,HKFE,2018-05-07 17:15:00,29761.0,29806.0,29716.0,29759.0,5057.0,150510375.0,0.0
MHImain,HKFE,2018-05-07 21:16:00,29759.0,29877.0,29679.0,29850.0,13139.0,391526129.0,0.0
MHImain,HKFE,2018-05-08 01:16:00,29850.0,30206.0,29799.0,30174.0,38161.0,1148527227.0,0.0
MHImain,HKFE,2018-05-08 11:31:00,30172.0,30266.0,30138.0,30198.0,27786.0,839433721.0,0.0
MHImain,HKFE,2018-05-08 17:15:00,30196.0,30215.0,30143.0,30170.0,5314.0,160359049.0,0.0
MHImain,HKFE,2018-05-08 21:16:00,30171.0,30187.0,30023.0,30076.0,15542.0,467801480.0,0.0
MHImain,HKFE,2018-05-09 01:16:00,30076.0,30404.0,30076.0,30391.0,38993.0,1179768519.0,0.0
MHImain,HKFE,2018-05-09 11:31:00,30389.0,30420.0,30255.0,30415.0,28726.0,871818902.0,0.0
MHImain,HKFE,2018-05-09 17:15:00,30420.0,30460.0,30384.0,30395.0,4450.0,135370357.0,0.0
MHImain,HKFE,2018-05-09 21:16:00,30396.0,30442.0,30295.0,30415.0,11426.0,347016190.0,0.0
MHImain,HKFE,2018-05-10 01:16:00,30415.0,30700.0,30415.0,30631.0,38231.0,1170280038.0,0.0
MHImain,HKFE,2018-05-10 11:31:00,30633.0,30692.0,30553.0,30675.0,23497.0,719663866.0,0.0
MHImain,HKFE,2018-05-10 17:15:00,30660.0,30689.0,30626.0,30683.0,4383.0,134369603.0,0.0
MHImain,HKFE,2018-05-10 21:16:00,30681.0,30983.0,30677.0,30952.0,12907.0,397735881.0,0.0
MHImain,HKFE,2018-05-11 01:16:00,30952.0,31142.0,30869.0,31044.0,39160.0,1213912346.0,0.0
MHImain,HKFE,2018-05-11 11:31:00,31042.0,31116.0,30928.0,31094.0,25805.0,800297101.0,0.0
MHImain,HKFE,2018-05-11 17:15:00,31088.0,31179.0,31056.0,31147.0,5889.0,183320085.0,0.0
MHImain,HKFE,2018-05-11 21:16:00,31145.0,31197.0,31037.0,31111.0,10971.0,341437777.0,0.0
MHImain,HKFE,2018-05-12 01:16:00,31111.0,31111.0,31111.0,31111.0,0.0,0.0,0.0
MHImain,HKFE,2018-05-14 01:16:00,31299.0,31474.0,31262.0,31408.0,29731.0,933066704.0,0.0
MHImain,HKFE,2018-05-14 11:31:00,31410.0,31469.0,31311.0,31455.0,20864.0,654496849.0,0.0
MHImain,HKFE,2018-05-14 17:15:00,31455.0,31489.0,31424.0,31443.0,3051.0,95961857.0,0.0
MHImain,HKFE,2018-05-14 21:16:00,31441.0,31498.0,31424.0,31433.0,6380.0,200742134.0,0.0
MHImain,HKFE,2018-05-15 01:16:00,31433.0,31443.0,31066.0,31096.0,32609.0,1018006012.0,0.0
MHImain,HKFE,2018-05-15 11:31:00,31095.0,31136.0,30958.0,30990.0,23619.0,733826884.0,0.0
MHImain,HKFE,2018-05-15 17:15:00,30999.0,31044.0,30810.0,30833.0,7857.0,243085941.0,0.0
MHImain,HKFE,2018-05-15 21:16:00,30830.0,30872.0,30715.0,30850.0,13155.0,405141767.0,0.0
MHImain,HKFE,2018-05-16 01:16:00,30850.0,30905.0,30641.0,30835.0,33026.0,1016043279.0,0.0
MHImain,HKFE,2018-05-16 11:31:00,30834.0,31085.0,30774.0,30936.0,38406.0,1188300460.0,0.0
MHImain,HKFE,2018-05-16 17:15:00,30931.0,31080.0,30820.0,31026.0,9017.0,279372535.0,0.0
MHImain,HKFE,2018-05-16 21:16:00,31026.0,31187.0,31013.0,31185.0,9952.0,309618425.0,0.0
MHImain,HKFE,2018-05-17 01:16:00,31185.0,31319.0,30926.0,31014.0,36073.0,1119953298.0,0.0
MHImain,HKFE,2018-05-17 11:31:00,31013.0,31031.0,30820.0,30883.0,24947.0,771053037.0,0.0
MHImain,HKFE,2018-05-17 17:15:00,30885.0,30920.0,30847.0,30882.0,4285.0,132338336.0,0.0
MHImain,HKFE,2018-05-17 21:16:00,30882.0,30992.0,30817.0,30890.0,9247.0,285840001.0,0.0
MHImain,HKFE,2018-05-18 01:16:00,30890.0,30990.0,30782.0,30876.0,29383.0,907162686.0,0.0
MHImain,HKFE,2018-05-18 11:31:00,30879.0,31080.0,30862.0,30895.0,26236.0,812791867.0,0.0
MHImain,HKFE,2018-05-18 17:15:00,30903.0,30937.0,30773.0,30811.0,6185.0,190870531.0,0.0
MHImain,HKFE,2018-05-18 21:16:00,30813.0,30846.0,30746.0,30772.0,9546.0,293982649.0,0.0
MHImain,HKFE,2018-05-19 01:16:00,30772.0,30772.0,30772.0,30772.0,0.0,0.0,0.0
MHImain,HKFE,2018-05-21 01:16:00,31122.0,31408.0,31090.0,31361.0,26299.0,823121703.0,0.0
MHImain,HKFE,2018-05-21 11:31:00,31360.0,31385.0,31150.0,31225.0,23754.0,742264052.0,0.0
MHImain,HKFE,2018-05-21 17:15:00,31232.0,31266.0,31189.0,31230.0,3380.0,105560771.0,0.0
MHImain,HKFE,2018-05-21 21:16:00,31233.0,31288.0,31150.0,31181.0,7568.0,236328886.0,0.0
MHImain,HKFE,2018-05-22 01:16:00,31181.0,31181.0,31181.0,31181.0,0.0,0.0,0.0
MHImain,HKFE,2018-05-23 01:16:00,31120.0,31137.0,30788.0,30842.0,27696.0,856365108.0,0.0
MHImain,HKFE,2018-05-23 11:31:00,30844.0,30869.0,30522.0,30548.0,27178.0,835059752.0,0.0
MHImain,HKFE,2018-05-23 17:15:00,30559.0,30579.0,30485.0,30517.0,4951.0,151188383.0,0.0
MHImain,HKFE,2018-05-23 21:16:00,30519.0,30688.0,30515.0,30667.0,11641.0,356350204.0,0.0
MHImain,HKFE,2018-05-24 01:16:00,30622.0,30750.0,30514.0,30661.0,30334.0,929109908.0,0.0
MHImain,HKFE,2018-05-24 11:31:00,30660.0,30768.0,30548.0,30703.0,24623.0,754750310.0,0.0
MHImain,HKFE,2018-05-24 17:15:00,30701.0,30718.0,30613.0,30621.0,3439.0,105426690.0,0.0
MHImain,HKFE,2018-05-24 21:16:00,30619.0,30684.0,30377.0,30590.0,19335.0,589845916.0,0.0
MHImain,HKFE,2018-05-25 01:16:00,30590.0,30762.0,30564.0,30715.0,29307.0,898251135.0,0.0
MHImain,HKFE,2018-05-25 11:31:00,30713.0,30730.0,30496.0,30651.0,25925.0,793840529.0,0.0
MHImain,HKFE,2018-05-25 17:15:00,30652.0,30665.0,30506.0,30509.0,5031.0,153864341.0,0.0
MHImain,HKFE,2018-05-25 21:16:00,30506.0,30615.0,30485.0,30585.0,9979.0,304937969.0,0.0
MHImain,HKFE,2018-05-26 01:16:00,30585.0,30585.0,30585.0,30585.0,0.0,0.0,0.0
MHImain,HKFE,2018-05-28 01:16:00,30731.0,30824.0,30518.0,30785.0,26185.0,803560254.0,0.0
MHImain,HKFE,2018-05-28 11:31:00,30785.0,30859.0,30703.0,30765.0,18448.0,567938132.0,0.0
MHImain,HKFE,2018-05-28 17:15:00,30765.0,30765.0,30765.0,30765.0,0.0,0.0,0.0
MHImain,HKFE,2018-05-28 21:16:00,30765.0,30765.0,30765.0,30765.0,0.0,0.0,0.0
MHImain,HKFE,2018-05-29 01:16:00,30765.0,30765.0,30509.0,30520.0,21536.0,659409333.0,0.0
MHImain,HKFE,2018-05-29 11:31:00,30523.0,30628.0,30420.0,30426.0,20393.0,622367098.0,0.0
MHImain,HKFE,2018-05-29 17:15:00,30440.0,30488.0,30353.0,30465.0,4985.0,151641263.0,0.0
MHImain,HKFE,2018-05-29 21:16:00,30465.0,30475.0,30167.0,30240.0,7185.0,218133309.0,0.0
MHImain,HKFE,2018-05-30 01:16:00,30240.0,30240.0,29981.0,30085.0,5066.0,152404892.0,0.0
MHImain,HKFE,2018-05-30 11:31:00,30085.0,30102.0,30029.0,30053.0,1441.0,43317269.0,0.0
MHImain,HKFE,2018-05-30 17:15:00,29881.0,29974.0,29847.0,29942.0,5825.0,174298754.0,0.0
MHImain,HKFE,2018-05-30 21:16:00,29944.0,30152.0,29899.0,30145.0,10718.0,321638490.0,0.0
MHImain,HKFE,2018-05-31 01:16:00,30145.0,30191.0,29977.0,30165.0,29285.0,880735909.0,0.0
MHImain,HKFE,2018-05-31 11:31:00,30166.0,30512.0,30120.0,30500.0,28613.0,866656973.0,0.0
MHImain,HKFE,2018-05-31 17:15:00,30491.0,30491.0,30330.0,30364.0,6915.0,210311385.0,0.0
MHImain,HKFE,2018-05-31 21:16:00,30364.0,30388.0,30240.0,30363.0,16055.0,486589447.0,0.0
MHImain,HKFE,2018-06-01 01:16:00,30363.0,30469.0,30278.0,30309.0,30142.0,915573253.0,0.0
MHImain,HKFE,2018-06-01 11:31:00,30309.0,30450.0,30257.0,30393.0,24433.0,741553081.0,0.0
MHImain,HKFE,2018-06-01 17:15:00,30397.0,30449.0,30365.0,30433.0,4800.0,145976424.0,0.0
MHImain,HKFE,2018-06-01 21:16:00,30431.0,30600.0,30418.0,30560.0,11488.0,350595840.0,0.0
MHImain,HKFE,2018-06-02 01:16:00,30560.0,30560.0,30560.0,30560.0,0.0,0.0,0.0
MHImain,HKFE,2018-06-04 01:16:00,30601.0,30869.0,30591.0,30843.0,25571.0,787164100.0,0.0
MHImain,HKFE,2018-06-04 11:31:00,30842.0,30949.0,30784.0,30897.0,22859.0,705771835.0,0.0
MHImain,HKFE,2018-06-04 17:15:00,30906.0,30975.0,30856.0,30894.0,4837.0,149519409.0,0.0
MHImain,HKFE,2018-06-04 21:16:00,30892.0,30936.0,30824.0,30888.0,6762.0,208808193.0,0.0
MHImain,HKFE,2018-06-05 01:16:00,30888.0,30957.0,30808.0,30928.0,25917.0,800293148.0,0.0
MHImain,HKFE,2018-06-05 11:31:00,30929.0,31152.0,30923.0,31056.0,29444.0,913557254.0,0.0
MHImain,HKFE,2018-06-05 17:15:00,31073.0,31106.0,31005.0,31037.0,4475.0,138977074.0,0.0
MHImain,HKFE,2018-06-05 21:16:00,31037.0,31067.0,30947.0,31004.0,6852.0,212436523.0,0.0
MHImain,HKFE,2018-06-06 01:16:00,31004.0,31253.0,31004.0,31134.0,26994.0,841017058.0,0.0
MHImain,HKFE,2018-06-06 11:31:00,31134.0,31276.0,31119.0,31210.0,22297.0,695889360.0,0.0
MHImain,HKFE,2018-06-06 17:15:00,31203.0,31252.0,31188.0,31203.0,3405.0,106321472.0,0.0
MHImain,HKFE,2018-06-06 21:16:00,31204.0,31300.0,31154.0,31299.0,8531.0,266325745.0,0.0
MHImain,HKFE,2018-06-07 01:16:00,31299.0,31518.0,31299.0,31430.0,31611.0,993432731.0,0.0
MHImain,HKFE,2018-06-07 11:31:00,31428.0,31542.0,31378.0,31535.0,22411.0,705128896.0,0.0
MHImain,HKFE,2018-06-07 17:15:00,31513.0,31520.0,31456.0,31469.0,2883.0,90787133.0,0.0
MHImain,HKFE,2018-06-07 21:16:00,31468.0,31494.0,31360.0,31372.0,8485.0,266774690.0,0.0
MHImain,HKFE,2018-06-08 01:16:00,31372.0,31406.0,31076.0,31090.0,28510.0,890481749.0,0.0
MHImain,HKFE,2018-06-08 11:31:00,31090.0,31140.0,30798.0,30843.0,35292.0,1092424634.0,0.0
MHImain,HKFE,2018-06-08 17:15:00,30846.0,30970.0,30816.0,30948.0,5938.0,183500340.0,0.0
MHImain,HKFE,2018-06-08 21:16:00,30950.0,31080.0,30912.0,31045.0,8903.0,275726047.0,0.0
MHImain,HKFE,2018-06-09 01:16:00,31045.0,31045.0,31045.0,31045.0,0.0,0.0,0.0
MHImain,HKFE,2018-06-11 01:16:00,31015.0,31119.0,30834.0,31056.0,30271.0,937770296.0,0.0
MHImain,HKFE,2018-06-11 11:31:00,31056.0,31108.0,30958.0,31043.0,20442.0,634443977.0,0.0
MHImain,HKFE,2018-06-11 17:15:00,31037.0,31043.0,30937.0,31005.0,4003.0,124018442.0,0.0
MHImain,HKFE,2018-06-11 21:16:00,31008.0,31102.0,30992.0,31088.0,6985.0,216808846.0,0.0
MHImain,HKFE,2018-06-12 01:16:00,31088.0,31236.0,30873.0,31153.0,36639.0,1138068490.0,0.0
MHImain,HKFE,2018-06-12 11:31:00,31155.0,31190.0,31020.0,31045.0,21963.0,683483056.0,0.0
MHImain,HKFE,2018-06-12 17:15:00,31029.0,31046.0,30962.0,31021.0,4668.0,144718152.0,0.0
MHImain,HKFE,2018-06-12 21:16:00,31022.0,31039.0,30905.0,30914.0,6758.0,209271852.0,0.0
MHImain,HKFE,2018-06-13 01:16:00,30914.0,31001.0,30867.0,30885.0,22906.0,708460312.0,0.0
MHImain,HKFE,2018-06-13 11:31:00,30884.0,30943.0,30637.0,30744.0,26237.0,807555165.0,0.0
MHImain,HKFE,2018-06-13 17:15:00,30746.0,30823.0,30736.0,30808.0,4187.0,128876598.0,0.0
MHImain,HKFE,2018-06-13 21:16:00,30805.0,30819.0,30715.0,30781.0,6481.0,199376040.0,0.0
MHImain,HKFE,2018-06-14 01:16:00,30781.0,30781.0,30423.0,30489.0,31321.0,957977886.0,0.0
MHImain,HKFE,2018-06-14 11:31:00,30491.0,30518.0,30270.0,30414.0,30409.0,923669840.0,0.0
MHImain,HKFE,2018-06-14 17:15:00,30420.0,30552.0,30415.0,30534.0,5633.0,171735779.0,0.0
MHImain,HKFE,2018-06-14 21:16:00,30536.0,30576.0,30453.0,30489.0,8692.0,265223679.0,0.0
MHImain,HKFE,2018-06-15 01:16:00,30489.0,30489.0,30318.0,30404.0,25839.0,785576166.0,0.0
MHImain,HKFE,2018-06-15 11:31:00,30405.0,30449.0,30220.0,30251.0,30203.0,916290690.0,0.0
MHImain,HKFE,2018-06-15 17:15:00,30271.0,30294.0,30118.0,30133.0,7194.0,217338065.0,0.0
MHImain,HKFE,2018-06-15 21:16:00,30133.0,30170.0,30022.0,30066.0,12612.0,379570113.0,0.0
MHImain,HKFE,2018-06-16 01:16:00,30066.0,30066.0,30066.0,30066.0,0.0,0.0,0.0
MHImain,HKFE,2018-06-19 01:16:00,29870.0,29926.0,29573.0,29604.0,33923.0,1007982816.0,0.0
MHImain,HKFE,2018-06-19 11:31:00,29606.0,29622.0,29266.0,29377.0,42449.0,1249580572.0,0.0
MHImain,HKFE,2018-06-19 17:15:00,29392.0,29482.0,29305.0,29395.0,7273.0,213723377.0,0.0
MHImain,HKFE,2018-06-19 21:16:00,29392.0,29538.0,29329.0,29499.0,15761.0,463896387.0,0.0
MHImain,HKFE,2018-06-20 01:16:00,29499.0,29564.0,29344.0,29484.0,34516.0,1016693469.0,0.0
MHImain,HKFE,2018-06-20 11:31:00,29484.0,29969.0,29468.0,29667.0,45158.0,1342938164.0,0.0
MHImain,HKFE,2018-06-20 17:15:00,29683.0,29726.0,29587.0,29710.0,5134.0,152324098.0,0.0
MHImain,HKFE,2018-06-20 21:16:00,29708.0,29718.0,29525.0,29686.0,11355.0,336332014.0,0.0
MHImain,HKFE,2018-06-21 01:16:00,29686.0,29859.0,29504.0,29560.0,34189.0,1016317832.0,0.0
MHImain,HKFE,2018-06-21 11:31:00,29560.0,29572.0,29234.0,29307.0,44661.0,1312270846.0,0.0
MHImain,HKFE,2018-06-21 17:15:00,29278.0,29291.0,29117.0,29277.0,10430.0,304413373.0,0.0
MHImain,HKFE,2018-06-21 21:16:00,29279.0,29286.0,29007.0,29011.0,14428.0,419849816.0,0.0
MHImain,HKFE,2018-06-22 01:16:00,29050.0,29309.0,29050.0,29221.0,38911.0,1134754046.0,0.0
MHImain,HKFE,2018-06-22 11:31:00,29221.0,29427.0,29137.0,29355.0,38452.0,1126728012.0,0.0
MHImain,HKFE,2018-06-22 17:15:00,29358.0,29422.0,29343.0,29417.0,3264.0,95915772.0,0.0
MHImain,HKFE,2018-06-22 21:16:00,29413.0,29437.0,29294.0,29390.0,10010.0,293825656.0,0.0
MHImain,HKFE,2018-06-23 01:16:00,29390.0,29390.0,29390.0,29390.0,0.0,0.0,0.0
MHImain,HKFE,2018-06-25 01:16:00,29420.0,29454.0,29098.0,29157.0,34837.0,1018579904.0,0.0
MHImain,HKFE,2018-06-25 11:31:00,29158.0,29240.0,28865.0,28957.0,40273.0,1168652895.0,0.0
MHImain,HKFE,2018-06-25 17:15:00,28945.0,28975.0,28874.0,28927.0,5974.0,172761249.0,0.0
MHImain,HKFE,2018-06-25 21:16:00,28928.0,28980.0,28647.0,28743.0,16847.0,485380347.0,0.0
MHImain,HKFE,2018-06-26 01:16:00,28743.0,28958.0,28476.0,28754.0,45291.0,1299212638.0,0.0
MHImain,HKFE,2018-06-26 11:31:00,28752.0,29031.0,28751.0,28944.0,44598.0,1288840526.0,0.0
MHImain,HKFE,2018-06-26 17:15:00,28940.0,28960.0,28839.0,28919.0,5598.0,161711619.0,0.0
MHImain,HKFE,2018-06-26 21:16:00,28918.0,28958.0,28822.0,28940.0,11308.0,326688701.0,0.0
MHImain,HKFE,2018-06-27 01:16:00,28940.0,29047.0,28664.0,28770.0,34048.0,981231307.0,0.0
MHImain,HKFE,2018-06-27 11:31:00,28774.0,28779.0,28275.0,28370.0,41325.0,1179529947.0,0.0
MHImain,HKFE,2018-06-27 17:15:00,28371.0,28585.0,28338.0,28561.0,7865.0,223894648.0,0.0
MHImain,HKFE,2018-06-27 21:16:00,28561.0,28700.0,28463.0,28520.0,8710.0,249002954.0,0.0
MHImain,HKFE,2018-06-28 01:16:00,28520.0,28525.0,28304.0,28483.0,6671.0,189572209.0,0.0
MHImain,HKFE,2018-06-28 11:31:00,28492.0,28520.0,28365.0,28399.0,2108.0,59930762.0,0.0
MHImain,HKFE,2018-06-28 17:15:00,28256.0,28342.0,28119.0,28164.0,11113.0,313591771.0,0.0
MHImain,HKFE,2018-06-28 21:16:00,28164.0,28308.0,28136.0,28304.0,16777.0,473349000.0,0.0
MHImain,HKFE,2018-06-29 01:16:00,28304.0,28700.0,28250.0,28626.0,39626.0,1128652870.0,0.0
MHImain,HKFE,2018-06-29 11:31:00,28627.0,28765.0,28585.0,28725.0,33128.0,950751096.0,0.0
MHImain,HKFE,2018-06-29 17:15:00,28735.0,28753.0,28600.0,28618.0,8270.0,237134575.0,0.0
MHImain,HKFE,2018-06-29 21:16:00,28620.0,28708.0,28576.0,28646.0,10470.0,299940653.0,0.0
MHImain,HKFE,2018-06-30 01:16:00,28646.0,28646.0,28646.0,28646.0,0.0,0.0,0.0
MHImain,HKFE,2018-07-03 01:16:00,28405.0,28450.0,27777.0,27942.0,57520.0,1610039700.0,0.0
MHImain,HKFE,2018-07-03 11:31:00,27943.0,28426.0,27850.0,28320.0,56487.0,1592761117.0,0.0
MHImain,HKFE,2018-07-03 17:15:00,28330.0,28486.0,28324.0,28440.0,6001.0,170572855.0,0.0
MHImain,HKFE,2018-07-03 21:16:00,28440.0,28443.0,28161.0,28188.0,10650.0,301928615.0,0.0
MHImain,HKFE,2018-07-04 01:16:00,28188.0,28444.0,27944.0,28063.0,51199.0,1445409422.0,0.0
MHImain,HKFE,2018-07-04 11:31:00,28061.0,28153.0,27927.0,28046.0,39498.0,1107576261.0,0.0
MHImain,HKFE,2018-07-04 17:15:00,28045.0,28102.0,28011.0,28012.0,3138.0,88042810.0,0.0
MHImain,HKFE,2018-07-04 21:16:00,28012.0,28082.0,27962.0,28071.0,4519.0,126559181.0,0.0
MHImain,HKFE,2018-07-05 01:16:00,28071.0,28259.0,27907.0,27942.0,50399.0,1416237762.0,0.0
MHImain,HKFE,2018-07-05 11:31:00,27944.0,28245.0,27720.0,28200.0,56096.0,1567199115.0,0.0
MHImain,HKFE,2018-07-05 17:15:00,28200.0,28340.0,28134.0,28245.0,9622.0,271911740.0,0.0
MHImain,HKFE,2018-07-05 21:16:00,28246.0,28267.0,28028.0,28215.0,14710.0,413955684.0,0.0
MHImain,HKFE,2018-07-06 01:16:00,28215.0,28246.0,27822.0,28005.0,50449.0,1414598627.0,0.0
MHImain,HKFE,2018-07-06 11:31:00,28003.0,28493.0,27931.0,28215.0,61096.0,1726836435.0,0.0
MHImain,HKFE,2018-07-06 17:15:00,28224.0,28244.0,28090.0,28178.0,8632.0,243085451.0,0.0
MHImain,HKFE,2018-07-06 21:16:00,28179.0,28511.0,28169.0,28511.0,16113.0,456819629.0,0.0
MHImain,HKFE,2018-07-07 01:16:00,28511.0,28511.0,28511.0,28511.0,0.0,0.0,0.0
MHImain,HKFE,2018-07-09 01:16:00,28664.0,28848.0,28534.0,28790.0,37611.0,1080851788.0,0.0
MHImain,HKFE,2018-07-09 11:31:00,28788.0,28843.0,28674.0,28725.0,30629.0,881140824.0,0.0
MHImain,HKFE,2018-07-09 17:15:00,28740.0,28757.0,28696.0,28739.0,3346.0,96146295.0,0.0
MHImain,HKFE,2018-07-09 21:16:00,28744.0,28855.0,28705.0,28838.0,9543.0,274656451.0,0.0
MHImain,HKFE,2018-07-10 01:16:00,28838.0,29010.0,28745.0,28865.0,36137.0,1043699918.0,0.0
MHImain,HKFE,2018-07-10 11:31:00,28864.0,28887.0,28561.0,28649.0,37118.0,1067811387.0,0.0
MHImain,HKFE,2018-07-10 17:15:00,28660.0,28677.0,28591.0,28652.0,4478.0,128257051.0,0.0
MHImain,HKFE,2018-07-10 21:16:00,28651.0,28698.0,28611.0,28614.0,7485.0,214527410.0,0.0
MHImain,HKFE,2018-07-11 01:16:00,28614.0,28614.0,27893.0,28242.0,49133.0,1383580483.0,0.0
MHImain,HKFE,2018-07-11 11:31:00,28243.0,28316.0,28130.0,28280.0,37461.0,1057533633.0,0.0
MHImain,HKFE,2018-07-11 17:15:00,28305.0,28329.0,28237.0,28280.0,6060.0,171402176.0,0.0
MHImain,HKFE,2018-07-11 21:16:00,28279.0,28363.0,28209.0,28217.0,10060.0,284654995.0,0.0
MHImain,HKFE,2018-07-12 01:16:00,28217.0,28520.0,28161.0,28475.0,34160.0,969322032.0,0.0
MHImain,HKFE,2018-07-12 11:31:00,28473.0,28632.0,28455.0,28493.0,32217.0,919522931.0,0.0
MHImain,HKFE,2018-07-12 17:15:00,28501.0,28559.0,28471.0,28548.0,3911.0,111558239.0,0.0
MHImain,HKFE,2018-07-12 21:16:00,28547.0,28626.0,28461.0,28625.0,7807.0,222793097.0,0.0
MHImain,HKFE,2018-07-13 01:16:00,28625.0,28769.0,28551.0,28634.0,30523.0,874224038.0,0.0
MHImain,HKFE,2018-07-13 11:31:00,28636.0,28667.0,28477.0,28564.0,26107.0,745888545.0,0.0
MHImain,HKFE,2018-07-13 17:15:00,28565.0,28565.0,28312.0,28473.0,9636.0,273701609.0,0.0
MHImain,HKFE,2018-07-13 21:16:00,28474.0,28614.0,28445.0,28600.0,9952.0,283941528.0,0.0
MHImain,HKFE,2018-07-14 01:16:00,28600.0,28600.0,28600.0,28600.0,0.0,0.0,0.0
MHImain,HKFE,2018-07-16 01:16:00,28605.0,28701.0,28300.0,28538.0,39661.0,1129088144.0,0.0
MHImain,HKFE,2018-07-16 11:31:00,28538.0,28558.0,28384.0,28506.0,27225.0,775253262.0,0.0
MHImain,HKFE,2018-07-16 17:15:00,28527.0,28535.0,28437.0,28465.0,3393.0,96657180.0,0.0
MHImain,HKFE,2018-07-16 21:16:00,28465.0,28498.0,28392.0,28424.0,6866.0,195292279.0,0.0
MHImain,HKFE,2018-07-17 01:16:00,28424.0,28473.0,28191.0,28280.0,33865.0,958550993.0,0.0
MHImain,HKFE,2018-07-17 11:31:00,28279.0,28299.0,28122.0,28195.0,28946.0,816154593.0,0.0
MHImain,HKFE,2018-07-17 17:15:00,28190.0,28246.0,28138.0,28154.0,4487.0,126460664.0,0.0
MHImain,HKFE,2018-07-17 21:16:00,28155.0,28351.0,28105.0,28320.0,9647.0,272279241.0,0.0
MHImain,HKFE,2018-07-18 01:16:00,28320.0,28409.0,28190.0,28266.0,32388.0,916418515.0,0.0
MHImain,HKFE,2018-07-18 11:31:00,28263.0,28279.0,28013.0,28079.0,35309.0,993028521.0,0.0
MHImain,HKFE,2018-07-18 17:15:00,28082.0,28112.0,28015.0,28083.0,3897.0,109365724.0,0.0
MHImain,HKFE,2018-07-18 21:16:00,28083.0,28213.0,28033.0,28204.0,8793.0,247204126.0,0.0
MHImain,HKFE,2018-07-19 01:16:00,28204.0,28314.0,28050.0,28086.0,36036.0,1015994538.0,0.0
MHImain,HKFE,2018-07-19 11:31:00,28083.0,28128.0,27953.0,28041.0,32004.0,897608490.0,0.0
MHImain,HKFE,2018-07-19 17:15:00,28043.0,28043.0,27917.0,27961.0,5483.0,153314002.0,0.0
MHImain,HKFE,2018-07-19 21:16:00,27962.0,28015.0,27844.0,27922.0,11570.0,323086505.0,0.0
MHImain,HKFE,2018-07-20 01:16:00,27922.0,28097.0,27732.0,27854.0,46169.0,1287535791.0,0.0
MHImain,HKFE,2018-07-20 11:31:00,27855.0,28298.0,27825.0,28230.0,49096.0,1380453857.0,0.0
MHImain,HKFE,2018-07-20 17:15:00,28225.0,28273.0,28021.0,28122.0,13354.0,375754225.0,0.0
MHImain,HKFE,2018-07-20 21:16:00,28123.0,28338.0,28111.0,28306.0,11192.0,316098873.0,0.0
MHImain,HKFE,2018-07-23 01:16:00,28181.0,28381.0,28061.0,28167.0,41757.0,1177844237.0,0.0
MHImain,HKFE,2018-07-23 11:31:00,28171.0,28322.0,28165.0,28210.0,34783.0,982228025.0,0.0
MHImain,HKFE,2018-07-23 17:15:00,28206.0,28253.0,28165.0,28221.0,4278.0,120692047.0,0.0
MHImain,HKFE,2018-07-23 21:16:00,28222.0,28270.0,28191.0,28255.0,6929.0,195649214.0,0.0
MHImain,HKFE,2018-07-24 01:16:00,28255.0,28683.0,28214.0,28657.0,38473.0,1096361184.0,0.0
MHImain,HKFE,2018-07-24 11:31:00,28659.0,28711.0,28582.0,28646.0,23874.0,683927823.0,0.0
MHImain,HKFE,2018-07-24 17:15:00,28649.0,28842.0,28649.0,28821.0,6821.0,196246698.0,0.0
MHImain,HKFE,2018-07-24 21:16:00,28821.0,28943.0,28808.0,28885.0,10260.0,296311110.0,0.0
MHImain,HKFE,2018-07-25 01:16:00,28885.0,28905.0,28748.0,28898.0,32796.0,945538540.0,0.0
MHImain,HKFE,2018-07-25 11:31:00,28896.0,28974.0,28821.0,28910.0,23017.0,665150470.0,0.0
MHImain,HKFE,2018-07-25 17:15:00,28926.0,28966.0,28881.0,28929.0,4524.0,130847658.0,0.0
MHImain,HKFE,2018-07-25 21:16:00,28930.0,29000.0,28878.0,28984.0,8752.0,253299125.0,0.0
MHImain,HKFE,2018-07-26 01:16:00,28984.0,29113.0,28725.0,28739.0,37400.0,1080521152.0,0.0
MHImain,HKFE,2018-07-26 11:31:00,28740.0,28780.0,28615.0,28739.0,30209.0,867166740.0,0.0
MHImain,HKFE,2018-07-26 17:15:00,28740.0,28788.0,28728.0,28757.0,3155.0,90708996.0,0.0
MHImain,HKFE,2018-07-26 21:16:00,28756.0,28821.0,28688.0,28703.0,8026.0,230851469.0,0.0
MHImain,HKFE,2018-07-27 01:16:00,28703.0,28836.0,28588.0,28768.0,29502.0,846514405.0,0.0
MHImain,HKFE,2018-07-27 11:31:00,28765.0,28819.0,28696.0,28729.0,16418.0,472105693.0,0.0
MHImain,HKFE,2018-07-27 17:15:00,28720.0,28766.0,28684.0,28761.0,2174.0,62440603.0,0.0
MHImain,HKFE,2018-07-27 21:16:00,28755.0,28829.0,28640.0,28648.0,5447.0,156737837.0,0.0
MHImain,HKFE,2018-07-28 01:16:00,28648.0,28648.0,28648.0,28648.0,0.0,0.0,0.0
MHImain,HKFE,2018-07-30 01:16:00,28611.0,28838.0,28561.0,28643.0,6163.0,176822012.0,0.0
MHImain,HKFE,2018-07-30 11:31:00,28640.0,28652.0,28611.0,28644.0,1634.0,46784566.0,0.0
MHImain,HKFE,2018-07-30 17:15:00,28679.0,28747.0,28670.0,28734.0,3306.0,94920299.0,0.0
MHImain,HKFE,2018-07-30 21:16:00,28734.0,28795.0,28599.0,28639.0,8548.0,245405131.0,0.0
MHImain,HKFE,2018-07-31 01:16:00,28639.0,28668.0,28501.0,28553.0,27448.0,784527591.0,0.0
MHImain,HKFE,2018-07-31 11:31:00,28554.0,28645.0,28423.0,28434.0,26118.0,745520932.0,0.0
MHImain,HKFE,2018-07-31 17:15:00,28440.0,28526.0,28440.0,28450.0,5023.0,143037000.0,0.0
MHImain,HKFE,2018-07-31 21:16:00,28444.0,28827.0,28437.0,28798.0,15389.0,440436552.0,0.0
MHImain,HKFE,2018-08-01 01:16:00,28798.0,28798.0,28450.0,28487.0,32179.0,920298328.0,0.0
MHImain,HKFE,2018-08-01 11:31:00,28487.0,28572.0,28162.0,28288.0,37994.0,1077980045.0,0.0
MHImain,HKFE,2018-08-01 17:15:00,28280.0,28280.0,28225.0,28255.0,4436.0,125341633.0,0.0
MHImain,HKFE,2018-08-01 21:16:00,28255.0,28334.0,28119.0,28149.0,11020.0,311188652.0,0.0
MHImain,HKFE,2018-08-02 01:16:00,28149.0,28200.0,27763.0,27781.0,37633.0,1052003039.0,0.0
MHImain,HKFE,2018-08-02 11:31:00,27780.0,27785.0,27501.0,27604.0,47210.0,1304241232.0,0.0
MHImain,HKFE,2018-08-02 17:15:00,27580.0,27584.0,27443.0,27480.0,8525.0,234470876.0,0.0
MHImain,HKFE,2018-08-02 21:16:00,27481.0,27758.0,27479.0,27702.0,13542.0,374153345.0,0.0
MHImain,HKFE,2018-08-03 01:16:00,27702.0,27737.0,27527.0,27651.0,35164.0,971293732.0,0.0
MHImain,HKFE,2018-08-03 11:31:00,27651.0,27680.0,27540.0,27607.0,23246.0,641772283.0,0.0
MHImain,HKFE,2018-08-03 17:15:00,27617.0,27937.0,27611.0,27765.0,12415.0,344810502.0,0.0
MHImain,HKFE,2018-08-03 21:16:00,27766.0,27863.0,27737.0,27808.0,8667.0,241016382.0,0.0
MHImain,HKFE,2018-08-04 01:16:00,27808.0,27808.0,27808.0,27808.0,0.0,0.0,0.0
MHImain,HKFE,2018-08-06 01:16:00,27831.0,28016.0,27694.0,27827.0,35721.0,995916067.0,0.0
MHImain,HKFE,2018-08-06 11:31:00,27827.0,27827.0,27630.0,27734.0,33590.0,931640818.0,0.0
MHImain,HKFE,2018-08-06 17:15:00,27725.0,27807.0,27706.0,27771.0,5171.0,143572087.0,0.0
MHImain,HKFE,2018-08-06 21:16:00,27774.0,27840.0,27700.0,27838.0,7246.0,201161866.0,0.0
MHImain,HKFE,2018-08-07 01:16:00,27838.0,27998.0,27770.0,27979.0,34783.0,970260257.0,0.0
MHImain,HKFE,2018-08-07 11:31:00,27980.0,28234.0,27955.0,28202.0,34076.0,957844528.0,0.0
MHImain,HKFE,2018-08-07 17:15:00,28218.0,28266.0,28175.0,28256.0,3948.0,111397402.0,0.0
MHImain,HKFE,2018-08-07 21:16:00,28257.0,28355.0,28243.0,28335.0,8668.0,245349634.0,0.0
MHImain,HKFE,2018-08-08 01:16:00,28335.0,28374.0,28142.0,28247.0,34884.0,984985483.0,0.0
MHImain,HKFE,2018-08-08 11:31:00,28244.0,28337.0,28150.0,28238.0,29829.0,842427767.0,0.0
MHImain,HKFE,2018-08-08 17:15:00,28235.0,28246.0,28082.0,28131.0,5711.0,160869240.0,0.0
MHImain,HKFE,2018-08-08 21:16:00,28130.0,28225.0,28060.0,28164.0,10485.0,295097916.0,0.0
MHImain,HKFE,2018-08-09 01:16:00,28164.0,28558.0,28085.0,28536.0,41014.0,1161751945.0,0.0
MHImain,HKFE,2018-08-09 11:31:00,28537.0,28659.0,28471.0,28531.0,29462.0,841583108.0,0.0
MHImain,HKFE,2018-08-09 17:15:00,28530.0,28618.0,28530.0,28590.0,5230.0,149440510.0,0.0
MHImain,HKFE,2018-08-09 21:16:00,28589.0,28646.0,28548.0,28584.0,6180.0,176729751.0,0.0
MHImain,HKFE,2018-08-10 01:16:00,28584.0,28584.0,28363.0,28398.0,32704.0,931124714.0,0.0
MHImain,HKFE,2018-08-10 11:31:00,28399.0,28411.0,28174.0,28218.0,30379.0,858379956.0,0.0
MHImain,HKFE,2018-08-10 17:15:00,28227.0,28265.0,28076.0,28085.0,9458.0,266258382.0,0.0
MHImain,HKFE,2018-08-10 21:16:00,28085.0,28133.0,27976.0,28016.0,14106.0,395570312.0,0.0
MHImain,HKFE,2018-08-11 01:16:00,28016.0,28016.0,28016.0,28016.0,0.0,0.0,0.0
MHImain,HKFE,2018-08-13 01:16:00,27833.0,27909.0,27718.0,27778.0,32733.0,909978487.0,0.0
MHImain,HKFE,2018-08-13 11:31:00,27777.0,28006.0,27704.0,27873.0,32863.0,914790344.0,0.0
MHImain,HKFE,2018-08-13 17:15:00,27878.0,27975.0,27812.0,27975.0,8219.0,229251394.0,0.0
MHImain,HKFE,2018-08-13 21:16:00,27973.0,28021.0,27748.0,27768.0,11395.0,318072930.0,0.0
MHImain,HKFE,2018-08-14 01:16:00,27768.0,27891.0,27509.0,27573.0,36491.0,1010458299.0,0.0
MHImain,HKFE,2018-08-14 11:31:00,27574.0,27723.0,27445.0,27636.0,37834.0,1043833778.0,0.0
MHImain,HKFE,2018-08-14 17:15:00,27643.0,27673.0,27583.0,27619.0,5990.0,165550908.0,0.0
MHImain,HKFE,2018-08-14 21:16:00,27619.0,27727.0,27584.0,27714.0,10795.0,298653776.0,0.0
MHImain,HKFE,2018-08-15 01:16:00,27714.0,27714.0,27214.0,27239.0,42793.0,1170672213.0,0.0
MHImain,HKFE,2018-08-15 11:31:00,27240.0,27274.0,27150.0,27225.0,34310.0,933664222.0,0.0
MHImain,HKFE,2018-08-15 17:15:00,27220.0,27251.0,26644.0,26752.0,26469.0,710963925.0,0.0
MHImain,HKFE,2018-08-15 21:16:00,26753.0,26934.0,26655.0,26868.0,17512.0,468871772.0,0.0
MHImain,HKFE,2018-08-16 01:16:00,26868.0,27365.0,26775.0,27059.0,54239.0,1470288096.0,0.0
MHImain,HKFE,2018-08-16 11:31:00,27061.0,27241.0,26938.0,27039.0,39231.0,1062930613.0,0.0
MHImain,HKFE,2018-08-16 17:15:00,27055.0,27160.0,27038.0,27135.0,6324.0,171437325.0,0.0
MHImain,HKFE,2018-08-16 21:16:00,27135.0,27317.0,27132.0,27184.0,10558.0,287175837.0,0.0
MHImain,HKFE,2018-08-17 01:16:00,27184.0,27333.0,27084.0,27116.0,36935.0,1004817243.0,0.0
MHImain,HKFE,2018-08-17 11:31:00,27114.0,27196.0,27005.0,27137.0,26320.0,713563460.0,0.0
MHImain,HKFE,2018-08-17 17:15:00,27138.0,27138.0,26875.0,26932.0,11134.0,300263329.0,0.0
MHImain,HKFE,2018-08-17 21:16:00,26932.0,27150.0,26897.0,27043.0,13347.0,360456304.0,0.0
MHImain,HKFE,2018-08-20 01:16:00,27197.0,27503.0,27139.0,27341.0,43837.0,1197887282.0,0.0
MHImain,HKFE,2018-08-20 11:31:00,27341.0,27555.0,27306.0,27520.0,31658.0,868673493.0,0.0
MHImain,HKFE,2018-08-20 17:15:00,27514.0,27544.0,27432.0,27460.0,5581.0,153374130.0,0.0
MHImain,HKFE,2018-08-20 21:16:00,27460.0,27533.0,27435.0,27467.0,8285.0,227656114.0,0.0
MHImain,HKFE,2018-08-21 01:16:00,27467.0,27700.0,27437.0,27648.0,38785.0,1069626522.0,0.0
MHImain,HKFE,2018-08-21 11:31:00,27647.0,27698.0,27586.0,27630.0,22943.0,634399956.0,0.0
MHImain,HKFE,2018-08-21 17:15:00,27650.0,27686.0,27629.0,27685.0,2890.0,79926986.0,0.0
MHImain,HKFE,2018-08-21 21:16:00,27683.0,27792.0,27672.0,27780.0,8130.0,225382022.0,0.0
MHImain,HKFE,2018-08-22 01:16:00,27780.0,27854.0,27499.0,27821.0,42490.0,1176020485.0,0.0
MHImain,HKFE,2018-08-22 11:31:00,27823.0,27906.0,27697.0,27857.0,30132.0,837859079.0,0.0
MHImain,HKFE,2018-08-22 17:15:00,27868.0,27980.0,27849.0,27945.0,6951.0,194130071.0,0.0
MHImain,HKFE,2018-08-22 21:16:00,27945.0,27972.0,27897.0,27915.0,8026.0,224182377.0,0.0
MHImain,HKFE,2018-08-23 01:16:00,27915.0,27981.0,27603.0,27609.0,40781.0,1131710865.0,0.0
MHImain,HKFE,2018-08-23 11:31:00,27609.0,27812.0,27580.0,27695.0,32126.0,890152505.0,0.0
MHImain,HKFE,2018-08-23 17:15:00,27696.0,27734.0,27682.0,27699.0,3036.0,84128036.0,0.0
MHImain,HKFE,2018-08-23 21:16:00,27699.0,27748.0,27488.0,27596.0,11945.0,329951686.0,0.0
MHImain,HKFE,2018-08-24 01:16:00,27596.0,27612.0,27447.0,27542.0,35404.0,974449110.0,0.0
MHImain,HKFE,2018-08-24 11:31:00,27542.0,27782.0,27526.0,27591.0,32695.0,903716970.0,0.0
MHImain,HKFE,2018-08-24 17:15:00,27570.0,27720.0,27519.0,27711.0,6966.0,192448731.0,0.0
MHImain,HKFE,2018-08-24 21:16:00,27713.0,27898.0,27690.0,27868.0,10644.0,295890261.0,0.0
MHImain,HKFE,2018-08-25 01:16:00,27868.0,27868.0,27868.0,27868.0,0.0,0.0,0.0
MHImain,HKFE,2018-08-27 01:16:00,27945.0,28226.0,27899.0,28190.0,33378.0,935650889.0,0.0
MHImain,HKFE,2018-08-27 11:31:00,28187.0,28274.0,28179.0,28254.0,19550.0,551806401.0,0.0
MHImain,HKFE,2018-08-27 17:15:00,28255.0,28340.0,28238.0,28331.0,4439.0,125567238.0,0.0
MHImain,HKFE,2018-08-27 21:16:00,28332.0,28516.0,28330.0,28460.0,10768.0,306250359.0,0.0
MHImain,HKFE,2018-08-28 01:16:00,28460.0,28549.0,28271.0,28355.0,32419.0,921136555.0,0.0
MHImain,HKFE,2018-08-28 11:31:00,28355.0,28356.0,28201.0,28292.0,19988.0,565446193.0,0.0
MHImain,HKFE,2018-08-28 17:15:00,28286.0,28342.0,28246.0,28339.0,3489.0,98752099.0,0.0
MHImain,HKFE,2018-08-28 21:16:00,28337.0,28351.0,28188.0,28217.0,6184.0,174817189.0,0.0
MHImain,HKFE,2018-08-29 01:16:00,28217.0,28474.0,28217.0,28361.0,22594.0,640546876.0,0.0
MHImain,HKFE,2018-08-29 11:31:00,28362.0,28421.0,28290.0,28345.0,15911.0,451173090.0,0.0
MHImain,HKFE,2018-08-29 17:15:00,28335.0,28359.0,28276.0,28305.0,2783.0,78776010.0,0.0
MHImain,HKFE,2018-08-29 21:16:00,28306.0,28533.0,28283.0,28512.0,5374.0,152645257.0,0.0
MHImain,HKFE,2018-08-30 01:16:00,28512.0,28573.0,28235.0,28257.0,5045.0,143152556.0,0.0
MHImain,HKFE,2018-08-30 11:31:00,28258.0,28287.0,28228.0,28240.0,1392.0,39323621.0,0.0
MHImain,HKFE,2018-08-30 17:15:00,28070.0,28070.0,27934.0,27989.0,9126.0,255531285.0,0.0
MHImain,HKFE,2018-08-30 21:16:00,27985.0,28000.0,27786.0,27841.0,13254.0,369737859.0,0.0
MHImain,HKFE,2018-08-31 01:16:00,27841.0,27841.0,27635.0,27791.0,32676.0,905734946.0,0.0
MHImain,HKFE,2018-08-31 11:31:00,27789.0,27883.0,27686.0,27757.0,25852.0,718619157.0,0.0
MHImain,HKFE,2018-08-31 17:15:00,27782.0,27782.0,27655.0,27679.0,5491.0,152117625.0,0.0
MHImain,HKFE,2018-08-31 21:16:00,27679.0,27860.0,27559.0,27608.0,14959.0,414452489.0,0.0
MHImain,HKFE,2018-09-01 01:16:00,27608.0,27608.0,27608.0,27608.0,0.0,0.0,0.0
MHImain,HKFE,2018-09-03 01:16:00,27650.0,27787.0,27516.0,27544.0,31463.0,870017047.0,0.0
MHImain,HKFE,2018-09-03 11:31:00,27545.0,27701.0,27528.0,27642.0,22057.0,609007761.0,0.0
MHImain,HKFE,2018-09-03 17:15:00,27654.0,27690.0,27597.0,27620.0,4099.0,113317464.0,0.0
MHImain,HKFE,2018-09-03 21:16:00,27621.0,27720.0,27610.0,27690.0,4921.0,136155049.0,0.0
MHImain,HKFE,2018-09-04 01:16:00,27690.0,27749.0,27452.0,27614.0,36775.0,1015406874.0,0.0
MHImain,HKFE,2018-09-04 11:31:00,27614.0,27950.0,27612.0,27885.0,34050.0,947880522.0,0.0
MHImain,HKFE,2018-09-04 17:15:00,27870.0,27870.0,27679.0,27703.0,9811.0,272358091.0,0.0
MHImain,HKFE,2018-09-04 21:16:00,27704.0,27729.0,27590.0,27633.0,13754.0,380287434.0,0.0
MHImain,HKFE,2018-09-05 01:16:00,27633.0,27818.0,27406.0,27413.0,37961.0,1048121920.0,0.0
MHImain,HKFE,2018-09-05 11:31:00,27414.0,27457.0,27100.0,27100.0,42478.0,1158088156.0,0.0
MHImain,HKFE,2018-09-05 17:15:00,27112.0,27162.0,27068.0,27136.0,6827.0,185108070.0,0.0
MHImain,HKFE,2018-09-05 21:16:00,27133.0,27178.0,26941.0,27079.0,17584.0,475677113.0,0.0
MHImain,HKFE,2018-09-06 01:16:00,27079.0,27223.0,26961.0,27064.0,39541.0,1072124736.0,0.0
MHImain,HKFE,2018-09-06 11:31:00,27063.0,27074.0,26768.0,26985.0,41151.0,1106513817.0,0.0
MHImain,HKFE,2018-09-06 17:15:00,26987.0,27109.0,26941.0,27049.0,11052.0,298652134.0,0.0
MHImain,HKFE,2018-09-06 21:16:00,27050.0,27123.0,26805.0,26808.0,18749.0,505477955.0,0.0
MHImain,HKFE,2018-09-07 01:16:00,26808.0,27163.0,26702.0,26704.0,45244.0,1218979337.0,0.0
MHImain,HKFE,2018-09-07 11:31:00,26704.0,26974.0,26582.0,26843.0,45066.0,1208880920.0,0.0
MHImain,HKFE,2018-09-07 17:15:00,26837.0,26890.0,26530.0,26616.0,13307.0,355378109.0,0.0
MHImain,HKFE,2018-09-07 21:16:00,26617.0,26883.0,26566.0,26684.0,20521.0,548821611.0,0.0
MHImain,HKFE,2018-09-08 01:16:00,26684.0,26684.0,26684.0,26684.0,0.0,0.0,0.0
MHImain,HKFE,2018-09-10 01:16:00,26728.0,26840.0,26511.0,26627.0,40502.0,1079572007.0,0.0
MHImain,HKFE,2018-09-10 11:31:00,26627.0,26705.0,26357.0,26632.0,38207.0,1014487916.0,0.0
MHImain,HKFE,2018-09-10 17:15:00,26638.0,26709.0,26625.0,26691.0,6769.0,180488947.0,0.0
MHImain,HKFE,2018-09-10 21:16:00,26690.0,26690.0,26480.0,26500.0,15139.0,402174347.0,0.0
MHImain,HKFE,2018-09-11 01:16:00,26500.0,26660.0,26396.0,26592.0,47151.0,1250692523.0,0.0
MHImain,HKFE,2018-09-11 11:31:00,26592.0,26624.0,26290.0,26309.0,39492.0,1044078459.0,0.0
MHImain,HKFE,2018-09-11 17:15:00,26300.0,26300.0,26020.0,26101.0,13470.0,351599426.0,0.0
MHImain,HKFE,2018-09-11 21:16:00,26102.0,26350.0,26066.0,26330.0,19547.0,512569440.0,0.0
MHImain,HKFE,2018-09-12 01:16:00,26330.0,26390.0,26171.0,26269.0,46880.0,1231632585.0,0.0
MHImain,HKFE,2018-09-12 11:31:00,26269.0,26436.0,26195.0,26346.0,41342.0,1088014335.0,0.0
MHImain,HKFE,2018-09-12 17:15:00,26333.0,26335.0,26223.0,26285.0,7764.0,204019497.0,0.0
MHImain,HKFE,2018-09-12 21:16:00,26286.0,26760.0,26262.0,26724.0,33069.0,876739346.0,0.0
MHImain,HKFE,2018-09-13 01:16:00,26724.0,26905.0,26651.0,26696.0,42584.0,1139802479.0,0.0
MHImain,HKFE,2018-09-13 11:31:00,26696.0,27041.0,26605.0,26989.0,42360.0,1135810524.0,0.0
MHImain,HKFE,2018-09-13 17:15:00,27001.0,27202.0,26959.0,27186.0,11158.0,302107421.0,0.0
MHImain,HKFE,2018-09-13 21:16:00,27187.0,27334.0,27077.0,27239.0,26436.0,719146470.0,0.0
MHImain,HKFE,2018-09-14 01:16:00,27239.0,27318.0,27004.0,27221.0,42800.0,1162774773.0,0.0
MHImain,HKFE,2018-09-14 11:31:00,27221.0,27345.0,27169.0,27247.0,31438.0,857203064.0,0.0
MHImain,HKFE,2018-09-14 17:15:00,27252.0,27280.0,27160.0,27187.0,6600.0,179655455.0,0.0
MHImain,HKFE,2018-09-14 21:16:00,27185.0,27249.0,26931.0,26936.0,20276.0,549687783.0,0.0
MHImain,HKFE,2018-09-17 01:16:00,26899.0,27032.0,26711.0,26758.0,36660.0,984627523.0,0.0
MHImain,HKFE,2018-09-17 11:31:00,26758.0,26984.0,26748.0,26880.0,34986.0,940331725.0,0.0
MHImain,HKFE,2018-09-17 17:15:00,26855.0,26926.0,26823.0,26908.0,6671.0,179251493.0,0.0
MHImain,HKFE,2018-09-17 21:16:00,26907.0,27011.0,26885.0,26928.0,14608.0,393711241.0,0.0
MHImain,HKFE,2018-09-18 01:16:00,26928.0,26928.0,26605.0,26706.0,47479.0,1268929408.0,0.0
MHImain,HKFE,2018-09-18 11:31:00,26705.0,27169.0,26660.0,27029.0,54132.0,1459695294.0,0.0
MHImain,HKFE,2018-09-18 17:15:00,27068.0,27118.0,27017.0,27048.0,7371.0,199531665.0,0.0
MHImain,HKFE,2018-09-18 21:16:00,27046.0,27283.0,27045.0,27197.0,17298.0,469645598.0,0.0
MHImain,HKFE,2018-09-19 01:16:00,27197.0,27415.0,27060.0,27384.0,42830.0,1167243608.0,0.0
MHImain,HKFE,2018-09-19 11:31:00,27383.0,27493.0,27322.0,27408.0,32481.0,890592429.0,0.0
MHImain,HKFE,2018-09-19 17:15:00,27395.0,27438.0,27360.0,27406.0,5226.0,143191708.0,0.0
MHImain,HKFE,2018-09-19 21:16:00,27407.0,27598.0,27402.0,27591.0,15369.0,423043088.0,0.0
MHImain,HKFE,2018-09-20 01:16:00,27591.0,27627.0,27358.0,27406.0,44811.0,1232959767.0,0.0
MHImain,HKFE,2018-09-20 11:31:00,27405.0,27495.0,27295.0,27455.0,36759.0,1007049240.0,0.0
MHImain,HKFE,2018-09-20 17:15:00,27460.0,27672.0,27440.0,27629.0,8733.0,240701298.0,0.0
MHImain,HKFE,2018-09-20 21:16:00,27631.0,27680.0,27548.0,27643.0,16673.0,460342515.0,0.0
MHImain,HKFE,2018-09-21 01:16:00,27643.0,27772.0,27512.0,27719.0,46216.0,1276782296.0,0.0
MHImain,HKFE,2018-09-21 11:31:00,27721.0,27981.0,27678.0,27938.0,41397.0,1153060490.0,0.0
MHImain,HKFE,2018-09-21 17:15:00,27928.0,27940.0,27799.0,27835.0,7978.0,222155908.0,0.0
MHImain,HKFE,2018-09-21 21:16:00,27837.0,27918.0,27789.0,27861.0,12341.0,343802404.0,0.0
MHImain,HKFE,2018-09-22 01:16:00,27861.0,27861.0,27861.0,27861.0,0.0,0.0,0.0
MHImain,HKFE,2018-09-24 01:16:00,27788.0,27788.0,27530.0,27581.0,25108.0,693405608.0,0.0
MHImain,HKFE,2018-09-24 11:31:00,27580.0,27606.0,27388.0,27471.0,28261.0,776933386.0,0.0
MHImain,HKFE,2018-09-24 17:15:00,27471.0,27517.0,27393.0,27491.0,4862.0,133528625.0,0.0
MHImain,HKFE,2018-09-24 21:16:00,27490.0,27532.0,27397.0,27436.0,10479.0,287761014.0,0.0
MHImain,HKFE,2018-09-25 01:16:00,27436.0,27436.0,27436.0,27436.0,0.0,0.0,0.0
MHImain,HKFE,2018-09-26 01:16:00,27551.0,27984.0,27541.0,27937.0,34559.0,959007858.0,0.0
MHImain,HKFE,2018-09-26 11:31:00,27937.0,28038.0,27775.0,27820.0,28057.0,783186093.0,0.0
MHImain,HKFE,2018-09-26 17:15:00,27826.0,27880.0,27781.0,27808.0,3643.0,101398027.0,0.0
MHImain,HKFE,2018-09-26 21:16:00,27806.0,27915.0,27792.0,27885.0,6515.0,181530831.0,0.0
MHImain,HKFE,2018-09-27 01:16:00,27885.0,27929.0,27720.0,27768.0,8413.0,234032556.0,0.0
MHImain,HKFE,2018-09-27 11:31:00,27769.0,27780.0,27710.0,27743.0,3071.0,85206981.0,0.0
MHImain,HKFE,2018-09-27 17:15:00,27713.0,27766.0,27682.0,27753.0,5321.0,147551738.0,0.0
MHImain,HKFE,2018-09-27 21:16:00,27752.0,27918.0,27737.0,27900.0,9832.0,273610934.0,0.0
MHImain,HKFE,2018-09-28 01:16:00,27900.0,27935.0,27774.0,27899.0,39763.0,1107522127.0,0.0
MHImain,HKFE,2018-09-28 11:31:00,27899.0,27912.0,27649.0,27871.0,36647.0,1018042145.0,0.0
MHImain,HKFE,2018-09-28 17:15:00,27855.0,27870.0,27643.0,27734.0,10895.0,302230017.0,0.0
MHImain,HKFE,2018-09-28 21:16:00,27731.0,27815.0,27680.0,27714.0,13557.0,376241645.0,0.0
MHImain,HKFE,2018-09-29 01:16:00,27714.0,27714.0,27714.0,27714.0,0.0,0.0,0.0
MHImain,HKFE,2018-10-02 01:16:00,27790.0,27790.0,27280.0,27349.0,33785.0,926506677.0,0.0
MHImain,HKFE,2018-10-02 11:31:00,27349.0,27352.0,26991.0,26991.0,39092.0,1060869498.0,0.0
MHImain,HKFE,2018-10-02 17:15:00,26990.0,27078.0,26890.0,27071.0,9010.0,243280716.0,0.0
MHImain,HKFE,2018-10-02 21:16:00,27069.0,27170.0,27026.0,27107.0,13291.0,360219846.0,0.0
MHImain,HKFE,2018-10-03 01:16:00,27107.0,27253.0,26871.0,27053.0,41599.0,1126307409.0,0.0
MHImain,HKFE,2018-10-03 11:31:00,27051.0,27141.0,26932.0,27055.0,32098.0,868013352.0,0.0
MHImain,HKFE,2018-10-03 17:15:00,27050.0,27148.0,27005.0,27122.0,5867.0,158893384.0,0.0
MHImain,HKFE,2018-10-03 21:16:00,27122.0,27174.0,27051.0,27082.0,9544.0,258740726.0,0.0
MHImain,HKFE,2018-10-04 01:16:00,27082.0,27082.0,26532.0,26560.0,43500.0,1159836695.0,0.0
MHImain,HKFE,2018-10-04 11:31:00,26558.0,26610.0,26490.0,26565.0,33262.0,883069817.0,0.0
MHImain,HKFE,2018-10-04 17:15:00,26571.0,26628.0,26544.0,26625.0,6199.0,164789314.0,0.0
MHImain,HKFE,2018-10-04 21:16:00,26625.0,26637.0,26243.0,26301.0,22659.0,598731464.0,0.0
MHImain,HKFE,2018-10-05 01:16:00,26301.0,26597.0,26301.0,26464.0,46338.0,1226327834.0,0.0
MHImain,HKFE,2018-10-05 11:31:00,26463.0,26619.0,26445.0,26455.0,31762.0,842544558.0,0.0
MHImain,HKFE,2018-10-05 17:15:00,26468.0,26572.0,26385.0,26513.0,13421.0,355401132.0,0.0
MHImain,HKFE,2018-10-05 21:16:00,26512.0,26531.0,26264.0,26306.0,17903.0,472788441.0,0.0
MHImain,HKFE,2018-10-06 01:16:00,26306.0,26306.0,26306.0,26306.0,0.0,0.0,0.0
MHImain,HKFE,2018-10-08 01:16:00,26483.0,26772.0,26225.0,26323.0,53144.0,1405432099.0,0.0
MHImain,HKFE,2018-10-08 11:31:00,26324.0,26457.0,26129.0,26145.0,39448.0,1036756163.0,0.0
MHImain,HKFE,2018-10-08 17:15:00,26136.0,26200.0,26034.0,26047.0,9541.0,249090577.0,0.0
MHImain,HKFE,2018-10-08 21:16:00,26048.0,26182.0,25972.0,26019.0,18976.0,494807921.0,0.0
MHImain,HKFE,2018-10-09 01:16:00,26019.0,26340.0,26019.0,26271.0,54799.0,1436159153.0,0.0
MHImain,HKFE,2018-10-09 11:31:00,26271.0,26343.0,26050.0,26065.0,35317.0,925451040.0,0.0
MHImain,HKFE,2018-10-09 17:15:00,26067.0,26085.0,25948.0,26066.0,11695.0,304263494.0,0.0
MHImain,HKFE,2018-10-09 21:16:00,26065.0,26213.0,26015.0,26116.0,20542.0,536496663.0,0.0
MHImain,HKFE,2018-10-10 01:16:00,26116.0,26470.0,26116.0,26208.0,49558.0,1303805235.0,0.0
MHImain,HKFE,2018-10-10 11:31:00,26207.0,26388.0,26112.0,26164.0,39070.0,1026358361.0,0.0
MHImain,HKFE,2018-10-10 17:15:00,26159.0,26256.0,26073.0,26119.0,10150.0,265537427.0,0.0
MHImain,HKFE,2018-10-10 21:16:00,26116.0,26143.0,25785.0,25820.0,28310.0,733388648.0,0.0
MHImain,HKFE,2018-10-11 01:16:00,25820.0,25820.0,25169.0,25222.0,57586.0,1457842670.0,0.0
MHImain,HKFE,2018-10-11 11:31:00,25223.0,25396.0,25122.0,25193.0,50463.0,1272694008.0,0.0
MHImain,HKFE,2018-10-11 17:15:00,25180.0,25437.0,25076.0,25384.0,19143.0,483601874.0,0.0
MHImain,HKFE,2018-10-11 21:16:00,25383.0,25628.0,25226.0,25471.0,41173.0,1046574942.0,0.0
MHImain,HKFE,2018-10-12 01:16:00,25471.0,25486.0,25262.0,25472.0,43336.0,1099783743.0,0.0
MHImain,HKFE,2018-10-12 11:31:00,25474.0,25787.0,25450.0,25686.0,53943.0,1385254207.0,0.0
MHImain,HKFE,2018-10-12 17:15:00,25676.0,25763.0,25635.0,25735.0,9838.0,252871143.0,0.0
MHImain,HKFE,2018-10-12 21:16:00,25734.0,25777.0,25484.0,25570.0,20837.0,535041150.0,0.0
MHImain,HKFE,2018-10-13 01:16:00,25570.0,25570.0,25570.0,25570.0,0.0,0.0,0.0
MHImain,HKFE,2018-10-15 01:16:00,25540.0,25648.0,25422.0,25465.0,42334.0,1080793918.0,0.0
MHImain,HKFE,2018-10-15 11:31:00,25464.0,25505.0,25330.0,25342.0,33705.0,856584610.0,0.0
MHImain,HKFE,2018-10-15 17:15:00,25343.0,25498.0,25342.0,25460.0,8221.0,209147932.0,0.0
MHImain,HKFE,2018-10-15 21:16:00,25460.0,25541.0,25381.0,25481.0,18225.0,464061659.0,0.0
MHImain,HKFE,2018-10-16 01:16:00,25481.0,25680.0,25358.0,25361.0,41058.0,1048923622.0,0.0
MHImain,HKFE,2018-10-16 11:31:00,25361.0,25448.0,25208.0,25395.0,45052.0,1141785830.0,0.0
MHImain,HKFE,2018-10-16 17:15:00,25385.0,25492.0,25335.0,25489.0,7469.0,189836108.0,0.0
MHImain,HKFE,2018-10-16 21:16:00,25489.0,25773.0,25472.0,25773.0,19939.0,510528283.0,0.0
MHImain,HKFE,2018-10-18 01:16:00,25685.0,25688.0,25351.0,25418.0,46827.0,1191574223.0,0.0
MHImain,HKFE,2018-10-18 11:31:00,25416.0,25478.0,25211.0,25408.0,41577.0,1052761520.0,0.0
MHImain,HKFE,2018-10-18 17:15:00,25435.0,25468.0,25336.0,25356.0,8584.0,218137960.0,0.0
MHImain,HKFE,2018-10-18 21:16:00,25357.0,25377.0,25048.0,25079.0,24075.0,607117049.0,0.0
MHImain,HKFE,2018-10-19 01:16:00,25079.0,25499.0,25059.0,25342.0,54112.0,1367837266.0,0.0
MHImain,HKFE,2018-10-19 11:31:00,25340.0,25723.0,25333.0,25458.0,52654.0,1346376767.0,0.0
MHImain,HKFE,2018-10-19 17:15:00,25471.0,25639.0,25439.0,25537.0,12438.0,317735666.0,0.0
MHImain,HKFE,2018-10-19 21:16:00,25538.0,25626.0,25382.0,25470.0,19164.0,489188731.0,0.0
MHImain,HKFE,2018-10-20 01:16:00,25470.0,25470.0,25470.0,25470.0,0.0,0.0,0.0
MHImain,HKFE,2018-10-22 01:16:00,25488.0,26070.0,25487.0,26050.0,47580.0,1229680070.0,0.0
MHImain,HKFE,2018-10-22 11:31:00,26052.0,26221.0,26047.0,26133.0,40262.0,1052014529.0,0.0
MHImain,HKFE,2018-10-22 17:15:00,26132.0,26164.0,26063.0,26103.0,7418.0,193756619.0,0.0
MHImain,HKFE,2018-10-22 21:16:00,26104.0,26137.0,25927.0,25994.0,23052.0,599785753.0,0.0
MHImain,HKFE,2018-10-23 01:16:00,25994.0,25994.0,25510.0,25536.0,49323.0,1271684518.0,0.0
MHImain,HKFE,2018-10-23 11:31:00,25534.0,25631.0,25265.0,25335.0,54164.0,1375925684.0,0.0
MHImain,HKFE,2018-10-23 17:15:00,25325.0,25325.0,25144.0,25167.0,16394.0,413505987.0,0.0
MHImain,HKFE,2018-10-23 21:16:00,25168.0,25318.0,25050.0,25262.0,25934.0,652975878.0,0.0
MHImain,HKFE,2018-10-24 01:16:00,25262.0,25614.0,25177.0,25589.0,66810.0,1694583606.0,0.0
MHImain,HKFE,2018-10-24 11:31:00,25588.0,25655.0,25192.0,25209.0,47930.0,1215980551.0,0.0
MHImain,HKFE,2018-10-24 17:15:00,25204.0,25408.0,25202.0,25326.0,10829.0,274111390.0,0.0
MHImain,HKFE,2018-10-24 21:16:00,25325.0,25360.0,25038.0,25148.0,24808.0,624840899.0,0.0
MHImain,HKFE,2018-10-25 01:16:00,25148.0,25148.0,24601.0,24772.0,47789.0,1181237957.0,0.0
MHImain,HKFE,2018-10-25 11:31:00,24772.0,24991.0,24665.0,24897.0,45733.0,1134252238.0,0.0
MHImain,HKFE,2018-10-25 17:15:00,24903.0,25027.0,24852.0,24859.0,12316.0,307177157.0,0.0
MHImain,HKFE,2018-10-25 21:16:00,24862.0,25147.0,24844.0,25139.0,24095.0,602475164.0,0.0
MHImain,HKFE,2018-10-26 01:16:00,25139.0,25139.0,24564.0,24594.0,47620.0,1182487310.0,0.0
MHImain,HKFE,2018-10-26 11:31:00,24594.0,24817.0,24526.0,24659.0,47081.0,1162484065.0,0.0
MHImain,HKFE,2018-10-26 17:15:00,24650.0,24650.0,24455.0,24622.0,13234.0,324896335.0,0.0
MHImain,HKFE,2018-10-26 21:16:00,24621.0,24909.0,24475.0,24841.0,29066.0,716183445.0,0.0
MHImain,HKFE,2018-10-27 01:16:00,24841.0,24841.0,24841.0,24841.0,0.0,0.0,0.0
MHImain,HKFE,2018-10-29 01:16:00,24870.0,24997.0,24581.0,24784.0,40608.0,1005282278.0,0.0
MHImain,HKFE,2018-10-29 11:31:00,24783.0,24863.0,24623.0,24766.0,31839.0,787533866.0,0.0
MHImain,HKFE,2018-10-29 17:15:00,24780.0,25039.0,24767.0,24982.0,7699.0,192039693.0,0.0
MHImain,HKFE,2018-10-29 21:16:00,24980.0,25022.0,24746.0,24786.0,10190.0,253828654.0,0.0
MHImain,HKFE,2018-10-30 01:16:00,24786.0,24833.0,24570.0,24784.0,10341.0,255463995.0,0.0
MHImain,HKFE,2018-10-30 11:31:00,24788.0,24855.0,24717.0,24723.0,2395.0,59332519.0,0.0
MHImain,HKFE,2018-10-30 17:15:00,24583.0,24659.0,24477.0,24486.0,13677.0,336173723.0,0.0
MHImain,HKFE,2018-10-30 21:16:00,24488.0,24689.0,24474.0,24562.0,25423.0,625179301.0,0.0
MHImain,HKFE,2018-10-31 01:16:00,24562.0,24891.0,24562.0,24755.0,46962.0,1163892305.0,0.0
MHImain,HKFE,2018-10-31 11:31:00,24758.0,24961.0,24714.0,24910.0,39644.0,985024030.0,0.0
MHImain,HKFE,2018-10-31 17:15:00,24929.0,25007.0,24858.0,24940.0,10806.0,269486780.0,0.0
MHImain,HKFE,2018-10-31 21:16:00,24944.0,25028.0,24908.0,25016.0,17864.0,446031556.0,0.0
MHImain,HKFE,2018-11-01 01:16:00,25016.0,25402.0,25016.0,25366.0,44753.0,1131340646.0,0.0
MHImain,HKFE,2018-11-01 11:31:00,25365.0,25516.0,25269.0,25340.0,46167.0,1171572288.0,0.0
MHImain,HKFE,2018-11-01 17:15:00,25342.0,25476.0,25333.0,25425.0,11673.0,296642182.0,0.0
MHImain,HKFE,2018-11-01 21:16:00,25423.0,25848.0,25323.0,25843.0,28619.0,732034795.0,0.0
MHImain,HKFE,2018-11-02 01:16:00,25843.0,26062.0,25769.0,26029.0,47172.0,1224568742.0,0.0
MHImain,HKFE,2018-11-02 11:31:00,26027.0,26503.0,25969.0,26498.0,55363.0,1457903452.0,0.0
MHImain,HKFE,2018-11-02 17:15:00,26496.0,26759.0,26388.0,26408.0,23343.0,619563489.0,0.0
MHImain,HKFE,2018-11-02 21:16:00,26411.0,26509.0,25845.0,25890.0,30939.0,811972895.0,0.0
MHImain,HKFE,2018-11-03 01:16:00,25890.0,25890.0,25890.0,25890.0,0.0,0.0,0.0
MHImain,HKFE,2018-11-05 01:16:00,25990.0,26140.0,25803.0,25832.0,45900.0,1191882333.0,0.0
MHImain,HKFE,2018-11-05 11:31:00,25829.0,25952.0,25719.0,25902.0,40162.0,1038335773.0,0.0
MHImain,HKFE,2018-11-05 17:15:00,25883.0,25995.0,25826.0,25899.0,10253.0,265824203.0,0.0
MHImain,HKFE,2018-11-05 21:16:00,25899.0,26076.0,25873.0,25956.0,17147.0,445343440.0,0.0
MHImain,HKFE,2018-11-06 01:16:00,25956.0,26078.0,25798.0,25842.0,42203.0,1092293099.0,0.0
MHImain,HKFE,2018-11-06 11:31:00,25843.0,26166.0,25837.0,26039.0,42301.0,1099285041.0,0.0
MHImain,HKFE,2018-11-06 17:15:00,26018.0,26065.0,25896.0,25942.0,10061.0,261125944.0,0.0
MHImain,HKFE,2018-11-06 21:16:00,25943.0,26085.0,25903.0,26019.0,14350.0,373342770.0,0.0
MHImain,HKFE,2018-11-07 01:16:00,26019.0,26364.0,25982.0,26320.0,49878.0,1303903274.0,0.0
MHImain,HKFE,2018-11-07 11:31:00,26321.0,26524.0,25861.0,26151.0,71316.0,1863825692.0,0.0
MHImain,HKFE,2018-11-07 17:15:00,26168.0,26386.0,26168.0,26291.0,11025.0,290215870.0,0.0
MHImain,HKFE,2018-11-07 21:16:00,26291.0,26388.0,26187.0,26384.0,17089.0,449241939.0,0.0
MHImain,HKFE,2018-11-08 01:16:00,26384.0,26610.0,26274.0,26367.0,43752.0,1154286767.0,0.0
MHImain,HKFE,2018-11-08 11:31:00,26365.0,26417.0,26105.0,26224.0,39839.0,1046163659.0,0.0
MHImain,HKFE,2018-11-08 17:15:00,26225.0,26225.0,26055.0,26123.0,10333.0,269843387.0,0.0
MHImain,HKFE,2018-11-08 21:16:00,26125.0,26228.0,26088.0,26092.0,12256.0,320429941.0,0.0
MHImain,HKFE,2018-11-09 01:16:00,26092.0,26092.0,25536.0,25547.0,42596.0,1095818772.0,0.0
MHImain,HKFE,2018-11-09 11:31:00,25548.0,25654.0,25407.0,25466.0,38102.0,973152749.0,0.0
MHImain,HKFE,2018-11-09 17:15:00,25474.0,25543.0,25312.0,25416.0,10988.0,279236949.0,0.0
MHImain,HKFE,2018-11-09 21:16:00,25415.0,25443.0,25327.0,25336.0,13516.0,343134448.0,0.0
MHImain,HKFE,2018-11-10 01:16:00,25336.0,25336.0,25336.0,25336.0,0.0,0.0,0.0
MHImain,HKFE,2018-11-12 01:16:00,25454.0,25738.0,25449.0,25705.0,46988.0,1203948656.0,0.0
MHImain,HKFE,2018-11-12 11:31:00,25705.0,25754.0,25515.0,25555.0,33140.0,848938073.0,0.0
MHImain,HKFE,2018-11-12 17:15:00,25547.0,25577.0,25385.0,25394.0,8788.0,224029636.0,0.0
MHImain,HKFE,2018-11-12 21:16:00,25395.0,25452.0,25174.0,25250.0,15678.0,397018931.0,0.0
MHImain,HKFE,2018-11-13 01:16:00,25250.0,25411.0,25008.0,25388.0,48351.0,1217218385.0,0.0
MHImain,HKFE,2018-11-13 11:31:00,25387.0,25859.0,25377.0,25843.0,70484.0,1804620061.0,0.0
MHImain,HKFE,2018-11-13 17:15:00,25828.0,25913.0,25688.0,25761.0,14181.0,365605952.0,0.0
MHImain,HKFE,2018-11-13 21:16:00,25765.0,25992.0,25582.0,25960.0,24473.0,630377557.0,0.0
MHImain,HKFE,2018-11-14 01:16:00,25960.0,25960.0,25577.0,25712.0,43576.0,1119292778.0,0.0
MHImain,HKFE,2018-11-14 11:31:00,25712.0,25791.0,25430.0,25558.0,42283.0,1083214788.0,0.0
MHImain,HKFE,2018-11-14 17:15:00,25544.0,25867.0,25495.0,25838.0,15234.0,391774434.0,0.0
MHImain,HKFE,2018-11-14 21:16:00,25837.0,26013.0,25705.0,25789.0,23401.0,605566489.0,0.0
MHImain,HKFE,2018-11-15 01:16:00,25789.0,25910.0,25554.0,25680.0,45252.0,1162185423.0,0.0
MHImain,HKFE,2018-11-15 11:31:00,25678.0,26138.0,25664.0,26047.0,47646.0,1234909388.0,0.0
MHImain,HKFE,2018-11-15 17:15:00,26028.0,26048.0,25828.0,25882.0,15969.0,414142122.0,0.0
MHImain,HKFE,2018-11-15 21:16:00,25885.0,26116.0,25785.0,26093.0,26900.0,696985214.0,0.0
MHImain,HKFE,2018-11-16 01:16:00,26093.0,26128.0,25790.0,25943.0,42358.0,1096928842.0,0.0
MHImain,HKFE,2018-11-16 11:31:00,25945.0,26192.0,25935.0,26113.0,51405.0,1340369364.0,0.0
MHImain,HKFE,2018-11-16 17:15:00,26096.0,26105.0,25975.0,26013.0,7992.0,208030508.0,0.0
MHImain,HKFE,2018-11-16 21:16:00,26009.0,26238.0,25957.0,26139.0,20290.0,529968955.0,0.0
MHImain,HKFE,2018-11-17 01:16:00,26139.0,26139.0,26139.0,26139.0,0.0,0.0,0.0
MHImain,HKFE,2018-11-19 01:16:00,26098.0,26378.0,26066.0,26193.0,52367.0,1373363308.0,0.0
MHImain,HKFE,2018-11-19 11:31:00,26195.0,26350.0,26149.0,26290.0,38145.0,1001526380.0,0.0
MHImain,HKFE,2018-11-19 17:15:00,26282.0,26317.0,26197.0,26242.0,7999.0,210034298.0,0.0
MHImain,HKFE,2018-11-19 21:16:00,26241.0,26270.0,25948.0,25971.0,17955.0,469210005.0,0.0
MHImain,HKFE,2018-11-20 01:16:00,25971.0,26116.0,25726.0,25729.0,47897.0,1243622571.0,0.0
MHImain,HKFE,2018-11-20 11:31:00,25729.0,25879.0,25699.0,25790.0,40043.0,1033150037.0,0.0
MHImain,HKFE,2018-11-20 17:15:00,25780.0,25780.0,25626.0,25659.0,14136.0,363190877.0,0.0
MHImain,HKFE,2018-11-20 21:16:00,25660.0,25697.0,25438.0,25605.0,27676.0,707649419.0,0.0
MHImain,HKFE,2018-11-21 01:16:00,25605.0,25808.0,25414.0,25773.0,54547.0,1398722382.0,0.0
MHImain,HKFE,2018-11-21 11:31:00,25772.0,25976.0,25720.0,25895.0,46092.0,1191076596.0,0.0
MHImain,HKFE,2018-11-21 17:15:00,25904.0,26081.0,25880.0,26061.0,12844.0,333341899.0,0.0
MHImain,HKFE,2018-11-21 21:16:00,26058.0,26204.0,26029.0,26139.0,16699.0,436046491.0,0.0
MHImain,HKFE,2018-11-22 01:16:00,26139.0,26139.0,25810.0,25855.0,39606.0,1025995216.0,0.0
MHImain,HKFE,2018-11-22 11:31:00,25853.0,26066.0,25852.0,25930.0,30616.0,794975322.0,0.0
MHImain,HKFE,2018-11-22 17:15:00,25924.0,25965.0,25821.0,25928.0,9303.0,240951025.0,0.0
MHImain,HKFE,2018-11-22 21:16:00,25928.0,25953.0,25824.0,25892.0,5887.0,152438168.0,0.0
MHImain,HKFE,2018-11-23 01:16:00,25892.0,26035.0,25755.0,25819.0,36102.0,933122008.0,0.0
MHImain,HKFE,2018-11-23 11:31:00,25817.0,25923.0,25764.0,25898.0,30810.0,796224851.0,0.0
MHImain,HKFE,2018-11-23 17:15:00,25892.0,25937.0,25825.0,25843.0,6302.0,163023120.0,0.0
MHImain,HKFE,2018-11-23 21:16:00,25842.0,25915.0,25773.0,25868.0,11385.0,294297321.0,0.0
MHImain,HKFE,2018-11-24 01:16:00,25868.0,25868.0,25868.0,25868.0,0.0,0.0,0.0
MHImain,HKFE,2018-11-26 01:16:00,25988.0,26427.0,25971.0,26358.0,47568.0,1247115889.0,0.0
MHImain,HKFE,2018-11-26 11:31:00,26356.0,26420.0,26258.0,26415.0,29829.0,785874917.0,0.0
MHImain,HKFE,2018-11-26 17:15:00,26421.0,26512.0,26387.0,26403.0,7441.0,196839808.0,0.0
MHImain,HKFE,2018-11-26 21:16:00,26405.0,26494.0,26357.0,26452.0,12470.0,329547260.0,0.0
MHImain,HKFE,2018-11-27 01:16:00,26452.0,26452.0,26138.0,26401.0,39391.0,1034065083.0,0.0
MHImain,HKFE,2018-11-27 11:31:00,26401.0,26429.0,26222.0,26256.0,36376.0,957187938.0,0.0
MHImain,HKFE,2018-11-27 17:15:00,26281.0,26363.0,26241.0,26250.0,6570.0,172764693.0,0.0
MHImain,HKFE,2018-11-27 21:16:00,26248.0,26375.0,26197.0,26365.0,12662.0,332888353.0,0.0
MHImain,HKFE,2018-11-28 01:16:00,26365.0,26606.0,26292.0,26575.0,38085.0,1007738024.0,0.0
MHImain,HKFE,2018-11-28 11:31:00,26576.0,26722.0,26555.0,26618.0,24196.0,644626602.0,0.0
MHImain,HKFE,2018-11-28 17:15:00,26618.0,26690.0,26613.0,26632.0,3094.0,82458381.0,0.0
MHImain,HKFE,2018-11-28 21:16:00,26633.0,26670.0,26523.0,26587.0,6365.0,169239074.0,0.0
MHImain,HKFE,2018-11-29 01:16:00,26587.0,26944.0,26587.0,26674.0,7714.0,206711130.0,0.0
MHImain,HKFE,2018-11-29 11:31:00,26675.0,26706.0,26583.0,26590.0,2488.0,66258278.0,0.0
MHImain,HKFE,2018-11-29 17:15:00,26453.0,26453.0,26323.0,26426.0,9563.0,252433185.0,0.0
MHImain,HKFE,2018-11-29 21:16:00,26425.0,26634.0,26398.0,26554.0,19870.0,526607417.0,0.0
MHImain,HKFE,2018-11-30 01:16:00,26554.0,26730.0,26418.0,26646.0,46852.0,1244865450.0,0.0
MHImain,HKFE,2018-11-30 11:31:00,26646.0,26673.0,26452.0,26536.0,32990.0,876904830.0,0.0
MHImain,HKFE,2018-11-30 17:15:00,26521.0,26544.0,26435.0,26463.0,5550.0,146953649.0,0.0
MHImain,HKFE,2018-11-30 21:16:00,26465.0,26599.0,26438.0,26575.0,12947.0,343280283.0,0.0
MHImain,HKFE,2018-12-01 01:16:00,26575.0,26575.0,26575.0,26575.0,0.0,0.0,0.0
MHImain,HKFE,2018-12-03 01:16:00,27117.0,27326.0,27029.0,27302.0,49868.0,1356652721.0,0.0
MHImain,HKFE,2018-12-03 11:31:00,27301.0,27318.0,27084.0,27286.0,35052.0,953746196.0,0.0
MHImain,HKFE,2018-12-03 17:15:00,27266.0,27298.0,27192.0,27227.0,7163.0,195106175.0,0.0
MHImain,HKFE,2018-12-03 21:16:00,27227.0,27329.0,27105.0,27125.0,16290.0,443349535.0,0.0
MHImain,HKFE,2018-12-04 01:16:00,27125.0,27223.0,27048.0,27163.0,38569.0,1047076491.0,0.0
MHImain,HKFE,2018-12-04 11:31:00,27165.0,27297.0,27041.0,27271.0,39274.0,1066303498.0,0.0
MHImain,HKFE,2018-12-04 17:15:00,27250.0,27296.0,27227.0,27251.0,6368.0,173563823.0,0.0
MHImain,HKFE,2018-12-04 21:16:00,27251.0,27276.0,27113.0,27117.0,12680.0,344853884.0,0.0
MHImain,HKFE,2018-12-05 01:16:00,27117.0,27117.0,26720.0,26904.0,35497.0,953905491.0,0.0
MHImain,HKFE,2018-12-05 11:31:00,26904.0,26904.0,26750.0,26766.0,30433.0,816430444.0,0.0
MHImain,HKFE,2018-12-05 17:15:00,26780.0,26886.0,26780.0,26879.0,5066.0,135978211.0,0.0
MHImain,HKFE,2018-12-05 21:16:00,26879.0,26905.0,26764.0,26780.0,5415.0,145344595.0,0.0
MHImain,HKFE,2018-12-06 01:16:00,26780.0,26780.0,26018.0,26103.0,51536.0,1349601497.0,0.0
MHImain,HKFE,2018-12-06 11:31:00,26103.0,26190.0,26006.0,26158.0,35992.0,939524674.0,0.0
MHImain,HKFE,2018-12-06 17:15:00,26157.0,26157.0,25912.0,26004.0,14428.0,375005691.0,0.0
MHImain,HKFE,2018-12-06 21:16:00,26002.0,26053.0,25813.0,25925.0,22209.0,576580161.0,0.0
MHImain,HKFE,2018-12-07 01:16:00,25925.0,26306.0,25925.0,26230.0,36890.0,966984348.0,0.0
MHImain,HKFE,2018-12-07 11:31:00,26228.0,26270.0,26007.0,26078.0,28016.0,732905135.0,0.0
MHImain,HKFE,2018-12-07 17:15:00,26072.0,26176.0,26072.0,26136.0,7173.0,187417531.0,0.0
MHImain,HKFE,2018-12-07 21:16:00,26137.0,26369.0,26061.0,26108.0,23422.0,613901985.0,0.0
MHImain,HKFE,2018-12-08 01:16:00,26108.0,26108.0,26108.0,26108.0,0.0,0.0,0.0
MHImain,HKFE,2018-12-10 01:16:00,25776.0,25833.0,25549.0,25627.0,40535.0,1041189735.0,0.0
MHImain,HKFE,2018-12-10 11:31:00,25630.0,25788.0,25625.0,25710.0,29755.0,764712580.0,0.0
MHImain,HKFE,2018-12-10 17:15:00,25732.0,25759.0,25670.0,25737.0,6219.0,159970916.0,0.0
MHImain,HKFE,2018-12-10 21:16:00,25738.0,25777.0,25402.0,25509.0,23898.0,611839469.0,0.0
MHImain,HKFE,2018-12-11 01:16:00,25509.0,25861.0,25509.0,25745.0,40034.0,1029388873.0,0.0
MHImain,HKFE,2018-12-11 11:31:00,25747.0,25827.0,25678.0,25721.0,27105.0,697938988.0,0.0
MHImain,HKFE,2018-12-11 17:15:00,25716.0,25975.0,25711.0,25957.0,11502.0,297551367.0,0.0
MHImain,HKFE,2018-12-11 21:16:00,25958.0,26046.0,25857.0,25913.0,19685.0,511281657.0,0.0
MHImain,HKFE,2018-12-12 01:16:00,25913.0,26224.0,25913.0,26171.0,32298.0,844287120.0,0.0
MHImain,HKFE,2018-12-12 11:31:00,26171.0,26274.0,26146.0,26237.0,28567.0,748769430.0,0.0
MHImain,HKFE,2018-12-12 17:15:00,26242.0,26386.0,26242.0,26344.0,10021.0,263934355.0,0.0
MHImain,HKFE,2018-12-12 21:16:00,26344.0,26488.0,26315.0,26480.0,14740.0,389540618.0,0.0
MHImain,HKFE,2018-12-13 01:16:00,26480.0,26626.0,26312.0,26597.0,39790.0,1053451546.0,0.0
MHImain,HKFE,2018-12-13 11:31:00,26596.0,26605.0,26447.0,26527.0,29117.0,772493041.0,0.0
MHImain,HKFE,2018-12-13 17:15:00,26520.0,26520.0,26362.0,26448.0,9699.0,256314126.0,0.0
MHImain,HKFE,2018-12-13 21:16:00,26445.0,26515.0,26358.0,26404.0,16162.0,427185616.0,0.0
MHImain,HKFE,2018-12-14 01:16:00,26404.0,26404.0,26063.0,26127.0,33417.0,873318640.0,0.0
MHImain,HKFE,2018-12-14 11:31:00,26127.0,26165.0,26020.0,26037.0,25526.0,666028828.0,0.0
MHImain,HKFE,2018-12-14 17:15:00,26029.0,26089.0,25920.0,26089.0,9246.0,240491179.0,0.0
MHImain,HKFE,2018-12-14 21:16:00,26089.0,26226.0,26028.0,26173.0,14551.0,380102401.0,0.0
MHImain,HKFE,2018-12-17 01:16:00,26157.0,26231.0,26010.0,26155.0,36504.0,953801970.0,0.0
MHImain,HKFE,2018-12-17 11:31:00,26155.0,26185.0,26055.0,26078.0,21521.0,562482114.0,0.0
MHImain,HKFE,2018-12-17 17:15:00,26088.0,26131.0,25986.0,26006.0,7715.0,201051042.0,0.0
MHImain,HKFE,2018-12-17 21:16:00,26005.0,26127.0,25891.0,26106.0,18237.0,473986263.0,0.0
MHImain,HKFE,2018-12-18 01:16:00,26106.0,26193.0,25795.0,25831.0,46847.0,1219198413.0,0.0
MHImain,HKFE,2018-12-18 11:31:00,25834.0,25887.0,25700.0,25818.0,36664.0,946293971.0,0.0
MHImain,HKFE,2018-12-18 17:15:00,25821.0,25957.0,25783.0,25940.0,8130.0,210402118.0,0.0
MHImain,HKFE,2018-12-18 21:16:00,25939.0,26018.0,25892.0,25915.0,13596.0,352784285.0,0.0
MHImain,HKFE,2018-12-19 01:16:00,25915.0,25939.0,25802.0,25858.0,30232.0,782044548.0,0.0
MHImain,HKFE,2018-12-19 11:31:00,25858.0,25928.0,25843.0,25924.0,21768.0,563327174.0,0.0
MHImain,HKFE,2018-12-19 17:15:00,25918.0,25988.0,25893.0,25966.0,6455.0,167539940.0,0.0
MHImain,HKFE,2018-12-19 21:16:00,25969.0,26090.0,25949.0,26090.0,11942.0,310853107.0,0.0
MHImain,HKFE,2018-12-20 01:16:00,26090.0,26090.0,25523.0,25556.0,45749.0,1176489456.0,0.0
MHImain,HKFE,2018-12-20 11:31:00,25554.0,25661.0,25373.0,25537.0,39864.0,1018041685.0,0.0
MHImain,HKFE,2018-12-20 17:15:00,25557.0,25722.0,25557.0,25685.0,9524.0,244458460.0,0.0
MHImain,HKFE,2018-12-20 21:16:00,25684.0,25700.0,25500.0,25520.0,22607.0,579300473.0,0.0
MHImain,HKFE,2018-12-21 01:16:00,25520.0,25600.0,25306.0,25570.0,36630.0,932266474.0,0.0
MHImain,HKFE,2018-12-21 11:31:00,25573.0,25793.0,25512.0,25662.0,37004.0,948755753.0,0.0
MHImain,HKFE,2018-12-21 17:15:00,25647.0,25677.0,25529.0,25667.0,11523.0,294986108.0,0.0
MHImain,HKFE,2018-12-21 21:16:00,25661.0,25808.0,25559.0,25654.0,26734.0,686760421.0,0.0
MHImain,HKFE,2018-12-22 01:16:00,25654.0,25654.0,25654.0,25654.0,0.0,0.0,0.0
MHImain,HKFE,2018-12-24 01:16:00,25485.0,25577.0,25400.0,25566.0,32373.0,825258635.0,0.0
MHImain,HKFE,2018-12-24 11:31:00,25566.0,25625.0,25560.0,25619.0,2894.0,74051104.0,0.0
MHImain,HKFE,2018-12-24 17:15:00,25619.0,25619.0,25619.0,25619.0,0.0,0.0,0.0
MHImain,HKFE,2018-12-27 01:16:00,25888.0,25939.0,25741.0,25810.0,27569.0,712274492.0,0.0
MHImain,HKFE,2018-12-27 11:31:00,25809.0,25833.0,25327.0,25398.0,34084.0,871928442.0,0.0
MHImain,HKFE,2018-12-27 17:15:00,25390.0,25390.0,25217.0,25284.0,8281.0,209278600.0,0.0
MHImain,HKFE,2018-12-27 21:16:00,25281.0,25342.0,25217.0,25247.0,11765.0,297283879.0,0.0
MHImain,HKFE,2018-12-28 01:16:00,25247.0,25583.0,25247.0,25484.0,5663.0,144431613.0,0.0
MHImain,HKFE,2018-12-28 11:31:00,25486.0,25557.0,25486.0,25504.0,1676.0,42767625.0,0.0
MHImain,HKFE,2018-12-28 17:15:00,25580.0,25733.0,25550.0,25723.0,10330.0,265228188.0,0.0
MHImain,HKFE,2018-12-28 21:16:00,25721.0,25750.0,25590.0,25642.0,16856.0,432702265.0,0.0
MHImain,HKFE,2018-12-29 01:16:00,25642.0,25642.0,25642.0,25642.0,0.0,0.0,0.0
MHImain,HKFE,2018-12-31 01:16:00,25855.0,25965.0,25712.0,25929.0,24749.0,639398496.0,0.0
MHImain,HKFE,2018-12-31 11:31:00,25928.0,25993.0,25850.0,25857.0,6187.0,160242355.0,0.0
MHImain,HKFE,2018-12-31 17:15:00,25857.0,25857.0,25857.0,25857.0,0.0,0.0,0.0
MHImain,HKFE,2018-12-31 21:16:00,25857.0,25857.0,25857.0,25857.0,0.0,0.0,0.0
MHImain,HKFE,2019-01-01 01:16:00,25857.0,25857.0,25857.0,25857.0,0.0,0.0,0.0
MHImain,HKFE,2019-01-02 01:16:00,25863.0,25879.0,25047.0,25156.0,56524.0,1432939880.0,0.0
MHImain,HKFE,2019-01-02 11:31:00,25156.0,25224.0,24979.0,24979.0,33252.0,834636619.0,0.0
MHImain,HKFE,2019-01-02 17:15:00,25019.0,25146.0,25006.0,25120.0,8303.0,208297812.0,0.0
MHImain,HKFE,2019-01-02 21:16:00,25120.0,25368.0,25078.0,25316.0,16816.0,423943674.0,0.0
MHImain,HKFE,2019-01-03 01:16:00,25316.0,25316.0,24908.0,24958.0,45896.0,1150905596.0,0.0
MHImain,HKFE,2019-01-03 11:31:00,24958.0,25092.0,24876.0,25050.0,36256.0,906126702.0,0.0
MHImain,HKFE,2019-01-03 17:15:00,25042.0,25130.0,24967.0,25111.0,8895.0,222824301.0,0.0
MHImain,HKFE,2019-01-03 21:16:00,25110.0,25178.0,25005.0,25102.0,17490.0,438899653.0,0.0
MHImain,HKFE,2019-01-04 01:16:00,25102.0,25466.0,24889.0,25462.0,49597.0,1249786736.0,0.0
MHImain,HKFE,2019-01-04 11:31:00,25461.0,25658.0,25357.0,25604.0,36155.0,922305713.0,0.0
MHImain,HKFE,2019-01-04 17:15:00,25627.0,25768.0,25589.0,25631.0,11297.0,290202518.0,0.0
MHImain,HKFE,2019-01-04 21:16:00,25630.0,25981.0,25593.0,25940.0,21734.0,560226302.0,0.0
MHImain,HKFE,2019-01-05 01:16:00,25940.0,25940.0,25940.0,25940.0,0.0,0.0,0.0
MHImain,HKFE,2019-01-07 01:16:00,26020.0,26097.0,25774.0,25835.0,41789.0,1083990931.0,0.0
MHImain,HKFE,2019-01-07 11:31:00,25835.0,25886.0,25753.0,25863.0,25506.0,658794117.0,0.0
MHImain,HKFE,2019-01-07 17:15:00,25858.0,25858.0,25735.0,25819.0,7169.0,184854859.0,0.0
MHImain,HKFE,2019-01-07 21:16:00,25817.0,25902.0,25746.0,25900.0,13171.0,340020344.0,0.0
MHImain,HKFE,2019-01-08 01:16:00,25900.0,26006.0,25713.0,25918.0,39720.0,1027759483.0,0.0
MHImain,HKFE,2019-01-08 11:31:00,25917.0,25981.0,25793.0,25906.0,29203.0,755741604.0,0.0
MHImain,HKFE,2019-01-08 17:15:00,25908.0,26067.0,25908.0,26042.0,7997.0,207873131.0,0.0
MHImain,HKFE,2019-01-08 21:16:00,26043.0,26181.0,26011.0,26046.0,14421.0,376358419.0,0.0
MHImain,HKFE,2019-01-09 01:16:00,26046.0,26605.0,26046.0,26486.0,39708.0,1048513537.0,0.0
MHImain,HKFE,2019-01-09 11:31:00,26488.0,26651.0,26423.0,26521.0,33133.0,878794882.0,0.0
MHImain,HKFE,2019-01-09 17:15:00,26525.0,26611.0,26482.0,26551.0,8813.0,233889832.0,0.0
MHImain,HKFE,2019-01-09 21:16:00,26552.0,26629.0,26482.0,26588.0,14906.0,395963452.0,0.0
MHImain,HKFE,2019-01-10 01:16:00,26588.0,26588.0,26228.0,26484.0,42943.0,1132123185.0,0.0
MHImain,HKFE,2019-01-10 11:31:00,26485.0,26637.0,26415.0,26470.0,36422.0,965567843.0,0.0
MHImain,HKFE,2019-01-10 17:15:00,26479.0,26586.0,26459.0,26572.0,6180.0,164003882.0,0.0
MHImain,HKFE,2019-01-10 21:16:00,26573.0,26700.0,26527.0,26669.0,11675.0,310534702.0,0.0
MHImain,HKFE,2019-01-11 01:16:00,26669.0,26745.0,26511.0,26586.0,41286.0,1098625717.0,0.0
MHImain,HKFE,2019-01-11 11:31:00,26585.0,26725.0,26561.0,26699.0,27426.0,730880758.0,0.0
MHImain,HKFE,2019-01-11 17:15:00,26699.0,26738.0,26573.0,26610.0,6231.0,166164069.0,0.0
MHImain,HKFE,2019-01-11 21:16:00,26610.0,26683.0,26551.0,26651.0,11958.0,318213257.0,0.0
MHImain,HKFE,2019-01-12 01:16:00,26651.0,26651.0,26651.0,26651.0,0.0,0.0,0.0
MHImain,HKFE,2019-01-14 01:16:00,26612.0,26615.0,26164.0,26229.0,39402.0,1038489724.0,0.0
MHImain,HKFE,2019-01-14 11:31:00,26229.0,26312.0,26220.0,26304.0,23058.0,605695914.0,0.0
MHImain,HKFE,2019-01-14 17:15:00,26305.0,26349.0,26254.0,26305.0,6176.0,162422347.0,0.0
MHImain,HKFE,2019-01-14 21:16:00,26304.0,26462.0,26291.0,26455.0,12049.0,317851094.0,0.0
MHImain,HKFE,2019-01-15 01:16:00,26455.0,26874.0,26435.0,26831.0,47493.0,1265249219.0,0.0
MHImain,HKFE,2019-01-15 11:31:00,26831.0,26859.0,26689.0,26749.0,28419.0,761139161.0,0.0
MHImain,HKFE,2019-01-15 17:15:00,26739.0,26743.0,26595.0,26635.0,8718.0,232572126.0,0.0
MHImain,HKFE,2019-01-15 21:16:00,26638.0,26770.0,26615.0,26726.0,14995.0,400155932.0,0.0
MHImain,HKFE,2019-01-16 01:16:00,26726.0,26864.0,26559.0,26820.0,40540.0,1083198141.0,0.0
MHImain,HKFE,2019-01-16 11:31:00,26820.0,26937.0,26768.0,26902.0,29580.0,794728713.0,0.0
MHImain,HKFE,2019-01-16 17:15:00,26901.0,26914.0,26778.0,26837.0,6744.0,180915503.0,0.0
MHImain,HKFE,2019-01-16 21:16:00,26837.0,27001.0,26804.0,26995.0,12724.0,342626076.0,0.0
MHImain,HKFE,2019-01-17 01:16:00,26995.0,27042.0,26666.0,26970.0,47795.0,1283404809.0,0.0
MHImain,HKFE,2019-01-17 11:31:00,26970.0,27018.0,26715.0,26776.0,37118.0,996704050.0,0.0
MHImain,HKFE,2019-01-17 17:15:00,26770.0,26852.0,26763.0,26810.0,6412.0,171919806.0,0.0
MHImain,HKFE,2019-01-17 21:16:00,26806.0,26920.0,26784.0,26885.0,11183.0,300403461.0,0.0
MHImain,HKFE,2019-01-18 01:16:00,26885.0,27144.0,26885.0,27039.0,39734.0,1074426804.0,0.0
MHImain,HKFE,2019-01-18 11:31:00,27040.0,27119.0,27005.0,27100.0,22823.0,617837698.0,0.0
MHImain,HKFE,2019-01-18 17:15:00,27113.0,27185.0,27079.0,27172.0,5509.0,149487877.0,0.0
MHImain,HKFE,2019-01-18 21:16:00,27172.0,27363.0,27164.0,27360.0,14844.0,404598543.0,0.0
MHImain,HKFE,2019-01-19 01:16:00,27360.0,27360.0,27360.0,27360.0,0.0,0.0,0.0
MHImain,HKFE,2019-01-21 01:16:00,27237.0,27348.0,27013.0,27147.0,46156.0,1254859123.0,0.0
MHImain,HKFE,2019-01-21 11:31:00,27146.0,27245.0,27118.0,27241.0,20969.0,569958243.0,0.0
MHImain,HKFE,2019-01-21 17:15:00,27235.0,27258.0,27156.0,27209.0,5113.0,139127975.0,0.0
MHImain,HKFE,2019-01-21 21:16:00,27209.0,27241.0,27181.0,27231.0,3963.0,107840551.0,0.0
MHImain,HKFE,2019-01-22 01:16:00,27231.0,27271.0,26972.0,27000.0,43145.0,1169288170.0,0.0
MHImain,HKFE,2019-01-22 11:31:00,27002.0,27009.0,26835.0,27005.0,34410.0,926045583.0,0.0
MHImain,HKFE,2019-01-22 17:15:00,27005.0,27041.0,26877.0,26964.0,8278.0,223166882.0,0.0
MHImain,HKFE,2019-01-22 21:16:00,26964.0,26999.0,26888.0,26890.0,11599.0,312507918.0,0.0
MHImain,HKFE,2019-01-23 01:16:00,26890.0,27160.0,26874.0,27058.0,42924.0,1161163322.0,0.0
MHImain,HKFE,2019-01-23 11:31:00,27057.0,27069.0,26936.0,26990.0,25373.0,685167664.0,0.0
MHImain,HKFE,2019-01-23 17:15:00,27012.0,27164.0,27012.0,27146.0,7515.0,203670241.0,0.0
MHImain,HKFE,2019-01-23 21:16:00,27144.0,27148.0,26940.0,26947.0,12004.0,325077001.0,0.0
MHImain,HKFE,2019-01-24 01:16:00,26947.0,27109.0,26873.0,27055.0,42290.0,1141988575.0,0.0
MHImain,HKFE,2019-01-24 11:31:00,27056.0,27132.0,27030.0,27092.0,24565.0,665440025.0,0.0
MHImain,HKFE,2019-01-24 17:15:00,27096.0,27224.0,27096.0,27182.0,7358.0,199992977.0,0.0
MHImain,HKFE,2019-01-24 21:16:00,27181.0,27261.0,27105.0,27250.0,12993.0,353080282.0,0.0
MHImain,HKFE,2019-01-25 01:16:00,27250.0,27541.0,27209.0,27508.0,42533.0,1165665970.0,0.0
MHImain,HKFE,2019-01-25 11:31:00,27509.0,27618.0,27464.0,27610.0,23496.0,647055884.0,0.0
MHImain,HKFE,2019-01-25 17:15:00,27612.0,27643.0,27581.0,27615.0,6188.0,170883188.0,0.0
MHImain,HKFE,2019-01-25 21:16:00,27617.0,27798.0,27610.0,27790.0,12230.0,338750440.0,0.0
MHImain,HKFE,2019-01-26 01:16:00,27790.0,27790.0,27790.0,27790.0,0.0,0.0,0.0
MHImain,HKFE,2019-01-28 01:16:00,27690.0,27814.0,27607.0,27660.0,37132.0,1029150424.0,0.0
MHImain,HKFE,2019-01-28 11:31:00,27657.0,27705.0,27453.0,27563.0,29802.0,821782367.0,0.0
MHImain,HKFE,2019-01-28 17:15:00,27580.0,27621.0,27519.0,27530.0,4807.0,132528280.0,0.0
MHImain,HKFE,2019-01-28 21:16:00,27531.0,27532.0,27362.0,27388.0,14561.0,399548230.0,0.0
MHImain,HKFE,2019-01-29 01:16:00,27388.0,27518.0,27329.0,27445.0,29891.0,819767292.0,0.0
MHImain,HKFE,2019-01-29 11:31:00,27444.0,27581.0,27424.0,27567.0,17827.0,490436922.0,0.0
MHImain,HKFE,2019-01-29 17:15:00,27572.0,27667.0,27572.0,27635.0,3930.0,108583381.0,0.0
MHImain,HKFE,2019-01-29 21:16:00,27632.0,27659.0,27562.0,27596.0,5323.0,146989163.0,0.0
MHImain,HKFE,2019-01-30 01:16:00,27596.0,27611.0,27376.0,27583.0,7387.0,203063037.0,0.0
MHImain,HKFE,2019-01-30 11:31:00,27582.0,27608.0,27541.0,27552.0,3324.0,91615427.0,0.0
MHImain,HKFE,2019-01-30 17:15:00,27651.0,27743.0,27626.0,27736.0,5196.0,143902694.0,0.0
MHImain,HKFE,2019-01-30 21:16:00,27737.0,27737.0,27633.0,27656.0,8223.0,227560147.0,0.0
MHImain,HKFE,2019-01-31 01:16:00,27656.0,27965.0,27656.0,27938.0,38160.0,1062377564.0,0.0
MHImain,HKFE,2019-01-31 11:31:00,27938.0,28072.0,27850.0,28054.0,24948.0,696569358.0,0.0
MHImain,HKFE,2019-01-31 17:15:00,28050.0,28050.0,27939.0,28008.0,6616.0,185183413.0,0.0
MHImain,HKFE,2019-01-31 21:16:00,28009.0,28130.0,27919.0,28121.0,12558.0,351805486.0,0.0
MHImain,HKFE,2019-02-01 01:16:00,28121.0,28200.0,27815.0,27895.0,40503.0,1131728642.0,0.0
MHImain,HKFE,2019-02-01 11:31:00,27894.0,27900.0,27744.0,27859.0,24788.0,689842344.0,0.0
MHImain,HKFE,2019-02-01 17:15:00,27852.0,27886.0,27765.0,27773.0,4533.0,126164407.0,0.0
MHImain,HKFE,2019-02-01 21:16:00,27771.0,27933.0,27727.0,27924.0,13091.0,364461301.0,0.0
MHImain,HKFE,2019-02-02 01:16:00,27924.0,27924.0,27924.0,27924.0,0.0,0.0,0.0
MHImain,HKFE,2019-02-04 01:16:00,27905.0,27950.0,27780.0,27898.0,18062.0,503571373.0,0.0
MHImain,HKFE,2019-02-04 11:31:00,27898.0,27912.0,27835.0,27835.0,2437.0,67951649.0,0.0
MHImain,HKFE,2019-02-04 17:15:00,27835.0,27835.0,27835.0,27835.0,0.0,0.0,0.0
MHImain,HKFE,2019-02-08 01:16:00,27670.0,27755.0,27450.0,27712.0,28461.0,785750555.0,0.0
MHImain,HKFE,2019-02-08 11:31:00,27716.0,27960.0,27714.0,27948.0,24093.0,671100826.0,0.0
MHImain,HKFE,2019-02-08 17:15:00,27960.0,28027.0,27895.0,27954.0,5373.0,150206389.0,0.0
MHImain,HKFE,2019-02-08 21:16:00,27954.0,27964.0,27758.0,27819.0,9994.0,278325439.0,0.0
MHImain,HKFE,2019-02-09 01:16:00,27819.0,27819.0,27819.0,27819.0,0.0,0.0,0.0
MHImain,HKFE,2019-02-11 01:16:00,27914.0,27985.0,27759.0,27939.0,34237.0,954471782.0,0.0
MHImain,HKFE,2019-02-11 11:31:00,27938.0,28157.0,27882.0,28128.0,23736.0,664809376.0,0.0
MHImain,HKFE,2019-02-11 17:15:00,28155.0,28236.0,28133.0,28185.0,5666.0,159658868.0,0.0
MHImain,HKFE,2019-02-11 21:16:00,28185.0,28218.0,28088.0,28099.0,8935.0,251465824.0,0.0
MHImain,HKFE,2019-02-12 01:16:00,28099.0,28186.0,27916.0,28150.0,33774.0,947228656.0,0.0
MHImain,HKFE,2019-02-12 11:31:00,28150.0,28164.0,28070.0,28123.0,20082.0,564631337.0,0.0
MHImain,HKFE,2019-02-12 17:15:00,28128.0,28176.0,28112.0,28138.0,3139.0,88353335.0,0.0
MHImain,HKFE,2019-02-12 21:16:00,28138.0,28190.0,28108.0,28144.0,6412.0,180501292.0,0.0
MHImain,HKFE,2019-02-13 01:16:00,28144.0,28375.0,28103.0,28365.0,39156.0,1105305152.0,0.0
MHImain,HKFE,2019-02-13 11:31:00,28367.0,28509.0,28332.0,28409.0,26476.0,752730303.0,0.0
MHImain,HKFE,2019-02-13 17:15:00,28400.0,28452.0,28335.0,28437.0,5738.0,162920378.0,0.0
MHImain,HKFE,2019-02-13 21:16:00,28440.0,28496.0,28322.0,28354.0,9365.0,266236929.0,0.0
MHImain,HKFE,2019-02-14 01:16:00,28354.0,28441.0,28219.0,28279.0,37335.0,1057044177.0,0.0
MHImain,HKFE,2019-02-14 11:31:00,28278.0,28444.0,28261.0,28345.0,23625.0,670190325.0,0.0
MHImain,HKFE,2019-02-14 17:15:00,28345.0,28383.0,28320.0,28370.0,3276.0,92888073.0,0.0
MHImain,HKFE,2019-02-14 21:16:00,28370.0,28396.0,28106.0,28190.0,21106.0,595308599.0,0.0
MHImain,HKFE,2019-02-15 01:16:00,28190.0,28238.0,27875.0,27925.0,39730.0,1113473989.0,0.0
MHImain,HKFE,2019-02-15 11:31:00,27926.0,27949.0,27781.0,27866.0,30908.0,860781781.0,0.0
MHImain,HKFE,2019-02-15 17:15:00,27878.0,28030.0,27860.0,28015.0,9752.0,272648638.0,0.0
MHImain,HKFE,2019-02-15 21:16:00,28014.0,28179.0,27981.0,28125.0,14757.0,414634180.0,0.0
MHImain,HKFE,2019-02-16 01:16:00,28125.0,28125.0,28125.0,28125.0,0.0,0.0,0.0
MHImain,HKFE,2019-02-18 01:16:00,28204.0,28383.0,28128.0,28337.0,32565.0,921255085.0,0.0
MHImain,HKFE,2019-02-18 11:31:00,28335.0,28369.0,28259.0,28334.0,19400.0,549460513.0,0.0
MHImain,HKFE,2019-02-18 17:15:00,28310.0,28371.0,28285.0,28331.0,4347.0,123169055.0,0.0
MHImain,HKFE,2019-02-18 21:16:00,28334.0,28359.0,28306.0,28324.0,3376.0,95657818.0,0.0
MHImain,HKFE,2019-02-19 01:16:00,28324.0,28448.0,28256.0,28359.0,37049.0,1051148695.0,0.0
MHImain,HKFE,2019-02-19 11:31:00,28360.0,28360.0,28128.0,28154.0,32949.0,930195209.0,0.0
MHImain,HKFE,2019-02-19 17:15:00,28150.0,28150.0,28039.0,28095.0,6791.0,190742283.0,0.0
MHImain,HKFE,2019-02-19 21:16:00,28097.0,28314.0,28067.0,28301.0,11315.0,318963652.0,0.0
MHImain,HKFE,2019-02-20 01:16:00,28301.0,28573.0,28268.0,28389.0,39501.0,1124706576.0,0.0
MHImain,HKFE,2019-02-20 11:31:00,28388.0,28513.0,28297.0,28504.0,28471.0,809009522.0,0.0
MHImain,HKFE,2019-02-20 17:15:00,28493.0,28518.0,28444.0,28484.0,4640.0,132124430.0,0.0
MHImain,HKFE,2019-02-20 21:16:00,28485.0,28672.0,28485.0,28669.0,10148.0,290051747.0,0.0
MHImain,HKFE,2019-02-21 01:16:00,28669.0,28688.0,28364.0,28667.0,42620.0,1216158384.0,0.0
MHImain,HKFE,2019-02-21 11:31:00,28667.0,28788.0,28521.0,28655.0,39180.0,1122420625.0,0.0
MHImain,HKFE,2019-02-21 17:15:00,28651.0,28684.0,28587.0,28639.0,6691.0,191607850.0,0.0
MHImain,HKFE,2019-02-21 21:16:00,28639.0,28646.0,28456.0,28494.0,13239.0,377790305.0,0.0
MHImain,HKFE,2019-02-22 01:16:00,28494.0,28594.0,28417.0,28558.0,39855.0,1136056593.0,0.0
MHImain,HKFE,2019-02-22 11:31:00,28558.0,28865.0,28535.0,28807.0,32576.0,934445313.0,0.0
MHImain,HKFE,2019-02-22 17:15:00,28810.0,28892.0,28810.0,28852.0,5976.0,172439699.0,0.0
MHImain,HKFE,2019-02-22 21:16:00,28851.0,28881.0,28770.0,28848.0,10794.0,311201901.0,0.0
MHImain,HKFE,2019-02-23 01:16:00,28848.0,28848.0,28848.0,28848.0,0.0,0.0,0.0
MHImain,HKFE,2019-02-25 01:16:00,28935.0,29019.0,28740.0,28898.0,47141.0,1361783586.0,0.0
MHImain,HKFE,2019-02-25 11:31:00,28898.0,28991.0,28812.0,28892.0,32460.0,938367982.0,0.0
MHImain,HKFE,2019-02-25 17:15:00,28910.0,28962.0,28903.0,28943.0,3498.0,101201913.0,0.0
MHImain,HKFE,2019-02-25 21:16:00,28941.0,29113.0,28933.0,29065.0,10410.0,302242638.0,0.0
MHImain,HKFE,2019-02-26 01:16:00,29065.0,29065.0,28743.0,28818.0,36897.0,1064748819.0,0.0
MHImain,HKFE,2019-02-26 11:31:00,28823.0,28863.0,28703.0,28732.0,25323.0,728774311.0,0.0
MHImain,HKFE,2019-02-26 17:15:00,28725.0,28813.0,28685.0,28798.0,4207.0,120954397.0,0.0
MHImain,HKFE,2019-02-26 21:16:00,28798.0,28863.0,28738.0,28828.0,5589.0,160971945.0,0.0
MHImain,HKFE,2019-02-27 01:16:00,28828.0,28942.0,28807.0,28910.0,5726.0,165362003.0,0.0
MHImain,HKFE,2019-02-27 11:31:00,28910.0,28960.0,28851.0,28863.0,2918.0,84325327.0,0.0
MHImain,HKFE,2019-02-27 17:15:00,28735.0,28816.0,28679.0,28791.0,5992.0,172332282.0,0.0
MHImain,HKFE,2019-02-27 21:16:00,28792.0,28833.0,28685.0,28776.0,11984.0,344590117.0,0.0
MHImain,HKFE,2019-02-28 01:16:00,28776.0,28913.0,28646.0,28766.0,45745.0,1316739780.0,0.0
MHImain,HKFE,2019-02-28 11:31:00,28766.0,28847.0,28562.0,28661.0,38533.0,1105821765.0,0.0
MHImain,HKFE,2019-02-28 17:15:00,28661.0,28757.0,28655.0,28696.0,6141.0,176393478.0,0.0
MHImain,HKFE,2019-02-28 21:16:00,28696.0,28741.0,28581.0,28648.0,13661.0,391506976.0,0.0
MHImain,HKFE,2019-03-01 01:16:00,28648.0,28839.0,28648.0,28730.0,41467.0,1191553342.0,0.0
MHImain,HKFE,2019-03-01 11:31:00,28730.0,28821.0,28672.0,28736.0,28594.0,821887987.0,0.0
MHImain,HKFE,2019-03-01 17:15:00,28748.0,28803.0,28748.0,28768.0,3957.0,113869157.0,0.0
MHImain,HKFE,2019-03-01 21:16:00,28767.0,28807.0,28642.0,28663.0,10414.0,299335617.0,0.0
MHImain,HKFE,2019-03-02 01:16:00,28663.0,28663.0,28663.0,28663.0,0.0,0.0,0.0
MHImain,HKFE,2019-03-04 01:16:00,28853.0,28937.0,28724.0,28924.0,36725.0,1058256172.0,0.0
MHImain,HKFE,2019-03-04 11:31:00,28925.0,29255.0,28841.0,28881.0,51399.0,1492473555.0,0.0
MHImain,HKFE,2019-03-04 17:15:00,28885.0,28946.0,28869.0,28938.0,4919.0,142197015.0,0.0
MHImain,HKFE,2019-03-04 21:16:00,28939.0,28963.0,28615.0,28636.0,12193.0,351569875.0,0.0
MHImain,HKFE,2019-03-05 01:16:00,28636.0,28962.0,28636.0,28884.0,57127.0,1644999284.0,0.0
MHImain,HKFE,2019-03-05 11:31:00,28883.0,28988.0,28833.0,28894.0,35395.0,1023347771.0,0.0
MHImain,HKFE,2019-03-05 17:15:00,28896.0,28954.0,28846.0,28885.0,5587.0,161453378.0,0.0
MHImain,HKFE,2019-03-05 21:16:00,28885.0,29019.0,28850.0,28976.0,11762.0,340137810.0,0.0
MHImain,HKFE,2019-03-06 01:16:00,28976.0,29086.0,28868.0,29011.0,42790.0,1240262777.0,0.0
MHImain,HKFE,2019-03-06 11:31:00,29012.0,29066.0,28943.0,29029.0,29423.0,853515765.0,0.0
MHImain,HKFE,2019-03-06 17:15:00,29028.0,29046.0,29009.0,29026.0,2911.0,84504551.0,0.0
MHImain,HKFE,2019-03-06 21:16:00,29029.0,29092.0,28992.0,28992.0,9336.0,271151869.0,0.0
MHImain,HKFE,2019-03-07 01:16:00,28992.0,29010.0,28807.0,28908.0,44801.0,1295872842.0,0.0
MHImain,HKFE,2019-03-07 11:31:00,28910.0,28914.0,28725.0,28729.0,36239.0,1044203386.0,0.0
MHImain,HKFE,2019-03-07 17:15:00,28739.0,28769.0,28690.0,28757.0,6598.0,189547846.0,0.0
MHImain,HKFE,2019-03-07 21:16:00,28756.0,28783.0,28488.0,28530.0,20455.0,584835489.0,0.0
MHImain,HKFE,2019-03-08 01:16:00,28530.0,28530.0,28295.0,28380.0,49224.0,1397747046.0,0.0
MHImain,HKFE,2019-03-08 11:31:00,28379.0,28385.0,28175.0,28230.0,38825.0,1098151878.0,0.0
MHImain,HKFE,2019-03-08 17:15:00,28240.0,28265.0,28119.0,28128.0,6799.0,191634983.0,0.0
MHImain,HKFE,2019-03-08 21:16:00,28129.0,28188.0,28015.0,28112.0,17786.0,499642411.0,0.0
MHImain,HKFE,2019-03-09 01:16:00,28112.0,28112.0,28112.0,28112.0,0.0,0.0,0.0
MHImain,HKFE,2019-03-11 01:16:00,28092.0,28428.0,28089.0,28405.0,44066.0,1247077902.0,0.0
MHImain,HKFE,2019-03-11 11:31:00,28405.0,28530.0,28356.0,28483.0,29047.0,825843967.0,0.0
MHImain,HKFE,2019-03-11 17:15:00,28483.0,28522.0,28445.0,28480.0,4557.0,129839456.0,0.0
MHImain,HKFE,2019-03-11 21:16:00,28481.0,28710.0,28465.0,28660.0,13555.0,387962908.0,0.0
MHImain,HKFE,2019-03-12 01:16:00,28750.0,28953.0,28727.0,28917.0,37110.0,1070388384.0,0.0
MHImain,HKFE,2019-03-12 11:31:00,28917.0,28990.0,28810.0,28905.0,31380.0,906940637.0,0.0
MHImain,HKFE,2019-03-12 17:15:00,28917.0,28941.0,28819.0,28900.0,7731.0,223299624.0,0.0
MHImain,HKFE,2019-03-12 21:16:00,28902.0,28961.0,28838.0,28929.0,11149.0,322340293.0,0.0
MHImain,HKFE,2019-03-13 01:16:00,28929.0,28965.0,28711.0,28784.0,47232.0,1361293862.0,0.0
MHImain,HKFE,2019-03-13 11:31:00,28785.0,28875.0,28733.0,28818.0,30858.0,888917137.0,0.0
MHImain,HKFE,2019-03-13 17:15:00,28822.0,28951.0,28822.0,28933.0,6483.0,187329574.0,0.0
MHImain,HKFE,2019-03-13 21:16:00,28935.0,28995.0,28889.0,28949.0,9253.0,267802435.0,0.0
MHImain,HKFE,2019-03-14 01:16:00,28949.0,28961.0,28769.0,28777.0,45582.0,1316497820.0,0.0
MHImain,HKFE,2019-03-14 11:31:00,28778.0,28898.0,28675.0,28895.0,36955.0,1064431894.0,0.0
MHImain,HKFE,2019-03-14 17:15:00,28898.0,28945.0,28804.0,28848.0,9301.0,268520517.0,0.0
MHImain,HKFE,2019-03-14 21:16:00,28850.0,28871.0,28757.0,28799.0,11655.0,335774933.0,0.0
MHImain,HKFE,2019-03-15 01:16:00,28799.0,29249.0,28799.0,29155.0,53073.0,1541367807.0,0.0
MHImain,HKFE,2019-03-15 11:31:00,29156.0,29175.0,29013.0,29046.0,34075.0,991669730.0,0.0
MHImain,HKFE,2019-03-15 17:15:00,29049.0,29138.0,29046.0,29048.0,5910.0,171946050.0,0.0
MHImain,HKFE,2019-03-15 21:16:00,29048.0,29203.0,29043.0,29179.0,12394.0,361108429.0,0.0
MHImain,HKFE,2019-03-16 01:16:00,29179.0,29179.0,29179.0,29179.0,0.0,0.0,0.0
MHImain,HKFE,2019-03-18 01:16:00,29139.0,29368.0,29061.0,29266.0,48015.0,1401868773.0,0.0
MHImain,HKFE,2019-03-18 11:31:00,29265.0,29443.0,29231.0,29385.0,31241.0,916571961.0,0.0
MHImain,HKFE,2019-03-18 17:15:00,29385.0,29476.0,29364.0,29430.0,6152.0,180984160.0,0.0
MHImain,HKFE,2019-03-18 21:16:00,29430.0,29492.0,29363.0,29379.0,10277.0,302367915.0,0.0
MHImain,HKFE,2019-03-19 01:16:00,29379.0,29504.0,29360.0,29394.0,37113.0,1092254472.0,0.0
MHImain,HKFE,2019-03-19 11:31:00,29394.0,29540.0,29334.0,29491.0,34800.0,1023643956.0,0.0
MHImain,HKFE,2019-03-19 17:15:00,29492.0,29630.0,29492.0,29591.0,7247.0,214347842.0,0.0
MHImain,HKFE,2019-03-19 21:16:00,29590.0,29619.0,29488.0,29520.0,10899.0,322180922.0,0.0
MHImain,HKFE,2019-03-20 01:16:00,29520.0,29520.0,29261.0,29317.0,49187.0,1443907638.0,0.0
MHImain,HKFE,2019-03-20 11:31:00,29316.0,29443.0,29300.0,29330.0,29737.0,873451737.0,0.0
MHImain,HKFE,2019-03-20 17:15:00,29326.0,29349.0,29281.0,29309.0,6791.0,199080758.0,0.0
MHImain,HKFE,2019-03-20 21:16:00,29308.0,29338.0,29152.0,29192.0,12831.0,375468447.0,0.0
MHImain,HKFE,2019-03-21 01:16:00,29192.0,29477.0,29192.0,29403.0,44829.0,1318269114.0,0.0
MHImain,HKFE,2019-03-21 11:31:00,29404.0,29423.0,29070.0,29111.0,42723.0,1249467682.0,0.0
MHImain,HKFE,2019-03-21 17:15:00,29104.0,29129.0,28928.0,29004.0,10581.0,306926151.0,0.0
MHImain,HKFE,2019-03-21 21:16:00,29002.0,29198.0,28999.0,29137.0,15676.0,456320592.0,0.0
MHImain,HKFE,2019-03-22 01:16:00,29137.0,29270.0,28840.0,28891.0,49318.0,1434511938.0,0.0
MHImain,HKFE,2019-03-22 11:31:00,28892.0,29125.0,28884.0,29082.0,34516.0,1001286684.0,0.0
MHImain,HKFE,2019-03-22 17:15:00,29055.0,29055.0,28868.0,28914.0,9815.0,283909524.0,0.0
MHImain,HKFE,2019-03-22 21:16:00,28913.0,28962.0,28630.0,28668.0,22112.0,636629480.0,0.0
MHImain,HKFE,2019-03-23 01:16:00,28668.0,28668.0,28668.0,28668.0,0.0,0.0,0.0
MHImain,HKFE,2019-03-25 01:16:00,28508.0,28682.0,28423.0,28575.0,38253.0,1093481430.0,0.0
MHImain,HKFE,2019-03-25 11:31:00,28575.0,28655.0,28445.0,28520.0,32279.0,921179269.0,0.0
MHImain,HKFE,2019-03-25 17:15:00,28535.0,28610.0,28525.0,28575.0,8436.0,240993961.0,0.0
MHImain,HKFE,2019-03-25 21:16:00,28572.0,28668.0,28501.0,28637.0,17738.0,507023834.0,0.0
MHImain,HKFE,2019-03-26 01:16:00,28637.0,28755.0,28523.0,28558.0,35438.0,1014782617.0,0.0
MHImain,HKFE,2019-03-26 11:31:00,28559.0,28576.0,28410.0,28537.0,29773.0,848373534.0,0.0
MHImain,HKFE,2019-03-26 17:15:00,28535.0,28648.0,28532.0,28637.0,7041.0,201396395.0,0.0
MHImain,HKFE,2019-03-26 21:16:00,28638.0,28711.0,28596.0,28619.0,11052.0,316755200.0,0.0
MHImain,HKFE,2019-03-27 01:16:00,28619.0,28744.0,28535.0,28690.0,33619.0,963115468.0,0.0
MHImain,HKFE,2019-03-27 11:31:00,28691.0,28788.0,28671.0,28685.0,24771.0,711735801.0,0.0
MHImain,HKFE,2019-03-27 17:15:00,28688.0,28729.0,28641.0,28694.0,5905.0,169367199.0,0.0
MHImain,HKFE,2019-03-27 21:16:00,28698.0,28743.0,28531.0,28640.0,10044.0,287669934.0,0.0
MHImain,HKFE,2019-03-28 01:16:00,28640.0,28739.0,28559.0,28710.0,5679.0,162666095.0,0.0
MHImain,HKFE,2019-03-28 11:31:00,28708.0,28733.0,28690.0,28718.0,2016.0,57881940.0,0.0
MHImain,HKFE,2019-03-28 17:15:00,28771.0,28825.0,28745.0,28764.0,7279.0,209508364.0,0.0
MHImain,HKFE,2019-03-28 21:16:00,28767.0,28863.0,28736.0,28778.0,13719.0,395070164.0,0.0
MHImain,HKFE,2019-03-29 01:16:00,28778.0,29077.0,28770.0,29052.0,44936.0,1299683893.0,0.0
MHImain,HKFE,2019-03-29 11:31:00,29053.0,29179.0,29008.0,29075.0,27999.0,814481364.0,0.0
MHImain,HKFE,2019-03-29 17:15:00,29073.0,29178.0,29035.0,29160.0,7194.0,209401550.0,0.0
MHImain,HKFE,2019-03-29 21:16:00,29158.0,29196.0,29073.0,29190.0,11945.0,348150177.0,0.0
MHImain,HKFE,2019-03-30 01:16:00,29190.0,29190.0,29190.0,29190.0,0.0,0.0,0.0
MHImain,HKFE,2019-04-01 01:16:00,29439.0,29679.0,29380.0,29584.0,43368.0,1282313427.0,0.0
MHImain,HKFE,2019-04-01 11:31:00,29584.0,29627.0,29544.0,29596.0,20344.0,601929565.0,0.0
MHImain,HKFE,2019-04-01 17:15:00,29588.0,29630.0,29566.0,29628.0,4631.0,137071198.0,0.0
MHImain,HKFE,2019-04-01 21:16:00,29628.0,29674.0,29569.0,29672.0,9638.0,285499793.0,0.0
MHImain,HKFE,2019-04-02 01:16:00,29672.0,29718.0,29583.0,29638.0,34811.0,1032379910.0,0.0
MHImain,HKFE,2019-04-02 11:31:00,29637.0,29748.0,29615.0,29738.0,20074.0,595361260.0,0.0
MHImain,HKFE,2019-04-02 17:15:00,29730.0,29788.0,29705.0,29747.0,5928.0,176382298.0,0.0
MHImain,HKFE,2019-04-02 21:16:00,29746.0,29766.0,29645.0,29725.0,9749.0,289674264.0,0.0
MHImain,HKFE,2019-04-03 01:16:00,29725.0,29988.0,29725.0,29889.0,38903.0,1163097830.0,0.0
MHImain,HKFE,2019-04-03 11:31:00,29890.0,30058.0,29889.0,29963.0,33095.0,992100843.0,0.0
MHImain,HKFE,2019-04-03 17:15:00,29959.0,29993.0,29948.0,29971.0,4087.0,122491727.0,0.0
MHImain,HKFE,2019-04-03 21:16:00,29974.0,30132.0,29972.0,30070.0,11883.0,357196249.0,0.0
MHImain,HKFE,2019-04-04 01:16:00,30070.0,30104.0,29812.0,29881.0,42301.0,1268199294.0,0.0
MHImain,HKFE,2019-04-04 11:31:00,29881.0,30044.0,29858.0,30004.0,26549.0,794578298.0,0.0
MHImain,HKFE,2019-04-04 17:15:00,30001.0,30040.0,29980.0,30014.0,4613.0,138435584.0,0.0
MHImain,HKFE,2019-04-04 21:16:00,30014.0,30118.0,30009.0,30113.0,11409.0,343038448.0,0.0
MHImain,HKFE,2019-04-05 01:16:00,30113.0,30113.0,30113.0,30113.0,0.0,0.0,0.0
MHImain,HKFE,2019-04-08 01:16:00,30160.0,30220.0,30044.0,30061.0,34880.0,1050865974.0,0.0
MHImain,HKFE,2019-04-08 11:31:00,30061.0,30143.0,29965.0,30120.0,30488.0,916277610.0,0.0
MHImain,HKFE,2019-04-08 17:15:00,30115.0,30169.0,30101.0,30158.0,3973.0,119754528.0,0.0
MHImain,HKFE,2019-04-08 21:16:00,30159.0,30182.0,30085.0,30181.0,9200.0,277269076.0,0.0
MHImain,HKFE,2019-04-09 01:16:00,30181.0,30294.0,30071.0,30216.0,36604.0,1103714627.0,0.0
MHImain,HKFE,2019-04-09 11:31:00,30215.0,30248.0,30125.0,30202.0,25532.0,770894527.0,0.0
MHImain,HKFE,2019-04-09 17:15:00,30196.0,30273.0,30150.0,30177.0,6217.0,187823800.0,0.0
MHImain,HKFE,2019-04-09 21:16:00,30176.0,30179.0,30085.0,30090.0,11306.0,340545923.0,0.0
MHImain,HKFE,2019-04-10 01:16:00,30092.0,30144.0,29944.0,30105.0,39517.0,1187178154.0,0.0
MHImain,HKFE,2019-04-10 11:31:00,30104.0,30192.0,30074.0,30121.0,29597.0,891882697.0,0.0
MHImain,HKFE,2019-04-10 17:15:00,30121.0,30152.0,30074.0,30076.0,5211.0,156947139.0,0.0
MHImain,HKFE,2019-04-10 21:16:00,30076.0,30127.0,30034.0,30105.0,9221.0,277419740.0,0.0
MHImain,HKFE,2019-04-11 01:16:00,30105.0,30231.0,29799.0,29830.0,52570.0,1576535005.0,0.0
MHImain,HKFE,2019-04-11 11:31:00,29830.0,29962.0,29801.0,29821.0,33855.0,1011932001.0,0.0
MHImain,HKFE,2019-04-11 17:15:00,29821.0,29934.0,29821.0,29899.0,6120.0,182964742.0,0.0
MHImain,HKFE,2019-04-11 21:16:00,29899.0,29917.0,29795.0,29835.0,9633.0,287694947.0,0.0
MHImain,HKFE,2019-04-12 01:16:00,29835.0,29919.0,29704.0,29783.0,42990.0,1280942410.0,0.0
MHImain,HKFE,2019-04-12 11:31:00,29782.0,29990.0,29723.0,29950.0,32415.0,966708352.0,0.0
MHImain,HKFE,2019-04-12 17:15:00,29963.0,30216.0,29950.0,30187.0,12546.0,377731936.0,0.0
MHImain,HKFE,2019-04-12 21:16:00,30186.0,30186.0,30094.0,30162.0,11734.0,353676629.0,0.0
MHImain,HKFE,2019-04-13 01:16:00,30162.0,30162.0,30162.0,30162.0,0.0,0.0,0.0
MHImain,HKFE,2019-04-15 01:16:00,30160.0,30336.0,30127.0,30144.0,43338.0,1311099449.0,0.0
MHImain,HKFE,2019-04-15 11:31:00,30144.0,30144.0,29766.0,29822.0,48765.0,1462023663.0,0.0
MHImain,HKFE,2019-04-15 17:15:00,29830.0,29873.0,29809.0,29851.0,4541.0,135530272.0,0.0
MHImain,HKFE,2019-04-15 21:16:00,29851.0,29856.0,29685.0,29693.0,11442.0,340315401.0,0.0
MHImain,HKFE,2019-04-16 01:16:00,29693.0,30017.0,29693.0,29983.0,47985.0,1431648378.0,0.0
MHImain,HKFE,2019-04-16 11:31:00,29984.0,30188.0,29978.0,30118.0,35659.0,1072535981.0,0.0
MHImain,HKFE,2019-04-16 17:15:00,30125.0,30166.0,30088.0,30132.0,5009.0,150915098.0,0.0
MHImain,HKFE,2019-04-16 21:16:00,30131.0,30163.0,30084.0,30134.0,8322.0,250669235.0,0.0
MHImain,HKFE,2019-04-17 01:16:00,30134.0,30206.0,30008.0,30064.0,43692.0,1315569295.0,0.0
MHImain,HKFE,2019-04-17 11:31:00,30066.0,30189.0,30047.0,30155.0,26306.0,792409119.0,0.0
MHImain,HKFE,2019-04-17 17:15:00,30154.0,30204.0,30128.0,30200.0,3439.0,103739265.0,0.0
MHImain,HKFE,2019-04-17 21:16:00,30199.0,30234.0,30042.0,30110.0,13258.0,399474097.0,0.0
MHImain,HKFE,2019-04-18 01:16:00,30110.0,30110.0,29924.0,29941.0,38082.0,1143229144.0,0.0
MHImain,HKFE,2019-04-18 11:31:00,29943.0,30009.0,29882.0,29938.0,29301.0,877595596.0,0.0
MHImain,HKFE,2019-04-18 17:15:00,29967.0,30071.0,29938.0,30050.0,6392.0,191916286.0,0.0
MHImain,HKFE,2019-04-18 21:16:00,30048.0,30108.0,30013.0,30085.0,9480.0,285017556.0,0.0
MHImain,HKFE,2019-04-19 01:16:00,30085.0,30085.0,30085.0,30085.0,0.0,0.0,0.0
MHImain,HKFE,2019-04-23 01:16:00,29929.0,29996.0,29743.0,29979.0,39450.0,1178987083.0,0.0
MHImain,HKFE,2019-04-23 11:31:00,29979.0,30072.0,29830.0,29949.0,29765.0,891751897.0,0.0
MHImain,HKFE,2019-04-23 17:15:00,29946.0,29986.0,29905.0,29975.0,4064.0,121710881.0,0.0
MHImain,HKFE,2019-04-23 21:16:00,29975.0,30074.0,29921.0,30070.0,8719.0,261489581.0,0.0
MHImain,HKFE,2019-04-24 01:16:00,30070.0,30129.0,29651.0,29708.0,46644.0,1394189396.0,0.0
MHImain,HKFE,2019-04-24 11:31:00,29708.0,29860.0,29672.0,29760.0,35032.0,1043351642.0,0.0
MHImain,HKFE,2019-04-24 17:15:00,29765.0,29852.0,29751.0,29770.0,5635.0,167997450.0,0.0
MHImain,HKFE,2019-04-24 21:16:00,29772.0,29787.0,29629.0,29630.0,10783.0,320328364.0,0.0
MHImain,HKFE,2019-04-25 01:16:00,29630.0,29846.0,29629.0,29766.0,34081.0,1013813940.0,0.0
MHImain,HKFE,2019-04-25 11:31:00,29765.0,29817.0,29501.0,29518.0,37227.0,1103837944.0,0.0
MHImain,HKFE,2019-04-25 17:15:00,29527.0,29571.0,29475.0,29520.0,6519.0,192407418.0,0.0
MHImain,HKFE,2019-04-25 21:16:00,29518.0,29551.0,29413.0,29527.0,12266.0,361646508.0,0.0
MHImain,HKFE,2019-04-26 01:16:00,29527.0,29684.0,29448.0,29606.0,33525.0,991893543.0,0.0
MHImain,HKFE,2019-04-26 11:31:00,29606.0,29666.0,29496.0,29580.0,25263.0,747328521.0,0.0
MHImain,HKFE,2019-04-26 17:15:00,29574.0,29697.0,29551.0,29680.0,5363.0,158906403.0,0.0
MHImain,HKFE,2019-04-26 21:16:00,29676.0,29721.0,29608.0,29705.0,7117.0,211176288.0,0.0
MHImain,HKFE,2019-04-27 01:16:00,29705.0,29705.0,29705.0,29705.0,0.0,0.0,0.0
MHImain,HKFE,2019-04-29 01:16:00,29718.0,29836.0,29628.0,29818.0,8034.0,238887943.0,0.0
MHImain,HKFE,2019-04-29 11:31:00,29817.0,29832.0,29787.0,29817.0,2441.0,72773795.0,0.0
MHImain,HKFE,2019-04-29 17:15:00,29665.0,29683.0,29607.0,29646.0,4586.0,135878716.0,0.0
MHImain,HKFE,2019-04-29 21:16:00,29646.0,29678.0,29613.0,29674.0,6473.0,191908978.0,0.0
MHImain,HKFE,2019-04-30 01:16:00,29674.0,29674.0,29368.0,29522.0,46030.0,1357341171.0,0.0
MHImain,HKFE,2019-04-30 11:31:00,29523.0,29575.0,29412.0,29466.0,25840.0,761831306.0,0.0
MHImain,HKFE,2019-04-30 17:15:00,29466.0,29550.0,29466.0,29508.0,4654.0,137341547.0,0.0
MHImain,HKFE,2019-04-30 21:16:00,29507.0,29529.0,29413.0,29478.0,9398.0,277027740.0,0.0
MHImain,HKFE,2019-05-01 01:16:00,29478.0,29478.0,29478.0,29478.0,0.0,0.0,0.0
MHImain,HKFE,2019-05-02 01:16:00,29407.0,29652.0,29391.0,29646.0,28597.0,844837861.0,0.0
MHImain,HKFE,2019-05-02 11:31:00,29646.0,29736.0,29605.0,29652.0,21116.0,626460850.0,0.0
MHImain,HKFE,2019-05-02 17:15:00,29658.0,29714.0,29633.0,29639.0,4950.0,146880405.0,0.0
MHImain,HKFE,2019-05-02 21:16:00,29640.0,29688.0,29472.0,29527.0,13818.0,408776637.0,0.0
MHImain,HKFE,2019-05-03 01:16:00,29527.0,29686.0,29412.0,29678.0,33175.0,979282638.0,0.0
MHImain,HKFE,2019-05-03 11:31:00,29679.0,29874.0,29676.0,29866.0,25666.0,764545632.0,0.0
MHImain,HKFE,2019-05-03 17:15:00,29866.0,29934.0,29831.0,29923.0,6100.0,182250167.0,0.0
MHImain,HKFE,2019-05-03 21:16:00,29924.0,30046.0,29894.0,30017.0,10261.0,307696078.0,0.0
MHImain,HKFE,2019-05-04 01:16:00,30017.0,30017.0,30017.0,30017.0,0.0,0.0,0.0
MHImain,HKFE,2019-05-06 01:16:00,29317.0,29352.0,28688.0,28826.0,51866.0,1501833331.0,0.0
MHImain,HKFE,2019-05-06 11:31:00,28828.0,28994.0,28778.0,28968.0,38212.0,1103703760.0,0.0
MHImain,HKFE,2019-05-06 17:15:00,28955.0,29022.0,28926.0,28945.0,5851.0,169514592.0,0.0
MHImain,HKFE,2019-05-06 21:16:00,28944.0,29193.0,28927.0,29112.0,14965.0,435414349.0,0.0
MHImain,HKFE,2019-05-07 01:16:00,29112.0,29242.0,29006.0,29043.0,42720.0,1244824580.0,0.0
MHImain,HKFE,2019-05-07 11:31:00,29044.0,29213.0,28928.0,29106.0,42172.0,1225456104.0,0.0
MHImain,HKFE,2019-05-07 17:15:00,29099.0,29099.0,28856.0,28900.0,11103.0,321651090.0,0.0
MHImain,HKFE,2019-05-07 21:16:00,28899.0,28949.0,28624.0,28666.0,25301.0,728042350.0,0.0
MHImain,HKFE,2019-05-08 01:16:00,28666.0,28979.0,28608.0,28917.0,45832.0,1321959248.0,0.0
MHImain,HKFE,2019-05-08 11:31:00,28917.0,28942.0,28689.0,28799.0,37562.0,1082014490.0,0.0
MHImain,HKFE,2019-05-08 17:15:00,28788.0,28788.0,28520.0,28581.0,18550.0,530645452.0,0.0
MHImain,HKFE,2019-05-08 21:16:00,28580.0,28796.0,28535.0,28650.0,23864.0,683370567.0,0.0
MHImain,HKFE,2019-05-09 01:16:00,28650.0,28650.0,28171.0,28205.0,51872.0,1473413585.0,0.0
MHImain,HKFE,2019-05-09 11:31:00,28204.0,28362.0,28006.0,28037.0,47759.0,1345364130.0,0.0
MHImain,HKFE,2019-05-09 17:15:00,28052.0,28137.0,27917.0,27959.0,12829.0,359946760.0,0.0
MHImain,HKFE,2019-05-09 21:16:00,27958.0,28156.0,27753.0,28100.0,32306.0,901162967.0,0.0
MHImain,HKFE,2019-05-10 01:16:00,28100.0,28587.0,28100.0,28418.0,65106.0,1847199747.0,0.0
MHImain,HKFE,2019-05-10 11:31:00,28420.0,28478.0,27937.0,28324.0,57705.0,1632704944.0,0.0
MHImain,HKFE,2019-05-10 17:15:00,28305.0,28376.0,28084.0,28205.0,13688.0,386230856.0,0.0
MHImain,HKFE,2019-05-10 21:16:00,28206.0,28254.0,27898.0,28190.0,30849.0,865389783.0,0.0
MHImain,HKFE,2019-05-14 01:16:00,27635.0,27970.0,27599.0,27889.0,50027.0,1391915640.0,0.0
MHImain,HKFE,2019-05-14 11:31:00,27890.0,27943.0,27760.0,27855.0,35084.0,977356023.0,0.0
MHImain,HKFE,2019-05-14 17:15:00,27855.0,27975.0,27829.0,27850.0,11573.0,322974818.0,0.0
MHImain,HKFE,2019-05-14 21:16:00,27850.0,27980.0,27790.0,27939.0,18394.0,512791421.0,0.0
MHImain,HKFE,2019-05-15 01:16:00,27939.0,28116.0,27827.0,28061.0,44404.0,1243606858.0,0.0
MHImain,HKFE,2019-05-15 11:31:00,28060.0,28169.0,27966.0,28059.0,36066.0,1012711103.0,0.0
MHImain,HKFE,2019-05-15 17:15:00,28054.0,28155.0,27873.0,27901.0,14294.0,399930259.0,0.0
MHImain,HKFE,2019-05-15 21:16:00,27903.0,28033.0,27845.0,27955.0,21183.0,592141861.0,0.0
MHImain,HKFE,2019-05-16 01:16:00,27955.0,28153.0,27792.0,28086.0,55062.0,1540161035.0,0.0
MHImain,HKFE,2019-05-16 11:31:00,28086.0,28141.0,28023.0,28084.0,31724.0,890770089.0,0.0
MHImain,HKFE,2019-05-16 17:15:00,28090.0,28232.0,28058.0,28171.0,12539.0,353239119.0,0.0
MHImain,HKFE,2019-05-16 21:16:00,28171.0,28316.0,28141.0,28257.0,13601.0,384027382.0,0.0
MHImain,HKFE,2019-05-17 01:16:00,28257.0,28288.0,27729.0,27768.0,56791.0,1589024181.0,0.0
MHImain,HKFE,2019-05-17 11:31:00,27766.0,27855.0,27673.0,27730.0,36616.0,1016037806.0,0.0
MHImain,HKFE,2019-05-17 17:15:00,27726.0,27766.0,27620.0,27650.0,10383.0,287416041.0,0.0
MHImain,HKFE,2019-05-17 21:16:00,27648.0,27789.0,27632.0,27757.0,15596.0,432357639.0,0.0
MHImain,HKFE,2019-05-18 01:16:00,27757.0,27757.0,27757.0,27757.0,0.0,0.0,0.0
MHImain,HKFE,2019-05-20 01:16:00,27800.0,27836.0,27525.0,27632.0,55832.0,1545209358.0,0.0
MHImain,HKFE,2019-05-20 11:31:00,27632.0,27680.0,27547.0,27621.0,28849.0,796323802.0,0.0
MHImain,HKFE,2019-05-20 17:15:00,27620.0,27620.0,27372.0,27400.0,13635.0,374154563.0,0.0
MHImain,HKFE,2019-05-20 21:16:00,27401.0,27518.0,27335.0,27455.0,17222.0,472532551.0,0.0
MHImain,HKFE,2019-05-21 01:16:00,27455.0,27827.0,27455.0,27798.0,52291.0,1447296432.0,0.0
MHImain,HKFE,2019-05-21 11:31:00,27798.0,27800.0,27459.0,27552.0,37064.0,1023591289.0,0.0
MHImain,HKFE,2019-05-21 17:15:00,27550.0,27646.0,27532.0,27599.0,8744.0,241354276.0,0.0
MHImain,HKFE,2019-05-21 21:16:00,27599.0,27616.0,27496.0,27566.0,12255.0,337613424.0,0.0
MHImain,HKFE,2019-05-22 01:16:00,27566.0,27718.0,27535.0,27574.0,47178.0,1302838276.0,0.0
MHImain,HKFE,2019-05-22 11:31:00,27574.0,27647.0,27510.0,27608.0,28602.0,788795219.0,0.0
MHImain,HKFE,2019-05-22 17:15:00,27595.0,27671.0,27465.0,27515.0,11802.0,325356251.0,0.0
MHImain,HKFE,2019-05-22 21:16:00,27515.0,27585.0,27500.0,27512.0,11024.0,303555306.0,0.0
MHImain,HKFE,2019-05-23 01:16:00,27512.0,27512.0,27213.0,27282.0,49829.0,1360987413.0,0.0
MHImain,HKFE,2019-05-23 11:31:00,27282.0,27343.0,27121.0,27228.0,36903.0,1004569562.0,0.0
MHImain,HKFE,2019-05-23 17:15:00,27230.0,27230.0,27126.0,27194.0,9601.0,260950991.0,0.0
MHImain,HKFE,2019-05-23 21:16:00,27193.0,27268.0,27121.0,27168.0,15575.0,423618988.0,0.0
MHImain,HKFE,2019-05-24 01:16:00,27168.0,27437.0,27168.0,27246.0,45460.0,1242535313.0,0.0
MHImain,HKFE,2019-05-24 11:31:00,27249.0,27372.0,27249.0,27313.0,27509.0,751479342.0,0.0
MHImain,HKFE,2019-05-24 17:15:00,27312.0,27347.0,27290.0,27313.0,5298.0,144712049.0,0.0
MHImain,HKFE,2019-05-24 21:16:00,27313.0,27340.0,27164.0,27232.0,12309.0,335346520.0,0.0
MHImain,HKFE,2019-05-25 01:16:00,27232.0,27232.0,27232.0,27232.0,0.0,0.0,0.0
MHImain,HKFE,2019-05-27 01:16:00,27275.0,27286.0,27066.0,27195.0,47761.0,1298556499.0,0.0
MHImain,HKFE,2019-05-27 11:31:00,27193.0,27353.0,27153.0,27223.0,34778.0,948081900.0,0.0
MHImain,HKFE,2019-05-27 17:15:00,27223.0,27223.0,27223.0,27223.0,0.0,0.0,0.0
MHImain,HKFE,2019-05-28 01:16:00,27265.0,27418.0,27179.0,27388.0,36981.0,1010221592.0,0.0
MHImain,HKFE,2019-05-28 11:31:00,27388.0,27448.0,27292.0,27326.0,30870.0,844690109.0,0.0
MHImain,HKFE,2019-05-28 17:15:00,27324.0,27426.0,27320.0,27411.0,6715.0,183814283.0,0.0
MHImain,HKFE,2019-05-28 21:16:00,27412.0,27450.0,27328.0,27331.0,10180.0,278720742.0,0.0
MHImain,HKFE,2019-05-29 01:16:00,27331.0,27331.0,27139.0,27239.0,32274.0,878609328.0,0.0
MHImain,HKFE,2019-05-29 11:31:00,27239.0,27400.0,27197.0,27222.0,28028.0,764765998.0,0.0
MHImain,HKFE,2019-05-29 17:15:00,27226.0,27248.0,27189.0,27214.0,3256.0,88626681.0,0.0
MHImain,HKFE,2019-05-29 21:16:00,27212.0,27281.0,27185.0,27228.0,7072.0,192578536.0,0.0
MHImain,HKFE,2019-05-30 01:16:00,27228.0,27318.0,27044.0,27078.0,6472.0,175843998.0,0.0
MHImain,HKFE,2019-05-30 11:31:00,27078.0,27155.0,27075.0,27099.0,2155.0,58408212.0,0.0
MHImain,HKFE,2019-05-30 17:15:00,26924.0,26975.0,26915.0,26945.0,4494.0,121086832.0,0.0
MHImain,HKFE,2019-05-30 21:16:00,26944.0,27033.0,26943.0,27016.0,9765.0,263495731.0,0.0
MHImain,HKFE,2019-05-31 01:16:00,27016.0,27016.0,26803.0,26898.0,39815.0,1072131263.0,0.0
MHImain,HKFE,2019-05-31 11:31:00,26899.0,26933.0,26703.0,26720.0,33910.0,909111664.0,0.0
MHImain,HKFE,2019-05-31 17:15:00,26720.0,26735.0,26615.0,26673.0,7432.0,198125679.0,0.0
MHImain,HKFE,2019-05-31 21:16:00,26672.0,26762.0,26628.0,26715.0,11550.0,308450491.0,0.0
MHImain,HKFE,2019-06-01 01:16:00,26715.0,26715.0,26715.0,26715.0,0.0,0.0,0.0
MHImain,HKFE,2019-06-03 01:16:00,26747.0,26828.0,26579.0,26651.0,45164.0,1206123398.0,0.0
MHImain,HKFE,2019-06-03 11:31:00,26648.0,26743.0,26628.0,26718.0,26271.0,701392182.0,0.0
MHImain,HKFE,2019-06-03 17:15:00,26726.0,26833.0,26717.0,26818.0,7079.0,189675755.0,0.0
MHImain,HKFE,2019-06-03 21:16:00,26817.0,26876.0,26775.0,26810.0,13166.0,353245129.0,0.0
MHImain,HKFE,2019-06-04 01:16:00,26810.0,26886.0,26532.0,26613.0,45551.0,1214251265.0,0.0
MHImain,HKFE,2019-06-04 11:31:00,26613.0,26675.0,26506.0,26601.0,29253.0,778132577.0,0.0
MHImain,HKFE,2019-06-04 17:15:00,26629.0,26678.0,26586.0,26665.0,7389.0,196835306.0,0.0
MHImain,HKFE,2019-06-04 21:16:00,26667.0,26860.0,26645.0,26845.0,16250.0,434520811.0,0.0
MHImain,HKFE,2019-06-05 01:16:00,26845.0,27003.0,26726.0,26757.0,43026.0,1155823331.0,0.0
MHImain,HKFE,2019-06-05 11:31:00,26756.0,26851.0,26662.0,26811.0,31406.0,840312933.0,0.0
MHImain,HKFE,2019-06-05 17:15:00,26810.0,26860.0,26752.0,26796.0,7455.0,199854408.0,0.0
MHImain,HKFE,2019-06-05 21:16:00,26796.0,26821.0,26671.0,26722.0,12700.0,339423460.0,0.0
MHImain,HKFE,2019-06-06 01:16:00,26722.0,26868.0,26701.0,26846.0,39126.0,1048144969.0,0.0
MHImain,HKFE,2019-06-06 11:31:00,26848.0,26878.0,26723.0,26850.0,25944.0,695235281.0,0.0
MHImain,HKFE,2019-06-06 17:15:00,26844.0,26879.0,26795.0,26806.0,5834.0,156590707.0,0.0
MHImain,HKFE,2019-06-06 21:16:00,26806.0,26844.0,26774.0,26818.0,8558.0,229452845.0,0.0
MHImain,HKFE,2019-06-07 01:16:00,26818.0,26818.0,26818.0,26818.0,0.0,0.0,0.0
MHImain,HKFE,2019-06-10 01:16:00,27095.0,27504.0,27017.0,27450.0,48514.0,1324357164.0,0.0
MHImain,HKFE,2019-06-10 11:31:00,27449.0,27515.0,27398.0,27471.0,24570.0,674631179.0,0.0
MHImain,HKFE,2019-06-10 17:15:00,27472.0,27492.0,27443.0,27478.0,4074.0,111900479.0,0.0
MHImain,HKFE,2019-06-10 21:16:00,27478.0,27604.0,27437.0,27560.0,10667.0,293561697.0,0.0
MHImain,HKFE,2019-06-11 01:16:00,27560.0,27742.0,27486.0,27736.0,39965.0,1103679163.0,0.0
MHImain,HKFE,2019-06-11 11:31:00,27733.0,27756.0,27655.0,27690.0,24425.0,676644526.0,0.0
MHImain,HKFE,2019-06-11 17:15:00,27695.0,27735.0,27676.0,27734.0,4306.0,119291502.0,0.0
MHImain,HKFE,2019-06-11 21:16:00,27733.0,27770.0,27606.0,27612.0,11609.0,321521664.0,0.0
MHImain,HKFE,2019-06-12 01:16:00,27612.0,27612.0,27214.0,27281.0,41516.0,1135784286.0,0.0
MHImain,HKFE,2019-06-12 11:31:00,27281.0,27291.0,27107.0,27125.0,32047.0,871107054.0,0.0
MHImain,HKFE,2019-06-12 17:15:00,27126.0,27153.0,27046.0,27094.0,8005.0,216867578.0,0.0
MHImain,HKFE,2019-06-12 21:16:00,27093.0,27122.0,26973.0,27008.0,11425.0,309108174.0,0.0
MHImain,HKFE,2019-06-13 01:16:00,27008.0,27104.0,26702.0,27058.0,57097.0,1534926630.0,0.0
MHImain,HKFE,2019-06-13 11:31:00,27059.0,27199.0,26879.0,27151.0,42486.0,1148346944.0,0.0
MHImain,HKFE,2019-06-13 17:15:00,27161.0,27220.0,27155.0,27201.0,5511.0,149833932.0,0.0
MHImain,HKFE,2019-06-13 21:16:00,27201.0,27242.0,27058.0,27108.0,11527.0,312833619.0,0.0
MHImain,HKFE,2019-06-14 01:16:00,27108.0,27167.0,26970.0,27040.0,44666.0,1209030981.0,0.0
MHImain,HKFE,2019-06-14 11:31:00,27041.0,27079.0,26952.0,27045.0,27252.0,736225943.0,0.0
MHImain,HKFE,2019-06-14 17:15:00,27045.0,27073.0,26983.0,26998.0,4620.0,124842172.0,0.0
MHImain,HKFE,2019-06-14 21:16:00,26998.0,27018.0,26908.0,26934.0,8876.0,239255519.0,0.0
MHImain,HKFE,2019-06-15 01:16:00,26934.0,26934.0,26934.0,26934.0,0.0,0.0,0.0
MHImain,HKFE,2019-06-17 01:16:00,27005.0,27444.0,26997.0,27134.0,49461.0,1349749926.0,0.0
MHImain,HKFE,2019-06-17 11:31:00,27136.0,27272.0,27120.0,27147.0,27762.0,754738768.0,0.0
MHImain,HKFE,2019-06-17 17:15:00,27152.0,27165.0,27095.0,27126.0,4727.0,128241049.0,0.0
MHImain,HKFE,2019-06-17 21:16:00,27127.0,27207.0,27097.0,27169.0,8397.0,228070116.0,0.0
MHImain,HKFE,2019-06-18 01:16:00,27165.0,27404.0,27106.0,27320.0,49093.0,1337929148.0,0.0
MHImain,HKFE,2019-06-18 11:31:00,27321.0,27519.0,27303.0,27444.0,36510.0,1000720449.0,0.0
MHImain,HKFE,2019-06-18 17:15:00,27452.0,27571.0,27444.0,27570.0,7041.0,193757668.0,0.0
MHImain,HKFE,2019-06-18 21:16:00,27570.0,28000.0,27550.0,27932.0,26187.0,729603991.0,0.0
MHImain,HKFE,2019-06-19 01:16:00,27932.0,28196.0,27899.0,28091.0,49724.0,1395757992.0,0.0
MHImain,HKFE,2019-06-19 11:31:00,28090.0,28153.0,28052.0,28151.0,20318.0,570784374.0,0.0
MHImain,HKFE,2019-06-19 17:15:00,28140.0,28178.0,28103.0,28162.0,4277.0,120329456.0,0.0
MHImain,HKFE,2019-06-19 21:16:00,28162.0,28173.0,28081.0,28095.0,7454.0,209584768.0,0.0
MHImain,HKFE,2019-06-20 01:16:00,28095.0,28430.0,28092.0,28402.0,51388.0,1454781088.0,0.0
MHImain,HKFE,2019-06-20 11:31:00,28401.0,28518.0,28329.0,28512.0,28618.0,813294182.0,0.0
MHImain,HKFE,2019-06-20 17:15:00,28518.0,28654.0,28518.0,28639.0,8575.0,245239798.0,0.0
MHImain,HKFE,2019-06-20 21:16:00,28640.0,28686.0,28439.0,28522.0,19114.0,546131176.0,0.0
MHImain,HKFE,2019-06-21 01:16:00,28520.0,28553.0,28373.0,28388.0,38232.0,1087564566.0,0.0
MHImain,HKFE,2019-06-21 11:31:00,28388.0,28452.0,28298.0,28422.0,30364.0,861525136.0,0.0
MHImain,HKFE,2019-06-21 17:15:00,28423.0,28467.0,28366.0,28369.0,7132.0,202569187.0,0.0
MHImain,HKFE,2019-06-21 21:16:00,28371.0,28490.0,28363.0,28405.0,10294.0,292533130.0,0.0
MHImain,HKFE,2019-06-22 01:16:00,28409.0,28422.0,28393.0,28421.0,717.0,20368106.0,0.0
MHImain,HKFE,2019-06-24 01:16:00,28358.0,28603.0,28313.0,28456.0,39420.0,1121755783.0,0.0
MHImain,HKFE,2019-06-24 11:31:00,28456.0,28486.0,28382.0,28423.0,21176.0,602054099.0,0.0
MHImain,HKFE,2019-06-24 17:15:00,28415.0,28446.0,28398.0,28439.0,2778.0,78973171.0,0.0
MHImain,HKFE,2019-06-24 21:16:00,28438.0,28472.0,28413.0,28430.0,6159.0,175197861.0,0.0
MHImain,HKFE,2019-06-25 01:16:00,28431.0,28489.0,28111.0,28141.0,40257.0,1139795686.0,0.0
MHImain,HKFE,2019-06-25 11:31:00,28141.0,28203.0,28076.0,28163.0,25738.0,724745661.0,0.0
MHImain,HKFE,2019-06-25 17:15:00,28157.0,28208.0,28145.0,28205.0,2936.0,82710593.0,0.0
MHImain,HKFE,2019-06-25 21:16:00,28207.0,28212.0,28068.0,28094.0,10135.0,285313909.0,0.0
MHImain,HKFE,2019-06-26 01:16:00,28090.0,28276.0,27988.0,28199.0,40764.0,1147205828.0,0.0
MHImain,HKFE,2019-06-26 11:31:00,28198.0,28268.0,28165.0,28191.0,15298.0,431626352.0,0.0
MHImain,HKFE,2019-06-26 17:15:00,28199.0,28412.0,28199.0,28340.0,7020.0,199099565.0,0.0
MHImain,HKFE,2019-06-26 21:16:00,28343.0,28397.0,28306.0,28360.0,5983.0,169616972.0,0.0
MHImain,HKFE,2019-06-27 01:16:00,28362.0,28511.0,28292.0,28502.0,6946.0,197335083.0,0.0
MHImain,HKFE,2019-06-27 11:31:00,28504.0,28527.0,28487.0,28519.0,2524.0,71963059.0,0.0
MHImain,HKFE,2019-06-27 17:15:00,28551.0,28579.0,28405.0,28518.0,9863.0,280967634.0,0.0
MHImain,HKFE,2019-06-27 21:16:00,28518.0,28565.0,28459.0,28520.0,8804.0,251020523.0,0.0
MHImain,HKFE,2019-06-28 01:16:00,28520.0,28571.0,28367.0,28416.0,31465.0,895126099.0,0.0
MHImain,HKFE,2019-06-28 11:31:00,28416.0,28517.0,28376.0,28508.0,19466.0,553709630.0,0.0
MHImain,HKFE,2019-06-28 17:15:00,28502.0,28560.0,28502.0,28550.0,3243.0,92528214.0,0.0
MHImain,HKFE,2019-06-28 21:16:00,28550.0,28551.0,28479.0,28510.0,6447.0,183830203.0,0.0
MHImain,HKFE,2019-06-29 01:16:00,28514.0,28518.0,28492.0,28503.0,889.0,25339811.0,0.0
MHImain,HKFE,2019-07-02 01:16:00,28902.0,29058.0,28788.0,28987.0,38203.0,1106205777.0,0.0
MHImain,HKFE,2019-07-02 11:31:00,28988.0,29041.0,28903.0,28932.0,17439.0,505296855.0,0.0
MHImain,HKFE,2019-07-02 17:15:00,28933.0,28980.0,28915.0,28961.0,2953.0,85482887.0,0.0
MHImain,HKFE,2019-07-02 21:16:00,28962.0,28991.0,28887.0,28905.0,8039.0,232684746.0,0.0
MHImain,HKFE,2019-07-03 01:16:00,28900.0,28938.0,28766.0,28851.0,36314.0,1047679464.0,0.0
MHImain,HKFE,2019-07-03 11:31:00,28851.0,28934.0,28812.0,28930.0,18381.0,530601737.0,0.0
MHImain,HKFE,2019-07-03 17:15:00,28935.0,28956.0,28876.0,28882.0,3311.0,95730360.0,0.0
MHImain,HKFE,2019-07-03 21:16:00,28882.0,28979.0,28867.0,28969.0,5620.0,162507665.0,0.0
MHImain,HKFE,2019-07-04 01:16:00,28969.0,29080.0,28862.0,28893.0,39060.0,1131774287.0,0.0
MHImain,HKFE,2019-07-04 11:31:00,28893.0,28960.0,28834.0,28848.0,18915.0,546606691.0,0.0
MHImain,HKFE,2019-07-04 17:15:00,28848.0,28882.0,28846.0,28870.0,2166.0,62526756.0,0.0
MHImain,HKFE,2019-07-04 21:16:00,28869.0,28873.0,28823.0,28835.0,2576.0,74318442.0,0.0
MHImain,HKFE,2019-07-05 01:16:00,28834.0,28960.0,28754.0,28880.0,37323.0,1076928597.0,0.0
MHImain,HKFE,2019-07-05 11:31:00,28880.0,28917.0,28778.0,28781.0,16682.0,481366655.0,0.0
MHImain,HKFE,2019-07-05 17:15:00,28779.0,28801.0,28585.0,28605.0,8803.0,252629571.0,0.0
MHImain,HKFE,2019-07-05 21:16:00,28607.0,28691.0,28541.0,28659.0,12431.0,355806201.0,0.0
MHImain,HKFE,2019-07-06 01:16:00,28659.0,28690.0,28652.0,28689.0,1004.0,28782976.0,0.0
MHImain,HKFE,2019-07-08 01:16:00,28624.0,28636.0,28214.0,28332.0,44007.0,1248506090.0,0.0
MHImain,HKFE,2019-07-08 11:31:00,28332.0,28388.0,28222.0,28370.0,22037.0,623537092.0,0.0
MHImain,HKFE,2019-07-08 17:15:00,28350.0,28384.0,28310.0,28370.0,5220.0,147985076.0,0.0
MHImain,HKFE,2019-07-08 21:16:00,28370.0,28444.0,28347.0,28404.0,8379.0,237946664.0,0.0
MHImain,HKFE,2019-07-09 01:16:00,28405.0,28414.0,28091.0,28132.0,45464.0,1284198612.0,0.0
MHImain,HKFE,2019-07-09 11:31:00,28131.0,28205.0,28102.0,28103.0,22510.0,633595918.0,0.0
MHImain,HKFE,2019-07-09 17:15:00,28105.0,28162.0,28084.0,28132.0,4476.0,125908991.0,0.0
MHImain,HKFE,2019-07-09 21:16:00,28132.0,28238.0,28118.0,28227.0,8712.0,245586425.0,0.0
MHImain,HKFE,2019-07-10 01:16:00,28227.0,28346.0,28148.0,28260.0,38099.0,1075997996.0,0.0
MHImain,HKFE,2019-07-10 11:31:00,28262.0,28270.0,28160.0,28203.0,19418.0,547818782.0,0.0
MHImain,HKFE,2019-07-10 17:15:00,28200.0,28415.0,28139.0,28396.0,11482.0,324707017.0,0.0
MHImain,HKFE,2019-07-10 21:16:00,28395.0,28454.0,28307.0,28376.0,13044.0,370192960.0,0.0
MHImain,HKFE,2019-07-11 01:16:00,28376.0,28613.0,28321.0,28539.0,33948.0,968588572.0,0.0
MHImain,HKFE,2019-07-11 11:31:00,28540.0,28573.0,28394.0,28455.0,23145.0,658828682.0,0.0
MHImain,HKFE,2019-07-11 17:15:00,28457.0,28500.0,28371.0,28455.0,7135.0,202954170.0,0.0
MHImain,HKFE,2019-07-11 21:16:00,28456.0,28456.0,28303.0,28364.0,10713.0,303914627.0,0.0
MHImain,HKFE,2019-07-12 01:16:00,28362.0,28584.0,28290.0,28576.0,39698.0,1130956430.0,0.0
MHImain,HKFE,2019-07-12 11:31:00,28575.0,28608.0,28481.0,28538.0,19100.0,545100413.0,0.0
MHImain,HKFE,2019-07-12 17:15:00,28537.0,28537.0,28468.0,28481.0,3863.0,110072269.0,0.0
MHImain,HKFE,2019-07-12 21:16:00,28483.0,28491.0,28410.0,28466.0,7262.0,206614989.0,0.0
MHImain,HKFE,2019-07-13 01:16:00,28466.0,28495.0,28456.0,28483.0,985.0,28051944.0,0.0
MHImain,HKFE,2019-07-15 01:16:00,28388.0,28597.0,28053.0,28573.0,54378.0,1540044070.0,0.0
MHImain,HKFE,2019-07-15 11:31:00,28573.0,28592.0,28487.0,28518.0,18496.0,527816163.0,0.0
MHImain,HKFE,2019-07-15 17:15:00,28536.0,28570.0,28492.0,28530.0,3668.0,104671047.0,0.0
MHImain,HKFE,2019-07-15 21:16:00,28529.0,28561.0,28512.0,28532.0,4963.0,141612317.0,0.0
MHImain,HKFE,2019-07-16 01:16:00,28532.0,28648.0,28474.0,28618.0,39199.0,1119112520.0,0.0
MHImain,HKFE,2019-07-16 11:31:00,28617.0,28662.0,28566.0,28624.0,17576.0,503020899.0,0.0
MHImain,HKFE,2019-07-16 17:15:00,28618.0,28657.0,28588.0,28614.0,4562.0,130552628.0,0.0
MHImain,HKFE,2019-07-16 21:16:00,28614.0,28628.0,28506.0,28571.0,7316.0,209051575.0,0.0
MHImain,HKFE,2019-07-17 01:16:00,28571.0,28585.0,28359.0,28551.0,38012.0,1082967653.0,0.0
MHImain,HKFE,2019-07-17 11:31:00,28553.0,28646.0,28520.0,28614.0,17598.0,502827618.0,0.0
MHImain,HKFE,2019-07-17 17:15:00,28610.0,28638.0,28551.0,28574.0,3870.0,110657308.0,0.0
MHImain,HKFE,2019-07-17 21:16:00,28574.0,28587.0,28436.0,28495.0,10606.0,302341587.0,0.0
MHImain,HKFE,2019-07-18 01:16:00,28495.0,28523.0,28308.0,28495.0,38048.0,1082151428.0,0.0
MHImain,HKFE,2019-07-18 11:31:00,28498.0,28499.0,28398.0,28428.0,18531.0,526995490.0,0.0
MHImain,HKFE,2019-07-18 17:15:00,28442.0,28510.0,28426.0,28434.0,4964.0,141313394.0,0.0
MHImain,HKFE,2019-07-18 21:16:00,28436.0,28484.0,28393.0,28443.0,7515.0,213719664.0,0.0
MHImain,HKFE,2019-07-19 01:16:00,28444.0,28841.0,28419.0,28807.0,38124.0,1095317741.0,0.0
MHImain,HKFE,2019-07-19 11:31:00,28806.0,28826.0,28760.0,28823.0,14654.0,421953851.0,0.0
MHImain,HKFE,2019-07-19 17:15:00,28790.0,28811.0,28735.0,28761.0,15504.0,445955342.0,0.0
MHImain,HKFE,2019-07-19 21:16:00,28764.0,28771.0,28687.0,28737.0,7824.0,224735260.0,0.0
MHImain,HKFE,2019-07-20 01:16:00,28737.0,28751.0,28645.0,28650.0,2223.0,63776484.0,0.0
MHImain,HKFE,2019-07-22 01:16:00,28610.0,28693.0,28498.0,28580.0,42775.0,1222904748.0,0.0
MHImain,HKFE,2019-07-22 11:31:00,28580.0,28582.0,28281.0,28372.0,28481.0,809883618.0,0.0
MHImain,HKFE,2019-07-22 17:15:00,28368.0,28442.0,28357.0,28421.0,4678.0,132865691.0,0.0
MHImain,HKFE,2019-07-22 21:16:00,28421.0,28447.0,28363.0,28395.0,6378.0,181147853.0,0.0
MHImain,HKFE,2019-07-23 01:16:00,28395.0,28482.0,28289.0,28413.0,33382.0,947969249.0,0.0
MHImain,HKFE,2019-07-23 11:31:00,28412.0,28489.0,28391.0,28464.0,14472.0,411651442.0,0.0
MHImain,HKFE,2019-07-23 17:15:00,28465.0,28535.0,28449.0,28516.0,4047.0,115347845.0,0.0
MHImain,HKFE,2019-07-23 21:16:00,28515.0,28524.0,28441.0,28458.0,6522.0,185754528.0,0.0
MHImain,HKFE,2019-07-24 01:16:00,28458.0,28773.0,28446.0,28720.0,34688.0,995026916.0,0.0
MHImain,HKFE,2019-07-24 11:31:00,28721.0,28737.0,28515.0,28538.0,23753.0,679771154.0,0.0
MHImain,HKFE,2019-07-24 17:15:00,28528.0,28552.0,28490.0,28518.0,3916.0,111692211.0,0.0
MHImain,HKFE,2019-07-24 21:16:00,28516.0,28581.0,28504.0,28564.0,6401.0,182762044.0,0.0
MHImain,HKFE,2019-07-25 01:16:00,28564.0,28652.0,28520.0,28593.0,34140.0,975975515.0,0.0
MHImain,HKFE,2019-07-25 11:31:00,28592.0,28629.0,28581.0,28584.0,13260.0,379312659.0,0.0
MHImain,HKFE,2019-07-25 17:15:00,28590.0,28664.0,28563.0,28564.0,6254.0,178947951.0,0.0
MHImain,HKFE,2019-07-25 21:16:00,28566.0,28573.0,28357.0,28389.0,18430.0,524025662.0,0.0
MHImain,HKFE,2019-07-26 01:16:00,28395.0,28479.0,28311.0,28450.0,34705.0,985915272.0,0.0
MHImain,HKFE,2019-07-26 11:31:00,28450.0,28474.0,28363.0,28388.0,16302.0,463373736.0,0.0
MHImain,HKFE,2019-07-26 17:15:00,28388.0,28427.0,28350.0,28391.0,3849.0,109283738.0,0.0
MHImain,HKFE,2019-07-26 21:16:00,28389.0,28411.0,28327.0,28372.0,6259.0,177525230.0,0.0
MHImain,HKFE,2019-07-27 01:16:00,28371.0,28387.0,28354.0,28383.0,808.0,22920334.0,0.0
MHImain,HKFE,2019-07-29 01:16:00,28268.0,28320.0,27991.0,28040.0,32861.0,924777950.0,0.0
MHImain,HKFE,2019-07-29 11:31:00,28040.0,28147.0,27936.0,28137.0,25902.0,726185916.0,0.0
MHImain,HKFE,2019-07-29 17:15:00,28137.0,28168.0,28107.0,28155.0,2424.0,68203894.0,0.0
MHImain,HKFE,2019-07-29 21:16:00,28153.0,28168.0,28064.0,28110.0,4072.0,114428510.0,0.0
MHImain,HKFE,2019-07-30 01:16:00,28110.0,28253.0,28088.0,28228.0,5428.0,152972323.0,0.0
MHImain,HKFE,2019-07-30 11:31:00,28229.0,28231.0,28195.0,28203.0,1449.0,40874018.0,0.0
MHImain,HKFE,2019-07-30 17:15:00,28118.0,28126.0,27892.0,27911.0,9727.0,272227864.0,0.0
MHImain,HKFE,2019-07-30 21:16:00,27911.0,27914.0,27814.0,27835.0,11514.0,320788117.0,0.0
MHImain,HKFE,2019-07-31 01:16:00,27835.0,27934.0,27630.0,27853.0,44769.0,1243846737.0,0.0
MHImain,HKFE,2019-07-31 11:31:00,27852.0,27871.0,27726.0,27757.0,10831.0,300907586.0,0.0
MHImain,HKFE,2019-07-31 17:15:00,27757.0,27757.0,27757.0,27757.0,0.0,0.0,0.0
MHImain,HKFE,2019-07-31 21:16:00,27757.0,27757.0,27757.0,27757.0,0.0,0.0,0.0
MHImain,HKFE,2019-08-01 01:16:00,27520.0,27689.0,27401.0,27540.0,43254.0,1192065569.0,0.0
MHImain,HKFE,2019-08-01 11:31:00,27540.0,27553.0,27435.0,27448.0,23683.0,651087369.0,0.0
MHImain,HKFE,2019-08-01 17:15:00,27446.0,27558.0,27446.0,27469.0,5305.0,145922511.0,0.0
MHImain,HKFE,2019-08-01 21:16:00,27469.0,27659.0,27450.0,27640.0,12803.0,352943468.0,0.0
MHImain,HKFE,2019-08-02 01:16:00,27641.0,27651.0,26674.0,26866.0,57280.0,1543732372.0,0.0
MHImain,HKFE,2019-08-02 11:31:00,26867.0,26918.0,26787.0,26811.0,23357.0,627136799.0,0.0
MHImain,HKFE,2019-08-02 17:15:00,26802.0,26880.0,26642.0,26802.0,21286.0,570326922.0,0.0
MHImain,HKFE,2019-08-02 21:16:00,26804.0,26818.0,26537.0,26603.0,25355.0,676298862.0,0.0
MHImain,HKFE,2019-08-03 01:16:00,26605.0,26631.0,26562.0,26596.0,1882.0,50052240.0,0.0
MHImain,HKFE,2019-08-05 01:16:00,26435.0,26571.0,25999.0,26031.0,58112.0,1525735998.0,0.0
MHImain,HKFE,2019-08-05 11:31:00,26030.0,26149.0,26023.0,26029.0,24627.0,642568058.0,0.0
MHImain,HKFE,2019-08-05 17:15:00,26023.0,26118.0,25957.0,25980.0,13816.0,359667361.0,0.0
MHImain,HKFE,2019-08-05 21:16:00,25980.0,25993.0,25464.0,25547.0,27996.0,719734212.0,0.0
MHImain,HKFE,2019-08-06 01:16:00,25550.0,25718.0,25230.0,25710.0,65163.0,1661540815.0,0.0
MHImain,HKFE,2019-08-06 11:31:00,25709.0,26024.0,25686.0,25986.0,51671.0,1336363767.0,0.0
MHImain,HKFE,2019-08-06 17:15:00,26025.0,26083.0,25925.0,26006.0,11825.0,307392592.0,0.0
MHImain,HKFE,2019-08-06 21:16:00,26004.0,26066.0,25724.0,25802.0,23065.0,596561806.0,0.0
MHImain,HKFE,2019-08-07 01:16:00,25801.0,25947.0,25633.0,25723.0,45516.0,1173252617.0,0.0
MHImain,HKFE,2019-08-07 11:31:00,25721.0,25957.0,25720.0,25944.0,30327.0,784110127.0,0.0
MHImain,HKFE,2019-08-07 17:15:00,25943.0,26001.0,25649.0,25681.0,15090.0,389638597.0,0.0
MHImain,HKFE,2019-08-07 21:16:00,25680.0,25898.0,25595.0,25841.0,27925.0,719385943.0,0.0
MHImain,HKFE,2019-08-08 01:16:00,25841.0,26246.0,25822.0,26045.0,49910.0,1300650644.0,0.0
MHImain,HKFE,2019-08-08 11:31:00,26047.0,26118.0,25978.0,26026.0,22852.0,595568487.0,0.0
MHImain,HKFE,2019-08-08 17:15:00,26044.0,26089.0,25951.0,26077.0,7332.0,190755904.0,0.0
MHImain,HKFE,2019-08-08 21:16:00,26077.0,26187.0,26013.0,26155.0,11921.0,311052532.0,0.0
MHImain,HKFE,2019-08-09 01:16:00,26150.0,26206.0,25871.0,25910.0,40625.0,1059217693.0,0.0
MHImain,HKFE,2019-08-09 11:31:00,25910.0,26058.0,25820.0,25880.0,25585.0,663793931.0,0.0
MHImain,HKFE,2019-08-09 17:15:00,25880.0,25926.0,25766.0,25869.0,8890.0,229598635.0,0.0
MHImain,HKFE,2019-08-09 21:16:00,25869.0,25911.0,25644.0,25781.0,24322.0,626312341.0,0.0
MHImain,HKFE,2019-08-10 01:16:00,25778.0,25892.0,25774.0,25872.0,4035.0,104278650.0,0.0
MHImain,HKFE,2019-08-12 01:16:00,25728.0,26010.0,25725.0,25862.0,36572.0,947173385.0,0.0
MHImain,HKFE,2019-08-12 11:31:00,25864.0,25910.0,25552.0,25558.0,27851.0,718293250.0,0.0
MHImain,HKFE,2019-08-12 17:15:00,25550.0,25560.0,25213.0,25244.0,20599.0,521712042.0,0.0
MHImain,HKFE,2019-08-12 21:16:00,25244.0,25388.0,25218.0,25340.0,18743.0,474509270.0,0.0
MHImain,HKFE,2019-08-13 01:16:00,25335.0,25531.0,25213.0,25327.0,43390.0,1101464715.0,0.0
MHImain,HKFE,2019-08-13 11:31:00,25329.0,25345.0,25163.0,25198.0,36301.0,916561261.0,0.0
MHImain,HKFE,2019-08-13 17:15:00,25196.0,25218.0,25052.0,25131.0,12907.0,324119857.0,0.0
MHImain,HKFE,2019-08-13 21:16:00,25130.0,25905.0,25130.0,25619.0,45012.0,1151895384.0,0.0
MHImain,HKFE,2019-08-14 01:16:00,25618.0,25668.0,25253.0,25327.0,47690.0,1213277776.0,0.0
MHImain,HKFE,2019-08-14 11:31:00,25328.0,25370.0,25075.0,25210.0,30867.0,778761986.0,0.0
MHImain,HKFE,2019-08-14 17:15:00,25178.0,25216.0,24904.0,24924.0,18818.0,470936048.0,0.0
MHImain,HKFE,2019-08-14 21:16:00,24923.0,24984.0,24825.0,24858.0,20196.0,502821304.0,0.0
MHImain,HKFE,2019-08-15 01:16:00,24859.0,25374.0,24791.0,25288.0,59941.0,1504768119.0,0.0
MHImain,HKFE,2019-08-15 11:31:00,25284.0,25475.0,25151.0,25428.0,42579.0,1077819200.0,0.0
MHImain,HKFE,2019-08-15 17:15:00,25423.0,25485.0,25104.0,25328.0,37794.0,955360136.0,0.0
MHImain,HKFE,2019-08-15 21:16:00,25329.0,25393.0,25190.0,25343.0,17069.0,431481598.0,0.0
MHImain,HKFE,2019-08-16 01:16:00,25345.0,25625.0,25232.0,25599.0,48782.0,1240710791.0,0.0
MHImain,HKFE,2019-08-16 11:31:00,25600.0,25733.0,25564.0,25645.0,36062.0,924719052.0,0.0
MHImain,HKFE,2019-08-16 17:15:00,25655.0,25720.0,25535.0,25555.0,9490.0,243208713.0,0.0
MHImain,HKFE,2019-08-16 21:16:00,25556.0,25691.0,25549.0,25672.0,12674.0,324748881.0,0.0
MHImain,HKFE,2019-08-17 01:16:00,25674.0,25697.0,25664.0,25697.0,1080.0,27734436.0,0.0
MHImain,HKFE,2019-08-19 01:16:00,25900.0,26169.0,25839.0,26143.0,43234.0,1126498848.0,0.0
MHImain,HKFE,2019-08-19 11:31:00,26145.0,26280.0,26114.0,26189.0,29664.0,777360176.0,0.0
MHImain,HKFE,2019-08-19 17:15:00,26189.0,26380.0,26183.0,26318.0,11055.0,290760385.0,0.0
MHImain,HKFE,2019-08-19 21:16:00,26318.0,26337.0,26123.0,26143.0,14036.0,367807650.0,0.0
MHImain,HKFE,2019-08-20 01:16:00,26145.0,26276.0,26052.0,26184.0,41901.0,1096380423.0,0.0
MHImain,HKFE,2019-08-20 11:31:00,26184.0,26285.0,26111.0,26215.0,27412.0,718344291.0,0.0
MHImain,HKFE,2019-08-20 17:15:00,26213.0,26232.0,26130.0,26142.0,7944.0,208021480.0,0.0
MHImain,HKFE,2019-08-20 21:16:00,26143.0,26181.0,26034.0,26086.0,15494.0,404642772.0,0.0
MHImain,HKFE,2019-08-21 01:16:00,26086.0,26214.0,26014.0,26183.0,40689.0,1062903883.0,0.0
MHImain,HKFE,2019-08-21 11:31:00,26184.0,26271.0,26148.0,26231.0,21994.0,576295740.0,0.0
MHImain,HKFE,2019-08-21 17:15:00,26238.0,26300.0,26238.0,26290.0,6006.0,157769534.0,0.0
MHImain,HKFE,2019-08-21 21:16:00,26290.0,26305.0,26206.0,26252.0,10418.0,273529502.0,0.0
MHImain,HKFE,2019-08-22 01:16:00,26253.0,26283.0,25918.0,25993.0,48758.0,1271260281.0,0.0
MHImain,HKFE,2019-08-22 11:31:00,25993.0,26004.0,25903.0,25954.0,26469.0,687048310.0,0.0
MHImain,HKFE,2019-08-22 17:15:00,25950.0,25997.0,25831.0,25965.0,9706.0,251437654.0,0.0
MHImain,HKFE,2019-08-22 21:16:00,25965.0,25990.0,25815.0,25929.0,14045.0,363823824.0,0.0
MHImain,HKFE,2019-08-23 01:16:00,25928.0,26155.0,25872.0,26110.0,40592.0,1056705289.0,0.0
MHImain,HKFE,2019-08-23 11:31:00,26110.0,26187.0,26083.0,26110.0,18520.0,483858262.0,0.0
MHImain,HKFE,2019-08-23 17:15:00,26116.0,26122.0,25768.0,25806.0,17394.0,450675364.0,0.0
MHImain,HKFE,2019-08-23 21:16:00,25801.0,26005.0,25458.0,25490.0,38825.0,998819497.0,0.0
MHImain,HKFE,2019-08-24 01:16:00,25489.0,25527.0,25445.0,25480.0,3829.0,97596733.0,0.0
MHImain,HKFE,2019-08-26 01:16:00,25352.0,25454.0,25155.0,25378.0,46525.0,1176773316.0,0.0
MHImain,HKFE,2019-08-26 11:31:00,25378.0,25730.0,25276.0,25659.0,41180.0,1049343161.0,0.0
MHImain,HKFE,2019-08-26 17:15:00,25686.0,25877.0,25686.0,25741.0,17406.0,448316314.0,0.0
MHImain,HKFE,2019-08-26 21:16:00,25739.0,25755.0,25574.0,25684.0,14343.0,368094223.0,0.0
MHImain,HKFE,2019-08-27 01:16:00,25684.0,25765.0,25557.0,25680.0,38597.0,990440351.0,0.0
MHImain,HKFE,2019-08-27 11:31:00,25681.0,25681.0,25532.0,25649.0,25451.0,651445966.0,0.0
MHImain,HKFE,2019-08-27 17:15:00,25667.0,25834.0,25645.0,25812.0,9125.0,234933491.0,0.0
MHImain,HKFE,2019-08-27 21:16:00,25813.0,25863.0,25682.0,25689.0,13285.0,342410538.0,0.0
MHImain,HKFE,2019-08-28 01:16:00,25688.0,25854.0,25563.0,25625.0,33990.0,872768969.0,0.0
MHImain,HKFE,2019-08-28 11:31:00,25624.0,25674.0,25557.0,25625.0,16802.0,430423040.0,0.0
MHImain,HKFE,2019-08-28 17:15:00,25615.0,25660.0,25536.0,25576.0,5837.0,149387949.0,0.0
MHImain,HKFE,2019-08-28 21:16:00,25576.0,25670.0,25510.0,25642.0,7402.0,189492066.0,0.0
MHImain,HKFE,2019-08-29 01:16:00,25644.0,25682.0,25380.0,25492.0,8519.0,217199493.0,0.0
MHImain,HKFE,2019-08-29 11:31:00,25495.0,25578.0,25495.0,25539.0,2517.0,64267634.0,0.0
MHImain,HKFE,2019-08-29 17:15:00,25653.0,25838.0,25653.0,25779.0,10892.0,280777356.0,0.0
MHImain,HKFE,2019-08-29 21:16:00,25779.0,25830.0,25701.0,25820.0,11689.0,301398969.0,0.0
MHImain,HKFE,2019-08-30 01:16:00,25819.0,25935.0,25701.0,25744.0,42817.0,1105313387.0,0.0
MHImain,HKFE,2019-08-30 11:31:00,25744.0,25806.0,25412.0,25608.0,42864.0,1097529944.0,0.0
MHImain,HKFE,2019-08-30 17:15:00,25611.0,25709.0,25611.0,25664.0,6105.0,156718254.0,0.0
MHImain,HKFE,2019-08-30 21:16:00,25664.0,25666.0,25485.0,25499.0,14070.0,359731616.0,0.0
MHImain,HKFE,2019-08-31 01:16:00,25500.0,25543.0,25480.0,25518.0,1717.0,43799339.0,0.0
MHImain,HKFE,2019-09-02 01:16:00,25420.0,25581.0,25389.0,25497.0,39766.0,1013746671.0,0.0
MHImain,HKFE,2019-09-02 11:31:00,25498.0,25544.0,25415.0,25511.0,22899.0,583612880.0,0.0
MHImain,HKFE,2019-09-02 17:15:00,25523.0,25570.0,25477.0,25500.0,5789.0,147729116.0,0.0
MHImain,HKFE,2019-09-02 21:16:00,25498.0,25501.0,25355.0,25376.0,9507.0,241772236.0,0.0
MHImain,HKFE,2019-09-03 01:16:00,25376.0,25662.0,25337.0,25481.0,42432.0,1083042108.0,0.0
MHImain,HKFE,2019-09-03 11:31:00,25482.0,25522.0,25390.0,25465.0,27745.0,706306458.0,0.0
MHImain,HKFE,2019-09-03 17:15:00,25471.0,25494.0,25392.0,25467.0,7992.0,203353408.0,0.0
MHImain,HKFE,2019-09-03 21:16:00,25469.0,25564.0,25409.0,25520.0,15763.0,401720595.0,0.0
MHImain,HKFE,2019-09-04 01:16:00,25521.0,25887.0,25472.0,25767.0,40886.0,1053577756.0,0.0
MHImain,HKFE,2019-09-04 11:31:00,25765.0,26633.0,25711.0,26476.0,70586.0,1853213726.0,0.0
MHImain,HKFE,2019-09-04 17:15:00,26495.0,26496.0,26222.0,26328.0,18052.0,475037737.0,0.0
MHImain,HKFE,2019-09-04 21:16:00,26330.0,26388.0,26268.0,26368.0,11715.0,308459239.0,0.0
MHImain,HKFE,2019-09-05 01:16:00,26368.0,26620.0,26340.0,26593.0,9354.0,247659425.0,0.0
MHImain,HKFE,2019-09-05 11:31:00,26593.0,26622.0,26472.0,26472.0,419.0,11130753.0,0.0
MHImain,HKFE,2019-09-05 17:15:00,26472.0,26472.0,26472.0,26472.0,0.0,0.0,0.0
MHImain,HKFE,2019-09-05 21:16:00,26472.0,26472.0,26472.0,26472.0,0.0,0.0,0.0
MHImain,HKFE,2019-09-06 01:16:00,26472.0,26775.0,26472.0,26626.0,44477.0,1185689383.0,0.0
MHImain,HKFE,2019-09-06 11:31:00,26627.0,26651.0,26488.0,26587.0,28148.0,747728248.0,0.0
MHImain,HKFE,2019-09-06 17:15:00,26585.0,26688.0,26507.0,26617.0,12555.0,333869270.0,0.0
MHImain,HKFE,2019-09-06 21:16:00,26616.0,26668.0,26570.0,26637.0,8068.0,214802869.0,0.0
MHImain,HKFE,2019-09-07 01:16:00,26634.0,26668.0,26620.0,26666.0,1109.0,29549523.0,0.0
MHImain,HKFE,2019-09-09 01:16:00,26685.0,26795.0,26585.0,26660.0,35980.0,960039573.0,0.0
MHImain,HKFE,2019-09-09 11:31:00,26661.0,26712.0,26605.0,26645.0,17044.0,454388319.0,0.0
MHImain,HKFE,2019-09-09 17:15:00,26660.0,26691.0,26638.0,26679.0,3376.0,90026799.0,0.0
MHImain,HKFE,2019-09-09 21:16:00,26679.0,26748.0,26638.0,26690.0,7185.0,191800634.0,0.0
MHImain,HKFE,2019-09-10 01:16:00,26691.0,26888.0,26600.0,26656.0,39748.0,1061560460.0,0.0
MHImain,HKFE,2019-09-10 11:31:00,26657.0,26716.0,26616.0,26628.0,17704.0,472005080.0,0.0
MHImain,HKFE,2019-09-10 17:15:00,26645.0,26766.0,26645.0,26755.0,6551.0,175083818.0,0.0
MHImain,HKFE,2019-09-10 21:16:00,26754.0,26861.0,26720.0,26815.0,8774.0,234982666.0,0.0
MHImain,HKFE,2019-09-11 01:16:00,26814.0,27105.0,26675.0,27105.0,44661.0,1197904658.0,0.0
MHImain,HKFE,2019-09-11 11:31:00,27105.0,27158.0,27013.0,27103.0,38300.0,1037268140.0,0.0
MHImain,HKFE,2019-09-11 17:15:00,27080.0,27114.0,27045.0,27091.0,4390.0,118902042.0,0.0
MHImain,HKFE,2019-09-11 21:16:00,27091.0,27170.0,27072.0,27144.0,8003.0,217093355.0,0.0
MHImain,HKFE,2019-09-12 01:16:00,27143.0,27343.0,26943.0,27059.0,41894.0,1135014773.0,0.0
MHImain,HKFE,2019-09-12 11:31:00,27057.0,27165.0,27035.0,27076.0,24831.0,672783860.0,0.0
MHImain,HKFE,2019-09-12 17:15:00,27076.0,27118.0,26985.0,27090.0,9026.0,244244488.0,0.0
MHImain,HKFE,2019-09-12 21:16:00,27090.0,27243.0,26980.0,27126.0,18960.0,514342867.0,0.0
MHImain,HKFE,2019-09-13 01:16:00,27128.0,27224.0,27086.0,27155.0,21025.0,570772732.0,0.0
MHImain,HKFE,2019-09-13 11:31:00,27153.0,27387.0,27143.0,27313.0,21612.0,589560182.0,0.0
MHImain,HKFE,2019-09-13 17:15:00,27304.0,27376.0,27292.0,27342.0,4855.0,132778168.0,0.0
MHImain,HKFE,2019-09-13 21:16:00,27343.0,27394.0,27307.0,27342.0,6070.0,165985239.0,0.0
MHImain,HKFE,2019-09-14 01:16:00,27340.0,27360.0,27322.0,27355.0,835.0,22831962.0,0.0
MHImain,HKFE,2019-09-16 01:16:00,27190.0,27210.0,26959.0,27079.0,37087.0,1004329049.0,0.0
MHImain,HKFE,2019-09-16 11:31:00,27079.0,27119.0,27008.0,27059.0,18728.0,506883430.0,0.0
MHImain,HKFE,2019-09-16 17:15:00,27050.0,27089.0,27039.0,27061.0,3679.0,99568985.0,0.0
MHImain,HKFE,2019-09-16 21:16:00,27060.0,27093.0,26981.0,26999.0,7172.0,193961809.0,0.0
MHImain,HKFE,2019-09-17 01:16:00,26996.0,27040.0,26836.0,26883.0,31885.0,857826880.0,0.0
MHImain,HKFE,2019-09-17 11:31:00,26884.0,26889.0,26676.0,26746.0,26968.0,721634161.0,0.0
MHImain,HKFE,2019-09-17 17:15:00,26746.0,26766.0,26707.0,26714.0,3953.0,105682539.0,0.0
MHImain,HKFE,2019-09-17 21:16:00,26713.0,26853.0,26704.0,26835.0,8037.0,215240872.0,0.0
MHImain,HKFE,2019-09-18 01:16:00,26835.0,26911.0,26768.0,26788.0,32005.0,858854420.0,0.0
MHImain,HKFE,2019-09-18 11:31:00,26786.0,26825.0,26727.0,26732.0,18055.0,483544917.0,0.0
MHImain,HKFE,2019-09-18 17:15:00,26726.0,26776.0,26708.0,26772.0,2740.0,73287393.0,0.0
MHImain,HKFE,2019-09-18 21:16:00,26769.0,26785.0,26716.0,26738.0,4858.0,129950385.0,0.0
MHImain,HKFE,2019-09-19 01:16:00,26738.0,26831.0,26415.0,26467.0,48432.0,1288243000.0,0.0
MHImain,HKFE,2019-09-19 11:31:00,26465.0,26509.0,26345.0,26484.0,30808.0,814215802.0,0.0
MHImain,HKFE,2019-09-19 17:15:00,26490.0,26571.0,26485.0,26562.0,5050.0,133960340.0,0.0
MHImain,HKFE,2019-09-19 21:16:00,26558.0,26619.0,26542.0,26583.0,6977.0,185454859.0,0.0
MHImain,HKFE,2019-09-20 01:16:00,26583.0,26598.0,26466.0,26499.0,36234.0,961606256.0,0.0
MHImain,HKFE,2019-09-20 11:31:00,26498.0,26536.0,26406.0,26424.0,22701.0,600974420.0,0.0
MHImain,HKFE,2019-09-20 17:15:00,26438.0,26470.0,26379.0,26404.0,4593.0,121365302.0,0.0
MHImain,HKFE,2019-09-20 21:16:00,26402.0,26445.0,26250.0,26285.0,7440.0,196333853.0,0.0
MHImain,HKFE,2019-09-21 01:16:00,26280.0,26330.0,26216.0,26314.0,4436.0,116562971.0,0.0
MHImain,HKFE,2019-09-23 01:16:00,26393.0,26526.0,26193.0,26235.0,39686.0,1046017383.0,0.0
MHImain,HKFE,2019-09-23 11:31:00,26235.0,26348.0,26120.0,26129.0,25628.0,672409310.0,0.0
MHImain,HKFE,2019-09-23 17:15:00,26121.0,26210.0,26121.0,26188.0,4594.0,120231001.0,0.0
MHImain,HKFE,2019-09-23 21:16:00,26186.0,26274.0,26168.0,26249.0,9089.0,238390788.0,0.0
MHImain,HKFE,2019-09-24 01:16:00,26254.0,26430.0,26225.0,26330.0,39295.0,1034740689.0,0.0
MHImain,HKFE,2019-09-24 11:31:00,26331.0,26353.0,26257.0,26295.0,20736.0,545563408.0,0.0
MHImain,HKFE,2019-09-24 17:15:00,26298.0,26318.0,26276.0,26298.0,2925.0,76919278.0,0.0
MHImain,HKFE,2019-09-24 21:16:00,26298.0,26300.0,26083.0,26117.0,12595.0,329779643.0,0.0
MHImain,HKFE,2019-09-25 01:16:00,26117.0,26240.0,25926.0,26049.0,50525.0,1317150460.0,0.0
MHImain,HKFE,2019-09-25 11:31:00,26050.0,26059.0,25901.0,25905.0,23833.0,619039659.0,0.0
MHImain,HKFE,2019-09-25 17:15:00,25901.0,25966.0,25860.0,25940.0,4860.0,125916750.0,0.0
MHImain,HKFE,2019-09-25 21:16:00,25941.0,26009.0,25857.0,25985.0,9856.0,255677983.0,0.0
MHImain,HKFE,2019-09-26 01:16:00,25982.0,26107.0,25961.0,25999.0,30990.0,806583274.0,0.0
MHImain,HKFE,2019-09-26 11:31:00,25997.0,26043.0,25927.0,26025.0,17457.0,453593227.0,0.0
MHImain,HKFE,2019-09-26 17:15:00,26033.0,26073.0,25988.0,26010.0,2774.0,72185429.0,0.0
MHImain,HKFE,2019-09-26 21:16:00,26011.0,26016.0,25904.0,25929.0,5867.0,152265099.0,0.0
MHImain,HKFE,2019-09-27 01:16:00,25929.0,25997.0,25815.0,25936.0,7783.0,201659617.0,0.0
MHImain,HKFE,2019-09-27 11:31:00,25939.0,25968.0,25936.0,25948.0,1612.0,41832316.0,0.0
MHImain,HKFE,2019-09-27 17:15:00,25985.0,26007.0,25950.0,25987.0,3266.0,84847428.0,0.0
MHImain,HKFE,2019-09-27 21:16:00,25983.0,26039.0,25726.0,25755.0,19780.0,511715976.0,0.0
MHImain,HKFE,2019-09-28 01:16:00,25757.0,25777.0,25653.0,25667.0,3782.0,97249633.0,0.0
MHImain,HKFE,2019-09-30 01:16:00,25817.0,26021.0,25766.0,25976.0,35614.0,922561085.0,0.0
MHImain,HKFE,2019-09-30 11:31:00,25975.0,26158.0,25974.0,26046.0,28116.0,733157792.0,0.0
MHImain,HKFE,2019-09-30 17:15:00,26058.0,26072.0,25958.0,25987.0,4514.0,117442859.0,0.0
MHImain,HKFE,2019-09-30 21:16:00,25989.0,26074.0,25973.0,26037.0,6641.0,172856709.0,0.0
MHImain,HKFE,2019-10-01 01:16:00,26036.0,26045.0,25992.0,25998.0,1207.0,31396581.0,0.0
MHImain,HKFE,2019-10-02 01:16:00,25846.0,25974.0,25752.0,25958.0,29905.0,773329779.0,0.0
MHImain,HKFE,2019-10-02 11:31:00,25959.0,26088.0,25924.0,25950.0,25292.0,657704899.0,0.0
MHImain,HKFE,2019-10-02 17:15:00,25950.0,25950.0,25818.0,25828.0,7128.0,184295546.0,0.0
MHImain,HKFE,2019-10-02 21:16:00,25828.0,25843.0,25692.0,25744.0,15207.0,391852104.0,0.0
MHImain,HKFE,2019-10-03 01:16:00,25744.0,25958.0,25675.0,25942.0,31975.0,826618117.0,0.0
MHImain,HKFE,2019-10-03 11:31:00,25940.0,26219.0,25875.0,26144.0,35544.0,925761721.0,0.0
MHImain,HKFE,2019-10-03 17:15:00,26149.0,26159.0,26074.0,26094.0,5564.0,145286928.0,0.0
MHImain,HKFE,2019-10-03 21:16:00,26095.0,26130.0,25958.0,26110.0,16214.0,422571763.0,0.0
MHImain,HKFE,2019-10-04 01:16:00,26112.0,26175.0,25889.0,25939.0,35107.0,914637142.0,0.0
MHImain,HKFE,2019-10-04 11:31:00,25939.0,26032.0,25566.0,25783.0,51009.0,1315935507.0,0.0
MHImain,HKFE,2019-10-04 17:15:00,25758.0,25782.0,25624.0,25762.0,12270.0,315294308.0,0.0
MHImain,HKFE,2019-10-04 21:16:00,25762.0,25808.0,25650.0,25716.0,11836.0,304586026.0,0.0
MHImain,HKFE,2019-10-05 01:16:00,25719.0,25849.0,25719.0,25846.0,1909.0,49233418.0,0.0
MHImain,HKFE,2019-10-08 01:16:00,25887.0,26202.0,25692.0,26109.0,46840.0,1216604871.0,0.0
MHImain,HKFE,2019-10-08 11:31:00,26107.0,26113.0,25840.0,25872.0,33304.0,864654860.0,0.0
MHImain,HKFE,2019-10-08 17:15:00,25875.0,25882.0,25683.0,25742.0,11227.0,289160532.0,0.0
MHImain,HKFE,2019-10-08 21:16:00,25741.0,25750.0,25621.0,25705.0,13614.0,349695063.0,0.0
MHImain,HKFE,2019-10-09 01:16:00,25707.0,25869.0,25635.0,25748.0,37703.0,971575271.0,0.0
MHImain,HKFE,2019-10-09 11:31:00,25749.0,25774.0,25635.0,25651.0,30443.0,782475387.0,0.0
MHImain,HKFE,2019-10-09 17:15:00,25677.0,25843.0,25677.0,25758.0,11317.0,291856897.0,0.0
MHImain,HKFE,2019-10-09 21:16:00,25757.0,25816.0,25717.0,25771.0,6270.0,161502317.0,0.0
MHImain,HKFE,2019-10-10 01:16:00,25773.0,25830.0,25508.0,25744.0,48380.0,1242872412.0,0.0
MHImain,HKFE,2019-10-10 11:31:00,25744.0,25833.0,25691.0,25805.0,26579.0,685020271.0,0.0
MHImain,HKFE,2019-10-10 17:15:00,25810.0,25817.0,25751.0,25771.0,4580.0,118080748.0,0.0
MHImain,HKFE,2019-10-10 21:16:00,25772.0,25987.0,25767.0,25919.0,13320.0,345154314.0,0.0
MHImain,HKFE,2019-10-11 01:16:00,25919.0,26330.0,25831.0,26271.0,44022.0,1149341490.0,0.0
MHImain,HKFE,2019-10-11 11:31:00,26273.0,26445.0,26262.0,26404.0,33474.0,882145347.0,0.0
MHImain,HKFE,2019-10-11 17:15:00,26410.0,26544.0,26410.0,26522.0,8574.0,227057844.0,0.0
MHImain,HKFE,2019-10-11 21:16:00,26522.0,26676.0,26451.0,26545.0,16960.0,450631344.0,0.0
MHImain,HKFE,2019-10-12 01:16:00,26547.0,26643.0,26543.0,26617.0,2171.0,57716741.0,0.0
MHImain,HKFE,2019-10-14 01:16:00,26540.0,26663.0,26374.0,26587.0,41595.0,1103774713.0,0.0
MHImain,HKFE,2019-10-14 11:31:00,26588.0,26612.0,26485.0,26526.0,20481.0,543702688.0,0.0
MHImain,HKFE,2019-10-14 17:15:00,26519.0,26545.0,26380.0,26475.0,8422.0,222703777.0,0.0
MHImain,HKFE,2019-10-14 21:16:00,26472.0,26544.0,26455.0,26491.0,6675.0,176881661.0,0.0
MHImain,HKFE,2019-10-15 01:16:00,26490.0,26635.0,26452.0,26475.0,36304.0,963240390.0,0.0
MHImain,HKFE,2019-10-15 11:31:00,26474.0,26540.0,26433.0,26484.0,21306.0,564604047.0,0.0
MHImain,HKFE,2019-10-15 17:15:00,26481.0,26510.0,26462.0,26484.0,4312.0,114197407.0,0.0
MHImain,HKFE,2019-10-15 21:16:00,26484.0,26719.0,26468.0,26615.0,11875.0,315898645.0,0.0
MHImain,HKFE,2019-10-16 01:16:00,26615.0,26739.0,26382.0,26519.0,54214.0,1440774941.0,0.0
MHImain,HKFE,2019-10-16 11:31:00,26521.0,26716.0,26481.0,26640.0,28016.0,745608074.0,0.0
MHImain,HKFE,2019-10-16 17:15:00,26620.0,26707.0,26597.0,26688.0,4748.0,126575105.0,0.0
MHImain,HKFE,2019-10-16 21:16:00,26687.0,26763.0,26648.0,26713.0,7917.0,211482692.0,0.0
MHImain,HKFE,2019-10-17 01:16:00,26717.0,26987.0,26680.0,26880.0,40944.0,1100063711.0,0.0
MHImain,HKFE,2019-10-17 11:31:00,26879.0,26902.0,26768.0,26878.0,24505.0,657714954.0,0.0
MHImain,HKFE,2019-10-17 17:15:00,26872.0,27016.0,26866.0,26924.0,10467.0,282068838.0,0.0
MHImain,HKFE,2019-10-17 21:16:00,26924.0,26953.0,26853.0,26878.0,7386.0,198676017.0,0.0
MHImain,HKFE,2019-10-18 01:16:00,26878.0,27015.0,26754.0,26824.0,44986.0,1209630513.0,0.0
MHImain,HKFE,2019-10-18 11:31:00,26824.0,26837.0,26657.0,26672.0,28103.0,751279744.0,0.0
MHImain,HKFE,2019-10-18 17:15:00,26675.0,26754.0,26667.0,26731.0,3790.0,101293565.0,0.0
MHImain,HKFE,2019-10-18 21:16:00,26727.0,26754.0,26604.0,26676.0,7843.0,209333366.0,0.0
MHImain,HKFE,2019-10-19 01:16:00,26675.0,26715.0,26666.0,26687.0,1165.0,31096598.0,0.0
MHImain,HKFE,2019-10-21 01:16:00,26708.0,26843.0,26647.0,26811.0,36833.0,985496880.0,0.0
MHImain,HKFE,2019-10-21 11:31:00,26810.0,26823.0,26692.0,26694.0,19903.0,532373305.0,0.0
MHImain,HKFE,2019-10-21 17:15:00,26692.0,26758.0,26651.0,26740.0,4595.0,122696286.0,0.0
MHImain,HKFE,2019-10-21 21:16:00,26743.0,26768.0,26685.0,26737.0,5781.0,154519974.0,0.0
MHImain,HKFE,2019-10-22 01:16:00,26737.0,26896.0,26713.0,26818.0,40555.0,1086603944.0,0.0
MHImain,HKFE,2019-10-22 11:31:00,26817.0,26838.0,26762.0,26778.0,17140.0,459318405.0,0.0
MHImain,HKFE,2019-10-22 17:15:00,26779.0,26839.0,26770.0,26833.0,2921.0,78311733.0,0.0
MHImain,HKFE,2019-10-22 21:16:00,26833.0,26871.0,26827.0,26852.0,4320.0,115968416.0,0.0
MHImain,HKFE,2019-10-23 01:16:00,26852.0,26870.0,26456.0,26517.0,50894.0,1355989830.0,0.0
MHImain,HKFE,2019-10-23 11:31:00,26518.0,26573.0,26492.0,26532.0,21879.0,580509720.0,0.0
MHImain,HKFE,2019-10-23 17:15:00,26539.0,26580.0,26481.0,26539.0,5078.0,134690487.0,0.0
MHImain,HKFE,2019-10-23 21:16:00,26538.0,26615.0,26537.0,26593.0,7451.0,198060602.0,0.0
MHImain,HKFE,2019-10-24 01:16:00,26589.0,26730.0,26556.0,26667.0,39955.0,1064858889.0,0.0
MHImain,HKFE,2019-10-24 11:31:00,26667.0,26836.0,26664.0,26760.0,25961.0,694477430.0,0.0
MHImain,HKFE,2019-10-24 17:15:00,26750.0,26818.0,26750.0,26793.0,3122.0,83667425.0,0.0
MHImain,HKFE,2019-10-24 21:16:00,26794.0,26808.0,26708.0,26768.0,8274.0,221451334.0,0.0
MHImain,HKFE,2019-10-25 01:16:00,26765.0,26798.0,26594.0,26701.0,37225.0,993605523.0,0.0
MHImain,HKFE,2019-10-25 11:31:00,26701.0,26775.0,26656.0,26689.0,19684.0,525830572.0,0.0
MHImain,HKFE,2019-10-25 17:15:00,26689.0,26723.0,26671.0,26684.0,2442.0,65196401.0,0.0
MHImain,HKFE,2019-10-25 21:16:00,26684.0,26808.0,26684.0,26787.0,6708.0,179465539.0,0.0
MHImain,HKFE,2019-10-26 01:16:00,26788.0,26816.0,26781.0,26799.0,1490.0,39929805.0,0.0
MHImain,HKFE,2019-10-28 01:16:00,26785.0,27041.0,26762.0,27014.0,40790.0,1097130148.0,0.0
MHImain,HKFE,2019-10-28 11:31:00,27016.0,27031.0,26887.0,26910.0,19387.0,522242345.0,0.0
MHImain,HKFE,2019-10-28 17:15:00,26913.0,26995.0,26881.0,26985.0,3093.0,83348774.0,0.0
MHImain,HKFE,2019-10-28 21:16:00,26985.0,27043.0,26978.0,27041.0,4990.0,134780671.0,0.0
MHImain,HKFE,2019-10-29 01:16:00,27042.0,27078.0,26794.0,26817.0,32924.0,886572098.0,0.0
MHImain,HKFE,2019-10-29 11:31:00,26818.0,26835.0,26717.0,26728.0,16962.0,454256996.0,0.0
MHImain,HKFE,2019-10-29 17:15:00,26734.0,26764.0,26681.0,26743.0,2751.0,73514094.0,0.0
MHImain,HKFE,2019-10-29 21:16:00,26742.0,26805.0,26731.0,26787.0,3225.0,86335045.0,0.0
MHImain,HKFE,2019-10-30 01:16:00,26790.0,26790.0,26615.0,26688.0,6425.0,171518724.0,0.0
MHImain,HKFE,2019-10-30 11:31:00,26689.0,26704.0,26667.0,26673.0,1642.0,43814252.0,0.0
MHImain,HKFE,2019-10-30 17:15:00,26636.0,26671.0,26618.0,26643.0,3134.0,83513449.0,0.0
MHImain,HKFE,2019-10-30 21:16:00,26641.0,26685.0,26566.0,26662.0,6983.0,185962251.0,0.0
MHImain,HKFE,2019-10-31 01:16:00,26665.0,27042.0,26564.0,27012.0,42877.0,1152783755.0,0.0
MHImain,HKFE,2019-10-31 11:31:00,27012.0,27020.0,26840.0,26980.0,21682.0,583802959.0,0.0
MHImain,HKFE,2019-10-31 17:15:00,26970.0,26970.0,26742.0,26835.0,10884.0,291825137.0,0.0
MHImain,HKFE,2019-10-31 21:16:00,26834.0,26865.0,26716.0,26725.0,10109.0,270666139.0,0.0
MHImain,HKFE,2019-11-01 01:16:00,26723.0,27089.0,26677.0,27065.0,41721.0,1123524036.0,0.0
MHImain,HKFE,2019-11-01 11:31:00,27065.0,27151.0,27020.0,27142.0,22516.0,609932640.0,0.0
MHImain,HKFE,2019-11-01 17:15:00,27128.0,27177.0,27118.0,27170.0,4503.0,122247315.0,0.0
MHImain,HKFE,2019-11-01 21:16:00,27173.0,27233.0,27152.0,27226.0,7945.0,216047621.0,0.0
MHImain,HKFE,2019-11-02 01:16:00,27227.0,27285.0,27218.0,27259.0,2314.0,63067183.0,0.0
MHImain,HKFE,2019-11-04 01:16:00,27248.0,27543.0,27233.0,27506.0,35578.0,976273638.0,0.0
MHImain,HKFE,2019-11-04 11:31:00,27503.0,27608.0,27455.0,27600.0,19195.0,528323580.0,0.0
MHImain,HKFE,2019-11-04 17:15:00,27609.0,27654.0,27580.0,27617.0,3937.0,108767940.0,0.0
MHImain,HKFE,2019-11-04 21:16:00,27619.0,27653.0,27551.0,27576.0,5365.0,148139020.0,0.0
MHImain,HKFE,2019-11-05 01:16:00,27577.0,27720.0,27457.0,27681.0,42782.0,1179626807.0,0.0
MHImain,HKFE,2019-11-05 11:31:00,27681.0,27762.0,27631.0,27672.0,22925.0,634975959.0,0.0
MHImain,HKFE,2019-11-05 17:15:00,27686.0,27758.0,27681.0,27712.0,3783.0,104891116.0,0.0
MHImain,HKFE,2019-11-05 21:16:00,27711.0,27726.0,27607.0,27670.0,6769.0,187219985.0,0.0
MHImain,HKFE,2019-11-06 01:16:00,27671.0,27738.0,27541.0,27724.0,38574.0,1065715332.0,0.0
MHImain,HKFE,2019-11-06 11:31:00,27724.0,27796.0,27661.0,27736.0,23269.0,645039930.0,0.0
MHImain,HKFE,2019-11-06 17:15:00,27731.0,27761.0,27682.0,27744.0,3190.0,88440934.0,0.0
MHImain,HKFE,2019-11-06 21:16:00,27744.0,27790.0,27648.0,27695.0,6793.0,188371442.0,0.0
MHImain,HKFE,2019-11-07 01:16:00,27698.0,27731.0,27541.0,27585.0,39784.0,1099559605.0,0.0
MHImain,HKFE,2019-11-07 11:31:00,27585.0,27948.0,27578.0,27814.0,36056.0,1000218401.0,0.0
MHImain,HKFE,2019-11-07 17:15:00,27831.0,27886.0,27814.0,27844.0,4091.0,113945095.0,0.0
MHImain,HKFE,2019-11-07 21:16:00,27845.0,27922.0,27828.0,27876.0,6718.0,187249387.0,0.0
MHImain,HKFE,2019-11-08 01:16:00,27876.0,27938.0,27674.0,27740.0,36434.0,1011436643.0,0.0
MHImain,HKFE,2019-11-08 11:31:00,27741.0,27748.0,27592.0,27679.0,22966.0,635386376.0,0.0
MHImain,HKFE,2019-11-08 17:15:00,27645.0,27721.0,27645.0,27687.0,3193.0,88392775.0,0.0
MHImain,HKFE,2019-11-08 21:16:00,27687.0,27710.0,27577.0,27648.0,6809.0,188236062.0,0.0
MHImain,HKFE,2019-11-09 01:16:00,27646.0,27659.0,27606.0,27618.0,931.0,25721655.0,0.0
MHImain,HKFE,2019-11-11 01:16:00,27515.0,27526.0,26983.0,27087.0,45346.0,1232178310.0,0.0
MHImain,HKFE,2019-11-11 11:31:00,27086.0,27094.0,26808.0,27002.0,35955.0,968518087.0,0.0
MHImain,HKFE,2019-11-11 17:15:00,27005.0,27079.0,26954.0,27024.0,5847.0,157913132.0,0.0
MHImain,HKFE,2019-11-11 21:16:00,27024.0,27166.0,26986.0,27155.0,7683.0,208168136.0,0.0
MHImain,HKFE,2019-11-12 01:16:00,27156.0,27208.0,26776.0,26934.0,48177.0,1299579037.0,0.0
MHImain,HKFE,2019-11-12 11:31:00,26935.0,27097.0,26916.0,26982.0,29802.0,805127990.0,0.0
MHImain,HKFE,2019-11-12 17:15:00,26982.0,27006.0,26934.0,26959.0,3794.0,102345444.0,0.0
MHImain,HKFE,2019-11-12 21:16:00,26958.0,27004.0,26913.0,26942.0,5876.0,158385811.0,0.0
MHImain,HKFE,2019-11-13 01:16:00,26943.0,26958.0,26455.0,26574.0,51966.0,1381823802.0,0.0
MHImain,HKFE,2019-11-13 11:31:00,26576.0,26604.0,26445.0,26494.0,28331.0,750996141.0,0.0
MHImain,HKFE,2019-11-13 17:15:00,26487.0,26502.0,26352.0,26414.0,8100.0,213864610.0,0.0
MHImain,HKFE,2019-11-13 21:16:00,26413.0,26520.0,26362.0,26508.0,8470.0,223922103.0,0.0
MHImain,HKFE,2019-11-14 01:16:00,26509.0,26624.0,26259.0,26342.0,54659.0,1444791937.0,0.0
MHImain,HKFE,2019-11-14 11:31:00,26342.0,26405.0,26178.0,26321.0,36596.0,962742959.0,0.0
MHImain,HKFE,2019-11-14 17:15:00,26320.0,26412.0,26292.0,26358.0,4750.0,125230796.0,0.0
MHImain,HKFE,2019-11-14 21:16:00,26355.0,26395.0,26276.0,26304.0,6092.0,160484541.0,0.0
MHImain,HKFE,2019-11-15 01:16:00,26302.0,26617.0,26275.0,26409.0,43346.0,1146387497.0,0.0
MHImain,HKFE,2019-11-15 11:31:00,26412.0,26429.0,26273.0,26283.0,22066.0,581337120.0,0.0
MHImain,HKFE,2019-11-15 17:15:00,26284.0,26323.0,26225.0,26290.0,4613.0,121211937.0,0.0
MHImain,HKFE,2019-11-15 21:16:00,26289.0,26397.0,26272.0,26374.0,5841.0,153833604.0,0.0
MHImain,HKFE,2019-11-16 01:16:00,26376.0,26399.0,26368.0,26380.0,979.0,25826533.0,0.0
MHImain,HKFE,2019-11-18 01:16:00,26336.0,26682.0,26316.0,26627.0,45408.0,1205296749.0,0.0
MHImain,HKFE,2019-11-18 11:31:00,26628.0,26704.0,26462.0,26680.0,28539.0,759131344.0,0.0
MHImain,HKFE,2019-11-18 17:15:00,26679.0,26679.0,26611.0,26622.0,2859.0,76162473.0,0.0
MHImain,HKFE,2019-11-18 21:16:00,26621.0,26628.0,26523.0,26611.0,9832.0,261183473.0,0.0
MHImain,HKFE,2019-11-19 01:16:00,26608.0,26988.0,26501.0,26901.0,50764.0,1360763076.0,0.0
MHImain,HKFE,2019-11-19 11:31:00,26902.0,27106.0,26898.0,27072.0,28540.0,771044866.0,0.0
MHImain,HKFE,2019-11-19 17:15:00,27080.0,27123.0,27044.0,27052.0,4596.0,124476982.0,0.0
MHImain,HKFE,2019-11-19 21:16:00,27051.0,27069.0,26892.0,26950.0,10306.0,277835634.0,0.0
MHImain,HKFE,2019-11-20 01:16:00,26953.0,26959.0,26777.0,26918.0,41992.0,1128352750.0,0.0
MHImain,HKFE,2019-11-20 11:31:00,26917.0,26961.0,26804.0,26813.0,21919.0,589437153.0,0.0
MHImain,HKFE,2019-11-20 17:15:00,26802.0,26835.0,26752.0,26820.0,5229.0,140155483.0,0.0
MHImain,HKFE,2019-11-20 21:16:00,26819.0,26867.0,26786.0,26795.0,5661.0,151893041.0,0.0
MHImain,HKFE,2019-11-21 01:16:00,26796.0,26807.0,26267.0,26448.0,57003.0,1507051823.0,0.0
MHImain,HKFE,2019-11-21 11:31:00,26446.0,26516.0,26413.0,26439.0,21126.0,558899093.0,0.0
MHImain,HKFE,2019-11-21 17:15:00,26438.0,26592.0,26438.0,26569.0,6388.0,169456619.0,0.0
MHImain,HKFE,2019-11-21 21:16:00,26568.0,26578.0,26457.0,26525.0,8787.0,233032206.0,0.0
MHImain,HKFE,2019-11-22 01:16:00,26525.0,26675.0,26472.0,26522.0,38807.0,1031327799.0,0.0
MHImain,HKFE,2019-11-22 11:31:00,26523.0,26644.0,26481.0,26622.0,17937.0,476249038.0,0.0
MHImain,HKFE,2019-11-22 17:15:00,26620.0,26631.0,26566.0,26605.0,4487.0,119340984.0,0.0
MHImain,HKFE,2019-11-22 21:16:00,26606.0,26656.0,26563.0,26575.0,6483.0,172501892.0,0.0
MHImain,HKFE,2019-11-23 01:16:00,26573.0,26588.0,26553.0,26573.0,786.0,20887085.0,0.0
MHImain,HKFE,2019-11-25 01:16:00,26638.0,27140.0,26638.0,27091.0,41332.0,1115655949.0,0.0
MHImain,HKFE,2019-11-25 11:31:00,27089.0,27101.0,26930.0,27030.0,21648.0,585057507.0,0.0
MHImain,HKFE,2019-11-25 17:15:00,27002.0,27032.0,26967.0,26989.0,2993.0,80800890.0,0.0
MHImain,HKFE,2019-11-25 21:16:00,26990.0,27092.0,26962.0,27049.0,5895.0,159382663.0,0.0
MHImain,HKFE,2019-11-26 01:16:00,27046.0,27267.0,26944.0,26992.0,54725.0,1482616061.0,0.0
MHImain,HKFE,2019-11-26 11:31:00,26990.0,27032.0,26923.0,26974.0,20926.0,564494696.0,0.0
MHImain,HKFE,2019-11-26 17:15:00,26945.0,26998.0,26901.0,26995.0,2818.0,75970787.0,0.0
MHImain,HKFE,2019-11-26 21:16:00,26995.0,27003.0,26921.0,26964.0,5328.0,143630707.0,0.0
MHImain,HKFE,2019-11-27 01:16:00,26965.0,27019.0,26876.0,26938.0,29109.0,784643636.0,0.0
MHImain,HKFE,2019-11-27 11:31:00,26937.0,26980.0,26888.0,26954.0,12399.0,333972369.0,0.0
MHImain,HKFE,2019-11-27 17:15:00,27028.0,27086.0,27028.0,27040.0,1342.0,36310215.0,0.0
MHImain,HKFE,2019-11-27 21:16:00,27039.0,27057.0,27004.0,27054.0,1452.0,39243088.0,0.0
MHImain,HKFE,2019-11-28 01:16:00,27052.0,27088.0,26791.0,26981.0,36058.0,971372220.0,0.0
MHImain,HKFE,2019-11-28 11:31:00,26981.0,26990.0,26860.0,26880.0,16184.0,436072528.0,0.0
MHImain,HKFE,2019-11-28 17:15:00,26883.0,26914.0,26863.0,26886.0,2678.0,72020097.0,0.0
MHImain,HKFE,2019-11-28 21:16:00,26886.0,26909.0,26881.0,26901.0,1584.0,42603755.0,0.0
MHImain,HKFE,2019-11-29 01:16:00,26900.0,26917.0,26379.0,26400.0,47391.0,1257469661.0,0.0
MHImain,HKFE,2019-11-29 11:31:00,26399.0,26424.0,26324.0,26344.0,26767.0,705834963.0,0.0
MHImain,HKFE,2019-11-29 17:15:00,26374.0,26443.0,26357.0,26404.0,5086.0,134334939.0,0.0
MHImain,HKFE,2019-11-29 21:16:00,26403.0,26430.0,26338.0,26400.0,7226.0,190723551.0,0.0
MHImain,HKFE,2019-11-30 01:16:00,26399.0,26407.0,26370.0,26370.0,1349.0,35597107.0,0.0
MHImain,HKFE,2019-12-02 01:16:00,26468.0,26575.0,26413.0,26506.0,31532.0,835545227.0,0.0
MHImain,HKFE,2019-12-02 11:31:00,26504.0,26505.0,26444.0,26490.0,13332.0,352920863.0,0.0
MHImain,HKFE,2019-12-02 17:15:00,26492.0,26500.0,26395.0,26406.0,4183.0,110594561.0,0.0
MHImain,HKFE,2019-12-02 21:16:00,26405.0,26433.0,26327.0,26371.0,9185.0,242296358.0,0.0
MHImain,HKFE,2019-12-03 01:16:00,26368.0,26467.0,26063.0,26459.0,53642.0,1409353204.0,0.0
MHImain,HKFE,2019-12-03 11:31:00,26460.0,26471.0,26374.0,26385.0,17322.0,457531439.0,0.0
MHImain,HKFE,2019-12-03 17:15:00,26412.0,26413.0,26153.0,26163.0,8751.0,229998902.0,0.0
MHImain,HKFE,2019-12-03 21:16:00,26163.0,26170.0,25949.0,26056.0,18312.0,477022082.0,0.0
MHImain,HKFE,2019-12-04 01:16:00,26058.0,26205.0,25962.0,26110.0,44504.0,1161510235.0,0.0
MHImain,HKFE,2019-12-04 11:31:00,26112.0,26152.0,26042.0,26080.0,17773.0,463866746.0,0.0
MHImain,HKFE,2019-12-04 17:15:00,26085.0,26285.0,26085.0,26229.0,7893.0,206974280.0,0.0
MHImain,HKFE,2019-12-04 21:16:00,26230.0,26294.0,26208.0,26258.0,6268.0,164569186.0,0.0
MHImain,HKFE,2019-12-05 01:16:00,26255.0,26326.0,26126.0,26142.0,35365.0,927521405.0,0.0
MHImain,HKFE,2019-12-05 11:31:00,26141.0,26275.0,26133.0,26241.0,19321.0,506326251.0,0.0
MHImain,HKFE,2019-12-05 17:15:00,26246.0,26285.0,26211.0,26242.0,3569.0,93691602.0,0.0
MHImain,HKFE,2019-12-05 21:16:00,26240.0,26269.0,26195.0,26247.0,5370.0,140888773.0,0.0
MHImain,HKFE,2019-12-06 01:16:00,26245.0,26540.0,26230.0,26431.0,38217.0,1010083181.0,0.0
MHImain,HKFE,2019-12-06 11:31:00,26430.0,26555.0,26381.0,26520.0,20316.0,537830494.0,0.0
MHImain,HKFE,2019-12-06 17:15:00,26523.0,26537.0,26500.0,26509.0,2161.0,57300867.0,0.0
MHImain,HKFE,2019-12-06 21:16:00,26508.0,26604.0,26503.0,26564.0,7706.0,204688606.0,0.0
MHImain,HKFE,2019-12-07 01:16:00,26565.0,26598.0,26563.0,26598.0,941.0,25013092.0,0.0
MHImain,HKFE,2019-12-09 01:16:00,26501.0,26664.0,26426.0,26562.0,38491.0,1021604020.0,0.0
MHImain,HKFE,2019-12-09 11:31:00,26562.0,26564.0,26480.0,26512.0,17621.0,467296812.0,0.0
MHImain,HKFE,2019-12-09 17:15:00,26510.0,26516.0,26478.0,26504.0,1728.0,45785260.0,0.0
MHImain,HKFE,2019-12-09 21:16:00,26502.0,26534.0,26461.0,26485.0,3030.0,80311165.0,0.0
MHImain,HKFE,2019-12-10 01:16:00,26485.0,26573.0,26292.0,26516.0,36860.0,975297308.0,0.0
MHImain,HKFE,2019-12-10 11:31:00,26515.0,26530.0,26418.0,26423.0,13757.0,364380187.0,0.0
MHImain,HKFE,2019-12-10 17:15:00,26409.0,26409.0,26257.0,26361.0,6049.0,159294787.0,0.0
MHImain,HKFE,2019-12-10 21:16:00,26361.0,26501.0,26357.0,26473.0,9756.0,258095046.0,0.0
MHImain,HKFE,2019-12-11 01:16:00,26474.0,26535.0,26362.0,26517.0,33277.0,880237349.0,0.0
MHImain,HKFE,2019-12-11 11:31:00,26516.0,26689.0,26511.0,26653.0,23626.0,628936235.0,0.0
MHImain,HKFE,2019-12-11 17:15:00,26641.0,26668.0,26590.0,26649.0,3218.0,85707554.0,0.0
MHImain,HKFE,2019-12-11 21:16:00,26648.0,26679.0,26625.0,26632.0,3747.0,99868768.0,0.0
MHImain,HKFE,2019-12-12 01:16:00,26630.0,27095.0,26630.0,27038.0,38301.0,1033199561.0,0.0
MHImain,HKFE,2019-12-12 11:31:00,27037.0,27076.0,26985.0,27007.0,17377.0,469724062.0,0.0
MHImain,HKFE,2019-12-12 17:15:00,27008.0,27026.0,26925.0,26932.0,4648.0,125382683.0,0.0
MHImain,HKFE,2019-12-12 21:16:00,26933.0,27600.0,26916.0,27179.0,19679.0,535458403.0,0.0
MHImain,HKFE,2019-12-13 01:16:00,27175.0,27609.0,27125.0,27578.0,39689.0,1090959295.0,0.0
MHImain,HKFE,2019-12-13 11:31:00,27578.0,27745.0,27554.0,27706.0,27843.0,769626258.0,0.0
MHImain,HKFE,2019-12-13 17:15:00,27705.0,27845.0,27611.0,27723.0,10900.0,302437617.0,0.0
MHImain,HKFE,2019-12-13 21:16:00,27722.0,27889.0,27447.0,27527.0,36165.0,999758171.0,0.0
MHImain,HKFE,2019-12-14 01:16:00,27526.0,27555.0,27505.0,27511.0,1541.0,42426835.0,0.0
MHImain,HKFE,2019-12-16 01:16:00,27600.0,27747.0,27509.0,27634.0,41209.0,1138513744.0,0.0
MHImain,HKFE,2019-12-16 11:31:00,27634.0,27656.0,27518.0,27585.0,17759.0,490190936.0,0.0
MHImain,HKFE,2019-12-16 17:15:00,27575.0,27630.0,27566.0,27625.0,3385.0,93417904.0,0.0
MHImain,HKFE,2019-12-16 21:16:00,27625.0,27726.0,27622.0,27715.0,8111.0,224530684.0,0.0
MHImain,HKFE,2019-12-17 01:16:00,27715.0,27819.0,27562.0,27799.0,43520.0,1205588552.0,0.0
MHImain,HKFE,2019-12-17 11:31:00,27799.0,27922.0,27782.0,27823.0,28892.0,804422047.0,0.0
MHImain,HKFE,2019-12-17 17:15:00,27819.0,27846.0,27766.0,27804.0,4849.0,134807080.0,0.0
MHImain,HKFE,2019-12-17 21:16:00,27805.0,27866.0,27784.0,27846.0,6123.0,170354416.0,0.0
MHImain,HKFE,2019-12-18 01:16:00,27843.0,28031.0,27786.0,27873.0,46406.0,1295034321.0,0.0
MHImain,HKFE,2019-12-18 11:31:00,27874.0,27931.0,27805.0,27913.0,20021.0,557836041.0,0.0
MHImain,HKFE,2019-12-18 17:15:00,27912.0,27966.0,27897.0,27922.0,3702.0,103406750.0,0.0
MHImain,HKFE,2019-12-18 21:16:00,27923.0,27939.0,27877.0,27902.0,5264.0,146900768.0,0.0
MHImain,HKFE,2019-12-19 01:16:00,27900.0,27975.0,27692.0,27748.0,36308.0,1010201548.0,0.0
MHImain,HKFE,2019-12-19 11:31:00,27748.0,27865.0,27732.0,27809.0,16201.0,450350587.0,0.0
MHImain,HKFE,2019-12-19 17:15:00,27805.0,27823.0,27757.0,27757.0,4123.0,114600122.0,0.0
MHImain,HKFE,2019-12-19 21:16:00,27757.0,27861.0,27752.0,27848.0,4881.0,135696919.0,0.0
MHImain,HKFE,2019-12-20 01:16:00,27847.0,28014.0,27757.0,27941.0,43226.0,1205801921.0,0.0
MHImain,HKFE,2019-12-20 11:31:00,27942.0,27950.0,27819.0,27935.0,19614.0,546910847.0,0.0
MHImain,HKFE,2019-12-20 17:15:00,27935.0,27991.0,27913.0,27964.0,4346.0,121482300.0,0.0
MHImain,HKFE,2019-12-20 21:16:00,27963.0,27984.0,27929.0,27945.0,4831.0,135063498.0,0.0
MHImain,HKFE,2019-12-21 01:16:00,27944.0,27960.0,27930.0,27960.0,968.0,27052822.0,0.0
MHImain,HKFE,2019-12-23 01:16:00,28048.0,28084.0,27846.0,27908.0,35944.0,1004424594.0,0.0
MHImain,HKFE,2019-12-23 11:31:00,27907.0,27923.0,27855.0,27860.0,13975.0,389755188.0,0.0
MHImain,HKFE,2019-12-23 17:15:00,27862.0,27907.0,27858.0,27897.0,1994.0,55612929.0,0.0
MHImain,HKFE,2019-12-23 21:16:00,27897.0,27900.0,27837.0,27850.0,2826.0,78770242.0,0.0
MHImain,HKFE,2019-12-24 01:16:00,27853.0,27921.0,27798.0,27869.0,26650.0,742336075.0,0.0
MHImain,HKFE,2019-12-24 11:31:00,27867.0,27890.0,27850.0,27868.0,2567.0,71529072.0,0.0
MHImain,HKFE,2019-12-24 17:15:00,27868.0,27868.0,27868.0,27868.0,0.0,0.0,0.0
MHImain,HKFE,2019-12-24 21:16:00,27868.0,27868.0,27868.0,27868.0,0.0,0.0,0.0
MHImain,HKFE,2019-12-25 01:16:00,27868.0,27868.0,27868.0,27868.0,0.0,0.0,0.0
MHImain,HKFE,2019-12-27 01:16:00,28020.0,28258.0,28000.0,28221.0,25337.0,713603160.0,0.0
MHImain,HKFE,2019-12-27 11:31:00,28220.0,28244.0,28165.0,28220.0,12724.0,358913847.0,0.0
MHImain,HKFE,2019-12-27 17:15:00,28325.0,28371.0,28302.0,28350.0,1205.0,34158460.0,0.0
MHImain,HKFE,2019-12-27 21:16:00,28353.0,28360.0,28300.0,28339.0,1793.0,50801079.0,0.0
MHImain,HKFE,2019-12-28 01:16:00,28340.0,28342.0,28322.0,28322.0,279.0,7904602.0,0.0
MHImain,HKFE,2019-12-30 01:16:00,28322.0,28535.0,28270.0,28523.0,29677.0,842502697.0,0.0
MHImain,HKFE,2019-12-30 11:31:00,28523.0,28535.0,28391.0,28420.0,16875.0,480131134.0,0.0
MHImain,HKFE,2019-12-30 17:15:00,28415.0,28447.0,28371.0,28444.0,2858.0,81184804.0,0.0
MHImain,HKFE,2019-12-30 21:16:00,28444.0,28465.0,28323.0,28359.0,7925.0,224915637.0,0.0
MHImain,HKFE,2019-12-31 01:16:00,28357.0,28408.0,28198.0,28262.0,27654.0,782591451.0,0.0
MHImain,HKFE,2019-12-31 11:31:00,28263.0,28292.0,28237.0,28276.0,2943.0,83187410.0,0.0
MHImain,HKFE,2019-12-31 17:15:00,28276.0,28276.0,28276.0,28276.0,0.0,0.0,0.0
MHImain,HKFE,2020-01-02 01:16:00,28360.0,28619.0,28210.0,28526.0,38935.0,1108271876.0,0.0
MHImain,HKFE,2020-01-02 11:31:00,28525.0,28629.0,28457.0,28600.0,19147.0,546708289.0,0.0
MHImain,HKFE,2020-01-02 17:15:00,28612.0,28670.0,28605.0,28643.0,3292.0,94287973.0,0.0
MHImain,HKFE,2020-01-02 21:16:00,28645.0,28788.0,28642.0,28759.0,9307.0,267403319.0,0.0
MHImain,HKFE,2020-01-03 01:16:00,28760.0,28946.0,28480.0,28539.0,53207.0,1527499287.0,0.0
MHImain,HKFE,2020-01-03 11:31:00,28540.0,28564.0,28426.0,28435.0,19848.0,565715227.0,0.0
MHImain,HKFE,2020-01-03 17:15:00,28430.0,28430.0,28278.0,28421.0,9140.0,259195074.0,0.0
MHImain,HKFE,2020-01-03 21:16:00,28422.0,28534.0,28375.0,28474.0,12324.0,350793192.0,0.0
MHImain,HKFE,2020-01-04 01:16:00,28477.0,28492.0,28375.0,28427.0,1560.0,44353532.0,0.0
MHImain,HKFE,2020-01-06 01:16:00,28300.0,28435.0,28233.0,28347.0,38072.0,1078124667.0,0.0
MHImain,HKFE,2020-01-06 11:31:00,28349.0,28369.0,28075.0,28194.0,30302.0,855373698.0,0.0
MHImain,HKFE,2020-01-06 17:15:00,28190.0,28265.0,28106.0,28208.0,6229.0,175692764.0,0.0
MHImain,HKFE,2020-01-06 21:16:00,28212.0,28307.0,28168.0,28258.0,8678.0,245110932.0,0.0
MHImain,HKFE,2020-01-07 01:16:00,28262.0,28530.0,28254.0,28413.0,41662.0,1184572706.0,0.0
MHImain,HKFE,2020-01-07 11:31:00,28413.0,28453.0,28281.0,28378.0,20985.0,595637154.0,0.0
MHImain,HKFE,2020-01-07 17:15:00,28355.0,28394.0,28330.0,28338.0,3858.0,109422865.0,0.0
MHImain,HKFE,2020-01-07 21:16:00,28336.0,28350.0,28240.0,28292.0,9689.0,274125930.0,0.0
MHImain,HKFE,2020-01-08 01:16:00,28291.0,28310.0,27860.0,28150.0,57505.0,1613211169.0,0.0
MHImain,HKFE,2020-01-08 11:31:00,28151.0,28173.0,27998.0,28056.0,23945.0,672450342.0,0.0
MHImain,HKFE,2020-01-08 17:15:00,28068.0,28185.0,28068.0,28175.0,5879.0,165416912.0,0.0
MHImain,HKFE,2020-01-08 21:16:00,28173.0,28452.0,28136.0,28418.0,14591.0,412396781.0,0.0
MHImain,HKFE,2020-01-09 01:16:00,28419.0,28504.0,28368.0,28436.0,37132.0,1055899807.0,0.0
MHImain,HKFE,2020-01-09 11:31:00,28436.0,28633.0,28426.0,28624.0,22875.0,652762989.0,0.0
MHImain,HKFE,2020-01-09 17:15:00,28625.0,28628.0,28516.0,28536.0,6311.0,180257241.0,0.0
MHImain,HKFE,2020-01-09 21:16:00,28536.0,28610.0,28511.0,28580.0,7012.0,200213620.0,0.0
MHImain,HKFE,2020-01-10 01:16:00,28580.0,28725.0,28532.0,28661.0,36011.0,1030489744.0,0.0
MHImain,HKFE,2020-01-10 11:31:00,28661.0,28707.0,28589.0,28662.0,16211.0,464585018.0,0.0
MHImain,HKFE,2020-01-10 17:15:00,28662.0,28734.0,28646.0,28696.0,3347.0,96070039.0,0.0
MHImain,HKFE,2020-01-10 21:16:00,28695.0,28758.0,28652.0,28679.0,9044.0,259643655.0,0.0
MHImain,HKFE,2020-01-11 01:16:00,28682.0,28777.0,28676.0,28766.0,1417.0,40715891.0,0.0
MHImain,HKFE,2020-01-13 01:16:00,28711.0,29012.0,28711.0,28931.0,44228.0,1275511738.0,0.0
MHImain,HKFE,2020-01-13 11:31:00,28928.0,29039.0,28901.0,28959.0,18714.0,542176596.0,0.0
MHImain,HKFE,2020-01-13 17:15:00,28960.0,28981.0,28906.0,28942.0,3423.0,99075742.0,0.0
MHImain,HKFE,2020-01-13 21:16:00,28937.0,29091.0,28887.0,29087.0,8247.0,238919791.0,0.0
MHImain,HKFE,2020-01-14 01:16:00,29089.0,29227.0,28924.0,28929.0,37786.0,1098527946.0,0.0
MHImain,HKFE,2020-01-14 11:31:00,28929.0,29004.0,28797.0,28800.0,23150.0,669466954.0,0.0
MHImain,HKFE,2020-01-14 17:15:00,28805.0,28952.0,28795.0,28904.0,6545.0,189178523.0,0.0
MHImain,HKFE,2020-01-14 21:16:00,28903.0,28992.0,28903.0,28989.0,7578.0,219371468.0,0.0
MHImain,HKFE,2020-01-15 01:16:00,28987.0,29030.0,28683.0,28700.0,44513.0,1283712585.0,0.0
MHImain,HKFE,2020-01-15 11:31:00,28702.0,28837.0,28660.0,28755.0,21413.0,615590920.0,0.0
MHImain,HKFE,2020-01-15 17:15:00,28746.0,28823.0,28735.0,28802.0,3180.0,91564271.0,0.0
MHImain,HKFE,2020-01-15 21:16:00,28802.0,28866.0,28781.0,28857.0,7543.0,217451166.0,0.0
MHImain,HKFE,2020-01-16 01:16:00,28856.0,29041.0,28738.0,28818.0,47333.0,1367346094.0,0.0
MHImain,HKFE,2020-01-16 11:31:00,28819.0,28893.0,28758.0,28893.0,17668.0,509206005.0,0.0
MHImain,HKFE,2020-01-16 17:15:00,28899.0,28926.0,28862.0,28918.0,3702.0,106984213.0,0.0
MHImain,HKFE,2020-01-16 21:16:00,28917.0,28998.0,28905.0,28959.0,6223.0,180202671.0,0.0
MHImain,HKFE,2020-01-17 01:16:00,28957.0,29162.0,28807.0,28910.0,50683.0,1467567411.0,0.0
MHImain,HKFE,2020-01-17 11:31:00,28908.0,29078.0,28853.0,29066.0,18807.0,544500670.0,0.0
MHImain,HKFE,2020-01-17 17:15:00,29080.0,29134.0,29056.0,29090.0,3856.0,112189265.0,0.0
MHImain,HKFE,2020-01-17 21:16:00,29090.0,29121.0,29012.0,29067.0,6305.0,183269423.0,0.0
MHImain,HKFE,2020-01-18 01:16:00,29069.0,29095.0,29050.0,29089.0,934.0,27156984.0,0.0
MHImain,HKFE,2020-01-20 01:16:00,29150.0,29210.0,28938.0,28995.0,40024.0,1163161328.0,0.0
MHImain,HKFE,2020-01-20 11:31:00,28995.0,29006.0,28685.0,28694.0,28525.0,823433924.0,0.0
MHImain,HKFE,2020-01-20 17:15:00,28683.0,28753.0,28663.0,28736.0,3603.0,103479390.0,0.0
MHImain,HKFE,2020-01-20 21:16:00,28738.0,28746.0,28666.0,28680.0,3288.0,94379620.0,0.0
MHImain,HKFE,2020-01-21 01:16:00,28680.0,28688.0,28215.0,28238.0,53926.0,1528150160.0,0.0
MHImain,HKFE,2020-01-21 11:31:00,28237.0,28243.0,27842.0,27909.0,46617.0,1307917124.0,0.0
MHImain,HKFE,2020-01-21 17:15:00,27919.0,27998.0,27912.0,27947.0,6208.0,173521015.0,0.0
MHImain,HKFE,2020-01-21 21:16:00,27945.0,28122.0,27945.0,28082.0,11470.0,321798947.0,0.0
MHImain,HKFE,2020-01-22 01:16:00,28082.0,28255.0,27939.0,28194.0,52816.0,1484762757.0,0.0
MHImain,HKFE,2020-01-22 11:31:00,28195.0,28377.0,28169.0,28318.0,29882.0,845644494.0,0.0
MHImain,HKFE,2020-01-22 17:15:00,28308.0,28333.0,28192.0,28260.0,5560.0,157053314.0,0.0
MHImain,HKFE,2020-01-22 21:16:00,28258.0,28279.0,28081.0,28087.0,10375.0,292345400.0,0.0
MHImain,HKFE,2020-01-23 01:16:00,28087.0,28166.0,27887.0,27894.0,51708.0,1449126962.0,0.0
MHImain,HKFE,2020-01-23 11:31:00,27895.0,27906.0,27703.0,27815.0,43914.0,1220461957.0,0.0
MHImain,HKFE,2020-01-23 17:15:00,27813.0,27862.0,27769.0,27772.0,4538.0,126277996.0,0.0
MHImain,HKFE,2020-01-23 21:16:00,27771.0,27823.0,27555.0,27623.0,17063.0,471969811.0,0.0
MHImain,HKFE,2020-01-24 01:16:00,27623.0,27941.0,27593.0,27916.0,30117.0,838210139.0,0.0
MHImain,HKFE,2020-01-24 11:31:00,27918.0,27965.0,27896.0,27925.0,4101.0,114528532.0,0.0
MHImain,HKFE,2020-01-24 17:15:00,27925.0,27925.0,27925.0,27925.0,0.0,0.0,0.0
MHImain,HKFE,2020-01-24 21:16:00,27925.0,27925.0,27925.0,27925.0,0.0,0.0,0.0
MHImain,HKFE,2020-01-29 01:16:00,27010.0,27326.0,27000.0,27278.0,32400.0,881487815.0,0.0
MHImain,HKFE,2020-01-29 11:31:00,27279.0,27339.0,27103.0,27123.0,19910.0,541487511.0,0.0
MHImain,HKFE,2020-01-29 17:15:00,27063.0,27109.0,27010.0,27069.0,2472.0,66914926.0,0.0
MHImain,HKFE,2020-01-29 21:16:00,27070.0,27075.0,26913.0,26951.0,5576.0,150470765.0,0.0
MHImain,HKFE,2020-01-30 01:16:00,26952.0,27085.0,26619.0,26715.0,41859.0,1123689121.0,0.0
MHImain,HKFE,2020-01-30 11:31:00,26716.0,26730.0,26260.0,26355.0,45009.0,1190649421.0,0.0
MHImain,HKFE,2020-01-30 17:15:00,26380.0,26462.0,26311.0,26345.0,9967.0,262928333.0,0.0
MHImain,HKFE,2020-01-30 21:16:00,26343.0,26464.0,26268.0,26381.0,17567.0,463497314.0,0.0
MHImain,HKFE,2020-01-31 01:16:00,26381.0,26760.0,26319.0,26498.0,48033.0,1275976053.0,0.0
MHImain,HKFE,2020-01-31 11:31:00,26492.0,26522.0,26230.0,26233.0,34514.0,909248872.0,0.0
MHImain,HKFE,2020-01-31 17:15:00,26230.0,26252.0,26050.0,26123.0,11694.0,305549680.0,0.0
MHImain,HKFE,2020-01-31 21:16:00,26125.0,26156.0,25921.0,25966.0,17578.0,457745036.0,0.0
MHImain,HKFE,2020-02-01 01:16:00,25968.0,25971.0,25880.0,25889.0,4040.0,104704200.0,0.0
MHImain,HKFE,2020-02-03 01:16:00,26195.0,26460.0,26024.0,26254.0,64193.0,1685213883.0,0.0
MHImain,HKFE,2020-02-03 11:31:00,26256.0,26410.0,26202.0,26202.0,36683.0,964894156.0,0.0
MHImain,HKFE,2020-02-03 17:15:00,26248.0,26301.0,26206.0,26299.0,6154.0,161610300.0,0.0
MHImain,HKFE,2020-02-03 21:16:00,26298.0,26388.0,26246.0,26279.0,12948.0,340659967.0,0.0
MHImain,HKFE,2020-02-04 01:16:00,26283.0,26644.0,26266.0,26519.0,60089.0,1592204912.0,0.0
MHImain,HKFE,2020-02-04 11:31:00,26521.0,26776.0,26462.0,26771.0,36467.0,968989287.0,0.0
MHImain,HKFE,2020-02-04 17:15:00,26775.0,26796.0,26684.0,26785.0,8930.0,238802244.0,0.0
MHImain,HKFE,2020-02-04 21:16:00,26786.0,26937.0,26777.0,26916.0,13656.0,366623650.0,0.0
MHImain,HKFE,2020-02-05 01:16:00,26916.0,26929.0,26578.0,26681.0,61109.0,1633013591.0,0.0
MHImain,HKFE,2020-02-05 11:31:00,26681.0,26742.0,26526.0,26734.0,35527.0,946052796.0,0.0
MHImain,HKFE,2020-02-05 17:15:00,26742.0,27184.0,26742.0,27137.0,19484.0,527852573.0,0.0
MHImain,HKFE,2020-02-05 21:16:00,27138.0,27157.0,26834.0,26955.0,21640.0,583623557.0,0.0
MHImain,HKFE,2020-02-06 01:16:00,26955.0,27235.0,26892.0,27176.0,54512.0,1475739771.0,0.0
MHImain,HKFE,2020-02-06 11:31:00,27175.0,27568.0,27173.0,27384.0,50576.0,1386126058.0,0.0
MHImain,HKFE,2020-02-06 17:15:00,27395.0,27413.0,27219.0,27310.0,11075.0,302354527.0,0.0
MHImain,HKFE,2020-02-06 21:16:00,27314.0,27369.0,27172.0,27245.0,16449.0,448323648.0,0.0
MHImain,HKFE,2020-02-07 01:16:00,27248.0,27341.0,27131.0,27206.0,45835.0,1248611832.0,0.0
MHImain,HKFE,2020-02-07 11:31:00,27207.0,27324.0,27128.0,27272.0,29731.0,809372034.0,0.0
MHImain,HKFE,2020-02-07 17:15:00,27270.0,27288.0,27043.0,27102.0,12300.0,333711595.0,0.0
MHImain,HKFE,2020-02-07 21:16:00,27103.0,27165.0,26993.0,27040.0,16606.0,449383624.0,0.0
MHImain,HKFE,2020-02-08 01:16:00,27044.0,27054.0,26985.0,26990.0,2114.0,57117946.0,0.0
MHImain,HKFE,2020-02-10 01:16:00,26910.0,27242.0,26904.0,27133.0,49136.0,1331857713.0,0.0
MHImain,HKFE,2020-02-10 11:31:00,27132.0,27194.0,27067.0,27095.0,24743.0,671378033.0,0.0
MHImain,HKFE,2020-02-10 17:15:00,27100.0,27130.0,27043.0,27087.0,7200.0,195025842.0,0.0
MHImain,HKFE,2020-02-10 21:16:00,27089.0,27150.0,27042.0,27108.0,8916.0,241630056.0,0.0
MHImain,HKFE,2020-02-11 01:16:00,27108.0,27621.0,27094.0,27494.0,48694.0,1338360097.0,0.0
MHImain,HKFE,2020-02-11 11:31:00,27492.0,27592.0,27482.0,27565.0,20607.0,567480424.0,0.0
MHImain,HKFE,2020-02-11 17:15:00,27520.0,27560.0,27497.0,27521.0,4570.0,125792491.0,0.0
MHImain,HKFE,2020-02-11 21:16:00,27524.0,27698.0,27500.0,27627.0,12741.0,351842997.0,0.0
MHImain,HKFE,2020-02-12 01:16:00,27629.0,27724.0,27536.0,27712.0,44390.0,1226656349.0,0.0
MHImain,HKFE,2020-02-12 11:31:00,27712.0,27820.0,27688.0,27770.0,25570.0,710101572.0,0.0
MHImain,HKFE,2020-02-12 17:15:00,27782.0,27842.0,27749.0,27815.0,4512.0,125443795.0,0.0
MHImain,HKFE,2020-02-12 21:16:00,27815.0,27877.0,27770.0,27860.0,7778.0,216386982.0,0.0
MHImain,HKFE,2020-02-13 01:16:00,27864.0,27899.0,27615.0,27694.0,46339.0,1285493822.0,0.0
MHImain,HKFE,2020-02-13 11:31:00,27694.0,27708.0,27590.0,27666.0,24744.0,684214090.0,0.0
MHImain,HKFE,2020-02-13 17:15:00,27660.0,27660.0,27490.0,27582.0,10286.0,283419811.0,0.0
MHImain,HKFE,2020-02-13 21:16:00,27580.0,27696.0,27558.0,27674.0,12204.0,336964518.0,0.0
MHImain,HKFE,2020-02-14 01:16:00,27673.0,27909.0,27601.0,27874.0,38393.0,1066053568.0,0.0
MHImain,HKFE,2020-02-14 11:31:00,27873.0,27884.0,27712.0,27747.0,24156.0,671030724.0,0.0
MHImain,HKFE,2020-02-14 17:15:00,27771.0,27771.0,27702.0,27763.0,3293.0,91360420.0,0.0
MHImain,HKFE,2020-02-14 21:16:00,27765.0,27767.0,27650.0,27655.0,6698.0,185590170.0,0.0
MHImain,HKFE,2020-02-15 01:16:00,27655.0,27655.0,27578.0,27582.0,2155.0,59520900.0,0.0
MHImain,HKFE,2020-02-17 01:16:00,27676.0,27978.0,27640.0,27889.0,36586.0,1019674274.0,0.0
MHImain,HKFE,2020-02-17 11:31:00,27889.0,28011.0,27837.0,27852.0,25097.0,700484505.0,0.0
MHImain,HKFE,2020-02-17 17:15:00,27838.0,27871.0,27820.0,27853.0,2613.0,72773731.0,0.0
MHImain,HKFE,2020-02-17 21:16:00,27853.0,27898.0,27842.0,27883.0,2518.0,70170735.0,0.0
MHImain,HKFE,2020-02-18 01:16:00,27883.0,27888.0,27459.0,27498.0,50422.0,1391243553.0,0.0
MHImain,HKFE,2020-02-18 11:31:00,27498.0,27535.0,27424.0,27426.0,23551.0,647202974.0,0.0
MHImain,HKFE,2020-02-18 17:15:00,27423.0,27431.0,27353.0,27373.0,6637.0,181771827.0,0.0
MHImain,HKFE,2020-02-18 21:16:00,27373.0,27449.0,27348.0,27375.0,8456.0,231740645.0,0.0
MHImain,HKFE,2020-02-19 01:16:00,27379.0,27646.0,27340.0,27596.0,40890.0,1126047685.0,0.0
MHImain,HKFE,2020-02-19 11:31:00,27597.0,27625.0,27535.0,27569.0,22425.0,618495293.0,0.0
MHImain,HKFE,2020-02-19 17:15:00,27577.0,27597.0,27552.0,27578.0,2493.0,68743377.0,0.0
MHImain,HKFE,2020-02-19 21:16:00,27577.0,27616.0,27556.0,27572.0,5786.0,159596545.0,0.0
MHImain,HKFE,2020-02-20 01:16:00,27571.0,27748.0,27261.0,27305.0,58637.0,1611260758.0,0.0
MHImain,HKFE,2020-02-20 11:31:00,27303.0,27540.0,27288.0,27425.0,31373.0,861044566.0,0.0
MHImain,HKFE,2020-02-20 17:15:00,27454.0,27465.0,27384.0,27401.0,4978.0,136499371.0,0.0
MHImain,HKFE,2020-02-20 21:16:00,27400.0,27423.0,27215.0,27235.0,13292.0,363235122.0,0.0
MHImain,HKFE,2020-02-21 01:16:00,27238.0,27392.0,27154.0,27337.0,50493.0,1376865950.0,0.0
MHImain,HKFE,2020-02-21 11:31:00,27337.0,27362.0,27164.0,27209.0,27296.0,744082592.0,0.0
MHImain,HKFE,2020-02-21 17:15:00,27213.0,27331.0,27213.0,27319.0,5908.0,161124061.0,0.0
MHImain,HKFE,2020-02-21 21:16:00,27318.0,27334.0,27214.0,27319.0,12958.0,353472183.0,0.0
MHImain,HKFE,2020-02-22 01:16:00,27319.0,27320.0,27248.0,27271.0,1451.0,39594148.0,0.0
MHImain,HKFE,2020-02-24 01:16:00,26975.0,27060.0,26718.0,26851.0,60624.0,1628201439.0,0.0
MHImain,HKFE,2020-02-24 11:31:00,26850.0,26861.0,26664.0,26667.0,37540.0,1005112158.0,0.0
MHImain,HKFE,2020-02-24 17:15:00,26663.0,26663.0,26419.0,26474.0,16296.0,431491789.0,0.0
MHImain,HKFE,2020-02-24 21:16:00,26472.0,26510.0,26310.0,26441.0,19873.0,525146071.0,0.0
MHImain,HKFE,2020-02-25 01:16:00,26440.0,26826.0,26418.0,26700.0,53783.0,1436444659.0,0.0
MHImain,HKFE,2020-02-25 11:31:00,26700.0,26815.0,26661.0,26764.0,26009.0,695509210.0,0.0
MHImain,HKFE,2020-02-25 17:15:00,26750.0,26750.0,26578.0,26689.0,11007.0,293433151.0,0.0
MHImain,HKFE,2020-02-25 21:16:00,26687.0,26691.0,26433.0,26464.0,18793.0,499014866.0,0.0
MHImain,HKFE,2020-02-26 01:16:00,26465.0,26663.0,26297.0,26608.0,51890.0,1374901104.0,0.0
MHImain,HKFE,2020-02-26 11:31:00,26610.0,26684.0,26537.0,26585.0,25981.0,691263867.0,0.0
MHImain,HKFE,2020-02-26 17:15:00,26563.0,26648.0,26226.0,26586.0,9985.0,264599206.0,0.0
MHImain,HKFE,2020-02-26 21:16:00,26587.0,26786.0,26579.0,26638.0,10638.0,283981628.0,0.0
MHImain,HKFE,2020-02-27 01:16:00,26633.0,26693.0,26343.0,26463.0,47330.0,1251528798.0,0.0
MHImain,HKFE,2020-02-27 11:31:00,26464.0,26845.0,26388.0,26678.0,44186.0,1176091026.0,0.0
MHImain,HKFE,2020-02-27 17:15:00,26687.0,26834.0,26586.0,26605.0,16355.0,436886094.0,0.0
MHImain,HKFE,2020-02-27 21:16:00,26607.0,26620.0,26158.0,26500.0,44347.0,1170938347.0,0.0
MHImain,HKFE,2020-02-28 01:16:00,26496.0,26582.0,25932.0,25945.0,75272.0,1969323215.0,0.0
MHImain,HKFE,2020-02-28 11:31:00,25945.0,26267.0,25923.0,26178.0,60022.0,1564133143.0,0.0
MHImain,HKFE,2020-02-28 17:15:00,26196.0,26211.0,25900.0,26165.0,27256.0,710345935.0,0.0
MHImain,HKFE,2020-02-28 21:16:00,26163.0,26166.0,25581.0,25939.0,50241.0,1298315843.0,0.0
MHImain,HKFE,2020-02-29 01:16:00,25937.0,26039.0,25778.0,25790.0,7390.0,191740456.0,0.0
MHImain,HKFE,2020-03-02 01:16:00,25963.0,26358.0,25921.0,26299.0,55728.0,1461646191.0,0.0
MHImain,HKFE,2020-03-02 11:31:00,26300.0,26352.0,26208.0,26278.0,32712.0,859863787.0,0.0
MHImain,HKFE,2020-03-02 17:15:00,26271.0,26288.0,25828.0,26022.0,20189.0,525150215.0,0.0
MHImain,HKFE,2020-03-02 21:16:00,26021.0,26266.0,25912.0,26197.0,31114.0,810483083.0,0.0
MHImain,HKFE,2020-03-03 01:16:00,26196.0,26530.0,26135.0,26444.0,52254.0,1379433773.0,0.0
MHImain,HKFE,2020-03-03 11:31:00,26444.0,26478.0,26167.0,26308.0,42980.0,1130578066.0,0.0
MHImain,HKFE,2020-03-03 17:15:00,26331.0,26397.0,26129.0,26193.0,17920.0,470772658.0,0.0
MHImain,HKFE,2020-03-03 21:16:00,26194.0,26613.0,26153.0,26252.0,37876.0,997933039.0,0.0
MHImain,HKFE,2020-03-04 01:16:00,26250.0,26323.0,25971.0,26253.0,51862.0,1356612997.0,0.0
MHImain,HKFE,2020-03-04 11:31:00,26253.0,26361.0,26150.0,26150.0,36120.0,947848264.0,0.0
MHImain,HKFE,2020-03-04 17:15:00,26163.0,26337.0,26163.0,26265.0,12837.0,337399829.0,0.0
MHImain,HKFE,2020-03-04 21:16:00,26264.0,26317.0,26187.0,26234.0,17897.0,469740204.0,0.0
MHImain,HKFE,2020-03-05 01:16:00,26237.0,26491.0,26220.0,26454.0,52943.0,1395549926.0,0.0
MHImain,HKFE,2020-03-05 11:31:00,26455.0,26768.0,26440.0,26699.0,45757.0,1220169551.0,0.0
MHImain,HKFE,2020-03-05 17:15:00,26686.0,26686.0,26501.0,26518.0,16348.0,434346030.0,0.0
MHImain,HKFE,2020-03-05 21:16:00,26516.0,26557.0,26446.0,26471.0,19135.0,507015590.0,0.0
MHImain,HKFE,2020-03-06 01:16:00,26474.0,26478.0,26085.0,26124.0,55105.0,1446296781.0,0.0
MHImain,HKFE,2020-03-06 11:31:00,26125.0,26152.0,26006.0,26013.0,34976.0,912033266.0,0.0
MHImain,HKFE,2020-03-06 17:15:00,26020.0,26048.0,25661.0,25688.0,23069.0,595008387.0,0.0
MHImain,HKFE,2020-03-06 21:16:00,25688.0,25864.0,25668.0,25726.0,29686.0,764953796.0,0.0
MHImain,HKFE,2020-03-07 01:16:00,25724.0,25758.0,25655.0,25672.0,3688.0,94852429.0,0.0
MHImain,HKFE,2020-03-09 01:16:00,25142.0,25273.0,24923.0,25155.0,73819.0,1850523041.0,0.0
MHImain,HKFE,2020-03-09 11:31:00,25155.0,25169.0,24813.0,24845.0,56297.0,1408477307.0,0.0
MHImain,HKFE,2020-03-09 17:15:00,24880.0,25177.0,24606.0,24622.0,19010.0,473126223.0,0.0
MHImain,HKFE,2020-03-09 21:16:00,24624.0,25043.0,24361.0,24867.0,50969.0,1261885669.0,0.0
MHImain,HKFE,2020-03-10 01:16:00,24870.0,25388.0,24635.0,25295.0,64312.0,1615456970.0,0.0
MHImain,HKFE,2020-03-10 11:31:00,25294.0,25563.0,25253.0,25438.0,50984.0,1296914132.0,0.0
MHImain,HKFE,2020-03-10 17:15:00,25449.0,25743.0,25449.0,25532.0,26571.0,680207403.0,0.0
MHImain,HKFE,2020-03-10 21:16:00,25537.0,25659.0,25212.0,25333.0,44538.0,1131870681.0,0.0
MHImain,HKFE,2020-03-11 01:16:00,25334.0,25511.0,25229.0,25337.0,57998.0,1470233179.0,0.0
MHImain,HKFE,2020-03-11 11:31:00,25338.0,25352.0,25085.0,25135.0,46052.0,1159661035.0,0.0
MHImain,HKFE,2020-03-11 17:15:00,25156.0,25314.0,24994.0,25045.0,18575.0,466757577.0,0.0
MHImain,HKFE,2020-03-11 21:16:00,25044.0,25206.0,24954.0,24992.0,28042.0,703355483.0,0.0
MHImain,HKFE,2020-03-12 01:16:00,24991.0,25056.0,24001.0,24214.0,79688.0,1941354745.0,0.0
MHImain,HKFE,2020-03-12 11:31:00,24215.0,24421.0,24036.0,24074.0,47740.0,1157059450.0,0.0
MHImain,HKFE,2020-03-12 17:15:00,24071.0,24071.0,23223.0,23244.0,32297.0,764728468.0,0.0
MHImain,HKFE,2020-03-12 21:16:00,23248.0,23326.0,22871.0,23021.0,39131.0,900800186.0,0.0
MHImain,HKFE,2020-03-13 01:16:00,23030.0,23176.0,22116.0,22851.0,83862.0,1906622949.0,0.0
MHImain,HKFE,2020-03-13 11:31:00,22854.0,24173.0,22772.0,23887.0,90294.0,2137226541.0,0.0
MHImain,HKFE,2020-03-13 17:15:00,23846.0,24750.0,23772.0,24482.0,31919.0,776581087.0,0.0
MHImain,HKFE,2020-03-13 21:16:00,24486.0,24538.0,23191.0,23603.0,50591.0,1202364294.0,0.0
MHImain,HKFE,2020-03-14 01:16:00,23602.0,23825.0,23531.0,23750.0,5597.0,132636436.0,0.0
MHImain,HKFE,2020-03-16 01:16:00,23058.0,23540.0,22877.0,23417.0,46477.0,1085507361.0,0.0
MHImain,HKFE,2020-03-16 11:31:00,23415.0,23455.0,22664.0,22717.0,63511.0,1461837319.0,0.0
MHImain,HKFE,2020-03-16 17:15:00,22710.0,22710.0,21591.0,21650.0,37051.0,818335333.0,0.0
MHImain,HKFE,2020-03-16 21:16:00,21649.0,22710.0,21582.0,22240.0,52870.0,1173598328.0,0.0
MHImain,HKFE,2020-03-17 01:16:00,22237.0,23390.0,22008.0,23166.0,90681.0,2077533243.0,0.0
MHImain,HKFE,2020-03-17 11:31:00,23163.0,23348.0,22869.0,23020.0,63617.0,1469892331.0,0.0
MHImain,HKFE,2020-03-17 17:15:00,22997.0,22997.0,22203.0,22692.0,52569.0,1183527327.0,0.0
MHImain,HKFE,2020-03-17 21:16:00,22694.0,23417.0,22393.0,22978.0,56540.0,1293933673.0,0.0
MHImain,HKFE,2020-03-18 01:16:00,22976.0,23378.0,22640.0,23311.0,58249.0,1348962547.0,0.0
MHImain,HKFE,2020-03-18 11:31:00,23311.0,23319.0,22000.0,22005.0,82486.0,1859361153.0,0.0
MHImain,HKFE,2020-03-18 17:15:00,22039.0,22108.0,21604.0,21733.0,37193.0,811693469.0,0.0
MHImain,HKFE,2020-03-18 21:16:00,21734.0,22303.0,21608.0,21768.0,68565.0,1511227800.0,0.0
MHImain,HKFE,2020-03-19 01:16:00,21759.0,22367.0,20966.0,21332.0,100296.0,2167903364.0,0.0
MHImain,HKFE,2020-03-19 11:31:00,21332.0,21934.0,21106.0,21837.0,83140.0,1794933209.0,0.0
MHImain,HKFE,2020-03-19 17:15:00,21900.0,21978.0,21494.0,21904.0,37726.0,819025498.0,0.0
MHImain,HKFE,2020-03-19 21:16:00,21904.0,22155.0,21497.0,22074.0,55669.0,1214771945.0,0.0
MHImain,HKFE,2020-03-20 01:16:00,22081.0,22632.0,22002.0,22287.0,71900.0,1605755423.0,0.0
MHImain,HKFE,2020-03-20 11:31:00,22287.0,23106.0,22121.0,23079.0,69747.0,1571388130.0,0.0
MHImain,HKFE,2020-03-20 17:15:00,23103.0,23176.0,22675.0,22785.0,39998.0,915779926.0,0.0
MHImain,HKFE,2020-03-20 21:16:00,22782.0,22861.0,22348.0,22526.0,53948.0,1218731621.0,0.0
MHImain,HKFE,2020-03-21 01:16:00,22525.0,22589.0,22175.0,22214.0,7866.0,176238190.0,0.0
MHImain,HKFE,2020-03-23 01:16:00,21311.0,22060.0,21300.0,22022.0,59427.0,1294368623.0,0.0
MHImain,HKFE,2020-03-23 11:31:00,22022.0,22065.0,21397.0,21485.0,60548.0,1316610733.0,0.0
MHImain,HKFE,2020-03-23 17:15:00,21500.0,22536.0,21500.0,22318.0,56422.0,1244077455.0,0.0
MHImain,HKFE,2020-03-23 21:16:00,22314.0,22316.0,21517.0,22062.0,62685.0,1372723730.0,0.0
MHImain,HKFE,2020-03-24 01:16:00,22059.0,22690.0,21753.0,22459.0,69661.0,1563809681.0,0.0
MHImain,HKFE,2020-03-24 11:31:00,22460.0,22789.0,22357.0,22733.0,59314.0,1339913522.0,0.0
MHImain,HKFE,2020-03-24 17:15:00,22750.0,23142.0,22750.0,23083.0,33442.0,767830158.0,0.0
MHImain,HKFE,2020-03-24 21:16:00,23083.0,23299.0,22902.0,23135.0,29514.0,680501166.0,0.0
MHImain,HKFE,2020-03-25 01:16:00,23140.0,23492.0,22995.0,23160.0,58585.0,1360880445.0,0.0
MHImain,HKFE,2020-03-25 11:31:00,23161.0,23638.0,23011.0,23612.0,63084.0,1471433285.0,0.0
MHImain,HKFE,2020-03-25 17:15:00,23640.0,23839.0,23164.0,23445.0,44878.0,1052031874.0,0.0
MHImain,HKFE,2020-03-25 21:16:00,23443.0,23700.0,23221.0,23646.0,42033.0,983535893.0,0.0
MHImain,HKFE,2020-03-26 01:16:00,23643.0,23879.0,23096.0,23297.0,63762.0,1487887137.0,0.0
MHImain,HKFE,2020-03-26 11:31:00,23297.0,23553.0,23129.0,23180.0,54933.0,1281822835.0,0.0
MHImain,HKFE,2020-03-26 17:15:00,23156.0,23448.0,23130.0,23366.0,25885.0,602082000.0,0.0
MHImain,HKFE,2020-03-26 21:16:00,23364.0,23993.0,23342.0,23855.0,39137.0,926725298.0,0.0
MHImain,HKFE,2020-03-27 01:16:00,23850.0,24042.0,23440.0,23653.0,47573.0,1125806873.0,0.0
MHImain,HKFE,2020-03-27 11:31:00,23653.0,23668.0,23310.0,23497.0,44856.0,1053682624.0,0.0
MHImain,HKFE,2020-03-27 17:15:00,23468.0,23468.0,22802.0,22854.0,12836.0,295926884.0,0.0
MHImain,HKFE,2020-03-27 21:16:00,22852.0,23046.0,22820.0,22930.0,8943.0,205074499.0,0.0
MHImain,HKFE,2020-03-28 01:16:00,22932.0,23055.0,22917.0,23055.0,1573.0,36181131.0,0.0
MHImain,HKFE,2020-03-30 01:16:00,22769.0,23195.0,22765.0,23150.0,36646.0,845350648.0,0.0
MHImain,HKFE,2020-03-30 11:31:00,23149.0,23518.0,23003.0,23012.0,50115.0,1166711899.0,0.0
MHImain,HKFE,2020-03-30 17:15:00,23050.0,23278.0,22914.0,23220.0,21840.0,504148499.0,0.0
MHImain,HKFE,2020-03-30 21:16:00,23215.0,23419.0,23054.0,23388.0,27491.0,638998177.0,0.0
MHImain,HKFE,2020-03-31 01:16:00,23389.0,23690.0,23290.0,23432.0,50982.0,1198157702.0,0.0
MHImain,HKFE,2020-03-31 11:31:00,23430.0,23750.0,23211.0,23713.0,51395.0,1204249683.0,0.0
MHImain,HKFE,2020-03-31 17:15:00,23700.0,23720.0,23330.0,23476.0,24683.0,579048532.0,0.0
MHImain,HKFE,2020-03-31 21:16:00,23476.0,23730.0,23475.0,23504.0,28491.0,672518699.0,0.0
MHImain,HKFE,2020-04-01 01:16:00,23500.0,23563.0,23208.0,23397.0,54977.0,1288285658.0,0.0
MHImain,HKFE,2020-04-01 11:31:00,23398.0,23425.0,22888.0,22936.0,64334.0,1484799175.0,0.0
MHImain,HKFE,2020-04-01 17:15:00,22950.0,23046.0,22893.0,22974.0,17896.0,411017215.0,0.0
MHImain,HKFE,2020-04-01 21:16:00,22975.0,23045.0,22598.0,22611.0,26410.0,603991658.0,0.0
MHImain,HKFE,2020-04-02 01:16:00,22611.0,23085.0,22560.0,23047.0,50130.0,1146644689.0,0.0
MHImain,HKFE,2020-04-02 11:31:00,23045.0,23282.0,22947.0,23268.0,45452.0,1051519679.0,0.0
MHImain,HKFE,2020-04-02 17:15:00,23282.0,23283.0,22906.0,22920.0,21156.0,489222148.0,0.0
MHImain,HKFE,2020-04-02 21:16:00,22923.0,23281.0,22910.0,23028.0,31824.0,734879341.0,0.0
MHImain,HKFE,2020-04-03 01:16:00,23027.0,23214.0,22927.0,23116.0,43288.0,1000143876.0,0.0
MHImain,HKFE,2020-04-03 11:31:00,23115.0,23248.0,23015.0,23186.0,36903.0,853235811.0,0.0
MHImain,HKFE,2020-04-03 17:15:00,23184.0,23365.0,23091.0,23270.0,18629.0,432618503.0,0.0
MHImain,HKFE,2020-04-03 21:16:00,23274.0,23348.0,22973.0,23051.0,23323.0,539919782.0,0.0
MHImain,HKFE,2020-04-04 01:16:00,23051.0,23090.0,22975.0,23060.0,3214.0,73971724.0,0.0
MHImain,HKFE,2020-04-06 01:16:00,23706.0,23724.0,23274.0,23485.0,45056.0,1056151778.0,0.0
MHImain,HKFE,2020-04-06 11:31:00,23484.0,23865.0,23480.0,23735.0,45487.0,1078216352.0,0.0
MHImain,HKFE,2020-04-06 17:15:00,23748.0,23794.0,23685.0,23779.0,9753.0,231477957.0,0.0
MHImain,HKFE,2020-04-06 21:16:00,23780.0,23970.0,23747.0,23945.0,17893.0,427344225.0,0.0
MHImain,HKFE,2020-04-07 01:16:00,23948.0,24158.0,23772.0,23831.0,48507.0,1160997152.0,0.0
MHImain,HKFE,2020-04-07 11:31:00,23831.0,24438.0,23748.0,24417.0,50124.0,1206876572.0,0.0
MHImain,HKFE,2020-04-07 17:15:00,24399.0,24605.0,24317.0,24546.0,18609.0,455491792.0,0.0
MHImain,HKFE,2020-04-07 21:16:00,24549.0,24582.0,24190.0,24264.0,27788.0,676406334.0,0.0
MHImain,HKFE,2020-04-08 01:16:00,24266.0,24280.0,23959.0,23992.0,43236.0,1040889105.0,0.0
MHImain,HKFE,2020-04-08 11:31:00,23992.0,24163.0,23770.0,23773.0,47991.0,1150171682.0,0.0
MHImain,HKFE,2020-04-08 17:15:00,23774.0,24000.0,23760.0,23973.0,14139.0,338064315.0,0.0
MHImain,HKFE,2020-04-08 21:16:00,23974.0,24139.0,23845.0,24108.0,20802.0,499253086.0,0.0
MHImain,HKFE,2020-04-09 01:16:00,24106.0,24249.0,24018.0,24116.0,38820.0,936053952.0,0.0
MHImain,HKFE,2020-04-09 11:31:00,24116.0,24342.0,24057.0,24210.0,35834.0,867317690.0,0.0
MHImain,HKFE,2020-04-09 17:15:00,24191.0,24250.0,23958.0,24232.0,20929.0,504446483.0,0.0
MHImain,HKFE,2020-04-09 21:16:00,24231.0,24397.0,24171.0,24363.0,23324.0,566314851.0,0.0
MHImain,HKFE,2020-04-10 01:16:00,24364.0,24444.0,24200.0,24234.0,4577.0,111403356.0,0.0
MHImain,HKFE,2020-04-14 01:16:00,24266.0,24597.0,24240.0,24444.0,40145.0,980418289.0,0.0
MHImain,HKFE,2020-04-14 11:31:00,24445.0,24563.0,24353.0,24402.0,27495.0,672631503.0,0.0
MHImain,HKFE,2020-04-14 17:15:00,24410.0,24467.0,24366.0,24462.0,7317.0,178658939.0,0.0
MHImain,HKFE,2020-04-14 21:16:00,24462.0,24565.0,24434.0,24486.0,14586.0,357318373.0,0.0
MHImain,HKFE,2020-04-15 01:16:00,24486.0,24611.0,24289.0,24412.0,37420.0,915119223.0,0.0
MHImain,HKFE,2020-04-15 11:31:00,24413.0,24428.0,24024.0,24050.0,36984.0,896122101.0,0.0
MHImain,HKFE,2020-04-15 17:15:00,24035.0,24037.0,23818.0,23847.0,14523.0,347654061.0,0.0
MHImain,HKFE,2020-04-15 21:16:00,23848.0,23922.0,23793.0,23915.0,17267.0,411996803.0,0.0
MHImain,HKFE,2020-04-16 01:16:00,23913.0,24098.0,23825.0,23991.0,43618.0,1044972632.0,0.0
MHImain,HKFE,2020-04-16 11:31:00,23993.0,24124.0,23924.0,23948.0,32367.0,777083146.0,0.0
MHImain,HKFE,2020-04-16 17:15:00,23942.0,23994.0,23858.0,23976.0,11323.0,270858643.0,0.0
MHImain,HKFE,2020-04-16 21:16:00,23975.0,24009.0,23828.0,23906.0,18730.0,447949647.0,0.0
MHImain,HKFE,2020-04-17 01:16:00,23903.0,24686.0,23866.0,24528.0,43214.0,1060081496.0,0.0
MHImain,HKFE,2020-04-17 11:31:00,24526.0,24649.0,24266.0,24358.0,43339.0,1059340720.0,0.0
MHImain,HKFE,2020-04-17 17:15:00,24350.0,24456.0,24303.0,24377.0,10015.0,244333822.0,0.0
MHImain,HKFE,2020-04-17 21:16:00,24377.0,24408.0,24244.0,24312.0,14671.0,356627096.0,0.0
MHImain,HKFE,2020-04-18 01:16:00,24305.0,24322.0,24266.0,24286.0,1662.0,40370455.0,0.0
MHImain,HKFE,2020-04-20 01:16:00,24319.0,24474.0,24175.0,24431.0,42148.0,1026486229.0,0.0
MHImain,HKFE,2020-04-20 11:31:00,24431.0,24438.0,24250.0,24288.0,31547.0,767406276.0,0.0
MHImain,HKFE,2020-04-20 17:15:00,24301.0,24316.0,24067.0,24084.0,11760.0,284174653.0,0.0
MHImain,HKFE,2020-04-20 21:16:00,24084.0,24341.0,24084.0,24236.0,14615.0,354124957.0,0.0
MHImain,HKFE,2020-04-21 01:16:00,24238.0,24247.0,23630.0,23742.0,59601.0,1424305143.0,0.0
MHImain,HKFE,2020-04-21 11:31:00,23740.0,23902.0,23696.0,23734.0,32380.0,770217607.0,0.0
MHImain,HKFE,2020-04-21 17:15:00,23702.0,23710.0,23500.0,23531.0,14867.0,350635012.0,0.0
MHImain,HKFE,2020-04-21 21:16:00,23529.0,23643.0,23448.0,23493.0,20910.0,492220034.0,0.0
MHImain,HKFE,2020-04-22 01:16:00,23490.0,23660.0,23418.0,23604.0,44044.0,1037261591.0,0.0
MHImain,HKFE,2020-04-22 11:31:00,23605.0,23928.0,23580.0,23875.0,38058.0,905595074.0,0.0
MHImain,HKFE,2020-04-22 17:15:00,23880.0,23957.0,23832.0,23935.0,9875.0,235949731.0,0.0
MHImain,HKFE,2020-04-22 21:16:00,23936.0,23964.0,23850.0,23879.0,10090.0,241120803.0,0.0
MHImain,HKFE,2020-04-23 01:16:00,23881.0,24096.0,23759.0,23925.0,43706.0,1046217219.0,0.0
MHImain,HKFE,2020-04-23 11:31:00,23925.0,24069.0,23890.0,23998.0,31957.0,766367521.0,0.0
MHImain,HKFE,2020-04-23 17:15:00,23998.0,24082.0,23937.0,24057.0,8926.0,214259627.0,0.0
MHImain,HKFE,2020-04-23 21:16:00,24057.0,24238.0,23983.0,24063.0,19199.0,463174886.0,0.0
MHImain,HKFE,2020-04-24 01:16:00,24063.0,24068.0,23677.0,23867.0,41101.0,979632701.0,0.0
MHImain,HKFE,2020-04-24 11:31:00,23869.0,23924.0,23757.0,23831.0,26556.0,633171627.0,0.0
MHImain,HKFE,2020-04-24 17:15:00,23840.0,24029.0,23840.0,23995.0,8785.0,210531178.0,0.0
MHImain,HKFE,2020-04-24 21:16:00,23993.0,24012.0,23850.0,23927.0,11232.0,268756099.0,0.0
MHImain,HKFE,2020-04-25 01:16:00,23928.0,24011.0,23923.0,23988.0,1799.0,43135003.0,0.0
MHImain,HKFE,2020-04-27 01:16:00,24013.0,24277.0,24013.0,24226.0,27030.0,653654886.0,0.0
MHImain,HKFE,2020-04-27 11:31:00,24228.0,24333.0,24205.0,24272.0,21782.0,528943007.0,0.0
MHImain,HKFE,2020-04-27 17:15:00,24218.0,24237.0,24193.0,24195.0,1909.0,46226565.0,0.0
MHImain,HKFE,2020-04-27 21:16:00,24198.0,24285.0,24139.0,24270.0,3466.0,83920652.0,0.0
MHImain,HKFE,2020-04-28 01:16:00,24268.0,24343.0,24053.0,24324.0,34011.0,823399480.0,0.0
MHImain,HKFE,2020-04-28 11:31:00,24321.0,24578.0,24258.0,24572.0,29856.0,728599709.0,0.0
MHImain,HKFE,2020-04-28 17:15:00,24580.0,24775.0,24550.0,24764.0,9241.0,228193137.0,0.0
MHImain,HKFE,2020-04-28 21:16:00,24765.0,24773.0,24512.0,24549.0,16349.0,402455076.0,0.0
MHImain,HKFE,2020-04-29 01:16:00,24550.0,24778.0,24478.0,24507.0,42071.0,1035933502.0,0.0
MHImain,HKFE,2020-04-29 11:31:00,24508.0,24560.0,24441.0,24501.0,23564.0,577306506.0,0.0
MHImain,HKFE,2020-04-29 17:15:00,24505.0,24710.0,24477.0,24704.0,9784.0,240516407.0,0.0
MHImain,HKFE,2020-04-29 21:16:00,24701.0,24758.0,24620.0,24746.0,11459.0,282856930.0,0.0
MHImain,HKFE,2020-04-30 01:16:00,24747.0,24756.0,24688.0,24753.0,2042.0,50479638.0,0.0
MHImain,HKFE,2020-05-04 01:16:00,23780.0,23793.0,23516.0,23542.0,40959.0,967452088.0,0.0
MHImain,HKFE,2020-05-04 11:31:00,23544.0,23572.0,23305.0,23370.0,29795.0,699692378.0,0.0
MHImain,HKFE,2020-05-04 17:15:00,23340.0,23425.0,23242.0,23350.0,9906.0,231169569.0,0.0
MHImain,HKFE,2020-05-04 21:16:00,23351.0,23406.0,23287.0,23340.0,11808.0,275736224.0,0.0
MHImain,HKFE,2020-05-05 01:16:00,23340.0,23718.0,23319.0,23612.0,34107.0,805341936.0,0.0
MHImain,HKFE,2020-05-05 11:31:00,23613.0,23800.0,23589.0,23755.0,25828.0,612305162.0,0.0
MHImain,HKFE,2020-05-05 17:15:00,23745.0,23745.0,23611.0,23727.0,8649.0,204852786.0,0.0
MHImain,HKFE,2020-05-05 21:16:00,23730.0,23812.0,23696.0,23755.0,9789.0,232540547.0,0.0
MHImain,HKFE,2020-05-06 01:16:00,23759.0,23967.0,23622.0,23913.0,38285.0,913241863.0,0.0
MHImain,HKFE,2020-05-06 11:31:00,23913.0,24133.0,23889.0,24057.0,30301.0,728217305.0,0.0
MHImain,HKFE,2020-05-06 17:15:00,24072.0,24079.0,23941.0,23993.0,6895.0,165576950.0,0.0
MHImain,HKFE,2020-05-06 21:16:00,23993.0,24022.0,23812.0,23864.0,14295.0,341494860.0,0.0
MHImain,HKFE,2020-05-07 01:16:00,23863.0,23969.0,23770.0,23907.0,36663.0,875354457.0,0.0
MHImain,HKFE,2020-05-07 11:31:00,23908.0,23952.0,23809.0,23856.0,25430.0,607108132.0,0.0
MHImain,HKFE,2020-05-07 17:15:00,23847.0,23948.0,23847.0,23891.0,7223.0,172639262.0,0.0
MHImain,HKFE,2020-05-07 21:16:00,23891.0,23939.0,23792.0,23900.0,12689.0,302932818.0,0.0
MHImain,HKFE,2020-05-08 01:16:00,23902.0,24196.0,23801.0,24121.0,37250.0,896738976.0,0.0
MHImain,HKFE,2020-05-08 11:31:00,24121.0,24180.0,24046.0,24112.0,21774.0,525137546.0,0.0
MHImain,HKFE,2020-05-08 17:15:00,24129.0,24172.0,24104.0,24136.0,6128.0,147924500.0,0.0
MHImain,HKFE,2020-05-08 21:16:00,24136.0,24294.0,24110.0,24235.0,11485.0,278217358.0,0.0
MHImain,HKFE,2020-05-09 01:16:00,24231.0,24235.0,24181.0,24193.0,1797.0,43496247.0,0.0
MHImain,HKFE,2020-05-11 01:16:00,24350.0,24700.0,24316.0,24616.0,30863.0,758616979.0,0.0
MHImain,HKFE,2020-05-11 11:31:00,24618.0,24644.0,24457.0,24476.0,24805.0,608460803.0,0.0
MHImain,HKFE,2020-05-11 17:15:00,24470.0,24470.0,24184.0,24242.0,12214.0,296764230.0,0.0
MHImain,HKFE,2020-05-11 21:16:00,24242.0,24365.0,24226.0,24355.0,11271.0,273637658.0,0.0
MHImain,HKFE,2020-05-12 01:16:00,24356.0,24373.0,24001.0,24053.0,40604.0,980542282.0,0.0
MHImain,HKFE,2020-05-12 11:31:00,24053.0,24174.0,24018.0,24144.0,28367.0,683651111.0,0.0
MHImain,HKFE,2020-05-12 17:15:00,24137.0,24285.0,24124.0,24253.0,7955.0,192698984.0,0.0
MHImain,HKFE,2020-05-12 21:16:00,24251.0,24353.0,24190.0,24300.0,12326.0,299328951.0,0.0
MHImain,HKFE,2020-05-13 01:16:00,24299.0,24300.0,23877.0,24125.0,44530.0,1070784277.0,0.0
MHImain,HKFE,2020-05-13 11:31:00,24125.0,24246.0,24055.0,24070.0,28778.0,695360587.0,0.0
MHImain,HKFE,2020-05-13 17:15:00,24079.0,24303.0,24052.0,24233.0,13091.0,317174773.0,0.0
MHImain,HKFE,2020-05-13 21:16:00,24235.0,24247.0,23871.0,23924.0,23807.0,573269400.0,0.0
MHImain,HKFE,2020-05-14 01:16:00,23922.0,23964.0,23639.0,23855.0,48664.0,1157725278.0,0.0
MHImain,HKFE,2020-05-14 11:31:00,23854.0,23860.0,23653.0,23684.0,29821.0,707571968.0,0.0
MHImain,HKFE,2020-05-14 17:15:00,23684.0,23728.0,23444.0,23515.0,15599.0,367617258.0,0.0
MHImain,HKFE,2020-05-14 21:16:00,23512.0,23725.0,23421.0,23689.0,25574.0,602870403.0,0.0
MHImain,HKFE,2020-05-15 01:16:00,23685.0,23842.0,23544.0,23780.0,48151.0,1140855494.0,0.0
MHImain,HKFE,2020-05-15 11:31:00,23778.0,23913.0,23638.0,23678.0,34498.0,819597484.0,0.0
MHImain,HKFE,2020-05-15 17:15:00,23684.0,23709.0,23388.0,23443.0,17244.0,405357758.0,0.0
MHImain,HKFE,2020-05-15 21:16:00,23444.0,23543.0,23397.0,23492.0,17646.0,414092839.0,0.0
MHImain,HKFE,2020-05-16 01:16:00,23491.0,23503.0,23439.0,23450.0,2437.0,57196975.0,0.0
MHImain,HKFE,2020-05-18 01:16:00,23648.0,23886.0,23604.0,23837.0,38087.0,905004419.0,0.0
MHImain,HKFE,2020-05-18 11:31:00,23835.0,23935.0,23750.0,23922.0,26026.0,620084111.0,0.0
MHImain,HKFE,2020-05-18 17:15:00,23924.0,24142.0,23844.0,24111.0,12036.0,288619298.0,0.0
MHImain,HKFE,2020-05-18 21:16:00,24110.0,24393.0,24088.0,24365.0,17077.0,413974418.0,0.0
MHImain,HKFE,2020-05-19 01:16:00,24364.0,24550.0,24245.0,24290.0,46869.0,1144173471.0,0.0
MHImain,HKFE,2020-05-19 11:31:00,24291.0,24456.0,24281.0,24339.0,31187.0,759802427.0,0.0
MHImain,HKFE,2020-05-19 17:15:00,24322.0,24367.0,24259.0,24338.0,10093.0,245419614.0,0.0
MHImain,HKFE,2020-05-19 21:16:00,24339.0,24393.0,24264.0,24335.0,12652.0,307894118.0,0.0
MHImain,HKFE,2020-05-20 01:16:00,24334.0,24484.0,24261.0,24300.0,36997.0,901576835.0,0.0
MHImain,HKFE,2020-05-20 11:31:00,24301.0,24443.0,24278.0,24436.0,21084.0,513016747.0,0.0
MHImain,HKFE,2020-05-20 17:15:00,24442.0,24583.0,24420.0,24566.0,9215.0,225960958.0,0.0
MHImain,HKFE,2020-05-20 21:16:00,24564.0,24636.0,24430.0,24431.0,14527.0,356495562.0,0.0
MHImain,HKFE,2020-05-21 01:16:00,24433.0,24497.0,24120.0,24355.0,50504.0,1228242052.0,0.0
MHImain,HKFE,2020-05-21 11:31:00,24355.0,24382.0,24114.0,24134.0,32888.0,797526733.0,0.0
MHImain,HKFE,2020-05-21 17:15:00,24124.0,24146.0,23796.0,23908.0,21618.0,517728847.0,0.0
MHImain,HKFE,2020-05-21 21:16:00,23906.0,23969.0,23723.0,23794.0,22496.0,535854892.0,0.0
MHImain,HKFE,2020-05-22 01:16:00,23792.0,23808.0,23207.0,23212.0,61595.0,1443895014.0,0.0
MHImain,HKFE,2020-05-22 11:31:00,23212.0,23256.0,22698.0,22709.0,76341.0,1750072280.0,0.0
MHImain,HKFE,2020-05-22 17:15:00,22725.0,23029.0,22725.0,22993.0,16173.0,370421908.0,0.0
MHImain,HKFE,2020-05-22 21:16:00,22993.0,22994.0,22796.0,22815.0,16155.0,369505587.0,0.0
MHImain,HKFE,2020-05-23 01:16:00,22815.0,22838.0,22783.0,22802.0,1939.0,44230292.0,0.0
MHImain,HKFE,2020-05-25 01:16:00,22825.0,22945.0,22498.0,22684.0,61776.0,1402094338.0,0.0
MHImain,HKFE,2020-05-25 11:31:00,22684.0,22925.0,22660.0,22884.0,35360.0,806497383.0,0.0
MHImain,HKFE,2020-05-25 17:15:00,22884.0,22884.0,22884.0,22884.0,0.0,0.0,0.0
MHImain,HKFE,2020-05-25 21:16:00,22884.0,22884.0,22884.0,22884.0,0.0,0.0,0.0
MHImain,HKFE,2020-05-26 01:16:00,22884.0,23395.0,22884.0,23332.0,43081.0,1003750128.0,0.0
MHImain,HKFE,2020-05-26 11:31:00,23333.0,23478.0,23328.0,23355.0,29505.0,690476489.0,0.0
MHImain,HKFE,2020-05-26 17:15:00,23363.0,23407.0,23296.0,23401.0,8644.0,201801765.0,0.0
MHImain,HKFE,2020-05-26 21:16:00,23403.0,23450.0,23329.0,23372.0,12610.0,295063595.0,0.0
MHImain,HKFE,2020-05-27 01:16:00,23374.0,23509.0,23119.0,23276.0,46655.0,1087344442.0,0.0
MHImain,HKFE,2020-05-27 11:31:00,23278.0,23308.0,23103.0,23197.0,26844.0,622283748.0,0.0
MHImain,HKFE,2020-05-27 17:15:00,23018.0,23167.0,23015.0,23055.0,6126.0,141516999.0,0.0
MHImain,HKFE,2020-05-27 21:16:00,23057.0,23064.0,22685.0,22728.0,13729.0,314054912.0,0.0
MHImain,HKFE,2020-05-28 01:16:00,22730.0,23237.0,22670.0,22831.0,51871.0,1193652884.0,0.0
MHImain,HKFE,2020-05-28 11:31:00,22830.0,23117.0,22534.0,22890.0,74713.0,1706762679.0,0.0
MHImain,HKFE,2020-05-28 17:15:00,22900.0,23015.0,22781.0,22988.0,15656.0,358111263.0,0.0
MHImain,HKFE,2020-05-28 21:16:00,22987.0,23078.0,22861.0,23051.0,18515.0,424910601.0,0.0
MHImain,HKFE,2020-05-29 01:16:00,23049.0,23075.0,22388.0,22762.0,61475.0,1397006871.0,0.0
MHImain,HKFE,2020-05-29 11:31:00,22765.0,22852.0,22630.0,22766.0,44289.0,1007463639.0,0.0
MHImain,HKFE,2020-05-29 17:15:00,22757.0,22942.0,22755.0,22806.0,13111.0,299461373.0,0.0
MHImain,HKFE,2020-05-29 21:16:00,22808.0,22812.0,22614.0,22720.0,22334.0,507451135.0,0.0
MHImain,HKFE,2020-05-30 01:16:00,22715.0,22860.0,22630.0,22860.0,6510.0,148097621.0,0.0
MHImain,HKFE,2020-06-01 01:16:00,23152.0,23660.0,23152.0,23547.0,54175.0,1273483813.0,0.0
MHImain,HKFE,2020-06-01 11:31:00,23549.0,23656.0,23300.0,23419.0,35651.0,838910160.0,0.0
MHImain,HKFE,2020-06-01 17:15:00,23448.0,23482.0,23350.0,23357.0,10740.0,251526882.0,0.0
MHImain,HKFE,2020-06-01 21:16:00,23358.0,23587.0,23322.0,23575.0,17760.0,416780532.0,0.0
MHImain,HKFE,2020-06-02 01:16:00,23574.0,23853.0,23517.0,23666.0,52067.0,1233505174.0,0.0
MHImain,HKFE,2020-06-02 11:31:00,23666.0,23960.0,23643.0,23936.0,31267.0,743111884.0,0.0
MHImain,HKFE,2020-06-02 17:15:00,23938.0,24074.0,23926.0,24052.0,11822.0,283861727.0,0.0
MHImain,HKFE,2020-06-02 21:16:00,24051.0,24264.0,23981.0,24132.0,18951.0,457143946.0,0.0
MHImain,HKFE,2020-06-03 01:16:00,24134.0,24357.0,24084.0,24191.0,50256.0,1215095811.0,0.0
MHImain,HKFE,2020-06-03 11:31:00,24192.0,24255.0,24118.0,24237.0,26318.0,636534810.0,0.0
MHImain,HKFE,2020-06-03 17:15:00,24254.0,24435.0,24254.0,24409.0,15830.0,385719504.0,0.0
MHImain,HKFE,2020-06-03 21:16:00,24408.0,24609.0,24381.0,24539.0,17597.0,431277804.0,0.0
MHImain,HKFE,2020-06-04 01:16:00,24539.0,24618.0,24117.0,24178.0,54451.0,1324024854.0,0.0
MHImain,HKFE,2020-06-04 11:31:00,24176.0,24320.0,24130.0,24291.0,30990.0,750404451.0,0.0
MHImain,HKFE,2020-06-04 17:15:00,24295.0,24375.0,24143.0,24257.0,16884.0,409199915.0,0.0
MHImain,HKFE,2020-06-04 21:16:00,24257.0,24362.0,24174.0,24188.0,17911.0,434397868.0,0.0
MHImain,HKFE,2020-06-05 01:16:00,24186.0,24382.0,24158.0,24285.0,39505.0,958790395.0,0.0
MHImain,HKFE,2020-06-05 11:31:00,24282.0,24781.0,24282.0,24702.0,43876.0,1077316729.0,0.0
MHImain,HKFE,2020-06-05 17:15:00,24695.0,24961.0,24604.0,24950.0,19237.0,476180447.0,0.0
MHImain,HKFE,2020-06-05 21:16:00,24948.0,25074.0,24877.0,25028.0,21451.0,535845972.0,0.0
MHImain,HKFE,2020-06-06 01:16:00,25026.0,25042.0,24930.0,24977.0,3020.0,75500738.0,0.0
MHImain,HKFE,2020-06-08 01:16:00,24950.0,24985.0,24769.0,24788.0,42346.0,1052414337.0,0.0
MHImain,HKFE,2020-06-08 11:31:00,24786.0,24801.0,24598.0,24736.0,35930.0,887296044.0,0.0
MHImain,HKFE,2020-06-08 17:15:00,24744.0,24864.0,24744.0,24836.0,10046.0,249301183.0,0.0
MHImain,HKFE,2020-06-08 21:16:00,24838.0,24848.0,24682.0,24802.0,12904.0,319529746.0,0.0
MHImain,HKFE,2020-06-09 01:16:00,24803.0,25083.0,24722.0,25024.0,41710.0,1040252082.0,0.0
MHImain,HKFE,2020-06-09 11:31:00,25025.0,25183.0,24823.0,24847.0,37717.0,944899652.0,0.0
MHImain,HKFE,2020-06-09 17:15:00,24847.0,24919.0,24768.0,24849.0,12202.0,303223547.0,0.0
MHImain,HKFE,2020-06-09 21:16:00,24848.0,24936.0,24720.0,24800.0,17899.0,444625338.0,0.0
MHImain,HKFE,2020-06-10 01:16:00,24803.0,25254.0,24802.0,25035.0,53606.0,1344110612.0,0.0
MHImain,HKFE,2020-06-10 11:31:00,25032.0,25108.0,24938.0,25014.0,29709.0,743368772.0,0.0
MHImain,HKFE,2020-06-10 17:15:00,25000.0,25039.0,24809.0,25009.0,13550.0,337652962.0,0.0
MHImain,HKFE,2020-06-10 21:16:00,25006.0,25008.0,24864.0,24886.0,15430.0,384496398.0,0.0
MHImain,HKFE,2020-06-11 01:16:00,24887.0,25080.0,24786.0,24816.0,48678.0,1211769537.0,0.0
MHImain,HKFE,2020-06-11 11:31:00,24815.0,24825.0,24328.0,24361.0,52889.0,1298445579.0,0.0
MHImain,HKFE,2020-06-11 17:15:00,24365.0,24488.0,24196.0,24238.0,17141.0,417327908.0,0.0
MHImain,HKFE,2020-06-11 21:16:00,24237.0,24338.0,23913.0,24032.0,28596.0,691386969.0,0.0
MHImain,HKFE,2020-06-12 01:16:00,24029.0,24188.0,23785.0,24033.0,58019.0,1393284194.0,0.0
MHImain,HKFE,2020-06-12 11:31:00,24029.0,24228.0,23983.0,24216.0,43021.0,1036647231.0,0.0
MHImain,HKFE,2020-06-12 17:15:00,24220.0,24384.0,24211.0,24353.0,16533.0,401910063.0,0.0
MHImain,HKFE,2020-06-12 21:16:00,24350.0,24376.0,23981.0,24085.0,31735.0,766697581.0,0.0
MHImain,HKFE,2020-06-13 01:16:00,24084.0,24123.0,23953.0,24082.0,8005.0,192375525.0,0.0
MHImain,HKFE,2020-06-15 01:16:00,23913.0,24156.0,23805.0,24068.0,46459.0,1115921971.0,0.0
MHImain,HKFE,2020-06-15 11:31:00,24068.0,24086.0,23556.0,23703.0,60232.0,1428644644.0,0.0
MHImain,HKFE,2020-06-15 17:15:00,23706.0,23857.0,23706.0,23754.0,18162.0,431888509.0,0.0
MHImain,HKFE,2020-06-15 21:16:00,23754.0,24024.0,23675.0,24011.0,26021.0,620538510.0,0.0
MHImain,HKFE,2020-06-16 01:16:00,24013.0,24474.0,23979.0,24373.0,56056.0,1362705100.0,0.0
MHImain,HKFE,2020-06-16 11:31:00,24372.0,24444.0,24252.0,24357.0,38877.0,946682410.0,0.0
MHImain,HKFE,2020-06-16 17:15:00,24360.0,24633.0,24345.0,24567.0,14994.0,367355135.0,0.0
MHImain,HKFE,2020-06-16 21:16:00,24569.0,24589.0,24097.0,24292.0,34258.0,834122876.0,0.0
MHImain,HKFE,2020-06-17 01:16:00,24302.0,24390.0,24076.0,24235.0,52113.0,1263029988.0,0.0
MHImain,HKFE,2020-06-17 11:31:00,24234.0,24474.0,24126.0,24400.0,38678.0,940659500.0,0.0
MHImain,HKFE,2020-06-17 17:15:00,24391.0,24408.0,24237.0,24309.0,12464.0,303081157.0,0.0
MHImain,HKFE,2020-06-17 21:16:00,24312.0,24415.0,24273.0,24384.0,16694.0,406370457.0,0.0
MHImain,HKFE,2020-06-18 01:16:00,24385.0,24400.0,24016.0,24328.0,59459.0,1436797193.0,0.0
MHImain,HKFE,2020-06-18 11:31:00,24329.0,24439.0,24241.0,24348.0,39234.0,954853243.0,0.0
MHImain,HKFE,2020-06-18 17:15:00,24398.0,24501.0,24208.0,24265.0,16693.0,406138042.0,0.0
MHImain,HKFE,2020-06-18 21:16:00,24265.0,24389.0,24252.0,24336.0,14214.0,345688916.0,0.0
MHImain,HKFE,2020-06-19 01:16:00,24335.0,24466.0,24230.0,24355.0,45613.0,1110817966.0,0.0
MHImain,HKFE,2020-06-19 11:31:00,24354.0,24732.0,24338.0,24615.0,45710.0,1122997184.0,0.0
MHImain,HKFE,2020-06-19 17:15:00,24622.0,24707.0,24622.0,24672.0,8466.0,208861828.0,0.0
MHImain,HKFE,2020-06-19 21:16:00,24672.0,24700.0,24298.0,24389.0,19911.0,487891749.0,0.0
MHImain,HKFE,2020-06-20 01:16:00,24390.0,24428.0,24344.0,24426.0,3726.0,90851440.0,0.0
MHImain,HKFE,2020-06-22 01:16:00,24380.0,24624.0,24362.0,24544.0,43213.0,1060066246.0,0.0
MHImain,HKFE,2020-06-22 11:31:00,24545.0,24575.0,24354.0,24453.0,34700.0,848984094.0,0.0
MHImain,HKFE,2020-06-22 17:15:00,24494.0,24558.0,24423.0,24485.0,8023.0,196487884.0,0.0
MHImain,HKFE,2020-06-22 21:16:00,24484.0,24675.0,24433.0,24646.0,13268.0,325771886.0,0.0
MHImain,HKFE,2020-06-23 01:16:00,24650.0,24803.0,24138.0,24761.0,81916.0,2003778187.0,0.0
MHImain,HKFE,2020-06-23 11:31:00,24761.0,24979.0,24654.0,24950.0,38107.0,945083504.0,0.0
MHImain,HKFE,2020-06-23 17:15:00,24926.0,25034.0,24901.0,24985.0,7875.0,196731118.0,0.0
MHImain,HKFE,2020-06-23 21:16:00,24987.0,25044.0,24939.0,25000.0,10878.0,271882854.0,0.0
MHImain,HKFE,2020-06-24 01:16:00,24998.0,25128.0,24866.0,24903.0,40528.0,1011691914.0,0.0
MHImain,HKFE,2020-06-24 11:31:00,24900.0,24964.0,24649.0,24710.0,32909.0,817366616.0,0.0
MHImain,HKFE,2020-06-24 17:15:00,24670.0,24742.0,24586.0,24717.0,8062.0,198903159.0,0.0
MHImain,HKFE,2020-06-24 21:16:00,24718.0,24749.0,24376.0,24495.0,22919.0,562526996.0,0.0
MHImain,HKFE,2020-06-25 01:16:00,24495.0,24524.0,24431.0,24484.0,2788.0,68248189.0,0.0
MHImain,HKFE,2020-06-26 01:16:00,24522.0,24757.0,24500.0,24668.0,27113.0,668374828.0,0.0
MHImain,HKFE,2020-06-26 11:31:00,24670.0,24686.0,24481.0,24502.0,18179.0,446688090.0,0.0
MHImain,HKFE,2020-06-26 17:15:00,24382.0,24497.0,24367.0,24395.0,2532.0,61855507.0,0.0
MHImain,HKFE,2020-06-26 21:16:00,24396.0,24407.0,24187.0,24277.0,5359.0,130086182.0,0.0
MHImain,HKFE,2020-06-27 01:16:00,24278.0,24300.0,24220.0,24244.0,750.0,18193226.0,0.0
MHImain,HKFE,2020-06-29 01:16:00,24288.0,24422.0,24025.0,24080.0,41651.0,1009421255.0,0.0
MHImain,HKFE,2020-06-29 11:31:00,24080.0,24180.0,23914.0,24049.0,36026.0,866605834.0,0.0
MHImain,HKFE,2020-06-29 17:15:00,24056.0,24212.0,24056.0,24150.0,7635.0,184384771.0,0.0
MHImain,HKFE,2020-06-29 21:16:00,24154.0,24252.0,24081.0,24243.0,12544.0,303327321.0,0.0
MHImain,HKFE,2020-06-30 01:16:00,24242.0,24406.0,24208.0,24338.0,38198.0,928719764.0,0.0
MHImain,HKFE,2020-06-30 11:31:00,24339.0,24384.0,24057.0,24244.0,38997.0,943942867.0,0.0
MHImain,HKFE,2020-06-30 17:15:00,24235.0,24289.0,24177.0,24192.0,6490.0,157225779.0,0.0
MHImain,HKFE,2020-06-30 21:16:00,24193.0,24272.0,24140.0,24144.0,11609.0,280899840.0,0.0
MHImain,HKFE,2020-07-01 01:16:00,24145.0,24165.0,24128.0,24161.0,1725.0,41652306.0,0.0
MHImain,HKFE,2020-07-02 01:16:00,24410.0,24821.0,24360.0,24760.0,51924.0,1282125138.0,0.0
MHImain,HKFE,2020-07-02 11:31:00,24759.0,25154.0,24680.0,25140.0,39799.0,990910735.0,0.0
MHImain,HKFE,2020-07-02 17:15:00,25135.0,25180.0,25024.0,25155.0,9902.0,248522564.0,0.0
MHImain,HKFE,2020-07-02 21:16:00,25156.0,25227.0,24989.0,25103.0,15168.0,380768373.0,0.0
MHImain,HKFE,2020-07-03 01:16:00,25106.0,25345.0,25088.0,25244.0,44588.0,1124613889.0,0.0
MHImain,HKFE,2020-07-03 11:31:00,25244.0,25418.0,25188.0,25298.0,35730.0,904419155.0,0.0
MHImain,HKFE,2020-07-03 17:15:00,25318.0,25320.0,25212.0,25266.0,5267.0,132998044.0,0.0
MHImain,HKFE,2020-07-03 21:16:00,25267.0,25272.0,25166.0,25224.0,5020.0,126588701.0,0.0
MHImain,HKFE,2020-07-04 01:16:00,25216.0,25262.0,25207.0,25240.0,461.0,11628714.0,0.0
MHImain,HKFE,2020-07-06 01:16:00,25489.0,26065.0,25488.0,26065.0,49889.0,1287818942.0,0.0
MHImain,HKFE,2020-07-06 11:31:00,26065.0,26443.0,26017.0,26321.0,57609.0,1510866600.0,0.0
MHImain,HKFE,2020-07-06 17:15:00,26300.0,26491.0,26230.0,26460.0,8629.0,227517037.0,0.0
MHImain,HKFE,2020-07-06 21:16:00,26460.0,26591.0,26448.0,26487.0,14001.0,371232719.0,0.0
MHImain,HKFE,2020-07-07 01:16:00,26490.0,26791.0,26215.0,26400.0,69288.0,1831370455.0,0.0
MHImain,HKFE,2020-07-07 11:31:00,26398.0,26429.0,25931.0,25970.0,44584.0,1166013889.0,0.0
MHImain,HKFE,2020-07-07 17:15:00,25958.0,26074.0,25874.0,26063.0,8300.0,215659864.0,0.0
MHImain,HKFE,2020-07-07 21:16:00,26063.0,26226.0,26033.0,26110.0,12163.0,317991901.0,0.0
MHImain,HKFE,2020-07-08 01:16:00,26115.0,26328.0,25877.0,26124.0,59169.0,1544493945.0,0.0
MHImain,HKFE,2020-07-08 11:31:00,26124.0,26207.0,25930.0,26064.0,45221.0,1179238913.0,0.0
MHImain,HKFE,2020-07-08 17:15:00,26052.0,26107.0,25957.0,26090.0,10115.0,263320678.0,0.0
MHImain,HKFE,2020-07-08 21:16:00,26087.0,26264.0,26061.0,26242.0,13547.0,354224045.0,0.0
MHImain,HKFE,2020-07-09 01:16:00,26238.0,26389.0,26085.0,26260.0,57875.0,1519267833.0,0.0
MHImain,HKFE,2020-07-09 11:31:00,26261.0,26279.0,26002.0,26247.0,40338.0,1055568193.0,0.0
MHImain,HKFE,2020-07-09 17:15:00,26231.0,26277.0,26179.0,26240.0,6570.0,172273047.0,0.0
MHImain,HKFE,2020-07-09 21:16:00,26239.0,26314.0,25865.0,26053.0,22474.0,585688471.0,0.0
MHImain,HKFE,2020-07-10 01:16:00,26050.0,26168.0,25838.0,25929.0,53606.0,1393424640.0,0.0
MHImain,HKFE,2020-07-10 11:31:00,25930.0,25955.0,25549.0,25688.0,50490.0,1297176973.0,0.0
MHImain,HKFE,2020-07-10 17:15:00,25678.0,25867.0,25613.0,25815.0,9822.0,253150135.0,0.0
MHImain,HKFE,2020-07-10 21:16:00,25815.0,25843.0,25663.0,25726.0,14835.0,382165168.0,0.0
MHImain,HKFE,2020-07-11 01:16:00,25727.0,25781.0,25710.0,25766.0,1709.0,44011689.0,0.0
MHImain,HKFE,2020-07-13 01:16:00,25842.0,25974.0,25729.0,25972.0,45689.0,1181137575.0,0.0
MHImain,HKFE,2020-07-13 11:31:00,25972.0,26110.0,25716.0,25750.0,41161.0,1067733894.0,0.0
MHImain,HKFE,2020-07-13 17:15:00,25760.0,25848.0,25716.0,25805.0,6950.0,179268889.0,0.0
MHImain,HKFE,2020-07-13 21:16:00,25802.0,26030.0,25794.0,25987.0,13752.0,356537279.0,0.0
MHImain,HKFE,2020-07-14 01:16:00,25988.0,26008.0,25254.0,25300.0,69596.0,1773504521.0,0.0
MHImain,HKFE,2020-07-14 11:31:00,25302.0,25557.0,25283.0,25530.0,49740.0,1264150423.0,0.0
MHImain,HKFE,2020-07-14 17:15:00,25522.0,25592.0,25429.0,25436.0,9117.0,232718937.0,0.0
MHImain,HKFE,2020-07-14 21:16:00,25433.0,25697.0,25427.0,25675.0,19593.0,500682353.0,0.0
MHImain,HKFE,2020-07-15 01:16:00,25679.0,25898.0,25347.0,25353.0,63361.0,1624348628.0,0.0
MHImain,HKFE,2020-07-15 11:31:00,25354.0,25547.0,25306.0,25485.0,45641.0,1160824871.0,0.0
MHImain,HKFE,2020-07-15 17:15:00,25472.0,25640.0,25438.0,25608.0,8204.0,209745197.0,0.0
MHImain,HKFE,2020-07-15 21:16:00,25609.0,25666.0,25473.0,25589.0,14893.0,380810506.0,0.0
MHImain,HKFE,2020-07-16 01:16:00,25591.0,25628.0,25116.0,25204.0,67115.0,1702085143.0,0.0
MHImain,HKFE,2020-07-16 11:31:00,25200.0,25227.0,24886.0,24920.0,57383.0,1438823580.0,0.0
MHImain,HKFE,2020-07-16 17:15:00,24911.0,25063.0,24844.0,25020.0,10359.0,258768756.0,0.0
MHImain,HKFE,2020-07-16 21:16:00,25019.0,25168.0,24985.0,25135.0,13469.0,338060205.0,0.0
MHImain,HKFE,2020-07-17 01:16:00,25133.0,25258.0,25034.0,25095.0,55765.0,1402165360.0,0.0
MHImain,HKFE,2020-07-17 11:31:00,25096.0,25172.0,25006.0,25160.0,37237.0,934447496.0,0.0
MHImain,HKFE,2020-07-17 17:15:00,25169.0,25220.0,25148.0,25197.0,5380.0,135486462.0,0.0
MHImain,HKFE,2020-07-17 21:16:00,25193.0,25274.0,25108.0,25204.0,11604.0,292189741.0,0.0
MHImain,HKFE,2020-07-18 01:16:00,25190.0,25214.0,25160.0,25162.0,1399.0,35236726.0,0.0
MHImain,HKFE,2020-07-20 01:16:00,25010.0,25169.0,24722.0,25074.0,59831.0,1493888279.0,0.0
MHImain,HKFE,2020-07-20 11:31:00,25074.0,25209.0,24928.0,25028.0,41431.0,1038642622.0,0.0
MHImain,HKFE,2020-07-20 17:15:00,25045.0,25144.0,25045.0,25110.0,6114.0,153490473.0,0.0
MHImain,HKFE,2020-07-20 21:16:00,25110.0,25234.0,25068.0,25216.0,10459.0,263103659.0,0.0
MHImain,HKFE,2020-07-21 01:16:00,25217.0,25529.0,25215.0,25484.0,48876.0,1243189327.0,0.0
MHImain,HKFE,2020-07-21 11:31:00,25483.0,25636.0,25419.0,25618.0,39045.0,996772789.0,0.0
MHImain,HKFE,2020-07-21 17:15:00,25611.0,25707.0,25610.0,25622.0,5999.0,153954411.0,0.0
MHImain,HKFE,2020-07-21 21:16:00,25621.0,25637.0,25511.0,25538.0,13987.0,357691303.0,0.0
MHImain,HKFE,2020-07-22 01:16:00,25540.0,25788.0,25475.0,25624.0,50410.0,1292116794.0,0.0
MHImain,HKFE,2020-07-22 11:31:00,25624.0,25668.0,24992.0,25099.0,55826.0,1415947427.0,0.0
MHImain,HKFE,2020-07-22 17:15:00,25099.0,25250.0,24969.0,25191.0,12846.0,323230950.0,0.0
MHImain,HKFE,2020-07-22 21:16:00,25193.0,25233.0,25061.0,25100.0,13339.0,335457342.0,0.0
MHImain,HKFE,2020-07-23 01:16:00,25095.0,25325.0,24963.0,25098.0,65860.0,1655943431.0,0.0
MHImain,HKFE,2020-07-23 11:31:00,25099.0,25270.0,25080.0,25248.0,38137.0,960103989.0,0.0
MHImain,HKFE,2020-07-23 17:15:00,25228.0,25235.0,25059.0,25121.0,7744.0,194850045.0,0.0
MHImain,HKFE,2020-07-23 21:16:00,25120.0,25180.0,25052.0,25073.0,13134.0,329943470.0,0.0
MHImain,HKFE,2020-07-24 01:16:00,25071.0,25106.0,24759.0,24798.0,62633.0,1563322757.0,0.0
MHImain,HKFE,2020-07-24 11:31:00,24798.0,24828.0,24574.0,24688.0,57186.0,1410960384.0,0.0
MHImain,HKFE,2020-07-24 17:15:00,24700.0,24779.0,24697.0,24711.0,6967.0,172313803.0,0.0
MHImain,HKFE,2020-07-24 21:16:00,24710.0,24802.0,24663.0,24719.0,13148.0,325345699.0,0.0
MHImain,HKFE,2020-07-25 01:16:00,24717.0,24825.0,24717.0,24821.0,1791.0,44391414.0,0.0
MHImain,HKFE,2020-07-27 01:16:00,24908.0,24972.0,24692.0,24743.0,48244.0,1198664058.0,0.0
MHImain,HKFE,2020-07-27 11:31:00,24743.0,24753.0,24539.0,24638.0,39825.0,980838173.0,0.0
MHImain,HKFE,2020-07-27 17:15:00,24633.0,24715.0,24623.0,24688.0,6116.0,150913628.0,0.0
MHImain,HKFE,2020-07-27 21:16:00,24687.0,24797.0,24664.0,24732.0,9186.0,227227332.0,0.0
MHImain,HKFE,2020-07-28 01:16:00,24732.0,24988.0,24668.0,24722.0,42680.0,1059199725.0,0.0
MHImain,HKFE,2020-07-28 11:31:00,24721.0,24807.0,24647.0,24755.0,23862.0,589928654.0,0.0
MHImain,HKFE,2020-07-28 17:15:00,24776.0,24796.0,24658.0,24711.0,6444.0,159247062.0,0.0
MHImain,HKFE,2020-07-28 21:16:00,24710.0,24746.0,24657.0,24700.0,8922.0,220423763.0,0.0
MHImain,HKFE,2020-07-29 01:16:00,24698.0,24908.0,24667.0,24796.0,32355.0,802417019.0,0.0
MHImain,HKFE,2020-07-29 11:31:00,24797.0,24898.0,24671.0,24879.0,22019.0,546127465.0,0.0
MHImain,HKFE,2020-07-29 17:15:00,24847.0,24906.0,24815.0,24850.0,2043.0,50795958.0,0.0
MHImain,HKFE,2020-07-29 21:16:00,24850.0,24923.0,24838.0,24863.0,3551.0,88352891.0,0.0
MHImain,HKFE,2020-07-30 01:16:00,24862.0,25168.0,24851.0,25161.0,40404.0,1009077322.0,0.0
MHImain,HKFE,2020-07-30 11:31:00,25160.0,25188.0,24536.0,24635.0,54508.0,1353323537.0,0.0
MHImain,HKFE,2020-07-30 17:15:00,24627.0,24670.0,24564.0,24596.0,8586.0,211381210.0,0.0
MHImain,HKFE,2020-07-30 21:16:00,24600.0,24652.0,24371.0,24614.0,21853.0,535145331.0,0.0
MHImain,HKFE,2020-07-31 01:16:00,24617.0,24928.0,24481.0,24690.0,57546.0,1423727882.0,0.0
MHImain,HKFE,2020-07-31 11:31:00,24690.0,24750.0,24526.0,24560.0,41171.0,1014714734.0,0.0
MHImain,HKFE,2020-07-31 17:15:00,24579.0,24595.0,24495.0,24516.0,6489.0,159215922.0,0.0
MHImain,HKFE,2020-07-31 21:16:00,24517.0,24541.0,24291.0,24307.0,19120.0,466794674.0,0.0
MHImain,HKFE,2020-08-01 01:16:00,24309.0,24370.0,24272.0,24367.0,2174.0,52848749.0,0.0
MHImain,HKFE,2020-08-03 01:16:00,24558.0,24605.0,24184.0,24331.0,57483.0,1402675495.0,0.0
MHImain,HKFE,2020-08-03 11:31:00,24332.0,24435.0,24240.0,24388.0,34253.0,833560311.0,0.0
MHImain,HKFE,2020-08-03 17:15:00,24377.0,24490.0,24334.0,24434.0,6606.0,161352683.0,0.0
MHImain,HKFE,2020-08-03 21:16:00,24438.0,24515.0,24400.0,24492.0,9600.0,234892212.0,0.0
MHImain,HKFE,2020-08-04 01:16:00,24493.0,24678.0,24488.0,24577.0,49935.0,1227671167.0,0.0
MHImain,HKFE,2020-08-04 11:31:00,24577.0,25069.0,24564.0,24930.0,57445.0,1429101243.0,0.0
MHImain,HKFE,2020-08-04 17:15:00,24929.0,24974.0,24800.0,24851.0,8136.0,202484491.0,0.0
MHImain,HKFE,2020-08-04 21:16:00,24850.0,24968.0,24833.0,24932.0,10031.0,249665212.0,0.0
MHImain,HKFE,2020-08-05 01:16:00,24935.0,25152.0,24840.0,25133.0,50554.0,1261916983.0,0.0
MHImain,HKFE,2020-08-05 11:31:00,25132.0,25168.0,24951.0,25048.0,38320.0,959920388.0,0.0
MHImain,HKFE,2020-08-05 17:15:00,25080.0,25120.0,25037.0,25067.0,5849.0,146710076.0,0.0
MHImain,HKFE,2020-08-05 21:16:00,25066.0,25163.0,25053.0,25084.0,9368.0,235261407.0,0.0
MHImain,HKFE,2020-08-06 01:16:00,25085.0,25230.0,24592.0,24663.0,73513.0,1827909330.0,0.0
MHImain,HKFE,2020-08-06 11:31:00,24664.0,24968.0,24649.0,24815.0,44457.0,1102298341.0,0.0
MHImain,HKFE,2020-08-06 17:15:00,24830.0,24849.0,24662.0,24772.0,10225.0,253124102.0,0.0
MHImain,HKFE,2020-08-06 21:16:00,24772.0,24838.0,24716.0,24798.0,11828.0,293053780.0,0.0
MHImain,HKFE,2020-08-07 01:16:00,24798.0,24925.0,24338.0,24347.0,66477.0,1637540391.0,0.0
MHImain,HKFE,2020-08-07 11:31:00,24346.0,24549.0,24150.0,24400.0,58377.0,1424806824.0,0.0
MHImain,HKFE,2020-08-07 17:15:00,24381.0,24449.0,24331.0,24386.0,6403.0,156260847.0,0.0
MHImain,HKFE,2020-08-07 21:16:00,24387.0,24430.0,24201.0,24282.0,19787.0,481256375.0,0.0
MHImain,HKFE,2020-08-08 01:16:00,24285.0,24359.0,24253.0,24342.0,2116.0,51409742.0,0.0
MHImain,HKFE,2020-08-10 01:16:00,24246.0,24492.0,24222.0,24416.0,50772.0,1237051792.0,0.0
MHImain,HKFE,2020-08-10 11:31:00,24416.0,24506.0,24306.0,24409.0,32441.0,791905949.0,0.0
MHImain,HKFE,2020-08-10 17:15:00,24427.0,24455.0,24397.0,24417.0,4576.0,111776749.0,0.0
MHImain,HKFE,2020-08-10 21:16:00,24419.0,24476.0,24348.0,24475.0,9484.0,231497331.0,0.0
MHImain,HKFE,2020-08-11 01:16:00,24474.0,24979.0,24460.0,24901.0,48492.0,1203369400.0,0.0
MHImain,HKFE,2020-08-11 11:31:00,24901.0,25030.0,24724.0,24892.0,47224.0,1174706342.0,0.0
MHImain,HKFE,2020-08-11 17:15:00,24906.0,25013.0,24860.0,24952.0,7185.0,179446247.0,0.0
MHImain,HKFE,2020-08-11 21:16:00,24952.0,24975.0,24844.0,24921.0,11913.0,296788257.0,0.0
MHImain,HKFE,2020-08-12 01:16:00,24920.0,24935.0,24653.0,24777.0,52663.0,1304215471.0,0.0
MHImain,HKFE,2020-08-12 11:31:00,24778.0,25299.0,24719.0,25238.0,50042.0,1252335018.0,0.0
MHImain,HKFE,2020-08-12 17:15:00,25265.0,25341.0,25251.0,25336.0,7921.0,200437048.0,0.0
MHImain,HKFE,2020-08-12 21:16:00,25335.0,25432.0,25293.0,25345.0,11234.0,284965181.0,0.0
MHImain,HKFE,2020-08-13 01:16:00,25345.0,25458.0,25138.0,25194.0,53280.0,1346810948.0,0.0
MHImain,HKFE,2020-08-13 11:31:00,25192.0,25236.0,25094.0,25137.0,35114.0,883983126.0,0.0
MHImain,HKFE,2020-08-13 17:15:00,25148.0,25244.0,25131.0,25218.0,4813.0,121269519.0,0.0
MHImain,HKFE,2020-08-13 21:16:00,25218.0,25233.0,25119.0,25191.0,7297.0,183784033.0,0.0
MHImain,HKFE,2020-08-14 01:16:00,25190.0,25267.0,25028.0,25161.0,44268.0,1113809736.0,0.0
MHImain,HKFE,2020-08-14 11:31:00,25159.0,25358.0,25042.0,25086.0,36600.0,922696976.0,0.0
MHImain,HKFE,2020-08-14 17:15:00,25068.0,25125.0,25013.0,25098.0,6200.0,155444836.0,0.0
MHImain,HKFE,2020-08-14 21:16:00,25099.0,25199.0,25077.0,25166.0,8411.0,211578389.0,0.0
MHImain,HKFE,2020-08-15 01:16:00,25165.0,25177.0,25146.0,25170.0,1009.0,25388529.0,0.0
MHImain,HKFE,2020-08-17 01:16:00,25193.0,25518.0,25146.0,25485.0,44020.0,1116330659.0,0.0
MHImain,HKFE,2020-08-17 11:31:00,25484.0,25575.0,25258.0,25285.0,43188.0,1097478175.0,0.0
MHImain,HKFE,2020-08-17 17:15:00,25300.0,25350.0,25290.0,25336.0,3690.0,93427593.0,0.0
MHImain,HKFE,2020-08-17 21:16:00,25337.0,25420.0,25337.0,25406.0,7110.0,180491502.0,0.0
MHImain,HKFE,2020-08-18 01:16:00,25407.0,25441.0,25232.0,25391.0,46832.0,1187286172.0,0.0
MHImain,HKFE,2020-08-18 11:31:00,25389.0,25416.0,25212.0,25338.0,31856.0,806115347.0,0.0
MHImain,HKFE,2020-08-18 17:15:00,25345.0,25394.0,25333.0,25362.0,3387.0,85934298.0,0.0
MHImain,HKFE,2020-08-18 21:16:00,25362.0,25367.0,25196.0,25253.0,6424.0,162357742.0,0.0
MHImain,HKFE,2020-08-19 01:16:00,25253.0,25253.0,25253.0,25253.0,0.0,0.0,0.0
MHImain,HKFE,2020-08-19 11:31:00,25253.0,25338.0,25040.0,25139.0,45655.0,1148457262.0,0.0
MHImain,HKFE,2020-08-19 17:15:00,25130.0,25208.0,25130.0,25176.0,3433.0,86458179.0,0.0
MHImain,HKFE,2020-08-19 21:16:00,25177.0,25196.0,25101.0,25160.0,8229.0,206969427.0,0.0
MHImain,HKFE,2020-08-20 01:16:00,25160.0,25186.0,24587.0,24630.0,58976.0,1458896573.0,0.0
MHImain,HKFE,2020-08-20 11:31:00,24629.0,24828.0,24544.0,24674.0,44083.0,1087427845.0,0.0
MHImain,HKFE,2020-08-20 17:15:00,24683.0,24742.0,24645.0,24647.0,5448.0,134601361.0,0.0
MHImain,HKFE,2020-08-20 21:16:00,24644.0,24839.0,24620.0,24838.0,11426.0,282445794.0,0.0
MHImain,HKFE,2020-08-21 01:16:00,24838.0,25185.0,24832.0,25146.0,50814.0,1267726550.0,0.0
MHImain,HKFE,2020-08-21 11:31:00,25146.0,25165.0,25024.0,25066.0,31709.0,795620410.0,0.0
MHImain,HKFE,2020-08-21 17:15:00,25096.0,25107.0,24936.0,24991.0,7478.0,186963903.0,0.0
MHImain,HKFE,2020-08-21 21:16:00,24990.0,25138.0,24951.0,25070.0,10963.0,274425935.0,0.0
MHImain,HKFE,2020-08-22 01:16:00,25070.0,25130.0,25061.0,25129.0,1258.0,31565541.0,0.0
MHImain,HKFE,2020-08-24 01:16:00,25193.0,25550.0,25193.0,25507.0,41627.0,1059200317.0,0.0
MHImain,HKFE,2020-08-24 11:31:00,25508.0,25547.0,25427.0,25497.0,23299.0,593852209.0,0.0
MHImain,HKFE,2020-08-24 17:15:00,25506.0,25580.0,25501.0,25506.0,5024.0,128300853.0,0.0
MHImain,HKFE,2020-08-24 21:16:00,25506.0,25518.0,25404.0,25445.0,10230.0,260459869.0,0.0
MHImain,HKFE,2020-08-25 01:16:00,25443.0,25619.0,25392.0,25439.0,40311.0,1028451166.0,0.0
MHImain,HKFE,2020-08-25 11:31:00,25437.0,25551.0,25327.0,25462.0,29477.0,750095088.0,0.0
MHImain,HKFE,2020-08-25 17:15:00,25450.0,25472.0,25428.0,25445.0,3193.0,81252921.0,0.0
MHImain,HKFE,2020-08-25 21:16:00,25443.0,25510.0,25406.0,25436.0,9768.0,248625876.0,0.0
MHImain,HKFE,2020-08-26 01:16:00,25435.0,25602.0,25307.0,25343.0,40096.0,1021510770.0,0.0
MHImain,HKFE,2020-08-26 11:31:00,25343.0,25495.0,25328.0,25440.0,24427.0,621318468.0,0.0
MHImain,HKFE,2020-08-26 17:15:00,25450.0,25466.0,25412.0,25439.0,2529.0,64330830.0,0.0
MHImain,HKFE,2020-08-26 21:16:00,25439.0,25518.0,25425.0,25514.0,5380.0,137005829.0,0.0
MHImain,HKFE,2020-08-27 01:16:00,25511.0,25525.0,25164.0,25284.0,37255.0,942029968.0,0.0
MHImain,HKFE,2020-08-27 11:31:00,25285.0,25375.0,25212.0,25220.0,19424.0,490876491.0,0.0
MHImain,HKFE,2020-08-27 17:15:00,25130.0,25229.0,25088.0,25220.0,2254.0,56696267.0,0.0
MHImain,HKFE,2020-08-27 21:16:00,25223.0,25256.0,25013.0,25085.0,6815.0,171280655.0,0.0
MHImain,HKFE,2020-08-28 01:16:00,25087.0,25498.0,25080.0,25455.0,37630.0,952650385.0,0.0
MHImain,HKFE,2020-08-28 11:31:00,25456.0,25705.0,25254.0,25361.0,51058.0,1300756146.0,0.0
MHImain,HKFE,2020-08-28 17:15:00,25380.0,25395.0,25316.0,25383.0,4163.0,105557067.0,0.0
MHImain,HKFE,2020-08-28 21:16:00,25383.0,25439.0,25334.0,25393.0,8749.0,222128686.0,0.0
MHImain,HKFE,2020-08-29 01:16:00,25393.0,25420.0,25381.0,25418.0,833.0,21157827.0,0.0
MHImain,HKFE,2020-08-31 01:16:00,25580.0,25789.0,25545.0,25666.0,39078.0,1004342913.0,0.0
MHImain,HKFE,2020-08-31 11:31:00,25666.0,25695.0,24975.0,25067.0,53938.0,1367132664.0,0.0
MHImain,HKFE,2020-08-31 17:15:00,25076.0,25141.0,25051.0,25088.0,5380.0,135017114.0,0.0
MHImain,HKFE,2020-08-31 21:16:00,25088.0,25103.0,24872.0,24946.0,12702.0,317200226.0,0.0
MHImain,HKFE,2020-09-01 01:16:00,24946.0,25180.0,24850.0,25139.0,44272.0,1110138454.0,0.0
MHImain,HKFE,2020-09-01 11:31:00,25140.0,25202.0,25025.0,25067.0,29532.0,741863494.0,0.0
MHImain,HKFE,2020-09-01 17:15:00,25090.0,25099.0,24960.0,24980.0,5160.0,129238428.0,0.0
MHImain,HKFE,2020-09-01 21:16:00,24981.0,25055.0,24930.0,24941.0,9603.0,239971696.0,0.0
MHImain,HKFE,2020-09-02 01:16:00,24941.0,25138.0,24824.0,24966.0,46599.0,1163304509.0,0.0
MHImain,HKFE,2020-09-02 11:31:00,24967.0,25184.0,24907.0,25054.0,36328.0,910269203.0,0.0
MHImain,HKFE,2020-09-02 17:15:00,25060.0,25125.0,25035.0,25042.0,4688.0,117573159.0,0.0
MHImain,HKFE,2020-09-02 21:16:00,25041.0,25041.0,24878.0,24960.0,13682.0,341484939.0,0.0
MHImain,HKFE,2020-09-03 01:16:00,24963.0,25171.0,24777.0,24957.0,54210.0,1355588172.0,0.0
MHImain,HKFE,2020-09-03 11:31:00,24959.0,24997.0,24805.0,24920.0,39407.0,982134409.0,0.0
MHImain,HKFE,2020-09-03 17:15:00,24910.0,24927.0,24840.0,24862.0,5638.0,140272622.0,0.0
MHImain,HKFE,2020-09-03 21:16:00,24861.0,24893.0,24554.0,24674.0,28577.0,706475003.0,0.0
MHImain,HKFE,2020-09-04 01:16:00,24673.0,24688.0,24416.0,24482.0,55461.0,1360677760.0,0.0
MHImain,HKFE,2020-09-04 11:31:00,24480.0,24788.0,24463.0,24681.0,37568.0,924795593.0,0.0
MHImain,HKFE,2020-09-04 17:15:00,24691.0,24730.0,24598.0,24668.0,8682.0,214042114.0,0.0
MHImain,HKFE,2020-09-04 21:16:00,24666.0,24718.0,24301.0,24536.0,32601.0,798366723.0,0.0
MHImain,HKFE,2020-09-05 01:16:00,24537.0,24685.0,24510.0,24663.0,3073.0,75571154.0,0.0
MHImain,HKFE,2020-09-07 01:16:00,24660.0,24873.0,24512.0,24673.0,50777.0,1252711118.0,0.0
MHImain,HKFE,2020-09-07 11:31:00,24673.0,24697.0,24429.0,24523.0,40936.0,1005612951.0,0.0
MHImain,HKFE,2020-09-07 17:15:00,24520.0,24605.0,24506.0,24567.0,3971.0,97541613.0,0.0
MHImain,HKFE,2020-09-07 21:16:00,24567.0,24628.0,24561.0,24597.0,4097.0,100782347.0,0.0
MHImain,HKFE,2020-09-08 01:16:00,24600.0,24765.0,24312.0,24317.0,60824.0,1495364252.0,0.0
MHImain,HKFE,2020-09-08 11:31:00,24316.0,24683.0,24282.0,24492.0,49176.0,1206946393.0,0.0
MHImain,HKFE,2020-09-08 17:15:00,24480.0,24480.0,24237.0,24243.0,12849.0,312886765.0,0.0
MHImain,HKFE,2020-09-08 21:16:00,24242.0,24418.0,24242.0,24390.0,19422.0,472865326.0,0.0
MHImain,HKFE,2020-09-09 01:16:00,24387.0,24436.0,24143.0,24271.0,54979.0,1334440534.0,0.0
MHImain,HKFE,2020-09-09 11:31:00,24272.0,24471.0,24258.0,24414.0,40009.0,974185810.0,0.0
MHImain,HKFE,2020-09-09 17:15:00,24412.0,24490.0,24362.0,24489.0,7369.0,179970094.0,0.0
MHImain,HKFE,2020-09-09 21:16:00,24490.0,24587.0,24445.0,24584.0,12295.0,301304224.0,0.0
MHImain,HKFE,2020-09-10 01:16:00,24584.0,24633.0,24352.0,24423.0,46436.0,1136207173.0,0.0
MHImain,HKFE,2020-09-10 11:31:00,24425.0,24492.0,24209.0,24236.0,35279.0,860226008.0,0.0
MHImain,HKFE,2020-09-10 17:15:00,24248.0,24362.0,24236.0,24353.0,8644.0,210003952.0,0.0
MHImain,HKFE,2020-09-10 21:16:00,24355.0,24419.0,24239.0,24286.0,15434.0,375689898.0,0.0
MHImain,HKFE,2020-09-11 01:16:00,24284.0,24393.0,24151.0,24327.0,39957.0,971445055.0,0.0
MHImain,HKFE,2020-09-11 11:31:00,24324.0,24528.0,24321.0,24455.0,35065.0,856559977.0,0.0
MHImain,HKFE,2020-09-11 17:15:00,24481.0,24490.0,24411.0,24442.0,4873.0,119157640.0,0.0
MHImain,HKFE,2020-09-11 21:16:00,24439.0,24473.0,24294.0,24311.0,14368.0,350583341.0,0.0
MHImain,HKFE,2020-09-12 01:16:00,24312.0,24341.0,24244.0,24325.0,4118.0,100024713.0,0.0
MHImain,HKFE,2020-09-14 01:16:00,24549.0,24724.0,24476.0,24639.0,40983.0,1008061095.0,0.0
MHImain,HKFE,2020-09-14 11:31:00,24638.0,24657.0,24528.0,24540.0,23306.0,573321939.0,0.0
MHImain,HKFE,2020-09-14 17:15:00,24535.0,24547.0,24466.0,24508.0,5845.0,143226107.0,0.0
MHImain,HKFE,2020-09-14 21:16:00,24507.0,24532.0,24476.0,24480.0,6900.0,169080635.0,0.0
MHImain,HKFE,2020-09-15 01:16:00,24480.0,24777.0,24421.0,24756.0,40084.0,987954193.0,0.0
MHImain,HKFE,2020-09-15 11:31:00,24755.0,24762.0,24633.0,24750.0,28027.0,692420975.0,0.0
MHImain,HKFE,2020-09-15 17:15:00,24758.0,24897.0,24758.0,24869.0,6988.0,173599996.0,0.0
MHImain,HKFE,2020-09-15 21:16:00,24869.0,24888.0,24800.0,24830.0,8042.0,199760233.0,0.0
MHImain,HKFE,2020-09-16 01:16:00,24829.0,24845.0,24662.0,24689.0,36201.0,895973949.0,0.0
MHImain,HKFE,2020-09-16 11:31:00,24689.0,24747.0,24600.0,24710.0,27320.0,674099211.0,0.0
MHImain,HKFE,2020-09-16 17:15:00,24716.0,24733.0,24651.0,24657.0,3584.0,88500239.0,0.0
MHImain,HKFE,2020-09-16 21:16:00,24655.0,24699.0,24602.0,24654.0,8333.0,205466164.0,0.0
MHImain,HKFE,2020-09-17 01:16:00,24652.0,24726.0,24198.0,24239.0,53951.0,1318720271.0,0.0
MHImain,HKFE,2020-09-17 11:31:00,24241.0,24357.0,24207.0,24337.0,32104.0,779815722.0,0.0
MHImain,HKFE,2020-09-17 17:15:00,24337.0,24355.0,24250.0,24260.0,4891.0,118896232.0,0.0
MHImain,HKFE,2020-09-17 21:16:00,24258.0,24403.0,24250.0,24365.0,12184.0,296640468.0,0.0
MHImain,HKFE,2020-09-18 01:16:00,24364.0,24436.0,24251.0,24373.0,36989.0,900787287.0,0.0
MHImain,HKFE,2020-09-18 11:31:00,24373.0,24460.0,24352.0,24451.0,26160.0,638606161.0,0.0
MHImain,HKFE,2020-09-18 17:15:00,24444.0,24491.0,24369.0,24408.0,6371.0,155654014.0,0.0
MHImain,HKFE,2020-09-18 21:16:00,24407.0,24411.0,24332.0,24348.0,8236.0,200702133.0,0.0
MHImain,HKFE,2020-09-19 01:16:00,24348.0,24358.0,24277.0,24358.0,2837.0,68989200.0,0.0
MHImain,HKFE,2020-09-21 01:16:00,24401.0,24578.0,24120.0,24159.0,52284.0,1271137358.0,0.0
MHImain,HKFE,2020-09-21 11:31:00,24161.0,24191.0,23861.0,23898.0,41983.0,1008479993.0,0.0
MHImain,HKFE,2020-09-21 17:15:00,23906.0,23920.0,23712.0,23745.0,10690.0,254467363.0,0.0
MHImain,HKFE,2020-09-21 21:16:00,23748.0,23792.0,23614.0,23777.0,17292.0,410082564.0,0.0
MHImain,HKFE,2020-09-22 01:16:00,23774.0,23899.0,23665.0,23834.0,40850.0,971356497.0,0.0
MHImain,HKFE,2020-09-22 11:31:00,23834.0,23867.0,23622.0,23661.0,30393.0,720737746.0,0.0
MHImain,HKFE,2020-09-22 17:15:00,23676.0,23766.0,23670.0,23751.0,6165.0,146278136.0,0.0
MHImain,HKFE,2020-09-22 21:16:00,23752.0,23768.0,23536.0,23601.0,14078.0,332753218.0,0.0
MHImain,HKFE,2020-09-23 01:16:00,23604.0,23745.0,23506.0,23698.0,48796.0,1153735804.0,0.0
MHImain,HKFE,2020-09-23 11:31:00,23697.0,23760.0,23608.0,23700.0,29783.0,705441479.0,0.0
MHImain,HKFE,2020-09-23 17:15:00,23712.0,23772.0,23631.0,23662.0,5914.0,140138493.0,0.0
MHImain,HKFE,2020-09-23 21:16:00,23663.0,23686.0,23525.0,23577.0,10853.0,256099584.0,0.0
MHImain,HKFE,2020-09-24 01:16:00,23576.0,23590.0,23253.0,23288.0,55467.0,1297618954.0,0.0
MHImain,HKFE,2020-09-24 11:31:00,23287.0,23339.0,23163.0,23258.0,31269.0,727439808.0,0.0
MHImain,HKFE,2020-09-24 17:15:00,23255.0,23322.0,23165.0,23190.0,7842.0,182322665.0,0.0
MHImain,HKFE,2020-09-24 21:16:00,23188.0,23413.0,23164.0,23411.0,16436.0,382539996.0,0.0
MHImain,HKFE,2020-09-25 01:16:00,23412.0,23475.0,23335.0,23335.0,37700.0,882191430.0,0.0
MHImain,HKFE,2020-09-25 11:31:00,23335.0,23388.0,23114.0,23150.0,42420.0,985619762.0,0.0
MHImain,HKFE,2020-09-25 17:15:00,23159.0,23205.0,22978.0,23101.0,10334.0,238376731.0,0.0
MHImain,HKFE,2020-09-25 21:16:00,23100.0,23118.0,22965.0,23110.0,12869.0,296708192.0,0.0
MHImain,HKFE,2020-09-26 01:16:00,23110.0,23162.0,23087.0,23160.0,1400.0,32376998.0,0.0
MHImain,HKFE,2020-09-28 01:16:00,23212.0,23398.0,23211.0,23335.0,27537.0,641987942.0,0.0
MHImain,HKFE,2020-09-28 11:31:00,23336.0,23496.0,23335.0,23432.0,21912.0,513242006.0,0.0
MHImain,HKFE,2020-09-28 17:15:00,23413.0,23540.0,23403.0,23506.0,2997.0,70376543.0,0.0
MHImain,HKFE,2020-09-28 21:16:00,23507.0,23538.0,23473.0,23513.0,3152.0,74068091.0,0.0
MHImain,HKFE,2020-09-29 01:16:00,23512.0,23587.0,23322.0,23328.0,36333.0,851637817.0,0.0
MHImain,HKFE,2020-09-29 11:31:00,23325.0,23419.0,23197.0,23271.0,33053.0,769894153.0,0.0
MHImain,HKFE,2020-09-29 17:15:00,23270.0,23348.0,23267.0,23338.0,4728.0,110241934.0,0.0
MHImain,HKFE,2020-09-29 21:16:00,23339.0,23384.0,23322.0,23363.0,8560.0,199921913.0,0.0
MHImain,HKFE,2020-09-30 01:16:00,23360.0,23777.0,23359.0,23578.0,53561.0,1262847957.0,0.0
MHImain,HKFE,2020-09-30 11:31:00,23579.0,23585.0,23326.0,23435.0,38082.0,893141330.0,0.0
MHImain,HKFE,2020-09-30 17:15:00,23431.0,23554.0,23385.0,23543.0,6793.0,159445687.0,0.0
MHImain,HKFE,2020-09-30 21:16:00,23544.0,23743.0,23537.0,23689.0,14231.0,336720565.0,0.0
MHImain,HKFE,2020-10-01 01:16:00,23689.0,23755.0,23678.0,23747.0,3060.0,72572031.0,0.0
MHImain,HKFE,2020-10-05 01:16:00,23900.0,23954.0,23626.0,23770.0,39790.0,945729683.0,0.0
MHImain,HKFE,2020-10-05 11:31:00,23768.0,23827.0,23664.0,23758.0,23645.0,561423610.0,0.0
MHImain,HKFE,2020-10-05 17:15:00,23767.0,23808.0,23749.0,23779.0,3722.0,88505462.0,0.0
MHImain,HKFE,2020-10-05 21:16:00,23780.0,23875.0,23767.0,23846.0,6740.0,160639051.0,0.0
MHImain,HKFE,2020-10-06 01:16:00,23844.0,23983.0,23788.0,23931.0,36643.0,875560013.0,0.0
MHImain,HKFE,2020-10-06 11:31:00,23931.0,23978.0,23872.0,23951.0,20883.0,499771920.0,0.0
MHImain,HKFE,2020-10-06 17:15:00,23952.0,24043.0,23930.0,24027.0,5773.0,138492757.0,0.0
MHImain,HKFE,2020-10-06 21:16:00,24028.0,24086.0,23984.0,24056.0,9932.0,238727916.0,0.0
MHImain,HKFE,2020-10-07 01:16:00,24056.0,24186.0,23880.0,24084.0,44464.0,1069216385.0,0.0
MHImain,HKFE,2020-10-07 11:31:00,24083.0,24264.0,24077.0,24170.0,26255.0,635050138.0,0.0
MHImain,HKFE,2020-10-07 17:15:00,24170.0,24254.0,24170.0,24250.0,4572.0,110666824.0,0.0
MHImain,HKFE,2020-10-07 21:16:00,24248.0,24285.0,24164.0,24238.0,8778.0,212751486.0,0.0
MHImain,HKFE,2020-10-08 01:16:00,24236.0,24283.0,23992.0,24036.0,38257.0,921083647.0,0.0
MHImain,HKFE,2020-10-08 11:31:00,24036.0,24158.0,23995.0,24104.0,22333.0,537788786.0,0.0
MHImain,HKFE,2020-10-08 17:15:00,24104.0,24179.0,24095.0,24136.0,5165.0,124672236.0,0.0
MHImain,HKFE,2020-10-08 21:16:00,24135.0,24238.0,24127.0,24225.0,8020.0,193878175.0,0.0
MHImain,HKFE,2020-10-09 01:16:00,24224.0,24372.0,24076.0,24206.0,38598.0,934204658.0,0.0
MHImain,HKFE,2020-10-09 11:31:00,24206.0,24207.0,24016.0,24038.0,26276.0,633218233.0,0.0
MHImain,HKFE,2020-10-09 17:15:00,24039.0,24132.0,24035.0,24125.0,3821.0,92013193.0,0.0
MHImain,HKFE,2020-10-09 21:16:00,24125.0,24255.0,24089.0,24243.0,8973.0,217024874.0,0.0
MHImain,HKFE,2020-10-10 01:16:00,24240.0,24245.0,24199.0,24203.0,1116.0,27030494.0,0.0
MHImain,HKFE,2020-10-12 01:16:00,24178.0,24523.0,24151.0,24492.0,40213.0,981111008.0,0.0
MHImain,HKFE,2020-10-12 11:31:00,24491.0,24712.0,24489.0,24668.0,32192.0,793183677.0,0.0
MHImain,HKFE,2020-10-12 17:15:00,24794.0,24794.0,24607.0,24658.0,4678.0,115288743.0,0.0
MHImain,HKFE,2020-10-12 21:16:00,24657.0,24744.0,24621.0,24715.0,7651.0,188853263.0,0.0
MHImain,HKFE,2020-10-13 01:16:00,24719.0,24735.0,24691.0,24706.0,1673.0,41344287.0,0.0
MHImain,HKFE,2020-10-14 01:16:00,24794.0,24800.0,24475.0,24597.0,42760.0,1051050334.0,0.0
MHImain,HKFE,2020-10-14 11:31:00,24596.0,24646.0,24536.0,24607.0,24736.0,608503905.0,0.0
MHImain,HKFE,2020-10-14 17:15:00,24606.0,24649.0,24520.0,24628.0,6463.0,158896000.0,0.0
MHImain,HKFE,2020-10-14 21:16:00,24628.0,24642.0,24463.0,24515.0,8890.0,218404694.0,0.0
MHImain,HKFE,2020-10-15 01:16:00,24515.0,24565.0,24327.0,24333.0,49445.0,1208354937.0,0.0
MHImain,HKFE,2020-10-15 11:31:00,24331.0,24406.0,24057.0,24082.0,42189.0,1022555898.0,0.0
MHImain,HKFE,2020-10-15 17:15:00,24082.0,24112.0,23982.0,24041.0,8455.0,203332890.0,0.0
MHImain,HKFE,2020-10-15 21:16:00,24042.0,24130.0,24038.0,24130.0,8401.0,202367826.0,0.0
MHImain,HKFE,2020-10-16 01:16:00,24129.0,24388.0,24115.0,24272.0,41102.0,997886198.0,0.0
MHImain,HKFE,2020-10-16 11:31:00,24272.0,24435.0,24235.0,24356.0,29090.0,708551879.0,0.0
MHImain,HKFE,2020-10-16 17:15:00,24360.0,24409.0,24324.0,24384.0,4473.0,109026418.0,0.0
MHImain,HKFE,2020-10-16 21:16:00,24383.0,24429.0,24319.0,24421.0,7351.0,179264336.0,0.0
MHImain,HKFE,2020-10-17 01:16:00,24421.0,24442.0,24402.0,24420.0,1234.0,30139481.0,0.0
MHImain,HKFE,2020-10-19 01:16:00,24488.0,24765.0,24425.0,24473.0,46701.0,1149948684.0,0.0
MHImain,HKFE,2020-10-19 11:31:00,24476.0,24591.0,24465.0,24545.0,24327.0,596650346.0,0.0
MHImain,HKFE,2020-10-19 17:15:00,24547.0,24566.0,24504.0,24524.0,3328.0,81657359.0,0.0
MHImain,HKFE,2020-10-19 21:16:00,24526.0,24582.0,24500.0,24510.0,7444.0,182695289.0,0.0
MHImain,HKFE,2020-10-20 01:16:00,24512.0,24580.0,24405.0,24470.0,42793.0,1048245206.0,0.0
MHImain,HKFE,2020-10-20 11:31:00,24473.0,24552.0,24442.0,24512.0,20905.0,512074887.0,0.0
MHImain,HKFE,2020-10-20 17:15:00,24507.0,24537.0,24467.0,24493.0,3482.0,85315324.0,0.0
MHImain,HKFE,2020-10-20 21:16:00,24492.0,24606.0,24482.0,24604.0,8466.0,207873289.0,0.0
MHImain,HKFE,2020-10-21 01:16:00,24604.0,24890.0,24558.0,24727.0,53215.0,1316399521.0,0.0
MHImain,HKFE,2020-10-21 11:31:00,24729.0,24855.0,24609.0,24635.0,26214.0,648797177.0,0.0
MHImain,HKFE,2020-10-21 17:15:00,24631.0,24702.0,24594.0,24695.0,4695.0,115814920.0,0.0
MHImain,HKFE,2020-10-21 21:16:00,24693.0,24813.0,24673.0,24702.0,11539.0,285456560.0,0.0
MHImain,HKFE,2020-10-22 01:16:00,24702.0,24724.0,24521.0,24646.0,46907.0,1154365921.0,0.0
MHImain,HKFE,2020-10-22 11:31:00,24648.0,24868.0,24636.0,24866.0,28781.0,712357433.0,0.0
MHImain,HKFE,2020-10-22 17:15:00,24865.0,24876.0,24805.0,24833.0,5038.0,125144034.0,0.0
MHImain,HKFE,2020-10-22 21:16:00,24830.0,24853.0,24715.0,24820.0,10465.0,259311033.0,0.0
MHImain,HKFE,2020-10-23 01:16:00,24821.0,24966.0,24647.0,24902.0,42912.0,1063862244.0,0.0
MHImain,HKFE,2020-10-23 11:31:00,24903.0,24959.0,24757.0,24917.0,30466.0,757742812.0,0.0
MHImain,HKFE,2020-10-23 17:15:00,24913.0,24938.0,24891.0,24914.0,2990.0,74516879.0,0.0
MHImain,HKFE,2020-10-23 21:16:00,24913.0,24930.0,24851.0,24920.0,8395.0,208979345.0,0.0
MHImain,HKFE,2020-10-24 01:16:00,24920.0,24959.0,24918.0,24958.0,1202.0,29977122.0,0.0
MHImain,HKFE,2020-10-27 01:16:00,24740.0,24836.0,24568.0,24616.0,44404.0,1098005480.0,0.0
MHImain,HKFE,2020-10-27 11:31:00,24617.0,24810.0,24572.0,24714.0,28743.0,710091144.0,0.0
MHImain,HKFE,2020-10-27 17:15:00,24710.0,24798.0,24680.0,24751.0,4362.0,107938936.0,0.0
MHImain,HKFE,2020-10-27 21:16:00,24750.0,24815.0,24687.0,24802.0,6822.0,168866961.0,0.0
MHImain,HKFE,2020-10-28 01:16:00,24802.0,24837.0,24562.0,24718.0,33005.0,814345688.0,0.0
MHImain,HKFE,2020-10-28 11:31:00,24718.0,24830.0,24572.0,24597.0,25294.0,625078089.0,0.0
MHImain,HKFE,2020-10-28 17:15:00,24575.0,24606.0,24384.0,24404.0,6971.0,170666822.0,0.0
MHImain,HKFE,2020-10-28 21:16:00,24406.0,24461.0,24270.0,24270.0,8319.0,202624171.0,0.0
MHImain,HKFE,2020-10-29 01:16:00,24269.0,24432.0,24208.0,24405.0,39632.0,964377452.0,0.0
MHImain,HKFE,2020-10-29 11:31:00,24408.0,24613.0,24378.0,24494.0,35519.0,870349992.0,0.0
MHImain,HKFE,2020-10-29 17:15:00,24499.0,24532.0,24420.0,24466.0,7782.0,190451429.0,0.0
MHImain,HKFE,2020-10-29 21:16:00,24468.0,24527.0,24368.0,24473.0,12564.0,307341522.0,0.0
MHImain,HKFE,2020-10-30 01:16:00,24473.0,24590.0,24345.0,24526.0,36608.0,894862007.0,0.0
MHImain,HKFE,2020-10-30 11:31:00,24526.0,24535.0,23948.0,24152.0,57250.0,1383219218.0,0.0
MHImain,HKFE,2020-10-30 17:15:00,24149.0,24240.0,24131.0,24201.0,8941.0,216271645.0,0.0
MHImain,HKFE,2020-10-30 21:16:00,24200.0,24244.0,24087.0,24095.0,13389.0,323451101.0,0.0
MHImain,HKFE,2020-10-31 01:16:00,24095.0,24145.0,24070.0,24123.0,2406.0,57992280.0,0.0
MHImain,HKFE,2020-11-02 01:16:00,24147.0,24298.0,24147.0,24249.0,35847.0,868311492.0,0.0
MHImain,HKFE,2020-11-02 11:31:00,24247.0,24428.0,24205.0,24341.0,30924.0,752399786.0,0.0
MHImain,HKFE,2020-11-02 17:15:00,24370.0,24556.0,24370.0,24523.0,7973.0,195242556.0,0.0
MHImain,HKFE,2020-11-02 21:16:00,24524.0,24544.0,24441.0,24446.0,7424.0,181819337.0,0.0
MHImain,HKFE,2020-11-03 01:16:00,24445.0,25025.0,24399.0,24908.0,45718.0,1134542930.0,0.0
MHImain,HKFE,2020-11-03 11:31:00,24906.0,25032.0,24863.0,25030.0,27893.0,696040880.0,0.0
MHImain,HKFE,2020-11-03 17:15:00,25032.0,25154.0,24861.0,24944.0,12362.0,309532021.0,0.0
MHImain,HKFE,2020-11-03 21:16:00,24944.0,24995.0,24715.0,24934.0,23570.0,585625198.0,0.0
MHImain,HKFE,2020-11-04 01:16:00,24937.0,25063.0,24625.0,24876.0,68463.0,1702141875.0,0.0
MHImain,HKFE,2020-11-04 11:31:00,24873.0,25012.0,24749.0,24949.0,42439.0,1056517930.0,0.0
MHImain,HKFE,2020-11-04 17:15:00,24930.0,25336.0,24910.0,25307.0,18795.0,471994117.0,0.0
MHImain,HKFE,2020-11-04 21:16:00,25306.0,25590.0,25180.0,25543.0,24897.0,631296884.0,0.0
MHImain,HKFE,2020-11-05 01:16:00,25544.0,25623.0,25296.0,25508.0,51327.0,1306019897.0,0.0
MHImain,HKFE,2020-11-05 11:31:00,25510.0,25814.0,25479.0,25806.0,37729.0,965315903.0,0.0
MHImain,HKFE,2020-11-05 17:15:00,25803.0,26023.0,25747.0,25967.0,17335.0,449250789.0,0.0
MHImain,HKFE,2020-11-05 21:16:00,25968.0,26009.0,25808.0,25829.0,16605.0,430110034.0,0.0
MHImain,HKFE,2020-11-06 01:16:00,25831.0,25904.0,25600.0,25624.0,46329.0,1190764643.0,0.0
MHImain,HKFE,2020-11-06 11:31:00,25625.0,25793.0,25543.0,25719.0,31747.0,814239361.0,0.0
MHImain,HKFE,2020-11-06 17:15:00,25703.0,25755.0,25580.0,25684.0,9325.0,239321102.0,0.0
MHImain,HKFE,2020-11-06 21:16:00,25686.0,25870.0,25658.0,25829.0,14185.0,365740849.0,0.0
MHImain,HKFE,2020-11-07 01:16:00,25825.0,25896.0,25819.0,25892.0,1412.0,36520659.0,0.0
MHImain,HKFE,2020-11-09 01:16:00,26200.0,26222.0,25963.0,26043.0,42772.0,1114561020.0,0.0
MHImain,HKFE,2020-11-09 11:31:00,26041.0,26192.0,25944.0,26030.0,32817.0,855189092.0,0.0
MHImain,HKFE,2020-11-09 17:15:00,26032.0,26713.0,26032.0,26673.0,32295.0,854102405.0,0.0
MHImain,HKFE,2020-11-09 21:16:00,26674.0,26870.0,26525.0,26530.0,30120.0,803661393.0,0.0
MHImain,HKFE,2020-11-10 01:16:00,26533.0,26595.0,26196.0,26256.0,46349.0,1219753191.0,0.0
MHImain,HKFE,2020-11-10 11:31:00,26257.0,26367.0,26063.0,26357.0,39271.0,1028914700.0,0.0
MHImain,HKFE,2020-11-10 17:15:00,26356.0,26454.0,26271.0,26320.0,11998.0,316097730.0,0.0
MHImain,HKFE,2020-11-10 21:16:00,26321.0,26398.0,26182.0,26362.0,16692.0,438646040.0,0.0
MHImain,HKFE,2020-11-11 01:16:00,26361.0,26444.0,26193.0,26312.0,46425.0,1221272116.0,0.0
MHImain,HKFE,2020-11-11 11:31:00,26315.0,26408.0,26176.0,26263.0,31539.0,829853361.0,0.0
MHImain,HKFE,2020-11-11 17:15:00,26262.0,26381.0,26262.0,26335.0,6248.0,164513334.0,0.0
MHImain,HKFE,2020-11-11 21:16:00,26337.0,26403.0,26288.0,26394.0,9036.0,238082592.0,0.0
MHImain,HKFE,2020-11-12 01:16:00,26394.0,26491.0,26134.0,26150.0,45727.0,1202558468.0,0.0
MHImain,HKFE,2020-11-12 11:31:00,26151.0,26230.0,26072.0,26228.0,30144.0,788096815.0,0.0
MHImain,HKFE,2020-11-12 17:15:00,26227.0,26365.0,26200.0,26220.0,9759.0,256434607.0,0.0
MHImain,HKFE,2020-11-12 21:16:00,26221.0,26302.0,26205.0,26255.0,8254.0,216695280.0,0.0
MHImain,HKFE,2020-11-13 01:16:00,26254.0,26271.0,25920.0,26073.0,44792.0,1165844186.0,0.0
MHImain,HKFE,2020-11-13 11:31:00,26072.0,26196.0,26009.0,26182.0,25791.0,672830506.0,0.0
MHImain,HKFE,2020-11-13 17:15:00,26181.0,26283.0,26165.0,26202.0,5852.0,153500264.0,0.0
MHImain,HKFE,2020-11-13 21:16:00,26199.0,26240.0,26123.0,26181.0,7199.0,188512636.0,0.0
MHImain,HKFE,2020-11-14 01:16:00,26181.0,26286.0,26181.0,26283.0,1695.0,44468452.0,0.0
MHImain,HKFE,2020-11-16 01:16:00,26410.0,26467.0,26203.0,26314.0,40036.0,1053250570.0,0.0
MHImain,HKFE,2020-11-16 11:31:00,26316.0,26393.0,26254.0,26375.0,20257.0,533108961.0,0.0
MHImain,HKFE,2020-11-16 17:15:00,26370.0,26502.0,26334.0,26466.0,8773.0,231907668.0,0.0
MHImain,HKFE,2020-11-16 21:16:00,26467.0,26573.0,26434.0,26519.0,10798.0,286230844.0,0.0
MHImain,HKFE,2020-11-17 01:16:00,26517.0,26535.0,26338.0,26360.0,35389.0,935176194.0,0.0
MHImain,HKFE,2020-11-17 11:31:00,26362.0,26437.0,26331.0,26415.0,17810.0,470015117.0,0.0
MHImain,HKFE,2020-11-17 17:15:00,26396.0,26437.0,26328.0,26331.0,4687.0,123685553.0,0.0
MHImain,HKFE,2020-11-17 21:16:00,26333.0,26435.0,26287.0,26431.0,9630.0,253680239.0,0.0
MHImain,HKFE,2020-11-18 01:16:00,26430.0,26488.0,26366.0,26442.0,31753.0,838959407.0,0.0
MHImain,HKFE,2020-11-18 11:31:00,26443.0,26643.0,26417.0,26556.0,29742.0,788564973.0,0.0
MHImain,HKFE,2020-11-18 17:15:00,26544.0,26632.0,26534.0,26606.0,5926.0,157566049.0,0.0
MHImain,HKFE,2020-11-18 21:16:00,26607.0,26615.0,26514.0,26578.0,7927.0,210543938.0,0.0
MHImain,HKFE,2020-11-19 01:16:00,26577.0,26591.0,26316.0,26378.0,35547.0,938120508.0,0.0
MHImain,HKFE,2020-11-19 11:31:00,26379.0,26445.0,26332.0,26353.0,20666.0,545598938.0,0.0
MHImain,HKFE,2020-11-19 17:15:00,26351.0,26355.0,26226.0,26339.0,8705.0,228861768.0,0.0
MHImain,HKFE,2020-11-19 21:16:00,26340.0,26437.0,26311.0,26424.0,7740.0,204225155.0,0.0
MHImain,HKFE,2020-11-20 01:16:00,26425.0,26574.0,26334.0,26450.0,35919.0,949728709.0,0.0
MHImain,HKFE,2020-11-20 11:31:00,26452.0,26507.0,26385.0,26448.0,17290.0,457135079.0,0.0
MHImain,HKFE,2020-11-20 17:15:00,26436.0,26528.0,26436.0,26500.0,4284.0,113485769.0,0.0
MHImain,HKFE,2020-11-20 21:16:00,26499.0,26534.0,26473.0,26510.0,5074.0,134488292.0,0.0
MHImain,HKFE,2020-11-21 01:16:00,26510.0,26551.0,26505.0,26543.0,1000.0,26533318.0,0.0
MHImain,HKFE,2020-11-23 01:16:00,26628.0,26709.0,26375.0,26434.0,35500.0,940710303.0,0.0
MHImain,HKFE,2020-11-23 11:31:00,26433.0,26512.0,26393.0,26495.0,20485.0,541811342.0,0.0
MHImain,HKFE,2020-11-23 17:15:00,26497.0,26528.0,26482.0,26500.0,3418.0,90598676.0,0.0
MHImain,HKFE,2020-11-23 21:16:00,26500.0,26517.0,26352.0,26404.0,10592.0,279969418.0,0.0
MHImain,HKFE,2020-11-24 01:16:00,26405.0,26554.0,26404.0,26502.0,27711.0,733570255.0,0.0
MHImain,HKFE,2020-11-24 11:31:00,26502.0,26620.0,26473.0,26617.0,18969.0,503270413.0,0.0
MHImain,HKFE,2020-11-24 17:15:00,26617.0,26651.0,26580.0,26611.0,4881.0,129922993.0,0.0
MHImain,HKFE,2020-11-24 21:16:00,26609.0,26676.0,26539.0,26658.0,8120.0,215985445.0,0.0
MHImain,HKFE,2020-11-25 01:16:00,26657.0,27077.0,26647.0,26964.0,42590.0,1146307089.0,0.0
MHImain,HKFE,2020-11-25 11:31:00,26964.0,26967.0,26593.0,26642.0,36556.0,976785123.0,0.0
MHImain,HKFE,2020-11-25 17:15:00,26635.0,26660.0,26558.0,26627.0,5022.0,133610788.0,0.0
MHImain,HKFE,2020-11-25 21:16:00,26627.0,26695.0,26583.0,26662.0,6026.0,160549164.0,0.0
MHImain,HKFE,2020-11-26 01:16:00,26665.0,26733.0,26619.0,26685.0,23993.0,639991561.0,0.0
MHImain,HKFE,2020-11-26 11:31:00,26685.0,26824.0,26653.0,26799.0,16845.0,450312246.0,0.0
MHImain,HKFE,2020-11-26 17:15:00,26780.0,26797.0,26756.0,26758.0,1036.0,27739441.0,0.0
MHImain,HKFE,2020-11-26 21:16:00,26758.0,26780.0,26732.0,26735.0,1119.0,29944475.0,0.0
MHImain,HKFE,2020-11-27 01:16:00,26735.0,26793.0,26715.0,26747.0,18118.0,484677944.0,0.0
MHImain,HKFE,2020-11-27 11:31:00,26747.0,27033.0,26743.0,26925.0,27214.0,732203362.0,0.0
MHImain,HKFE,2020-11-27 17:15:00,26935.0,26961.0,26882.0,26897.0,3289.0,88524736.0,0.0
MHImain,HKFE,2020-11-27 21:16:00,26900.0,26994.0,26891.0,26923.0,5401.0,145549565.0,0.0
MHImain,HKFE,2020-11-28 01:16:00,26928.0,26975.0,26917.0,26942.0,1006.0,27109969.0,0.0
MHImain,HKFE,2020-11-30 01:16:00,26800.0,26953.0,26763.0,26793.0,27548.0,739668418.0,0.0
MHImain,HKFE,2020-11-30 11:31:00,26793.0,26798.0,26304.0,26433.0,40838.0,1083022430.0,0.0
MHImain,HKFE,2020-11-30 17:15:00,26435.0,26515.0,26402.0,26476.0,5904.0,156224532.0,0.0
MHImain,HKFE,2020-11-30 21:16:00,26477.0,26506.0,26285.0,26327.0,9564.0,252495281.0,0.0
MHImain,HKFE,2020-12-01 01:16:00,26328.0,26607.0,26304.0,26600.0,31808.0,842345473.0,0.0
MHImain,HKFE,2020-12-01 11:31:00,26601.0,26659.0,26475.0,26583.0,25903.0,688471252.0,0.0
MHImain,HKFE,2020-12-01 17:15:00,26598.0,26606.0,26537.0,26565.0,3451.0,91707097.0,0.0
MHImain,HKFE,2020-12-01 21:16:00,26566.0,26666.0,26510.0,26649.0,7554.0,200892263.0,0.0
MHImain,HKFE,2020-12-02 01:16:00,26649.0,26694.0,26333.0,26539.0,39666.0,1050237578.0,0.0
MHImain,HKFE,2020-12-02 11:31:00,26538.0,26609.0,26454.0,26536.0,23953.0,635550128.0,0.0
MHImain,HKFE,2020-12-02 17:15:00,26560.0,26591.0,26506.0,26532.0,3309.0,87859899.0,0.0
MHImain,HKFE,2020-12-02 21:16:00,26533.0,26640.0,26495.0,26627.0,6881.0,182842855.0,0.0
MHImain,HKFE,2020-12-03 01:16:00,26628.0,26810.0,26544.0,26736.0,36205.0,964428857.0,0.0
MHImain,HKFE,2020-12-03 11:31:00,26738.0,26772.0,26633.0,26725.0,23366.0,624212805.0,0.0
MHImain,HKFE,2020-12-03 17:15:00,26722.0,26727.0,26667.0,26710.0,3372.0,90019724.0,0.0
MHImain,HKFE,2020-12-03 21:16:00,26708.0,26826.0,26699.0,26752.0,7467.0,199878573.0,0.0
MHImain,HKFE,2020-12-04 01:16:00,26751.0,26808.0,26654.0,26696.0,27494.0,734893489.0,0.0
MHImain,HKFE,2020-12-04 11:31:00,26697.0,26900.0,26683.0,26875.0,25253.0,676601794.0,0.0
MHImain,HKFE,2020-12-04 17:15:00,26864.0,26934.0,26837.0,26852.0,4156.0,111752626.0,0.0
MHImain,HKFE,2020-12-04 21:16:00,26852.0,26876.0,26807.0,26829.0,6605.0,177255413.0,0.0
MHImain,HKFE,2020-12-05 01:16:00,26828.0,26850.0,26822.0,26831.0,759.0,20366033.0,0.0
MHImain,HKFE,2020-12-07 01:16:00,26845.0,26849.0,26258.0,26350.0,49203.0,1302541161.0,0.0
MHImain,HKFE,2020-12-07 11:31:00,26349.0,26533.0,26346.0,26429.0,25776.0,682032382.0,0.0
MHImain,HKFE,2020-12-07 17:15:00,26424.0,26472.0,26376.0,26453.0,4567.0,120685763.0,0.0
MHImain,HKFE,2020-12-07 21:16:00,26454.0,26566.0,26453.0,26563.0,5938.0,157470357.0,0.0
MHImain,HKFE,2020-12-08 01:16:00,26562.0,26566.0,26328.0,26372.0,33311.0,879686466.0,0.0
MHImain,HKFE,2020-12-08 11:31:00,26372.0,26425.0,26280.0,26295.0,24981.0,658183753.0,0.0
MHImain,HKFE,2020-12-08 17:15:00,26300.0,26342.0,26278.0,26322.0,4337.0,114110714.0,0.0
MHImain,HKFE,2020-12-08 21:16:00,26322.0,26411.0,26304.0,26388.0,5750.0,151522693.0,0.0
MHImain,HKFE,2020-12-09 01:16:00,26388.0,26698.0,26376.0,26634.0,34405.0,914299130.0,0.0
MHImain,HKFE,2020-12-09 11:31:00,26635.0,26684.0,26477.0,26545.0,27844.0,739560870.0,0.0
MHImain,HKFE,2020-12-09 17:15:00,26548.0,26561.0,26510.0,26526.0,2437.0,64676677.0,0.0
MHImain,HKFE,2020-12-09 21:16:00,26525.0,26543.0,26320.0,26345.0,8861.0,234215327.0,0.0
MHImain,HKFE,2020-12-10 01:16:00,26343.0,26449.0,26235.0,26395.0,30063.0,792406004.0,0.0
MHImain,HKFE,2020-12-10 11:31:00,26393.0,26435.0,26327.0,26414.0,17115.0,451536725.0,0.0
MHImain,HKFE,2020-12-10 17:15:00,26414.0,26473.0,26397.0,26424.0,4248.0,112300760.0,0.0
MHImain,HKFE,2020-12-10 21:16:00,26423.0,26522.0,26320.0,26499.0,12143.0,320826008.0,0.0
MHImain,HKFE,2020-12-11 01:16:00,26499.0,26728.0,26446.0,26495.0,40704.0,1082207714.0,0.0
MHImain,HKFE,2020-12-11 11:31:00,26494.0,26576.0,26446.0,26457.0,22218.0,589326173.0,0.0
MHImain,HKFE,2020-12-11 17:15:00,26454.0,26465.0,26320.0,26371.0,7923.0,209041291.0,0.0
MHImain,HKFE,2020-12-11 21:16:00,26372.0,26414.0,26322.0,26338.0,7276.0,191834915.0,0.0
MHImain,HKFE,2020-12-12 01:16:00,26338.0,26365.0,26306.0,26357.0,1845.0,48584910.0,0.0
MHImain,HKFE,2020-12-14 01:16:00,26510.0,26574.0,26432.0,26483.0,25664.0,680198585.0,0.0
MHImain,HKFE,2020-12-14 11:31:00,26483.0,26488.0,26300.0,26367.0,25294.0,667333379.0,0.0
MHImain,HKFE,2020-12-14 17:15:00,26371.0,26452.0,26364.0,26421.0,3287.0,86828015.0,0.0
MHImain,HKFE,2020-12-14 21:16:00,26421.0,26475.0,26380.0,26418.0,6780.0,179213255.0,0.0
MHImain,HKFE,2020-12-15 01:16:00,26419.0,26422.0,26100.0,26202.0,38128.0,1000504853.0,0.0
MHImain,HKFE,2020-12-15 11:31:00,26205.0,26270.0,26128.0,26243.0,22953.0,601433533.0,0.0
MHImain,HKFE,2020-12-15 17:15:00,26248.0,26298.0,26248.0,26297.0,3999.0,105094072.0,0.0
MHImain,HKFE,2020-12-15 21:16:00,26295.0,26337.0,26266.0,26325.0,6070.0,159652808.0,0.0
MHImain,HKFE,2020-12-16 01:16:00,26326.0,26511.0,26306.0,26453.0,33788.0,892165192.0,0.0
MHImain,HKFE,2020-12-16 11:31:00,26451.0,26537.0,26401.0,26524.0,18633.0,493044348.0,0.0
MHImain,HKFE,2020-12-16 17:15:00,26529.0,26570.0,26501.0,26521.0,3945.0,104690085.0,0.0
MHImain,HKFE,2020-12-16 21:16:00,26519.0,26539.0,26457.0,26517.0,6183.0,163856432.0,0.0
MHImain,HKFE,2020-12-17 01:16:00,26518.0,26589.0,26398.0,26535.0,37229.0,986259601.0,0.0
MHImain,HKFE,2020-12-17 11:31:00,26533.0,26711.0,26494.0,26698.0,23648.0,628729657.0,0.0
MHImain,HKFE,2020-12-17 17:15:00,26690.0,26698.0,26658.0,26676.0,3064.0,81734768.0,0.0
MHImain,HKFE,2020-12-17 21:16:00,26677.0,26690.0,26607.0,26629.0,6181.0,164718759.0,0.0
MHImain,HKFE,2020-12-18 01:16:00,26629.0,26671.0,26460.0,26498.0,30675.0,814329113.0,0.0
MHImain,HKFE,2020-12-18 11:31:00,26497.0,26515.0,26345.0,26497.0,25771.0,681387473.0,0.0
MHImain,HKFE,2020-12-18 17:15:00,26498.0,26563.0,26477.0,26507.0,3182.0,84361210.0,0.0
MHImain,HKFE,2020-12-18 21:16:00,26506.0,26531.0,26434.0,26478.0,5783.0,153137897.0,0.0
MHImain,HKFE,2020-12-19 01:16:00,26478.0,26494.0,26432.0,26454.0,1192.0,31547291.0,0.0
MHImain,HKFE,2020-12-21 01:16:00,26425.0,26494.0,26264.0,26450.0,34285.0,904676920.0,0.0
MHImain,HKFE,2020-12-21 11:31:00,26448.0,26517.0,26271.0,26343.0,23396.0,617486771.0,0.0
MHImain,HKFE,2020-12-21 17:15:00,26342.0,26342.0,25957.0,26056.0,20681.0,539721358.0,0.0
MHImain,HKFE,2020-12-21 21:16:00,26057.0,26247.0,26041.0,26237.0,13384.0,349915358.0,0.0
MHImain,HKFE,2020-12-22 01:16:00,26236.0,26380.0,26187.0,26302.0,31673.0,832453339.0,0.0
MHImain,HKFE,2020-12-22 11:31:00,26300.0,26303.0,25992.0,26129.0,38042.0,992913970.0,0.0
MHImain,HKFE,2020-12-22 17:15:00,26134.0,26226.0,26119.0,26203.0,5638.0,147557365.0,0.0
MHImain,HKFE,2020-12-22 21:16:00,26203.0,26204.0,26068.0,26120.0,8434.0,220362537.0,0.0
MHImain,HKFE,2020-12-23 01:16:00,26121.0,26231.0,26008.0,26200.0,32078.0,838597862.0,0.0
MHImain,HKFE,2020-12-23 11:31:00,26201.0,26357.0,26189.0,26328.0,26661.0,700510738.0,0.0
MHImain,HKFE,2020-12-23 17:15:00,26329.0,26347.0,26292.0,26294.0,3033.0,79832967.0,0.0
MHImain,HKFE,2020-12-23 21:16:00,26293.0,26388.0,26293.0,26385.0,6380.0,168110373.0,0.0
MHImain,HKFE,2020-12-24 01:16:00,26384.0,26470.0,26245.0,26406.0,30277.0,798522882.0,0.0
MHImain,HKFE,2020-12-24 11:31:00,26407.0,26439.0,26390.0,26415.0,2496.0,65928946.0,0.0
MHImain,HKFE,2020-12-24 17:15:00,26415.0,26415.0,26415.0,26415.0,0.0,0.0,0.0
MHImain,HKFE,2020-12-24 21:16:00,26415.0,26415.0,26415.0,26415.0,0.0,0.0,0.0
MHImain,HKFE,2020-12-25 01:16:00,26415.0,26415.0,26415.0,26415.0,0.0,0.0,0.0
MHImain,HKFE,2020-12-28 01:16:00,26390.0,26545.0,26203.0,26420.0,29263.0,774085108.0,0.0
MHImain,HKFE,2020-12-28 11:31:00,26419.0,26434.0,26301.0,26366.0,17794.0,469267172.0,0.0
MHImain,HKFE,2020-12-28 17:15:00,26366.0,26444.0,26366.0,26434.0,2530.0,66821246.0,0.0
MHImain,HKFE,2020-12-28 21:16:00,26435.0,26450.0,26378.0,26435.0,4350.0,114916940.0,0.0
MHImain,HKFE,2020-12-29 01:16:00,26432.0,26589.0,26399.0,26541.0,23485.0,622747981.0,0.0
MHImain,HKFE,2020-12-29 11:31:00,26541.0,26624.0,26522.0,26594.0,13540.0,359768884.0,0.0
MHImain,HKFE,2020-12-29 17:15:00,26619.0,26650.0,26608.0,26628.0,1099.0,29264160.0,0.0
MHImain,HKFE,2020-12-29 21:16:00,26627.0,26700.0,26620.0,26655.0,3051.0,81361237.0,0.0
MHImain,HKFE,2020-12-30 01:16:00,26655.0,27048.0,26620.0,27018.0,30413.0,816981135.0,0.0
MHImain,HKFE,2020-12-30 11:31:00,27019.0,27298.0,26936.0,27288.0,27995.0,758184005.0,0.0
MHImain,HKFE,2020-12-30 17:15:00,27287.0,27306.0,27218.0,27235.0,4293.0,117026104.0,0.0
MHImain,HKFE,2020-12-30 21:16:00,27234.0,27269.0,27184.0,27195.0,5932.0,161466198.0,0.0
MHImain,HKFE,2020-12-31 01:16:00,27197.0,27396.0,27178.0,27309.0,29417.0,802598932.0,0.0
MHImain,HKFE,2020-12-31 11:31:00,27311.0,27335.0,27230.0,27242.0,4328.0,118135490.0,0.0
MHImain,HKFE,2020-12-31 17:15:00,27242.0,27242.0,27242.0,27242.0,0.0,0.0,0.0
MHImain,HKFE,2021-01-04 01:16:00,27219.0,27497.0,27105.0,27485.0,35685.0,975250247.0,0.0
MHImain,HKFE,2021-01-04 11:31:00,27482.0,27530.0,27350.0,27489.0,25070.0,688203689.0,0.0
MHImain,HKFE,2021-01-04 17:15:00,27492.0,27574.0,27458.0,27468.0,4567.0,125657080.0,0.0
MHImain,HKFE,2021-01-04 21:16:00,27468.0,27511.0,27110.0,27121.0,15612.0,427096561.0,0.0
MHImain,HKFE,2021-01-05 01:16:00,27121.0,27485.0,27108.0,27455.0,37471.0,1023385667.0,0.0
MHImain,HKFE,2021-01-05 11:31:00,27456.0,27704.0,27365.0,27570.0,34865.0,961022414.0,0.0
MHImain,HKFE,2021-01-05 17:15:00,27567.0,27622.0,27515.0,27530.0,5014.0,138226362.0,0.0
MHImain,HKFE,2021-01-05 21:16:00,27531.0,27689.0,27465.0,27678.0,11113.0,306496456.0,0.0
MHImain,HKFE,2021-01-06 01:16:00,27681.0,27772.0,27426.0,27428.0,44015.0,1214777916.0,0.0
MHImain,HKFE,2021-01-06 11:31:00,27428.0,27775.0,27402.0,27621.0,37507.0,1035807276.0,0.0
MHImain,HKFE,2021-01-06 17:15:00,27624.0,27748.0,27622.0,27702.0,6943.0,192273528.0,0.0
MHImain,HKFE,2021-01-06 21:16:00,27702.0,27784.0,27563.0,27747.0,11890.0,329051835.0,0.0
MHImain,HKFE,2021-01-07 01:16:00,27749.0,27846.0,27556.0,27624.0,40834.0,1129864129.0,0.0
MHImain,HKFE,2021-01-07 11:31:00,27625.0,27672.0,27466.0,27548.0,37087.0,1022809426.0,0.0
MHImain,HKFE,2021-01-07 17:15:00,27541.0,27559.0,27448.0,27460.0,6979.0,191896179.0,0.0
MHImain,HKFE,2021-01-07 21:16:00,27462.0,27526.0,27411.0,27467.0,10321.0,283540022.0,0.0
MHImain,HKFE,2021-01-08 01:16:00,27468.0,27916.0,27454.0,27866.0,41738.0,1157301226.0,0.0
MHImain,HKFE,2021-01-08 11:31:00,27868.0,27967.0,27738.0,27798.0,36988.0,1030595701.0,0.0
MHImain,HKFE,2021-01-08 17:15:00,27795.0,27835.0,27774.0,27822.0,3598.0,100072805.0,0.0
MHImain,HKFE,2021-01-08 21:16:00,27823.0,27986.0,27764.0,27979.0,16011.0,446375063.0,0.0
MHImain,HKFE,2021-01-09 01:16:00,27980.0,27994.0,27830.0,27855.0,3341.0,93253536.0,0.0
MHImain,HKFE,2021-01-11 01:16:00,27968.0,28187.0,27889.0,28043.0,50290.0,1408769461.0,0.0
MHImain,HKFE,2021-01-11 11:31:00,28043.0,28141.0,27783.0,27982.0,39635.0,1108167607.0,0.0
MHImain,HKFE,2021-01-11 17:15:00,27974.0,27981.0,27901.0,27932.0,4066.0,113593088.0,0.0
MHImain,HKFE,2021-01-11 21:16:00,27934.0,27936.0,27757.0,27832.0,13013.0,362237195.0,0.0
MHImain,HKFE,2021-01-12 01:16:00,27830.0,28140.0,27804.0,28056.0,37977.0,1061987603.0,0.0
MHImain,HKFE,2021-01-12 11:31:00,28056.0,28287.0,27955.0,28256.0,34272.0,964711015.0,0.0
MHImain,HKFE,2021-01-12 17:15:00,28263.0,28326.0,28235.0,28244.0,5480.0,154974726.0,0.0
MHImain,HKFE,2021-01-12 21:16:00,28244.0,28314.0,28201.0,28227.0,8215.0,232135000.0,0.0
MHImain,HKFE,2021-01-13 01:16:00,28229.0,28408.0,28222.0,28301.0,36737.0,1040720833.0,0.0
MHImain,HKFE,2021-01-13 11:31:00,28298.0,28331.0,28172.0,28235.0,30429.0,859967106.0,0.0
MHImain,HKFE,2021-01-13 17:15:00,28239.0,28264.0,28178.0,28185.0,4342.0,122494629.0,0.0
MHImain,HKFE,2021-01-13 21:16:00,28187.0,28248.0,28169.0,28229.0,6182.0,174405470.0,0.0
MHImain,HKFE,2021-01-14 01:16:00,28231.0,28425.0,28212.0,28362.0,31265.0,885902322.0,0.0
MHImain,HKFE,2021-01-14 11:31:00,28361.0,28505.0,28317.0,28473.0,31939.0,907778906.0,0.0
MHImain,HKFE,2021-01-14 17:15:00,28477.0,28528.0,28460.0,28504.0,3504.0,99867081.0,0.0
MHImain,HKFE,2021-01-14 21:16:00,28502.0,28604.0,28496.0,28590.0,6590.0,188198553.0,0.0
MHImain,HKFE,2021-01-15 01:16:00,28589.0,28674.0,28388.0,28612.0,36827.0,1050610946.0,0.0
MHImain,HKFE,2021-01-15 11:31:00,28611.0,28635.0,28315.0,28592.0,42520.0,1211153777.0,0.0
MHImain,HKFE,2021-01-15 17:15:00,28595.0,28627.0,28519.0,28549.0,4879.0,139386049.0,0.0
MHImain,HKFE,2021-01-15 21:16:00,28549.0,28562.0,28383.0,28458.0,11986.0,341236442.0,0.0
MHImain,HKFE,2021-01-16 01:16:00,28460.0,28495.0,28447.0,28490.0,1324.0,37703334.0,0.0
MHImain,HKFE,2021-01-18 01:16:00,28427.0,28747.0,28378.0,28718.0,38353.0,1096161016.0,0.0
MHImain,HKFE,2021-01-18 11:31:00,28721.0,28844.0,28618.0,28829.0,31228.0,898130835.0,0.0
MHImain,HKFE,2021-01-18 17:15:00,28836.0,28917.0,28800.0,28888.0,4834.0,139537304.0,0.0
MHImain,HKFE,2021-01-18 21:16:00,28888.0,28953.0,28881.0,28930.0,3670.0,106118767.0,0.0
MHImain,HKFE,2021-01-19 01:16:00,28931.0,29698.0,28912.0,29686.0,55875.0,1640599545.0,0.0
MHImain,HKFE,2021-01-19 11:31:00,29687.0,29903.0,29357.0,29616.0,67741.0,2005941599.0,0.0
MHImain,HKFE,2021-01-19 17:15:00,29617.0,29726.0,29606.0,29633.0,6121.0,181559434.0,0.0
MHImain,HKFE,2021-01-19 21:16:00,29632.0,29649.0,29491.0,29524.0,10229.0,302265725.0,0.0
MHImain,HKFE,2021-01-20 01:16:00,29522.0,29960.0,29500.0,29699.0,54037.0,1609341962.0,0.0
MHImain,HKFE,2021-01-20 11:31:00,29697.0,29978.0,29677.0,29889.0,40686.0,1214417680.0,0.0
MHImain,HKFE,2021-01-20 17:15:00,29895.0,29953.0,29847.0,29865.0,5371.0,160576971.0,0.0
MHImain,HKFE,2021-01-20 21:16:00,29863.0,29972.0,29807.0,29915.0,10007.0,299128599.0,0.0
MHImain,HKFE,2021-01-21 01:16:00,29916.0,30144.0,29815.0,30015.0,54381.0,1629681488.0,0.0
MHImain,HKFE,2021-01-21 11:31:00,30013.0,30096.0,29779.0,29916.0,44422.0,1329577842.0,0.0
MHImain,HKFE,2021-01-21 17:15:00,29914.0,29949.0,29890.0,29906.0,3204.0,95853510.0,0.0
MHImain,HKFE,2021-01-21 21:16:00,29905.0,29914.0,29778.0,29812.0,9271.0,276638960.0,0.0
MHImain,HKFE,2021-01-22 01:16:00,29811.0,29888.0,29506.0,29586.0,55336.0,1644717770.0,0.0
MHImain,HKFE,2021-01-22 11:31:00,29586.0,29593.0,29415.0,29457.0,40528.0,1195825247.0,0.0
MHImain,HKFE,2021-01-22 17:15:00,29457.0,29500.0,29331.0,29353.0,7783.0,228741730.0,0.0
MHImain,HKFE,2021-01-22 21:16:00,29353.0,29472.0,29324.0,29468.0,9302.0,273577853.0,0.0
MHImain,HKFE,2021-01-23 01:16:00,29469.0,29511.0,29435.0,29505.0,1188.0,35016490.0,0.0
MHImain,HKFE,2021-01-25 01:16:00,29574.0,30008.0,29566.0,29992.0,46881.0,1397553510.0,0.0
MHImain,HKFE,2021-01-25 11:31:00,29992.0,30157.0,29926.0,30080.0,42577.0,1279246012.0,0.0
MHImain,HKFE,2021-01-25 17:15:00,30085.0,30102.0,29964.0,29997.0,6924.0,207967958.0,0.0
MHImain,HKFE,2021-01-25 21:16:00,29998.0,30058.0,29793.0,29869.0,15714.0,470416471.0,0.0
MHImain,HKFE,2021-01-26 01:16:00,29871.0,29956.0,29500.0,29521.0,52571.0,1564081486.0,0.0
MHImain,HKFE,2021-01-26 11:31:00,29522.0,29597.0,29347.0,29445.0,46530.0,1370652345.0,0.0
MHImain,HKFE,2021-01-26 17:15:00,29445.0,29583.0,29441.0,29573.0,5979.0,176517440.0,0.0
MHImain,HKFE,2021-01-26 21:16:00,29575.0,29662.0,29551.0,29594.0,8336.0,246786664.0,0.0
MHImain,HKFE,2021-01-27 01:16:00,29597.0,29648.0,29230.0,29422.0,45617.0,1342784039.0,0.0
MHImain,HKFE,2021-01-27 11:31:00,29422.0,29500.0,29239.0,29280.0,25516.0,750411852.0,0.0
MHImain,HKFE,2021-01-27 17:15:00,29281.0,29310.0,28979.0,29022.0,5715.0,166479335.0,0.0
MHImain,HKFE,2021-01-27 21:16:00,29023.0,29128.0,28941.0,29113.0,7883.0,228939458.0,0.0
MHImain,HKFE,2021-01-28 01:16:00,29115.0,29183.0,28636.0,28700.0,66412.0,1918851299.0,0.0
MHImain,HKFE,2021-01-28 11:31:00,28699.0,28818.0,28435.0,28561.0,49255.0,1409964072.0,0.0
MHImain,HKFE,2021-01-28 17:15:00,28557.0,28614.0,28334.0,28524.0,15422.0,439464650.0,0.0
MHImain,HKFE,2021-01-28 21:16:00,28524.0,28908.0,28511.0,28904.0,19017.0,546399726.0,0.0
MHImain,HKFE,2021-01-29 01:16:00,28907.0,28977.0,28529.0,28592.0,59830.0,1717966098.0,0.0
MHImain,HKFE,2021-01-29 11:31:00,28590.0,28634.0,28039.0,28317.0,64678.0,1833944264.0,0.0
MHImain,HKFE,2021-01-29 17:15:00,28317.0,28402.0,28177.0,28301.0,14282.0,404323493.0,0.0
MHImain,HKFE,2021-01-29 21:16:00,28305.0,28517.0,28278.0,28297.0,18712.0,531439160.0,0.0
MHImain,HKFE,2021-01-30 01:16:00,28296.0,28311.0,28153.0,28188.0,5380.0,151814487.0,0.0
MHImain,HKFE,2021-02-01 01:16:00,28202.0,28701.0,28202.0,28689.0,51146.0,1458570602.0,0.0
MHImain,HKFE,2021-02-01 11:31:00,28688.0,28936.0,28656.0,28809.0,45968.0,1325510054.0,0.0
MHImain,HKFE,2021-02-01 17:15:00,28809.0,28875.0,28730.0,28779.0,8727.0,251254039.0,0.0
MHImain,HKFE,2021-02-01 21:16:00,28776.0,28815.0,28688.0,28799.0,11024.0,316987969.0,0.0
MHImain,HKFE,2021-02-02 01:16:00,28798.0,29438.0,28771.0,29349.0,46533.0,1361991805.0,0.0
MHImain,HKFE,2021-02-02 11:31:00,29348.0,29388.0,29132.0,29231.0,36136.0,1057117868.0,0.0
MHImain,HKFE,2021-02-02 17:15:00,29234.0,29263.0,29128.0,29143.0,6136.0,179091322.0,0.0
MHImain,HKFE,2021-02-02 21:16:00,29141.0,29164.0,29027.0,29164.0,11987.0,348818029.0,0.0
MHImain,HKFE,2021-02-03 01:16:00,29161.0,29247.0,28887.0,29004.0,52868.0,1535378376.0,0.0
MHImain,HKFE,2021-02-03 11:31:00,29002.0,29303.0,28974.0,29211.0,36937.0,1076072941.0,0.0
MHImain,HKFE,2021-02-03 17:15:00,29211.0,29211.0,29071.0,29098.0,6213.0,180999914.0,0.0
MHImain,HKFE,2021-02-03 21:16:00,29102.0,29153.0,29032.0,29117.0,10634.0,309468380.0,0.0
MHImain,HKFE,2021-02-04 01:16:00,29120.0,29347.0,28816.0,28883.0,57400.0,1672901470.0,0.0
MHImain,HKFE,2021-02-04 11:31:00,28884.0,29117.0,28689.0,29092.0,48532.0,1402775677.0,0.0
MHImain,HKFE,2021-02-04 17:15:00,29089.0,29089.0,29022.0,29073.0,3622.0,105243039.0,0.0
MHImain,HKFE,2021-02-04 21:16:00,29075.0,29087.0,28993.0,29086.0,7886.0,228995109.0,0.0
MHImain,HKFE,2021-02-05 01:16:00,29085.0,29417.0,29055.0,29295.0,45625.0,1336399943.0,0.0
MHImain,HKFE,2021-02-05 11:31:00,29294.0,29302.0,29098.0,29265.0,35590.0,1039761305.0,0.0
MHImain,HKFE,2021-02-05 17:15:00,29279.0,29330.0,29250.0,29277.0,3615.0,105914466.0,0.0
MHImain,HKFE,2021-02-05 21:16:00,29277.0,29349.0,29233.0,29322.0,8649.0,253428444.0,0.0
MHImain,HKFE,2021-02-06 01:16:00,29320.0,29368.0,29317.0,29344.0,1132.0,33225757.0,0.0
MHImain,HKFE,2021-02-08 01:16:00,29463.0,29624.0,29383.0,29483.0,48757.0,1438385310.0,0.0
MHImain,HKFE,2021-02-08 11:31:00,29482.0,29482.0,29167.0,29172.0,35339.0,1035710073.0,0.0
MHImain,HKFE,2021-02-08 17:15:00,29175.0,29231.0,29134.0,29217.0,3864.0,112800923.0,0.0
MHImain,HKFE,2021-02-08 21:16:00,29217.0,29357.0,29209.0,29263.0,9010.0,263879941.0,0.0
MHImain,HKFE,2021-02-09 01:16:00,29261.0,29369.0,29203.0,29308.0,38729.0,1134098929.0,0.0
MHImain,HKFE,2021-02-09 11:31:00,29308.0,29459.0,29264.0,29400.0,33633.0,987561814.0,0.0
MHImain,HKFE,2021-02-09 17:15:00,29401.0,29441.0,29368.0,29386.0,4052.0,119142845.0,0.0
MHImain,HKFE,2021-02-09 21:16:00,29387.0,29594.0,29367.0,29590.0,9771.0,288140698.0,0.0
MHImain,HKFE,2021-02-10 01:16:00,29589.0,29994.0,29540.0,29922.0,39194.0,1168556033.0,0.0
MHImain,HKFE,2021-02-10 11:31:00,29921.0,30046.0,29858.0,29949.0,23665.0,708564350.0,0.0
MHImain,HKFE,2021-02-10 17:15:00,29944.0,29994.0,29914.0,29940.0,3002.0,89936604.0,0.0
MHImain,HKFE,2021-02-10 21:16:00,29939.0,30034.0,29703.0,29798.0,16602.0,495828183.0,0.0
MHImain,HKFE,2021-02-11 01:16:00,29798.0,30013.0,29767.0,30000.0,25688.0,767349817.0,0.0
MHImain,HKFE,2021-02-11 11:31:00,30000.0,30140.0,29970.0,30138.0,4796.0,144094714.0,0.0
MHImain,HKFE,2021-02-11 17:15:00,30138.0,30138.0,30138.0,30138.0,0.0,0.0,0.0
MHImain,HKFE,2021-02-11 21:16:00,30138.0,30138.0,30138.0,30138.0,0.0,0.0,0.0
MHImain,HKFE,2021-02-12 01:16:00,30138.0,30138.0,30138.0,30138.0,0.0,0.0,0.0
MHImain,HKFE,2021-02-16 01:16:00,30574.0,30735.0,30446.0,30694.0,40375.0,1235059526.0,0.0
MHImain,HKFE,2021-02-16 11:31:00,30693.0,30768.0,30498.0,30695.0,30986.0,949869628.0,0.0
MHImain,HKFE,2021-02-16 17:15:00,30698.0,30804.0,30648.0,30721.0,6052.0,186065846.0,0.0
MHImain,HKFE,2021-02-16 21:16:00,30720.0,30728.0,30571.0,30584.0,10272.0,315056410.0,0.0
MHImain,HKFE,2021-02-17 01:16:00,30586.0,30789.0,30422.0,30708.0,34482.0,1055309550.0,0.0
MHImain,HKFE,2021-02-17 11:31:00,30708.0,31086.0,30696.0,30984.0,38791.0,1200602418.0,0.0
MHImain,HKFE,2021-02-17 17:15:00,31005.0,31014.0,30933.0,30993.0,4149.0,128484533.0,0.0
MHImain,HKFE,2021-02-17 21:16:00,30994.0,30997.0,30820.0,30847.0,13807.0,426611176.0,0.0
MHImain,HKFE,2021-02-18 01:16:00,30847.0,31117.0,30626.0,30629.0,53701.0,1657614106.0,0.0
MHImain,HKFE,2021-02-18 11:31:00,30630.0,30749.0,30433.0,30446.0,44792.0,1370693392.0,0.0
MHImain,HKFE,2021-02-18 17:15:00,30468.0,30557.0,30391.0,30475.0,8003.0,243962776.0,0.0
MHImain,HKFE,2021-02-18 21:16:00,30474.0,30474.0,30170.0,30219.0,17360.0,525907113.0,0.0
MHImain,HKFE,2021-02-19 01:16:00,30219.0,30428.0,30022.0,30208.0,62537.0,1890013352.0,0.0
MHImain,HKFE,2021-02-19 11:31:00,30210.0,30620.0,30172.0,30521.0,49230.0,1498266158.0,0.0
MHImain,HKFE,2021-02-19 17:15:00,30523.0,30697.0,30523.0,30687.0,7482.0,229285821.0,0.0
MHImain,HKFE,2021-02-19 21:16:00,30688.0,30856.0,30676.0,30810.0,9577.0,294602323.0,0.0
MHImain,HKFE,2021-02-20 01:16:00,30807.0,30810.0,30677.0,30720.0,3812.0,117145681.0,0.0
MHImain,HKFE,2021-02-22 01:16:00,30818.0,30991.0,30573.0,30691.0,57574.0,1769141834.0,0.0
MHImain,HKFE,2021-02-22 11:31:00,30692.0,30707.0,30052.0,30075.0,56110.0,1706809374.0,0.0
MHImain,HKFE,2021-02-22 17:15:00,30075.0,30197.0,30070.0,30131.0,7443.0,224344609.0,0.0
MHImain,HKFE,2021-02-22 21:16:00,30133.0,30274.0,30103.0,30244.0,12807.0,386623842.0,0.0
MHImain,HKFE,2021-02-23 01:16:00,30240.0,30665.0,30070.0,30631.0,52506.0,1595334267.0,0.0
MHImain,HKFE,2021-02-23 11:31:00,30629.0,30937.0,30561.0,30586.0,42441.0,1303054808.0,0.0
MHImain,HKFE,2021-02-23 17:15:00,30581.0,30581.0,30331.0,30424.0,11409.0,347157210.0,0.0
MHImain,HKFE,2021-02-23 21:16:00,30422.0,30506.0,30151.0,30353.0,19333.0,586698097.0,0.0
MHImain,HKFE,2021-02-24 01:16:00,30355.0,30808.0,29848.0,29911.0,65785.0,2000864332.0,0.0
MHImain,HKFE,2021-02-24 11:31:00,29912.0,30178.0,29561.0,29697.0,66085.0,1969098673.0,0.0
MHImain,HKFE,2021-02-24 17:15:00,29600.0,29830.0,29600.0,29763.0,4155.0,123589394.0,0.0
MHImain,HKFE,2021-02-24 21:16:00,29760.0,29799.0,29501.0,29793.0,8291.0,245784527.0,0.0
MHImain,HKFE,2021-02-25 01:16:00,29790.0,30235.0,29736.0,30212.0,50882.0,1525828082.0,0.0
MHImain,HKFE,2021-02-25 11:31:00,30211.0,30314.0,29870.0,29965.0,42411.0,1277098699.0,0.0
MHImain,HKFE,2021-02-25 17:15:00,29960.0,30030.0,29851.0,29859.0,9092.0,272112242.0,0.0
MHImain,HKFE,2021-02-25 21:16:00,29859.0,29947.0,29664.0,29697.0,18759.0,559536138.0,0.0
MHImain,HKFE,2021-02-26 01:16:00,29697.0,29718.0,29063.0,29179.0,66110.0,1937383748.0,0.0
MHImain,HKFE,2021-02-26 11:31:00,29180.0,29244.0,28808.0,28957.0,54499.0,1582339050.0,0.0
MHImain,HKFE,2021-02-26 17:15:00,28958.0,29066.0,28742.0,28952.0,15387.0,444792592.0,0.0
MHImain,HKFE,2021-02-26 21:16:00,28952.0,29067.0,28793.0,29038.0,24515.0,709754759.0,0.0
MHImain,HKFE,2021-02-27 01:16:00,29037.0,29056.0,28930.0,28973.0,3314.0,96123781.0,0.0
MHImain,HKFE,2021-03-01 01:16:00,29295.0,29377.0,29062.0,29185.0,49167.0,1436000678.0,0.0
MHImain,HKFE,2021-03-01 11:31:00,29185.0,29321.0,29132.0,29256.0,32230.0,942071159.0,0.0
MHImain,HKFE,2021-03-01 17:15:00,29254.0,29261.0,29135.0,29208.0,6800.0,198482808.0,0.0
MHImain,HKFE,2021-03-01 21:16:00,29207.0,29404.0,29186.0,29383.0,12973.0,380081665.0,0.0
MHImain,HKFE,2021-03-02 01:16:00,29382.0,29593.0,28960.0,28960.0,68872.0,2019311684.0,0.0
MHImain,HKFE,2021-03-02 11:31:00,28961.0,29075.0,28781.0,28933.0,52846.0,1528661779.0,0.0
MHImain,HKFE,2021-03-02 17:15:00,28927.0,29047.0,28860.0,29025.0,6322.0,183262436.0,0.0
MHImain,HKFE,2021-03-02 21:16:00,29025.0,29111.0,28960.0,29034.0,13205.0,383459969.0,0.0
MHImain,HKFE,2021-03-03 01:16:00,29037.0,29529.0,29008.0,29499.0,53846.0,1576655262.0,0.0
MHImain,HKFE,2021-03-03 11:31:00,29499.0,29793.0,29414.0,29689.0,42044.0,1244684619.0,0.0
MHImain,HKFE,2021-03-03 17:15:00,29687.0,29718.0,29551.0,29581.0,8324.0,246730401.0,0.0
MHImain,HKFE,2021-03-03 21:16:00,29580.0,29584.0,29352.0,29445.0,22224.0,654393563.0,0.0
MHImain,HKFE,2021-03-04 01:16:00,29451.0,29456.0,28909.0,28970.0,60980.0,1781025807.0,0.0
MHImain,HKFE,2021-03-04 11:31:00,28973.0,29264.0,28912.0,29079.0,49144.0,1428479259.0,0.0
MHImain,HKFE,2021-03-04 17:15:00,29074.0,29090.0,28947.0,29075.0,9509.0,275918337.0,0.0
MHImain,HKFE,2021-03-04 21:16:00,29078.0,29205.0,28972.0,29182.0,19219.0,559190861.0,0.0
MHImain,HKFE,2021-03-05 01:16:00,29181.0,29195.0,28372.0,28860.0,72955.0,2094257369.0,0.0
MHImain,HKFE,2021-03-05 11:31:00,28862.0,29275.0,28828.0,28890.0,52451.0,1523694791.0,0.0
MHImain,HKFE,2021-03-05 17:15:00,28897.0,29079.0,28871.0,29067.0,7544.0,218668176.0,0.0
MHImain,HKFE,2021-03-05 21:16:00,29068.0,29218.0,28778.0,28891.0,28523.0,827070556.0,0.0
MHImain,HKFE,2021-03-06 01:16:00,28891.0,29085.0,28874.0,29045.0,4759.0,137950760.0,0.0
MHImain,HKFE,2021-03-08 01:16:00,29335.0,29342.0,28455.0,28471.0,62593.0,1810713727.0,0.0
MHImain,HKFE,2021-03-08 11:31:00,28472.0,28831.0,28327.0,28477.0,63556.0,1815178161.0,0.0
MHImain,HKFE,2021-03-08 17:15:00,28476.0,28577.0,28373.0,28574.0,9981.0,284305925.0,0.0
MHImain,HKFE,2021-03-08 21:16:00,28572.0,28776.0,28542.0,28624.0,23761.0,680936042.0,0.0
MHImain,HKFE,2021-03-09 01:16:00,28626.0,28977.0,28283.0,28877.0,98048.0,2805421273.0,0.0
MHImain,HKFE,2021-03-09 11:31:00,28875.0,28950.0,28422.0,28770.0,60519.0,1737008741.0,0.0
MHImain,HKFE,2021-03-09 17:15:00,28797.0,28925.0,28781.0,28824.0,11155.0,321796137.0,0.0
MHImain,HKFE,2021-03-09 21:16:00,28824.0,29075.0,28773.0,29057.0,17548.0,507993907.0,0.0
MHImain,HKFE,2021-03-10 01:16:00,29061.0,29155.0,28645.0,28837.0,71541.0,2065864986.0,0.0
MHImain,HKFE,2021-03-10 11:31:00,28836.0,28878.0,28639.0,28799.0,42854.0,1232253483.0,0.0
MHImain,HKFE,2021-03-10 17:15:00,28803.0,28907.0,28781.0,28818.0,7804.0,225094638.0,0.0
MHImain,HKFE,2021-03-10 21:16:00,28818.0,29003.0,28796.0,28873.0,18815.0,543712908.0,0.0
MHImain,HKFE,2021-03-11 01:16:00,28869.0,29405.0,28772.0,29382.0,51481.0,1502068267.0,0.0
MHImain,HKFE,2021-03-11 11:31:00,29382.0,29383.0,29043.0,29276.0,41951.0,1227239911.0,0.0
MHImain,HKFE,2021-03-11 17:15:00,29281.0,29358.0,29217.0,29301.0,6835.0,200150491.0,0.0
MHImain,HKFE,2021-03-11 21:16:00,29302.0,29455.0,29209.0,29449.0,12943.0,379271355.0,0.0
MHImain,HKFE,2021-03-12 01:16:00,29449.0,29568.0,29126.0,29269.0,65870.0,1931110283.0,0.0
MHImain,HKFE,2021-03-12 11:31:00,29270.0,29353.0,28645.0,28708.0,55653.0,1614977681.0,0.0
MHImain,HKFE,2021-03-12 17:15:00,28703.0,28723.0,28566.0,28672.0,9020.0,258267507.0,0.0
MHImain,HKFE,2021-03-12 21:16:00,28670.0,28780.0,28564.0,28773.0,15907.0,455962089.0,0.0
MHImain,HKFE,2021-03-13 01:16:00,28775.0,28799.0,28713.0,28749.0,1894.0,54463267.0,0.0
MHImain,HKFE,2021-03-15 01:16:00,28862.0,29129.0,28683.0,28808.0,62842.0,1815747361.0,0.0
MHImain,HKFE,2021-03-15 11:31:00,28810.0,28952.0,28601.0,28838.0,47331.0,1361369796.0,0.0
MHImain,HKFE,2021-03-15 17:15:00,28842.0,28920.0,28763.0,28813.0,6969.0,200984625.0,0.0
MHImain,HKFE,2021-03-15 21:16:00,28814.0,28935.0,28754.0,28914.0,12111.0,349501965.0,0.0
MHImain,HKFE,2021-03-16 01:16:00,28911.0,29118.0,28838.0,28999.0,64365.0,1864866430.0,0.0
MHImain,HKFE,2021-03-16 11:31:00,28995.0,29037.0,28836.0,28950.0,34353.0,994731824.0,0.0
MHImain,HKFE,2021-03-16 17:15:00,28949.0,29063.0,28920.0,29036.0,6385.0,185107196.0,0.0
MHImain,HKFE,2021-03-16 21:16:00,29036.0,29109.0,29007.0,29077.0,8719.0,253346348.0,0.0
MHImain,HKFE,2021-03-17 01:16:00,29075.0,29152.0,28737.0,28957.0,57520.0,1666378878.0,0.0
MHImain,HKFE,2021-03-17 11:31:00,28958.0,29041.0,28858.0,28993.0,30522.0,883943978.0,0.0
MHImain,HKFE,2021-03-17 17:15:00,28994.0,29022.0,28892.0,28973.0,6474.0,187427957.0,0.0
MHImain,HKFE,2021-03-17 21:16:00,28975.0,28992.0,28889.0,28948.0,9009.0,260681216.0,0.0
MHImain,HKFE,2021-03-18 01:16:00,28946.0,29575.0,28936.0,29446.0,64687.0,1902285140.0,0.0
MHImain,HKFE,2021-03-18 11:31:00,29445.0,29561.0,29301.0,29370.0,37927.0,1116025313.0,0.0
MHImain,HKFE,2021-03-18 17:15:00,29366.0,29381.0,29223.0,29234.0,8120.0,237921532.0,0.0
MHImain,HKFE,2021-03-18 21:16:00,29232.0,29339.0,29209.0,29246.0,10913.0,319405141.0,0.0
MHImain,HKFE,2021-03-19 01:16:00,29246.0,29276.0,28869.0,28927.0,64067.0,1860971552.0,0.0
MHImain,HKFE,2021-03-19 11:31:00,28930.0,28984.0,28704.0,28940.0,47086.0,1357714983.0,0.0
MHImain,HKFE,2021-03-19 17:15:00,28933.0,28959.0,28781.0,28858.0,8022.0,231702956.0,0.0
MHImain,HKFE,2021-03-19 21:16:00,28863.0,29035.0,28757.0,29035.0,15020.0,433869291.0,0.0
MHImain,HKFE,2021-03-20 01:16:00,29037.0,29049.0,29005.0,29049.0,1647.0,47808871.0,0.0
MHImain,HKFE,2021-03-22 01:16:00,28950.0,29111.0,28720.0,28951.0,58557.0,1694494221.0,0.0
MHImain,HKFE,2021-03-22 11:31:00,28947.0,28994.0,28802.0,28860.0,29942.0,865692304.0,0.0
MHImain,HKFE,2021-03-22 17:15:00,28855.0,28966.0,28832.0,28932.0,5115.0,147890172.0,0.0
MHImain,HKFE,2021-03-22 21:16:00,28931.0,28990.0,28849.0,28974.0,8627.0,249553573.0,0.0
MHImain,HKFE,2021-03-23 01:16:00,28970.0,29028.0,28366.0,28445.0,70599.0,2026413314.0,0.0
MHImain,HKFE,2021-03-23 11:31:00,28450.0,28506.0,28305.0,28481.0,37815.0,1074523370.0,0.0
MHImain,HKFE,2021-03-23 17:15:00,28482.0,28517.0,28384.0,28497.0,7715.0,219526402.0,0.0
MHImain,HKFE,2021-03-23 21:16:00,28495.0,28579.0,28446.0,28560.0,11249.0,320750566.0,0.0
MHImain,HKFE,2021-03-24 01:16:00,28561.0,28567.0,27898.0,27999.0,60813.0,1712278390.0,0.0
MHImain,HKFE,2021-03-24 11:31:00,28000.0,28043.0,27774.0,27888.0,41833.0,1166296216.0,0.0
MHImain,HKFE,2021-03-24 17:15:00,27887.0,27991.0,27884.0,27962.0,6146.0,171762357.0,0.0
MHImain,HKFE,2021-03-24 21:16:00,27959.0,27987.0,27779.0,27798.0,11458.0,319943566.0,0.0
MHImain,HKFE,2021-03-25 01:16:00,27796.0,27967.0,27502.0,27882.0,64047.0,1777009425.0,0.0
MHImain,HKFE,2021-03-25 11:31:00,27880.0,27983.0,27810.0,27864.0,34953.0,974828427.0,0.0
MHImain,HKFE,2021-03-25 17:15:00,27856.0,27938.0,27758.0,27785.0,7825.0,217885190.0,0.0
MHImain,HKFE,2021-03-25 21:16:00,27783.0,27948.0,27716.0,27944.0,17383.0,483668546.0,0.0
MHImain,HKFE,2021-03-26 01:16:00,27943.0,28248.0,27867.0,28216.0,56553.0,1587262046.0,0.0
MHImain,HKFE,2021-03-26 11:31:00,28217.0,28381.0,28155.0,28293.0,38407.0,1086346704.0,0.0
MHImain,HKFE,2021-03-26 17:15:00,28294.0,28295.0,28185.0,28216.0,5060.0,142879913.0,0.0
MHImain,HKFE,2021-03-26 21:16:00,28214.0,28326.0,28138.0,28187.0,11858.0,334689177.0,0.0
MHImain,HKFE,2021-03-27 01:16:00,28187.0,28265.0,28171.0,28247.0,3125.0,88193353.0,0.0
MHImain,HKFE,2021-03-29 01:16:00,28285.0,28496.0,28088.0,28397.0,46393.0,1314450405.0,0.0
MHImain,HKFE,2021-03-29 11:31:00,28400.0,28448.0,28141.0,28387.0,33944.0,959973079.0,0.0
MHImain,HKFE,2021-03-29 17:15:00,28330.0,28408.0,28320.0,28351.0,2118.0,60089663.0,0.0
MHImain,HKFE,2021-03-29 21:16:00,28352.0,28510.0,28350.0,28482.0,5291.0,150368953.0,0.0
MHImain,HKFE,2021-03-30 01:16:00,28482.0,28659.0,28335.0,28625.0,47501.0,1352898334.0,0.0
MHImain,HKFE,2021-03-30 11:31:00,28624.0,28687.0,28479.0,28520.0,31223.0,892901561.0,0.0
MHImain,HKFE,2021-03-30 17:15:00,28522.0,28561.0,28436.0,28498.0,6513.0,185556211.0,0.0
MHImain,HKFE,2021-03-30 21:16:00,28496.0,28650.0,28432.0,28619.0,11409.0,325699090.0,0.0
MHImain,HKFE,2021-03-31 01:16:00,28620.0,28772.0,28342.0,28510.0,53721.0,1533625977.0,0.0
MHImain,HKFE,2021-03-31 11:31:00,28512.0,28555.0,28277.0,28317.0,34713.0,986149991.0,0.0
MHImain,HKFE,2021-03-31 17:15:00,28347.0,28397.0,28319.0,28339.0,4590.0,130150899.0,0.0
MHImain,HKFE,2021-03-31 21:16:00,28335.0,28542.0,28333.0,28540.0,9004.0,256100378.0,0.0
MHImain,HKFE,2021-04-01 01:16:00,28540.0,28688.0,28450.0,28633.0,61889.0,1768552563.0,0.0
MHImain,HKFE,2021-04-01 11:31:00,28633.0,28912.0,28561.0,28819.0,43014.0,1236003463.0,0.0
MHImain,HKFE,2021-04-01 17:15:00,28817.0,28926.0,28795.0,28915.0,3996.0,115297590.0,0.0
MHImain,HKFE,2021-04-01 21:16:00,28915.0,28998.0,28883.0,28947.0,7578.0,219269496.0,0.0
MHImain,HKFE,2021-04-02 01:16:00,28948.0,28978.0,28925.0,28936.0,1341.0,38821104.0,0.0
MHImain,HKFE,2021-04-07 01:16:00,29130.0,29149.0,28622.0,28732.0,49743.0,1433884028.0,0.0
MHImain,HKFE,2021-04-07 11:31:00,28734.0,28768.0,28515.0,28546.0,33287.0,953504300.0,0.0
MHImain,HKFE,2021-04-07 17:15:00,28546.0,28546.0,28168.0,28236.0,15026.0,425032797.0,0.0
MHImain,HKFE,2021-04-07 21:16:00,28237.0,28412.0,28222.0,28342.0,13198.0,373736305.0,0.0
MHImain,HKFE,2021-04-08 01:16:00,28344.0,28931.0,28328.0,28883.0,59798.0,1717096349.0,0.0
MHImain,HKFE,2021-04-08 11:31:00,28884.0,29055.0,28835.0,29033.0,34860.0,1009659385.0,0.0
MHImain,HKFE,2021-04-08 17:15:00,29034.0,29095.0,28968.0,29059.0,4900.0,142260112.0,0.0
MHImain,HKFE,2021-04-08 21:16:00,29062.0,29066.0,28942.0,29022.0,8172.0,237082790.0,0.0
MHImain,HKFE,2021-04-09 01:16:00,29020.0,29112.0,28707.0,28725.0,47501.0,1369615877.0,0.0
MHImain,HKFE,2021-04-09 11:31:00,28725.0,28783.0,28548.0,28638.0,31602.0,905074479.0,0.0
MHImain,HKFE,2021-04-09 17:15:00,28639.0,28709.0,28598.0,28626.0,5775.0,165504029.0,0.0
MHImain,HKFE,2021-04-09 21:16:00,28628.0,28685.0,28620.0,28659.0,5305.0,151999312.0,0.0
MHImain,HKFE,2021-04-10 01:16:00,28657.0,28697.0,28645.0,28660.0,1219.0,34950808.0,0.0
MHImain,HKFE,2021-04-12 01:16:00,28576.0,28795.0,28222.0,28315.0,44770.0,1274776467.0,0.0
MHImain,HKFE,2021-04-12 11:31:00,28315.0,28472.0,28312.0,28418.0,30606.0,868584351.0,0.0
MHImain,HKFE,2021-04-12 17:15:00,28411.0,28499.0,28406.0,28474.0,4171.0,118711869.0,0.0
MHImain,HKFE,2021-04-12 21:16:00,28476.0,28500.0,28396.0,28456.0,7056.0,200725583.0,0.0
MHImain,HKFE,2021-04-13 01:16:00,28455.0,28840.0,28432.0,28791.0,49111.0,1408998026.0,0.0
MHImain,HKFE,2021-04-13 11:31:00,28791.0,28792.0,28408.0,28518.0,40749.0,1162586778.0,0.0
MHImain,HKFE,2021-04-13 17:15:00,28528.0,28549.0,28403.0,28520.0,6941.0,197733873.0,0.0
MHImain,HKFE,2021-04-13 21:16:00,28518.0,28623.0,28475.0,28620.0,8012.0,228760091.0,0.0
MHImain,HKFE,2021-04-14 01:16:00,28622.0,28966.0,28594.0,28828.0,57332.0,1651478200.0,0.0
MHImain,HKFE,2021-04-14 11:31:00,28827.0,28923.0,28800.0,28917.0,27571.0,795810517.0,0.0
MHImain,HKFE,2021-04-14 17:15:00,28917.0,28945.0,28847.0,28860.0,4436.0,128232066.0,0.0
MHImain,HKFE,2021-04-14 21:16:00,28863.0,28892.0,28820.0,28873.0,7179.0,207170388.0,0.0
MHImain,HKFE,2021-04-15 01:16:00,28872.0,28884.0,28474.0,28519.0,53119.0,1523542600.0,0.0
MHImain,HKFE,2021-04-15 11:31:00,28520.0,28818.0,28504.0,28788.0,30464.0,873590415.0,0.0
MHImain,HKFE,2021-04-15 17:15:00,28786.0,28879.0,28778.0,28842.0,6126.0,176611064.0,0.0
MHImain,HKFE,2021-04-15 21:16:00,28844.0,28883.0,28805.0,28848.0,6506.0,187593012.0,0.0
MHImain,HKFE,2021-04-16 01:16:00,28849.0,28912.0,28665.0,28825.0,51437.0,1480119203.0,0.0
MHImain,HKFE,2021-04-16 11:31:00,28823.0,29065.0,28774.0,28970.0,36260.0,1049739924.0,0.0
MHImain,HKFE,2021-04-16 17:15:00,28991.0,29046.0,28977.0,29001.0,3847.0,111618272.0,0.0
MHImain,HKFE,2021-04-16 21:16:00,29003.0,29038.0,28911.0,29001.0,7821.0,226688565.0,0.0
MHImain,HKFE,2021-04-17 01:16:00,28998.0,29052.0,28998.0,29051.0,1113.0,32308041.0,0.0
MHImain,HKFE,2021-04-19 01:16:00,28940.0,29319.0,28750.0,29224.0,57137.0,1661535778.0,0.0
MHImain,HKFE,2021-04-19 11:31:00,29223.0,29237.0,29001.0,29016.0,30983.0,902279676.0,0.0
MHImain,HKFE,2021-04-19 17:15:00,29015.0,29019.0,28885.0,28892.0,6167.0,178488501.0,0.0
MHImain,HKFE,2021-04-19 21:16:00,28890.0,28943.0,28819.0,28865.0,9230.0,266627172.0,0.0
MHImain,HKFE,2021-04-20 01:16:00,28867.0,29134.0,28829.0,29128.0,55827.0,1618215241.0,0.0
MHImain,HKFE,2021-04-20 11:31:00,29128.0,29209.0,29061.0,29077.0,27575.0,802924445.0,0.0
MHImain,HKFE,2021-04-20 17:15:00,29073.0,29073.0,28885.0,28913.0,8424.0,243740692.0,0.0
MHImain,HKFE,2021-04-20 21:16:00,28912.0,28942.0,28709.0,28760.0,12874.0,370988073.0,0.0
MHImain,HKFE,2021-04-21 01:16:00,28758.0,28778.0,28446.0,28612.0,62382.0,1783807304.0,0.0
MHImain,HKFE,2021-04-21 11:31:00,28612.0,28646.0,28526.0,28532.0,27848.0,796127955.0,0.0
MHImain,HKFE,2021-04-21 17:15:00,28531.0,28583.0,28464.0,28535.0,6963.0,198644954.0,0.0
MHImain,HKFE,2021-04-21 21:16:00,28535.0,28703.0,28491.0,28695.0,10989.0,314403065.0,0.0
MHImain,HKFE,2021-04-22 01:16:00,28692.0,28803.0,28543.0,28728.0,54419.0,1561106711.0,0.0
MHImain,HKFE,2021-04-22 11:31:00,28727.0,28777.0,28655.0,28742.0,23149.0,664955393.0,0.0
MHImain,HKFE,2021-04-22 17:15:00,28725.0,28756.0,28679.0,28740.0,4661.0,133847071.0,0.0
MHImain,HKFE,2021-04-22 21:16:00,28739.0,28816.0,28676.0,28722.0,9368.0,269366570.0,0.0
MHImain,HKFE,2021-04-23 01:16:00,28722.0,29066.0,28601.0,28998.0,51169.0,1479210909.0,0.0
MHImain,HKFE,2021-04-23 11:31:00,28998.0,29094.0,28889.0,29052.0,26291.0,761936994.0,0.0
MHImain,HKFE,2021-04-23 17:15:00,29045.0,29080.0,29004.0,29020.0,3455.0,100355254.0,0.0
MHImain,HKFE,2021-04-23 21:16:00,29022.0,29144.0,28992.0,29131.0,8482.0,246629279.0,0.0
MHImain,HKFE,2021-04-24 01:16:00,29130.0,29188.0,29123.0,29182.0,1508.0,43968795.0,0.0
MHImain,HKFE,2021-04-26 01:16:00,29130.0,29249.0,28982.0,29086.0,50397.0,1467130140.0,0.0
MHImain,HKFE,2021-04-26 11:31:00,29087.0,29126.0,28904.0,28943.0,29342.0,851291309.0,0.0
MHImain,HKFE,2021-04-26 17:15:00,28943.0,28943.0,28771.0,28794.0,7315.0,210783307.0,0.0
MHImain,HKFE,2021-04-26 21:16:00,28793.0,28901.0,28790.0,28879.0,7326.0,211401362.0,0.0
MHImain,HKFE,2021-04-27 01:16:00,28879.0,29018.0,28800.0,28918.0,43324.0,1252417257.0,0.0
MHImain,HKFE,2021-04-27 11:31:00,28918.0,29049.0,28854.0,28893.0,24378.0,705462731.0,0.0
MHImain,HKFE,2021-04-27 17:15:00,28889.0,28941.0,28840.0,28914.0,4032.0,116507579.0,0.0
MHImain,HKFE,2021-04-27 21:16:00,28915.0,29017.0,28900.0,28976.0,6528.0,189010389.0,0.0
MHImain,HKFE,2021-04-28 01:16:00,28974.0,29061.0,28849.0,28970.0,35284.0,1021532273.0,0.0
MHImain,HKFE,2021-04-28 11:31:00,28969.0,29049.0,28942.0,29024.0,16303.0,472701504.0,0.0
MHImain,HKFE,2021-04-28 17:15:00,28852.0,28895.0,28835.0,28882.0,1811.0,52289949.0,0.0
MHImain,HKFE,2021-04-28 21:16:00,28882.0,28970.0,28865.0,28892.0,3394.0,98122038.0,0.0
MHImain,HKFE,2021-04-29 01:16:00,28892.0,29252.0,28841.0,29080.0,42144.0,1228165111.0,0.0
MHImain,HKFE,2021-04-29 11:31:00,29078.0,29170.0,28995.0,29109.0,23402.0,680859357.0,0.0
MHImain,HKFE,2021-04-29 17:15:00,29100.0,29162.0,29098.0,29131.0,3157.0,91985643.0,0.0
MHImain,HKFE,2021-04-29 21:16:00,29130.0,29145.0,28896.0,28976.0,13748.0,398666153.0,0.0
MHImain,HKFE,2021-04-30 01:16:00,28976.0,29035.0,28628.0,28653.0,43289.0,1245796124.0,0.0
MHImain,HKFE,2021-04-30 11:31:00,28653.0,28682.0,28449.0,28530.0,27012.0,771949806.0,0.0
MHImain,HKFE,2021-04-30 17:15:00,28529.0,28551.0,28456.0,28545.0,4797.0,136756841.0,0.0
MHImain,HKFE,2021-04-30 21:16:00,28541.0,28584.0,28465.0,28497.0,8875.0,253165352.0,0.0
MHImain,HKFE,2021-05-01 01:16:00,28497.0,28522.0,28430.0,28435.0,1773.0,50460989.0,0.0
MHImain,HKFE,2021-05-03 01:16:00,28524.0,28563.0,28052.0,28080.0,43295.0,1221751587.0,0.0
MHImain,HKFE,2021-05-03 11:31:00,28080.0,28182.0,28059.0,28132.0,20282.0,570208539.0,0.0
MHImain,HKFE,2021-05-03 17:15:00,28133.0,28242.0,28083.0,28229.0,5653.0,159303980.0,0.0
MHImain,HKFE,2021-05-03 21:16:00,28230.0,28359.0,28190.0,28344.0,10489.0,296659303.0,0.0
MHImain,HKFE,2021-05-04 01:16:00,28344.0,28368.0,28120.0,28268.0,39436.0,1112962121.0,0.0
MHImain,HKFE,2021-05-04 11:31:00,28268.0,28458.0,28254.0,28446.0,23443.0,664911261.0,0.0
MHImain,HKFE,2021-05-04 17:15:00,28443.0,28481.0,28256.0,28282.0,9403.0,266670679.0,0.0
MHImain,HKFE,2021-05-04 21:16:00,28281.0,28330.0,28024.0,28107.0,19776.0,556310544.0,0.0
MHImain,HKFE,2021-05-05 01:16:00,28104.0,28551.0,28076.0,28456.0,41010.0,1163849415.0,0.0
MHImain,HKFE,2021-05-05 11:31:00,28456.0,28468.0,28167.0,28305.0,27499.0,777552085.0,0.0
MHImain,HKFE,2021-05-05 17:15:00,28304.0,28351.0,28278.0,28316.0,4303.0,121852332.0,0.0
MHImain,HKFE,2021-05-05 21:16:00,28317.0,28412.0,28247.0,28368.0,8187.0,231970623.0,0.0
MHImain,HKFE,2021-05-06 01:16:00,28364.0,28698.0,28216.0,28273.0,56930.0,1620950194.0,0.0
MHImain,HKFE,2021-05-06 11:31:00,28272.0,28527.0,28249.0,28526.0,28560.0,811438434.0,0.0
MHImain,HKFE,2021-05-06 17:15:00,28520.0,28520.0,28415.0,28469.0,6429.0,182969039.0,0.0
MHImain,HKFE,2021-05-06 21:16:00,28469.0,28539.0,28403.0,28496.0,9980.0,284255292.0,0.0
MHImain,HKFE,2021-05-07 01:16:00,28494.0,28754.0,28394.0,28678.0,46996.0,1346421709.0,0.0
MHImain,HKFE,2021-05-07 11:31:00,28679.0,28680.0,28431.0,28515.0,32989.0,941542308.0,0.0
MHImain,HKFE,2021-05-07 17:15:00,28515.0,28620.0,28493.0,28591.0,7952.0,227123913.0,0.0
MHImain,HKFE,2021-05-07 21:16:00,28593.0,28695.0,28523.0,28610.0,8784.0,251461251.0,0.0
MHImain,HKFE,2021-05-08 01:16:00,28610.0,28653.0,28598.0,28650.0,1465.0,41926968.0,0.0
MHImain,HKFE,2021-05-10 01:16:00,28682.0,28746.0,28385.0,28390.0,52732.0,1506716564.0,0.0
MHImain,HKFE,2021-05-10 11:31:00,28389.0,28502.0,28335.0,28470.0,29360.0,834404295.0,0.0
MHImain,HKFE,2021-05-10 17:15:00,28467.0,28523.0,28466.0,28490.0,3750.0,106864969.0,0.0
MHImain,HKFE,2021-05-10 21:16:00,28487.0,28508.0,28301.0,28383.0,11228.0,318745555.0,0.0
MHImain,HKFE,2021-05-11 01:16:00,28385.0,28397.0,27743.0,27785.0,57861.0,1614173708.0,0.0
MHImain,HKFE,2021-05-11 11:31:00,27785.0,28020.0,27756.0,27809.0,39549.0,1102220196.0,0.0
MHImain,HKFE,2021-05-11 17:15:00,27822.0,27868.0,27620.0,27663.0,10436.0,289576690.0,0.0
MHImain,HKFE,2021-05-11 21:16:00,27664.0,27906.0,27633.0,27875.0,20677.0,574962045.0,0.0
MHImain,HKFE,2021-05-12 01:16:00,27875.0,27976.0,27766.0,27848.0,51943.0,1448302490.0,0.0
MHImain,HKFE,2021-05-12 11:31:00,27849.0,28074.0,27709.0,28019.0,34132.0,952664017.0,0.0
MHImain,HKFE,2021-05-12 17:15:00,28021.0,28059.0,27867.0,27965.0,10682.0,298680134.0,0.0
MHImain,HKFE,2021-05-12 21:16:00,27963.0,27991.0,27737.0,27798.0,15974.0,445160416.0,0.0
MHImain,HKFE,2021-05-13 01:16:00,27800.0,27916.0,27655.0,27812.0,52164.0,1449128018.0,0.0
MHImain,HKFE,2021-05-13 11:31:00,27811.0,27843.0,27487.0,27527.0,40127.0,1109935972.0,0.0
MHImain,HKFE,2021-05-13 17:15:00,27526.0,27708.0,27490.0,27691.0,10791.0,298015864.0,0.0
MHImain,HKFE,2021-05-13 21:16:00,27692.0,27788.0,27643.0,27679.0,14756.0,409044885.0,0.0
MHImain,HKFE,2021-05-14 01:16:00,27683.0,27855.0,27556.0,27839.0,51159.0,1417432116.0,0.0
MHImain,HKFE,2021-05-14 11:31:00,27838.0,27938.0,27777.0,27908.0,29690.0,826931678.0,0.0
MHImain,HKFE,2021-05-14 17:15:00,27930.0,27966.0,27879.0,27932.0,4733.0,132175387.0,0.0
MHImain,HKFE,2021-05-14 21:16:00,27935.0,28093.0,27915.0,28049.0,9658.0,270512558.0,0.0
MHImain,HKFE,2021-05-15 01:16:00,28050.0,28110.0,28050.0,28100.0,1334.0,37464281.0,0.0
MHImain,HKFE,2021-05-17 01:16:00,28050.0,28137.0,27912.0,27979.0,43216.0,1210984804.0,0.0
MHImain,HKFE,2021-05-17 11:31:00,27981.0,28129.0,27973.0,28087.0,23733.0,665885209.0,0.0
MHImain,HKFE,2021-05-17 17:15:00,28093.0,28100.0,27967.0,28046.0,5463.0,153119036.0,0.0
MHImain,HKFE,2021-05-17 21:16:00,28046.0,28151.0,27993.0,28108.0,9849.0,276453822.0,0.0
MHImain,HKFE,2021-05-18 01:16:00,28110.0,28528.0,28079.0,28460.0,36818.0,1046362785.0,0.0
MHImain,HKFE,2021-05-18 11:31:00,28460.0,28498.0,28410.0,28460.0,15686.0,446405332.0,0.0
MHImain,HKFE,2021-05-18 17:15:00,28457.0,28464.0,28360.0,28368.0,4854.0,137922249.0,0.0
MHImain,HKFE,2021-05-18 21:16:00,28369.0,28477.0,28367.0,28473.0,7437.0,211387204.0,0.0
MHImain,HKFE,2021-05-19 01:16:00,28470.0,28489.0,28398.0,28401.0,1681.0,47820187.0,0.0
MHImain,HKFE,2021-05-20 01:16:00,28296.0,28396.0,28154.0,28263.0,39031.0,1103275650.0,0.0
MHImain,HKFE,2021-05-20 11:31:00,28262.0,28366.0,28225.0,28280.0,20175.0,570987337.0,0.0
MHImain,HKFE,2021-05-20 17:15:00,28283.0,28340.0,28176.0,28335.0,6261.0,176882779.0,0.0
MHImain,HKFE,2021-05-20 21:16:00,28335.0,28455.0,28330.0,28390.0,7573.0,215034012.0,0.0
MHImain,HKFE,2021-05-21 01:16:00,28395.0,28530.0,28175.0,28260.0,42570.0,1205333090.0,0.0
MHImain,HKFE,2021-05-21 11:31:00,28261.0,28360.0,28234.0,28340.0,19335.0,547378734.0,0.0
MHImain,HKFE,2021-05-21 17:15:00,28346.0,28412.0,28346.0,28386.0,4162.0,118114403.0,0.0
MHImain,HKFE,2021-05-21 21:16:00,28385.0,28405.0,28212.0,28243.0,9228.0,261282408.0,0.0
MHImain,HKFE,2021-05-22 01:16:00,28243.0,28300.0,28228.0,28293.0,1375.0,38875830.0,0.0
MHImain,HKFE,2021-05-24 01:16:00,28307.0,28348.0,28075.0,28270.0,42399.0,1196124300.0,0.0
MHImain,HKFE,2021-05-24 11:31:00,28270.0,28354.0,28217.0,28310.0,19510.0,551854397.0,0.0
MHImain,HKFE,2021-05-24 17:15:00,28315.0,28336.0,28274.0,28311.0,3404.0,96348036.0,0.0
MHImain,HKFE,2021-05-24 21:16:00,28313.0,28394.0,28285.0,28384.0,5502.0,156033985.0,0.0
MHImain,HKFE,2021-05-25 01:16:00,28382.0,28752.0,28381.0,28729.0,42295.0,1209260734.0,0.0
MHImain,HKFE,2021-05-25 11:31:00,28729.0,28904.0,28715.0,28891.0,22604.0,651439636.0,0.0
MHImain,HKFE,2021-05-25 17:15:00,28890.0,28957.0,28877.0,28924.0,3953.0,114329824.0,0.0
MHImain,HKFE,2021-05-25 21:16:00,28923.0,28964.0,28847.0,28922.0,9105.0,263228465.0,0.0
MHImain,HKFE,2021-05-26 01:16:00,28922.0,29152.0,28888.0,29100.0,37356.0,1085440179.0,0.0
MHImain,HKFE,2021-05-26 11:31:00,29098.0,29271.0,29041.0,29149.0,27185.0,791933455.0,0.0
MHImain,HKFE,2021-05-26 17:15:00,29159.0,29187.0,29116.0,29124.0,3830.0,111648833.0,0.0
MHImain,HKFE,2021-05-26 21:16:00,29122.0,29166.0,29078.0,29148.0,4923.0,143354960.0,0.0
MHImain,HKFE,2021-05-27 01:16:00,29149.0,29189.0,28963.0,29120.0,35359.0,1027972100.0,0.0
MHImain,HKFE,2021-05-27 11:31:00,29120.0,29200.0,29065.0,29191.0,16580.0,482677542.0,0.0
MHImain,HKFE,2021-05-27 17:15:00,29066.0,29071.0,28981.0,29047.0,2788.0,80907596.0,0.0
MHImain,HKFE,2021-05-27 21:16:00,29042.0,29099.0,29009.0,29038.0,3204.0,93084183.0,0.0
MHImain,HKFE,2021-05-28 01:16:00,29038.0,29233.0,28995.0,29166.0,30358.0,884140630.0,0.0
MHImain,HKFE,2021-05-28 11:31:00,29165.0,29253.0,28950.0,28993.0,28299.0,822719851.0,0.0
MHImain,HKFE,2021-05-28 17:15:00,28989.0,29055.0,28939.0,28959.0,4409.0,127857911.0,0.0
MHImain,HKFE,2021-05-28 21:16:00,28959.0,29081.0,28958.0,29061.0,6120.0,177723305.0,0.0
MHImain,HKFE,2021-05-29 01:16:00,29063.0,29075.0,29054.0,29065.0,848.0,24645942.0,0.0
MHImain,HKFE,2021-05-31 01:16:00,29159.0,29177.0,28818.0,28839.0,34830.0,1007475484.0,0.0
MHImain,HKFE,2021-05-31 11:31:00,28840.0,29026.0,28791.0,28966.0,23237.0,671513321.0,0.0
MHImain,HKFE,2021-05-31 17:15:00,28966.0,28966.0,28966.0,28966.0,0.0,0.0,0.0
MHImain,HKFE,2021-05-31 21:16:00,28966.0,28966.0,28966.0,28966.0,0.0,0.0,0.0
MHImain,HKFE,2021-06-01 01:16:00,28966.0,29218.0,28922.0,29207.0,41895.0,1217343854.0,0.0
MHImain,HKFE,2021-06-01 11:31:00,29208.0,29400.0,29140.0,29356.0,29420.0,861120103.0,0.0
MHImain,HKFE,2021-06-01 17:15:00,29338.0,29395.0,29338.0,29373.0,3046.0,89464680.0,0.0
MHImain,HKFE,2021-06-01 21:16:00,29373.0,29395.0,29230.0,29251.0,9496.0,278171384.0,0.0
MHImain,HKFE,2021-06-02 01:16:00,29250.0,29397.0,29152.0,29152.0,40379.0,1182281565.0,0.0
MHImain,HKFE,2021-06-02 11:31:00,29151.0,29226.0,29081.0,29128.0,24068.0,701761602.0,0.0
MHImain,HKFE,2021-06-02 17:15:00,29126.0,29197.0,29124.0,29165.0,3620.0,105570816.0,0.0
MHImain,HKFE,2021-06-02 21:16:00,29165.0,29229.0,29124.0,29181.0,5280.0,154112546.0,0.0
MHImain,HKFE,2021-06-03 01:16:00,29180.0,29280.0,29064.0,29079.0,39991.0,1166477888.0,0.0
MHImain,HKFE,2021-06-03 11:31:00,29080.0,29085.0,28801.0,28864.0,32417.0,937819420.0,0.0
MHImain,HKFE,2021-06-03 17:15:00,28858.0,28893.0,28768.0,28830.0,6729.0,193952788.0,0.0
MHImain,HKFE,2021-06-03 21:16:00,28829.0,28892.0,28777.0,28840.0,9108.0,262705061.0,0.0
MHImain,HKFE,2021-06-04 01:16:00,28839.0,28892.0,28631.0,28850.0,39694.0,1141987103.0,0.0
MHImain,HKFE,2021-06-04 11:31:00,28849.0,28934.0,28716.0,28806.0,31027.0,894164957.0,0.0
MHImain,HKFE,2021-06-04 17:15:00,28810.0,28928.0,28768.0,28904.0,4868.0,140476851.0,0.0
MHImain,HKFE,2021-06-04 21:16:00,28905.0,28984.0,28897.0,28972.0,5268.0,152450165.0,0.0
MHImain,HKFE,2021-06-05 01:16:00,28973.0,28987.0,28969.0,28973.0,780.0,22604161.0,0.0
MHImain,HKFE,2021-06-07 01:16:00,28900.0,28938.0,28528.0,28622.0,43850.0,1257302988.0,0.0
MHImain,HKFE,2021-06-07 11:31:00,28621.0,28745.0,28605.0,28737.0,20157.0,578136756.0,0.0
MHImain,HKFE,2021-06-07 17:15:00,28733.0,28784.0,28716.0,28753.0,3177.0,91353452.0,0.0
MHImain,HKFE,2021-06-07 21:16:00,28755.0,28755.0,28672.0,28726.0,6671.0,191515789.0,0.0
MHImain,HKFE,2021-06-08 01:16:00,28729.0,28924.0,28560.0,28643.0,46759.0,1344720702.0,0.0
MHImain,HKFE,2021-06-08 11:31:00,28645.0,28724.0,28576.0,28688.0,21774.0,623849027.0,0.0
MHImain,HKFE,2021-06-08 17:15:00,28695.0,28740.0,28639.0,28730.0,4848.0,139155233.0,0.0
MHImain,HKFE,2021-06-08 21:16:00,28731.0,28733.0,28616.0,28676.0,6397.0,183393243.0,0.0
MHImain,HKFE,2021-06-09 01:16:00,28673.0,28809.0,28628.0,28728.0,41631.0,1195280351.0,0.0
MHImain,HKFE,2021-06-09 11:31:00,28729.0,28731.0,28617.0,28709.0,19048.0,546039000.0,0.0
MHImain,HKFE,2021-06-09 17:15:00,28698.0,28722.0,28671.0,28713.0,2848.0,81726795.0,0.0
MHImain,HKFE,2021-06-09 21:16:00,28712.0,28760.0,28650.0,28685.0,7392.0,212118423.0,0.0
MHImain,HKFE,2021-06-10 01:16:00,28686.0,28895.0,28652.0,28720.0,39673.0,1142413085.0,0.0
MHImain,HKFE,2021-06-10 11:31:00,28719.0,28796.0,28581.0,28614.0,23538.0,675258813.0,0.0
MHImain,HKFE,2021-06-10 17:15:00,28644.0,28713.0,28585.0,28682.0,6005.0,172076372.0,0.0
MHImain,HKFE,2021-06-10 21:16:00,28681.0,28753.0,28635.0,28743.0,8130.0,233358865.0,0.0
MHImain,HKFE,2021-06-11 01:16:00,28740.0,28913.0,28657.0,28780.0,46616.0,1341765927.0,0.0
MHImain,HKFE,2021-06-11 11:31:00,28779.0,28861.0,28755.0,28801.0,18250.0,525637770.0,0.0
MHImain,HKFE,2021-06-11 17:15:00,28805.0,28838.0,28763.0,28783.0,3069.0,88378535.0,0.0
MHImain,HKFE,2021-06-11 21:16:00,28783.0,28786.0,28680.0,28694.0,5673.0,162917831.0,0.0
MHImain,HKFE,2021-06-12 01:16:00,28695.0,28726.0,28695.0,28712.0,1116.0,32044960.0,0.0
MHImain,HKFE,2021-06-15 01:16:00,28898.0,28925.0,28352.0,28522.0,47843.0,1365753243.0,0.0
MHImain,HKFE,2021-06-15 11:31:00,28522.0,28625.0,28441.0,28508.0,24840.0,709095501.0,0.0
MHImain,HKFE,2021-06-15 17:15:00,28506.0,28556.0,28495.0,28524.0,3281.0,93598340.0,0.0
MHImain,HKFE,2021-06-15 21:16:00,28525.0,28543.0,28434.0,28436.0,4821.0,137344609.0,0.0
MHImain,HKFE,2021-06-16 01:16:00,28433.0,28571.0,28431.0,28478.0,35123.0,1001004124.0,0.0
MHImain,HKFE,2021-06-16 11:31:00,28475.0,28515.0,28358.0,28373.0,20466.0,581797600.0,0.0
MHImain,HKFE,2021-06-16 17:15:00,28393.0,28415.0,28370.0,28413.0,2427.0,68917974.0,0.0
MHImain,HKFE,2021-06-16 21:16:00,28414.0,28460.0,28390.0,28400.0,4220.0,119967990.0,0.0
MHImain,HKFE,2021-06-17 01:16:00,28400.0,28451.0,28086.0,28421.0,42040.0,1188519164.0,0.0
MHImain,HKFE,2021-06-17 11:31:00,28420.0,28464.0,28311.0,28438.0,21727.0,616796522.0,0.0
MHImain,HKFE,2021-06-17 17:15:00,28434.0,28452.0,28396.0,28439.0,3332.0,94703691.0,0.0
MHImain,HKFE,2021-06-17 21:16:00,28439.0,28532.0,28408.0,28480.0,9454.0,269229310.0,0.0
MHImain,HKFE,2021-06-18 01:16:00,28481.0,28752.0,28419.0,28615.0,39900.0,1141777262.0,0.0
MHImain,HKFE,2021-06-18 11:31:00,28610.0,28770.0,28606.0,28756.0,19964.0,572472025.0,0.0
MHImain,HKFE,2021-06-18 17:15:00,28759.0,28771.0,28580.0,28609.0,7295.0,209064857.0,0.0
MHImain,HKFE,2021-06-18 21:16:00,28612.0,28633.0,28536.0,28592.0,9268.0,264849155.0,0.0
MHImain,HKFE,2021-06-19 01:16:00,28592.0,28594.0,28527.0,28532.0,1290.0,36845733.0,0.0
MHImain,HKFE,2021-06-21 01:16:00,28481.0,28516.0,28290.0,28354.0,40476.0,1149099252.0,0.0
MHImain,HKFE,2021-06-21 11:31:00,28354.0,28465.0,28242.0,28422.0,27326.0,774517354.0,0.0
MHImain,HKFE,2021-06-21 17:15:00,28425.0,28491.0,28400.0,28428.0,4052.0,115267997.0,0.0
MHImain,HKFE,2021-06-21 21:16:00,28428.0,28529.0,28368.0,28520.0,8136.0,231535235.0,0.0
MHImain,HKFE,2021-06-22 01:16:00,28524.0,28565.0,28279.0,28412.0,36365.0,1032420511.0,0.0
MHImain,HKFE,2021-06-22 11:31:00,28413.0,28420.0,28164.0,28190.0,25152.0,711995317.0,0.0
MHImain,HKFE,2021-06-22 17:15:00,28196.0,28288.0,28185.0,28245.0,5053.0,142725337.0,0.0
MHImain,HKFE,2021-06-22 21:16:00,28247.0,28324.0,28205.0,28300.0,5638.0,159374016.0,0.0
MHImain,HKFE,2021-06-23 01:16:00,28303.0,28659.0,28286.0,28622.0,45791.0,1303096599.0,0.0
MHImain,HKFE,2021-06-23 11:31:00,28624.0,28856.0,28616.0,28741.0,31016.0,891118479.0,0.0
MHImain,HKFE,2021-06-23 17:15:00,28732.0,28743.0,28659.0,28721.0,4986.0,143101259.0,0.0
MHImain,HKFE,2021-06-23 21:16:00,28722.0,28803.0,28660.0,28695.0,7814.0,224538445.0,0.0
MHImain,HKFE,2021-06-24 01:16:00,28695.0,28945.0,28686.0,28752.0,36978.0,1066571987.0,0.0
MHImain,HKFE,2021-06-24 11:31:00,28751.0,28870.0,28747.0,28831.0,19398.0,559042596.0,0.0
MHImain,HKFE,2021-06-24 17:15:00,28834.0,28875.0,28810.0,28840.0,2696.0,77762368.0,0.0
MHImain,HKFE,2021-06-24 21:16:00,28840.0,28916.0,28821.0,28914.0,4108.0,118585506.0,0.0
MHImain,HKFE,2021-06-25 01:16:00,28915.0,29175.0,28887.0,29158.0,38990.0,1131070735.0,0.0
MHImain,HKFE,2021-06-25 11:31:00,29160.0,29256.0,29139.0,29221.0,23361.0,682352887.0,0.0
MHImain,HKFE,2021-06-25 17:15:00,29220.0,29267.0,29208.0,29232.0,2742.0,80176061.0,0.0
MHImain,HKFE,2021-06-25 21:16:00,29233.0,29258.0,29197.0,29220.0,4104.0,119947199.0,0.0
MHImain,HKFE,2021-06-26 01:16:00,29219.0,29260.0,29210.0,29257.0,934.0,27302722.0,0.0
MHImain,HKFE,2021-06-28 01:16:00,29257.0,29257.0,29257.0,29257.0,0.0,0.0,0.0
MHImain,HKFE,2021-06-28 11:31:00,29257.0,29333.0,29207.0,29224.0,20377.0,596077442.0,0.0
MHImain,HKFE,2021-06-28 17:15:00,29163.0,29215.0,29149.0,29215.0,1161.0,33877810.0,0.0
MHImain,HKFE,2021-06-28 21:16:00,29214.0,29239.0,29143.0,29143.0,1901.0,55490213.0,0.0
MHImain,HKFE,2021-06-29 01:16:00,29145.0,29201.0,28918.0,28938.0,27088.0,786905302.0,0.0
MHImain,HKFE,2021-06-29 11:31:00,28940.0,28954.0,28777.0,28854.0,24237.0,699818691.0,0.0
MHImain,HKFE,2021-06-29 17:15:00,28838.0,28890.0,28822.0,28873.0,2711.0,78233171.0,0.0
MHImain,HKFE,2021-06-29 21:16:00,28872.0,28930.0,28851.0,28920.0,4168.0,120418341.0,0.0
MHImain,HKFE,2021-06-30 01:16:00,28919.0,29026.0,28763.0,28827.0,31535.0,911090598.0,0.0
MHImain,HKFE,2021-06-30 11:31:00,28826.0,28877.0,28613.0,28634.0,22949.0,659868210.0,0.0
MHImain,HKFE,2021-06-30 17:15:00,28612.0,28696.0,28592.0,28634.0,4223.0,120990954.0,0.0
MHImain,HKFE,2021-06-30 21:16:00,28632.0,28718.0,28630.0,28675.0,5028.0,144200707.0,0.0
MHImain,HKFE,2021-07-01 01:16:00,28674.0,28679.0,28643.0,28649.0,734.0,21033583.0,0.0
MHImain,HKFE,2021-07-02 01:16:00,28675.0,28770.0,28158.0,28200.0,41631.0,1181310771.0,0.0
MHImain,HKFE,2021-07-02 11:31:00,28203.0,28264.0,28083.0,28145.0,25765.0,725459368.0,0.0
MHImain,HKFE,2021-07-02 17:15:00,28149.0,28278.0,28149.0,28262.0,5474.0,154484414.0,0.0
MHImain,HKFE,2021-07-02 21:16:00,28262.0,28305.0,28222.0,28293.0,5668.0,160215823.0,0.0
MHImain,HKFE,2021-07-03 01:16:00,28293.0,28337.0,28288.0,28327.0,1400.0,39646303.0,0.0
MHImain,HKFE,2021-07-05 01:16:00,28200.0,28253.0,27903.0,28091.0,34498.0,970340089.0,0.0
MHImain,HKFE,2021-07-05 11:31:00,28094.0,28122.0,27994.0,28095.0,19601.0,549878373.0,0.0
MHImain,HKFE,2021-07-05 17:15:00,28089.0,28122.0,28051.0,28055.0,2348.0,65949743.0,0.0
MHImain,HKFE,2021-07-05 21:16:00,28055.0,28056.0,28013.0,28037.0,2232.0,62566732.0,0.0
MHImain,HKFE,2021-07-06 01:16:00,28033.0,28106.0,27807.0,27886.0,39827.0,1112242053.0,0.0
MHImain,HKFE,2021-07-06 11:31:00,27885.0,28041.0,27848.0,27947.0,24008.0,670927859.0,0.0
MHImain,HKFE,2021-07-06 17:15:00,27933.0,27960.0,27885.0,27901.0,3291.0,91886062.0,0.0
MHImain,HKFE,2021-07-06 21:16:00,27901.0,27932.0,27724.0,27763.0,8515.0,236840465.0,0.0
MHImain,HKFE,2021-07-07 01:16:00,27763.0,27923.0,27707.0,27854.0,36424.0,1013155191.0,0.0
MHImain,HKFE,2021-07-07 11:31:00,27854.0,27979.0,27722.0,27905.0,26174.0,728891750.0,0.0
MHImain,HKFE,2021-07-07 17:15:00,27914.0,28017.0,27892.0,27956.0,4086.0,114233800.0,0.0
MHImain,HKFE,2021-07-07 21:16:00,27958.0,27985.0,27746.0,27881.0,9784.0,272588349.0,0.0
MHImain,HKFE,2021-07-08 01:16:00,27879.0,27924.0,27336.0,27393.0,50419.0,1391138855.0,0.0
MHImain,HKFE,2021-07-08 11:31:00,27392.0,27412.0,27076.0,27097.0,38646.0,1051316427.0,0.0
MHImain,HKFE,2021-07-08 17:15:00,27111.0,27117.0,26945.0,27076.0,10056.0,271831935.0,0.0
MHImain,HKFE,2021-07-08 21:16:00,27074.0,27244.0,27048.0,27196.0,12695.0,344424149.0,0.0
MHImain,HKFE,2021-07-09 01:16:00,27196.0,27331.0,26857.0,27220.0,51206.0,1389289828.0,0.0
MHImain,HKFE,2021-07-09 11:31:00,27222.0,27415.0,27221.0,27247.0,26827.0,733335338.0,0.0
MHImain,HKFE,2021-07-09 17:15:00,27255.0,27468.0,27255.0,27451.0,6812.0,186719510.0,0.0
MHImain,HKFE,2021-07-09 21:16:00,27452.0,27623.0,27404.0,27614.0,7296.0,200830076.0,0.0
MHImain,HKFE,2021-07-10 01:16:00,27614.0,27718.0,27610.0,27706.0,1768.0,48930643.0,0.0
MHImain,HKFE,2021-07-12 01:16:00,27602.0,27666.0,27353.0,27420.0,36879.0,1013656803.0,0.0
MHImain,HKFE,2021-07-12 11:31:00,27420.0,27538.0,27389.0,27534.0,19868.0,545762755.0,0.0
MHImain,HKFE,2021-07-12 17:15:00,27531.0,27551.0,27441.0,27535.0,3881.0,106720970.0,0.0
MHImain,HKFE,2021-07-12 21:16:00,27534.0,27634.0,27523.0,27617.0,4898.0,135077615.0,0.0
MHImain,HKFE,2021-07-13 01:16:00,27617.0,28015.0,27592.0,27996.0,43927.0,1222116814.0,0.0
MHImain,HKFE,2021-07-13 11:31:00,27994.0,28016.0,27855.0,27882.0,22555.0,629907539.0,0.0
MHImain,HKFE,2021-07-13 17:15:00,27883.0,27916.0,27738.0,27800.0,6442.0,179323741.0,0.0
MHImain,HKFE,2021-07-13 21:16:00,27797.0,27924.0,27789.0,27883.0,6646.0,185230148.0,0.0
MHImain,HKFE,2021-07-14 01:16:00,27883.0,27891.0,27663.0,27747.0,37422.0,1039331347.0,0.0
MHImain,HKFE,2021-07-14 11:31:00,27747.0,27836.0,27689.0,27771.0,18621.0,516825325.0,0.0
MHImain,HKFE,2021-07-14 17:15:00,27777.0,27930.0,27777.0,27902.0,4846.0,135009559.0,0.0
MHImain,HKFE,2021-07-14 21:16:00,27903.0,27923.0,27739.0,27794.0,7545.0,209940493.0,0.0
MHImain,HKFE,2021-07-15 01:16:00,27793.0,28183.0,27650.0,28138.0,39353.0,1100057407.0,0.0
MHImain,HKFE,2021-07-15 11:31:00,28140.0,28175.0,27935.0,28010.0,24615.0,690593814.0,0.0
MHImain,HKFE,2021-07-15 17:15:00,28010.0,28025.0,27891.0,27923.0,5913.0,165261501.0,0.0
MHImain,HKFE,2021-07-15 21:16:00,27923.0,27980.0,27850.0,27854.0,8010.0,223592604.0,0.0
MHImain,HKFE,2021-07-16 01:16:00,27857.0,28073.0,27808.0,28072.0,35311.0,985405792.0,0.0
MHImain,HKFE,2021-07-16 11:31:00,28072.0,28215.0,27994.0,28018.0,31262.0,878062425.0,0.0
MHImain,HKFE,2021-07-16 17:15:00,28023.0,28076.0,27965.0,28028.0,3737.0,104683456.0,0.0
MHImain,HKFE,2021-07-16 21:16:00,28029.0,28049.0,27825.0,27863.0,8618.0,240390964.0,0.0
MHImain,HKFE,2021-07-17 01:16:00,27862.0,27873.0,27779.0,27779.0,1851.0,51487361.0,0.0
MHImain,HKFE,2021-07-19 01:16:00,27705.0,27753.0,27353.0,27465.0,41388.0,1138517898.0,0.0
MHImain,HKFE,2021-07-19 11:31:00,27467.0,27556.0,27402.0,27467.0,24757.0,680446342.0,0.0
MHImain,HKFE,2021-07-19 17:15:00,27458.0,27458.0,27271.0,27337.0,9040.0,247197762.0,0.0
MHImain,HKFE,2021-07-19 21:16:00,27339.0,27369.0,27176.0,27228.0,14392.0,392260763.0,0.0
MHImain,HKFE,2021-07-20 01:16:00,27228.0,27532.0,27195.0,27207.0,47956.0,1313266614.0,0.0
MHImain,HKFE,2021-07-20 11:31:00,27207.0,27320.0,27092.0,27233.0,32584.0,886231079.0,0.0
MHImain,HKFE,2021-07-20 17:15:00,27225.0,27238.0,27094.0,27101.0,7096.0,192650088.0,0.0
MHImain,HKFE,2021-07-20 21:16:00,27102.0,27275.0,27044.0,27255.0,10198.0,277130104.0,0.0
MHImain,HKFE,2021-07-21 01:16:00,27255.0,27394.0,26915.0,27167.0,50191.0,1363712828.0,0.0
MHImain,HKFE,2021-07-21 11:31:00,27168.0,27230.0,27030.0,27229.0,24224.0,657158610.0,0.0
MHImain,HKFE,2021-07-21 17:15:00,27224.0,27256.0,27134.0,27208.0,4844.0,131764439.0,0.0
MHImain,HKFE,2021-07-21 21:16:00,27209.0,27388.0,27189.0,27384.0,7720.0,210705389.0,0.0
MHImain,HKFE,2021-07-22 01:16:00,27384.0,27766.0,27367.0,27732.0,43269.0,1195164551.0,0.0
MHImain,HKFE,2021-07-22 11:31:00,27732.0,27734.0,27615.0,27708.0,19652.0,544021828.0,0.0
MHImain,HKFE,2021-07-22 17:15:00,27707.0,27710.0,27610.0,27640.0,3608.0,99810203.0,0.0
MHImain,HKFE,2021-07-22 21:16:00,27641.0,27670.0,27537.0,27608.0,6714.0,185407615.0,0.0
MHImain,HKFE,2021-07-23 01:16:00,27607.0,27714.0,27410.0,27431.0,37859.0,1041978983.0,0.0
MHImain,HKFE,2021-07-23 11:31:00,27431.0,27441.0,27201.0,27270.0,26397.0,721864228.0,0.0
MHImain,HKFE,2021-07-23 17:15:00,27276.0,27324.0,27172.0,27200.0,4447.0,121237758.0,0.0
MHImain,HKFE,2021-07-23 21:16:00,27201.0,27207.0,27003.0,27054.0,11709.0,316972678.0,0.0
MHImain,HKFE,2021-07-24 01:16:00,27054.0,27075.0,27031.0,27056.0,1447.0,39145406.0,0.0
MHImain,HKFE,2021-07-26 01:16:00,26909.0,26940.0,26511.0,26586.0,53185.0,1420285129.0,0.0
MHImain,HKFE,2021-07-26 11:31:00,26589.0,26624.0,26113.0,26131.0,46729.0,1233052022.0,0.0
MHImain,HKFE,2021-07-26 17:15:00,26134.0,26294.0,26134.0,26242.0,6670.0,174992929.0,0.0
MHImain,HKFE,2021-07-26 21:16:00,26243.0,26372.0,26180.0,26190.0,9906.0,260473595.0,0.0
MHImain,HKFE,2021-07-27 01:16:00,26191.0,26342.0,25726.0,25959.0,57454.0,1499222999.0,0.0
MHImain,HKFE,2021-07-27 11:31:00,25959.0,25968.0,24746.0,25047.0,79330.0,2011512023.0,0.0
MHImain,HKFE,2021-07-27 17:15:00,25045.0,25304.0,25045.0,25220.0,8808.0,222112559.0,0.0
MHImain,HKFE,2021-07-27 21:16:00,25218.0,25318.0,24979.0,24996.0,14683.0,369512802.0,0.0
MHImain,HKFE,2021-07-28 01:16:00,24998.0,25588.0,24930.0,25213.0,65817.0,1662309235.0,0.0
MHImain,HKFE,2021-07-28 11:31:00,25213.0,25480.0,24869.0,25384.0,46251.0,1166363084.0,0.0
MHImain,HKFE,2021-07-28 17:15:00,25320.0,25709.0,25320.0,25698.0,3811.0,97210430.0,0.0
MHImain,HKFE,2021-07-28 21:16:00,25691.0,26080.0,25625.0,26038.0,8362.0,216243081.0,0.0
MHImain,HKFE,2021-07-29 01:16:00,26039.0,26169.0,25750.0,26035.0,49244.0,1276792717.0,0.0
MHImain,HKFE,2021-07-29 11:31:00,26034.0,26259.0,26011.0,26190.0,35483.0,927068569.0,0.0
MHImain,HKFE,2021-07-29 17:15:00,26208.0,26284.0,26130.0,26209.0,9005.0,235982787.0,0.0
MHImain,HKFE,2021-07-29 21:16:00,26209.0,26222.0,25986.0,26066.0,13498.0,352059598.0,0.0
MHImain,HKFE,2021-07-30 01:16:00,26066.0,26086.0,25751.0,25762.0,53690.0,1392706273.0,0.0
MHImain,HKFE,2021-07-30 11:31:00,25759.0,25921.0,25560.0,25907.0,43978.0,1131267423.0,0.0
MHImain,HKFE,2021-07-30 17:15:00,25900.0,25912.0,25722.0,25762.0,7137.0,184178101.0,0.0
MHImain,HKFE,2021-07-30 21:16:00,25762.0,25988.0,25758.0,25958.0,11491.0,297812587.0,0.0
MHImain,HKFE,2021-07-31 01:16:00,25957.0,25966.0,25840.0,25863.0,1703.0,44105776.0,0.0
MHImain,HKFE,2021-08-02 01:16:00,25975.0,26211.0,25668.0,26181.0,57256.0,1484779273.0,0.0
MHImain,HKFE,2021-08-02 11:31:00,26181.0,26242.0,26046.0,26124.0,29273.0,765173259.0,0.0
MHImain,HKFE,2021-08-02 17:15:00,26126.0,26174.0,26077.0,26093.0,5376.0,140432534.0,0.0
MHImain,HKFE,2021-08-02 21:16:00,26090.0,26229.0,26073.0,26168.0,9912.0,259129027.0,0.0
MHImain,HKFE,2021-08-03 01:16:00,26165.0,26187.0,25702.0,25947.0,57877.0,1499858639.0,0.0
MHImain,HKFE,2021-08-03 11:31:00,25948.0,26193.0,25906.0,26055.0,30738.0,801196019.0,0.0
MHImain,HKFE,2021-08-03 17:15:00,26051.0,26158.0,26029.0,26032.0,6225.0,162393688.0,0.0
MHImain,HKFE,2021-08-03 21:16:00,26031.0,26087.0,25921.0,26085.0,10787.0,280409526.0,0.0
MHImain,HKFE,2021-08-04 01:16:00,26087.0,26567.0,25929.0,26554.0,55367.0,1456205629.0,0.0
MHImain,HKFE,2021-08-04 11:31:00,26553.0,26583.0,26293.0,26364.0,29006.0,766468503.0,0.0
MHImain,HKFE,2021-08-04 17:15:00,26370.0,26395.0,26286.0,26303.0,4576.0,120521694.0,0.0
MHImain,HKFE,2021-08-04 21:16:00,26303.0,26436.0,26297.0,26375.0,10001.0,263691522.0,0.0
MHImain,HKFE,2021-08-05 01:16:00,26378.0,26486.0,26209.0,26422.0,46448.0,1225262090.0,0.0
MHImain,HKFE,2021-08-05 11:31:00,26424.0,26425.0,26057.0,26126.0,38988.0,1021805636.0,0.0
MHImain,HKFE,2021-08-05 17:15:00,26139.0,26176.0,26115.0,26154.0,3810.0,99615875.0,0.0
MHImain,HKFE,2021-08-05 21:16:00,26152.0,26273.0,26144.0,26240.0,6773.0,177589807.0,0.0
MHImain,HKFE,2021-08-06 01:16:00,26239.0,26256.0,25900.0,26086.0,46690.0,1216257288.0,0.0
MHImain,HKFE,2021-08-06 11:31:00,26085.0,26212.0,26044.0,26120.0,25420.0,664278713.0,0.0
MHImain,HKFE,2021-08-06 17:15:00,26130.0,26213.0,26113.0,26157.0,4533.0,118614567.0,0.0
MHImain,HKFE,2021-08-06 21:16:00,26159.0,26194.0,25966.0,26038.0,8971.0,233804589.0,0.0
MHImain,HKFE,2021-08-07 01:16:00,26037.0,26067.0,26025.0,26030.0,1030.0,26828299.0,0.0
MHImain,HKFE,2021-08-09 01:16:00,25900.0,26476.0,25814.0,26360.0,52373.0,1371711998.0,0.0
MHImain,HKFE,2021-08-09 11:31:00,26358.0,26406.0,26158.0,26221.0,26756.0,702788882.0,0.0
MHImain,HKFE,2021-08-09 17:15:00,26227.0,26277.0,26212.0,26256.0,3473.0,91143014.0,0.0
MHImain,HKFE,2021-08-09 21:16:00,26256.0,26349.0,26221.0,26322.0,6151.0,161754995.0,0.0
MHImain,HKFE,2021-08-10 01:16:00,26322.0,26408.0,26027.0,26259.0,53195.0,1394119344.0,0.0
MHImain,HKFE,2021-08-10 11:31:00,26261.0,26516.0,26245.0,26477.0,32397.0,855678825.0,0.0
MHImain,HKFE,2021-08-10 17:15:00,26477.0,26480.0,26416.0,26434.0,2764.0,73078612.0,0.0
MHImain,HKFE,2021-08-10 21:16:00,26434.0,26452.0,26350.0,26408.0,7404.0,195488568.0,0.0
MHImain,HKFE,2021-08-11 01:16:00,26407.0,26722.0,26298.0,26606.0,52189.0,1385212255.0,0.0
MHImain,HKFE,2021-08-11 11:31:00,26604.0,26619.0,26467.0,26543.0,24009.0,636900796.0,0.0
MHImain,HKFE,2021-08-11 17:15:00,26548.0,26733.0,26516.0,26671.0,6684.0,178011082.0,0.0
MHImain,HKFE,2021-08-11 21:16:00,26674.0,26678.0,26474.0,26576.0,8961.0,238113819.0,0.0
MHImain,HKFE,2021-08-12 01:16:00,26571.0,26619.0,26421.0,26524.0,48426.0,1284454941.0,0.0
MHImain,HKFE,2021-08-12 11:31:00,26523.0,26565.0,26295.0,26387.0,29567.0,781249589.0,0.0
MHImain,HKFE,2021-08-12 17:15:00,26387.0,26434.0,26315.0,26349.0,4256.0,112269428.0,0.0
MHImain,HKFE,2021-08-12 21:16:00,26347.0,26356.0,26215.0,26243.0,8451.0,221947554.0,0.0
MHImain,HKFE,2021-08-13 01:16:00,26244.0,26445.0,26081.0,26162.0,50934.0,1337297148.0,0.0
MHImain,HKFE,2021-08-13 11:31:00,26162.0,26334.0,26122.0,26310.0,26112.0,684702392.0,0.0
MHImain,HKFE,2021-08-13 17:15:00,26319.0,26353.0,26286.0,26349.0,2608.0,68632244.0,0.0
MHImain,HKFE,2021-08-13 21:16:00,26346.0,26369.0,26258.0,26331.0,6656.0,175187215.0,0.0
MHImain,HKFE,2021-08-14 01:16:00,26331.0,26348.0,26316.0,26345.0,844.0,22226205.0,0.0
MHImain,HKFE,2021-08-16 01:16:00,26350.0,26381.0,26032.0,26146.0,52121.0,1366493418.0,0.0
MHImain,HKFE,2021-08-16 11:31:00,26146.0,26181.0,25987.0,26088.0,28322.0,738624958.0,0.0
MHImain,HKFE,2021-08-16 17:15:00,26088.0,26134.0,26055.0,26118.0,3609.0,94198171.0,0.0
MHImain,HKFE,2021-08-16 21:16:00,26116.0,26130.0,25995.0,26100.0,8507.0,221736290.0,0.0
MHImain,HKFE,2021-08-17 01:16:00,26102.0,26201.0,25911.0,25940.0,56287.0,1467392804.0,0.0
MHImain,HKFE,2021-08-17 11:31:00,25941.0,25974.0,25551.0,25691.0,48712.0,1252913655.0,0.0
MHImain,HKFE,2021-08-17 17:15:00,25700.0,25726.0,25588.0,25607.0,5313.0,136332521.0,0.0
MHImain,HKFE,2021-08-17 21:16:00,25605.0,25764.0,25552.0,25600.0,13594.0,348947210.0,0.0
MHImain,HKFE,2021-08-18 01:16:00,25600.0,25909.0,25562.0,25906.0,50960.0,1314239108.0,0.0
MHImain,HKFE,2021-08-18 11:31:00,25906.0,25955.0,25734.0,25761.0,27963.0,722738269.0,0.0
MHImain,HKFE,2021-08-18 17:15:00,25795.0,25820.0,25717.0,25758.0,4255.0,109636919.0,0.0
MHImain,HKFE,2021-08-18 21:16:00,25758.0,25835.0,25736.0,25788.0,8754.0,225699207.0,0.0
MHImain,HKFE,2021-08-19 01:16:00,25792.0,25870.0,25312.0,25346.0,54267.0,1386826431.0,0.0
MHImain,HKFE,2021-08-19 11:31:00,25342.0,25536.0,25145.0,25225.0,44889.0,1135947634.0,0.0
MHImain,HKFE,2021-08-19 17:15:00,25195.0,25294.0,25124.0,25287.0,8107.0,204584656.0,0.0
MHImain,HKFE,2021-08-19 21:16:00,25289.0,25393.0,25267.0,25338.0,14179.0,359202845.0,0.0
MHImain,HKFE,2021-08-20 01:16:00,25340.0,25358.0,24731.0,24745.0,69051.0,1728273392.0,0.0
MHImain,HKFE,2021-08-20 11:31:00,24746.0,24939.0,24554.0,24785.0,53790.0,1330596593.0,0.0
MHImain,HKFE,2021-08-20 17:15:00,24770.0,24956.0,24736.0,24956.0,5720.0,142232510.0,0.0
MHImain,HKFE,2021-08-20 21:16:00,24956.0,25107.0,24878.0,25076.0,13786.0,345200131.0,0.0
MHImain,HKFE,2021-08-21 01:16:00,25075.0,25078.0,24990.0,24990.0,1293.0,32367045.0,0.0
MHImain,HKFE,2021-08-23 01:16:00,25050.0,25443.0,25048.0,25340.0,54172.0,1368709061.0,0.0
MHImain,HKFE,2021-08-23 11:31:00,25339.0,25341.0,25021.0,25090.0,31038.0,781182846.0,0.0
MHImain,HKFE,2021-08-23 17:15:00,25099.0,25214.0,25099.0,25178.0,4134.0,104015414.0,0.0
MHImain,HKFE,2021-08-23 21:16:00,25178.0,25289.0,25157.0,25283.0,7714.0,194494602.0,0.0
MHImain,HKFE,2021-08-24 01:16:00,25283.0,25588.0,25274.0,25516.0,47823.0,1217218122.0,0.0
MHImain,HKFE,2021-08-24 11:31:00,25516.0,25705.0,25447.0,25638.0,35045.0,895473964.0,0.0
MHImain,HKFE,2021-08-24 17:15:00,25650.0,25650.0,25564.0,25604.0,4720.0,120794067.0,0.0
MHImain,HKFE,2021-08-24 21:16:00,25604.0,25786.0,25601.0,25710.0,10735.0,275964438.0,0.0
MHImain,HKFE,2021-08-25 01:16:00,25710.0,25954.0,25533.0,25636.0,61194.0,1575340375.0,0.0
MHImain,HKFE,2021-08-25 11:31:00,25636.0,25713.0,25536.0,25675.0,25474.0,652878682.0,0.0
MHImain,HKFE,2021-08-25 17:15:00,25680.0,25695.0,25604.0,25649.0,3807.0,97643653.0,0.0
MHImain,HKFE,2021-08-25 21:16:00,25651.0,25666.0,25570.0,25603.0,7346.0,188189074.0,0.0
MHImain,HKFE,2021-08-26 01:16:00,25602.0,25682.0,25314.0,25387.0,51415.0,1311912895.0,0.0
MHImain,HKFE,2021-08-26 11:31:00,25388.0,25432.0,25230.0,25415.0,31503.0,797628405.0,0.0
MHImain,HKFE,2021-08-26 17:15:00,25408.0,25453.0,25375.0,25430.0,4116.0,104601532.0,0.0
MHImain,HKFE,2021-08-26 21:16:00,25429.0,25474.0,25349.0,25442.0,8189.0,208161609.0,0.0
MHImain,HKFE,2021-08-27 01:16:00,25441.0,25648.0,25296.0,25482.0,46352.0,1180537029.0,0.0
MHImain,HKFE,2021-08-27 11:31:00,25483.0,25560.0,25314.0,25357.0,23760.0,604047118.0,0.0
MHImain,HKFE,2021-08-27 17:15:00,25257.0,25333.0,25252.0,25292.0,1260.0,31866153.0,0.0
MHImain,HKFE,2021-08-27 21:16:00,25287.0,25417.0,25259.0,25361.0,2674.0,67779067.0,0.0
MHImain,HKFE,2021-08-28 01:16:00,25362.0,25364.0,25333.0,25333.0,365.0,9252058.0,0.0
MHImain,HKFE,2021-08-30 01:16:00,25350.0,25437.0,25088.0,25343.0,44310.0,1120104097.0,0.0
MHImain,HKFE,2021-08-30 11:31:00,25343.0,25482.0,25255.0,25428.0,27592.0,699917964.0,0.0
MHImain,HKFE,2021-08-30 17:15:00,25414.0,25437.0,25308.0,25351.0,4464.0,113164259.0,0.0
MHImain,HKFE,2021-08-30 21:16:00,25351.0,25398.0,25264.0,25388.0,6674.0,168994777.0,0.0
MHImain,HKFE,2021-08-31 01:16:00,25388.0,25445.0,25004.0,25026.0,50234.0,1265251816.0,0.0
MHImain,HKFE,2021-08-31 11:31:00,25029.0,25792.0,25024.0,25761.0,54170.0,1379747898.0,0.0
MHImain,HKFE,2021-08-31 17:15:00,25747.0,25756.0,25604.0,25638.0,6325.0,162325275.0,0.0
MHImain,HKFE,2021-08-31 21:16:00,25635.0,25719.0,25611.0,25664.0,8760.0,224738814.0,0.0
MHImain,HKFE,2021-09-01 01:16:00,25667.0,25969.0,25574.0,25937.0,60002.0,1544946904.0,0.0
MHImain,HKFE,2021-09-01 11:31:00,25934.0,25978.0,25843.0,25923.0,26477.0,686101392.0,0.0
MHImain,HKFE,2021-09-01 17:15:00,25926.0,25963.0,25861.0,25906.0,3759.0,97376995.0,0.0
MHImain,HKFE,2021-09-01 21:16:00,25905.0,26123.0,25892.0,26101.0,9965.0,259364679.0,0.0
MHImain,HKFE,2021-09-02 01:16:00,26103.0,26266.0,25918.0,25979.0,56125.0,1465496250.0,0.0
MHImain,HKFE,2021-09-02 11:31:00,25979.0,26049.0,25892.0,26019.0,26809.0,696157562.0,0.0
MHImain,HKFE,2021-09-02 17:15:00,26007.0,26077.0,25984.0,25998.0,3812.0,99219227.0,0.0
MHImain,HKFE,2021-09-02 21:16:00,25996.0,26047.0,25945.0,25953.0,6150.0,159866258.0,0.0
MHImain,HKFE,2021-09-03 01:16:00,25952.0,25984.0,25724.0,25843.0,54228.0,1403024955.0,0.0
MHImain,HKFE,2021-09-03 11:31:00,25839.0,25892.0,25744.0,25845.0,23664.0,611093213.0,0.0
MHImain,HKFE,2021-09-03 17:15:00,25863.0,25877.0,25756.0,25854.0,7320.0,189009524.0,0.0
MHImain,HKFE,2021-09-03 21:16:00,25849.0,25887.0,25780.0,25876.0,7303.0,188722290.0,0.0
MHImain,HKFE,2021-09-04 01:16:00,25876.0,25886.0,25857.0,25860.0,776.0,20076928.0,0.0
MHImain,HKFE,2021-09-06 01:16:00,25828.0,26043.0,25705.0,25953.0,44791.0,1161093297.0,0.0
MHImain,HKFE,2021-09-06 11:31:00,25953.0,26111.0,25932.0,26080.0,22753.0,592586898.0,0.0
MHImain,HKFE,2021-09-06 17:15:00,26088.0,26159.0,26077.0,26124.0,3466.0,90564637.0,0.0
MHImain,HKFE,2021-09-06 21:16:00,26126.0,26159.0,26123.0,26143.0,2193.0,57332868.0,0.0
MHImain,HKFE,2021-09-07 01:16:00,26143.0,26365.0,26031.0,26231.0,53184.0,1392869966.0,0.0
MHImain,HKFE,2021-09-07 11:31:00,26233.0,26393.0,26199.0,26229.0,27688.0,728031597.0,0.0
MHImain,HKFE,2021-09-07 17:15:00,26212.0,26229.0,26167.0,26201.0,3500.0,91706996.0,0.0
MHImain,HKFE,2021-09-07 21:16:00,26202.0,26302.0,26190.0,26294.0,8191.0,215021065.0,0.0
MHImain,HKFE,2021-09-08 01:16:00,26295.0,26476.0,26188.0,26192.0,49727.0,1310096507.0,0.0
MHImain,HKFE,2021-09-08 11:31:00,26193.0,26245.0,26070.0,26212.0,32950.0,862283130.0,0.0
MHImain,HKFE,2021-09-08 17:15:00,26219.0,26312.0,26203.0,26269.0,5290.0,138999138.0,0.0
MHImain,HKFE,2021-09-08 21:16:00,26268.0,26290.0,26068.0,26092.0,12528.0,327558270.0,0.0
MHImain,HKFE,2021-09-09 01:16:00,26091.0,26119.0,25808.0,25821.0,52325.0,1357878947.0,0.0
MHImain,HKFE,2021-09-09 11:31:00,25824.0,25895.0,25581.0,25647.0,41856.0,1076812575.0,0.0
MHImain,HKFE,2021-09-09 17:15:00,25621.0,25759.0,25610.0,25751.0,6133.0,157646041.0,0.0
MHImain,HKFE,2021-09-09 21:16:00,25746.0,25859.0,25717.0,25835.0,9363.0,241645927.0,0.0
MHImain,HKFE,2021-09-10 01:16:00,25835.0,26136.0,25740.0,26083.0,53498.0,1390921815.0,0.0
MHImain,HKFE,2021-09-10 11:31:00,26083.0,26174.0,26038.0,26148.0,25751.0,672500480.0,0.0
MHImain,HKFE,2021-09-10 17:15:00,26160.0,26191.0,26118.0,26132.0,3513.0,91876902.0,0.0
MHImain,HKFE,2021-09-10 21:16:00,26134.0,26159.0,25923.0,25997.0,12820.0,333640043.0,0.0
MHImain,HKFE,2021-09-11 01:16:00,25997.0,26003.0,25951.0,25961.0,1095.0,28443017.0,0.0
MHImain,HKFE,2021-09-13 01:16:00,25919.0,25920.0,25627.0,25707.0,50575.0,1301244115.0,0.0
MHImain,HKFE,2021-09-13 11:31:00,25707.0,25803.0,25534.0,25787.0,32749.0,839719250.0,0.0
MHImain,HKFE,2021-09-13 17:15:00,25800.0,25831.0,25768.0,25820.0,3688.0,95149127.0,0.0
MHImain,HKFE,2021-09-13 21:16:00,25820.0,25892.0,25718.0,25881.0,11052.0,285141180.0,0.0
MHImain,HKFE,2021-09-14 01:16:00,25884.0,25885.0,25588.0,25760.0,54357.0,1398708969.0,0.0
MHImain,HKFE,2021-09-14 11:31:00,25760.0,25768.0,25322.0,25445.0,43532.0,1110164321.0,0.0
MHImain,HKFE,2021-09-14 17:15:00,25453.0,25475.0,25349.0,25468.0,6823.0,173401045.0,0.0
MHImain,HKFE,2021-09-14 21:16:00,25468.0,25478.0,25325.0,25367.0,9285.0,235702481.0,0.0
MHImain,HKFE,2021-09-15 01:16:00,25368.0,25409.0,25100.0,25278.0,56129.0,1418321602.0,0.0
MHImain,HKFE,2021-09-15 11:31:00,25279.0,25291.0,24983.0,25049.0,41155.0,1032383672.0,0.0
MHImain,HKFE,2021-09-15 17:15:00,25049.0,25055.0,24987.0,25014.0,3461.0,86611461.0,0.0
MHImain,HKFE,2021-09-15 21:16:00,25018.0,25042.0,24932.0,25010.0,10647.0,265992552.0,0.0
MHImain,HKFE,2021-09-16 01:16:00,25009.0,25057.0,24596.0,24631.0,62296.0,1545595559.0,0.0
MHImain,HKFE,2021-09-16 11:31:00,24634.0,24676.0,24478.0,24656.0,45868.0,1127113098.0,0.0
MHImain,HKFE,2021-09-16 17:15:00,24645.0,24663.0,24574.0,24625.0,5333.0,131305159.0,0.0
MHImain,HKFE,2021-09-16 21:16:00,24627.0,24694.0,24562.0,24678.0,7976.0,196486910.0,0.0
MHImain,HKFE,2021-09-17 01:16:00,24676.0,24822.0,24406.0,24738.0,59805.0,1474833931.0,0.0
MHImain,HKFE,2021-09-17 11:31:00,24738.0,24925.0,24670.0,24880.0,31401.0,778214521.0,0.0
MHImain,HKFE,2021-09-17 17:15:00,24878.0,24914.0,24822.0,24870.0,5081.0,126305380.0,0.0
MHImain,HKFE,2021-09-17 21:16:00,24869.0,24880.0,24760.0,24805.0,8642.0,214439235.0,0.0
MHImain,HKFE,2021-09-18 01:16:00,24805.0,24805.0,24743.0,24787.0,1437.0,35603894.0,0.0
MHImain,HKFE,2021-09-20 01:16:00,24660.0,24718.0,23848.0,23918.0,61866.0,1496266286.0,0.0
MHImain,HKFE,2021-09-20 11:31:00,23918.0,24152.0,23831.0,24065.0,37216.0,894006015.0,0.0
MHImain,HKFE,2021-09-20 17:15:00,24071.0,24072.0,23881.0,23992.0,7564.0,181230912.0,0.0
MHImain,HKFE,2021-09-20 21:16:00,23990.0,24078.0,23780.0,23804.0,13072.0,313373454.0,0.0
MHImain,HKFE,2021-09-21 01:16:00,23803.0,24181.0,23663.0,23892.0,52218.0,1252660823.0,0.0
MHImain,HKFE,2021-09-21 11:31:00,23891.0,24260.0,23885.0,24179.0,32717.0,787218881.0,0.0
MHImain,HKFE,2021-09-21 17:15:00,24170.0,24196.0,23993.0,24058.0,5694.0,137257897.0,0.0
MHImain,HKFE,2021-09-21 21:16:00,24058.0,24169.0,24018.0,24125.0,11715.0,282259412.0,0.0
MHImain,HKFE,2021-09-22 01:16:00,24122.0,24134.0,24065.0,24120.0,1641.0,39553757.0,0.0
MHImain,HKFE,2021-09-23 01:16:00,24443.0,24792.0,24384.0,24439.0,59992.0,1474484924.0,0.0
MHImain,HKFE,2021-09-23 11:31:00,24437.0,24523.0,24284.0,24515.0,35810.0,873856933.0,0.0
MHImain,HKFE,2021-09-23 17:15:00,24524.0,24649.0,24312.0,24342.0,12581.0,307592425.0,0.0
MHImain,HKFE,2021-09-23 21:16:00,24343.0,24463.0,24337.0,24448.0,8478.0,206893062.0,0.0
MHImain,HKFE,2021-09-24 01:16:00,24448.0,24596.0,24275.0,24467.0,59180.0,1447324204.0,0.0
MHImain,HKFE,2021-09-24 11:31:00,24469.0,24504.0,24035.0,24164.0,41296.0,1002609494.0,0.0
MHImain,HKFE,2021-09-24 17:15:00,24166.0,24197.0,23954.0,24013.0,8334.0,200501587.0,0.0
MHImain,HKFE,2021-09-24 21:16:00,24013.0,24056.0,23924.0,23996.0,9748.0,233881742.0,0.0
MHImain,HKFE,2021-09-25 01:16:00,23995.0,24004.0,23951.0,23993.0,1134.0,27186151.0,0.0
MHImain,HKFE,2021-09-27 01:16:00,24055.0,24491.0,24030.0,24367.0,59292.0,1443387245.0,0.0
MHImain,HKFE,2021-09-27 11:31:00,24367.0,24371.0,24108.0,24181.0,36156.0,876105576.0,0.0
MHImain,HKFE,2021-09-27 17:15:00,24183.0,24218.0,24076.0,24126.0,6972.0,168356926.0,0.0
MHImain,HKFE,2021-09-27 21:16:00,24124.0,24273.0,24054.0,24271.0,10116.0,244592590.0,0.0
MHImain,HKFE,2021-09-28 01:16:00,24272.0,24646.0,24175.0,24568.0,53039.0,1295118590.0,0.0
MHImain,HKFE,2021-09-28 11:31:00,24568.0,24681.0,24406.0,24479.0,33690.0,826933780.0,0.0
MHImain,HKFE,2021-09-28 17:15:00,24450.0,24459.0,24321.0,24379.0,3403.0,82929202.0,0.0
MHImain,HKFE,2021-09-28 21:16:00,24379.0,24398.0,24155.0,24170.0,5997.0,145417792.0,0.0
MHImain,HKFE,2021-09-29 01:16:00,24170.0,24408.0,23988.0,24343.0,50869.0,1232299331.0,0.0
MHImain,HKFE,2021-09-29 11:31:00,24339.0,24666.0,24297.0,24522.0,45377.0,1112704497.0,0.0
MHImain,HKFE,2021-09-29 17:15:00,24523.0,24557.0,24497.0,24505.0,3894.0,95497514.0,0.0
MHImain,HKFE,2021-09-29 21:16:00,24503.0,24532.0,24358.0,24377.0,11701.0,286146245.0,0.0
MHImain,HKFE,2021-09-30 01:16:00,24378.0,24549.0,24279.0,24352.0,55928.0,1363983520.0,0.0
MHImain,HKFE,2021-09-30 11:31:00,24353.0,24622.0,24315.0,24525.0,32282.0,790605572.0,0.0
MHImain,HKFE,2021-09-30 17:15:00,24530.0,24545.0,24450.0,24506.0,3763.0,92174248.0,0.0
MHImain,HKFE,2021-09-30 21:16:00,24506.0,24625.0,24436.0,24512.0,13103.0,321442882.0,0.0
MHImain,HKFE,2021-10-01 01:16:00,24512.0,24568.0,24472.0,24560.0,1928.0,47272807.0,0.0
MHImain,HKFE,2021-10-04 01:16:00,24338.0,24409.0,23836.0,23945.0,60290.0,1450798625.0,0.0
MHImain,HKFE,2021-10-04 11:31:00,23944.0,24080.0,23869.0,23965.0,31405.0,753009083.0,0.0
MHImain,HKFE,2021-10-04 17:15:00,23984.0,24097.0,23984.0,24069.0,5351.0,128708003.0,0.0
MHImain,HKFE,2021-10-04 21:16:00,24068.0,24075.0,23785.0,23920.0,14921.0,356627980.0,0.0
MHImain,HKFE,2021-10-05 01:16:00,23919.0,24118.0,23644.0,24031.0,60829.0,1452552678.0,0.0
MHImain,HKFE,2021-10-05 11:31:00,24032.0,24177.0,23980.0,24066.0,30193.0,726780770.0,0.0
MHImain,HKFE,2021-10-05 17:15:00,24069.0,24111.0,24027.0,24069.0,4416.0,106312374.0,0.0
MHImain,HKFE,2021-10-05 21:16:00,24071.0,24266.0,24066.0,24258.0,9439.0,228202663.0,0.0
MHImain,HKFE,2021-10-06 01:16:00,24260.0,24283.0,23743.0,23892.0,55108.0,1317802333.0,0.0
MHImain,HKFE,2021-10-06 11:31:00,23894.0,24090.0,23835.0,23965.0,36231.0,867674020.0,0.0
MHImain,HKFE,2021-10-06 17:15:00,23936.0,23984.0,23837.0,23975.0,6757.0,161524290.0,0.0
MHImain,HKFE,2021-10-06 21:16:00,23976.0,24078.0,23919.0,23997.0,12591.0,302280225.0,0.0
MHImain,HKFE,2021-10-07 01:16:00,23995.0,24561.0,23993.0,24478.0,48198.0,1177392812.0,0.0
MHImain,HKFE,2021-10-07 11:31:00,24477.0,24712.0,24447.0,24623.0,32290.0,793833004.0,0.0
MHImain,HKFE,2021-10-07 17:15:00,24629.0,24697.0,24591.0,24622.0,5032.0,124016234.0,0.0
MHImain,HKFE,2021-10-07 21:16:00,24623.0,24875.0,24608.0,24834.0,11850.0,293473584.0,0.0
MHImain,HKFE,2021-10-08 01:16:00,24833.0,24990.0,24618.0,24650.0,56879.0,1408406765.0,0.0
MHImain,HKFE,2021-10-08 11:31:00,24650.0,24830.0,24559.0,24825.0,31839.0,785913919.0,0.0
MHImain,HKFE,2021-10-08 17:15:00,24808.0,25004.0,24766.0,24951.0,8579.0,213690476.0,0.0
MHImain,HKFE,2021-10-08 21:16:00,24953.0,24991.0,24881.0,24971.0,8216.0,204961461.0,0.0
MHImain,HKFE,2021-10-09 01:16:00,24969.0,25037.0,24962.0,25028.0,1349.0,33733614.0,0.0
MHImain,HKFE,2021-10-11 01:16:00,24978.0,25336.0,24968.0,25278.0,47727.0,1204085369.0,0.0
MHImain,HKFE,2021-10-11 11:31:00,25278.0,25382.0,25214.0,25268.0,29789.0,753324053.0,0.0
MHImain,HKFE,2021-10-11 17:15:00,25263.0,25269.0,25191.0,25246.0,4337.0,109387000.0,0.0
MHImain,HKFE,2021-10-11 21:16:00,25250.0,25269.0,25072.0,25078.0,9848.0,248018868.0,0.0
MHImain,HKFE,2021-10-12 01:16:00,25076.0,25139.0,24860.0,25001.0,52672.0,1317759465.0,0.0
MHImain,HKFE,2021-10-12 11:31:00,25001.0,25063.0,24818.0,24912.0,30804.0,767545327.0,0.0
MHImain,HKFE,2021-10-12 17:15:00,24918.0,25030.0,24918.0,24970.0,1109.0,27711313.0,0.0
MHImain,HKFE,2021-10-12 21:16:00,24970.0,24970.0,24970.0,24970.0,0.0,0.0,0.0
MHImain,HKFE,2021-10-15 01:16:00,25150.0,25224.0,24864.0,25129.0,51551.0,1290977830.0,0.0
MHImain,HKFE,2021-10-15 11:31:00,25130.0,25336.0,25108.0,25308.0,32244.0,813480298.0,0.0
MHImain,HKFE,2021-10-15 17:15:00,25301.0,25315.0,25261.0,25279.0,3385.0,85586734.0,0.0
MHImain,HKFE,2021-10-15 21:16:00,25281.0,25478.0,25254.0,25410.0,9657.0,245284759.0,0.0
MHImain,HKFE,2021-10-16 01:16:00,25411.0,25464.0,25405.0,25460.0,1113.0,28312249.0,0.0
MHImain,HKFE,2021-10-18 01:16:00,25420.0,25438.0,25086.0,25168.0,44044.0,1109826225.0,0.0
MHImain,HKFE,2021-10-18 11:31:00,25167.0,25465.0,25076.0,25440.0,28249.0,712615401.0,0.0
MHImain,HKFE,2021-10-18 17:15:00,25420.0,25468.0,25377.0,25390.0,4475.0,113755738.0,0.0
MHImain,HKFE,2021-10-18 21:16:00,25389.0,25581.0,25386.0,25551.0,7547.0,192469200.0,0.0
MHImain,HKFE,2021-10-19 01:16:00,25552.0,25800.0,25445.0,25732.0,41031.0,1051272141.0,0.0
MHImain,HKFE,2021-10-19 11:31:00,25733.0,25812.0,25650.0,25770.0,21218.0,546027972.0,0.0
MHImain,HKFE,2021-10-19 17:15:00,25756.0,25853.0,25751.0,25755.0,4165.0,107471850.0,0.0
MHImain,HKFE,2021-10-19 21:16:00,25757.0,25965.0,25745.0,25953.0,8942.0,231295926.0,0.0
MHImain,HKFE,2021-10-20 01:16:00,25953.0,26184.0,25862.0,26157.0,46655.0,1212709815.0,0.0
MHImain,HKFE,2021-10-20 11:31:00,26155.0,26184.0,26006.0,26158.0,25141.0,656081707.0,0.0
MHImain,HKFE,2021-10-20 17:15:00,26152.0,26210.0,26137.0,26204.0,3494.0,91451709.0,0.0
MHImain,HKFE,2021-10-20 21:16:00,26203.0,26217.0,26069.0,26103.0,9369.0,244915429.0,0.0
MHImain,HKFE,2021-10-21 01:16:00,26103.0,26223.0,26022.0,26094.0,43251.0,1130117073.0,0.0
MHImain,HKFE,2021-10-21 11:31:00,26093.0,26105.0,25818.0,25970.0,33741.0,875271215.0,0.0
MHImain,HKFE,2021-10-21 17:15:00,25967.0,25989.0,25938.0,25968.0,3076.0,79863449.0,0.0
MHImain,HKFE,2021-10-21 21:16:00,25968.0,26049.0,25924.0,25991.0,7341.0,190744877.0,0.0
MHImain,HKFE,2021-10-22 01:16:00,25992.0,26175.0,25948.0,26159.0,39760.0,1036573493.0,0.0
MHImain,HKFE,2021-10-22 11:31:00,26161.0,26162.0,25985.0,26110.0,23202.0,604823024.0,0.0
MHImain,HKFE,2021-10-22 17:15:00,26112.0,26139.0,26077.0,26083.0,2529.0,66028014.0,0.0
MHImain,HKFE,2021-10-22 21:16:00,26081.0,26227.0,25995.0,26028.0,11588.0,302575359.0,0.0
MHImain,HKFE,2021-10-23 01:16:00,26027.0,26055.0,25975.0,26003.0,1918.0,49889438.0,0.0
MHImain,HKFE,2021-10-25 01:16:00,26000.0,26193.0,25886.0,26159.0,40451.0,1053740800.0,0.0
MHImain,HKFE,2021-10-25 11:31:00,26161.0,26185.0,26075.0,26138.0,17974.0,469595148.0,0.0
MHImain,HKFE,2021-10-25 17:15:00,26148.0,26150.0,26089.0,26118.0,2373.0,61965555.0,0.0
MHImain,HKFE,2021-10-25 21:16:00,26120.0,26168.0,26035.0,26166.0,6677.0,174254471.0,0.0
MHImain,HKFE,2021-10-26 01:16:00,26164.0,26257.0,26011.0,26052.0,37424.0,977072870.0,0.0
MHImain,HKFE,2021-10-26 11:31:00,26055.0,26063.0,25898.0,26035.0,24743.0,642920900.0,0.0
MHImain,HKFE,2021-10-26 17:15:00,26050.0,26091.0,26014.0,26059.0,2734.0,71259607.0,0.0
MHImain,HKFE,2021-10-26 21:16:00,26056.0,26072.0,25808.0,25831.0,9015.0,234004756.0,0.0
MHImain,HKFE,2021-10-27 01:16:00,25831.0,25872.0,25555.0,25638.0,37241.0,955813350.0,0.0
MHImain,HKFE,2021-10-27 11:31:00,25640.0,25681.0,25555.0,25640.0,18018.0,461597589.0,0.0
MHImain,HKFE,2021-10-27 17:15:00,25569.0,25569.0,25459.0,25524.0,2694.0,68696221.0,0.0
MHImain,HKFE,2021-10-27 21:16:00,25526.0,25628.0,25504.0,25572.0,5183.0,132514640.0,0.0
MHImain,HKFE,2021-10-28 01:16:00,25572.0,25705.0,25446.0,25493.0,35732.0,913564245.0,0.0
MHImain,HKFE,2021-10-28 11:31:00,25494.0,25618.0,25399.0,25409.0,23829.0,607831061.0,0.0
MHImain,HKFE,2021-10-28 17:15:00,25452.0,25462.0,25384.0,25445.0,4211.0,107090044.0,0.0
MHImain,HKFE,2021-10-28 21:16:00,25448.0,25499.0,25377.0,25480.0,7894.0,200875407.0,0.0
MHImain,HKFE,2021-10-29 01:16:00,25478.0,25511.0,25250.0,25409.0,41937.0,1063818003.0,0.0
MHImain,HKFE,2021-10-29 11:31:00,25410.0,25438.0,25286.0,25312.0,20872.0,529312681.0,0.0
MHImain,HKFE,2021-10-29 17:15:00,25318.0,25340.0,25231.0,25313.0,5076.0,128346879.0,0.0
MHImain,HKFE,2021-10-29 21:16:00,25310.0,25348.0,25212.0,25234.0,7817.0,197482974.0,0.0
MHImain,HKFE,2021-10-30 01:16:00,25233.0,25250.0,25136.0,25168.0,2203.0,55483839.0,0.0
MHImain,HKFE,2021-11-01 01:16:00,25278.0,25298.0,24919.0,25043.0,44374.0,1111431981.0,0.0
MHImain,HKFE,2021-11-01 11:31:00,25042.0,25144.0,25028.0,25107.0,19796.0,496641576.0,0.0
MHImain,HKFE,2021-11-01 17:15:00,25113.0,25149.0,25081.0,25128.0,2954.0,74206968.0,0.0
MHImain,HKFE,2021-11-01 21:16:00,25128.0,25468.0,25125.0,25466.0,15443.0,391169812.0,0.0
MHImain,HKFE,2021-11-02 01:16:00,25466.0,25622.0,25226.0,25300.0,47367.0,1206315761.0,0.0
MHImain,HKFE,2021-11-02 11:31:00,25301.0,25319.0,24998.0,25010.0,32713.0,821765727.0,0.0
MHImain,HKFE,2021-11-02 17:15:00,25015.0,25072.0,25003.0,25057.0,3149.0,78840079.0,0.0
MHImain,HKFE,2021-11-02 21:16:00,25055.0,25058.0,24926.0,24964.0,8947.0,223615859.0,0.0
MHImain,HKFE,2021-11-03 01:16:00,24963.0,25153.0,24754.0,24864.0,46040.0,1148387648.0,0.0
MHImain,HKFE,2021-11-03 11:31:00,24863.0,25030.0,24774.0,25010.0,25507.0,635147940.0,0.0
MHImain,HKFE,2021-11-03 17:15:00,25015.0,25025.0,24963.0,24965.0,2938.0,73432800.0,0.0
MHImain,HKFE,2021-11-03 21:16:00,24965.0,24986.0,24888.0,24940.0,7640.0,190484471.0,0.0
MHImain,HKFE,2021-11-04 01:16:00,24937.0,25191.0,24913.0,25005.0,42559.0,1068450767.0,0.0
MHImain,HKFE,2021-11-04 11:31:00,25006.0,25232.0,24964.0,25192.0,27047.0,678109057.0,0.0
MHImain,HKFE,2021-11-04 17:15:00,25191.0,25224.0,25139.0,25162.0,3568.0,89817899.0,0.0
MHImain,HKFE,2021-11-04 21:16:00,25163.0,25165.0,24907.0,24941.0,11600.0,290169993.0,0.0
MHImain,HKFE,2021-11-05 01:16:00,24943.0,25017.0,24732.0,24953.0,43112.0,1073135831.0,0.0
MHImain,HKFE,2021-11-05 11:31:00,24955.0,24977.0,24672.0,24865.0,29227.0,725962050.0,0.0
MHImain,HKFE,2021-11-05 17:15:00,24869.0,24952.0,24835.0,24952.0,4399.0,109495835.0,0.0
MHImain,HKFE,2021-11-05 21:16:00,24952.0,24975.0,24712.0,24712.0,12108.0,300547968.0,0.0
MHImain,HKFE,2021-11-06 01:16:00,24714.0,24777.0,24688.0,24716.0,2007.0,49638996.0,0.0
MHImain,HKFE,2021-11-08 01:16:00,24689.0,24836.0,24618.0,24723.0,38882.0,961719803.0,0.0
MHImain,HKFE,2021-11-08 11:31:00,24722.0,24797.0,24663.0,24742.0,22703.0,561508911.0,0.0
MHImain,HKFE,2021-11-08 17:15:00,24758.0,24878.0,24741.0,24849.0,4699.0,116647965.0,0.0
MHImain,HKFE,2021-11-08 21:16:00,24849.0,24898.0,24842.0,24870.0,5572.0,138559923.0,0.0
MHImain,HKFE,2021-11-09 01:16:00,24869.0,24975.0,24645.0,24719.0,38152.0,946699622.0,0.0
MHImain,HKFE,2021-11-09 11:31:00,24719.0,24829.0,24692.0,24773.0,19253.0,476745558.0,0.0
MHImain,HKFE,2021-11-09 17:15:00,24799.0,24828.0,24748.0,24767.0,3117.0,77266642.0,0.0
MHImain,HKFE,2021-11-09 21:16:00,24768.0,24865.0,24666.0,24695.0,10719.0,265281999.0,0.0
MHImain,HKFE,2021-11-10 01:16:00,24692.0,24827.0,24433.0,24530.0,51718.0,1274601755.0,0.0
MHImain,HKFE,2021-11-10 11:31:00,24530.0,25033.0,24447.0,25020.0,40441.0,1000367202.0,0.0
MHImain,HKFE,2021-11-10 17:15:00,25008.0,25008.0,24863.0,24893.0,6111.0,152231749.0,0.0
MHImain,HKFE,2021-11-10 21:16:00,24892.0,25016.0,24836.0,24943.0,10495.0,261632123.0,0.0
MHImain,HKFE,2021-11-11 01:16:00,24948.0,25114.0,24769.0,24917.0,45495.0,1134342014.0,0.0
MHImain,HKFE,2021-11-11 11:31:00,24915.0,25315.0,24887.0,25204.0,39895.0,1002942202.0,0.0
MHImain,HKFE,2021-11-11 17:15:00,25215.0,25243.0,25156.0,25181.0,4492.0,113199828.0,0.0
MHImain,HKFE,2021-11-11 21:16:00,25180.0,25400.0,25175.0,25389.0,10098.0,255560236.0,0.0
MHImain,HKFE,2021-11-12 01:16:00,25385.0,25528.0,25248.0,25288.0,41542.0,1054525200.0,0.0
MHImain,HKFE,2021-11-12 11:31:00,25286.0,25348.0,25181.0,25310.0,27296.0,689910128.0,0.0
MHImain,HKFE,2021-11-12 17:15:00,25315.0,25319.0,25233.0,25252.0,3698.0,93463534.0,0.0
MHImain,HKFE,2021-11-12 21:16:00,25252.0,25379.0,25218.0,25367.0,8062.0,203893773.0,0.0
MHImain,HKFE,2021-11-13 01:16:00,25369.0,25377.0,25328.0,25354.0,1370.0,34729829.0,0.0
MHImain,HKFE,2021-11-15 01:16:00,25380.0,25440.0,25178.0,25238.0,35955.0,909789119.0,0.0
MHImain,HKFE,2021-11-15 11:31:00,25238.0,25403.0,25234.0,25368.0,21244.0,537522473.0,0.0
MHImain,HKFE,2021-11-15 17:15:00,25377.0,25431.0,25375.0,25427.0,2572.0,65346265.0,0.0
MHImain,HKFE,2021-11-15 21:16:00,25431.0,25474.0,25349.0,25365.0,7888.0,200500019.0,0.0
MHImain,HKFE,2021-11-16 01:16:00,25366.0,25650.0,25346.0,25647.0,37453.0,955405187.0,0.0
MHImain,HKFE,2021-11-16 11:31:00,25649.0,25744.0,25592.0,25635.0,27332.0,701124285.0,0.0
MHImain,HKFE,2021-11-16 17:15:00,25646.0,25677.0,25621.0,25665.0,2538.0,65105071.0,0.0
MHImain,HKFE,2021-11-16 21:16:00,25663.0,25666.0,25505.0,25605.0,9955.0,254633980.0,0.0
MHImain,HKFE,2021-11-17 01:16:00,25605.0,25632.0,25471.0,25540.0,36405.0,930143115.0,0.0
MHImain,HKFE,2021-11-17 11:31:00,25540.0,25640.0,25507.0,25623.0,18539.0,473983558.0,0.0
MHImain,HKFE,2021-11-17 17:15:00,25623.0,25629.0,25528.0,25588.0,4371.0,111767443.0,0.0
MHImain,HKFE,2021-11-17 21:16:00,25590.0,25615.0,25437.0,25444.0,9781.0,249515392.0,0.0
MHImain,HKFE,2021-11-18 01:16:00,25445.0,25450.0,25189.0,25287.0,37974.0,960256479.0,0.0
MHImain,HKFE,2021-11-18 11:31:00,25286.0,25329.0,25206.0,25307.0,20620.0,521087271.0,0.0
MHImain,HKFE,2021-11-18 17:15:00,25310.0,25343.0,25124.0,25164.0,7169.0,180812455.0,0.0
MHImain,HKFE,2021-11-18 21:16:00,25163.0,25165.0,24858.0,25045.0,17874.0,446682288.0,0.0
MHImain,HKFE,2021-11-19 01:16:00,25043.0,25069.0,24801.0,24826.0,40065.0,998045073.0,0.0
MHImain,HKFE,2021-11-19 11:31:00,24825.0,25043.0,24778.0,24991.0,30020.0,748758820.0,0.0
MHImain,HKFE,2021-11-19 17:15:00,24986.0,24991.0,24802.0,24882.0,8911.0,221713066.0,0.0
MHImain,HKFE,2021-11-19 21:16:00,24882.0,25050.0,24872.0,24967.0,10866.0,271364575.0,0.0
MHImain,HKFE,2021-11-20 01:16:00,24968.0,24979.0,24900.0,24900.0,1660.0,41388149.0,0.0
MHImain,HKFE,2021-11-22 01:16:00,24980.0,25097.0,24937.0,24963.0,32355.0,809044822.0,0.0
MHImain,HKFE,2021-11-22 11:31:00,24961.0,24976.0,24851.0,24923.0,21168.0,527440442.0,0.0
MHImain,HKFE,2021-11-22 17:15:00,24921.0,24922.0,24858.0,24864.0,3136.0,78048126.0,0.0
MHImain,HKFE,2021-11-22 21:16:00,24861.0,24913.0,24674.0,24717.0,10458.0,259502180.0,0.0
MHImain,HKFE,2021-11-23 01:16:00,24717.0,24799.0,24600.0,24766.0,34519.0,852118968.0,0.0
MHImain,HKFE,2021-11-23 11:31:00,24764.0,24774.0,24562.0,24567.0,24284.0,598671692.0,0.0
MHImain,HKFE,2021-11-23 17:15:00,24569.0,24638.0,24564.0,24624.0,5150.0,126715765.0,0.0
MHImain,HKFE,2021-11-23 21:16:00,24625.0,24701.0,24533.0,24556.0,10838.0,266775429.0,0.0
MHImain,HKFE,2021-11-24 01:16:00,24558.0,24712.0,24535.0,24627.0,33110.0,815417380.0,0.0
MHImain,HKFE,2021-11-24 11:31:00,24627.0,24854.0,24601.0,24690.0,33427.0,826783482.0,0.0
MHImain,HKFE,2021-11-24 17:15:00,24682.0,24717.0,24554.0,24619.0,7241.0,178330490.0,0.0
MHImain,HKFE,2021-11-24 21:16:00,24620.0,24667.0,24438.0,24591.0,15259.0,374569889.0,0.0
MHImain,HKFE,2021-11-25 01:16:00,24588.0,24707.0,24510.0,24659.0,30725.0,756052150.0,0.0
MHImain,HKFE,2021-11-25 11:31:00,24660.0,24765.0,24657.0,24744.0,21279.0,526035722.0,0.0
MHImain,HKFE,2021-11-25 17:15:00,24748.0,24753.0,24655.0,24684.0,3132.0,77337223.0,0.0
MHImain,HKFE,2021-11-25 21:16:00,24684.0,24720.0,24663.0,24716.0,2582.0,63742179.0,0.0
MHImain,HKFE,2021-11-26 01:16:00,24715.0,24715.0,24206.0,24257.0,32897.0,800072251.0,0.0
MHImain,HKFE,2021-11-26 11:31:00,24254.0,24255.0,24044.0,24085.0,31254.0,754385569.0,0.0
MHImain,HKFE,2021-11-26 17:15:00,24033.0,24087.0,23936.0,24011.0,3245.0,77957864.0,0.0
MHImain,HKFE,2021-11-26 21:16:00,24009.0,24034.0,23634.0,23733.0,7270.0,173119965.0,0.0
MHImain,HKFE,2021-11-27 01:16:00,23731.0,23850.0,23725.0,23760.0,1557.0,37031799.0,0.0
MHImain,HKFE,2021-11-29 01:16:00,23900.0,24133.0,23831.0,23913.0,33534.0,803866155.0,0.0
MHImain,HKFE,2021-11-29 11:31:00,23911.0,23944.0,23725.0,23738.0,29759.0,708879028.0,0.0
MHImain,HKFE,2021-11-29 17:15:00,23738.0,23790.0,23672.0,23755.0,6296.0,149479394.0,0.0
MHImain,HKFE,2021-11-29 21:16:00,23753.0,23820.0,23634.0,23717.0,11253.0,266763653.0,0.0
MHImain,HKFE,2021-11-30 01:16:00,23716.0,23858.0,23471.0,23533.0,41174.0,974005361.0,0.0
MHImain,HKFE,2021-11-30 11:31:00,23535.0,23585.0,23106.0,23471.0,54464.0,1271096832.0,0.0
MHImain,HKFE,2021-11-30 17:15:00,23467.0,23532.0,23332.0,23497.0,9762.0,228734858.0,0.0
MHImain,HKFE,2021-11-30 21:16:00,23496.0,23628.0,23260.0,23341.0,21909.0,513917073.0,0.0
MHImain,HKFE,2021-12-01 01:16:00,23340.0,23838.0,23340.0,23768.0,38759.0,917988880.0,0.0
MHImain,HKFE,2021-12-01 11:31:00,23770.0,23871.0,23546.0,23597.0,29311.0,694702063.0,0.0
MHImain,HKFE,2021-12-01 17:15:00,23598.0,23725.0,23598.0,23660.0,5911.0,139891115.0,0.0
MHImain,HKFE,2021-12-01 21:16:00,23664.0,23824.0,23609.0,23714.0,13095.0,310513669.0,0.0
MHImain,HKFE,2021-12-02 01:16:00,23719.0,23784.0,23448.0,23735.0,39255.0,928461779.0,0.0
MHImain,HKFE,2021-12-02 11:31:00,23735.0,23802.0,23632.0,23744.0,26565.0,630117105.0,0.0
MHImain,HKFE,2021-12-02 17:15:00,23748.0,23802.0,23630.0,23675.0,7948.0,188416221.0,0.0
MHImain,HKFE,2021-12-02 21:16:00,23675.0,23844.0,23616.0,23826.0,17337.0,411489390.0,0.0
MHImain,HKFE,2021-12-03 01:16:00,23824.0,23848.0,23402.0,23541.0,41839.0,984871752.0,0.0
MHImain,HKFE,2021-12-03 11:31:00,23538.0,23845.0,23513.0,23784.0,35884.0,850411430.0,0.0
MHImain,HKFE,2021-12-03 17:15:00,23784.0,23816.0,23715.0,23778.0,6137.0,145863955.0,0.0
MHImain,HKFE,2021-12-03 21:16:00,23775.0,23843.0,23320.0,23408.0,29870.0,701632994.0,0.0
MHImain,HKFE,2021-12-04 01:16:00,23407.0,23451.0,23362.0,23372.0,3254.0,76168888.0,0.0
MHImain,HKFE,2021-12-06 01:16:00,23401.0,23618.0,23347.0,23505.0,40320.0,947220013.0,0.0
MHImain,HKFE,2021-12-06 11:31:00,23505.0,23507.0,23302.0,23326.0,29000.0,678331271.0,0.0
MHImain,HKFE,2021-12-06 17:15:00,23333.0,23424.0,23242.0,23323.0,8867.0,206740036.0,0.0
MHImain,HKFE,2021-12-06 21:16:00,23322.0,23678.0,23295.0,23665.0,21342.0,501636651.0,0.0
MHImain,HKFE,2021-12-07 01:16:00,23663.0,23762.0,23501.0,23648.0,41298.0,975444551.0,0.0
MHImain,HKFE,2021-12-07 11:31:00,23649.0,24029.0,23643.0,24013.0,38771.0,925088248.0,0.0
MHImain,HKFE,2021-12-07 17:15:00,24018.0,24138.0,24007.0,24102.0,7513.0,180935426.0,0.0
MHImain,HKFE,2021-12-07 21:16:00,24102.0,24150.0,24024.0,24097.0,11431.0,275309173.0,0.0
MHImain,HKFE,2021-12-08 01:16:00,24098.0,24131.0,23901.0,24004.0,37250.0,894190879.0,0.0
MHImain,HKFE,2021-12-08 11:31:00,24003.0,24039.0,23923.0,24001.0,20511.0,491837506.0,0.0
MHImain,HKFE,2021-12-08 17:15:00,23990.0,24075.0,23940.0,24005.0,6544.0,157136254.0,0.0
MHImain,HKFE,2021-12-08 21:16:00,24006.0,24188.0,23955.0,24175.0,10860.0,261360109.0,0.0
MHImain,HKFE,2021-12-09 01:16:00,24175.0,24334.0,24143.0,24256.0,38254.0,927543587.0,0.0
MHImain,HKFE,2021-12-09 11:31:00,24254.0,24283.0,24152.0,24152.0,22414.0,542965073.0,0.0
MHImain,HKFE,2021-12-09 17:15:00,24151.0,24170.0,24022.0,24030.0,6530.0,157322816.0,0.0
MHImain,HKFE,2021-12-09 21:16:00,24030.0,24174.0,24017.0,24105.0,10449.0,251884161.0,0.0
MHImain,HKFE,2021-12-10 01:16:00,24105.0,24222.0,23970.0,24148.0,32396.0,781979059.0,0.0
MHImain,HKFE,2021-12-10 11:31:00,24148.0,24160.0,23910.0,23976.0,25536.0,613530336.0,0.0
MHImain,HKFE,2021-12-10 17:15:00,23998.0,24088.0,23977.0,24044.0,4594.0,110435614.0,0.0
MHImain,HKFE,2021-12-10 21:16:00,24042.0,24135.0,24012.0,24060.0,11419.0,274883303.0,0.0
MHImain,HKFE,2021-12-11 01:16:00,24060.0,24084.0,24046.0,24058.0,881.0,21198616.0,0.0
MHImain,HKFE,2021-12-13 01:16:00,24200.0,24391.0,24145.0,24227.0,34334.0,833277462.0,0.0
MHImain,HKFE,2021-12-13 11:31:00,24227.0,24254.0,23930.0,24016.0,30205.0,726836234.0,0.0
MHImain,HKFE,2021-12-13 17:15:00,24020.0,24037.0,23962.0,23972.0,3295.0,79043365.0,0.0
MHImain,HKFE,2021-12-13 21:16:00,23974.0,23998.0,23685.0,23724.0,13700.0,326323473.0,0.0
MHImain,HKFE,2021-12-14 01:16:00,23721.0,23813.0,23613.0,23676.0,34794.0,825122141.0,0.0
MHImain,HKFE,2021-12-14 11:31:00,23676.0,23685.0,23553.0,23595.0,24103.0,569346156.0,0.0
MHImain,HKFE,2021-12-14 17:15:00,23618.0,23618.0,23456.0,23555.0,7330.0,172446298.0,0.0
MHImain,HKFE,2021-12-14 21:16:00,23552.0,23702.0,23445.0,23586.0,17674.0,416751500.0,0.0
MHImain,HKFE,2021-12-15 01:16:00,23589.0,23745.0,23551.0,23682.0,33895.0,802260973.0,0.0
MHImain,HKFE,2021-12-15 11:31:00,23682.0,23694.0,23325.0,23400.0,31660.0,743660798.0,0.0
MHImain,HKFE,2021-12-15 17:15:00,23414.0,23414.0,23350.0,23369.0,3743.0,87493976.0,0.0
MHImain,HKFE,2021-12-15 21:16:00,23368.0,23402.0,23069.0,23093.0,15685.0,363946361.0,0.0
MHImain,HKFE,2021-12-16 01:16:00,23093.0,23375.0,23090.0,23254.0,40012.0,930740901.0,0.0
MHImain,HKFE,2021-12-16 11:31:00,23255.0,23532.0,23221.0,23480.0,29012.0,678433255.0,0.0
MHImain,HKFE,2021-12-16 17:15:00,23496.0,23593.0,23467.0,23574.0,5247.0,123506099.0,0.0
MHImain,HKFE,2021-12-16 21:16:00,23574.0,23695.0,23459.0,23466.0,17563.0,414208887.0,0.0
MHImain,HKFE,2021-12-17 01:16:00,23466.0,23555.0,23214.0,23260.0,35396.0,826789299.0,0.0
MHImain,HKFE,2021-12-17 11:31:00,23261.0,23301.0,23124.0,23147.0,29439.0,683315053.0,0.0
MHImain,HKFE,2021-12-17 17:15:00,23160.0,23160.0,22991.0,23072.0,9836.0,226936325.0,0.0
MHImain,HKFE,2021-12-17 21:16:00,23073.0,23257.0,23013.0,23182.0,17547.0,405641311.0,0.0
MHImain,HKFE,2021-12-18 01:16:00,23182.0,23233.0,23156.0,23229.0,2140.0,49635117.0,0.0
MHImain,HKFE,2021-12-20 01:16:00,23118.0,23176.0,22870.0,22920.0,37944.0,873777193.0,0.0
MHImain,HKFE,2021-12-20 11:31:00,22922.0,22973.0,22665.0,22781.0,35890.0,818204720.0,0.0
MHImain,HKFE,2021-12-20 17:15:00,22781.0,22883.0,22701.0,22851.0,6388.0,145789496.0,0.0
MHImain,HKFE,2021-12-20 21:16:00,22851.0,22898.0,22728.0,22761.0,11699.0,266911161.0,0.0
MHImain,HKFE,2021-12-21 01:16:00,22770.0,22928.0,22745.0,22867.0,32938.0,752515119.0,0.0
MHImain,HKFE,2021-12-21 11:31:00,22867.0,23087.0,22827.0,22915.0,28354.0,651011247.0,0.0
MHImain,HKFE,2021-12-21 17:15:00,22929.0,22985.0,22905.0,22978.0,3139.0,72039528.0,0.0
MHImain,HKFE,2021-12-21 21:16:00,22980.0,23163.0,22935.0,23153.0,12140.0,279936061.0,0.0
MHImain,HKFE,2021-12-22 01:16:00,23151.0,23249.0,23022.0,23088.0,35447.0,820229883.0,0.0
MHImain,HKFE,2021-12-22 11:31:00,23087.0,23125.0,22980.0,23098.0,23384.0,538802158.0,0.0
MHImain,HKFE,2021-12-22 17:15:00,23090.0,23165.0,23090.0,23135.0,2930.0,67780761.0,0.0
MHImain,HKFE,2021-12-22 21:16:00,23136.0,23220.0,23032.0,23184.0,10851.0,251083150.0,0.0
MHImain,HKFE,2021-12-23 01:16:00,23187.0,23262.0,23026.0,23138.0,35374.0,819227326.0,0.0
MHImain,HKFE,2021-12-23 11:31:00,23137.0,23236.0,23115.0,23216.0,18185.0,421535492.0,0.0
MHImain,HKFE,2021-12-23 17:15:00,23225.0,23228.0,23187.0,23205.0,2395.0,55575237.0,0.0
MHImain,HKFE,2021-12-23 21:16:00,23206.0,23320.0,23164.0,23306.0,7961.0,185013044.0,0.0
MHImain,HKFE,2021-12-24 01:16:00,23307.0,23410.0,23192.0,23250.0,27533.0,640847056.0,0.0
MHImain,HKFE,2021-12-24 11:31:00,23249.0,23253.0,23202.0,23220.0,2359.0,54810450.0,0.0
MHImain,HKFE,2021-12-24 17:15:00,23220.0,23220.0,23220.0,23220.0,0.0,0.0,0.0
MHImain,HKFE,2021-12-24 21:16:00,23220.0,23220.0,23220.0,23220.0,0.0,0.0,0.0
MHImain,HKFE,2021-12-25 01:16:00,23220.0,23220.0,23220.0,23220.0,0.0,0.0,0.0
MHImain,HKFE,2021-12-28 01:16:00,23318.0,23344.0,23105.0,23246.0,28869.0,670295512.0,0.0
MHImain,HKFE,2021-12-28 11:31:00,23243.0,23376.0,23196.0,23363.0,18876.0,439357493.0,0.0
MHImain,HKFE,2021-12-28 17:15:00,23362.0,23382.0,23341.0,23363.0,2215.0,51745721.0,0.0
MHImain,HKFE,2021-12-28 21:16:00,23364.0,23374.0,23239.0,23271.0,5560.0,129578614.0,0.0
MHImain,HKFE,2021-12-29 01:16:00,23271.0,23324.0,23090.0,23105.0,21408.0,495876666.0,0.0
MHImain,HKFE,2021-12-29 11:31:00,23104.0,23123.0,23015.0,23065.0,13441.0,310031817.0,0.0
MHImain,HKFE,2021-12-29 17:15:00,23076.0,23093.0,23054.0,23080.0,1533.0,35374985.0,0.0
MHImain,HKFE,2021-12-29 21:16:00,23080.0,23119.0,22928.0,23005.0,6055.0,139441311.0,0.0
MHImain,HKFE,2021-12-30 01:16:00,23006.0,23242.0,23003.0,23120.0,24029.0,556382242.0,0.0
MHImain,HKFE,2021-12-30 11:31:00,23120.0,23174.0,22968.0,23145.0,22365.0,516026320.0,0.0
MHImain,HKFE,2021-12-30 17:15:00,23128.0,23155.0,23098.0,23132.0,2230.0,51572455.0,0.0
MHImain,HKFE,2021-12-30 21:16:00,23130.0,23479.0,23106.0,23475.0,14744.0,344130427.0,0.0
MHImain,HKFE,2021-12-31 01:16:00,23476.0,23607.0,23411.0,23422.0,30167.0,709555179.0,0.0
MHImain,HKFE,2021-12-31 11:31:00,23425.0,23478.0,23375.0,23458.0,4174.0,97714516.0,0.0
MHImain,HKFE,2021-12-31 17:15:00,23458.0,23458.0,23458.0,23458.0,0.0,0.0,0.0
MHImain,HKFE,2022-01-03 01:16:00,23476.0,23623.0,23236.0,23242.0,32075.0,750655197.0,0.0
MHImain,HKFE,2022-01-03 11:31:00,23243.0,23282.0,23173.0,23250.0,18391.0,427277126.0,0.0
MHImain,HKFE,2022-01-03 17:15:00,23227.0,23303.0,23227.0,23280.0,2542.0,59181711.0,0.0
MHImain,HKFE,2022-01-03 21:16:00,23283.0,23343.0,23134.0,23325.0,14793.0,343831636.0,0.0
MHImain,HKFE,2022-01-04 01:16:00,23324.0,23434.0,23140.0,23200.0,33905.0,789455658.0,0.0
MHImain,HKFE,2022-01-04 11:31:00,23200.0,23369.0,23176.0,23304.0,24627.0,573164978.0,0.0
MHImain,HKFE,2022-01-04 17:15:00,23305.0,23367.0,23298.0,23345.0,3914.0,91336880.0,0.0
MHImain,HKFE,2022-01-04 21:16:00,23345.0,23394.0,23239.0,23293.0,12469.0,290775841.0,0.0
MHImain,HKFE,2022-01-05 01:16:00,23292.0,23329.0,23002.0,23118.0,44686.0,1034291626.0,0.0
MHImain,HKFE,2022-01-05 11:31:00,23117.0,23132.0,22864.0,22910.0,33970.0,780597940.0,0.0
MHImain,HKFE,2022-01-05 17:15:00,22911.0,22968.0,22904.0,22930.0,3782.0,86752347.0,0.0
MHImain,HKFE,2022-01-05 21:16:00,22930.0,23190.0,22924.0,23129.0,17718.0,409255866.0,0.0
MHImain,HKFE,2022-01-06 01:16:00,23130.0,23148.0,22710.0,22842.0,48425.0,1107623804.0,0.0
MHImain,HKFE,2022-01-06 11:31:00,22844.0,23090.0,22745.0,22997.0,34397.0,787818774.0,0.0
MHImain,HKFE,2022-01-06 17:15:00,23010.0,23084.0,22988.0,23070.0,4614.0,106322290.0,0.0
MHImain,HKFE,2022-01-06 21:16:00,23071.0,23241.0,23028.0,23201.0,21138.0,489186139.0,0.0
MHImain,HKFE,2022-01-07 01:16:00,23201.0,23399.0,23140.0,23380.0,47186.0,1096140563.0,0.0
MHImain,HKFE,2022-01-07 11:31:00,23380.0,23512.0,23293.0,23474.0,34896.0,817391581.0,0.0
MHImain,HKFE,2022-01-07 17:15:00,23470.0,23542.0,23465.0,23485.0,4831.0,113555426.0,0.0
MHImain,HKFE,2022-01-07 21:16:00,23485.0,23645.0,23445.0,23594.0,22751.0,535685739.0,0.0
MHImain,HKFE,2022-01-08 01:16:00,23593.0,23593.0,23534.0,23564.0,1812.0,42691974.0,0.0
MHImain,HKFE,2022-01-10 01:16:00,23510.0,23741.0,23401.0,23661.0,42132.0,994201509.0,0.0
MHImain,HKFE,2022-01-10 11:31:00,23659.0,23792.0,23626.0,23669.0,26575.0,629809776.0,0.0
MHImain,HKFE,2022-01-10 17:15:00,23687.0,23723.0,23586.0,23598.0,5471.0,129419260.0,0.0
MHImain,HKFE,2022-01-10 21:16:00,23598.0,23705.0,23455.0,23538.0,18621.0,438752263.0,0.0
MHImain,HKFE,2022-01-11 01:16:00,23536.0,23840.0,23498.0,23834.0,43894.0,1039332269.0,0.0
MHImain,HKFE,2022-01-11 11:31:00,23835.0,23852.0,23561.0,23695.0,30886.0,732365799.0,0.0
MHImain,HKFE,2022-01-11 17:15:00,23724.0,23795.0,23715.0,23724.0,4489.0,106645973.0,0.0
MHImain,HKFE,2022-01-11 21:16:00,23724.0,23984.0,23661.0,23974.0,19605.0,467582888.0,0.0
MHImain,HKFE,2022-01-12 01:16:00,23976.0,24217.0,23943.0,24214.0,36033.0,868763606.0,0.0
MHImain,HKFE,2022-01-12 11:31:00,24214.0,24398.0,24184.0,24319.0,29130.0,708135461.0,0.0
MHImain,HKFE,2022-01-12 17:15:00,24327.0,24444.0,24315.0,24429.0,5736.0,139950508.0,0.0
MHImain,HKFE,2022-01-12 21:16:00,24427.0,24568.0,24361.0,24495.0,18816.0,460447189.0,0.0
MHImain,HKFE,2022-01-13 01:16:00,24499.0,24540.0,24372.0,24402.0,36783.0,899546187.0,0.0
MHImain,HKFE,2022-01-13 11:31:00,24403.0,24485.0,24296.0,24465.0,27209.0,663185996.0,0.0
MHImain,HKFE,2022-01-13 17:15:00,24456.0,24472.0,24404.0,24426.0,3343.0,81695860.0,0.0
MHImain,HKFE,2022-01-13 21:16:00,24425.0,24484.0,24301.0,24365.0,13540.0,330243295.0,0.0
MHImain,HKFE,2022-01-14 01:16:00,24364.0,24365.0,24146.0,24200.0,36523.0,885348714.0,0.0
MHImain,HKFE,2022-01-14 11:31:00,24201.0,24388.0,24163.0,24380.0,27372.0,664663962.0,0.0
MHImain,HKFE,2022-01-14 17:15:00,24362.0,24448.0,24291.0,24317.0,5982.0,145822578.0,0.0
MHImain,HKFE,2022-01-14 21:16:00,24318.0,24467.0,24296.0,24355.0,13426.0,327546682.0,0.0
MHImain,HKFE,2022-01-15 01:16:00,24353.0,24383.0,24303.0,24373.0,1634.0,39767233.0,0.0
MHImain,HKFE,2022-01-17 01:16:00,24410.0,24414.0,24175.0,24232.0,32076.0,778267321.0,0.0
MHImain,HKFE,2022-01-17 11:31:00,24232.0,24261.0,24088.0,24184.0,26804.0,647963331.0,0.0
MHImain,HKFE,2022-01-17 17:15:00,24190.0,24253.0,24183.0,24219.0,3682.0,89215570.0,0.0
MHImain,HKFE,2022-01-17 21:16:00,24220.0,24261.0,24213.0,24241.0,2994.0,72560312.0,0.0
MHImain,HKFE,2022-01-18 01:16:00,24240.0,24383.0,24187.0,24290.0,33844.0,822576993.0,0.0
MHImain,HKFE,2022-01-18 11:31:00,24289.0,24292.0,24011.0,24036.0,35241.0,849586638.0,0.0
MHImain,HKFE,2022-01-18 17:15:00,24034.0,24034.0,23926.0,23961.0,7985.0,191440409.0,0.0
MHImain,HKFE,2022-01-18 21:16:00,23962.0,24149.0,23929.0,24120.0,13918.0,334719262.0,0.0
MHImain,HKFE,2022-01-19 01:16:00,24119.0,24274.0,24056.0,24156.0,38107.0,921114205.0,0.0
MHImain,HKFE,2022-01-19 11:31:00,24157.0,24163.0,23942.0,24079.0,30805.0,740410913.0,0.0
MHImain,HKFE,2022-01-19 17:15:00,24088.0,24354.0,24088.0,24349.0,8707.0,211257838.0,0.0
MHImain,HKFE,2022-01-19 21:16:00,24350.0,24400.0,24220.0,24355.0,16978.0,412716805.0,0.0
MHImain,HKFE,2022-01-20 01:16:00,24355.0,24662.0,24216.0,24652.0,43448.0,1062679345.0,0.0
MHImain,HKFE,2022-01-20 11:31:00,24654.0,24988.0,24645.0,24985.0,37391.0,928097224.0,0.0
MHImain,HKFE,2022-01-20 17:15:00,24979.0,25119.0,24936.0,25076.0,9877.0,247405511.0,0.0
MHImain,HKFE,2022-01-20 21:16:00,25077.0,25242.0,25011.0,25208.0,16459.0,413474062.0,0.0
MHImain,HKFE,2022-01-21 01:16:00,25208.0,25224.0,24763.0,24783.0,45364.0,1129207725.0,0.0
MHImain,HKFE,2022-01-21 11:31:00,24783.0,24957.0,24734.0,24908.0,31017.0,770412784.0,0.0
MHImain,HKFE,2022-01-21 17:15:00,24902.0,25031.0,24901.0,24928.0,7190.0,179656468.0,0.0
MHImain,HKFE,2022-01-21 21:16:00,24930.0,24975.0,24691.0,24753.0,21637.0,536936371.0,0.0
MHImain,HKFE,2022-01-22 01:16:00,24760.0,24776.0,24683.0,24688.0,3108.0,76844581.0,0.0
MHImain,HKFE,2022-01-24 01:16:00,24679.0,24760.0,24580.0,24707.0,36528.0,901544974.0,0.0
MHImain,HKFE,2022-01-24 11:31:00,24703.0,24791.0,24590.0,24663.0,22737.0,561322338.0,0.0
MHImain,HKFE,2022-01-24 17:15:00,24660.0,24660.0,24396.0,24413.0,12357.0,302566204.0,0.0
MHImain,HKFE,2022-01-24 21:16:00,24413.0,24415.0,24010.0,24015.0,29865.0,723521696.0,0.0
MHImain,HKFE,2022-01-25 01:16:00,24014.0,24358.0,23998.0,24305.0,45519.0,1102863866.0,0.0
MHImain,HKFE,2022-01-25 11:31:00,24306.0,24352.0,23996.0,24233.0,37706.0,912547634.0,0.0
MHImain,HKFE,2022-01-25 17:15:00,24290.0,24356.0,24192.0,24222.0,8399.0,203977602.0,0.0
MHImain,HKFE,2022-01-25 21:16:00,24225.0,24402.0,24174.0,24276.0,19635.0,476705538.0,0.0
MHImain,HKFE,2022-01-26 01:16:00,24276.0,24477.0,24227.0,24288.0,34821.0,848491969.0,0.0
MHImain,HKFE,2022-01-26 11:31:00,24287.0,24316.0,24121.0,24316.0,27950.0,677260961.0,0.0
MHImain,HKFE,2022-01-26 17:15:00,24317.0,24486.0,24317.0,24482.0,6387.0,156021926.0,0.0
MHImain,HKFE,2022-01-26 21:16:00,24481.0,24508.0,24229.0,24298.0,13089.0,318559905.0,0.0
MHImain,HKFE,2022-01-27 01:16:00,24296.0,24324.0,23717.0,23726.0,37263.0,888618728.0,0.0
MHImain,HKFE,2022-01-27 11:31:00,23727.0,23876.0,23568.0,23838.0,30624.0,725830101.0,0.0
MHImain,HKFE,2022-01-27 17:15:00,23838.0,24016.0,23838.0,23935.0,6313.0,151072647.0,0.0
MHImain,HKFE,2022-01-27 21:16:00,23935.0,24001.0,23852.0,23913.0,7777.0,186212292.0,0.0
MHImain,HKFE,2022-01-28 01:16:00,23911.0,23911.0,23503.0,23580.0,36485.0,863375102.0,0.0
MHImain,HKFE,2022-01-28 11:31:00,23579.0,23643.0,23389.0,23419.0,30187.0,710431044.0,0.0
MHImain,HKFE,2022-01-28 17:15:00,23438.0,23472.0,23272.0,23325.0,7973.0,186370138.0,0.0
MHImain,HKFE,2022-01-28 21:16:00,23322.0,23565.0,23310.0,23537.0,17608.0,412391709.0,0.0
MHImain,HKFE,2022-01-29 01:16:00,23532.0,23557.0,23456.0,23485.0,2467.0,57953659.0,0.0
MHImain,HKFE,2022-01-31 01:16:00,23580.0,23891.0,23425.0,23884.0,28563.0,675187477.0,0.0
MHImain,HKFE,2022-01-31 11:31:00,23884.0,23957.0,23761.0,23858.0,6293.0,150227164.0,0.0
MHImain,HKFE,2022-01-31 17:15:00,23858.0,23858.0,23858.0,23858.0,0.0,0.0,0.0
MHImain,HKFE,2022-01-31 21:16:00,23858.0,23858.0,23858.0,23858.0,0.0,0.0,0.0
MHImain,HKFE,2022-02-01 01:16:00,23858.0,23858.0,23858.0,23858.0,0.0,0.0,0.0
MHImain,HKFE,2022-02-04 01:16:00,24234.0,24419.0,24105.0,24389.0,33341.0,809568498.0,0.0
MHImain,HKFE,2022-02-04 11:31:00,24389.0,24604.0,24376.0,24539.0,25408.0,623200597.0,0.0
MHImain,HKFE,2022-02-04 17:15:00,24526.0,24564.0,24454.0,24490.0,5774.0,141491036.0,0.0
MHImain,HKFE,2022-02-04 21:16:00,24490.0,24604.0,24389.0,24547.0,15739.0,385460828.0,0.0
MHImain,HKFE,2022-02-05 01:16:00,24547.0,24588.0,24501.0,24582.0,1775.0,43576049.0,0.0
MHImain,HKFE,2022-02-07 01:16:00,24498.0,24583.0,24334.0,24420.0,35432.0,865809002.0,0.0
MHImain,HKFE,2022-02-07 11:31:00,24422.0,24546.0,24383.0,24458.0,26191.0,640876275.0,0.0
MHImain,HKFE,2022-02-07 17:15:00,24470.0,24551.0,24428.0,24541.0,4426.0,108396306.0,0.0
MHImain,HKFE,2022-02-07 21:16:00,24541.0,24563.0,24457.0,24505.0,9592.0,235119239.0,0.0
MHImain,HKFE,2022-02-08 01:16:00,24509.0,24574.0,24185.0,24226.0,35096.0,855341218.0,0.0
MHImain,HKFE,2022-02-08 11:31:00,24227.0,24400.0,24132.0,24332.0,30572.0,741830030.0,0.0
MHImain,HKFE,2022-02-08 17:15:00,24333.0,24481.0,24333.0,24419.0,7264.0,177376953.0,0.0
MHImain,HKFE,2022-02-08 21:16:00,24420.0,24741.0,24402.0,24725.0,16013.0,394373180.0,0.0
MHImain,HKFE,2022-02-09 01:16:00,24728.0,24847.0,24676.0,24818.0,32645.0,808250090.0,0.0
MHImain,HKFE,2022-02-09 11:31:00,24816.0,24902.0,24744.0,24826.0,25375.0,629698804.0,0.0
MHImain,HKFE,2022-02-09 17:15:00,24836.0,24898.0,24836.0,24884.0,3395.0,84448230.0,0.0
MHImain,HKFE,2022-02-09 21:16:00,24882.0,25089.0,24864.0,25020.0,11583.0,289379270.0,0.0
MHImain,HKFE,2022-02-10 01:16:00,25021.0,25058.0,24648.0,24673.0,34235.0,849758678.0,0.0
MHImain,HKFE,2022-02-10 11:31:00,24673.0,25011.0,24673.0,24990.0,27268.0,676815444.0,0.0
MHImain,HKFE,2022-02-10 17:15:00,24982.0,25028.0,24913.0,25007.0,5081.0,126856719.0,0.0
MHImain,HKFE,2022-02-10 21:16:00,25006.0,25152.0,24759.0,25075.0,23233.0,579835192.0,0.0
MHImain,HKFE,2022-02-11 01:16:00,25076.0,25088.0,24732.0,24928.0,38155.0,948367297.0,0.0
MHImain,HKFE,2022-02-11 11:31:00,24926.0,24937.0,24737.0,24858.0,30555.0,758255877.0,0.0
MHImain,HKFE,2022-02-11 17:15:00,24850.0,24958.0,24798.0,24927.0,5636.0,140211759.0,0.0
MHImain,HKFE,2022-02-11 21:16:00,24927.0,25011.0,24876.0,24966.0,14442.0,360226586.0,0.0
MHImain,HKFE,2022-02-12 01:16:00,24966.0,24968.0,24726.0,24768.0,3662.0,90965209.0,0.0
MHImain,HKFE,2022-02-14 01:16:00,24680.0,24738.0,24476.0,24616.0,37198.0,914984668.0,0.0
MHImain,HKFE,2022-02-14 11:31:00,24616.0,24644.0,24433.0,24447.0,26038.0,639114789.0,0.0
MHImain,HKFE,2022-02-14 17:15:00,24437.0,24635.0,24329.0,24550.0,11755.0,287610699.0,0.0
MHImain,HKFE,2022-02-14 21:16:00,24550.0,24578.0,24365.0,24466.0,16664.0,407453032.0,0.0
MHImain,HKFE,2022-02-15 01:16:00,24465.0,24565.0,24340.0,24383.0,32598.0,797878537.0,0.0
MHImain,HKFE,2022-02-15 11:31:00,24383.0,24523.0,24215.0,24500.0,33956.0,825651121.0,0.0
MHImain,HKFE,2022-02-15 17:15:00,24505.0,24565.0,24461.0,24540.0,6573.0,161207997.0,0.0
MHImain,HKFE,2022-02-15 21:16:00,24540.0,24657.0,24492.0,24616.0,12732.0,312919212.0,0.0
MHImain,HKFE,2022-02-16 01:16:00,24614.0,24735.0,24528.0,24688.0,34061.0,839003127.0,0.0
MHImain,HKFE,2022-02-16 11:31:00,24686.0,24746.0,24597.0,24717.0,23612.0,582416044.0,0.0
MHImain,HKFE,2022-02-16 17:15:00,24705.0,24726.0,24625.0,24638.0,5324.0,131317018.0,0.0
MHImain,HKFE,2022-02-16 21:16:00,24638.0,24732.0,24581.0,24720.0,11416.0,281529395.0,0.0
MHImain,HKFE,2022-02-17 01:16:00,24721.0,24872.0,24680.0,24798.0,31590.0,782445402.0,0.0
MHImain,HKFE,2022-02-17 11:31:00,24799.0,24812.0,24516.0,24709.0,35923.0,886295210.0,0.0
MHImain,HKFE,2022-02-17 17:15:00,24713.0,24776.0,24676.0,24725.0,5146.0,127219944.0,0.0
MHImain,HKFE,2022-02-17 21:16:00,24725.0,24808.0,24655.0,24698.0,15085.0,373004390.0,0.0
MHImain,HKFE,2022-02-18 01:16:00,24698.0,24765.0,24551.0,24691.0,31227.0,770538648.0,0.0
MHImain,HKFE,2022-02-18 11:31:00,24692.0,24738.0,24275.0,24320.0,41589.0,1019476338.0,0.0
MHImain,HKFE,2022-02-18 17:15:00,24298.0,24391.0,24261.0,24329.0,6296.0,153219700.0,0.0
MHImain,HKFE,2022-02-18 21:16:00,24329.0,24335.0,24102.0,24126.0,19078.0,461871839.0,0.0
MHImain,HKFE,2022-02-19 01:16:00,24126.0,24171.0,24077.0,24140.0,3179.0,76701794.0,0.0
MHImain,HKFE,2022-02-21 01:16:00,24138.0,24230.0,24034.0,24180.0,32524.0,785700173.0,0.0
MHImain,HKFE,2022-02-21 11:31:00,24183.0,24202.0,23998.0,24170.0,33092.0,798554033.0,0.0
MHImain,HKFE,2022-02-21 17:15:00,24169.0,24169.0,23991.0,24030.0,7668.0,184509780.0,0.0
MHImain,HKFE,2022-02-21 21:16:00,24030.0,24097.0,23956.0,24010.0,10678.0,256599265.0,0.0
MHImain,HKFE,2022-02-22 01:16:00,24010.0,24037.0,23346.0,23399.0,51456.0,1214607152.0,0.0
MHImain,HKFE,2022-02-22 11:31:00,23398.0,23608.0,23363.0,23588.0,37635.0,883030102.0,0.0
MHImain,HKFE,2022-02-22 17:15:00,23583.0,23735.0,23568.0,23616.0,10300.0,243619836.0,0.0
MHImain,HKFE,2022-02-22 21:16:00,23615.0,23722.0,23569.0,23570.0,11846.0,280226148.0,0.0
MHImain,HKFE,2022-02-23 01:16:00,23569.0,23703.0,23492.0,23683.0,34731.0,820369327.0,0.0
MHImain,HKFE,2022-02-23 11:31:00,23684.0,23744.0,23628.0,23680.0,22922.0,542791541.0,0.0
MHImain,HKFE,2022-02-23 17:15:00,23680.0,23722.0,23591.0,23667.0,4958.0,117285438.0,0.0
MHImain,HKFE,2022-02-23 21:16:00,23666.0,23700.0,23386.0,23452.0,12713.0,299154520.0,0.0
MHImain,HKFE,2022-02-24 01:16:00,23452.0,23487.0,22983.0,22986.0,41903.0,973903949.0,0.0
MHImain,HKFE,2022-02-24 11:31:00,22984.0,23085.0,22801.0,22888.0,45157.0,1035004191.0,0.0
MHImain,HKFE,2022-02-24 17:15:00,22820.0,22850.0,22435.0,22442.0,10208.0,230726811.0,0.0
MHImain,HKFE,2022-02-24 21:16:00,22446.0,22630.0,22391.0,22500.0,12760.0,287204756.0,0.0
MHImain,HKFE,2022-02-25 01:16:00,22502.0,22961.0,22480.0,22674.0,33990.0,775561478.0,0.0
MHImain,HKFE,2022-02-25 11:31:00,22673.0,22831.0,22622.0,22643.0,27009.0,613438722.0,0.0
MHImain,HKFE,2022-02-25 17:15:00,22632.0,22849.0,22575.0,22809.0,10048.0,228068410.0,0.0
MHImain,HKFE,2022-02-25 21:16:00,22810.0,22932.0,22695.0,22908.0,18098.0,413217633.0,0.0
MHImain,HKFE,2022-02-26 01:16:00,22906.0,22960.0,22875.0,22960.0,2513.0,57604903.0,0.0
MHImain,HKFE,2022-02-28 01:16:00,22674.0,22744.0,22334.0,22357.0,42834.0,964369708.0,0.0
MHImain,HKFE,2022-02-28 11:31:00,22355.0,22698.0,22339.0,22668.0,33779.0,761058830.0,0.0
MHImain,HKFE,2022-02-28 17:15:00,22670.0,22697.0,22453.0,22597.0,10046.0,226618037.0,0.0
MHImain,HKFE,2022-02-28 21:16:00,22596.0,22742.0,22528.0,22661.0,13203.0,298740470.0,0.0
MHImain,HKFE,2022-03-01 01:16:00,22661.0,22760.0,22544.0,22614.0,34499.0,780771759.0,0.0
MHImain,HKFE,2022-03-01 11:31:00,22614.0,22866.0,22514.0,22560.0,40292.0,914278027.0,0.0
MHImain,HKFE,2022-03-01 17:15:00,22555.0,22572.0,22396.0,22437.0,11185.0,251302917.0,0.0
MHImain,HKFE,2022-03-01 21:16:00,22431.0,22598.0,22331.0,22358.0,18958.0,426597274.0,0.0
MHImain,HKFE,2022-03-02 01:16:00,22360.0,22620.0,22333.0,22440.0,34313.0,771521259.0,0.0
MHImain,HKFE,2022-03-02 11:31:00,22441.0,22492.0,22220.0,22312.0,35786.0,799714702.0,0.0
MHImain,HKFE,2022-03-02 17:15:00,22330.0,22400.0,22252.0,22307.0,8708.0,194544671.0,0.0
MHImain,HKFE,2022-03-02 21:16:00,22305.0,22444.0,22226.0,22396.0,20347.0,454395447.0,0.0
MHImain,HKFE,2022-03-03 01:16:00,22399.0,22478.0,22285.0,22365.0,31709.0,709482295.0,0.0
MHImain,HKFE,2022-03-03 11:31:00,22361.0,22430.0,22300.0,22377.0,23651.0,528992527.0,0.0
MHImain,HKFE,2022-03-03 17:15:00,22365.0,22365.0,22251.0,22310.0,7455.0,166243324.0,0.0
MHImain,HKFE,2022-03-03 21:16:00,22311.0,22377.0,22011.0,22080.0,20233.0,448702293.0,0.0
MHImain,HKFE,2022-03-04 01:16:00,22080.0,22159.0,21723.0,21819.0,41336.0,903799587.0,0.0
MHImain,HKFE,2022-03-04 11:31:00,21821.0,21938.0,21756.0,21845.0,28516.0,622237878.0,0.0
MHImain,HKFE,2022-03-04 17:15:00,21828.0,21828.0,21630.0,21667.0,12275.0,266341868.0,0.0
MHImain,HKFE,2022-03-04 21:16:00,21666.0,21758.0,21452.0,21568.0,22764.0,491646998.0,0.0
MHImain,HKFE,2022-03-05 01:16:00,21568.0,21616.0,21518.0,21526.0,3973.0,85734131.0,0.0
MHImain,HKFE,2022-03-07 01:16:00,21379.0,21395.0,20730.0,21121.0,50889.0,1069679259.0,0.0
MHImain,HKFE,2022-03-07 11:31:00,21123.0,21267.0,20881.0,20890.0,43950.0,926664909.0,0.0
MHImain,HKFE,2022-03-07 17:15:00,20937.0,21150.0,20872.0,21080.0,12679.0,266311120.0,0.0
MHImain,HKFE,2022-03-07 21:16:00,21081.0,21254.0,20952.0,21008.0,19855.0,419321233.0,0.0
MHImain,HKFE,2022-03-08 01:16:00,21007.0,21244.0,20827.0,20931.0,46394.0,976167180.0,0.0
MHImain,HKFE,2022-03-08 11:31:00,20932.0,21030.0,20565.0,20860.0,54023.0,1122279571.0,0.0
MHImain,HKFE,2022-03-08 17:15:00,20832.0,21065.0,20794.0,20888.0,13672.0,285961851.0,0.0
MHImain,HKFE,2022-03-08 21:16:00,20886.0,20964.0,20625.0,20958.0,24097.0,500739647.0,0.0
MHImain,HKFE,2022-03-09 01:16:00,20957.0,21057.0,20196.0,20306.0,59416.0,1227388728.0,0.0
MHImain,HKFE,2022-03-09 11:31:00,20306.0,20658.0,20048.0,20515.0,64495.0,1311777656.0,0.0
MHImain,HKFE,2022-03-09 17:15:00,20557.0,20768.0,20545.0,20754.0,11887.0,245544064.0,0.0
MHImain,HKFE,2022-03-09 21:16:00,20754.0,20923.0,20674.0,20893.0,20120.0,418604332.0,0.0
MHImain,HKFE,2022-03-10 01:16:00,20890.0,21088.0,20815.0,20946.0,42076.0,882193040.0,0.0
MHImain,HKFE,2022-03-10 11:31:00,20947.0,20948.0,20685.0,20792.0,43960.0,913701188.0,0.0
MHImain,HKFE,2022-03-10 17:15:00,20805.0,20858.0,20558.0,20618.0,12918.0,267041910.0,0.0
MHImain,HKFE,2022-03-10 21:16:00,20618.0,20675.0,20242.0,20370.0,29520.0,602795915.0,0.0
MHImain,HKFE,2022-03-11 01:16:00,20369.0,20425.0,20064.0,20077.0,47611.0,963586215.0,0.0
MHImain,HKFE,2022-03-11 11:31:00,20075.0,20785.0,20072.0,20500.0,67032.0,1371987074.0,0.0
MHImain,HKFE,2022-03-11 17:15:00,20545.0,20725.0,20362.0,20617.0,20107.0,413476302.0,0.0
MHImain,HKFE,2022-03-11 21:16:00,20605.0,20668.0,20100.0,20143.0,26714.0,542697507.0,0.0
MHImain,HKFE,2022-03-12 01:16:00,20143.0,20200.0,20048.0,20065.0,3362.0,67664201.0,0.0
MHImain,HKFE,2022-03-14 01:16:00,20025.0,20228.0,19712.0,19868.0,58633.0,1171437111.0,0.0
MHImain,HKFE,2022-03-14 11:31:00,19870.0,19917.0,19423.0,19593.0,73237.0,1440329935.0,0.0
MHImain,HKFE,2022-03-14 17:15:00,19600.0,19736.0,19504.0,19519.0,13958.0,273683481.0,0.0
MHImain,HKFE,2022-03-14 21:16:00,19517.0,19663.0,19206.0,19217.0,39885.0,775116659.0,0.0
MHImain,HKFE,2022-03-15 01:16:00,19217.0,19405.0,18575.0,19027.0,96893.0,1841746444.0,0.0
MHImain,HKFE,2022-03-15 11:31:00,19028.0,19072.0,18238.0,18308.0,92561.0,1720963944.0,0.0
MHImain,HKFE,2022-03-15 17:15:00,18349.0,18569.0,18136.0,18555.0,23350.0,428504590.0,0.0
MHImain,HKFE,2022-03-15 21:16:00,18559.0,19067.0,18423.0,18801.0,54056.0,1014727030.0,0.0
MHImain,HKFE,2022-03-16 01:16:00,18800.0,19071.0,18569.0,18784.0,64027.0,1207016134.0,0.0
MHImain,HKFE,2022-03-16 11:31:00,18785.0,20241.0,18777.0,20120.0,111552.0,2198329102.0,0.0
MHImain,HKFE,2022-03-16 17:15:00,20142.0,20675.0,20105.0,20462.0,34359.0,702232691.0,0.0
MHImain,HKFE,2022-03-16 21:16:00,20464.0,20942.0,20296.0,20868.0,43015.0,889201872.0,0.0
MHImain,HKFE,2022-03-17 01:16:00,20870.0,21504.0,20711.0,21271.0,83053.0,1748691404.0,0.0
MHImain,HKFE,2022-03-17 11:31:00,21271.0,21546.0,21048.0,21473.0,65442.0,1392375086.0,0.0
MHImain,HKFE,2022-03-17 17:15:00,21450.0,21509.0,21222.0,21310.0,15683.0,334079205.0,0.0
MHImain,HKFE,2022-03-17 21:16:00,21308.0,21349.0,20872.0,21170.0,40159.0,847813919.0,0.0
MHImain,HKFE,2022-03-18 01:16:00,21173.0,21304.0,20930.0,20985.0,50458.0,1066456749.0,0.0
MHImain,HKFE,2022-03-18 11:31:00,20985.0,21637.0,20917.0,21425.0,73373.0,1566389475.0,0.0
MHImain,HKFE,2022-03-18 17:15:00,21401.0,21458.0,21275.0,21293.0,10389.0,221933656.0,0.0
MHImain,HKFE,2022-03-18 21:16:00,21293.0,22211.0,21182.0,22131.0,59569.0,1295642974.0,0.0
MHImain,HKFE,2022-03-19 01:16:00,22127.0,22208.0,22060.0,22119.0,7453.0,164963294.0,0.0
MHImain,HKFE,2022-03-21 01:16:00,21950.0,21990.0,21345.0,21355.0,51623.0,1110863611.0,0.0
MHImain,HKFE,2022-03-21 11:31:00,21354.0,21395.0,21071.0,21237.0,50328.0,1067677784.0,0.0
MHImain,HKFE,2022-03-21 17:15:00,21242.0,21537.0,21236.0,21524.0,8764.0,187336030.0,0.0
MHImain,HKFE,2022-03-21 21:16:00,21523.0,21595.0,21190.0,21280.0,32274.0,690083257.0,0.0
MHImain,HKFE,2022-03-22 01:16:00,21278.0,21492.0,21261.0,21439.0,43727.0,935208818.0,0.0
MHImain,HKFE,2022-03-22 11:31:00,21438.0,21963.0,21385.0,21924.0,53089.0,1150939258.0,0.0
MHImain,HKFE,2022-03-22 17:15:00,21930.0,22059.0,21907.0,22039.0,7598.0,166940901.0,0.0
MHImain,HKFE,2022-03-22 21:16:00,22038.0,22259.0,21980.0,22125.0,26207.0,579779931.0,0.0
MHImain,HKFE,2022-03-23 01:16:00,22125.0,22399.0,21956.0,22179.0,51549.0,1142810124.0,0.0
MHImain,HKFE,2022-03-23 11:31:00,22179.0,22301.0,22039.0,22103.0,43523.0,965509297.0,0.0
MHImain,HKFE,2022-03-23 17:15:00,22075.0,22075.0,21754.0,21837.0,13329.0,291479742.0,0.0
MHImain,HKFE,2022-03-23 21:16:00,21834.0,22242.0,21688.0,22072.0,31074.0,682685136.0,0.0
MHImain,HKFE,2022-03-24 01:16:00,22070.0,22176.0,21875.0,22142.0,47213.0,1039738863.0,0.0
MHImain,HKFE,2022-03-24 11:31:00,22144.0,22224.0,21868.0,21939.0,40074.0,884106191.0,0.0
MHImain,HKFE,2022-03-24 17:15:00,21940.0,21982.0,21841.0,21903.0,9025.0,197747112.0,0.0
MHImain,HKFE,2022-03-24 21:16:00,21897.0,21934.0,21682.0,21793.0,27997.0,610210430.0,0.0
MHImain,HKFE,2022-03-25 01:16:00,21797.0,21941.0,21560.0,21588.0,46846.0,1021067768.0,0.0
MHImain,HKFE,2022-03-25 11:31:00,21594.0,21648.0,21283.0,21357.0,55098.0,1180389328.0,0.0
MHImain,HKFE,2022-03-25 17:15:00,21380.0,21573.0,21380.0,21515.0,8231.0,176902984.0,0.0
MHImain,HKFE,2022-03-25 21:16:00,21515.0,21615.0,21419.0,21561.0,19771.0,425583905.0,0.0
MHImain,HKFE,2022-03-26 01:16:00,21558.0,21663.0,21554.0,21619.0,2682.0,57968930.0,0.0
MHImain,HKFE,2022-03-28 01:16:00,21502.0,21800.0,21202.0,21605.0,52163.0,1120781740.0,0.0
MHImain,HKFE,2022-03-28 11:31:00,21604.0,21768.0,21530.0,21766.0,31931.0,691301245.0,0.0
MHImain,HKFE,2022-03-28 17:15:00,21762.0,21887.0,21731.0,21770.0,7042.0,153631807.0,0.0
MHImain,HKFE,2022-03-28 21:16:00,21770.0,21895.0,21640.0,21739.0,14984.0,325993184.0,0.0
MHImain,HKFE,2022-03-29 01:16:00,21741.0,21942.0,21713.0,21784.0,35937.0,784477655.0,0.0
MHImain,HKFE,2022-03-29 11:31:00,21782.0,21957.0,21767.0,21954.0,22418.0,490176725.0,0.0
MHImain,HKFE,2022-03-29 17:15:00,21943.0,22241.0,21943.0,22229.0,5925.0,130836086.0,0.0
MHImain,HKFE,2022-03-29 21:16:00,22230.0,22353.0,22111.0,22135.0,9190.0,204257679.0,0.0
MHImain,HKFE,2022-03-30 01:16:00,22136.0,22323.0,22036.0,22185.0,38559.0,854797885.0,0.0
MHImain,HKFE,2022-03-30 11:31:00,22186.0,22381.0,22154.0,22175.0,35481.0,789611527.0,0.0
MHImain,HKFE,2022-03-30 17:15:00,22156.0,22237.0,22135.0,22148.0,5435.0,120581604.0,0.0
MHImain,HKFE,2022-03-30 21:16:00,22149.0,22412.0,22142.0,22310.0,16559.0,369792795.0,0.0
MHImain,HKFE,2022-03-31 01:16:00,22308.0,22308.0,21913.0,22068.0,42071.0,928751712.0,0.0
MHImain,HKFE,2022-03-31 11:31:00,22066.0,22145.0,21929.0,21986.0,32383.0,713156662.0,0.0
MHImain,HKFE,2022-03-31 17:15:00,21988.0,22015.0,21885.0,21946.0,6884.0,151071646.0,0.0
MHImain,HKFE,2022-03-31 21:16:00,21945.0,21970.0,21740.0,21761.0,18967.0,413769106.0,0.0
MHImain,HKFE,2022-04-01 01:16:00,21761.0,21918.0,21544.0,21824.0,48743.0,1058231120.0,0.0
MHImain,HKFE,2022-04-01 11:31:00,21825.0,22061.0,21748.0,22030.0,37724.0,826248355.0,0.0
MHImain,HKFE,2022-04-01 17:15:00,22030.0,22428.0,21997.0,22330.0,13632.0,304160835.0,0.0
MHImain,HKFE,2022-04-01 21:16:00,22328.0,22446.0,22083.0,22083.0,21911.0,487979822.0,0.0
MHImain,HKFE,2022-04-02 01:16:00,22083.0,22216.0,22075.0,22170.0,2547.0,56401369.0,0.0
MHImain,HKFE,2022-04-04 01:16:00,22215.0,22409.0,22118.0,22340.0,36735.0,817375291.0,0.0
MHImain,HKFE,2022-04-04 11:31:00,22340.0,22534.0,22289.0,22470.0,35470.0,795809882.0,0.0
MHImain,HKFE,2022-04-04 17:15:00,22488.0,22565.0,22422.0,22477.0,6666.0,149921031.0,0.0
MHImain,HKFE,2022-04-04 21:16:00,22477.0,22669.0,22407.0,22542.0,18073.0,407396954.0,0.0
MHImain,HKFE,2022-04-05 01:16:00,22545.0,22610.0,22545.0,22590.0,1360.0,30708937.0,0.0
MHImain,HKFE,2022-04-06 01:16:00,22250.0,22285.0,22012.0,22147.0,45089.0,997754854.0,0.0
MHImain,HKFE,2022-04-06 11:31:00,22148.0,22258.0,21997.0,22081.0,34430.0,762887368.0,0.0
MHImain,HKFE,2022-04-06 17:15:00,22070.0,22100.0,21948.0,22018.0,6876.0,151361214.0,0.0
MHImain,HKFE,2022-04-06 21:16:00,22020.0,22034.0,21812.0,21859.0,16562.0,362507068.0,0.0
MHImain,HKFE,2022-04-07 01:16:00,21857.0,22220.0,21775.0,21823.0,49387.0,1087852836.0,0.0
MHImain,HKFE,2022-04-07 11:31:00,21822.0,21955.0,21745.0,21802.0,35396.0,773298938.0,0.0
MHImain,HKFE,2022-04-07 17:15:00,21781.0,21931.0,21781.0,21800.0,5960.0,130225089.0,0.0
MHImain,HKFE,2022-04-07 21:16:00,21800.0,21851.0,21560.0,21639.0,17075.0,370170045.0,0.0
MHImain,HKFE,2022-04-08 01:16:00,21640.0,21814.0,21570.0,21717.0,43721.0,948708791.0,0.0
MHImain,HKFE,2022-04-08 11:31:00,21722.0,21950.0,21656.0,21933.0,30018.0,653909832.0,0.0
MHImain,HKFE,2022-04-08 17:15:00,21915.0,21915.0,21785.0,21804.0,4371.0,95563177.0,0.0
MHImain,HKFE,2022-04-08 21:16:00,21804.0,21944.0,21758.0,21910.0,14187.0,310148998.0,0.0
MHImain,HKFE,2022-04-09 01:16:00,21913.0,21914.0,21828.0,21879.0,1633.0,35713909.0,0.0
MHImain,HKFE,2022-04-11 01:16:00,21777.0,21787.0,21233.0,21308.0,42951.0,919429750.0,0.0
MHImain,HKFE,2022-04-11 11:31:00,21309.0,21358.0,21108.0,21128.0,39122.0,830131849.0,0.0
MHImain,HKFE,2022-04-11 17:15:00,21107.0,21480.0,21104.0,21370.0,12839.0,274048291.0,0.0
MHImain,HKFE,2022-04-11 21:16:00,21371.0,21518.0,21291.0,21427.0,16886.0,361411159.0,0.0
MHImain,HKFE,2022-04-12 01:16:00,21420.0,21444.0,20994.0,21026.0,47067.0,998678274.0,0.0
MHImain,HKFE,2022-04-12 11:31:00,21025.0,21515.0,20963.0,21308.0,54517.0,1160056680.0,0.0
MHImain,HKFE,2022-04-12 17:15:00,21313.0,21511.0,21313.0,21433.0,8124.0,173959897.0,0.0
MHImain,HKFE,2022-04-12 21:16:00,21437.0,21477.0,21307.0,21346.0,14001.0,299375230.0,0.0
MHImain,HKFE,2022-04-13 01:16:00,21346.0,21399.0,21123.0,21385.0,42137.0,895689964.0,0.0
MHImain,HKFE,2022-04-13 11:31:00,21388.0,21526.0,21258.0,21313.0,36395.0,778355668.0,0.0
MHImain,HKFE,2022-04-13 17:15:00,21338.0,21427.0,21260.0,21278.0,6915.0,147492982.0,0.0
MHImain,HKFE,2022-04-13 21:16:00,21279.0,21469.0,21229.0,21468.0,12269.0,262155808.0,0.0
MHImain,HKFE,2022-04-14 01:16:00,21465.0,21552.0,21352.0,21455.0,33821.0,725352417.0,0.0
MHImain,HKFE,2022-04-14 11:31:00,21458.0,21594.0,21410.0,21525.0,28632.0,615665274.0,0.0
MHImain,HKFE,2022-04-14 17:15:00,21533.0,21539.0,21401.0,21406.0,4272.0,91775088.0,0.0
MHImain,HKFE,2022-04-14 21:16:00,21408.0,21469.0,21297.0,21315.0,10984.0,234942082.0,0.0
MHImain,HKFE,2022-04-15 01:16:00,21315.0,21390.0,21313.0,21353.0,1510.0,32247590.0,0.0
MHImain,HKFE,2022-04-19 01:16:00,21120.0,21194.0,20857.0,21128.0,40176.0,843319622.0,0.0
MHImain,HKFE,2022-04-19 11:31:00,21128.0,21168.0,20941.0,21000.0,26623.0,559920020.0,0.0
MHImain,HKFE,2022-04-19 17:15:00,20975.0,21002.0,20872.0,20887.0,4692.0,98151300.0,0.0
MHImain,HKFE,2022-04-19 21:16:00,20889.0,21016.0,20790.0,20992.0,12771.0,267085076.0,0.0
MHImain,HKFE,2022-04-20 01:16:00,20990.0,21140.0,20907.0,21129.0,38073.0,799613604.0,0.0
MHImain,HKFE,2022-04-20 11:31:00,21130.0,21217.0,20869.0,20927.0,32955.0,692496423.0,0.0
MHImain,HKFE,2022-04-20 17:15:00,20940.0,21063.0,20940.0,21020.0,4694.0,98662444.0,0.0
MHImain,HKFE,2022-04-20 21:16:00,21020.0,21045.0,20824.0,20857.0,13234.0,276577381.0,0.0
MHImain,HKFE,2022-04-21 01:16:00,20857.0,20920.0,20598.0,20609.0,40854.0,848877768.0,0.0
MHImain,HKFE,2022-04-21 11:31:00,20608.0,20731.0,20485.0,20659.0,42124.0,868279909.0,0.0
MHImain,HKFE,2022-04-21 17:15:00,20679.0,20720.0,20640.0,20708.0,3366.0,69617705.0,0.0
MHImain,HKFE,2022-04-21 21:16:00,20707.0,20730.0,20318.0,20343.0,17585.0,360551773.0,0.0
MHImain,HKFE,2022-04-22 01:16:00,20344.0,20550.0,20166.0,20515.0,48146.0,981096238.0,0.0
MHImain,HKFE,2022-04-22 11:31:00,20517.0,20712.0,20510.0,20613.0,37045.0,763645048.0,0.0
MHImain,HKFE,2022-04-22 17:15:00,20590.0,20599.0,20458.0,20481.0,6025.0,123597242.0,0.0
MHImain,HKFE,2022-04-22 21:16:00,20481.0,20708.0,20364.0,20369.0,18748.0,385252970.0,0.0
MHImain,HKFE,2022-04-23 01:16:00,20368.0,20414.0,20338.0,20360.0,2581.0,52566568.0,0.0
MHImain,HKFE,2022-04-25 01:16:00,20239.0,20283.0,19997.0,20122.0,45134.0,907624695.0,0.0
MHImain,HKFE,2022-04-25 11:31:00,20127.0,20133.0,19784.0,19804.0,39313.0,783695727.0,0.0
MHImain,HKFE,2022-04-25 17:15:00,19792.0,19905.0,19650.0,19845.0,12691.0,251297587.0,0.0
MHImain,HKFE,2022-04-25 21:16:00,19845.0,19969.0,19715.0,19925.0,21391.0,424781236.0,0.0
MHImain,HKFE,2022-04-26 01:16:00,19926.0,20262.0,19856.0,20244.0,43177.0,865963522.0,0.0
MHImain,HKFE,2022-04-26 11:31:00,20241.0,20272.0,19865.0,19961.0,37113.0,743707697.0,0.0
MHImain,HKFE,2022-04-26 17:15:00,19950.0,19979.0,19857.0,19875.0,3725.0,74189146.0,0.0
MHImain,HKFE,2022-04-26 21:16:00,19880.0,19883.0,19624.0,19710.0,15433.0,304516202.0,0.0
MHImain,HKFE,2022-04-27 01:16:00,19713.0,19994.0,19621.0,19937.0,38930.0,772396643.0,0.0
MHImain,HKFE,2022-04-27 11:31:00,19939.0,20050.0,19845.0,19920.0,27988.0,558663200.0,0.0
MHImain,HKFE,2022-04-27 17:15:00,19843.0,19916.0,19739.0,19762.0,3696.0,73292390.0,0.0
MHImain,HKFE,2022-04-27 21:16:00,19765.0,20036.0,19732.0,19840.0,10778.0,214113711.0,0.0
MHImain,HKFE,2022-04-28 01:16:00,19840.0,20172.0,19819.0,20033.0,36963.0,738806656.0,0.0
MHImain,HKFE,2022-04-28 11:31:00,20033.0,20194.0,19837.0,20180.0,32759.0,655505853.0,0.0
MHImain,HKFE,2022-04-28 17:15:00,20161.0,20183.0,20067.0,20090.0,7029.0,141401854.0,0.0
MHImain,HKFE,2022-04-28 21:16:00,20090.0,20109.0,19867.0,20031.0,20278.0,404666264.0,0.0
MHImain,HKFE,2022-04-29 01:16:00,20028.0,20253.0,19912.0,20253.0,43848.0,879745011.0,0.0
MHImain,HKFE,2022-04-29 11:31:00,20253.0,21087.0,20248.0,21000.0,75053.0,1558609945.0,0.0
MHImain,HKFE,2022-04-29 17:15:00,20960.0,20975.0,20777.0,20868.0,9913.0,206962947.0,0.0
MHImain,HKFE,2022-04-29 21:16:00,20868.0,21060.0,20765.0,20785.0,20430.0,427087509.0,0.0
MHImain,HKFE,2022-04-30 01:16:00,20782.0,20862.0,20710.0,20710.0,3034.0,63028777.0,0.0
MHImain,HKFE,2022-05-03 01:16:00,20798.0,21083.0,20530.0,21035.0,43719.0,910397776.0,0.0
MHImain,HKFE,2022-05-03 11:31:00,21035.0,21205.0,20938.0,20958.0,33257.0,699480863.0,0.0
MHImain,HKFE,2022-05-03 17:15:00,20948.0,20990.0,20862.0,20973.0,5878.0,122960523.0,0.0
MHImain,HKFE,2022-05-03 21:16:00,20976.0,21044.0,20878.0,20974.0,15892.0,332923946.0,0.0
MHImain,HKFE,2022-05-04 01:16:00,20974.0,21015.0,20730.0,20805.0,32795.0,683613252.0,0.0
MHImain,HKFE,2022-05-04 11:31:00,20803.0,20808.0,20668.0,20722.0,23414.0,485646967.0,0.0
MHImain,HKFE,2022-05-04 17:15:00,20708.0,20742.0,20650.0,20725.0,4052.0,83890146.0,0.0
MHImain,HKFE,2022-05-04 21:16:00,20724.0,20787.0,20632.0,20759.0,12406.0,256699725.0,0.0
MHImain,HKFE,2022-05-05 01:16:00,20759.0,21216.0,20613.0,20924.0,47748.0,1000965179.0,0.0
MHImain,HKFE,2022-05-05 11:31:00,20923.0,20945.0,20603.0,20655.0,29772.0,619154869.0,0.0
MHImain,HKFE,2022-05-05 17:15:00,20638.0,20693.0,20512.0,20530.0,5841.0,120453435.0,0.0
MHImain,HKFE,2022-05-05 21:16:00,20528.0,20560.0,20027.0,20181.0,29331.0,593831956.0,0.0
MHImain,HKFE,2022-05-06 01:16:00,20175.0,20228.0,19850.0,19884.0,47205.0,948207214.0,0.0
MHImain,HKFE,2022-05-06 11:31:00,19884.0,20002.0,19846.0,19877.0,32297.0,643090962.0,0.0
MHImain,HKFE,2022-05-06 17:15:00,19866.0,20046.0,19840.0,19898.0,8365.0,166801395.0,0.0
MHImain,HKFE,2022-05-06 21:16:00,19899.0,19955.0,19591.0,19797.0,28016.0,554115370.0,0.0
MHImain,HKFE,2022-05-07 01:16:00,19800.0,19808.0,19658.0,19685.0,3551.0,70058717.0,0.0
MHImain,HKFE,2022-05-10 01:16:00,19240.0,19544.0,19062.0,19282.0,49076.0,947356532.0,0.0
MHImain,HKFE,2022-05-10 11:31:00,19279.0,19654.0,19250.0,19478.0,38158.0,743714800.0,0.0
MHImain,HKFE,2022-05-10 17:15:00,19499.0,19585.0,19408.0,19561.0,6081.0,118478569.0,0.0
MHImain,HKFE,2022-05-10 21:16:00,19558.0,19579.0,19178.0,19248.0,24055.0,465289839.0,0.0
MHImain,HKFE,2022-05-11 01:16:00,19248.0,19807.0,19216.0,19763.0,46925.0,919643491.0,0.0
MHImain,HKFE,2022-05-11 11:31:00,19758.0,19974.0,19645.0,19772.0,38648.0,765703210.0,0.0
MHImain,HKFE,2022-05-11 17:15:00,19780.0,19864.0,19480.0,19603.0,13397.0,263312222.0,0.0
MHImain,HKFE,2022-05-11 21:16:00,19603.0,19798.0,19462.0,19492.0,26690.0,524851922.0,0.0
MHImain,HKFE,2022-05-12 01:16:00,19494.0,19610.0,19346.0,19525.0,41741.0,813501593.0,0.0
MHImain,HKFE,2022-05-12 11:31:00,19522.0,19556.0,19212.0,19223.0,37794.0,730475547.0,0.0
MHImain,HKFE,2022-05-12 17:15:00,19213.0,19289.0,19094.0,19262.0,11502.0,220814381.0,0.0
MHImain,HKFE,2022-05-12 21:16:00,19262.0,19500.0,19085.0,19325.0,31869.0,615226220.0,0.0
MHImain,HKFE,2022-05-13 01:16:00,19319.0,19742.0,19127.0,19724.0,43292.0,847627344.0,0.0
MHImain,HKFE,2022-05-13 11:31:00,19722.0,19838.0,19603.0,19770.0,33205.0,655271394.0,0.0
MHImain,HKFE,2022-05-13 17:15:00,19783.0,19784.0,19676.0,19707.0,5396.0,106413713.0,0.0
MHImain,HKFE,2022-05-13 21:16:00,19709.0,20018.0,19668.0,19980.0,19504.0,388285448.0,0.0
MHImain,HKFE,2022-05-14 01:16:00,19978.0,19991.0,19871.0,19963.0,2968.0,59129737.0,0.0
MHImain,HKFE,2022-05-16 01:16:00,20066.0,20087.0,19655.0,19688.0,40379.0,801833246.0,0.0
MHImain,HKFE,2022-05-16 11:31:00,19688.0,19928.0,19671.0,19925.0,31727.0,628759938.0,0.0
MHImain,HKFE,2022-05-16 17:15:00,19917.0,20000.0,19896.0,19958.0,5193.0,103550284.0,0.0
MHImain,HKFE,2022-05-16 21:16:00,19957.0,20072.0,19901.0,20014.0,18573.0,371225151.0,0.0
MHImain,HKFE,2022-05-17 01:16:00,20015.0,20354.0,19991.0,20307.0,43293.0,874583348.0,0.0
MHImain,HKFE,2022-05-17 11:31:00,20306.0,20579.0,20290.0,20573.0,30534.0,623664233.0,0.0
MHImain,HKFE,2022-05-17 17:15:00,20580.0,20665.0,20528.0,20608.0,8283.0,170553138.0,0.0
MHImain,HKFE,2022-05-17 21:16:00,20608.0,20683.0,20408.0,20480.0,19204.0,394186424.0,0.0
MHImain,HKFE,2022-05-18 01:16:00,20478.0,20532.0,20297.0,20378.0,38978.0,794605177.0,0.0
MHImain,HKFE,2022-05-18 11:31:00,20379.0,20619.0,20329.0,20485.0,31559.0,646595123.0,0.0
MHImain,HKFE,2022-05-18 17:15:00,20480.0,20525.0,20383.0,20390.0,6003.0,122791865.0,0.0
MHImain,HKFE,2022-05-18 21:16:00,20391.0,20465.0,20163.0,20171.0,19380.0,394166996.0,0.0
MHImain,HKFE,2022-05-19 01:16:00,20172.0,20210.0,19815.0,20118.0,48924.0,977833165.0,0.0
MHImain,HKFE,2022-05-19 11:31:00,20117.0,20145.0,19953.0,20022.0,30143.0,604093875.0,0.0
MHImain,HKFE,2022-05-19 17:15:00,20015.0,20156.0,19934.0,20138.0,9426.0,189148699.0,0.0
MHImain,HKFE,2022-05-19 21:16:00,20137.0,20405.0,20113.0,20315.0,24041.0,486947753.0,0.0
MHImain,HKFE,2022-05-20 01:16:00,20314.0,20537.0,20312.0,20434.0,42497.0,868103308.0,0.0
MHImain,HKFE,2022-05-20 11:31:00,20436.0,20745.0,20415.0,20610.0,35249.0,725283876.0,0.0
MHImain,HKFE,2022-05-20 17:15:00,20617.0,20698.0,20582.0,20605.0,4751.0,98099948.0,0.0
MHImain,HKFE,2022-05-20 21:16:00,20605.0,20705.0,20248.0,20257.0,21825.0,446823858.0,0.0
MHImain,HKFE,2022-05-21 01:16:00,20258.0,20347.0,20215.0,20320.0,4095.0,83066695.0,0.0
MHImain,HKFE,2022-05-23 01:16:00,20650.0,20679.0,20304.0,20310.0,34735.0,710145105.0,0.0
MHImain,HKFE,2022-05-23 11:31:00,20310.0,20477.0,20225.0,20415.0,33779.0,687822941.0,0.0
MHImain,HKFE,2022-05-23 17:15:00,20427.0,20546.0,20406.0,20499.0,6553.0,134276185.0,0.0
MHImain,HKFE,2022-05-23 21:16:00,20497.0,20546.0,20356.0,20470.0,17551.0,358991608.0,0.0
MHImain,HKFE,2022-05-24 01:16:00,20469.0,20527.0,20112.0,20162.0,43199.0,877639715.0,0.0
MHImain,HKFE,2022-05-24 11:31:00,20161.0,20186.0,19961.0,20108.0,32220.0,646688253.0,0.0
MHImain,HKFE,2022-05-24 17:15:00,20097.0,20178.0,20063.0,20177.0,5283.0,106350051.0,0.0
MHImain,HKFE,2022-05-24 21:16:00,20176.0,20185.0,19914.0,19984.0,19449.0,389256446.0,0.0
MHImain,HKFE,2022-05-25 01:16:00,19984.0,20300.0,19959.0,20159.0,38120.0,768076062.0,0.0
MHImain,HKFE,2022-05-25 11:31:00,20158.0,20391.0,20085.0,20120.0,35301.0,713528347.0,0.0
MHImain,HKFE,2022-05-25 17:15:00,20120.0,20170.0,20034.0,20093.0,6149.0,123582339.0,0.0
MHImain,HKFE,2022-05-25 21:16:00,20093.0,20203.0,20053.0,20075.0,14148.0,284907238.0,0.0
MHImain,HKFE,2022-05-26 01:16:00,20075.0,20327.0,19878.0,20019.0,45502.0,911785124.0,0.0
MHImain,HKFE,2022-05-26 11:31:00,20023.0,20168.0,19943.0,20053.0,32350.0,648663712.0,0.0
MHImain,HKFE,2022-05-26 17:15:00,20055.0,20226.0,20044.0,20204.0,6832.0,137758542.0,0.0
MHImain,HKFE,2022-05-26 21:16:00,20206.0,20680.0,20178.0,20644.0,22131.0,453906062.0,0.0
MHImain,HKFE,2022-05-27 01:16:00,20645.0,20815.0,20575.0,20725.0,37548.0,777958776.0,0.0
MHImain,HKFE,2022-05-27 11:31:00,20725.0,20765.0,20499.0,20749.0,28605.0,589540826.0,0.0
MHImain,HKFE,2022-05-27 17:15:00,20540.0,20674.0,20536.0,20644.0,3160.0,65075662.0,0.0
MHImain,HKFE,2022-05-27 21:16:00,20643.0,20688.0,20501.0,20632.0,5352.0,110275554.0,0.0
MHImain,HKFE,2022-05-28 01:16:00,20632.0,20698.0,20621.0,20686.0,594.0,12272150.0,0.0
MHImain,HKFE,2022-05-30 01:16:00,20746.0,21000.0,20697.0,20867.0,33199.0,691734248.0,0.0
MHImain,HKFE,2022-05-30 11:31:00,20868.0,20999.0,20867.0,20980.0,20918.0,437847152.0,0.0
MHImain,HKFE,2022-05-30 17:15:00,20969.0,21066.0,20955.0,20971.0,5133.0,107797807.0,0.0
MHImain,HKFE,2022-05-30 21:16:00,20973.0,20991.0,20914.0,20927.0,4150.0,86966252.0,0.0
MHImain,HKFE,2022-05-31 01:16:00,20926.0,21095.0,20849.0,21002.0,42041.0,881155904.0,0.0
MHImain,HKFE,2022-05-31 11:31:00,21000.0,21413.0,20981.0,21393.0,42133.0,891882399.0,0.0
MHImain,HKFE,2022-05-31 17:15:00,21366.0,21407.0,21261.0,21343.0,8100.0,172805331.0,0.0
MHImain,HKFE,2022-05-31 21:16:00,21343.0,21350.0,21159.0,21192.0,16225.0,344643847.0,0.0
MHImain,HKFE,2022-06-01 01:16:00,21191.0,21310.0,21042.0,21125.0,38608.0,817467650.0,0.0
MHImain,HKFE,2022-06-01 11:31:00,21122.0,21216.0,21006.0,21103.0,28647.0,604817805.0,0.0
MHImain,HKFE,2022-06-01 17:15:00,21104.0,21220.0,21069.0,21200.0,4906.0,103730920.0,0.0
MHImain,HKFE,2022-06-01 21:16:00,21200.0,21235.0,20817.0,20900.0,19156.0,402238137.0,0.0
MHImain,HKFE,2022-06-02 01:16:00,20898.0,21004.0,20722.0,20806.0,40336.0,840341102.0,0.0
MHImain,HKFE,2022-06-02 11:31:00,20804.0,20977.0,20745.0,20948.0,27908.0,582530284.0,0.0
MHImain,HKFE,2022-06-02 17:15:00,20946.0,21060.0,20934.0,20962.0,5378.0,112991211.0,0.0
MHImain,HKFE,2022-06-02 21:16:00,20965.0,21295.0,20943.0,21235.0,16896.0,356703750.0,0.0
MHImain,HKFE,2022-06-03 01:16:00,21236.0,21294.0,21231.0,21261.0,1834.0,39012289.0,0.0
MHImain,HKFE,2022-06-06 01:16:00,21230.0,21263.0,20863.0,21167.0,40187.0,846920920.0,0.0
MHImain,HKFE,2022-06-06 11:31:00,21168.0,21615.0,21161.0,21600.0,36879.0,786667854.0,0.0
MHImain,HKFE,2022-06-06 17:15:00,21589.0,21616.0,21525.0,21578.0,4019.0,86649808.0,0.0
MHImain,HKFE,2022-06-06 21:16:00,21577.0,21733.0,21414.0,21464.0,18570.0,401172712.0,0.0
MHImain,HKFE,2022-06-07 01:16:00,21460.0,21604.0,21272.0,21553.0,46199.0,990073718.0,0.0
MHImain,HKFE,2022-06-07 11:31:00,21553.0,21553.0,21251.0,21360.0,37392.0,799490426.0,0.0
MHImain,HKFE,2022-06-07 17:15:00,21352.0,21411.0,21266.0,21350.0,6445.0,137583932.0,0.0
MHImain,HKFE,2022-06-07 21:16:00,21352.0,21597.0,21326.0,21547.0,16176.0,347452159.0,0.0
MHImain,HKFE,2022-06-08 01:16:00,21547.0,21870.0,21545.0,21704.0,49561.0,1076145321.0,0.0
MHImain,HKFE,2022-06-08 11:31:00,21702.0,21920.0,21689.0,21840.0,35485.0,773697478.0,0.0
MHImain,HKFE,2022-06-08 17:15:00,21849.0,21850.0,21762.0,21814.0,5582.0,121746731.0,0.0
MHImain,HKFE,2022-06-08 21:16:00,21815.0,21988.0,21755.0,21889.0,19013.0,415887234.0,0.0
MHImain,HKFE,2022-06-09 01:16:00,21889.0,22026.0,21744.0,21828.0,50850.0,1112714273.0,0.0
MHImain,HKFE,2022-06-09 11:31:00,21831.0,21904.0,21646.0,21788.0,38253.0,831911789.0,0.0
MHImain,HKFE,2022-06-09 17:15:00,21793.0,22180.0,21760.0,21778.0,22709.0,498720621.0,0.0
MHImain,HKFE,2022-06-09 21:16:00,21780.0,21790.0,21469.0,21611.0,23836.0,515883045.0,0.0
MHImain,HKFE,2022-06-10 01:16:00,21611.0,21801.0,21346.0,21792.0,48122.0,1036899995.0,0.0
MHImain,HKFE,2022-06-10 11:31:00,21789.0,21827.0,21628.0,21686.0,36819.0,800097704.0,0.0
MHImain,HKFE,2022-06-10 17:15:00,21686.0,21759.0,21508.0,21548.0,10592.0,229105257.0,0.0
MHImain,HKFE,2022-06-10 21:16:00,21547.0,21547.0,21163.0,21234.0,26494.0,564943003.0,0.0
MHImain,HKFE,2022-06-11 01:16:00,21235.0,21338.0,21231.0,21326.0,2505.0,53354773.0,0.0
MHImain,HKFE,2022-06-13 01:16:00,21100.0,21199.0,20953.0,21099.0,41297.0,871090919.0,0.0
MHImain,HKFE,2022-06-13 11:31:00,21100.0,21120.0,20871.0,20890.0,37806.0,792870248.0,0.0
MHImain,HKFE,2022-06-13 17:15:00,20870.0,20972.0,20833.0,20925.0,9379.0,196056144.0,0.0
MHImain,HKFE,2022-06-13 21:16:00,20925.0,20954.0,20472.0,20619.0,28461.0,588433419.0,0.0
MHImain,HKFE,2022-06-14 01:16:00,20622.0,20849.0,20574.0,20720.0,41984.0,869963037.0,0.0
MHImain,HKFE,2022-06-14 11:31:00,20722.0,21055.0,20695.0,20907.0,39777.0,831843947.0,0.0
MHImain,HKFE,2022-06-14 17:15:00,20895.0,20942.0,20777.0,20857.0,10190.0,212536232.0,0.0
MHImain,HKFE,2022-06-14 21:16:00,20859.0,21015.0,20767.0,21000.0,23391.0,489012627.0,0.0
MHImain,HKFE,2022-06-15 01:16:00,21003.0,21275.0,20892.0,21248.0,42235.0,892369388.0,0.0
MHImain,HKFE,2022-06-15 11:31:00,21249.0,21319.0,21128.0,21220.0,34452.0,731199299.0,0.0
MHImain,HKFE,2022-06-15 17:15:00,21210.0,21210.0,21119.0,21166.0,6084.0,128778142.0,0.0
MHImain,HKFE,2022-06-15 21:16:00,21165.0,21236.0,21095.0,21173.0,13200.0,279450431.0,0.0
MHImain,HKFE,2022-06-16 01:16:00,21172.0,21490.0,21015.0,21205.0,55028.0,1166258928.0,0.0
MHImain,HKFE,2022-06-16 11:31:00,21205.0,21206.0,20575.0,20747.0,48934.0,1020215364.0,0.0
MHImain,HKFE,2022-06-16 17:15:00,20743.0,20748.0,20629.0,20700.0,8592.0,177723233.0,0.0
MHImain,HKFE,2022-06-16 21:16:00,20699.0,20744.0,20502.0,20714.0,18337.0,377994027.0,0.0
MHImain,HKFE,2022-06-17 01:16:00,20710.0,21007.0,20518.0,20923.0,49046.0,1022774590.0,0.0
MHImain,HKFE,2022-06-17 11:31:00,20921.0,21059.0,20882.0,20994.0,33405.0,700650968.0,0.0
MHImain,HKFE,2022-06-17 17:15:00,21017.0,21317.0,20950.0,21195.0,12388.0,262266480.0,0.0
MHImain,HKFE,2022-06-17 21:16:00,21196.0,21268.0,20757.0,20963.0,27819.0,583258136.0,0.0
MHImain,HKFE,2022-06-18 01:16:00,20965.0,20976.0,20888.0,20910.0,2775.0,58069259.0,0.0
MHImain,HKFE,2022-06-20 01:16:00,20886.0,21106.0,20760.0,21012.0,44574.0,932019432.0,0.0
MHImain,HKFE,2022-06-20 11:31:00,21012.0,21137.0,20927.0,21114.0,26329.0,553810811.0,0.0
MHImain,HKFE,2022-06-20 17:15:00,21113.0,21165.0,21084.0,21132.0,3303.0,69777383.0,0.0
MHImain,HKFE,2022-06-20 21:16:00,21132.0,21224.0,21132.0,21181.0,3994.0,84602766.0,0.0
MHImain,HKFE,2022-06-21 01:16:00,21180.0,21380.0,21081.0,21358.0,40395.0,858231207.0,0.0
MHImain,HKFE,2022-06-21 11:31:00,21358.0,21545.0,21291.0,21468.0,36380.0,779189319.0,0.0
MHImain,HKFE,2022-06-21 17:15:00,21467.0,21493.0,21397.0,21431.0,5170.0,110872718.0,0.0
MHImain,HKFE,2022-06-21 21:16:00,21431.0,21510.0,21353.0,21450.0,13735.0,294524799.0,0.0
MHImain,HKFE,2022-06-22 01:16:00,21446.0,21463.0,21183.0,21226.0,40893.0,871915200.0,0.0
MHImain,HKFE,2022-06-22 11:31:00,21225.0,21272.0,20891.0,20964.0,37088.0,781947684.0,0.0
MHImain,HKFE,2022-06-22 17:15:00,20977.0,21100.0,20977.0,21030.0,7050.0,148372004.0,0.0
MHImain,HKFE,2022-06-22 21:16:00,21030.0,21215.0,21012.0,21152.0,16780.0,354362217.0,0.0
MHImain,HKFE,2022-06-23 01:16:00,21149.0,21216.0,20934.0,21145.0,38910.0,820548468.0,0.0
MHImain,HKFE,2022-06-23 11:31:00,21146.0,21385.0,21128.0,21225.0,37650.0,800328975.0,0.0
MHImain,HKFE,2022-06-23 17:15:00,21233.0,21327.0,21228.0,21284.0,4908.0,104423838.0,0.0
MHImain,HKFE,2022-06-23 21:16:00,21282.0,21430.0,21087.0,21123.0,20276.0,431614856.0,0.0
MHImain,HKFE,2022-06-24 01:16:00,21124.0,21588.0,21090.0,21485.0,42862.0,919837676.0,0.0
MHImain,HKFE,2022-06-24 11:31:00,21484.0,21692.0,21468.0,21602.0,30077.0,649990028.0,0.0
MHImain,HKFE,2022-06-24 17:15:00,21618.0,21648.0,21574.0,21606.0,4664.0,100792898.0,0.0
MHImain,HKFE,2022-06-24 21:16:00,21605.0,21797.0,21575.0,21706.0,14202.0,308324553.0,0.0
MHImain,HKFE,2022-06-25 01:16:00,21714.0,21780.0,21705.0,21770.0,1352.0,29397762.0,0.0
MHImain,HKFE,2022-06-27 01:16:00,21820.0,22326.0,21808.0,22278.0,39496.0,873102266.0,0.0
MHImain,HKFE,2022-06-27 11:31:00,22278.0,22360.0,22060.0,22194.0,37517.0,832154565.0,0.0
MHImain,HKFE,2022-06-27 17:15:00,22169.0,22200.0,22118.0,22153.0,3316.0,73473586.0,0.0
MHImain,HKFE,2022-06-27 21:16:00,22153.0,22198.0,21965.0,21998.0,12186.0,269147450.0,0.0
MHImain,HKFE,2022-06-28 01:16:00,21997.0,22148.0,21894.0,21970.0,36733.0,808004168.0,0.0
MHImain,HKFE,2022-06-28 11:31:00,21970.0,22413.0,21943.0,22370.0,35820.0,795228565.0,0.0
MHImain,HKFE,2022-06-28 17:15:00,22300.0,22407.0,22261.0,22298.0,3414.0,76243429.0,0.0
MHImain,HKFE,2022-06-28 21:16:00,22299.0,22425.0,22059.0,22066.0,9028.0,200828280.0,0.0
MHImain,HKFE,2022-06-29 01:16:00,22064.0,22195.0,21941.0,21971.0,33041.0,729287520.0,0.0
MHImain,HKFE,2022-06-29 11:31:00,21970.0,22011.0,21744.0,21867.0,35736.0,782306236.0,0.0
MHImain,HKFE,2022-06-29 17:15:00,21856.0,21945.0,21798.0,21915.0,6013.0,131561142.0,0.0
MHImain,HKFE,2022-06-29 21:16:00,21914.0,21968.0,21843.0,21910.0,12714.0,278487820.0,0.0
MHImain,HKFE,2022-06-30 01:16:00,21911.0,22027.0,21778.0,21999.0,36970.0,809993863.0,0.0
MHImain,HKFE,2022-06-30 11:31:00,21998.0,21999.0,21610.0,21746.0,44959.0,980171506.0,0.0
MHImain,HKFE,2022-06-30 17:15:00,21738.0,21753.0,21643.0,21689.0,5549.0,120403091.0,0.0
MHImain,HKFE,2022-06-30 21:16:00,21692.0,21873.0,21546.0,21812.0,17457.0,378704257.0,0.0
MHImain,HKFE,2022-07-01 01:16:00,21814.0,21868.0,21780.0,21790.0,2165.0,47256687.0,0.0
MHImain,HKFE,2022-07-04 01:16:00,21751.0,21766.0,21400.0,21679.0,43765.0,945908988.0,0.0
MHImain,HKFE,2022-07-04 11:31:00,21680.0,21848.0,21651.0,21818.0,26583.0,578642907.0,0.0
MHImain,HKFE,2022-07-04 17:15:00,21822.0,21968.0,21803.0,21943.0,5560.0,121819120.0,0.0
MHImain,HKFE,2022-07-04 21:16:00,21941.0,21972.0,21875.0,21958.0,4186.0,91741255.0,0.0
MHImain,HKFE,2022-07-05 01:16:00,21960.0,22168.0,21767.0,21874.0,46033.0,1011747525.0,0.0
MHImain,HKFE,2022-07-05 11:31:00,21878.0,21964.0,21690.0,21705.0,30714.0,670805893.0,0.0
MHImain,HKFE,2022-07-05 17:15:00,21688.0,21742.0,21442.0,21469.0,11624.0,251130278.0,0.0
MHImain,HKFE,2022-07-05 21:16:00,21467.0,21520.0,21348.0,21518.0,18843.0,404033962.0,0.0
MHImain,HKFE,2022-07-06 01:16:00,21517.0,21792.0,21431.0,21478.0,44361.0,958986640.0,0.0
MHImain,HKFE,2022-07-06 11:31:00,21478.0,21594.0,21238.0,21508.0,41411.0,886372496.0,0.0
MHImain,HKFE,2022-07-06 17:15:00,21501.0,21554.0,21474.0,21530.0,4731.0,101792501.0,0.0
MHImain,HKFE,2022-07-06 21:16:00,21528.0,21552.0,21322.0,21427.0,14435.0,308881134.0,0.0
MHImain,HKFE,2022-07-07 01:16:00,21427.0,21563.0,21217.0,21527.0,42066.0,900352424.0,0.0
MHImain,HKFE,2022-07-07 11:31:00,21527.0,21725.0,21491.0,21720.0,29754.0,642626138.0,0.0
MHImain,HKFE,2022-07-07 17:15:00,21728.0,21831.0,21728.0,21803.0,6186.0,134732247.0,0.0
MHImain,HKFE,2022-07-07 21:16:00,21802.0,22015.0,21785.0,21967.0,14467.0,317428142.0,0.0
MHImain,HKFE,2022-07-08 01:16:00,21967.0,22052.0,21664.0,21719.0,41782.0,911924900.0,0.0
MHImain,HKFE,2022-07-08 11:31:00,21719.0,21771.0,21632.0,21732.0,28378.0,615850175.0,0.0
MHImain,HKFE,2022-07-08 17:15:00,21722.0,21805.0,21587.0,21705.0,8816.0,191290306.0,0.0
MHImain,HKFE,2022-07-08 21:16:00,21704.0,21861.0,21641.0,21685.0,16343.0,355494611.0,0.0
MHImain,HKFE,2022-07-09 01:16:00,21683.0,21766.0,21677.0,21750.0,1905.0,41393204.0,0.0
MHImain,HKFE,2022-07-11 01:16:00,21600.0,21630.0,21090.0,21142.0,41896.0,891208166.0,0.0
MHImain,HKFE,2022-07-11 11:31:00,21144.0,21178.0,21001.0,21162.0,29350.0,618859696.0,0.0
MHImain,HKFE,2022-07-11 17:15:00,21168.0,21196.0,21126.0,21133.0,4300.0,91017248.0,0.0
MHImain,HKFE,2022-07-11 21:16:00,21133.0,21142.0,20924.0,21063.0,15985.0,335753187.0,0.0
MHImain,HKFE,2022-07-12 01:16:00,21062.0,21098.0,20802.0,20828.0,43070.0,902755432.0,0.0
MHImain,HKFE,2022-07-12 11:31:00,20828.0,20953.0,20797.0,20833.0,28959.0,604530033.0,0.0
MHImain,HKFE,2022-07-12 17:15:00,20840.0,20971.0,20808.0,20889.0,7243.0,151288210.0,0.0
MHImain,HKFE,2022-07-12 21:16:00,20890.0,20987.0,20797.0,20934.0,14819.0,309811872.0,0.0
MHImain,HKFE,2022-07-13 01:16:00,20930.0,21061.0,20854.0,21030.0,38458.0,805660832.0,0.0
MHImain,HKFE,2022-07-13 11:31:00,21030.0,21030.0,20744.0,20821.0,33585.0,700762691.0,0.0
MHImain,HKFE,2022-07-13 17:15:00,20840.0,20940.0,20568.0,20608.0,12985.0,268803332.0,0.0
MHImain,HKFE,2022-07-13 21:16:00,20608.0,20911.0,20556.0,20841.0,22657.0,469999445.0,0.0
MHImain,HKFE,2022-07-14 01:16:00,20840.0,20902.0,20700.0,20836.0,35184.0,731993689.0,0.0
MHImain,HKFE,2022-07-14 11:31:00,20838.0,20881.0,20543.0,20706.0,34116.0,706408706.0,0.0
MHImain,HKFE,2022-07-14 17:15:00,20705.0,20726.0,20581.0,20611.0,8563.0,176845915.0,0.0
MHImain,HKFE,2022-07-14 21:16:00,20611.0,20621.0,20417.0,20437.0,19841.0,406784835.0,0.0
MHImain,HKFE,2022-07-15 01:16:00,20436.0,20674.0,20400.0,20505.0,41403.0,851015326.0,0.0
MHImain,HKFE,2022-07-15 11:31:00,20501.0,20533.0,20206.0,20280.0,41341.0,840986606.0,0.0
MHImain,HKFE,2022-07-15 17:15:00,20295.0,20351.0,20221.0,20318.0,6684.0,135540608.0,0.0
MHImain,HKFE,2022-07-15 21:16:00,20319.0,20344.0,20074.0,20342.0,18832.0,380743533.0,0.0
MHImain,HKFE,2022-07-16 01:16:00,20339.0,20341.0,20306.0,20330.0,1339.0,27218928.0,0.0
MHImain,HKFE,2022-07-18 01:16:00,20333.0,20875.0,20291.0,20821.0,49645.0,1019763496.0,0.0
MHImain,HKFE,2022-07-18 11:31:00,20823.0,20896.0,20761.0,20847.0,31069.0,646922638.0,0.0
MHImain,HKFE,2022-07-18 17:15:00,20849.0,20860.0,20775.0,20822.0,3819.0,79509678.0,0.0
MHImain,HKFE,2022-07-18 21:16:00,20822.0,20976.0,20822.0,20874.0,12754.0,266528502.0,0.0
MHImain,HKFE,2022-07-19 01:16:00,20873.0,20873.0,20560.0,20614.0,40322.0,833400896.0,0.0
MHImain,HKFE,2022-07-19 11:31:00,20614.0,20778.0,20546.0,20655.0,28937.0,598019225.0,0.0
MHImain,HKFE,2022-07-19 17:15:00,20670.0,20815.0,20670.0,20808.0,6441.0,133610815.0,0.0
MHImain,HKFE,2022-07-19 21:16:00,20806.0,20911.0,20756.0,20882.0,12217.0,254515137.0,0.0
MHImain,HKFE,2022-07-20 01:16:00,20882.0,21134.0,20866.0,21067.0,32904.0,692297203.0,0.0
MHImain,HKFE,2022-07-20 11:31:00,21066.0,21088.0,20865.0,20900.0,27526.0,577045769.0,0.0
MHImain,HKFE,2022-07-20 17:15:00,20908.0,20917.0,20762.0,20800.0,7507.0,156308995.0,0.0
MHImain,HKFE,2022-07-20 21:16:00,20801.0,20874.0,20699.0,20711.0,13926.0,289619902.0,0.0
MHImain,HKFE,2022-07-21 01:16:00,20708.0,20845.0,20598.0,20652.0,38648.0,800402461.0,0.0
MHImain,HKFE,2022-07-21 11:31:00,20653.0,20797.0,20503.0,20575.0,34629.0,714840181.0,0.0
MHImain,HKFE,2022-07-21 17:15:00,20580.0,20705.0,20546.0,20650.0,7719.0,159246723.0,0.0
MHImain,HKFE,2022-07-21 21:16:00,20651.0,20757.0,20587.0,20701.0,16773.0,346761279.0,0.0
MHImain,HKFE,2022-07-22 01:16:00,20701.0,20808.0,20583.0,20624.0,32687.0,676611076.0,0.0
MHImain,HKFE,2022-07-22 11:31:00,20623.0,20656.0,20515.0,20608.0,25712.0,529534379.0,0.0
MHImain,HKFE,2022-07-22 17:15:00,20615.0,20659.0,20602.0,20656.0,3503.0,72281155.0,0.0
MHImain,HKFE,2022-07-22 21:16:00,20656.0,20696.0,20457.0,20462.0,12672.0,260810804.0,0.0
MHImain,HKFE,2022-07-23 01:16:00,20459.0,20469.0,20397.0,20424.0,2289.0,46759239.0,0.0
MHImain,HKFE,2022-07-25 01:16:00,20425.0,20586.0,20381.0,20443.0,32039.0,656263408.0,0.0
MHImain,HKFE,2022-07-25 11:31:00,20443.0,20613.0,20343.0,20550.0,30925.0,633819107.0,0.0
MHImain,HKFE,2022-07-25 17:15:00,20566.0,20677.0,20566.0,20617.0,4072.0,84023892.0,0.0
MHImain,HKFE,2022-07-25 21:16:00,20616.0,20682.0,20543.0,20673.0,10160.0,209410587.0,0.0
MHImain,HKFE,2022-07-26 01:16:00,20673.0,20906.0,20612.0,20888.0,38027.0,788722618.0,0.0
MHImain,HKFE,2022-07-26 11:31:00,20890.0,20976.0,20847.0,20876.0,24301.0,508309640.0,0.0
MHImain,HKFE,2022-07-26 17:15:00,20892.0,20893.0,20772.0,20812.0,5211.0,108535633.0,0.0
MHImain,HKFE,2022-07-26 21:16:00,20815.0,20873.0,20617.0,20651.0,10831.0,224654640.0,0.0
MHImain,HKFE,2022-07-27 01:16:00,20648.0,20780.0,20575.0,20596.0,27583.0,569857626.0,0.0
MHImain,HKFE,2022-07-27 11:31:00,20594.0,20712.0,20581.0,20668.0,19706.0,406818732.0,0.0
MHImain,HKFE,2022-07-27 17:15:00,20649.0,20715.0,20616.0,20684.0,2070.0,42795251.0,0.0
MHImain,HKFE,2022-07-27 21:16:00,20680.0,20681.0,20538.0,20608.0,4759.0,98101776.0,0.0
MHImain,HKFE,2022-07-28 01:16:00,20611.0,20765.0,20521.0,20523.0,32376.0,668424292.0,0.0
MHImain,HKFE,2022-07-28 11:31:00,20523.0,20645.0,20493.0,20598.0,22266.0,458104187.0,0.0
MHImain,HKFE,2022-07-28 17:15:00,20595.0,20631.0,20522.0,20585.0,7247.0,149110208.0,0.0
MHImain,HKFE,2022-07-28 21:16:00,20586.0,20658.0,20310.0,20452.0,17917.0,366489365.0,0.0
MHImain,HKFE,2022-07-29 01:16:00,20452.0,20658.0,20140.0,20153.0,42487.0,867448525.0,0.0
MHImain,HKFE,2022-07-29 11:31:00,20153.0,20190.0,20017.0,20109.0,34156.0,686707875.0,0.0
MHImain,HKFE,2022-07-29 17:15:00,20109.0,20124.0,19995.0,19997.0,5318.0,106706478.0,0.0
MHImain,HKFE,2022-07-29 21:16:00,19998.0,20097.0,19921.0,20035.0,14779.0,295638856.0,0.0
MHImain,HKFE,2022-07-30 01:16:00,20035.0,20040.0,19996.0,20028.0,1017.0,20355960.0,0.0
MHImain,HKFE,2022-08-01 01:16:00,19943.0,20115.0,19854.0,20096.0,39079.0,780445903.0,0.0
MHImain,HKFE,2022-08-01 11:31:00,20093.0,20235.0,20049.0,20137.0,27561.0,555038546.0,0.0
MHImain,HKFE,2022-08-01 17:15:00,20138.0,20170.0,19983.0,20010.0,5239.0,105270852.0,0.0
MHImain,HKFE,2022-08-01 21:16:00,20012.0,20075.0,19821.0,19931.0,19516.0,389616097.0,0.0
MHImain,HKFE,2022-08-02 01:16:00,19935.0,19939.0,19470.0,19520.0,43403.0,852468978.0,0.0
MHImain,HKFE,2022-08-02 11:31:00,19518.0,19744.0,19517.0,19594.0,31432.0,617037596.0,0.0
MHImain,HKFE,2022-08-02 17:15:00,19618.0,19619.0,19458.0,19600.0,8151.0,159264055.0,0.0
MHImain,HKFE,2022-08-02 21:16:00,19600.0,19973.0,19513.0,19867.0,28994.0,571480261.0,0.0
MHImain,HKFE,2022-08-03 01:16:00,19867.0,19898.0,19650.0,19740.0,39707.0,785370741.0,0.0
MHImain,HKFE,2022-08-03 11:31:00,19741.0,19857.0,19633.0,19745.0,28177.0,556275241.0,0.0
MHImain,HKFE,2022-08-03 17:15:00,19746.0,19797.0,19743.0,19759.0,3650.0,72156393.0,0.0
MHImain,HKFE,2022-08-03 21:16:00,19759.0,19947.0,19665.0,19930.0,15899.0,314464018.0,0.0
MHImain,HKFE,2022-08-04 01:16:00,19933.0,20195.0,19890.0,20085.0,35080.0,704695515.0,0.0
MHImain,HKFE,2022-08-04 11:31:00,20085.0,20165.0,19958.0,20135.0,26763.0,536957437.0,0.0
MHImain,HKFE,2022-08-04 17:15:00,20136.0,20336.0,20118.0,20268.0,10473.0,211979279.0,0.0
MHImain,HKFE,2022-08-04 21:16:00,20265.0,20353.0,20127.0,20186.0,17469.0,353414595.0,0.0
MHImain,HKFE,2022-08-05 01:16:00,20184.0,20303.0,20050.0,20156.0,34792.0,701284816.0,0.0
MHImain,HKFE,2022-08-05 11:31:00,20156.0,20252.0,20077.0,20115.0,25502.0,514329250.0,0.0
MHImain,HKFE,2022-08-05 17:15:00,20109.0,20139.0,19945.0,19965.0,8713.0,174546951.0,0.0
MHImain,HKFE,2022-08-05 21:16:00,19965.0,20085.0,19908.0,20046.0,13711.0,274333762.0,0.0
MHImain,HKFE,2022-08-06 01:16:00,20046.0,20046.0,19988.0,20006.0,1092.0,21854444.0,0.0
MHImain,HKFE,2022-08-08 01:16:00,20031.0,20165.0,19936.0,20022.0,32525.0,651082489.0,0.0
MHImain,HKFE,2022-08-08 11:31:00,20023.0,20088.0,19909.0,20000.0,22380.0,447793915.0,0.0
MHImain,HKFE,2022-08-08 17:15:00,19999.0,20062.0,19958.0,20018.0,3886.0,77763613.0,0.0
MHImain,HKFE,2022-08-08 21:16:00,20018.0,20096.0,19955.0,19993.0,10187.0,204151065.0,0.0
MHImain,HKFE,2022-08-09 01:16:00,19990.0,20212.0,19816.0,20196.0,42674.0,852556003.0,0.0
MHImain,HKFE,2022-08-09 11:31:00,20195.0,20236.0,19942.0,19998.0,29967.0,601148814.0,0.0
MHImain,HKFE,2022-08-09 17:15:00,19994.0,20034.0,19933.0,19961.0,3965.0,79197070.0,0.0
MHImain,HKFE,2022-08-09 21:16:00,19959.0,20032.0,19884.0,19901.0,10175.0,202975924.0,0.0
MHImain,HKFE,2022-08-10 01:16:00,19901.0,19920.0,19523.0,19554.0,38060.0,750335954.0,0.0
MHImain,HKFE,2022-08-10 11:31:00,19554.0,19574.0,19426.0,19557.0,27498.0,536413256.0,0.0
MHImain,HKFE,2022-08-10 17:15:00,19570.0,19796.0,19570.0,19715.0,11844.0,233176515.0,0.0
MHImain,HKFE,2022-08-10 21:16:00,19715.0,19828.0,19638.0,19815.0,13312.0,262710240.0,0.0
MHImain,HKFE,2022-08-11 01:16:00,19815.0,19943.0,19761.0,19925.0,34993.0,693996684.0,0.0
MHImain,HKFE,2022-08-11 11:31:00,19925.0,20075.0,19875.0,20021.0,31123.0,622062228.0,0.0
MHImain,HKFE,2022-08-11 17:15:00,20030.0,20089.0,19980.0,20054.0,5454.0,109254162.0,0.0
MHImain,HKFE,2022-08-11 21:16:00,20056.0,20333.0,20033.0,20128.0,21770.0,439675906.0,0.0
MHImain,HKFE,2022-08-12 01:16:00,20129.0,20152.0,19979.0,20078.0,33492.0,671684725.0,0.0
MHImain,HKFE,2022-08-12 11:31:00,20079.0,20201.0,20063.0,20134.0,24939.0,502157762.0,0.0
MHImain,HKFE,2022-08-12 17:15:00,20116.0,20116.0,19870.0,19926.0,11371.0,226806065.0,0.0
MHImain,HKFE,2022-08-12 21:16:00,19928.0,20123.0,19921.0,20115.0,14227.0,284647410.0,0.0
MHImain,HKFE,2022-08-13 01:16:00,20114.0,20160.0,20102.0,20122.0,1303.0,26237857.0,0.0
MHImain,HKFE,2022-08-15 01:16:00,20080.0,20253.0,19951.0,20135.0,35978.0,722674909.0,0.0
MHImain,HKFE,2022-08-15 11:31:00,20134.0,20172.0,19987.0,20034.0,21477.0,431207945.0,0.0
MHImain,HKFE,2022-08-15 17:15:00,20027.0,20034.0,19928.0,19964.0,5600.0,111874417.0,0.0
MHImain,HKFE,2022-08-15 21:16:00,19964.0,20093.0,19938.0,20080.0,9683.0,193727373.0,0.0
MHImain,HKFE,2022-08-16 01:16:00,20078.0,20165.0,20005.0,20041.0,32233.0,647154524.0,0.0
MHImain,HKFE,2022-08-16 11:31:00,20041.0,20052.0,19649.0,19825.0,42295.0,838590801.0,0.0
MHImain,HKFE,2022-08-16 17:15:00,19839.0,19898.0,19819.0,19853.0,6063.0,120403018.0,0.0
MHImain,HKFE,2022-08-16 21:16:00,19853.0,19965.0,19832.0,19954.0,9196.0,183033655.0,0.0
MHImain,HKFE,2022-08-17 01:16:00,19957.0,20020.0,19776.0,19943.0,34558.0,687277046.0,0.0
MHImain,HKFE,2022-08-17 11:31:00,19941.0,20068.0,19852.0,19903.0,24561.0,490278469.0,0.0
MHImain,HKFE,2022-08-17 17:15:00,19896.0,19925.0,19763.0,19839.0,7333.0,145396170.0,0.0
MHImain,HKFE,2022-08-17 21:16:00,19838.0,19933.0,19831.0,19924.0,10114.0,201087230.0,0.0
MHImain,HKFE,2022-08-18 01:16:00,19926.0,19993.0,19746.0,19820.0,34162.0,677886856.0,0.0
MHImain,HKFE,2022-08-18 11:31:00,19819.0,19875.0,19658.0,19736.0,27224.0,537517457.0,0.0
MHImain,HKFE,2022-08-18 17:15:00,19745.0,19804.0,19730.0,19762.0,5120.0,101235925.0,0.0
MHImain,HKFE,2022-08-18 21:16:00,19760.0,19763.0,19630.0,19655.0,10703.0,210680844.0,0.0
MHImain,HKFE,2022-08-19 01:16:00,19653.0,19898.0,19603.0,19866.0,32946.0,651574875.0,0.0
MHImain,HKFE,2022-08-19 11:31:00,19866.0,19874.0,19678.0,19723.0,24717.0,488732883.0,0.0
MHImain,HKFE,2022-08-19 17:15:00,19727.0,19729.0,19616.0,19639.0,5119.0,100649854.0,0.0
MHImain,HKFE,2022-08-19 21:16:00,19639.0,19700.0,19538.0,19577.0,10195.0,199812143.0,0.0
MHImain,HKFE,2022-08-20 01:16:00,19575.0,19590.0,19543.0,19552.0,1185.0,23184772.0,0.0
MHImain,HKFE,2022-08-22 01:16:00,19510.0,19818.0,19452.0,19784.0,34101.0,670656302.0,0.0
MHImain,HKFE,2022-08-22 11:31:00,19784.0,19818.0,19577.0,19593.0,25007.0,492886087.0,0.0
MHImain,HKFE,2022-08-22 17:15:00,19596.0,19659.0,19553.0,19590.0,4264.0,83584113.0,0.0
MHImain,HKFE,2022-08-22 21:16:00,19589.0,19679.0,19569.0,19640.0,9994.0,196162420.0,0.0
MHImain,HKFE,2022-08-23 01:16:00,19636.0,19679.0,19435.0,19551.0,35158.0,687056658.0,0.0
MHImain,HKFE,2022-08-23 11:31:00,19553.0,19587.0,19345.0,19473.0,30857.0,600057841.0,0.0
MHImain,HKFE,2022-08-23 17:15:00,19481.0,19533.0,19455.0,19466.0,4579.0,89235289.0,0.0
MHImain,HKFE,2022-08-23 21:16:00,19465.0,19545.0,19351.0,19511.0,14430.0,280998358.0,0.0
MHImain,HKFE,2022-08-24 01:16:00,19512.0,19529.0,19165.0,19183.0,35305.0,682237449.0,0.0
MHImain,HKFE,2022-08-24 11:31:00,19183.0,19307.0,19171.0,19241.0,24379.0,469128272.0,0.0
MHImain,HKFE,2022-08-24 17:15:00,19254.0,19277.0,19204.0,19263.0,3165.0,60915710.0,0.0
MHImain,HKFE,2022-08-24 21:16:00,19263.0,19263.0,19263.0,19263.0,0.0,0.0,0.0
MHImain,HKFE,2022-08-25 01:16:00,19263.0,19263.0,19263.0,19263.0,0.0,0.0,0.0
MHImain,HKFE,2022-08-25 11:31:00,19263.0,19974.0,19263.0,19920.0,60320.0,1189087705.0,0.0
MHImain,HKFE,2022-08-25 17:15:00,19944.0,19970.0,19869.0,19938.0,6139.0,122185779.0,0.0
MHImain,HKFE,2022-08-25 21:16:00,19939.0,20187.0,19865.0,20138.0,27826.0,558089049.0,0.0
MHImain,HKFE,2022-08-26 01:16:00,20136.0,20237.0,20052.0,20108.0,35059.0,705424513.0,0.0
MHImain,HKFE,2022-08-26 11:31:00,20106.0,20171.0,20044.0,20124.0,22385.0,450023484.0,0.0
MHImain,HKFE,2022-08-26 17:15:00,20140.0,20635.0,20138.0,20625.0,15971.0,325729973.0,0.0
MHImain,HKFE,2022-08-26 21:16:00,20626.0,20674.0,20169.0,20231.0,28192.0,574656106.0,0.0
MHImain,HKFE,2022-08-27 01:16:00,20231.0,20232.0,20130.0,20145.0,2199.0,44367805.0,0.0
MHImain,HKFE,2022-08-29 01:16:00,20000.0,20057.0,19857.0,19999.0,29416.0,587273220.0,0.0
MHImain,HKFE,2022-08-29 11:31:00,20000.0,20082.0,19966.0,20027.0,18222.0,364779187.0,0.0
MHImain,HKFE,2022-08-29 17:15:00,19920.0,19999.0,19898.0,19971.0,2255.0,45002053.0,0.0
MHImain,HKFE,2022-08-29 21:16:00,19980.0,20127.0,19925.0,19997.0,7552.0,151195765.0,0.0
MHImain,HKFE,2022-08-30 01:16:00,19997.0,20022.0,19526.0,19720.0,38435.0,757065206.0,0.0
MHImain,HKFE,2022-08-30 11:31:00,19721.0,19873.0,19706.0,19872.0,26428.0,523020861.0,0.0
MHImain,HKFE,2022-08-30 17:15:00,19850.0,19886.0,19736.0,19747.0,5608.0,111141219.0,0.0
MHImain,HKFE,2022-08-30 21:16:00,19749.0,19772.0,19435.0,19436.0,21723.0,424844283.0,0.0
MHImain,HKFE,2022-08-31 01:16:00,19436.0,19761.0,19414.0,19735.0,36585.0,715975586.0,0.0
MHImain,HKFE,2022-08-31 11:31:00,19737.0,20075.0,19723.0,19827.0,41804.0,831369792.0,0.0
MHImain,HKFE,2022-08-31 17:15:00,19818.0,19875.0,19746.0,19842.0,6230.0,123386980.0,0.0
MHImain,HKFE,2022-08-31 21:16:00,19842.0,19966.0,19768.0,19774.0,17162.0,340872192.0,0.0
MHImain,HKFE,2022-09-01 01:16:00,19776.0,19790.0,19571.0,19671.0,35313.0,694399604.0,0.0
MHImain,HKFE,2022-09-01 11:31:00,19669.0,19698.0,19446.0,19500.0,34655.0,676954575.0,0.0
MHImain,HKFE,2022-09-01 17:15:00,19525.0,19563.0,19472.0,19500.0,4438.0,86611997.0,0.0
MHImain,HKFE,2022-09-01 21:16:00,19503.0,19554.0,19355.0,19444.0,15756.0,306061830.0,0.0
MHImain,HKFE,2022-09-02 01:16:00,19446.0,19546.0,19310.0,19395.0,34797.0,675866247.0,0.0
MHImain,HKFE,2022-09-02 11:31:00,19395.0,19430.0,19247.0,19401.0,27047.0,523148752.0,0.0
MHImain,HKFE,2022-09-02 17:15:00,19404.0,19449.0,19321.0,19397.0,5652.0,109582701.0,0.0
MHImain,HKFE,2022-09-02 21:16:00,19401.0,19458.0,19272.0,19303.0,13291.0,257375139.0,0.0
MHImain,HKFE,2022-09-03 01:16:00,19303.0,19319.0,19235.0,19250.0,2718.0,52385410.0,0.0
MHImain,HKFE,2022-09-05 01:16:00,19281.0,19290.0,18972.0,19046.0,37573.0,717471188.0,0.0
MHImain,HKFE,2022-09-05 11:31:00,19047.0,19233.0,19046.0,19145.0,25696.0,491659380.0,0.0
MHImain,HKFE,2022-09-05 17:15:00,19157.0,19312.0,19133.0,19205.0,5296.0,101718764.0,0.0
MHImain,HKFE,2022-09-05 21:16:00,19204.0,19239.0,19193.0,19217.0,2601.0,49978326.0,0.0
MHImain,HKFE,2022-09-06 01:16:00,19217.0,19322.0,19085.0,19132.0,32873.0,631024615.0,0.0
MHImain,HKFE,2022-09-06 11:31:00,19130.0,19260.0,19060.0,19135.0,27009.0,517545797.0,0.0
MHImain,HKFE,2022-09-06 17:15:00,19131.0,19168.0,19081.0,19092.0,3818.0,73029529.0,0.0
MHImain,HKFE,2022-09-06 21:16:00,19093.0,19115.0,18894.0,18928.0,16023.0,304288195.0,0.0
MHImain,HKFE,2022-09-07 01:16:00,18931.0,18979.0,18790.0,18848.0,36855.0,695708270.0,0.0
MHImain,HKFE,2022-09-07 11:31:00,18849.0,19056.0,18772.0,19002.0,34474.0,651866240.0,0.0
MHImain,HKFE,2022-09-07 17:15:00,18997.0,19001.0,18892.0,18910.0,4575.0,86676572.0,0.0
MHImain,HKFE,2022-09-07 21:16:00,18911.0,18999.0,18845.0,18992.0,11049.0,209192904.0,0.0
MHImain,HKFE,2022-09-08 01:16:00,18998.0,19104.0,18880.0,18915.0,32733.0,620777584.0,0.0
MHImain,HKFE,2022-09-08 11:31:00,18915.0,18973.0,18770.0,18856.0,29167.0,550090622.0,0.0
MHImain,HKFE,2022-09-08 17:15:00,18864.0,18909.0,18797.0,18808.0,5263.0,99228879.0,0.0
MHImain,HKFE,2022-09-08 21:16:00,18807.0,18920.0,18722.0,18879.0,14401.0,271180195.0,0.0
MHImain,HKFE,2022-09-09 01:16:00,18883.0,19314.0,18822.0,19280.0,42696.0,817386738.0,0.0
MHImain,HKFE,2022-09-09 11:31:00,19280.0,19413.0,19275.0,19360.0,25842.0,500086905.0,0.0
MHImain,HKFE,2022-09-09 17:15:00,19352.0,19355.0,19263.0,19277.0,4538.0,87605672.0,0.0
MHImain,HKFE,2022-09-09 21:16:00,19280.0,19351.0,19226.0,19279.0,8679.0,167441573.0,0.0
MHImain,HKFE,2022-09-10 01:16:00,19279.0,19290.0,19256.0,19261.0,997.0,19219858.0,0.0
MHImain,HKFE,2022-09-13 01:16:00,19475.0,19514.0,19285.0,19412.0,32668.0,633877715.0,0.0
MHImain,HKFE,2022-09-13 11:31:00,19412.0,19466.0,19281.0,19319.0,21240.0,411692254.0,0.0
MHImain,HKFE,2022-09-13 17:15:00,19319.0,19405.0,19054.0,19059.0,11076.0,212690783.0,0.0
MHImain,HKFE,2022-09-13 21:16:00,19057.0,19155.0,19020.0,19042.0,9917.0,189182570.0,0.0
MHImain,HKFE,2022-09-14 01:16:00,19039.0,19051.0,18782.0,18813.0,34919.0,658698156.0,0.0
MHImain,HKFE,2022-09-14 11:31:00,18810.0,18896.0,18759.0,18804.0,24454.0,460403550.0,0.0
MHImain,HKFE,2022-09-14 17:15:00,18830.0,18848.0,18768.0,18833.0,4738.0,89134035.0,0.0
MHImain,HKFE,2022-09-14 21:16:00,18833.0,18860.0,18742.0,18854.0,9465.0,178082901.0,0.0
MHImain,HKFE,2022-09-15 01:16:00,18854.0,18989.0,18788.0,18931.0,29937.0,565797593.0,0.0
MHImain,HKFE,2022-09-15 11:31:00,18931.0,18956.0,18824.0,18861.0,20932.0,395515213.0,0.0
MHImain,HKFE,2022-09-15 17:15:00,18867.0,18879.0,18782.0,18832.0,4773.0,89876627.0,0.0
MHImain,HKFE,2022-09-15 21:16:00,18831.0,18948.0,18772.0,18876.0,11878.0,223986271.0,0.0
MHImain,HKFE,2022-09-16 01:16:00,18879.0,18903.0,18637.0,18829.0,38937.0,730229869.0,0.0
MHImain,HKFE,2022-09-16 11:31:00,18827.0,18908.0,18665.0,18713.0,26223.0,492636847.0,0.0
MHImain,HKFE,2022-09-16 17:15:00,18731.0,18791.0,18701.0,18725.0,4108.0,77020607.0,0.0
MHImain,HKFE,2022-09-16 21:16:00,18726.0,18768.0,18630.0,18643.0,11936.0,223208498.0,0.0
MHImain,HKFE,2022-09-17 01:16:00,18643.0,18680.0,18622.0,18670.0,1668.0,31105507.0,0.0
MHImain,HKFE,2022-09-19 01:16:00,18734.0,18764.0,18501.0,18569.0,37470.0,696739404.0,0.0
MHImain,HKFE,2022-09-19 11:31:00,18568.0,18603.0,18488.0,18579.0,22619.0,419581711.0,0.0
MHImain,HKFE,2022-09-19 17:15:00,18575.0,18625.0,18516.0,18580.0,5554.0,103151563.0,0.0
MHImain,HKFE,2022-09-19 21:16:00,18580.0,18690.0,18560.0,18669.0,9474.0,176555339.0,0.0
MHImain,HKFE,2022-09-20 01:16:00,18669.0,18831.0,18655.0,18814.0,32456.0,608795281.0,0.0
MHImain,HKFE,2022-09-20 11:31:00,18814.0,18873.0,18729.0,18756.0,25509.0,479239173.0,0.0
MHImain,HKFE,2022-09-20 17:15:00,18747.0,18747.0,18675.0,18692.0,4696.0,87847902.0,0.0
MHImain,HKFE,2022-09-20 21:16:00,18691.0,18735.0,18632.0,18632.0,7775.0,145325934.0,0.0
MHImain,HKFE,2022-09-21 01:16:00,18635.0,18640.0,18433.0,18471.0,32030.0,593316775.0,0.0
MHImain,HKFE,2022-09-21 11:31:00,18471.0,18630.0,18421.0,18453.0,30269.0,560108034.0,0.0
MHImain,HKFE,2022-09-21 17:15:00,18454.0,18497.0,18436.0,18469.0,3847.0,71048790.0,0.0
MHImain,HKFE,2022-09-21 21:16:00,18469.0,18482.0,18335.0,18339.0,9029.0,166008669.0,0.0
MHImain,HKFE,2022-09-22 01:16:00,18338.0,18488.0,17955.0,18115.0,42771.0,775077982.0,0.0
MHImain,HKFE,2022-09-22 11:31:00,18116.0,18174.0,18047.0,18166.0,19929.0,360677010.0,0.0
MHImain,HKFE,2022-09-22 17:15:00,18142.0,18210.0,18124.0,18200.0,5258.0,95494647.0,0.0
MHImain,HKFE,2022-09-22 21:16:00,18200.0,18225.0,18071.0,18083.0,9565.0,173408816.0,0.0
MHImain,HKFE,2022-09-23 01:16:00,18084.0,18157.0,17981.0,18002.0,31257.0,564637696.0,0.0
MHImain,HKFE,2022-09-23 11:31:00,17998.0,18103.0,17869.0,17890.0,32117.0,577889317.0,0.0
MHImain,HKFE,2022-09-23 17:15:00,17872.0,17916.0,17804.0,17848.0,6388.0,114054528.0,0.0
MHImain,HKFE,2022-09-23 21:16:00,17850.0,17869.0,17727.0,17791.0,11820.0,210307873.0,0.0
MHImain,HKFE,2022-09-24 01:16:00,17791.0,17805.0,17700.0,17709.0,2512.0,44572504.0,0.0
MHImain,HKFE,2022-09-26 01:16:00,17718.0,18084.0,17710.0,17941.0,38640.0,692740251.0,0.0
MHImain,HKFE,2022-09-26 11:31:00,17942.0,17988.0,17728.0,17869.0,33842.0,604195058.0,0.0
MHImain,HKFE,2022-09-26 17:15:00,17876.0,17885.0,17772.0,17852.0,5606.0,99916218.0,0.0
MHImain,HKFE,2022-09-26 21:16:00,17853.0,17976.0,17799.0,17802.0,10153.0,181752367.0,0.0
MHImain,HKFE,2022-09-27 01:16:00,17808.0,17913.0,17651.0,17691.0,35912.0,638859245.0,0.0
MHImain,HKFE,2022-09-27 11:31:00,17691.0,17892.0,17653.0,17831.0,28667.0,509870467.0,0.0
MHImain,HKFE,2022-09-27 17:15:00,17820.0,17823.0,17757.0,17793.0,4161.0,74031960.0,0.0
MHImain,HKFE,2022-09-27 21:16:00,17791.0,17888.0,17537.0,17554.0,13286.0,235403891.0,0.0
MHImain,HKFE,2022-09-28 01:16:00,17554.0,17675.0,17358.0,17472.0,36937.0,646613292.0,0.0
MHImain,HKFE,2022-09-28 11:31:00,17470.0,17484.0,17175.0,17251.0,31133.0,539829154.0,0.0
MHImain,HKFE,2022-09-28 17:15:00,17241.0,17356.0,17181.0,17341.0,5588.0,96588587.0,0.0
MHImain,HKFE,2022-09-28 21:16:00,17342.0,17609.0,17324.0,17604.0,8797.0,153777733.0,0.0
MHImain,HKFE,2022-09-29 01:16:00,17604.0,17665.0,17411.0,17429.0,29323.0,514050549.0,0.0
MHImain,HKFE,2022-09-29 11:31:00,17427.0,17499.0,17027.0,17175.0,40885.0,703925500.0,0.0
MHImain,HKFE,2022-09-29 17:15:00,17180.0,17297.0,17180.0,17228.0,8262.0,142386272.0,0.0
MHImain,HKFE,2022-09-29 21:16:00,17227.0,17255.0,17061.0,17188.0,13338.0,228736499.0,0.0
MHImain,HKFE,2022-09-30 01:16:00,17190.0,17362.0,17044.0,17195.0,48201.0,829200199.0,0.0
MHImain,HKFE,2022-09-30 11:31:00,17193.0,17346.0,17126.0,17211.0,32566.0,561021657.0,0.0
MHImain,HKFE,2022-09-30 17:15:00,17232.0,17264.0,17109.0,17172.0,5135.0,88273501.0,0.0
MHImain,HKFE,2022-09-30 21:16:00,17172.0,17328.0,17142.0,17239.0,9191.0,158420975.0,0.0
MHImain,HKFE,2022-10-01 01:16:00,17238.0,17254.0,17190.0,17200.0,1303.0,22433110.0,0.0
MHImain,HKFE,2022-10-03 01:16:00,17010.0,17277.0,16979.0,17010.0,35278.0,603731233.0,0.0
MHImain,HKFE,2022-10-03 11:31:00,17009.0,17183.0,16928.0,17078.0,31939.0,544910696.0,0.0
MHImain,HKFE,2022-10-03 17:15:00,17096.0,17217.0,17065.0,17205.0,4861.0,83343260.0,0.0
MHImain,HKFE,2022-10-03 21:16:00,17206.0,17318.0,17116.0,17300.0,11609.0,200182927.0,0.0
MHImain,HKFE,2022-10-04 01:16:00,17300.0,17350.0,17295.0,17350.0,1577.0,27318481.0,0.0
MHImain,HKFE,2022-10-05 01:16:00,17721.0,18030.0,17673.0,17995.0,46720.0,833927050.0,0.0
MHImain,HKFE,2022-10-05 11:31:00,17995.0,18204.0,17970.0,18077.0,37883.0,685832459.0,0.0
MHImain,HKFE,2022-10-05 17:15:00,18082.0,18103.0,17991.0,17998.0,4414.0,79648532.0,0.0
MHImain,HKFE,2022-10-05 21:16:00,17997.0,18070.0,17866.0,18015.0,14863.0,266870878.0,0.0
MHImain,HKFE,2022-10-06 01:16:00,18011.0,18132.0,17973.0,18020.0,34651.0,625010098.0,0.0
MHImain,HKFE,2022-10-06 11:31:00,18022.0,18164.0,17974.0,17991.0,25353.0,457795084.0,0.0
MHImain,HKFE,2022-10-06 17:15:00,17998.0,17999.0,17913.0,17937.0,4944.0,88751206.0,0.0
MHImain,HKFE,2022-10-06 21:16:00,17938.0,18013.0,17870.0,17935.0,12251.0,219646288.0,0.0
MHImain,HKFE,2022-10-07 01:16:00,17938.0,17947.0,17797.0,17826.0,28743.0,513155528.0,0.0
MHImain,HKFE,2022-10-07 11:31:00,17826.0,17839.0,17713.0,17743.0,25190.0,447954781.0,0.0
MHImain,HKFE,2022-10-07 17:15:00,17750.0,17798.0,17606.0,17705.0,9418.0,166736253.0,0.0
MHImain,HKFE,2022-10-07 21:16:00,17703.0,17762.0,17563.0,17580.0,12199.0,215421999.0,0.0
MHImain,HKFE,2022-10-08 01:16:00,17581.0,17612.0,17551.0,17555.0,1650.0,29013425.0,0.0
MHImain,HKFE,2022-10-10 01:16:00,17480.0,17484.0,17271.0,17297.0,37518.0,651097293.0,0.0
MHImain,HKFE,2022-10-10 11:31:00,17295.0,17333.0,17189.0,17220.0,30492.0,525951297.0,0.0
MHImain,HKFE,2022-10-10 17:15:00,17233.0,17326.0,17226.0,17304.0,4063.0,70236001.0,0.0
MHImain,HKFE,2022-10-10 21:16:00,17307.0,17312.0,17075.0,17126.0,13054.0,224297100.0,0.0
MHImain,HKFE,2022-10-11 01:16:00,17125.0,17253.0,16892.0,17000.0,45229.0,770364997.0,0.0
MHImain,HKFE,2022-10-11 11:31:00,17000.0,17028.0,16793.0,16846.0,37180.0,628073888.0,0.0
MHImain,HKFE,2022-10-11 17:15:00,16834.0,16937.0,16773.0,16871.0,7403.0,124705492.0,0.0
MHImain,HKFE,2022-10-11 21:16:00,16868.0,16900.0,16643.0,16849.0,19461.0,326411246.0,0.0
MHImain,HKFE,2022-10-12 01:16:00,16845.0,16861.0,16455.0,16519.0,43640.0,723960376.0,0.0
MHImain,HKFE,2022-10-12 11:31:00,16518.0,17060.0,16444.0,16725.0,67907.0,1136360173.0,0.0
MHImain,HKFE,2022-10-12 17:15:00,16728.0,16777.0,16607.0,16610.0,7627.0,127355057.0,0.0
MHImain,HKFE,2022-10-12 21:16:00,16610.0,16733.0,16552.0,16625.0,13835.0,230249636.0,0.0
MHImain,HKFE,2022-10-13 01:16:00,16626.0,16737.0,16461.0,16523.0,44449.0,737452441.0,0.0
MHImain,HKFE,2022-10-13 11:31:00,16523.0,16661.0,16385.0,16402.0,36315.0,598905286.0,0.0
MHImain,HKFE,2022-10-13 17:15:00,16425.0,16585.0,16135.0,16180.0,16590.0,270923673.0,0.0
MHImain,HKFE,2022-10-13 21:16:00,16178.0,16682.0,16156.0,16640.0,31229.0,512909540.0,0.0
MHImain,HKFE,2022-10-14 01:16:00,16640.0,16981.0,16580.0,16940.0,47479.0,798560388.0,0.0
MHImain,HKFE,2022-10-14 11:31:00,16941.0,17038.0,16522.0,16596.0,50649.0,850160126.0,0.0
MHImain,HKFE,2022-10-14 17:15:00,16596.0,16767.0,16526.0,16722.0,9950.0,165514462.0,0.0
MHImain,HKFE,2022-10-14 21:16:00,16720.0,16723.0,16401.0,16436.0,17224.0,284716860.0,0.0
MHImain,HKFE,2022-10-15 01:16:00,16434.0,16460.0,16386.0,16395.0,1614.0,26502098.0,0.0
MHImain,HKFE,2022-10-17 01:16:00,16385.0,16612.0,16322.0,16388.0,43061.0,708153592.0,0.0
MHImain,HKFE,2022-10-17 11:31:00,16391.0,16760.0,16385.0,16569.0,47038.0,778866743.0,0.0
MHImain,HKFE,2022-10-17 17:15:00,16580.0,16718.0,16577.0,16712.0,5603.0,93285976.0,0.0
MHImain,HKFE,2022-10-17 21:16:00,16712.0,16915.0,16694.0,16884.0,15455.0,260142182.0,0.0
MHImain,HKFE,2022-10-18 01:16:00,16885.0,16960.0,16548.0,16671.0,45965.0,768928191.0,0.0
MHImain,HKFE,2022-10-18 11:31:00,16672.0,16950.0,16668.0,16890.0,41589.0,699844957.0,0.0
MHImain,HKFE,2022-10-18 17:15:00,16878.0,16965.0,16826.0,16942.0,6295.0,106372093.0,0.0
MHImain,HKFE,2022-10-18 21:16:00,16940.0,16982.0,16614.0,16710.0,19897.0,333452238.0,0.0
MHImain,HKFE,2022-10-19 01:16:00,16710.0,16940.0,16652.0,16721.0,42691.0,717644980.0,0.0
MHImain,HKFE,2022-10-19 11:31:00,16721.0,16774.0,16487.0,16519.0,38758.0,643606350.0,0.0
MHImain,HKFE,2022-10-19 17:15:00,16528.0,16561.0,16432.0,16434.0,6751.0,111349953.0,0.0
MHImain,HKFE,2022-10-19 21:16:00,16433.0,16498.0,16297.0,16302.0,14791.0,242758246.0,0.0
MHImain,HKFE,2022-10-20 01:16:00,16300.0,16323.0,16016.0,16093.0,49901.0,805305940.0,0.0
MHImain,HKFE,2022-10-20 11:31:00,16094.0,16475.0,16072.0,16242.0,51652.0,840887579.0,0.0
MHImain,HKFE,2022-10-20 17:15:00,16264.0,16432.0,16262.0,16338.0,9506.0,155468027.0,0.0
MHImain,HKFE,2022-10-20 21:16:00,16346.0,16608.0,16333.0,16363.0,20009.0,329849304.0,0.0
MHImain,HKFE,2022-10-21 01:16:00,16368.0,16387.0,16177.0,16304.0,44570.0,725436851.0,0.0
MHImain,HKFE,2022-10-21 11:31:00,16304.0,16317.0,16141.0,16185.0,31796.0,515810390.0,0.0
MHImain,HKFE,2022-10-21 17:15:00,16198.0,16262.0,16086.0,16221.0,9429.0,152380568.0,0.0
MHImain,HKFE,2022-10-21 21:16:00,16219.0,16381.0,16134.0,16352.0,20496.0,333252264.0,0.0
MHImain,HKFE,2022-10-22 01:16:00,16352.0,16393.0,16339.0,16383.0,2004.0,32804102.0,0.0
MHImain,HKFE,2022-10-24 01:16:00,16240.0,16240.0,15445.0,15493.0,70804.0,1112183516.0,0.0
MHImain,HKFE,2022-10-24 11:31:00,15489.0,15497.0,15091.0,15130.0,56268.0,858953181.0,0.0
MHImain,HKFE,2022-10-24 17:15:00,15140.0,15272.0,15140.0,15218.0,7452.0,113394809.0,0.0
MHImain,HKFE,2022-10-24 21:16:00,15217.0,15254.0,14797.0,15057.0,26339.0,395891872.0,0.0
MHImain,HKFE,2022-10-25 01:16:00,15059.0,15448.0,14957.0,15341.0,83445.0,1265011042.0,0.0
MHImain,HKFE,2022-10-25 11:31:00,15346.0,15422.0,15093.0,15178.0,48283.0,735385855.0,0.0
MHImain,HKFE,2022-10-25 17:15:00,15165.0,15262.0,15064.0,15180.0,7387.0,111861728.0,0.0
MHImain,HKFE,2022-10-25 21:16:00,15179.0,15295.0,15147.0,15160.0,12795.0,194578901.0,0.0
MHImain,HKFE,2022-10-26 01:16:00,15155.0,15594.0,15051.0,15555.0,58383.0,899178253.0,0.0
MHImain,HKFE,2022-10-26 11:31:00,15555.0,15578.0,15223.0,15339.0,42739.0,656056205.0,0.0
MHImain,HKFE,2022-10-26 17:15:00,15347.0,15347.0,15219.0,15265.0,4691.0,71598006.0,0.0
MHImain,HKFE,2022-10-26 21:16:00,15262.0,15742.0,15242.0,15638.0,22560.0,350585352.0,0.0
MHImain,HKFE,2022-10-27 01:16:00,15640.0,15843.0,15591.0,15619.0,48110.0,756776814.0,0.0
MHImain,HKFE,2022-10-27 11:31:00,15618.0,15673.0,15408.0,15465.0,30300.0,470829654.0,0.0
MHImain,HKFE,2022-10-27 17:15:00,15498.0,15517.0,15398.0,15503.0,3154.0,48759636.0,0.0
MHImain,HKFE,2022-10-27 21:16:00,15507.0,15618.0,15404.0,15546.0,8517.0,132219856.0,0.0
MHImain,HKFE,2022-10-28 01:16:00,15546.0,15549.0,15145.0,15152.0,42748.0,655143905.0,0.0
MHImain,HKFE,2022-10-28 11:31:00,15153.0,15177.0,14803.0,14881.0,44426.0,663525430.0,0.0
MHImain,HKFE,2022-10-28 17:15:00,14888.0,14980.0,14870.0,14927.0,6425.0,95897133.0,0.0
MHImain,HKFE,2022-10-28 21:16:00,14928.0,14982.0,14856.0,14970.0,10609.0,158253287.0,0.0
MHImain,HKFE,2022-10-29 01:16:00,14970.0,15028.0,14947.0,15025.0,1367.0,20475994.0,0.0
MHImain,HKFE,2022-10-31 01:16:00,14955.0,15059.0,14623.0,14947.0,58962.0,876897127.0,0.0
MHImain,HKFE,2022-10-31 11:31:00,14947.0,15144.0,14616.0,14632.0,44995.0,669029536.0,0.0
MHImain,HKFE,2022-10-31 17:15:00,14664.0,14687.0,14623.0,14680.0,3712.0,54422150.0,0.0
MHImain,HKFE,2022-10-31 21:16:00,14680.0,14842.0,14677.0,14781.0,13982.0,206578569.0,0.0
MHImain,HKFE,2022-11-01 01:16:00,14785.0,15320.0,14772.0,15134.0,60451.0,911964798.0,0.0
MHImain,HKFE,2022-11-01 11:31:00,15132.0,15647.0,15014.0,15457.0,90446.0,1390845987.0,0.0
MHImain,HKFE,2022-11-01 17:15:00,15438.0,15535.0,15415.0,15525.0,4633.0,71688547.0,0.0
MHImain,HKFE,2022-11-01 21:16:00,15523.0,15558.0,15328.0,15414.0,16739.0,258122886.0,0.0
MHImain,HKFE,2022-11-02 01:16:00,15416.0,15801.0,15284.0,15801.0,59325.0,917718841.0,0.0
MHImain,HKFE,2022-11-02 11:31:00,15802.0,15888.0,15720.0,15835.0,21655.0,342305709.0,0.0
MHImain,HKFE,2022-11-02 17:15:00,15835.0,15835.0,15835.0,15835.0,0.0,0.0,0.0
MHImain,HKFE,2022-11-03 01:16:00,15498.0,15634.0,15298.0,15322.0,48155.0,745638226.0,0.0
MHImain,HKFE,2022-11-03 11:31:00,15320.0,15476.0,15305.0,15314.0,34810.0,535515850.0,0.0
MHImain,HKFE,2022-11-03 17:15:00,15320.0,15358.0,15217.0,15254.0,5691.0,86888848.0,0.0
MHImain,HKFE,2022-11-03 21:16:00,15252.0,15585.0,15222.0,15542.0,19656.0,303402796.0,0.0
MHImain,HKFE,2022-11-04 01:16:00,15542.0,16295.0,15415.0,16227.0,63845.0,1013829429.0,0.0
MHImain,HKFE,2022-11-04 11:31:00,16228.0,16538.0,16114.0,16169.0,77208.0,1259613785.0,0.0
MHImain,HKFE,2022-11-04 17:15:00,16152.0,16547.0,16149.0,16504.0,16380.0,267439660.0,0.0
MHImain,HKFE,2022-11-04 21:16:00,16505.0,16519.0,16220.0,16403.0,23288.0,380992482.0,0.0
MHImain,HKFE,2022-11-05 01:16:00,16399.0,16484.0,16354.0,16460.0,1921.0,31526780.0,0.0
MHImain,HKFE,2022-11-07 01:16:00,16110.0,16792.0,15933.0,16754.0,78580.0,1288913872.0,0.0
MHImain,HKFE,2022-11-07 11:31:00,16752.0,16847.0,16543.0,16644.0,53340.0,889433790.0,0.0
MHImain,HKFE,2022-11-07 17:15:00,16666.0,16783.0,16641.0,16703.0,6238.0,104132223.0,0.0
MHImain,HKFE,2022-11-07 21:16:00,16704.0,16776.0,16524.0,16557.0,12315.0,204860269.0,0.0
MHImain,HKFE,2022-11-08 01:16:00,16553.0,16742.0,16445.0,16595.0,56698.0,940188537.0,0.0
MHImain,HKFE,2022-11-08 11:31:00,16594.0,16638.0,16446.0,16580.0,31821.0,526106727.0,0.0
MHImain,HKFE,2022-11-08 17:15:00,16584.0,16628.0,16561.0,16579.0,3580.0,59415639.0,0.0
MHImain,HKFE,2022-11-08 21:16:00,16581.0,16674.0,16457.0,16651.0,10571.0,175064268.0,0.0
MHImain,HKFE,2022-11-09 01:16:00,16650.0,16762.0,16318.0,16342.0,58016.0,959434954.0,0.0
MHImain,HKFE,2022-11-09 11:31:00,16340.0,16423.0,16230.0,16413.0,39772.0,649149972.0,0.0
MHImain,HKFE,2022-11-09 17:15:00,16390.0,16403.0,16267.0,16267.0,5149.0,84051990.0,0.0
MHImain,HKFE,2022-11-09 21:16:00,16270.0,16312.0,16186.0,16195.0,9854.0,160123907.0,0.0
MHImain,HKFE,2022-11-10 01:16:00,16192.0,16199.0,15946.0,16038.0,50559.0,810996978.0,0.0
MHImain,HKFE,2022-11-10 11:31:00,16037.0,16124.0,15998.0,16075.0,27450.0,440821346.0,0.0
MHImain,HKFE,2022-11-10 17:15:00,16080.0,16240.0,16039.0,16199.0,10308.0,166437111.0,0.0
MHImain,HKFE,2022-11-10 21:16:00,16202.0,16878.0,16189.0,16842.0,33450.0,557572148.0,0.0
MHImain,HKFE,2022-11-11 01:16:00,16842.0,17207.0,16765.0,17042.0,62495.0,1061512049.0,0.0
MHImain,HKFE,2022-11-11 11:31:00,17042.0,17388.0,16957.0,17352.0,59758.0,1029857926.0,0.0
MHImain,HKFE,2022-11-11 17:15:00,17338.0,17494.0,17335.0,17458.0,8524.0,148577523.0,0.0
MHImain,HKFE,2022-11-11 21:16:00,17456.0,17623.0,17420.0,17557.0,20143.0,353022488.0,0.0
MHImain,HKFE,2022-11-12 01:16:00,17559.0,17606.0,17528.0,17540.0,2106.0,37001741.0,0.0
MHImain,HKFE,2022-11-14 01:16:00,17763.0,18201.0,17605.0,17928.0,71128.0,1270333352.0,0.0
MHImain,HKFE,2022-11-14 11:31:00,17928.0,17950.0,17544.0,17679.0,43754.0,773867250.0,0.0
MHImain,HKFE,2022-11-14 17:15:00,17670.0,17807.0,17558.0,17782.0,8472.0,149764600.0,0.0
MHImain,HKFE,2022-11-14 21:16:00,17782.0,17815.0,17627.0,17728.0,14491.0,256982088.0,0.0
MHImain,HKFE,2022-11-15 01:16:00,17730.0,18236.0,17577.0,18200.0,70191.0,1261021533.0,0.0
MHImain,HKFE,2022-11-15 11:31:00,18198.0,18382.0,18155.0,18321.0,55102.0,1007381804.0,0.0
MHImain,HKFE,2022-11-15 17:15:00,18305.0,18353.0,18222.0,18350.0,7297.0,133491915.0,0.0
MHImain,HKFE,2022-11-15 21:16:00,18348.0,18494.0,18279.0,18445.0,20698.0,380800189.0,0.0
MHImain,HKFE,2022-11-16 01:16:00,18443.0,18466.0,18107.0,18205.0,65667.0,1199470897.0,0.0
MHImain,HKFE,2022-11-16 11:31:00,18202.0,18307.0,18049.0,18229.0,40698.0,739827967.0,0.0
MHImain,HKFE,2022-11-16 17:15:00,18228.0,18320.0,18185.0,18279.0,7310.0,133484325.0,0.0
MHImain,HKFE,2022-11-16 21:16:00,18279.0,18297.0,18034.0,18040.0,13542.0,245689240.0,0.0
MHImain,HKFE,2022-11-17 01:16:00,18040.0,18145.0,17723.0,17752.0,54545.0,977069304.0,0.0
MHImain,HKFE,2022-11-17 11:31:00,17751.0,18240.0,17735.0,18045.0,52398.0,942255939.0,0.0
MHImain,HKFE,2022-11-17 17:15:00,18042.0,18042.0,17816.0,17835.0,11303.0,202527827.0,0.0
MHImain,HKFE,2022-11-17 21:16:00,17835.0,18358.0,17741.0,18353.0,23760.0,428854725.0,0.0
MHImain,HKFE,2022-11-18 01:16:00,18353.0,18466.0,18115.0,18190.0,53632.0,979687242.0,0.0
MHImain,HKFE,2022-11-18 11:31:00,18193.0,18231.0,17912.0,17992.0,37483.0,676575614.0,0.0
MHImain,HKFE,2022-11-18 17:15:00,18000.0,18099.0,17981.0,18045.0,6728.0,121410867.0,0.0
MHImain,HKFE,2022-11-18 21:16:00,18046.0,18093.0,17916.0,17916.0,9545.0,171815315.0,0.0
MHImain,HKFE,2022-11-19 01:16:00,17915.0,17977.0,17885.0,17930.0,1689.0,30280366.0,0.0
MHImain,HKFE,2022-11-21 01:16:00,17800.0,17800.0,17395.0,17559.0,46765.0,819723756.0,0.0
MHImain,HKFE,2022-11-21 11:31:00,17559.0,17770.0,17531.0,17666.0,33910.0,598879492.0,0.0
MHImain,HKFE,2022-11-21 17:15:00,17663.0,17684.0,17622.0,17671.0,2924.0,51629955.0,0.0
MHImain,HKFE,2022-11-21 21:16:00,17671.0,17766.0,17583.0,17639.0,10448.0,184587545.0,0.0
MHImain,HKFE,2022-11-22 01:16:00,17635.0,17785.0,17422.0,17656.0,48665.0,856287128.0,0.0
MHImain,HKFE,2022-11-22 11:31:00,17659.0,17713.0,17307.0,17473.0,43620.0,762358251.0,0.0
MHImain,HKFE,2022-11-22 17:15:00,17485.0,17586.0,17482.0,17517.0,6161.0,108026203.0,0.0
MHImain,HKFE,2022-11-22 21:16:00,17516.0,17588.0,17386.0,17542.0,10751.0,188075594.0,0.0
MHImain,HKFE,2022-11-23 01:16:00,17542.0,17572.0,17387.0,17430.0,46012.0,804151125.0,0.0
MHImain,HKFE,2022-11-23 11:31:00,17432.0,17662.0,17431.0,17565.0,36518.0,641614831.0,0.0
MHImain,HKFE,2022-11-23 17:15:00,17573.0,17689.0,17543.0,17643.0,5496.0,96842270.0,0.0
MHImain,HKFE,2022-11-23 21:16:00,17644.0,17732.0,17591.0,17637.0,9333.0,164809109.0,0.0
MHImain,HKFE,2022-11-24 01:16:00,17637.0,17780.0,17527.0,17571.0,42300.0,746654143.0,0.0
MHImain,HKFE,2022-11-24 11:31:00,17571.0,17707.0,17540.0,17658.0,25498.0,449782996.0,0.0
MHImain,HKFE,2022-11-24 17:15:00,17665.0,17714.0,17651.0,17700.0,2924.0,51717813.0,0.0
MHImain,HKFE,2022-11-24 21:16:00,17698.0,17738.0,17691.0,17724.0,2467.0,43707137.0,0.0
MHImain,HKFE,2022-11-25 01:16:00,17722.0,17748.0,17413.0,17497.0,39996.0,700472265.0,0.0
MHImain,HKFE,2022-11-25 11:31:00,17496.0,17653.0,17478.0,17571.0,24923.0,437717246.0,0.0
MHImain,HKFE,2022-11-25 17:15:00,17586.0,17649.0,17548.0,17551.0,3902.0,68669725.0,0.0
MHImain,HKFE,2022-11-25 21:16:00,17549.0,17558.0,17471.0,17505.0,5516.0,96620729.0,0.0
MHImain,HKFE,2022-11-26 01:16:00,17507.0,17511.0,17460.0,17474.0,1121.0,19596250.0,0.0
MHImain,HKFE,2022-11-28 01:16:00,17105.0,17282.0,16825.0,17223.0,46636.0,793201201.0,0.0
MHImain,HKFE,2022-11-28 11:31:00,17222.0,17355.0,17136.0,17316.0,22069.0,380484308.0,0.0
MHImain,HKFE,2022-11-28 17:15:00,17411.0,17455.0,17361.0,17403.0,2357.0,41031229.0,0.0
MHImain,HKFE,2022-11-28 21:16:00,17402.0,17741.0,17383.0,17629.0,7792.0,137285449.0,0.0
MHImain,HKFE,2022-11-29 01:16:00,17629.0,18076.0,17565.0,18070.0,45832.0,816673335.0,0.0
MHImain,HKFE,2022-11-29 11:31:00,18073.0,18335.0,17974.0,18334.0,42468.0,769456595.0,0.0
MHImain,HKFE,2022-11-29 17:15:00,18304.0,18361.0,18270.0,18283.0,6619.0,121233911.0,0.0
MHImain,HKFE,2022-11-29 21:16:00,18284.0,18396.0,18252.0,18293.0,11950.0,218930647.0,0.0
MHImain,HKFE,2022-11-30 01:16:00,18293.0,18458.0,18123.0,18321.0,45743.0,836131450.0,0.0
MHImain,HKFE,2022-11-30 11:31:00,18321.0,18724.0,18259.0,18621.0,49905.0,922564187.0,0.0
MHImain,HKFE,2022-11-30 17:15:00,18625.0,18824.0,18625.0,18779.0,8529.0,160009635.0,0.0
MHImain,HKFE,2022-11-30 21:16:00,18786.0,18962.0,18730.0,18873.0,14714.0,277481449.0,0.0
MHImain,HKFE,2022-12-01 01:16:00,18870.0,19295.0,18840.0,18868.0,58936.0,1121870765.0,0.0
MHImain,HKFE,2022-12-01 11:31:00,18867.0,19057.0,18741.0,18791.0,39948.0,755427468.0,0.0
MHImain,HKFE,2022-12-01 17:15:00,18780.0,18840.0,18755.0,18833.0,4115.0,77368676.0,0.0
MHImain,HKFE,2022-12-01 21:16:00,18833.0,19006.0,18787.0,18850.0,14470.0,273480169.0,0.0
MHImain,HKFE,2022-12-02 01:16:00,18850.0,18916.0,18640.0,18642.0,43081.0,809637371.0,0.0
MHImain,HKFE,2022-12-02 11:31:00,18642.0,18828.0,18604.0,18760.0,29852.0,559301119.0,0.0
MHImain,HKFE,2022-12-02 17:15:00,18774.0,18842.0,18753.0,18783.0,3003.0,56416357.0,0.0
MHImain,HKFE,2022-12-02 21:16:00,18784.0,19259.0,18532.0,19222.0,27668.0,523427490.0,0.0
MHImain,HKFE,2022-12-03 01:16:00,19221.0,19238.0,19140.0,19158.0,2910.0,55841618.0,0.0
MHImain,HKFE,2022-12-05 01:16:00,19369.0,19463.0,19091.0,19403.0,53654.0,1036277682.0,0.0
MHImain,HKFE,2022-12-05 11:31:00,19402.0,19606.0,19291.0,19530.0,40604.0,790430733.0,0.0
MHImain,HKFE,2022-12-05 17:15:00,19534.0,19562.0,19406.0,19411.0,5776.0,112468789.0,0.0
MHImain,HKFE,2022-12-05 21:16:00,19410.0,19440.0,19142.0,19184.0,16180.0,311624091.0,0.0
MHImain,HKFE,2022-12-06 01:16:00,19183.0,19643.0,19119.0,19369.0,55725.0,1083345693.0,0.0
MHImain,HKFE,2022-12-06 11:31:00,19369.0,19543.0,19284.0,19502.0,32948.0,639276417.0,0.0
MHImain,HKFE,2022-12-06 17:15:00,19518.0,19585.0,19488.0,19524.0,4616.0,90184696.0,0.0
MHImain,HKFE,2022-12-06 21:16:00,19524.0,19569.0,19342.0,19473.0,14442.0,280843717.0,0.0
MHImain,HKFE,2022-12-07 01:16:00,19473.0,19684.0,19391.0,19495.0,47115.0,919819993.0,0.0
MHImain,HKFE,2022-12-07 11:31:00,19495.0,19807.0,18837.0,18904.0,79427.0,1534677337.0,0.0
MHImain,HKFE,2022-12-07 17:15:00,18881.0,18920.0,18750.0,18883.0,8769.0,165244212.0,0.0
MHImain,HKFE,2022-12-07 21:16:00,18886.0,19151.0,18875.0,19096.0,17418.0,331358793.0,0.0
MHImain,HKFE,2022-12-08 01:16:00,19095.0,19465.0,18969.0,19379.0,54804.0,1052519892.0,0.0
MHImain,HKFE,2022-12-08 11:31:00,19380.0,19570.0,19292.0,19502.0,42988.0,835190188.0,0.0
MHImain,HKFE,2022-12-08 17:15:00,19486.0,19538.0,19432.0,19479.0,4742.0,92395543.0,0.0
MHImain,HKFE,2022-12-08 21:16:00,19480.0,19650.0,19418.0,19513.0,17277.0,337584021.0,0.0
MHImain,HKFE,2022-12-09 01:16:00,19513.0,19789.0,19446.0,19753.0,53739.0,1054476429.0,0.0
MHImain,HKFE,2022-12-09 11:31:00,19754.0,19993.0,19736.0,19939.0,46850.0,931756707.0,0.0
MHImain,HKFE,2022-12-09 17:15:00,19954.0,19957.0,19845.0,19876.0,5518.0,109736557.0,0.0
MHImain,HKFE,2022-12-09 21:16:00,19877.0,19906.0,19722.0,19784.0,14167.0,280384294.0,0.0
MHImain,HKFE,2022-12-10 01:16:00,19782.0,19782.0,19647.0,19685.0,2971.0,58532627.0,0.0
MHImain,HKFE,2022-12-12 01:16:00,19589.0,19787.0,19506.0,19513.0,44696.0,878357986.0,0.0
MHImain,HKFE,2022-12-12 11:31:00,19512.0,19638.0,19411.0,19444.0,34445.0,672601343.0,0.0
MHImain,HKFE,2022-12-12 17:15:00,19422.0,19568.0,19422.0,19538.0,3937.0,76880387.0,0.0
MHImain,HKFE,2022-12-12 21:16:00,19535.0,19544.0,19273.0,19359.0,12115.0,234690881.0,0.0
MHImain,HKFE,2022-12-13 01:16:00,19360.0,19758.0,19354.0,19561.0,47057.0,921926344.0,0.0
MHImain,HKFE,2022-12-13 11:31:00,19560.0,19723.0,19555.0,19690.0,29284.0,575167336.0,0.0
MHImain,HKFE,2022-12-13 17:15:00,19688.0,19694.0,19431.0,19580.0,8973.0,175545208.0,0.0
MHImain,HKFE,2022-12-13 21:16:00,19577.0,20168.0,19577.0,19717.0,34959.0,697135291.0,0.0
MHImain,HKFE,2022-12-14 01:16:00,19717.0,19932.0,19575.0,19732.0,47911.0,945966552.0,0.0
MHImain,HKFE,2022-12-14 11:31:00,19725.0,19894.0,19708.0,19725.0,30670.0,606871127.0,0.0
MHImain,HKFE,2022-12-14 17:15:00,19711.0,19733.0,19652.0,19666.0,3289.0,64766152.0,0.0
MHImain,HKFE,2022-12-14 21:16:00,19666.0,19801.0,19602.0,19750.0,9256.0,182260788.0,0.0
MHImain,HKFE,2022-12-15 01:16:00,19750.0,19802.0,19271.0,19477.0,48776.0,948031430.0,0.0
MHImain,HKFE,2022-12-15 11:31:00,19479.0,19567.0,19365.0,19385.0,25877.0,503432284.0,0.0
MHImain,HKFE,2022-12-15 17:15:00,19377.0,19564.0,19329.0,19445.0,6086.0,118323705.0,0.0
MHImain,HKFE,2022-12-15 21:16:00,19442.0,19842.0,19310.0,19319.0,33364.0,653402819.0,0.0
MHImain,HKFE,2022-12-16 01:16:00,19319.0,19677.0,19161.0,19434.0,61383.0,1191296678.0,0.0
MHImain,HKFE,2022-12-16 11:31:00,19434.0,19575.0,19358.0,19389.0,33246.0,647461516.0,0.0
MHImain,HKFE,2022-12-16 17:15:00,19375.0,19481.0,19281.0,19460.0,7298.0,141459014.0,0.0
MHImain,HKFE,2022-12-16 21:16:00,19458.0,19530.0,19335.0,19414.0,12732.0,247434385.0,0.0
MHImain,HKFE,2022-12-17 01:16:00,19414.0,19452.0,19360.0,19380.0,1510.0,29309902.0,0.0
MHImain,HKFE,2022-12-19 01:16:00,19558.0,19832.0,19313.0,19457.0,47750.0,933530300.0,0.0
MHImain,HKFE,2022-12-19 11:31:00,19458.0,19463.0,19293.0,19447.0,27394.0,530622338.0,0.0
MHImain,HKFE,2022-12-19 17:15:00,19451.0,19493.0,19424.0,19441.0,3538.0,68822549.0,0.0
MHImain,HKFE,2022-12-19 21:16:00,19441.0,19452.0,19228.0,19288.0,10785.0,208475934.0,0.0
MHImain,HKFE,2022-12-20 01:16:00,19288.0,19326.0,19037.0,19168.0,51527.0,988519421.0,0.0
MHImain,HKFE,2022-12-20 11:31:00,19169.0,19169.0,18917.0,19130.0,37587.0,715966707.0,0.0
MHImain,HKFE,2022-12-20 17:15:00,19134.0,19214.0,19079.0,19111.0,4482.0,85860405.0,0.0
MHImain,HKFE,2022-12-20 21:16:00,19110.0,19285.0,19078.0,19173.0,11041.0,211819776.0,0.0
MHImain,HKFE,2022-12-21 01:16:00,19170.0,19293.0,19106.0,19121.0,38338.0,736301658.0,0.0
MHImain,HKFE,2022-12-21 11:31:00,19120.0,19208.0,19081.0,19189.0,22640.0,433453013.0,0.0
MHImain,HKFE,2022-12-21 17:15:00,19189.0,19234.0,19167.0,19219.0,3509.0,67386272.0,0.0
MHImain,HKFE,2022-12-21 21:16:00,19222.0,19382.0,19159.0,19357.0,10497.0,202378177.0,0.0
MHImain,HKFE,2022-12-22 01:16:00,19359.0,19774.0,19350.0,19676.0,46213.0,907008179.0,0.0
MHImain,HKFE,2022-12-22 11:31:00,19676.0,19733.0,19580.0,19680.0,27626.0,543243593.0,0.0
MHImain,HKFE,2022-12-22 17:15:00,19679.0,19818.0,19646.0,19660.0,5523.0,108844789.0,0.0
MHImain,HKFE,2022-12-22 21:16:00,19658.0,19660.0,19348.0,19354.0,12464.0,242996422.0,0.0
MHImain,HKFE,2022-12-23 01:16:00,19354.0,19698.0,19259.0,19623.0,41489.0,811106605.0,0.0
MHImain,HKFE,2022-12-23 11:31:00,19622.0,19704.0,19510.0,19550.0,25135.0,492670510.0,0.0
MHImain,HKFE,2022-12-23 17:15:00,19551.0,19620.0,19524.0,19617.0,3447.0,67499274.0,0.0
MHImain,HKFE,2022-12-23 21:16:00,19616.0,19673.0,19385.0,19441.0,14025.0,273703152.0,0.0
MHImain,HKFE,2022-12-24 01:16:00,19442.0,19472.0,19405.0,19417.0,1152.0,22392234.0,0.0
MHImain,HKFE,2022-12-28 01:16:00,19920.0,20130.0,19757.0,20084.0,36422.0,727949347.0,0.0
MHImain,HKFE,2022-12-28 11:31:00,20085.0,20117.0,19815.0,20019.0,26103.0,519824458.0,0.0
MHImain,HKFE,2022-12-28 17:15:00,20091.0,20118.0,20036.0,20112.0,1742.0,34979754.0,0.0
MHImain,HKFE,2022-12-28 21:16:00,20109.0,20143.0,19715.0,19750.0,8208.0,163304729.0,0.0
MHImain,HKFE,2022-12-29 01:16:00,19751.0,19860.0,19622.0,19764.0,36186.0,714506021.0,0.0
MHImain,HKFE,2022-12-29 11:31:00,19763.0,19844.0,19746.0,19836.0,15400.0,304738671.0,0.0
MHImain,HKFE,2022-12-29 17:15:00,19837.0,19890.0,19837.0,19858.0,2819.0,56012213.0,0.0
MHImain,HKFE,2022-12-29 21:16:00,19860.0,20128.0,19855.0,20042.0,14528.0,290709024.0,0.0
MHImain,HKFE,2022-12-30 01:16:00,20045.0,20180.0,19880.0,19994.0,44292.0,886903594.0,0.0
MHImain,HKFE,2022-12-30 11:31:00,19995.0,20021.0,19843.0,19918.0,22829.0,455005291.0,0.0
MHImain,HKFE,2022-12-30 17:15:00,19915.0,19928.0,19792.0,19796.0,4613.0,91621594.0,0.0
MHImain,HKFE,2022-12-30 21:16:00,19798.0,19945.0,19714.0,19729.0,13823.0,273989558.0,0.0
MHImain,HKFE,2022-12-31 01:16:00,19729.0,19763.0,19699.0,19713.0,1739.0,34303684.0,0.0
MHImain,HKFE,2023-01-03 01:16:00,19666.0,20110.0,19338.0,20085.0,66354.0,1308211164.0,0.0
MHImain,HKFE,2023-01-03 11:31:00,20083.0,20305.0,20072.0,20242.0,37001.0,747112368.0,0.0
MHImain,HKFE,2023-01-03 17:15:00,20245.0,20316.0,20161.0,20172.0,6797.0,137524634.0,0.0
MHImain,HKFE,2023-01-03 21:16:00,20173.0,20468.0,20173.0,20262.0,18638.0,379333350.0,0.0
MHImain,HKFE,2023-01-04 01:16:00,20267.0,20661.0,20229.0,20630.0,46607.0,954688413.0,0.0
MHImain,HKFE,2023-01-04 11:31:00,20630.0,20958.0,20541.0,20925.0,40017.0,829429558.0,0.0
MHImain,HKFE,2023-01-04 17:15:00,20922.0,20922.0,20854.0,20894.0,6899.0,144090481.0,0.0
MHImain,HKFE,2023-01-04 21:16:00,20893.0,21267.0,20880.0,21255.0,20627.0,433940608.0,0.0
MHImain,HKFE,2023-01-05 01:16:00,21255.0,21474.0,21115.0,21176.0,58133.0,1236302530.0,0.0
MHImain,HKFE,2023-01-05 11:31:00,21178.0,21230.0,21028.0,21215.0,32285.0,682190635.0,0.0
MHImain,HKFE,2023-01-05 17:15:00,21194.0,21303.0,21170.0,21194.0,5499.0,116879575.0,0.0
MHImain,HKFE,2023-01-05 21:16:00,21192.0,21372.0,21128.0,21287.0,19064.0,404988996.0,0.0
MHImain,HKFE,2023-01-06 01:16:00,21291.0,21407.0,21092.0,21280.0,46423.0,985048076.0,0.0
MHImain,HKFE,2023-01-06 11:31:00,21280.0,21291.0,20939.0,21075.0,37621.0,793268812.0,0.0
MHImain,HKFE,2023-01-06 17:15:00,21057.0,21103.0,21002.0,21048.0,3787.0,79737328.0,0.0
MHImain,HKFE,2023-01-06 21:16:00,21047.0,21460.0,21020.0,21399.0,23772.0,504879771.0,0.0
MHImain,HKFE,2023-01-07 01:16:00,21397.0,21418.0,21359.0,21403.0,1903.0,40702810.0,0.0
MHImain,HKFE,2023-01-09 01:16:00,21490.0,21561.0,21277.0,21405.0,49246.0,1054269122.0,0.0
MHImain,HKFE,2023-01-09 11:31:00,21405.0,21499.0,21336.0,21490.0,22352.0,478842407.0,0.0
MHImain,HKFE,2023-01-09 17:15:00,21485.0,21567.0,21472.0,21514.0,5457.0,117412151.0,0.0
MHImain,HKFE,2023-01-09 21:16:00,21515.0,21595.0,21401.0,21491.0,14992.0,322462379.0,0.0
MHImain,HKFE,2023-01-10 01:16:00,21487.0,21515.0,21251.0,21358.0,42841.0,915938340.0,0.0
MHImain,HKFE,2023-01-10 11:31:00,21359.0,21472.0,21313.0,21428.0,24614.0,526531120.0,0.0
MHImain,HKFE,2023-01-10 17:15:00,21424.0,21482.0,21388.0,21427.0,4187.0,89741300.0,0.0
MHImain,HKFE,2023-01-10 21:16:00,21423.0,21517.0,21352.0,21502.0,12835.0,275304688.0,0.0
MHImain,HKFE,2023-01-11 01:16:00,21502.0,21742.0,21456.0,21637.0,46388.0,1002613640.0,0.0
MHImain,HKFE,2023-01-11 11:31:00,21638.0,21756.0,21398.0,21538.0,35920.0,775125979.0,0.0
MHImain,HKFE,2023-01-11 17:15:00,21550.0,21595.0,21530.0,21593.0,4020.0,86671050.0,0.0
MHImain,HKFE,2023-01-11 21:16:00,21593.0,21718.0,21557.0,21714.0,14232.0,307975939.0,0.0
MHImain,HKFE,2023-01-12 01:16:00,21710.0,21766.0,21291.0,21405.0,55094.0,1189186602.0,0.0
MHImain,HKFE,2023-01-12 11:31:00,21407.0,21605.0,21363.0,21592.0,34806.0,747476149.0,0.0
MHImain,HKFE,2023-01-12 17:15:00,21585.0,21662.0,21563.0,21648.0,5809.0,125534947.0,0.0
MHImain,HKFE,2023-01-12 21:16:00,21650.0,21777.0,21473.0,21716.0,24452.0,529505265.0,0.0
MHImain,HKFE,2023-01-13 01:16:00,21718.0,21750.0,21520.0,21590.0,45138.0,975377995.0,0.0
MHImain,HKFE,2023-01-13 11:31:00,21591.0,21837.0,21549.0,21778.0,32953.0,715055587.0,0.0
MHImain,HKFE,2023-01-13 17:15:00,21788.0,21822.0,21685.0,21699.0,5895.0,128223605.0,0.0
MHImain,HKFE,2023-01-13 21:16:00,21696.0,21906.0,21696.0,21830.0,14015.0,305662636.0,0.0
MHImain,HKFE,2023-01-14 01:16:00,21828.0,21894.0,21820.0,21871.0,1799.0,39325198.0,0.0
MHImain,HKFE,2023-01-16 01:16:00,21900.0,21997.0,21772.0,21944.0,43288.0,947510970.0,0.0
MHImain,HKFE,2023-01-16 11:31:00,21943.0,21950.0,21634.0,21723.0,35670.0,776333869.0,0.0
MHImain,HKFE,2023-01-16 17:15:00,21738.0,21738.0,21655.0,21676.0,4150.0,90021798.0,0.0
MHImain,HKFE,2023-01-16 21:16:00,21676.0,21698.0,21640.0,21646.0,3421.0,74127204.0,0.0
MHImain,HKFE,2023-01-17 01:16:00,21649.0,21840.0,21533.0,21600.0,45480.0,985244097.0,0.0
MHImain,HKFE,2023-01-17 11:31:00,21599.0,21640.0,21458.0,21630.0,26238.0,565312584.0,0.0
MHImain,HKFE,2023-01-17 17:15:00,21626.0,21691.0,21607.0,21637.0,4051.0,87684418.0,0.0
MHImain,HKFE,2023-01-17 21:16:00,21639.0,21708.0,21552.0,21600.0,11838.0,255995433.0,0.0
MHImain,HKFE,2023-01-18 01:16:00,21601.0,21740.0,21460.0,21582.0,43960.0,950049750.0,0.0
MHImain,HKFE,2023-01-18 11:31:00,21583.0,21777.0,21517.0,21712.0,26225.0,567648059.0,0.0
MHImain,HKFE,2023-01-18 17:15:00,21709.0,21727.0,21675.0,21705.0,2895.0,62820831.0,0.0
MHImain,HKFE,2023-01-18 21:16:00,21702.0,21833.0,21525.0,21544.0,15321.0,332180093.0,0.0
MHImain,HKFE,2023-01-19 01:16:00,21543.0,21690.0,21394.0,21668.0,45668.0,983709578.0,0.0
MHImain,HKFE,2023-01-19 11:31:00,21668.0,21779.0,21580.0,21653.0,26713.0,579194683.0,0.0
MHImain,HKFE,2023-01-19 17:15:00,21643.0,21650.0,21548.0,21565.0,3999.0,86376719.0,0.0
MHImain,HKFE,2023-01-19 21:16:00,21570.0,21799.0,21550.0,21765.0,13605.0,295356298.0,0.0
MHImain,HKFE,2023-01-20 01:16:00,21765.0,21928.0,21731.0,21875.0,37863.0,826878558.0,0.0
MHImain,HKFE,2023-01-20 11:31:00,21875.0,22087.0,21859.0,21993.0,28218.0,620416186.0,0.0
MHImain,HKFE,2023-01-20 17:15:00,21989.0,22024.0,21930.0,22007.0,2847.0,62600641.0,0.0
MHImain,HKFE,2023-01-20 21:16:00,22007.0,22158.0,21968.0,22100.0,8877.0,195902271.0,0.0
MHImain,HKFE,2023-01-21 01:16:00,22102.0,22227.0,22102.0,22227.0,2397.0,53140469.0,0.0
MHImain,HKFE,2023-01-26 01:16:00,22385.0,22501.0,22335.0,22441.0,36593.0,820498319.0,0.0
MHImain,HKFE,2023-01-26 11:31:00,22444.0,22589.0,22406.0,22580.0,23705.0,533197010.0,0.0
MHImain,HKFE,2023-01-26 17:15:00,22579.0,22595.0,22513.0,22563.0,3744.0,84421869.0,0.0
MHImain,HKFE,2023-01-26 21:16:00,22563.0,22680.0,22535.0,22592.0,10643.0,240443127.0,0.0
MHImain,HKFE,2023-01-27 01:16:00,22592.0,22683.0,22495.0,22587.0,29301.0,661831919.0,0.0
MHImain,HKFE,2023-01-27 11:31:00,22592.0,22687.0,22526.0,22663.0,15686.0,354662236.0,0.0
MHImain,HKFE,2023-01-27 17:15:00,22767.0,22777.0,22730.0,22756.0,1099.0,24998027.0,0.0
MHImain,HKFE,2023-01-27 21:16:00,22756.0,22801.0,22639.0,22736.0,3786.0,86054220.0,0.0
MHImain,HKFE,2023-01-28 01:16:00,22740.0,22767.0,22720.0,22746.0,595.0,13534207.0,0.0
MHImain,HKFE,2023-01-30 01:16:00,22680.0,22746.0,22430.0,22480.0,35929.0,812071876.0,0.0
MHImain,HKFE,2023-01-30 11:31:00,22479.0,22518.0,22075.0,22137.0,38719.0,861573249.0,0.0
MHImain,HKFE,2023-01-30 17:15:00,22165.0,22243.0,22151.0,22235.0,5168.0,114777240.0,0.0
MHImain,HKFE,2023-01-30 21:16:00,22232.0,22285.0,22094.0,22256.0,13017.0,289158636.0,0.0
MHImain,HKFE,2023-01-31 01:16:00,22255.0,22360.0,21924.0,21966.0,51906.0,1150274840.0,0.0
MHImain,HKFE,2023-01-31 11:31:00,21967.0,21972.0,21704.0,21907.0,38554.0,841797907.0,0.0
MHImain,HKFE,2023-01-31 17:15:00,21900.0,21909.0,21843.0,21882.0,3514.0,76868442.0,0.0
MHImain,HKFE,2023-01-31 21:16:00,21883.0,22002.0,21795.0,21958.0,13564.0,297082061.0,0.0
MHImain,HKFE,2023-02-01 01:16:00,21957.0,22031.0,21771.0,21984.0,50303.0,1102340629.0,0.0
MHImain,HKFE,2023-02-01 11:31:00,21983.0,22138.0,21924.0,22100.0,33816.0,745469144.0,0.0
MHImain,HKFE,2023-02-01 17:15:00,22090.0,22103.0,22028.0,22088.0,4164.0,91861118.0,0.0
MHImain,HKFE,2023-02-01 21:16:00,22088.0,22215.0,22044.0,22046.0,12621.0,279169745.0,0.0
MHImain,HKFE,2023-02-02 01:16:00,22044.0,22371.0,22008.0,22255.0,46362.0,1030629658.0,0.0
MHImain,HKFE,2023-02-02 11:31:00,22255.0,22272.0,21982.0,22079.0,29678.0,656135237.0,0.0
MHImain,HKFE,2023-02-02 17:15:00,22060.0,22079.0,21976.0,22008.0,5020.0,110523070.0,0.0
MHImain,HKFE,2023-02-02 21:16:00,22008.0,22077.0,21819.0,21881.0,16737.0,367119941.0,0.0
MHImain,HKFE,2023-02-03 01:16:00,21887.0,21935.0,21508.0,21598.0,46864.0,1015846237.0,0.0
MHImain,HKFE,2023-02-03 11:31:00,21597.0,21750.0,21544.0,21645.0,32166.0,696693443.0,0.0
MHImain,HKFE,2023-02-03 17:15:00,21654.0,21805.0,21654.0,21779.0,5490.0,119424125.0,0.0
MHImain,HKFE,2023-02-03 21:16:00,21781.0,21791.0,21513.0,21601.0,20081.0,434787262.0,0.0
MHImain,HKFE,2023-02-04 01:16:00,21599.0,21623.0,21489.0,21551.0,2586.0,55714699.0,0.0
MHImain,HKFE,2023-02-06 01:16:00,21350.0,21427.0,21125.0,21185.0,48507.0,1031372238.0,0.0
MHImain,HKFE,2023-02-06 11:31:00,21185.0,21340.0,21132.0,21248.0,32107.0,681706148.0,0.0
MHImain,HKFE,2023-02-06 17:15:00,21250.0,21253.0,21175.0,21198.0,3363.0,71325495.0,0.0
MHImain,HKFE,2023-02-06 21:16:00,21195.0,21282.0,21067.0,21221.0,15640.0,330924672.0,0.0
MHImain,HKFE,2023-02-07 01:16:00,21221.0,21550.0,21202.0,21528.0,45275.0,970629753.0,0.0
MHImain,HKFE,2023-02-07 11:31:00,21528.0,21547.0,21289.0,21350.0,29275.0,625668037.0,0.0
MHImain,HKFE,2023-02-07 17:15:00,21350.0,21420.0,21297.0,21305.0,2856.0,60961752.0,0.0
MHImain,HKFE,2023-02-07 21:16:00,21303.0,21348.0,21178.0,21200.0,11235.0,238758933.0,0.0
MHImain,HKFE,2023-02-08 01:16:00,21200.0,21495.0,21114.0,21392.0,55381.0,1181363443.0,0.0
MHImain,HKFE,2023-02-08 11:31:00,21392.0,21443.0,21254.0,21258.0,24870.0,530564452.0,0.0
MHImain,HKFE,2023-02-08 17:15:00,21275.0,21287.0,21228.0,21252.0,3186.0,67723185.0,0.0
MHImain,HKFE,2023-02-08 21:16:00,21250.0,21296.0,21085.0,21142.0,13987.0,296264964.0,0.0
MHImain,HKFE,2023-02-09 01:16:00,21143.0,21473.0,21110.0,21355.0,43319.0,924956917.0,0.0
MHImain,HKFE,2023-02-09 11:31:00,21356.0,21703.0,21356.0,21680.0,42384.0,913888718.0,0.0
MHImain,HKFE,2023-02-09 17:15:00,21681.0,21737.0,21650.0,21680.0,5224.0,113342310.0,0.0
MHImain,HKFE,2023-02-09 21:16:00,21680.0,21747.0,21560.0,21600.0,12009.0,259987230.0,0.0
MHImain,HKFE,2023-02-10 01:16:00,21600.0,21626.0,21216.0,21246.0,45350.0,972515190.0,0.0
MHImain,HKFE,2023-02-10 11:31:00,21246.0,21288.0,21172.0,21231.0,27353.0,580679898.0,0.0
MHImain,HKFE,2023-02-10 17:15:00,21203.0,21220.0,21085.0,21150.0,6771.0,143142802.0,0.0
MHImain,HKFE,2023-02-10 21:16:00,21149.0,21215.0,21028.0,21029.0,13667.0,288847911.0,0.0
MHImain,HKFE,2023-02-11 01:16:00,21029.0,21130.0,21029.0,21064.0,2259.0,47632124.0,0.0
MHImain,HKFE,2023-02-13 01:16:00,20950.0,21152.0,20814.0,21064.0,45873.0,962989950.0,0.0
MHImain,HKFE,2023-02-13 11:31:00,21063.0,21253.0,21059.0,21180.0,26549.0,561602167.0,0.0
MHImain,HKFE,2023-02-13 17:15:00,21171.0,21264.0,21171.0,21231.0,3499.0,74257101.0,0.0
MHImain,HKFE,2023-02-13 21:16:00,21231.0,21328.0,21172.0,21325.0,11006.0,233842535.0,0.0
MHImain,HKFE,2023-02-14 01:16:00,21325.0,21347.0,21078.0,21145.0,35894.0,759601300.0,0.0
MHImain,HKFE,2023-02-14 11:31:00,21144.0,21263.0,21097.0,21098.0,22662.0,479648070.0,0.0
MHImain,HKFE,2023-02-14 17:15:00,21096.0,21210.0,21095.0,21187.0,3106.0,65737085.0,0.0
MHImain,HKFE,2023-02-14 21:16:00,21186.0,21298.0,20978.0,21116.0,23115.0,488561946.0,0.0
MHImain,HKFE,2023-02-15 01:16:00,21119.0,21172.0,20734.0,20833.0,46482.0,971243425.0,0.0
MHImain,HKFE,2023-02-15 11:31:00,20835.0,20910.0,20759.0,20816.0,22755.0,473738581.0,0.0
MHImain,HKFE,2023-02-15 17:15:00,20831.0,20872.0,20805.0,20811.0,3182.0,66304645.0,0.0
MHImain,HKFE,2023-02-15 21:16:00,20809.0,20882.0,20756.0,20822.0,12441.0,258975580.0,0.0
MHImain,HKFE,2023-02-16 01:16:00,20823.0,21317.0,20801.0,21281.0,46356.0,978407771.0,0.0
MHImain,HKFE,2023-02-16 11:31:00,21282.0,21334.0,20935.0,21006.0,38339.0,809170706.0,0.0
MHImain,HKFE,2023-02-16 17:15:00,20984.0,21019.0,20931.0,20946.0,3290.0,68959919.0,0.0
MHImain,HKFE,2023-02-16 21:16:00,20945.0,21050.0,20799.0,21010.0,16433.0,343743325.0,0.0
MHImain,HKFE,2023-02-17 01:16:00,21010.0,21087.0,20828.0,20884.0,38724.0,810978230.0,0.0
MHImain,HKFE,2023-02-17 11:31:00,20883.0,20933.0,20634.0,20640.0,27664.0,575365105.0,0.0
MHImain,HKFE,2023-02-17 17:15:00,20633.0,20703.0,20595.0,20636.0,4462.0,92123320.0,0.0
MHImain,HKFE,2023-02-17 21:16:00,20635.0,20663.0,20528.0,20547.0,10263.0,211402360.0,0.0
MHImain,HKFE,2023-02-18 01:16:00,20551.0,20553.0,20503.0,20510.0,1629.0,33431496.0,0.0
MHImain,HKFE,2023-02-20 01:16:00,20606.0,20866.0,20600.0,20866.0,44150.0,915395747.0,0.0
MHImain,HKFE,2023-02-20 11:31:00,20866.0,20993.0,20802.0,20886.0,29770.0,622392542.0,0.0
MHImain,HKFE,2023-02-20 17:15:00,20889.0,20897.0,20851.0,20894.0,2298.0,47956529.0,0.0
MHImain,HKFE,2023-02-20 21:16:00,20893.0,20924.0,20870.0,20890.0,3480.0,72721046.0,0.0
MHImain,HKFE,2023-02-21 01:16:00,20890.0,20970.0,20630.0,20679.0,49733.0,1035033899.0,0.0
MHImain,HKFE,2023-02-21 11:31:00,20680.0,20729.0,20512.0,20550.0,34466.0,709935119.0,0.0
MHImain,HKFE,2023-02-21 17:15:00,20537.0,20582.0,20495.0,20531.0,5071.0,104161647.0,0.0
MHImain,HKFE,2023-02-21 21:16:00,20533.0,20663.0,20500.0,20522.0,14523.0,299005164.0,0.0
MHImain,HKFE,2023-02-22 01:16:00,20520.0,20636.0,20354.0,20539.0,49851.0,1022048092.0,0.0
MHImain,HKFE,2023-02-22 11:31:00,20539.0,20586.0,20340.0,20350.0,27548.0,563987628.0,0.0
MHImain,HKFE,2023-02-22 17:15:00,20350.0,20501.0,20350.0,20461.0,5941.0,121476012.0,0.0
MHImain,HKFE,2023-02-22 21:16:00,20461.0,20470.0,20292.0,20298.0,12640.0,257608969.0,0.0
MHImain,HKFE,2023-02-23 01:16:00,20303.0,20600.0,20283.0,20518.0,46527.0,951595016.0,0.0
MHImain,HKFE,2023-02-23 11:31:00,20518.0,20559.0,20314.0,20361.0,28916.0,589899090.0,0.0
MHImain,HKFE,2023-02-23 17:15:00,20342.0,20436.0,20300.0,20406.0,5344.0,108861327.0,0.0
MHImain,HKFE,2023-02-23 21:16:00,20405.0,20456.0,20055.0,20095.0,15820.0,320950841.0,0.0
MHImain,HKFE,2023-02-24 01:16:00,20095.0,20240.0,20006.0,20088.0,40033.0,805220954.0,0.0
MHImain,HKFE,2023-02-24 11:31:00,20088.0,20134.0,19939.0,19970.0,24027.0,481874281.0,0.0
MHImain,HKFE,2023-02-24 17:15:00,19971.0,19988.0,19866.0,19870.0,1850.0,36874256.0,0.0
MHImain,HKFE,2023-02-24 21:16:00,19870.0,19898.0,19668.0,19698.0,6841.0,135262504.0,0.0
MHImain,HKFE,2023-02-25 01:16:00,19700.0,19728.0,19663.0,19706.0,827.0,16286788.0,0.0
MHImain,HKFE,2023-02-27 01:16:00,19774.0,20073.0,19742.0,19927.0,35174.0,701286593.0,0.0
MHImain,HKFE,2023-02-27 11:31:00,19929.0,19983.0,19822.0,19919.0,27615.0,549409471.0,0.0
MHImain,HKFE,2023-02-27 17:15:00,19943.0,19986.0,19872.0,19964.0,3903.0,77841905.0,0.0
MHImain,HKFE,2023-02-27 21:16:00,19965.0,20015.0,19903.0,19963.0,9524.0,190112700.0,0.0
MHImain,HKFE,2023-02-28 01:16:00,19961.0,20182.0,19947.0,20029.0,44022.0,883303522.0,0.0
MHImain,HKFE,2023-02-28 11:31:00,20028.0,20043.0,19718.0,19739.0,39756.0,789598072.0,0.0
MHImain,HKFE,2023-02-28 17:15:00,19754.0,19823.0,19734.0,19817.0,3884.0,76877948.0,0.0
MHImain,HKFE,2023-02-28 21:16:00,19815.0,19928.0,19778.0,19878.0,10946.0,217487607.0,0.0
MHImain,HKFE,2023-03-01 01:16:00,19876.0,20424.0,19800.0,20403.0,52211.0,1051419411.0,0.0
MHImain,HKFE,2023-03-01 11:31:00,20402.0,20654.0,20368.0,20587.0,42641.0,874252430.0,0.0
MHImain,HKFE,2023-03-01 17:15:00,20600.0,20609.0,20559.0,20576.0,3632.0,74766974.0,0.0
MHImain,HKFE,2023-03-01 21:16:00,20576.0,20578.0,20419.0,20469.0,13147.0,269544387.0,0.0
MHImain,HKFE,2023-03-02 01:16:00,20470.0,20557.0,20336.0,20509.0,48345.0,988659255.0,0.0
MHImain,HKFE,2023-03-02 11:31:00,20511.0,20574.0,20426.0,20460.0,20619.0,422571498.0,0.0
MHImain,HKFE,2023-03-02 17:15:00,20475.0,20504.0,20454.0,20470.0,2893.0,59253513.0,0.0
MHImain,HKFE,2023-03-02 21:16:00,20469.0,20659.0,20410.0,20615.0,12732.0,261646541.0,0.0
MHImain,HKFE,2023-03-03 01:16:00,20613.0,20802.0,20518.0,20595.0,41561.0,857438468.0,0.0
MHImain,HKFE,2023-03-03 11:31:00,20596.0,20736.0,20555.0,20577.0,25483.0,525933538.0,0.0
MHImain,HKFE,2023-03-03 17:15:00,20583.0,20617.0,20563.0,20599.0,2682.0,55226741.0,0.0
MHImain,HKFE,2023-03-03 21:16:00,20596.0,20671.0,20584.0,20653.0,8517.0,175709314.0,0.0
MHImain,HKFE,2023-03-04 01:16:00,20650.0,20677.0,20630.0,20655.0,1011.0,20881976.0,0.0
MHImain,HKFE,2023-03-06 01:16:00,20553.0,20704.0,20359.0,20635.0,46374.0,952620591.0,0.0
MHImain,HKFE,2023-03-06 11:31:00,20633.0,20740.0,20584.0,20624.0,23264.0,480639669.0,0.0
MHImain,HKFE,2023-03-06 17:15:00,20610.0,20647.0,20580.0,20646.0,2469.0,50892030.0,0.0
MHImain,HKFE,2023-03-06 21:16:00,20646.0,20752.0,20574.0,20735.0,8803.0,181928427.0,0.0
MHImain,HKFE,2023-03-07 01:16:00,20738.0,21055.0,20553.0,20802.0,60979.0,1268752445.0,0.0
MHImain,HKFE,2023-03-07 11:31:00,20805.0,20902.0,20372.0,20576.0,47081.0,968909701.0,0.0
MHImain,HKFE,2023-03-07 17:15:00,20584.0,20592.0,20522.0,20543.0,2465.0,50654124.0,0.0
MHImain,HKFE,2023-03-07 21:16:00,20543.0,20552.0,20307.0,20350.0,14820.0,302246065.0,0.0
MHImain,HKFE,2023-03-08 01:16:00,20350.0,20410.0,20004.0,20016.0,47403.0,954724622.0,0.0
MHImain,HKFE,2023-03-08 11:31:00,20015.0,20128.0,19981.0,20029.0,26515.0,531798310.0,0.0
MHImain,HKFE,2023-03-08 17:15:00,20029.0,20089.0,20016.0,20051.0,3206.0,64318526.0,0.0
MHImain,HKFE,2023-03-08 21:16:00,20051.0,20135.0,20028.0,20076.0,9243.0,185641123.0,0.0
MHImain,HKFE,2023-03-09 01:16:00,20075.0,20146.0,19966.0,20097.0,44022.0,883279548.0,0.0
MHImain,HKFE,2023-03-09 11:31:00,20099.0,20181.0,19902.0,19930.0,30514.0,612235211.0,0.0
MHImain,HKFE,2023-03-09 17:15:00,19949.0,19949.0,19853.0,19868.0,4186.0,83303683.0,0.0
MHImain,HKFE,2023-03-09 21:16:00,19870.0,19932.0,19714.0,19739.0,12591.0,249709357.0,0.0
MHImain,HKFE,2023-03-10 01:16:00,19738.0,19745.0,19424.0,19496.0,49612.0,969481115.0,0.0
MHImain,HKFE,2023-03-10 11:31:00,19497.0,19519.0,19272.0,19311.0,31948.0,619864207.0,0.0
MHImain,HKFE,2023-03-10 17:15:00,19320.0,19406.0,19300.0,19328.0,5463.0,105831577.0,0.0
MHImain,HKFE,2023-03-10 21:16:00,19327.0,19507.0,19281.0,19416.0,20044.0,388998787.0,0.0
MHImain,HKFE,2023-03-11 01:16:00,19412.0,19452.0,19306.0,19330.0,2803.0,54312599.0,0.0
MHImain,HKFE,2023-03-13 01:16:00,19485.0,19823.0,19365.0,19776.0,56861.0,1113145493.0,0.0
MHImain,HKFE,2023-03-13 11:31:00,19774.0,19827.0,19620.0,19620.0,33654.0,663562581.0,0.0
MHImain,HKFE,2023-03-13 17:15:00,19620.0,19620.0,19330.0,19414.0,15094.0,293642962.0,0.0
MHImain,HKFE,2023-03-13 21:16:00,19415.0,19582.0,19347.0,19495.0,19609.0,382086848.0,0.0
MHImain,HKFE,2023-03-14 01:16:00,19495.0,19671.0,19212.0,19346.0,57400.0,1118167311.0,0.0
MHImain,HKFE,2023-03-14 11:31:00,19346.0,19435.0,19136.0,19271.0,39609.0,764382200.0,0.0
MHImain,HKFE,2023-03-14 17:15:00,19249.0,19426.0,19189.0,19421.0,8927.0,172601070.0,0.0
MHImain,HKFE,2023-03-14 21:16:00,19423.0,19610.0,19388.0,19510.0,15962.0,311436115.0,0.0
MHImain,HKFE,2023-03-15 01:16:00,19510.0,19780.0,19493.0,19572.0,49821.0,979949683.0,0.0
MHImain,HKFE,2023-03-15 11:31:00,19571.0,19623.0,19443.0,19599.0,33334.0,651246299.0,0.0
MHImain,HKFE,2023-03-15 17:15:00,19592.0,19592.0,19116.0,19154.0,19618.0,378319614.0,0.0
MHImain,HKFE,2023-03-15 21:16:00,19156.0,19213.0,19025.0,19118.0,19660.0,375671439.0,0.0
MHImain,HKFE,2023-03-16 01:16:00,19118.0,19408.0,19076.0,19313.0,52233.0,1005627807.0,0.0
MHImain,HKFE,2023-03-16 11:31:00,19310.0,19333.0,19129.0,19151.0,34545.0,663995551.0,0.0
MHImain,HKFE,2023-03-16 17:15:00,19157.0,19157.0,19065.0,19083.0,6640.0,126933063.0,0.0
MHImain,HKFE,2023-03-16 21:16:00,19085.0,19377.0,19053.0,19337.0,19379.0,371984458.0,0.0
MHImain,HKFE,2023-03-17 01:16:00,19339.0,19628.0,19286.0,19576.0,49843.0,969366833.0,0.0
MHImain,HKFE,2023-03-17 11:31:00,19576.0,19608.0,19423.0,19578.0,32694.0,638516010.0,0.0
MHImain,HKFE,2023-03-17 17:15:00,19597.0,19639.0,19390.0,19403.0,8525.0,166277752.0,0.0
MHImain,HKFE,2023-03-17 21:16:00,19405.0,19464.0,19182.0,19255.0,17286.0,333641833.0,0.0
MHImain,HKFE,2023-03-18 01:16:00,19257.0,19293.0,19224.0,19247.0,1785.0,34369804.0,0.0
MHImain,HKFE,2023-03-20 01:16:00,19406.0,19429.0,19000.0,19014.0,43117.0,828505514.0,0.0
MHImain,HKFE,2023-03-20 11:31:00,19015.0,19067.0,18845.0,18928.0,40838.0,774378854.0,0.0
MHImain,HKFE,2023-03-20 17:15:00,18937.0,19091.0,18937.0,19067.0,7744.0,147506169.0,0.0
MHImain,HKFE,2023-03-20 21:16:00,19069.0,19277.0,19020.0,19214.0,18564.0,355834279.0,0.0
MHImain,HKFE,2023-03-21 01:16:00,19215.0,19235.0,19053.0,19058.0,42806.0,819545200.0,0.0
MHImain,HKFE,2023-03-21 11:31:00,19057.0,19306.0,19029.0,19272.0,31170.0,598210684.0,0.0
MHImain,HKFE,2023-03-21 17:15:00,19275.0,19393.0,19261.0,19389.0,5282.0,102177769.0,0.0
MHImain,HKFE,2023-03-21 21:16:00,19389.0,19494.0,19306.0,19346.0,13191.0,255634922.0,0.0
MHImain,HKFE,2023-03-22 01:16:00,19347.0,19795.0,19342.0,19666.0,48308.0,949497411.0,0.0
MHImain,HKFE,2023-03-22 11:31:00,19668.0,19687.0,19559.0,19611.0,22734.0,446034859.0,0.0
MHImain,HKFE,2023-03-22 17:15:00,19614.0,19704.0,19609.0,19699.0,4260.0,83749286.0,0.0
MHImain,HKFE,2023-03-22 21:16:00,19699.0,19754.0,19633.0,19666.0,9217.0,181582988.0,0.0
MHImain,HKFE,2023-03-23 01:16:00,19666.0,19855.0,19520.0,19726.0,52210.0,1027306384.0,0.0
MHImain,HKFE,2023-03-23 11:31:00,19726.0,20081.0,19710.0,20035.0,39893.0,794930981.0,0.0
MHImain,HKFE,2023-03-23 17:15:00,20030.0,20053.0,19956.0,20041.0,6185.0,123712139.0,0.0
MHImain,HKFE,2023-03-23 21:16:00,20045.0,20229.0,20018.0,20024.0,14610.0,294176164.0,0.0
MHImain,HKFE,2023-03-24 01:16:00,20024.0,20132.0,19840.0,20046.0,46663.0,931458466.0,0.0
MHImain,HKFE,2023-03-24 11:31:00,20046.0,20066.0,19860.0,19905.0,25605.0,510620887.0,0.0
MHImain,HKFE,2023-03-24 17:15:00,19901.0,19930.0,19661.0,19733.0,11135.0,219804940.0,0.0
MHImain,HKFE,2023-03-24 21:16:00,19733.0,19880.0,19715.0,19848.0,13632.0,270212123.0,0.0
MHImain,HKFE,2023-03-25 01:16:00,19846.0,19891.0,19826.0,19871.0,1690.0,33564490.0,0.0
MHImain,HKFE,2023-03-27 01:16:00,19923.0,19924.0,19501.0,19598.0,42031.0,824836756.0,0.0
MHImain,HKFE,2023-03-27 11:31:00,19599.0,19951.0,19533.0,19603.0,45326.0,894349020.0,0.0
MHImain,HKFE,2023-03-27 17:15:00,19609.0,19676.0,19578.0,19646.0,4128.0,81070205.0,0.0
MHImain,HKFE,2023-03-27 21:16:00,19648.0,19684.0,19533.0,19586.0,9276.0,181802670.0,0.0
MHImain,HKFE,2023-03-28 01:16:00,19584.0,19804.0,19553.0,19706.0,43274.0,850823720.0,0.0
MHImain,HKFE,2023-03-28 11:31:00,19709.0,19895.0,19657.0,19780.0,27816.0,550200978.0,0.0
MHImain,HKFE,2023-03-28 17:15:00,19798.0,20041.0,19798.0,20019.0,9082.0,181029324.0,0.0
MHImain,HKFE,2023-03-28 21:16:00,20023.0,20156.0,19980.0,20145.0,14980.0,300617012.0,0.0
MHImain,HKFE,2023-03-29 01:16:00,20146.0,20538.0,20097.0,20174.0,43533.0,883129781.0,0.0
MHImain,HKFE,2023-03-29 11:31:00,20174.0,20250.0,20111.0,20229.0,19680.0,397068744.0,0.0
MHImain,HKFE,2023-03-29 17:15:00,20296.0,20324.0,20231.0,20260.0,2343.0,47523317.0,0.0
MHImain,HKFE,2023-03-29 21:16:00,20260.0,20388.0,20182.0,20363.0,6103.0,124013960.0,0.0
MHImain,HKFE,2023-03-30 01:16:00,20363.0,20373.0,20052.0,20127.0,37494.0,757570263.0,0.0
MHImain,HKFE,2023-03-30 11:31:00,20127.0,20391.0,20101.0,20350.0,30246.0,613506359.0,0.0
MHImain,HKFE,2023-03-30 17:15:00,20364.0,20514.0,20317.0,20484.0,6595.0,134648145.0,0.0
MHImain,HKFE,2023-03-30 21:16:00,20486.0,20643.0,20461.0,20558.0,17021.0,349977845.0,0.0
MHImain,HKFE,2023-03-31 01:16:00,20561.0,20792.0,20493.0,20550.0,49461.0,1021510363.0,0.0
MHImain,HKFE,2023-03-31 11:31:00,20550.0,20568.0,20406.0,20480.0,28510.0,584425239.0,0.0
MHImain,HKFE,2023-03-31 17:15:00,20496.0,20563.0,20448.0,20484.0,5324.0,109196219.0,0.0
MHImain,HKFE,2023-03-31 21:16:00,20484.0,20549.0,20416.0,20439.0,9804.0,200812049.0,0.0
MHImain,HKFE,2023-04-01 01:16:00,20438.0,20447.0,20356.0,20362.0,1934.0,39435248.0,0.0
MHImain,HKFE,2023-04-03 01:16:00,20359.0,20525.0,20285.0,20379.0,38768.0,791492442.0,0.0
MHImain,HKFE,2023-04-03 11:31:00,20376.0,20484.0,20253.0,20452.0,27877.0,567851248.0,0.0
MHImain,HKFE,2023-04-03 17:15:00,20456.0,20510.0,20456.0,20503.0,2844.0,58256336.0,0.0
MHImain,HKFE,2023-04-03 21:16:00,20503.0,20555.0,20423.0,20459.0,11621.0,238131797.0,0.0
MHImain,HKFE,2023-04-04 01:16:00,20457.0,20486.0,20158.0,20306.0,38398.0,778910880.0,0.0
MHImain,HKFE,2023-04-04 11:31:00,20305.0,20405.0,20224.0,20309.0,26021.0,528562513.0,0.0
MHImain,HKFE,2023-04-04 17:15:00,20313.0,20356.0,20291.0,20333.0,2474.0,50312307.0,0.0
MHImain,HKFE,2023-04-04 21:16:00,20328.0,20420.0,20305.0,20355.0,11025.0,224418524.0,0.0
MHImain,HKFE,2023-04-05 01:16:00,20356.0,20458.0,20356.0,20420.0,2287.0,46668683.0,0.0
MHImain,HKFE,2023-04-06 01:16:00,20226.0,20392.0,20068.0,20364.0,41633.0,843241324.0,0.0
MHImain,HKFE,2023-04-06 11:31:00,20365.0,20379.0,20184.0,20306.0,25880.0,524689070.0,0.0
MHImain,HKFE,2023-04-06 17:15:00,20317.0,20370.0,20302.0,20306.0,2828.0,57509301.0,0.0
MHImain,HKFE,2023-04-06 21:16:00,20305.0,20563.0,20276.0,20520.0,13515.0,275821607.0,0.0
MHImain,HKFE,2023-04-07 01:16:00,20520.0,20593.0,20512.0,20561.0,1666.0,34247824.0,0.0
MHImain,HKFE,2023-04-11 01:16:00,20550.0,20811.0,20434.0,20439.0,47061.0,970005635.0,0.0
MHImain,HKFE,2023-04-11 11:31:00,20437.0,20570.0,20331.0,20554.0,32324.0,660469579.0,0.0
MHImain,HKFE,2023-04-11 17:15:00,20565.0,20600.0,20537.0,20573.0,3689.0,75883707.0,0.0
MHImain,HKFE,2023-04-11 21:16:00,20575.0,20624.0,20515.0,20529.0,9449.0,194370566.0,0.0
MHImain,HKFE,2023-04-12 01:16:00,20527.0,20574.0,20325.0,20369.0,39083.0,797890743.0,0.0
MHImain,HKFE,2023-04-12 11:31:00,20370.0,20420.0,20278.0,20365.0,24474.0,498045751.0,0.0
MHImain,HKFE,2023-04-12 17:15:00,20360.0,20452.0,20331.0,20418.0,5912.0,120557548.0,0.0
MHImain,HKFE,2023-04-12 21:16:00,20420.0,20432.0,20116.0,20201.0,17360.0,351467300.0,0.0
MHImain,HKFE,2023-04-13 01:16:00,20201.0,20304.0,19896.0,20219.0,53069.0,1066851020.0,0.0
MHImain,HKFE,2023-04-13 11:31:00,20219.0,20389.0,20163.0,20376.0,26496.0,536903733.0,0.0
MHImain,HKFE,2023-04-13 17:15:00,20369.0,20433.0,20334.0,20403.0,4929.0,100436855.0,0.0
MHImain,HKFE,2023-04-13 21:16:00,20402.0,20476.0,20376.0,20468.0,9431.0,192683861.0,0.0
MHImain,HKFE,2023-04-14 01:16:00,20467.0,20550.0,20318.0,20365.0,38867.0,794227129.0,0.0
MHImain,HKFE,2023-04-14 11:31:00,20363.0,20498.0,20326.0,20443.0,21949.0,448275448.0,0.0
MHImain,HKFE,2023-04-14 17:15:00,20439.0,20488.0,20382.0,20395.0,4542.0,92790916.0,0.0
MHImain,HKFE,2023-04-14 21:16:00,20395.0,20449.0,20246.0,20300.0,11678.0,237567047.0,0.0
MHImain,HKFE,2023-04-15 01:16:00,20299.0,20324.0,20268.0,20324.0,1292.0,26224917.0,0.0
MHImain,HKFE,2023-04-17 01:16:00,20329.0,20595.0,20285.0,20506.0,37771.0,772948371.0,0.0
MHImain,HKFE,2023-04-17 11:31:00,20505.0,20899.0,20502.0,20785.0,43745.0,906554562.0,0.0
MHImain,HKFE,2023-04-17 17:15:00,20768.0,20808.0,20671.0,20676.0,6342.0,131578895.0,0.0
MHImain,HKFE,2023-04-17 21:16:00,20677.0,20698.0,20576.0,20641.0,11064.0,228245687.0,0.0
MHImain,HKFE,2023-04-18 01:16:00,20644.0,20771.0,20601.0,20643.0,42683.0,882520201.0,0.0
MHImain,HKFE,2023-04-18 11:31:00,20644.0,20687.0,20566.0,20658.0,23103.0,476607688.0,0.0
MHImain,HKFE,2023-04-18 17:15:00,20660.0,20776.0,20660.0,20739.0,5678.0,117770317.0,0.0
MHImain,HKFE,2023-04-18 21:16:00,20739.0,20755.0,20574.0,20599.0,9534.0,196982045.0,0.0
MHImain,HKFE,2023-04-19 01:16:00,20597.0,20632.0,20397.0,20563.0,38304.0,785784500.0,0.0
MHImain,HKFE,2023-04-19 11:31:00,20563.0,20585.0,20309.0,20324.0,30393.0,620971978.0,0.0
MHImain,HKFE,2023-04-19 17:15:00,20316.0,20370.0,20292.0,20345.0,5237.0,106470430.0,0.0
MHImain,HKFE,2023-04-19 21:16:00,20346.0,20413.0,20302.0,20403.0,7893.0,160709962.0,0.0
MHImain,HKFE,2023-04-20 01:16:00,20402.0,20486.0,20302.0,20373.0,39135.0,798359369.0,0.0
MHImain,HKFE,2023-04-20 11:31:00,20374.0,20483.0,20331.0,20395.0,27157.0,554086693.0,0.0
MHImain,HKFE,2023-04-20 17:15:00,20384.0,20416.0,20319.0,20397.0,4741.0,96533463.0,0.0
MHImain,HKFE,2023-04-20 21:16:00,20398.0,20483.0,20310.0,20332.0,10198.0,208080761.0,0.0
MHImain,HKFE,2023-04-21 01:16:00,20331.0,20391.0,20202.0,20245.0,42148.0,855881882.0,0.0
MHImain,HKFE,2023-04-21 11:31:00,20244.0,20269.0,19977.0,20029.0,39360.0,791992724.0,0.0
MHImain,HKFE,2023-04-21 17:15:00,20037.0,20067.0,19998.0,20051.0,3606.0,72259918.0,0.0
MHImain,HKFE,2023-04-21 21:16:00,20051.0,20071.0,19916.0,20023.0,11526.0,230466139.0,0.0
MHImain,HKFE,2023-04-22 01:16:00,20020.0,20053.0,20005.0,20018.0,1214.0,24313231.0,0.0
MHImain,HKFE,2023-04-24 01:16:00,19986.0,20154.0,19905.0,19978.0,42983.0,861005608.0,0.0
MHImain,HKFE,2023-04-24 11:31:00,19980.0,19984.0,19744.0,19924.0,37236.0,739274669.0,0.0
MHImain,HKFE,2023-04-24 17:15:00,19933.0,19973.0,19895.0,19919.0,2881.0,57430750.0,0.0
MHImain,HKFE,2023-04-24 21:16:00,19920.0,19927.0,19798.0,19827.0,7465.0,148315293.0,0.0
MHImain,HKFE,2023-04-25 01:16:00,19827.0,19936.0,19611.0,19655.0,42596.0,841216027.0,0.0
MHImain,HKFE,2023-04-25 11:31:00,19656.0,19672.0,19536.0,19569.0,33025.0,647337218.0,0.0
MHImain,HKFE,2023-04-25 17:15:00,19566.0,19629.0,19542.0,19544.0,2915.0,57094721.0,0.0
MHImain,HKFE,2023-04-25 21:16:00,19544.0,19578.0,19406.0,19409.0,9548.0,186096717.0,0.0
MHImain,HKFE,2023-04-26 01:16:00,19409.0,19795.0,19373.0,19770.0,41041.0,806034045.0,0.0
MHImain,HKFE,2023-04-26 11:31:00,19768.0,19926.0,19703.0,19754.0,27562.0,545916837.0,0.0
MHImain,HKFE,2023-04-26 17:15:00,19694.0,19809.0,19630.0,19783.0,4388.0,86537414.0,0.0
MHImain,HKFE,2023-04-26 21:16:00,19781.0,19843.0,19670.0,19726.0,7457.0,147125709.0,0.0
MHImain,HKFE,2023-04-27 01:16:00,19721.0,19763.0,19603.0,19677.0,31294.0,616143238.0,0.0
MHImain,HKFE,2023-04-27 11:31:00,19675.0,19846.0,19651.0,19758.0,26750.0,528484610.0,0.0
MHImain,HKFE,2023-04-27 17:15:00,19775.0,19789.0,19726.0,19754.0,3079.0,60830000.0,0.0
MHImain,HKFE,2023-04-27 21:16:00,19753.0,19895.0,19713.0,19890.0,9253.0,183275558.0,0.0
MHImain,HKFE,2023-04-28 01:16:00,19890.0,20135.0,19849.0,19912.0,42247.0,844032698.0,0.0
MHImain,HKFE,2023-04-28 11:31:00,19912.0,19999.0,19800.0,19802.0,27092.0,539276764.0,0.0
MHImain,HKFE,2023-04-28 17:15:00,19800.0,19915.0,19786.0,19900.0,3528.0,70043664.0,0.0
MHImain,HKFE,2023-04-28 21:16:00,19903.0,20016.0,19857.0,20004.0,8616.0,171865857.0,0.0
MHImain,HKFE,2023-04-29 01:16:00,20002.0,20024.0,19991.0,20001.0,1256.0,25125493.0,0.0
MHImain,HKFE,2023-05-02 01:16:00,19941.0,20257.0,19705.0,19861.0,52659.0,1050673252.0,0.0
MHImain,HKFE,2023-05-02 11:31:00,19860.0,19990.0,19807.0,19841.0,25381.0,505081341.0,0.0
MHImain,HKFE,2023-05-02 17:15:00,19833.0,19866.0,19808.0,19816.0,1881.0,37318596.0,0.0
MHImain,HKFE,2023-05-02 21:16:00,19816.0,19834.0,19557.0,19632.0,13754.0,270244836.0,0.0
MHImain,HKFE,2023-05-03 01:16:00,19632.0,19675.0,19477.0,19505.0,42996.0,841784398.0,0.0
MHImain,HKFE,2023-05-03 11:31:00,19505.0,19640.0,19468.0,19597.0,23732.0,464095488.0,0.0
MHImain,HKFE,2023-05-03 17:15:00,19600.0,19621.0,19557.0,19575.0,2269.0,44438440.0,0.0
MHImain,HKFE,2023-05-03 21:16:00,19577.0,19647.0,19546.0,19639.0,6018.0,117980856.0,0.0
MHImain,HKFE,2023-05-04 01:16:00,19638.0,19935.0,19575.0,19862.0,48098.0,951831753.0,0.0
MHImain,HKFE,2023-05-04 11:31:00,19863.0,19943.0,19781.0,19914.0,31001.0,615583433.0,0.0
MHImain,HKFE,2023-05-04 17:15:00,19924.0,19949.0,19825.0,19850.0,4673.0,92926606.0,0.0
MHImain,HKFE,2023-05-04 21:16:00,19850.0,19965.0,19825.0,19881.0,11151.0,221670835.0,0.0
MHImain,HKFE,2023-05-05 01:16:00,19885.0,20168.0,19876.0,19996.0,49176.0,985593287.0,0.0
MHImain,HKFE,2023-05-05 11:31:00,19997.0,20080.0,19943.0,19981.0,19364.0,387333214.0,0.0
MHImain,HKFE,2023-05-05 17:15:00,19995.0,19998.0,19899.0,19947.0,4461.0,88974370.0,0.0
MHImain,HKFE,2023-05-05 21:16:00,19946.0,20086.0,19910.0,20086.0,8817.0,176325680.0,0.0
MHImain,HKFE,2023-05-06 01:16:00,20086.0,20138.0,20053.0,20135.0,1361.0,27348403.0,0.0
MHImain,HKFE,2023-05-08 01:16:00,20118.0,20228.0,20016.0,20156.0,47668.0,958897731.0,0.0
MHImain,HKFE,2023-05-08 11:31:00,20155.0,20283.0,20126.0,20258.0,23574.0,476313947.0,0.0
MHImain,HKFE,2023-05-08 17:15:00,20253.0,20265.0,20229.0,20257.0,1584.0,32070020.0,0.0
MHImain,HKFE,2023-05-08 21:16:00,20255.0,20287.0,20174.0,20209.0,7321.0,148004467.0,0.0
MHImain,HKFE,2023-05-09 01:16:00,20209.0,20259.0,20113.0,20148.0,38103.0,768923149.0,0.0
MHImain,HKFE,2023-05-09 11:31:00,20147.0,20191.0,19755.0,19778.0,42902.0,855087878.0,0.0
MHImain,HKFE,2023-05-09 17:15:00,19771.0,19810.0,19720.0,19739.0,3314.0,65510487.0,0.0
MHImain,HKFE,2023-05-09 21:16:00,19737.0,19844.0,19706.0,19841.0,7922.0,156827529.0,0.0
MHImain,HKFE,2023-05-10 01:16:00,19841.0,19874.0,19625.0,19686.0,40645.0,801150441.0,0.0
MHImain,HKFE,2023-05-10 11:31:00,19683.0,19766.0,19655.0,19700.0,22289.0,439263998.0,0.0
MHImain,HKFE,2023-05-10 17:15:00,19691.0,19800.0,19675.0,19754.0,5460.0,107791617.0,0.0
MHImain,HKFE,2023-05-10 21:16:00,19754.0,19815.0,19671.0,19673.0,12728.0,251317358.0,0.0
MHImain,HKFE,2023-05-11 01:16:00,19670.0,19866.0,19622.0,19702.0,40781.0,805341412.0,0.0
MHImain,HKFE,2023-05-11 11:31:00,19700.0,19724.0,19520.0,19712.0,34868.0,684551481.0,0.0
MHImain,HKFE,2023-05-11 17:15:00,19712.0,19785.0,19655.0,19665.0,6129.0,120895328.0,0.0
MHImain,HKFE,2023-05-11 21:16:00,19665.0,19799.0,19633.0,19798.0,11069.0,217982139.0,0.0
MHImain,HKFE,2023-05-12 01:16:00,19798.0,19865.0,19577.0,19658.0,43423.0,855987095.0,0.0
MHImain,HKFE,2023-05-12 11:31:00,19660.0,19691.0,19549.0,19596.0,22118.0,433681767.0,0.0
MHImain,HKFE,2023-05-12 17:15:00,19612.0,19626.0,19567.0,19593.0,2602.0,50984075.0,0.0
MHImain,HKFE,2023-05-12 21:16:00,19593.0,19593.0,19404.0,19431.0,10938.0,213139268.0,0.0
MHImain,HKFE,2023-05-13 01:16:00,19428.0,19452.0,19396.0,19424.0,1471.0,28561614.0,0.0
MHImain,HKFE,2023-05-15 01:16:00,19440.0,19689.0,19414.0,19610.0,39354.0,770100676.0,0.0
MHImain,HKFE,2023-05-15 11:31:00,19610.0,20040.0,19590.0,19955.0,47744.0,948717157.0,0.0
MHImain,HKFE,2023-05-15 17:15:00,19963.0,19966.0,19930.0,19942.0,2047.0,40833689.0,0.0
MHImain,HKFE,2023-05-15 21:16:00,19941.0,20168.0,19874.0,20165.0,14334.0,286923419.0,0.0
MHImain,HKFE,2023-05-16 01:16:00,20165.0,20191.0,19980.0,20018.0,33473.0,671547978.0,0.0
MHImain,HKFE,2023-05-16 11:31:00,20017.0,20025.0,19840.0,19909.0,25711.0,512217288.0,0.0
MHImain,HKFE,2023-05-16 17:15:00,19910.0,19935.0,19818.0,19829.0,3152.0,62646503.0,0.0
MHImain,HKFE,2023-05-16 21:16:00,19828.0,19944.0,19811.0,19862.0,9919.0,197133515.0,0.0
MHImain,HKFE,2023-05-17 01:16:00,19861.0,19953.0,19756.0,19839.0,36859.0,732113237.0,0.0
MHImain,HKFE,2023-05-17 11:31:00,19839.0,19849.0,19456.0,19486.0,38374.0,753937147.0,0.0
MHImain,HKFE,2023-05-17 17:15:00,19479.0,19544.0,19448.0,19537.0,4030.0,78597897.0,0.0
MHImain,HKFE,2023-05-17 21:16:00,19537.0,19657.0,19517.0,19650.0,10444.0,204552703.0,0.0
MHImain,HKFE,2023-05-18 01:16:00,19649.0,19848.0,19577.0,19771.0,48575.0,957543873.0,0.0
MHImain,HKFE,2023-05-18 11:31:00,19773.0,19775.0,19570.0,19676.0,29233.0,574416171.0,0.0
MHImain,HKFE,2023-05-18 17:15:00,19671.0,19726.0,19641.0,19653.0,4684.0,92177830.0,0.0
MHImain,HKFE,2023-05-18 21:16:00,19653.0,19659.0,19447.0,19471.0,16919.0,330303737.0,0.0
MHImain,HKFE,2023-05-19 01:16:00,19473.0,19572.0,19303.0,19520.0,45701.0,887766782.0,0.0
MHImain,HKFE,2023-05-19 11:31:00,19519.0,19534.0,19368.0,19390.0,26633.0,517605508.0,0.0
MHImain,HKFE,2023-05-19 17:15:00,19414.0,19458.0,19393.0,19423.0,3192.0,62021827.0,0.0
MHImain,HKFE,2023-05-19 21:16:00,19421.0,19464.0,19372.0,19405.0,9294.0,180483549.0,0.0
MHImain,HKFE,2023-05-20 01:16:00,19404.0,19420.0,19380.0,19414.0,900.0,17460245.0,0.0
MHImain,HKFE,2023-05-22 01:16:00,19421.0,19770.0,19379.0,19668.0,49149.0,962602727.0,0.0
MHImain,HKFE,2023-05-22 11:31:00,19666.0,19782.0,19605.0,19685.0,27652.0,544343445.0,0.0
MHImain,HKFE,2023-05-22 17:15:00,19690.0,19751.0,19664.0,19693.0,3894.0,76712601.0,0.0
MHImain,HKFE,2023-05-22 21:16:00,19691.0,19819.0,19675.0,19705.0,9930.0,196037382.0,0.0
MHImain,HKFE,2023-05-23 01:16:00,19708.0,19774.0,19583.0,19602.0,35942.0,707184356.0,0.0
MHImain,HKFE,2023-05-23 11:31:00,19602.0,19620.0,19351.0,19434.0,30953.0,602588864.0,0.0
MHImain,HKFE,2023-05-23 17:15:00,19417.0,19422.0,19370.0,19398.0,2437.0,47265499.0,0.0
MHImain,HKFE,2023-05-23 21:16:00,19399.0,19437.0,19334.0,19354.0,6813.0,132103232.0,0.0
MHImain,HKFE,2023-05-24 01:16:00,19353.0,19356.0,19140.0,19229.0,40449.0,777454067.0,0.0
MHImain,HKFE,2023-05-24 11:31:00,19229.0,19282.0,19026.0,19080.0,31643.0,605986332.0,0.0
MHImain,HKFE,2023-05-24 17:15:00,19086.0,19097.0,18991.0,19004.0,4381.0,83325050.0,0.0
MHImain,HKFE,2023-05-24 21:16:00,19006.0,19026.0,18846.0,18854.0,11504.0,217511922.0,0.0
MHImain,HKFE,2023-05-25 01:16:00,18856.0,18962.0,18696.0,18716.0,37540.0,706426835.0,0.0
MHImain,HKFE,2023-05-25 11:31:00,18717.0,18756.0,18608.0,18697.0,29224.0,546119121.0,0.0
MHImain,HKFE,2023-05-25 17:15:00,18708.0,18780.0,18708.0,18740.0,3549.0,66546689.0,0.0
MHImain,HKFE,2023-05-25 21:16:00,18743.0,18747.0,18516.0,18566.0,10701.0,199288323.0,0.0
MHImain,HKFE,2023-05-26 01:16:00,18565.0,18596.0,18522.0,18547.0,2129.0,39521104.0,0.0
MHImain,HKFE,2023-05-29 01:16:00,18767.0,18876.0,18642.0,18686.0,30719.0,576074366.0,0.0
MHImain,HKFE,2023-05-29 11:31:00,18690.0,18732.0,18495.0,18530.0,21645.0,402715611.0,0.0
MHImain,HKFE,2023-05-29 17:15:00,18530.0,18530.0,18530.0,18530.0,0.0,0.0,0.0
MHImain,HKFE,2023-05-30 01:16:00,18524.0,18610.0,18338.0,18357.0,36920.0,682609299.0,0.0
MHImain,HKFE,2023-05-30 11:31:00,18355.0,18564.0,18316.0,18494.0,31371.0,578478393.0,0.0
MHImain,HKFE,2023-05-30 17:15:00,18518.0,18541.0,18455.0,18461.0,3958.0,73215229.0,0.0
MHImain,HKFE,2023-05-30 21:16:00,18464.0,18471.0,18208.0,18209.0,12506.0,229094588.0,0.0
MHImain,HKFE,2023-05-31 01:16:00,18209.0,18332.0,18054.0,18097.0,41348.0,752252397.0,0.0
MHImain,HKFE,2023-05-31 11:31:00,18097.0,18228.0,17966.0,18193.0,36115.0,652655921.0,0.0
MHImain,HKFE,2023-05-31 17:15:00,18199.0,18249.0,18148.0,18163.0,5375.0,97831508.0,0.0
MHImain,HKFE,2023-05-31 21:16:00,18164.0,18185.0,17949.0,18054.0,12125.0,218909282.0,0.0
MHImain,HKFE,2023-06-01 01:16:00,18053.0,18395.0,18035.0,18299.0,54125.0,987340377.0,0.0
MHImain,HKFE,2023-06-01 11:31:00,18297.0,18368.0,18102.0,18150.0,30679.0,559238892.0,0.0
MHImain,HKFE,2023-06-01 17:15:00,18153.0,18179.0,18076.0,18120.0,4555.0,82579186.0,0.0
MHImain,HKFE,2023-06-01 21:16:00,18119.0,18528.0,18112.0,18523.0,19619.0,360280210.0,0.0
MHImain,HKFE,2023-06-02 01:16:00,18522.0,18796.0,18444.0,18795.0,45049.0,838921922.0,0.0
MHImain,HKFE,2023-06-02 11:31:00,18795.0,18946.0,18758.0,18884.0,38007.0,716642659.0,0.0
MHImain,HKFE,2023-06-02 17:15:00,18908.0,19008.0,18901.0,18961.0,8033.0,152373870.0,0.0
MHImain,HKFE,2023-06-02 21:16:00,18962.0,19130.0,18962.0,19119.0,14941.0,284876724.0,0.0
MHImain,HKFE,2023-06-03 01:16:00,19121.0,19148.0,19075.0,19103.0,1588.0,30340995.0,0.0
MHImain,HKFE,2023-06-05 01:16:00,19043.0,19043.0,18813.0,18975.0,40476.0,766539377.0,0.0
MHImain,HKFE,2023-06-05 11:31:00,18976.0,19051.0,18843.0,19023.0,27881.0,528857475.0,0.0
MHImain,HKFE,2023-06-05 17:15:00,19025.0,19048.0,18967.0,19014.0,2484.0,47215330.0,0.0
MHImain,HKFE,2023-06-05 21:16:00,19015.0,19040.0,18917.0,19015.0,9100.0,172761668.0,0.0
MHImain,HKFE,2023-06-06 01:16:00,19013.0,19312.0,18964.0,19181.0,47639.0,912340218.0,0.0
MHImain,HKFE,2023-06-06 11:31:00,19181.0,19197.0,18955.0,18995.0,34192.0,651982282.0,0.0
MHImain,HKFE,2023-06-06 17:15:00,18990.0,19035.0,18969.0,19029.0,1981.0,37653061.0,0.0
MHImain,HKFE,2023-06-06 21:16:00,19029.0,19358.0,19003.0,19312.0,15581.0,298856145.0,0.0
MHImain,HKFE,2023-06-07 01:16:00,19315.0,19380.0,19162.0,19233.0,43672.0,841246993.0,0.0
MHImain,HKFE,2023-06-07 11:31:00,19231.0,19334.0,19138.0,19220.0,26510.0,509801235.0,0.0
MHImain,HKFE,2023-06-07 17:15:00,19221.0,19277.0,19217.0,19246.0,2805.0,54000394.0,0.0
MHImain,HKFE,2023-06-07 21:16:00,19248.0,19382.0,19165.0,19175.0,14797.0,285302952.0,0.0
MHImain,HKFE,2023-06-08 01:16:00,19177.0,19260.0,19051.0,19116.0,40928.0,784042044.0,0.0
MHImain,HKFE,2023-06-08 11:31:00,19115.0,19318.0,19084.0,19255.0,29511.0,566964641.0,0.0
MHImain,HKFE,2023-06-08 17:15:00,19248.0,19272.0,19192.0,19254.0,3162.0,60835483.0,0.0
MHImain,HKFE,2023-06-08 21:16:00,19254.0,19399.0,19244.0,19386.0,9752.0,188538014.0,0.0
MHImain,HKFE,2023-06-09 01:16:00,19390.0,19416.0,19195.0,19302.0,35704.0,688627553.0,0.0
MHImain,HKFE,2023-06-09 11:31:00,19301.0,19454.0,19288.0,19364.0,29692.0,575467338.0,0.0
MHImain,HKFE,2023-06-09 17:15:00,19370.0,19402.0,19311.0,19399.0,3252.0,62942241.0,0.0
MHImain,HKFE,2023-06-09 21:16:00,19399.0,19447.0,19331.0,19374.0,10580.0,205122572.0,0.0
MHImain,HKFE,2023-06-10 01:16:00,19374.0,19405.0,19335.0,19356.0,1241.0,24037645.0,0.0
MHImain,HKFE,2023-06-12 01:16:00,19350.0,19417.0,19231.0,19278.0,34850.0,672912230.0,0.0
MHImain,HKFE,2023-06-12 11:31:00,19276.0,19432.0,19225.0,19400.0,29022.0,561832614.0,0.0
MHImain,HKFE,2023-06-12 17:15:00,19404.0,19452.0,19363.0,19378.0,3269.0,63421611.0,0.0
MHImain,HKFE,2023-06-12 21:16:00,19377.0,19385.0,19326.0,19340.0,5805.0,112365048.0,0.0
MHImain,HKFE,2023-06-13 01:16:00,19340.0,19452.0,19241.0,19431.0,39895.0,770965104.0,0.0
MHImain,HKFE,2023-06-13 11:31:00,19431.0,19569.0,19410.0,19515.0,33064.0,644522726.0,0.0
MHImain,HKFE,2023-06-13 17:15:00,19501.0,19584.0,19477.0,19563.0,4471.0,87349177.0,0.0
MHImain,HKFE,2023-06-13 21:16:00,19563.0,19649.0,19516.0,19557.0,11299.0,221186467.0,0.0
MHImain,HKFE,2023-06-14 01:16:00,19556.0,19644.0,19457.0,19528.0,36442.0,712184437.0,0.0
MHImain,HKFE,2023-06-14 11:31:00,19529.0,19549.0,19352.0,19422.0,26468.0,514150491.0,0.0
MHImain,HKFE,2023-06-14 17:15:00,19399.0,19498.0,19391.0,19485.0,4473.0,86964086.0,0.0
MHImain,HKFE,2023-06-14 21:16:00,19485.0,19718.0,19481.0,19691.0,14717.0,288726165.0,0.0
MHImain,HKFE,2023-06-15 01:16:00,19689.0,19725.0,19506.0,19553.0,38857.0,761721341.0,0.0
MHImain,HKFE,2023-06-15 11:31:00,19554.0,19848.0,19550.0,19810.0,38924.0,767628119.0,0.0
MHImain,HKFE,2023-06-15 17:15:00,19810.0,19885.0,19785.0,19885.0,4452.0,88266295.0,0.0
MHImain,HKFE,2023-06-15 21:16:00,19886.0,19965.0,19843.0,19935.0,13421.0,267196927.0,0.0
MHImain,HKFE,2023-06-16 01:16:00,19936.0,19995.0,19873.0,19979.0,32787.0,653731937.0,0.0
MHImain,HKFE,2023-06-16 11:31:00,19981.0,20184.0,19961.0,20125.0,40669.0,816533545.0,0.0
MHImain,HKFE,2023-06-16 17:15:00,20133.0,20204.0,20125.0,20177.0,5633.0,113640579.0,0.0
MHImain,HKFE,2023-06-16 21:16:00,20178.0,20193.0,19933.0,20007.0,18818.0,376861257.0,0.0
MHImain,HKFE,2023-06-17 01:16:00,20007.0,20021.0,19984.0,19989.0,953.0,19059467.0,0.0
MHImain,HKFE,2023-06-19 01:16:00,19996.0,20027.0,19787.0,19796.0,31460.0,626134653.0,0.0
MHImain,HKFE,2023-06-19 11:31:00,19794.0,19975.0,19721.0,19895.0,32234.0,639193605.0,0.0
MHImain,HKFE,2023-06-19 17:15:00,19905.0,19977.0,19893.0,19894.0,3097.0,61731334.0,0.0
MHImain,HKFE,2023-06-19 21:16:00,19892.0,19937.0,19883.0,19919.0,3278.0,65257023.0,0.0
MHImain,HKFE,2023-06-20 01:16:00,19919.0,19927.0,19594.0,19614.0,35958.0,709358999.0,0.0
MHImain,HKFE,2023-06-20 11:31:00,19615.0,19674.0,19511.0,19581.0,31420.0,615981348.0,0.0
MHImain,HKFE,2023-06-20 17:15:00,19581.0,19584.0,19537.0,19556.0,2489.0,48694935.0,0.0
MHImain,HKFE,2023-06-20 21:16:00,19557.0,19589.0,19298.0,19342.0,15897.0,308632548.0,0.0
MHImain,HKFE,2023-06-21 01:16:00,19342.0,19414.0,19206.0,19241.0,42750.0,825169042.0,0.0
MHImain,HKFE,2023-06-21 11:31:00,19240.0,19275.0,19183.0,19248.0,27023.0,519647740.0,0.0
MHImain,HKFE,2023-06-21 17:15:00,19262.0,19272.0,19192.0,19199.0,2650.0,50969232.0,0.0
MHImain,HKFE,2023-06-21 21:16:00,19200.0,19307.0,19156.0,19222.0,11001.0,211600665.0,0.0
MHImain,HKFE,2023-06-22 01:16:00,19224.0,19270.0,19211.0,19250.0,1026.0,19747388.0,0.0
MHImain,HKFE,2023-06-23 01:16:00,19150.0,19217.0,18820.0,18854.0,36222.0,686595492.0,0.0
MHImain,HKFE,2023-06-23 11:31:00,18855.0,18997.0,18792.0,18875.0,23934.0,451776318.0,0.0
MHImain,HKFE,2023-06-23 17:15:00,18860.0,18901.0,18823.0,18827.0,2379.0,44886103.0,0.0
MHImain,HKFE,2023-06-23 21:16:00,18825.0,18828.0,18675.0,18783.0,11072.0,207544820.0,0.0
MHImain,HKFE,2023-06-24 01:16:00,18783.0,18791.0,18738.0,18765.0,1041.0,19534182.0,0.0
MHImain,HKFE,2023-06-26 01:16:00,18726.0,19022.0,18725.0,18909.0,40817.0,770808557.0,0.0
MHImain,HKFE,2023-06-26 11:31:00,18907.0,18911.0,18766.0,18793.0,25353.0,477257793.0,0.0
MHImain,HKFE,2023-06-26 17:15:00,18797.0,18846.0,18779.0,18840.0,2155.0,40569259.0,0.0
MHImain,HKFE,2023-06-26 21:16:00,18839.0,18933.0,18797.0,18874.0,8430.0,158980193.0,0.0
MHImain,HKFE,2023-06-27 01:16:00,18875.0,19114.0,18816.0,19085.0,37190.0,706543732.0,0.0
MHImain,HKFE,2023-06-27 11:31:00,19085.0,19227.0,19041.0,19142.0,26609.0,509408970.0,0.0
MHImain,HKFE,2023-06-27 17:15:00,19140.0,19140.0,19091.0,19135.0,2733.0,52240641.0,0.0
MHImain,HKFE,2023-06-27 21:16:00,19134.0,19194.0,19102.0,19158.0,6367.0,121899870.0,0.0
MHImain,HKFE,2023-06-28 01:16:00,19159.0,19230.0,19021.0,19175.0,29680.0,567136554.0,0.0
MHImain,HKFE,2023-06-28 11:31:00,19175.0,19208.0,19076.0,19138.0,17905.0,342801079.0,0.0
MHImain,HKFE,2023-06-28 17:15:00,19063.0,19078.0,18982.0,18993.0,2149.0,40889108.0,0.0
MHImain,HKFE,2023-06-28 21:16:00,18993.0,19024.0,18923.0,19018.0,4751.0,90117418.0,0.0
MHImain,HKFE,2023-06-29 01:16:00,19018.0,19118.0,18770.0,18825.0,33835.0,640292964.0,0.0
MHImain,HKFE,2023-06-29 11:31:00,18825.0,18898.0,18752.0,18818.0,24984.0,470122212.0,0.0
MHImain,HKFE,2023-06-29 17:15:00,18825.0,18829.0,18716.0,18722.0,3819.0,71716656.0,0.0
MHImain,HKFE,2023-06-29 21:16:00,18723.0,18801.0,18718.0,18769.0,6474.0,121504057.0,0.0
MHImain,HKFE,2023-06-30 01:16:00,18771.0,18997.0,18732.0,18859.0,38648.0,729134429.0,0.0
MHImain,HKFE,2023-06-30 11:31:00,18860.0,18953.0,18781.0,18805.0,23500.0,443040567.0,0.0
MHImain,HKFE,2023-06-30 17:15:00,18816.0,18938.0,18816.0,18938.0,3815.0,72008873.0,0.0
MHImain,HKFE,2023-06-30 21:16:00,18937.0,19007.0,18885.0,18976.0,9322.0,176691141.0,0.0
MHImain,HKFE,2023-07-01 01:16:00,18975.0,18977.0,18928.0,18940.0,958.0,18155477.0,0.0
MHImain,HKFE,2023-07-03 01:16:00,18938.0,19182.0,18915.0,19166.0,39748.0,757968107.0,0.0
MHImain,HKFE,2023-07-03 11:31:00,19167.0,19303.0,19134.0,19244.0,32962.0,633337089.0,0.0
MHImain,HKFE,2023-07-03 17:15:00,19233.0,19242.0,19204.0,19224.0,2370.0,45554699.0,0.0
MHImain,HKFE,2023-07-03 21:16:00,19227.0,19306.0,19155.0,19172.0,8723.0,167743270.0,0.0
MHImain,HKFE,2023-07-04 01:16:00,19173.0,19380.0,19156.0,19316.0,37433.0,721529753.0,0.0
MHImain,HKFE,2023-07-04 11:31:00,19315.0,19364.0,19176.0,19340.0,26958.0,519967912.0,0.0
MHImain,HKFE,2023-07-04 17:15:00,19340.0,19350.0,19288.0,19297.0,2680.0,51759452.0,0.0
MHImain,HKFE,2023-07-04 21:16:00,19300.0,19311.0,19262.0,19280.0,1981.0,38210569.0,0.0
MHImain,HKFE,2023-07-05 01:16:00,19282.0,19310.0,19018.0,19040.0,39989.0,765970450.0,0.0
MHImain,HKFE,2023-07-05 11:31:00,19038.0,19108.0,18979.0,19013.0,23850.0,454108451.0,0.0
MHImain,HKFE,2023-07-05 17:15:00,19035.0,19035.0,18953.0,18994.0,2897.0,54990714.0,0.0
MHImain,HKFE,2023-07-05 21:16:00,18996.0,19015.0,18926.0,18943.0,7646.0,144972316.0,0.0
MHImain,HKFE,2023-07-06 01:16:00,18943.0,19022.0,18514.0,18580.0,52407.0,987374435.0,0.0
MHImain,HKFE,2023-07-06 11:31:00,18581.0,18612.0,18500.0,18540.0,26100.0,484565658.0,0.0
MHImain,HKFE,2023-07-06 17:15:00,18555.0,18600.0,18426.0,18438.0,5715.0,105818875.0,0.0
MHImain,HKFE,2023-07-06 21:16:00,18440.0,18515.0,18351.0,18414.0,9334.0,171898333.0,0.0
MHImain,HKFE,2023-07-07 01:16:00,18416.0,18479.0,18295.0,18398.0,37862.0,695902040.0,0.0
MHImain,HKFE,2023-07-07 11:31:00,18398.0,18565.0,18346.0,18367.0,33263.0,613538353.0,0.0
MHImain,HKFE,2023-07-07 17:15:00,18371.0,18523.0,18367.0,18458.0,5349.0,98669238.0,0.0
MHImain,HKFE,2023-07-07 21:16:00,18455.0,18785.0,18454.0,18783.0,16056.0,299084474.0,0.0
MHImain,HKFE,2023-07-08 01:16:00,18783.0,18797.0,18745.0,18754.0,2486.0,46684735.0,0.0
MHImain,HKFE,2023-07-10 01:16:00,18700.0,18820.0,18491.0,18509.0,42200.0,787971777.0,0.0
MHImain,HKFE,2023-07-10 11:31:00,18507.0,18551.0,18432.0,18545.0,22826.0,422150962.0,0.0
MHImain,HKFE,2023-07-10 17:15:00,18554.0,18561.0,18512.0,18526.0,2957.0,54807323.0,0.0
MHImain,HKFE,2023-07-10 21:16:00,18525.0,18720.0,18506.0,18687.0,13172.0,245593545.0,0.0
MHImain,HKFE,2023-07-11 01:16:00,18687.0,18848.0,18597.0,18829.0,41917.0,784277270.0,0.0
MHImain,HKFE,2023-07-11 11:31:00,18829.0,18841.0,18634.0,18644.0,26006.0,487338567.0,0.0
MHImain,HKFE,2023-07-11 17:15:00,18653.0,18718.0,18645.0,18713.0,3336.0,62367939.0,0.0
MHImain,HKFE,2023-07-11 21:16:00,18714.0,18775.0,18579.0,18719.0,11986.0,223849572.0,0.0
MHImain,HKFE,2023-07-12 01:16:00,18719.0,18973.0,18719.0,18920.0,47744.0,901334291.0,0.0
MHImain,HKFE,2023-07-12 11:31:00,18919.0,18945.0,18787.0,18862.0,26361.0,497166855.0,0.0
MHImain,HKFE,2023-07-12 17:15:00,18856.0,19107.0,18852.0,19094.0,10156.0,192919736.0,0.0
MHImain,HKFE,2023-07-12 21:16:00,19095.0,19213.0,19042.0,19212.0,14526.0,277965148.0,0.0
MHImain,HKFE,2023-07-13 01:16:00,19211.0,19414.0,19161.0,19414.0,44518.0,859112486.0,0.0
MHImain,HKFE,2023-07-13 11:31:00,19415.0,19418.0,19318.0,19398.0,24243.0,469662605.0,0.0
MHImain,HKFE,2023-07-13 17:15:00,19386.0,19440.0,19361.0,19410.0,5506.0,106838127.0,0.0
MHImain,HKFE,2023-07-13 21:16:00,19411.0,19561.0,19398.0,19556.0,12413.0,241868729.0,0.0
MHImain,HKFE,2023-07-14 01:16:00,19556.0,19595.0,19405.0,19480.0,37427.0,729226957.0,0.0
MHImain,HKFE,2023-07-14 11:31:00,19482.0,19496.0,19412.0,19455.0,19349.0,376285508.0,0.0
MHImain,HKFE,2023-07-14 17:15:00,19442.0,19450.0,19391.0,19416.0,3107.0,60331795.0,0.0
MHImain,HKFE,2023-07-14 21:16:00,19415.0,19416.0,19281.0,19310.0,11642.0,225146359.0,0.0
MHImain,HKFE,2023-07-15 01:16:00,19311.0,19338.0,19297.0,19316.0,1052.0,20321839.0,0.0
MHImain,HKFE,2023-07-18 01:16:00,19275.0,19383.0,18990.0,19054.0,41189.0,787767192.0,0.0
MHImain,HKFE,2023-07-18 11:31:00,19055.0,19097.0,19000.0,19030.0,18680.0,355736875.0,0.0
MHImain,HKFE,2023-07-18 17:15:00,19034.0,19047.0,18958.0,18989.0,3437.0,65308256.0,0.0
MHImain,HKFE,2023-07-18 21:16:00,18988.0,19045.0,18863.0,18882.0,11483.0,217713202.0,0.0
MHImain,HKFE,2023-07-19 01:16:00,18884.0,18919.0,18708.0,18748.0,40410.0,759090328.0,0.0
MHImain,HKFE,2023-07-19 11:31:00,18747.0,19026.0,18746.0,18902.0,38152.0,721457729.0,0.0
MHImain,HKFE,2023-07-19 17:15:00,18910.0,19064.0,18901.0,19056.0,5910.0,112221714.0,0.0
MHImain,HKFE,2023-07-19 21:16:00,19055.0,19149.0,18946.0,18976.0,14358.0,273362812.0,0.0
MHImain,HKFE,2023-07-20 01:16:00,18975.0,19248.0,18915.0,18996.0,46284.0,883241127.0,0.0
MHImain,HKFE,2023-07-20 11:31:00,18994.0,19063.0,18897.0,18952.0,23545.0,446709561.0,0.0
MHImain,HKFE,2023-07-20 17:15:00,18967.0,18992.0,18879.0,18888.0,4282.0,81084903.0,0.0
MHImain,HKFE,2023-07-20 21:16:00,18891.0,18975.0,18850.0,18932.0,12258.0,231787058.0,0.0
MHImain,HKFE,2023-07-21 01:16:00,18932.0,19198.0,18894.0,19103.0,44399.0,845710689.0,0.0
MHImain,HKFE,2023-07-21 11:31:00,19105.0,19107.0,18940.0,19061.0,23281.0,443186596.0,0.0
MHImain,HKFE,2023-07-21 17:15:00,19057.0,19109.0,19046.0,19068.0,2666.0,50869294.0,0.0
MHImain,HKFE,2023-07-21 21:16:00,19070.0,19099.0,18973.0,18992.0,7831.0,148982771.0,0.0
MHImain,HKFE,2023-07-22 01:16:00,18992.0,18993.0,18948.0,18956.0,1067.0,20239705.0,0.0
MHImain,HKFE,2023-07-24 01:16:00,18930.0,18960.0,18665.0,18776.0,41793.0,786940786.0,0.0
MHImain,HKFE,2023-07-24 11:31:00,18775.0,18830.0,18545.0,18676.0,34305.0,640468969.0,0.0
MHImain,HKFE,2023-07-24 17:15:00,18677.0,18768.0,18669.0,18742.0,4950.0,92718638.0,0.0
MHImain,HKFE,2023-07-24 21:16:00,18743.0,19313.0,18703.0,19220.0,29621.0,565286839.0,0.0
MHImain,HKFE,2023-07-25 01:16:00,19222.0,19356.0,19132.0,19274.0,52941.0,1019112762.0,0.0
MHImain,HKFE,2023-07-25 11:31:00,19271.0,19505.0,19268.0,19492.0,30518.0,592143855.0,0.0
MHImain,HKFE,2023-07-25 17:15:00,19486.0,19545.0,19479.0,19527.0,4131.0,80612384.0,0.0
MHImain,HKFE,2023-07-25 21:16:00,19527.0,19608.0,19336.0,19362.0,15066.0,293067837.0,0.0
MHImain,HKFE,2023-07-26 01:16:00,19361.0,19434.0,19262.0,19288.0,34950.0,676590239.0,0.0
MHImain,HKFE,2023-07-26 11:31:00,19286.0,19423.0,19282.0,19378.0,19966.0,386468453.0,0.0
MHImain,HKFE,2023-07-26 17:15:00,19361.0,19370.0,19292.0,19301.0,2929.0,56613859.0,0.0
MHImain,HKFE,2023-07-26 21:16:00,19299.0,19560.0,19276.0,19540.0,14324.0,278908647.0,0.0
MHImain,HKFE,2023-07-27 01:16:00,19540.0,19722.0,19483.0,19667.0,35673.0,699578919.0,0.0
MHImain,HKFE,2023-07-27 11:31:00,19667.0,19713.0,19552.0,19683.0,22542.0,442710115.0,0.0
MHImain,HKFE,2023-07-27 17:15:00,19712.0,19740.0,19625.0,19631.0,2440.0,48032312.0,0.0
MHImain,HKFE,2023-07-27 21:16:00,19630.0,19661.0,19454.0,19583.0,7566.0,147879525.0,0.0
MHImain,HKFE,2023-07-28 01:16:00,19580.0,19894.0,19363.0,19879.0,44534.0,873884120.0,0.0
MHImain,HKFE,2023-07-28 11:31:00,19875.0,20002.0,19821.0,19962.0,28863.0,575184982.0,0.0
MHImain,HKFE,2023-07-28 17:15:00,19942.0,20086.0,19942.0,20048.0,5304.0,106304470.0,0.0
MHImain,HKFE,2023-07-28 21:16:00,20047.0,20204.0,20035.0,20126.0,14263.0,287103079.0,0.0
MHImain,HKFE,2023-07-29 01:16:00,20125.0,20178.0,20103.0,20160.0,1380.0,27799384.0,0.0
MHImain,HKFE,2023-07-31 01:16:00,20190.0,20421.0,20173.0,20283.0,49378.0,1002753603.0,0.0
MHImain,HKFE,2023-07-31 11:31:00,20282.0,20310.0,20093.0,20201.0,32287.0,652579774.0,0.0
MHImain,HKFE,2023-07-31 17:15:00,20211.0,20280.0,20192.0,20235.0,3745.0,75774109.0,0.0
MHImain,HKFE,2023-07-31 21:16:00,20238.0,20313.0,20126.0,20284.0,12627.0,255514049.0,0.0
MHImain,HKFE,2023-08-01 01:16:00,20280.0,20404.0,20124.0,20198.0,47266.0,958115936.0,0.0
MHImain,HKFE,2023-08-01 11:31:00,20198.0,20206.0,19966.0,20028.0,32844.0,658887229.0,0.0
MHImain,HKFE,2023-08-01 17:15:00,20022.0,20091.0,19956.0,19984.0,5555.0,111135224.0,0.0
MHImain,HKFE,2023-08-01 21:16:00,19982.0,20035.0,19855.0,19894.0,13666.0,272530916.0,0.0
MHImain,HKFE,2023-08-02 01:16:00,19894.0,20033.0,19602.0,19679.0,52184.0,1035409916.0,0.0
MHImain,HKFE,2023-08-02 11:31:00,19677.0,19700.0,19485.0,19525.0,31745.0,621987079.0,0.0
MHImain,HKFE,2023-08-02 17:15:00,19512.0,19649.0,19512.0,19585.0,6195.0,121404611.0,0.0
MHImain,HKFE,2023-08-02 21:16:00,19584.0,19589.0,19350.0,19423.0,14962.0,291023859.0,0.0
MHImain,HKFE,2023-08-03 01:16:00,19422.0,19603.0,19378.0,19508.0,46069.0,897935652.0,0.0
MHImain,HKFE,2023-08-03 11:31:00,19508.0,19689.0,19392.0,19441.0,37194.0,727593052.0,0.0
MHImain,HKFE,2023-08-03 17:15:00,19458.0,19627.0,19432.0,19601.0,6842.0,133764135.0,0.0
MHImain,HKFE,2023-08-03 21:16:00,19594.0,19779.0,19591.0,19733.0,16415.0,323100534.0,0.0
MHImain,HKFE,2023-08-04 01:16:00,19733.0,19899.0,19534.0,19642.0,52488.0,1034808269.0,0.0
MHImain,HKFE,2023-08-04 11:31:00,19642.0,19725.0,19487.0,19530.0,30549.0,598742107.0,0.0
MHImain,HKFE,2023-08-04 17:15:00,19530.0,19603.0,19437.0,19585.0,7591.0,148079577.0,0.0
MHImain,HKFE,2023-08-04 21:16:00,19588.0,19673.0,19438.0,19599.0,17818.0,348652458.0,0.0
MHImain,HKFE,2023-08-05 01:16:00,19597.0,19604.0,19450.0,19455.0,2357.0,45992599.0,0.0
MHImain,HKFE,2023-08-07 01:16:00,19511.0,19594.0,19362.0,19523.0,37789.0,737244474.0,0.0
MHImain,HKFE,2023-08-07 11:31:00,19522.0,19574.0,19470.0,19530.0,21919.0,428085451.0,0.0
MHImain,HKFE,2023-08-07 17:15:00,19516.0,19576.0,19482.0,19542.0,4118.0,80402847.0,0.0
MHImain,HKFE,2023-08-07 21:16:00,19541.0,19565.0,19301.0,19374.0,15547.0,301640984.0,0.0
MHImain,HKFE,2023-08-08 01:16:00,19372.0,19420.0,19138.0,19321.0,48184.0,928403763.0,0.0
MHImain,HKFE,2023-08-08 11:31:00,19324.0,19327.0,19105.0,19144.0,27688.0,531671484.0,0.0
MHImain,HKFE,2023-08-08 17:15:00,19156.0,19156.0,18981.0,19009.0,7509.0,143025851.0,0.0
MHImain,HKFE,2023-08-08 21:16:00,19010.0,19043.0,18894.0,19032.0,14378.0,272756535.0,0.0
MHImain,HKFE,2023-08-09 01:16:00,19033.0,19283.0,19011.0,19181.0,45583.0,872225261.0,0.0
MHImain,HKFE,2023-08-09 11:31:00,19181.0,19280.0,19115.0,19239.0,23247.0,445855963.0,0.0
MHImain,HKFE,2023-08-09 17:15:00,19239.0,19284.0,19202.0,19205.0,4291.0,82596008.0,0.0
MHImain,HKFE,2023-08-09 21:16:00,19206.0,19249.0,19021.0,19124.0,16191.0,309645520.0,0.0
MHImain,HKFE,2023-08-10 01:16:00,19123.0,19221.0,19032.0,19043.0,43182.0,826039284.0,0.0
MHImain,HKFE,2023-08-10 11:31:00,19042.0,19342.0,19041.0,19256.0,35124.0,674499322.0,0.0
MHImain,HKFE,2023-08-10 17:15:00,19256.0,19384.0,19227.0,19310.0,10843.0,209475306.0,0.0
MHImain,HKFE,2023-08-10 21:16:00,19313.0,19517.0,19272.0,19304.0,21607.0,418904471.0,0.0
MHImain,HKFE,2023-08-11 01:16:00,19304.0,19357.0,19060.0,19161.0,42879.0,823111295.0,0.0
MHImain,HKFE,2023-08-11 11:31:00,19162.0,19202.0,19055.0,19085.0,25600.0,489432663.0,0.0
MHImain,HKFE,2023-08-11 17:15:00,19069.0,19074.0,18896.0,18898.0,9428.0,178782839.0,0.0
MHImain,HKFE,2023-08-11 21:16:00,18897.0,18922.0,18746.0,18786.0,15866.0,298865805.0,0.0
MHImain,HKFE,2023-08-12 01:16:00,18787.0,18856.0,18774.0,18855.0,1782.0,33517076.0,0.0
MHImain,HKFE,2023-08-14 01:16:00,18713.0,18755.0,18548.0,18635.0,46203.0,861753645.0,0.0
MHImain,HKFE,2023-08-14 11:31:00,18635.0,18831.0,18580.0,18727.0,30038.0,561364997.0,0.0
MHImain,HKFE,2023-08-14 17:15:00,18727.0,18733.0,18597.0,18611.0,5709.0,106523930.0,0.0
MHImain,HKFE,2023-08-14 21:16:00,18611.0,18752.0,18502.0,18662.0,16403.0,305281823.0,0.0
MHImain,HKFE,2023-08-15 01:16:00,18663.0,18743.0,18545.0,18578.0,46543.0,867239349.0,0.0
MHImain,HKFE,2023-08-15 11:31:00,18577.0,18677.0,18508.0,18530.0,33473.0,622530883.0,0.0
MHImain,HKFE,2023-08-15 17:15:00,18549.0,18597.0,18501.0,18568.0,5885.0,109174463.0,0.0
MHImain,HKFE,2023-08-15 21:16:00,18565.0,18572.0,18316.0,18337.0,17047.0,313667791.0,0.0
MHImain,HKFE,2023-08-16 01:16:00,18337.0,18437.0,18275.0,18356.0,41097.0,754382045.0,0.0
MHImain,HKFE,2023-08-16 11:31:00,18357.0,18367.0,18257.0,18290.0,25146.0,460538957.0,0.0
MHImain,HKFE,2023-08-16 17:15:00,18290.0,18290.0,18082.0,18088.0,10422.0,189281960.0,0.0
MHImain,HKFE,2023-08-16 21:16:00,18087.0,18166.0,18045.0,18060.0,13164.0,238236263.0,0.0
MHImain,HKFE,2023-08-17 01:16:00,18064.0,18272.0,17883.0,18269.0,54504.0,985155745.0,0.0
MHImain,HKFE,2023-08-17 11:31:00,18267.0,18389.0,18069.0,18261.0,48018.0,876845691.0,0.0
MHImain,HKFE,2023-08-17 17:15:00,18257.0,18402.0,18229.0,18349.0,9466.0,173561639.0,0.0
MHImain,HKFE,2023-08-17 21:16:00,18349.0,18360.0,18166.0,18218.0,15495.0,282515889.0,0.0
MHImain,HKFE,2023-08-18 01:16:00,18219.0,18321.0,18105.0,18143.0,39083.0,711882099.0,0.0
MHImain,HKFE,2023-08-18 11:31:00,18142.0,18148.0,17884.0,17900.0,32701.0,588596802.0,0.0
MHImain,HKFE,2023-08-18 17:15:00,17914.0,17914.0,17741.0,17782.0,9298.0,165674854.0,0.0
MHImain,HKFE,2023-08-18 21:16:00,17783.0,17847.0,17683.0,17782.0,17412.0,309193134.0,0.0
MHImain,HKFE,2023-08-19 01:16:00,17782.0,17822.0,17751.0,17795.0,1452.0,25836452.0,0.0
MHImain,HKFE,2023-08-21 01:16:00,17797.0,17860.0,17613.0,17751.0,45844.0,813631412.0,0.0
MHImain,HKFE,2023-08-21 11:31:00,17750.0,17784.0,17574.0,17622.0,29765.0,525391406.0,0.0
MHImain,HKFE,2023-08-21 17:15:00,17619.0,17691.0,17615.0,17632.0,5155.0,91017695.0,0.0
MHImain,HKFE,2023-08-21 21:16:00,17632.0,17683.0,17540.0,17633.0,12696.0,223525873.0,0.0
MHImain,HKFE,2023-08-22 01:16:00,17633.0,17785.0,17578.0,17664.0,44694.0,790700997.0,0.0
MHImain,HKFE,2023-08-22 11:31:00,17666.0,17958.0,17546.0,17744.0,50206.0,891072269.0,0.0
MHImain,HKFE,2023-08-22 17:15:00,17749.0,17841.0,17749.0,17780.0,5172.0,92073309.0,0.0
MHImain,HKFE,2023-08-22 21:16:00,17778.0,17790.0,17591.0,17593.0,12093.0,213553330.0,0.0
MHImain,HKFE,2023-08-23 01:16:00,17595.0,17841.0,17589.0,17800.0,42206.0,749908052.0,0.0
MHImain,HKFE,2023-08-23 11:31:00,17801.0,17990.0,17762.0,17868.0,38791.0,692770058.0,0.0
MHImain,HKFE,2023-08-23 17:15:00,17858.0,17869.0,17782.0,17812.0,4853.0,86475439.0,0.0
MHImain,HKFE,2023-08-23 21:16:00,17813.0,18007.0,17793.0,17986.0,13917.0,249645029.0,0.0
MHImain,HKFE,2023-08-24 01:16:00,17986.0,18177.0,17920.0,18139.0,50212.0,905004305.0,0.0
MHImain,HKFE,2023-08-24 11:31:00,18140.0,18258.0,18116.0,18196.0,30826.0,560967645.0,0.0
MHImain,HKFE,2023-08-24 17:15:00,18194.0,18194.0,18110.0,18118.0,4524.0,82114034.0,0.0
MHImain,HKFE,2023-08-24 21:16:00,18118.0,18145.0,17962.0,18012.0,14179.0,255968801.0,0.0
MHImain,HKFE,2023-08-25 01:16:00,18014.0,18080.0,17957.0,18000.0,38367.0,691343181.0,0.0
MHImain,HKFE,2023-08-25 11:31:00,18000.0,18142.0,17935.0,17957.0,31192.0,561779327.0,0.0
MHImain,HKFE,2023-08-25 17:15:00,17957.0,18036.0,17925.0,18000.0,4143.0,74520229.0,0.0
MHImain,HKFE,2023-08-25 21:16:00,18000.0,18004.0,17792.0,17922.0,17694.0,316464562.0,0.0
MHImain,HKFE,2023-08-26 01:16:00,17921.0,17970.0,17876.0,17968.0,1557.0,27907818.0,0.0
MHImain,HKFE,2023-08-28 01:16:00,18383.0,18542.0,18246.0,18271.0,43859.0,805849865.0,0.0
MHImain,HKFE,2023-08-28 11:31:00,18271.0,18296.0,18105.0,18151.0,26465.0,481179135.0,0.0
MHImain,HKFE,2023-08-28 17:15:00,18145.0,18229.0,18128.0,18223.0,3024.0,54939630.0,0.0
MHImain,HKFE,2023-08-28 21:16:00,18223.0,18344.0,18164.0,18318.0,10573.0,193208270.0,0.0
MHImain,HKFE,2023-08-29 01:16:00,18318.0,18565.0,18250.0,18546.0,34796.0,639270518.0,0.0
MHImain,HKFE,2023-08-29 11:31:00,18546.0,18613.0,18450.0,18468.0,26270.0,486690045.0,0.0
MHImain,HKFE,2023-08-29 17:15:00,18419.0,18587.0,18396.0,18477.0,4495.0,83210333.0,0.0
MHImain,HKFE,2023-08-29 21:16:00,18478.0,18663.0,18420.0,18630.0,7297.0,135548785.0,0.0
MHImain,HKFE,2023-08-30 01:16:00,18630.0,18708.0,18492.0,18499.0,36126.0,672033511.0,0.0
MHImain,HKFE,2023-08-30 11:31:00,18499.0,18553.0,18367.0,18376.0,22369.0,413108508.0,0.0
MHImain,HKFE,2023-08-30 17:15:00,18376.0,18499.0,18373.0,18472.0,4727.0,87178223.0,0.0
MHImain,HKFE,2023-08-30 21:16:00,18472.0,18587.0,18447.0,18544.0,13165.0,243761877.0,0.0
MHImain,HKFE,2023-08-31 01:16:00,18544.0,18614.0,18333.0,18376.0,39194.0,724940068.0,0.0
MHImain,HKFE,2023-08-31 11:31:00,18375.0,18415.0,18267.0,18305.0,26075.0,478401903.0,0.0
MHImain,HKFE,2023-08-31 17:15:00,18590.0,18590.0,18217.0,18418.0,8938.0,163903768.0,0.0
MHImain,HKFE,2023-08-31 21:16:00,18418.0,18442.0,18281.0,18348.0,11399.0,209422000.0,0.0
MHImain,HKFE,2023-09-01 01:16:00,18348.0,18403.0,18343.0,18350.0,1298.0,23841193.0,0.0
MHImain,HKFE,2023-09-04 01:16:00,18590.0,18897.0,18516.0,18863.0,48787.0,912812811.0,0.0
MHImain,HKFE,2023-09-04 11:31:00,18863.0,18875.0,18779.0,18802.0,19800.0,372733890.0,0.0
MHImain,HKFE,2023-09-04 17:15:00,18809.0,18820.0,18752.0,18762.0,3376.0,63428300.0,0.0
MHImain,HKFE,2023-09-04 21:16:00,18762.0,18774.0,18704.0,18714.0,4078.0,76379503.0,0.0
MHImain,HKFE,2023-09-05 01:16:00,18716.0,18726.0,18505.0,18539.0,33674.0,626096175.0,0.0
MHImain,HKFE,2023-09-05 11:31:00,18538.0,18604.0,18378.0,18416.0,28991.0,535878531.0,0.0
MHImain,HKFE,2023-09-05 17:15:00,18424.0,18523.0,18424.0,18503.0,3943.0,72870737.0,0.0
MHImain,HKFE,2023-09-05 21:16:00,18502.0,18533.0,18383.0,18414.0,10426.0,192324304.0,0.0
MHImain,HKFE,2023-09-06 01:16:00,18414.0,18453.0,18217.0,18283.0,35376.0,647800118.0,0.0
MHImain,HKFE,2023-09-06 11:31:00,18284.0,18470.0,18268.0,18430.0,30070.0,552826606.0,0.0
MHImain,HKFE,2023-09-06 17:15:00,18425.0,18475.0,18415.0,18423.0,3535.0,65215945.0,0.0
MHImain,HKFE,2023-09-06 21:16:00,18421.0,18572.0,18392.0,18420.0,13654.0,252205597.0,0.0
MHImain,HKFE,2023-09-07 01:16:00,18420.0,18463.0,18226.0,18262.0,33862.0,619921201.0,0.0
MHImain,HKFE,2023-09-07 11:31:00,18262.0,18278.0,18147.0,18158.0,25390.0,462298320.0,0.0
MHImain,HKFE,2023-09-07 17:15:00,18166.0,18190.0,18072.0,18082.0,5073.0,91941432.0,0.0
MHImain,HKFE,2023-09-07 21:16:00,18082.0,18084.0,17923.0,17982.0,13229.0,238034609.0,0.0
MHImain,HKFE,2023-09-08 01:16:00,17987.0,18006.0,17957.0,17967.0,825.0,14833155.0,0.0
MHImain,HKFE,2023-09-11 01:16:00,17950.0,18027.0,17846.0,17930.0,37363.0,670490520.0,0.0
MHImain,HKFE,2023-09-11 11:31:00,17929.0,18192.0,17884.0,18116.0,36276.0,655053176.0,0.0
MHImain,HKFE,2023-09-11 17:15:00,18117.0,18132.0,18060.0,18110.0,3380.0,61163867.0,0.0
MHImain,HKFE,2023-09-11 21:16:00,18112.0,18162.0,18023.0,18075.0,8020.0,144937757.0,0.0
MHImain,HKFE,2023-09-12 01:16:00,18075.0,18177.0,17893.0,18103.0,41811.0,753302466.0,0.0
MHImain,HKFE,2023-09-12 11:31:00,18103.0,18137.0,18029.0,18092.0,20662.0,373663629.0,0.0
MHImain,HKFE,2023-09-12 17:15:00,18085.0,18095.0,18032.0,18034.0,2652.0,47900222.0,0.0
MHImain,HKFE,2023-09-12 21:16:00,18034.0,18172.0,18018.0,18155.0,9886.0,179196964.0,0.0
MHImain,HKFE,2023-09-13 01:16:00,18156.0,18230.0,17955.0,17986.0,40316.0,729409654.0,0.0
MHImain,HKFE,2023-09-13 11:31:00,17985.0,18077.0,17980.0,18060.0,21617.0,389792433.0,0.0
MHImain,HKFE,2023-09-13 17:15:00,18050.0,18123.0,18005.0,18052.0,5425.0,97992777.0,0.0
MHImain,HKFE,2023-09-13 21:16:00,18054.0,18125.0,18030.0,18081.0,8239.0,148959266.0,0.0
MHImain,HKFE,2023-09-14 01:16:00,18081.0,18205.0,17942.0,17997.0,39139.0,706796678.0,0.0
MHImain,HKFE,2023-09-14 11:31:00,17996.0,18173.0,17974.0,18072.0,28802.0,520782350.0,0.0
MHImain,HKFE,2023-09-14 17:15:00,18087.0,18187.0,18066.0,18155.0,7006.0,127076770.0,0.0
MHImain,HKFE,2023-09-14 21:16:00,18155.0,18227.0,18080.0,18192.0,11827.0,214818087.0,0.0
MHImain,HKFE,2023-09-15 01:16:00,18193.0,18411.0,18052.0,18377.0,55731.0,1017186153.0,0.0
MHImain,HKFE,2023-09-15 11:31:00,18377.0,18418.0,18157.0,18187.0,30512.0,557909532.0,0.0
MHImain,HKFE,2023-09-15 17:15:00,18187.0,18188.0,18127.0,18148.0,3397.0,61668269.0,0.0
MHImain,HKFE,2023-09-15 21:16:00,18147.0,18178.0,18061.0,18067.0,9851.0,178466946.0,0.0
MHImain,HKFE,2023-09-16 01:16:00,18067.0,18086.0,18054.0,18072.0,1262.0,22806070.0,0.0
MHImain,HKFE,2023-09-18 01:16:00,18056.0,18129.0,17879.0,18002.0,44408.0,800773028.0,0.0
MHImain,HKFE,2023-09-18 11:31:00,18001.0,18059.0,17900.0,17942.0,20636.0,371369430.0,0.0
MHImain,HKFE,2023-09-18 17:15:00,17943.0,17956.0,17905.0,17921.0,2868.0,51418175.0,0.0
MHImain,HKFE,2023-09-18 21:16:00,17922.0,17973.0,17856.0,17968.0,8929.0,159993153.0,0.0
MHImain,HKFE,2023-09-19 01:16:00,17968.0,18004.0,17835.0,17980.0,35506.0,636165052.0,0.0
MHImain,HKFE,2023-09-19 11:31:00,17980.0,18033.0,17889.0,18008.0,22172.0,398210973.0,0.0
MHImain,HKFE,2023-09-19 17:15:00,18008.0,18054.0,17976.0,17978.0,3684.0,66406249.0,0.0
MHImain,HKFE,2023-09-19 21:16:00,17980.0,18033.0,17931.0,17946.0,7575.0,136190839.0,0.0
MHImain,HKFE,2023-09-20 01:16:00,17943.0,18025.0,17884.0,17910.0,34816.0,624876129.0,0.0
MHImain,HKFE,2023-09-20 11:31:00,17909.0,18016.0,17838.0,17929.0,24732.0,443207122.0,0.0
MHImain,HKFE,2023-09-20 17:15:00,17923.0,17993.0,17922.0,17978.0,2718.0,48803148.0,0.0
MHImain,HKFE,2023-09-20 21:16:00,17978.0,18068.0,17968.0,18032.0,7969.0,143722912.0,0.0
MHImain,HKFE,2023-09-21 01:16:00,18032.0,18037.0,17636.0,17656.0,38537.0,683738436.0,0.0
MHImain,HKFE,2023-09-21 11:31:00,17655.0,17702.0,17619.0,17668.0,18230.0,321918414.0,0.0
MHImain,HKFE,2023-09-21 17:15:00,17658.0,17658.0,17546.0,17571.0,5500.0,96729374.0,0.0
MHImain,HKFE,2023-09-21 21:16:00,17569.0,17636.0,17549.0,17583.0,8493.0,149378724.0,0.0
MHImain,HKFE,2023-09-22 01:16:00,17583.0,17895.0,17517.0,17872.0,46798.0,829234562.0,0.0
MHImain,HKFE,2023-09-22 11:31:00,17871.0,18120.0,17818.0,18090.0,36062.0,647451954.0,0.0
MHImain,HKFE,2023-09-22 17:15:00,18094.0,18178.0,18085.0,18162.0,5474.0,99256424.0,0.0
MHImain,HKFE,2023-09-22 21:16:00,18162.0,18163.0,18018.0,18037.0,11329.0,204857784.0,0.0
MHImain,HKFE,2023-09-23 01:16:00,18037.0,18053.0,18013.0,18050.0,1133.0,20426801.0,0.0
MHImain,HKFE,2023-09-25 01:16:00,18065.0,18080.0,17773.0,17831.0,32116.0,574483940.0,0.0
MHImain,HKFE,2023-09-25 11:31:00,17830.0,17862.0,17690.0,17701.0,20104.0,357562124.0,0.0
MHImain,HKFE,2023-09-25 17:15:00,17698.0,17715.0,17619.0,17629.0,3676.0,64972316.0,0.0
MHImain,HKFE,2023-09-25 21:16:00,17630.0,17756.0,17628.0,17739.0,7444.0,131749717.0,0.0
MHImain,HKFE,2023-09-26 01:16:00,17739.0,17742.0,17567.0,17578.0,29572.0,521303283.0,0.0
MHImain,HKFE,2023-09-26 11:31:00,17581.0,17616.0,17381.0,17532.0,23479.0,411241460.0,0.0
MHImain,HKFE,2023-09-26 17:15:00,17515.0,17553.0,17486.0,17522.0,3514.0,61557033.0,0.0
MHImain,HKFE,2023-09-26 21:16:00,17522.0,17605.0,17502.0,17516.0,6665.0,116952979.0,0.0
MHImain,HKFE,2023-09-27 01:16:00,17512.0,17683.0,17457.0,17675.0,29752.0,523363176.0,0.0
MHImain,HKFE,2023-09-27 11:31:00,17675.0,17688.0,17557.0,17626.0,18025.0,317474527.0,0.0
MHImain,HKFE,2023-09-27 17:15:00,17671.0,17697.0,17642.0,17693.0,1483.0,26195786.0,0.0
MHImain,HKFE,2023-09-27 21:16:00,17694.0,17697.0,17552.0,17556.0,3877.0,68275966.0,0.0
MHImain,HKFE,2023-09-28 01:16:00,17556.0,17673.0,17416.0,17447.0,30027.0,526459821.0,0.0
MHImain,HKFE,2023-09-28 11:31:00,17445.0,17512.0,17389.0,17405.0,16983.0,296175877.0,0.0
MHImain,HKFE,2023-09-28 17:15:00,17400.0,17503.0,17382.0,17453.0,5088.0,88792042.0,0.0
MHImain,HKFE,2023-09-28 21:16:00,17452.0,17581.0,17413.0,17554.0,8449.0,147853295.0,0.0
MHImain,HKFE,2023-09-29 01:16:00,17551.0,17890.0,17498.0,17848.0,34876.0,619112327.0,0.0
MHImain,HKFE,2023-09-29 11:31:00,17848.0,17996.0,17848.0,17896.0,22370.0,400662373.0,0.0
MHImain,HKFE,2023-09-29 17:15:00,17885.0,17923.0,17856.0,17905.0,2834.0,50700049.0,0.0
MHImain,HKFE,2023-09-29 21:16:00,17905.0,17912.0,17701.0,17719.0,9844.0,175002939.0,0.0
MHImain,HKFE,2023-09-30 01:16:00,17718.0,17760.0,17705.0,17753.0,1156.0,20491263.0,0.0
MHImain,HKFE,2023-10-03 01:16:00,17690.0,17693.0,17246.0,17270.0,39835.0,692813977.0,0.0
MHImain,HKFE,2023-10-03 11:31:00,17270.0,17390.0,17237.0,17354.0,21827.0,377910138.0,0.0
MHImain,HKFE,2023-10-03 17:15:00,17352.0,17365.0,17262.0,17285.0,4502.0,77943930.0,0.0
MHImain,HKFE,2023-10-03 21:16:00,17282.0,17354.0,17257.0,17333.0,10573.0,183068951.0,0.0
MHImain,HKFE,2023-10-04 01:16:00,17329.0,17359.0,17138.0,17251.0,36305.0,625984888.0,0.0
MHImain,HKFE,2023-10-04 11:31:00,17251.0,17258.0,17133.0,17248.0,19344.0,332648531.0,0.0
MHImain,HKFE,2023-10-04 17:15:00,17259.0,17373.0,17259.0,17326.0,6451.0,111647988.0,0.0
MHImain,HKFE,2023-10-04 21:16:00,17328.0,17328.0,17197.0,17254.0,8828.0,152338338.0,0.0
MHImain,HKFE,2023-10-05 01:16:00,17254.0,17365.0,17203.0,17355.0,30125.0,521050096.0,0.0
MHImain,HKFE,2023-10-05 11:31:00,17356.0,17372.0,17220.0,17260.0,17707.0,306289807.0,0.0
MHImain,HKFE,2023-10-05 17:15:00,17258.0,17268.0,17184.0,17233.0,4262.0,73453585.0,0.0
MHImain,HKFE,2023-10-05 21:16:00,17231.0,17313.0,17230.0,17308.0,6860.0,118451622.0,0.0
MHImain,HKFE,2023-10-06 01:16:00,17304.0,17662.0,17302.0,17614.0,40594.0,711702657.0,0.0
MHImain,HKFE,2023-10-06 11:31:00,17614.0,17616.0,17477.0,17540.0,18784.0,329268267.0,0.0
MHImain,HKFE,2023-10-06 17:15:00,17519.0,17565.0,17402.0,17454.0,6733.0,117642424.0,0.0
MHImain,HKFE,2023-10-06 21:16:00,17453.0,17742.0,17425.0,17704.0,17740.0,311837295.0,0.0
MHImain,HKFE,2023-10-07 01:16:00,17704.0,17750.0,17695.0,17725.0,1691.0,29971080.0,0.0
MHImain,HKFE,2023-10-09 01:16:00,17725.0,17725.0,17725.0,17725.0,0.0,0.0,0.0
MHImain,HKFE,2023-10-09 11:31:00,17725.0,17725.0,17471.0,17572.0,30662.0,538944916.0,0.0
MHImain,HKFE,2023-10-09 17:15:00,17581.0,17628.0,17515.0,17522.0,4001.0,70290730.0,0.0
MHImain,HKFE,2023-10-09 21:16:00,17522.0,17578.0,17497.0,17562.0,7598.0,133234237.0,0.0
MHImain,HKFE,2023-10-10 01:16:00,17565.0,17975.0,17564.0,17791.0,44272.0,790850187.0,0.0
MHImain,HKFE,2023-10-10 11:31:00,17791.0,17886.0,17677.0,17875.0,26945.0,478399151.0,0.0
MHImain,HKFE,2023-10-10 17:15:00,17855.0,17888.0,17808.0,17862.0,5073.0,90540535.0,0.0
MHImain,HKFE,2023-10-10 21:16:00,17862.0,18007.0,17826.0,17957.0,10942.0,196356768.0,0.0
MHImain,HKFE,2023-10-11 01:16:00,17956.0,18066.0,17931.0,17970.0,38527.0,693268625.0,0.0
MHImain,HKFE,2023-10-11 11:31:00,17970.0,18077.0,17915.0,17937.0,26446.0,475865621.0,0.0
MHImain,HKFE,2023-10-11 17:15:00,17944.0,18168.0,17920.0,18114.0,8663.0,156427907.0,0.0
MHImain,HKFE,2023-10-11 21:16:00,18116.0,18224.0,18084.0,18099.0,12793.0,232268432.0,0.0
MHImain,HKFE,2023-10-12 01:16:00,18097.0,18390.0,18075.0,18303.0,33713.0,615944842.0,0.0
MHImain,HKFE,2023-10-12 11:31:00,18302.0,18342.0,18246.0,18281.0,19786.0,361941211.0,0.0
MHImain,HKFE,2023-10-12 17:15:00,18281.0,18307.0,18186.0,18203.0,5921.0,108019517.0,0.0
MHImain,HKFE,2023-10-12 21:16:00,18204.0,18218.0,17964.0,17964.0,13927.0,251692121.0,0.0
MHImain,HKFE,2023-10-13 01:16:00,17967.0,18044.0,17891.0,17896.0,33881.0,608877823.0,0.0
MHImain,HKFE,2023-10-13 11:31:00,17897.0,17905.0,17793.0,17812.0,23911.0,426909884.0,0.0
MHImain,HKFE,2023-10-13 17:15:00,17807.0,17816.0,17684.0,17794.0,8004.0,142094254.0,0.0
MHImain,HKFE,2023-10-13 21:16:00,17795.0,17869.0,17702.0,17718.0,10609.0,188663589.0,0.0
MHImain,HKFE,2023-10-14 01:16:00,17719.0,17750.0,17705.0,17746.0,1321.0,23414434.0,0.0
MHImain,HKFE,2023-10-16 01:16:00,17807.0,17887.0,17723.0,17747.0,32416.0,576775665.0,0.0
MHImain,HKFE,2023-10-16 11:31:00,17745.0,17782.0,17626.0,17681.0,21219.0,375177100.0,0.0
MHImain,HKFE,2023-10-16 17:15:00,17683.0,17729.0,17672.0,17710.0,3695.0,65408915.0,0.0
MHImain,HKFE,2023-10-16 21:16:00,17712.0,17914.0,17640.0,17896.0,14321.0,254794337.0,0.0
MHImain,HKFE,2023-10-17 01:16:00,17895.0,17900.0,17696.0,17819.0,33571.0,597039616.0,0.0
MHImain,HKFE,2023-10-17 11:31:00,17820.0,17825.0,17746.0,17802.0,18573.0,330436715.0,0.0
MHImain,HKFE,2023-10-17 17:15:00,17785.0,17805.0,17675.0,17693.0,5720.0,101478043.0,0.0
MHImain,HKFE,2023-10-17 21:16:00,17692.0,17872.0,17678.0,17819.0,11807.0,210018231.0,0.0
MHImain,HKFE,2023-10-18 01:16:00,17817.0,17870.0,17637.0,17773.0,41122.0,730868505.0,0.0
MHImain,HKFE,2023-10-18 11:31:00,17774.0,17827.0,17729.0,17756.0,21162.0,376090402.0,0.0
MHImain,HKFE,2023-10-18 17:15:00,17766.0,17766.0,17659.0,17670.0,4857.0,85964738.0,0.0
MHImain,HKFE,2023-10-18 21:16:00,17670.0,17703.0,17557.0,17604.0,10132.0,178588353.0,0.0
MHImain,HKFE,2023-10-19 01:16:00,17601.0,17611.0,17364.0,17378.0,35620.0,621584193.0,0.0
MHImain,HKFE,2023-10-19 11:31:00,17376.0,17408.0,17251.0,17293.0,23055.0,399875667.0,0.0
MHImain,HKFE,2023-10-19 17:15:00,17291.0,17343.0,17254.0,17340.0,4837.0,83687496.0,0.0
MHImain,HKFE,2023-10-19 21:16:00,17339.0,17438.0,17310.0,17398.0,13100.0,227444816.0,0.0
MHImain,HKFE,2023-10-20 01:16:00,17401.0,17433.0,17048.0,17232.0,42730.0,735068288.0,0.0
MHImain,HKFE,2023-10-20 11:31:00,17233.0,17254.0,17123.0,17170.0,21486.0,369272265.0,0.0
MHImain,HKFE,2023-10-20 17:15:00,17164.0,17170.0,17063.0,17082.0,4408.0,75405707.0,0.0
MHImain,HKFE,2023-10-20 21:16:00,17082.0,17148.0,17022.0,17045.0,9635.0,164588791.0,0.0
MHImain,HKFE,2023-10-21 01:16:00,17044.0,17075.0,17010.0,17043.0,1291.0,21997139.0,0.0
MHImain,HKFE,2023-10-24 01:16:00,17013.0,17154.0,16877.0,17027.0,45664.0,777159068.0,0.0
MHImain,HKFE,2023-10-24 11:31:00,17026.0,17124.0,16960.0,16960.0,22693.0,386698564.0,0.0
MHImain,HKFE,2023-10-24 17:15:00,16969.0,17169.0,16969.0,17150.0,6916.0,118018031.0,0.0
MHImain,HKFE,2023-10-24 21:16:00,17150.0,17460.0,17113.0,17439.0,21967.0,381063092.0,0.0
MHImain,HKFE,2023-10-25 01:16:00,17439.0,17552.0,17260.0,17265.0,45232.0,787535775.0,0.0
MHImain,HKFE,2023-10-25 11:31:00,17266.0,17325.0,17003.0,17128.0,38111.0,654198451.0,0.0
MHImain,HKFE,2023-10-25 17:15:00,17123.0,17173.0,17080.0,17127.0,4822.0,82634486.0,0.0
MHImain,HKFE,2023-10-25 21:16:00,17125.0,17234.0,17048.0,17140.0,13045.0,223593538.0,0.0
MHImain,HKFE,2023-10-26 01:16:00,17140.0,17177.0,16922.0,16947.0,38663.0,658919043.0,0.0
MHImain,HKFE,2023-10-26 11:31:00,16948.0,17095.0,16922.0,17047.0,28977.0,493221170.0,0.0
MHImain,HKFE,2023-10-26 17:15:00,17036.0,17090.0,16984.0,17065.0,5906.0,100609153.0,0.0
MHImain,HKFE,2023-10-26 21:16:00,17064.0,17175.0,17027.0,17095.0,14565.0,249021284.0,0.0
MHImain,HKFE,2023-10-27 01:16:00,17092.0,17353.0,17049.0,17214.0,37883.0,652617820.0,0.0
MHImain,HKFE,2023-10-27 11:31:00,17215.0,17509.0,17204.0,17410.0,28689.0,498592266.0,0.0
MHImain,HKFE,2023-10-27 17:15:00,17439.0,17459.0,17358.0,17408.0,2732.0,47561896.0,0.0
MHImain,HKFE,2023-10-27 21:16:00,17409.0,17436.0,17222.0,17230.0,5993.0,103723673.0,0.0
MHImain,HKFE,2023-10-28 01:16:00,17230.0,17241.0,17200.0,17200.0,939.0,16173435.0,0.0
MHImain,HKFE,2023-10-30 01:16:00,17251.0,17434.0,17233.0,17408.0,36537.0,633560734.0,0.0
MHImain,HKFE,2023-10-30 11:31:00,17409.0,17504.0,17331.0,17471.0,23053.0,401026116.0,0.0
MHImain,HKFE,2023-10-30 17:15:00,17485.0,17590.0,17472.0,17532.0,6910.0,121283312.0,0.0
MHImain,HKFE,2023-10-30 21:16:00,17531.0,17550.0,17333.0,17339.0,14563.0,253792836.0,0.0
MHImain,HKFE,2023-10-31 01:16:00,17341.0,17405.0,17110.0,17156.0,41568.0,717100253.0,0.0
MHImain,HKFE,2023-10-31 11:31:00,17155.0,17188.0,17048.0,17143.0,26809.0,459026159.0,0.0
MHImain,HKFE,2023-10-31 17:15:00,17155.0,17246.0,17122.0,17126.0,6867.0,118040618.0,0.0
MHImain,HKFE,2023-10-31 21:16:00,17125.0,17182.0,16977.0,17026.0,16326.0,278896973.0,0.0
MHImain,HKFE,2023-11-01 01:16:00,17026.0,17213.0,16990.0,17156.0,43514.0,743974499.0,0.0
MHImain,HKFE,2023-11-01 11:31:00,17157.0,17166.0,17066.0,17088.0,21083.0,360944758.0,0.0
MHImain,HKFE,2023-11-01 17:15:00,17089.0,17134.0,17054.0,17115.0,4525.0,77339919.0,0.0
MHImain,HKFE,2023-11-01 21:16:00,17116.0,17200.0,17075.0,17143.0,12142.0,208077711.0,0.0
MHImain,HKFE,2023-11-02 01:16:00,17140.0,17486.0,17076.0,17313.0,46208.0,801290695.0,0.0
MHImain,HKFE,2023-11-02 11:31:00,17313.0,17332.0,17198.0,17299.0,25189.0,434710173.0,0.0
MHImain,HKFE,2023-11-02 17:15:00,17300.0,17430.0,17293.0,17414.0,7318.0,127101390.0,0.0
MHImain,HKFE,2023-11-02 21:16:00,17414.0,17475.0,17355.0,17425.0,14286.0,248777560.0,0.0
MHImain,HKFE,2023-11-03 01:16:00,17425.0,17678.0,17396.0,17618.0,50549.0,886279378.0,0.0
MHImain,HKFE,2023-11-03 11:31:00,17619.0,17752.0,17573.0,17656.0,29732.0,525427790.0,0.0
MHImain,HKFE,2023-11-03 17:15:00,17651.0,17760.0,17625.0,17731.0,7559.0,133689417.0,0.0
MHImain,HKFE,2023-11-03 21:16:00,17732.0,17887.0,17732.0,17844.0,15319.0,273034672.0,0.0
MHImain,HKFE,2023-11-04 01:16:00,17843.0,17878.0,17828.0,17860.0,1515.0,27050045.0,0.0
MHImain,HKFE,2023-11-06 01:16:00,17917.0,18072.0,17875.0,18023.0,39862.0,717044310.0,0.0
MHImain,HKFE,2023-11-06 11:31:00,18020.0,18028.0,17919.0,17992.0,24514.0,440894872.0,0.0
MHImain,HKFE,2023-11-06 17:15:00,18000.0,18039.0,17954.0,17968.0,4436.0,79843011.0,0.0
MHImain,HKFE,2023-11-06 21:16:00,17968.0,17989.0,17846.0,17917.0,9345.0,167474441.0,0.0
MHImain,HKFE,2023-11-07 01:16:00,17918.0,17922.0,17704.0,17728.0,35741.0,636578557.0,0.0
MHImain,HKFE,2023-11-07 11:31:00,17727.0,17798.0,17679.0,17710.0,23692.0,420035614.0,0.0
MHImain,HKFE,2023-11-07 17:15:00,17734.0,17738.0,17686.0,17721.0,3594.0,63649642.0,0.0
MHImain,HKFE,2023-11-07 21:16:00,17722.0,17796.0,17600.0,17711.0,13846.0,244989869.0,0.0
MHImain,HKFE,2023-11-08 01:16:00,17713.0,17783.0,17620.0,17756.0,37063.0,656313515.0,0.0
MHImain,HKFE,2023-11-08 11:31:00,17757.0,17757.0,17557.0,17621.0,29314.0,516654757.0,0.0
MHImain,HKFE,2023-11-08 17:15:00,17610.0,17627.0,17565.0,17614.0,3559.0,62629515.0,0.0
MHImain,HKFE,2023-11-08 21:16:00,17615.0,17727.0,17586.0,17636.0,12144.0,214386392.0,0.0
MHImain,HKFE,2023-11-09 01:16:00,17637.0,17657.0,17481.0,17543.0,41717.0,732866048.0,0.0
MHImain,HKFE,2023-11-09 11:31:00,17544.0,17593.0,17490.0,17503.0,18426.0,323370587.0,0.0
MHImain,HKFE,2023-11-09 17:15:00,17495.0,17544.0,17495.0,17533.0,2898.0,50787171.0,0.0
MHImain,HKFE,2023-11-09 21:16:00,17534.0,17625.0,17508.0,17529.0,10029.0,176178535.0,0.0
MHImain,HKFE,2023-11-10 01:16:00,17527.0,17535.0,17215.0,17267.0,39762.0,687720700.0,0.0
MHImain,HKFE,2023-11-10 11:31:00,17266.0,17299.0,17200.0,17223.0,20509.0,353763173.0,0.0
MHImain,HKFE,2023-11-10 17:15:00,17218.0,17244.0,17175.0,17238.0,3986.0,68590624.0,0.0
MHImain,HKFE,2023-11-10 21:16:00,17238.0,17286.0,17191.0,17252.0,9679.0,166889889.0,0.0
MHImain,HKFE,2023-11-11 01:16:00,17253.0,17328.0,17253.0,17324.0,1961.0,33910107.0,0.0
MHImain,HKFE,2023-11-13 01:16:00,17339.0,17364.0,17136.0,17176.0,34433.0,594223007.0,0.0
MHImain,HKFE,2023-11-13 11:31:00,17176.0,17505.0,17167.0,17498.0,32913.0,569943225.0,0.0
MHImain,HKFE,2023-11-13 17:15:00,17491.0,17537.0,17453.0,17460.0,5497.0,96162311.0,0.0
MHImain,HKFE,2023-11-13 21:16:00,17459.0,17658.0,17439.0,17600.0,12285.0,215387471.0,0.0
MHImain,HKFE,2023-11-14 01:16:00,17600.0,17615.0,17384.0,17406.0,40952.0,716481579.0,0.0
MHImain,HKFE,2023-11-14 11:31:00,17407.0,17510.0,17381.0,17403.0,21115.0,368308248.0,0.0
MHImain,HKFE,2023-11-14 17:15:00,17414.0,17564.0,17414.0,17490.0,6767.0,118380880.0,0.0
MHImain,HKFE,2023-11-14 21:16:00,17490.0,17888.0,17467.0,17812.0,24894.0,441493776.0,0.0
MHImain,HKFE,2023-11-15 01:16:00,17812.0,17954.0,17800.0,17907.0,40395.0,722086338.0,0.0
MHImain,HKFE,2023-11-15 11:31:00,17905.0,18154.0,17892.0,18118.0,34826.0,627899398.0,0.0
MHImain,HKFE,2023-11-15 17:15:00,18120.0,18267.0,18096.0,18253.0,9221.0,167616230.0,0.0
MHImain,HKFE,2023-11-15 21:16:00,18253.0,18430.0,18129.0,18344.0,26235.0,479598049.0,0.0
MHImain,HKFE,2023-11-16 01:16:00,18344.0,18347.0,17738.0,17790.0,58023.0,1040561557.0,0.0
MHImain,HKFE,2023-11-16 11:31:00,17791.0,17959.0,17787.0,17844.0,31030.0,554641404.0,0.0
MHImain,HKFE,2023-11-16 17:15:00,17860.0,17873.0,17570.0,17655.0,14889.0,263580577.0,0.0
MHImain,HKFE,2023-11-16 21:16:00,17653.0,17814.0,17548.0,17607.0,24019.0,424475753.0,0.0
MHImain,HKFE,2023-11-17 01:16:00,17607.0,17655.0,17473.0,17489.0,36356.0,638356835.0,0.0
MHImain,HKFE,2023-11-17 11:31:00,17489.0,17506.0,17430.0,17494.0,20291.0,354504227.0,0.0
MHImain,HKFE,2023-11-17 17:15:00,17497.0,17646.0,17497.0,17633.0,10591.0,186211099.0,0.0
MHImain,HKFE,2023-11-17 21:16:00,17633.0,17715.0,17560.0,17632.0,14870.0,262127955.0,0.0
MHImain,HKFE,2023-11-18 01:16:00,17631.0,17665.0,17630.0,17665.0,1569.0,27692928.0,0.0
MHImain,HKFE,2023-11-20 01:16:00,17699.0,17814.0,17559.0,17756.0,36832.0,650501866.0,0.0
MHImain,HKFE,2023-11-20 11:31:00,17758.0,17824.0,17695.0,17768.0,27021.0,480135312.0,0.0
MHImain,HKFE,2023-11-20 17:15:00,17775.0,17847.0,17775.0,17841.0,4673.0,83284063.0,0.0
MHImain,HKFE,2023-11-20 21:16:00,17840.0,17998.0,17813.0,17965.0,12533.0,224692088.0,0.0
MHImain,HKFE,2023-11-21 01:16:00,17965.0,18098.0,17931.0,17983.0,38313.0,690330367.0,0.0
MHImain,HKFE,2023-11-21 11:31:00,17983.0,18021.0,17712.0,17749.0,33860.0,604612532.0,0.0
MHImain,HKFE,2023-11-21 17:15:00,17736.0,17766.0,17671.0,17738.0,5683.0,100705394.0,0.0
MHImain,HKFE,2023-11-21 21:16:00,17739.0,17807.0,17628.0,17693.0,15011.0,265972663.0,0.0
MHImain,HKFE,2023-11-22 01:16:00,17694.0,17822.0,17656.0,17751.0,31783.0,564193684.0,0.0
MHImain,HKFE,2023-11-22 11:31:00,17751.0,17789.0,17666.0,17744.0,19706.0,349319338.0,0.0
MHImain,HKFE,2023-11-22 17:15:00,17756.0,17799.0,17728.0,17764.0,4257.0,75661921.0,0.0
MHImain,HKFE,2023-11-22 21:16:00,17764.0,17779.0,17614.0,17689.0,12764.0,225890888.0,0.0
MHImain,HKFE,2023-11-23 01:16:00,17688.0,17747.0,17589.0,17676.0,32232.0,569928724.0,0.0
MHImain,HKFE,2023-11-23 11:31:00,17678.0,17955.0,17648.0,17917.0,35493.0,632042558.0,0.0
MHImain,HKFE,2023-11-23 17:15:00,17908.0,17968.0,17861.0,17864.0,5700.0,102091940.0,0.0
MHImain,HKFE,2023-11-23 21:16:00,17864.0,17901.0,17838.0,17873.0,5463.0,97617893.0,0.0
MHImain,HKFE,2023-11-24 01:16:00,17873.0,17873.0,17607.0,17651.0,30982.0,548163154.0,0.0
MHImain,HKFE,2023-11-24 11:31:00,17651.0,17698.0,17542.0,17590.0,24070.0,423916143.0,0.0
MHImain,HKFE,2023-11-24 17:15:00,17594.0,17608.0,17571.0,17592.0,2517.0,44274968.0,0.0
MHImain,HKFE,2023-11-24 21:16:00,17594.0,17704.0,17565.0,17676.0,9505.0,167774365.0,0.0
MHImain,HKFE,2023-11-25 01:16:00,17676.0,17706.0,17665.0,17690.0,1252.0,22143088.0,0.0
MHImain,HKFE,2023-11-27 01:16:00,17628.0,17700.0,17359.0,17365.0,31332.0,548215575.0,0.0
MHImain,HKFE,2023-11-27 11:31:00,17364.0,17577.0,17358.0,17565.0,24765.0,433115658.0,0.0
MHImain,HKFE,2023-11-27 17:15:00,17557.0,17557.0,17508.0,17531.0,3173.0,55627931.0,0.0
MHImain,HKFE,2023-11-27 21:16:00,17528.0,17534.0,17453.0,17480.0,6960.0,121696121.0,0.0
MHImain,HKFE,2023-11-28 01:16:00,17476.0,17552.0,17408.0,17441.0,25029.0,437230416.0,0.0
MHImain,HKFE,2023-11-28 11:31:00,17442.0,17443.0,17304.0,17344.0,21553.0,374356684.0,0.0
MHImain,HKFE,2023-11-28 17:15:00,17425.0,17480.0,17425.0,17436.0,2016.0,35188067.0,0.0
MHImain,HKFE,2023-11-28 21:16:00,17436.0,17475.0,17370.0,17441.0,5366.0,93489343.0,0.0
MHImain,HKFE,2023-11-29 01:16:00,17441.0,17481.0,17119.0,17145.0,36792.0,635657844.0,0.0
MHImain,HKFE,2023-11-29 11:31:00,17147.0,17147.0,16956.0,17042.0,29885.0,509466986.0,0.0
MHImain,HKFE,2023-11-29 17:15:00,17069.0,17105.0,17044.0,17074.0,3721.0,63551281.0,0.0
MHImain,HKFE,2023-11-29 21:16:00,17075.0,17163.0,17020.0,17076.0,11944.0,204176448.0,0.0
MHImain,HKFE,2023-11-30 01:16:00,17076.0,17146.0,16940.0,17082.0,43146.0,735613965.0,0.0
MHImain,HKFE,2023-11-30 11:31:00,17081.0,17143.0,17024.0,17049.0,22700.0,387830351.0,0.0
MHImain,HKFE,2023-11-30 17:15:00,17044.0,17097.0,17026.0,17084.0,3563.0,60777473.0,0.0
MHImain,HKFE,2023-11-30 21:16:00,17084.0,17137.0,16954.0,17075.0,13702.0,233738435.0,0.0
MHImain,HKFE,2023-12-01 01:16:00,17073.0,17125.0,16962.0,17033.0,36927.0,628958831.0,0.0
MHImain,HKFE,2023-12-01 11:31:00,17034.0,17108.0,16865.0,16898.0,38616.0,655741846.0,0.0
MHImain,HKFE,2023-12-01 17:15:00,16905.0,16957.0,16836.0,16841.0,5616.0,94906420.0,0.0
MHImain,HKFE,2023-12-01 21:16:00,16844.0,16908.0,16744.0,16905.0,12979.0,218224120.0,0.0
MHImain,HKFE,2023-12-02 01:16:00,16904.0,16950.0,16883.0,16941.0,1832.0,31010971.0,0.0
MHImain,HKFE,2023-12-04 01:16:00,16915.0,17100.0,16800.0,16819.0,40765.0,690126468.0,0.0
MHImain,HKFE,2023-12-04 11:31:00,16818.0,16880.0,16679.0,16750.0,27597.0,462736801.0,0.0
MHImain,HKFE,2023-12-04 17:15:00,16730.0,16756.0,16703.0,16738.0,2495.0,41756420.0,0.0
MHImain,HKFE,2023-12-04 21:16:00,16738.0,16793.0,16679.0,16728.0,9035.0,151181448.0,0.0
MHImain,HKFE,2023-12-05 01:16:00,16730.0,16739.0,16388.0,16399.0,45067.0,745153621.0,0.0
MHImain,HKFE,2023-12-05 11:31:00,16400.0,16468.0,16271.0,16372.0,30593.0,500733344.0,0.0
MHImain,HKFE,2023-12-05 17:15:00,16393.0,16407.0,16322.0,16367.0,3433.0,56147605.0,0.0
MHImain,HKFE,2023-12-05 21:16:00,16369.0,16410.0,16322.0,16376.0,8293.0,135731823.0,0.0
MHImain,HKFE,2023-12-06 01:16:00,16379.0,16515.0,16283.0,16464.0,41265.0,677597346.0,0.0
MHImain,HKFE,2023-12-06 11:31:00,16464.0,16647.0,16454.0,16510.0,32874.0,543535978.0,0.0
MHImain,HKFE,2023-12-06 17:15:00,16513.0,16523.0,16469.0,16491.0,2265.0,37341296.0,0.0
MHImain,HKFE,2023-12-06 21:16:00,16491.0,16578.0,16472.0,16495.0,7476.0,123539415.0,0.0
MHImain,HKFE,2023-12-07 01:16:00,16499.0,16500.0,16190.0,16270.0,37532.0,611376278.0,0.0
MHImain,HKFE,2023-12-07 11:31:00,16272.0,16409.0,16245.0,16380.0,26385.0,430880399.0,0.0
MHImain,HKFE,2023-12-07 17:15:00,16372.0,16398.0,16353.0,16382.0,2452.0,40150165.0,0.0
MHImain,HKFE,2023-12-07 21:16:00,16382.0,16459.0,16361.0,16418.0,7604.0,124816877.0,0.0
MHImain,HKFE,2023-12-08 01:16:00,16420.0,16507.0,16273.0,16351.0,38730.0,634102204.0,0.0
MHImain,HKFE,2023-12-08 11:31:00,16349.0,16468.0,16333.0,16356.0,23344.0,382624820.0,0.0
MHImain,HKFE,2023-12-08 17:15:00,16368.0,16422.0,16363.0,16385.0,2959.0,48503315.0,0.0
MHImain,HKFE,2023-12-08 21:16:00,16383.0,16406.0,16257.0,16264.0,9806.0,160195921.0,0.0
MHImain,HKFE,2023-12-09 01:16:00,16265.0,16331.0,16265.0,16328.0,1088.0,17724653.0,0.0
MHImain,HKFE,2023-12-11 01:16:00,16280.0,16280.0,15980.0,16053.0,37557.0,605291449.0,0.0
MHImain,HKFE,2023-12-11 11:31:00,16052.0,16315.0,16022.0,16201.0,34519.0,558339015.0,0.0
MHImain,HKFE,2023-12-11 17:15:00,16224.0,16233.0,16197.0,16225.0,2006.0,32531186.0,0.0
MHImain,HKFE,2023-12-11 21:16:00,16225.0,16365.0,16208.0,16337.0,7840.0,127722788.0,0.0
MHImain,HKFE,2023-12-12 01:16:00,16337.0,16394.0,16185.0,16377.0,35854.0,584619765.0,0.0
MHImain,HKFE,2023-12-12 11:31:00,16377.0,16456.0,16320.0,16393.0,22279.0,365268571.0,0.0
MHImain,HKFE,2023-12-12 17:15:00,16390.0,16455.0,16359.0,16388.0,4123.0,67645931.0,0.0
MHImain,HKFE,2023-12-12 21:16:00,16387.0,16433.0,16246.0,16310.0,10402.0,169739927.0,0.0
MHImain,HKFE,2023-12-13 01:16:00,16308.0,16405.0,16236.0,16277.0,26899.0,438503889.0,0.0
MHImain,HKFE,2023-12-13 11:31:00,16275.0,16297.0,16161.0,16279.0,23341.0,378941987.0,0.0
MHImain,HKFE,2023-12-13 17:15:00,16270.0,16304.0,16256.0,16282.0,2096.0,34124873.0,0.0
MHImain,HKFE,2023-12-13 21:16:00,16282.0,16317.0,16163.0,16170.0,7431.0,120701518.0,0.0
MHImain,HKFE,2023-12-14 01:16:00,16173.0,16614.0,16128.0,16473.0,44984.0,741228639.0,0.0
MHImain,HKFE,2023-12-14 11:31:00,16475.0,16478.0,16340.0,16470.0,24875.0,408346000.0,0.0
MHImain,HKFE,2023-12-14 17:15:00,16450.0,16484.0,16428.0,16473.0,3178.0,52309516.0,0.0
MHImain,HKFE,2023-12-14 21:16:00,16469.0,16718.0,16454.0,16714.0,18572.0,308784578.0,0.0
MHImain,HKFE,2023-12-15 01:16:00,16716.0,17004.0,16633.0,16961.0,50582.0,850833111.0,0.0
MHImain,HKFE,2023-12-15 11:31:00,16959.0,16974.0,16738.0,16825.0,31829.0,535350652.0,0.0
MHImain,HKFE,2023-12-15 17:15:00,16819.0,16846.0,16796.0,16820.0,3276.0,55101273.0,0.0
MHImain,HKFE,2023-12-15 21:16:00,16819.0,16866.0,16716.0,16786.0,12359.0,207483845.0,0.0
MHImain,HKFE,2023-12-16 01:16:00,16786.0,16803.0,16688.0,16696.0,2067.0,34604192.0,0.0
MHImain,HKFE,2023-12-18 01:16:00,16728.0,16733.0,16611.0,16651.0,28924.0,482138656.0,0.0
MHImain,HKFE,2023-12-18 11:31:00,16650.0,16714.0,16584.0,16633.0,21464.0,357177511.0,0.0
MHImain,HKFE,2023-12-18 17:15:00,16648.0,16704.0,16610.0,16638.0,3690.0,61460108.0,0.0
MHImain,HKFE,2023-12-18 21:16:00,16638.0,16646.0,16487.0,16525.0,9341.0,154592929.0,0.0
MHImain,HKFE,2023-12-19 01:16:00,16525.0,16605.0,16420.0,16542.0,34898.0,576452757.0,0.0
MHImain,HKFE,2023-12-19 11:31:00,16543.0,16594.0,16456.0,16545.0,21313.0,352037617.0,0.0
MHImain,HKFE,2023-12-19 17:15:00,16555.0,16589.0,16537.0,16581.0,2584.0,42797415.0,0.0
MHImain,HKFE,2023-12-19 21:16:00,16583.0,16760.0,16579.0,16703.0,11174.0,186489853.0,0.0
MHImain,HKFE,2023-12-20 01:16:00,16705.0,16785.0,16658.0,16710.0,31940.0,533968922.0,0.0
MHImain,HKFE,2023-12-20 11:31:00,16710.0,16743.0,16580.0,16644.0,23982.0,399564088.0,0.0
MHImain,HKFE,2023-12-20 17:15:00,16635.0,16635.0,16557.0,16567.0,3526.0,58481430.0,0.0
MHImain,HKFE,2023-12-20 21:16:00,16566.0,16611.0,16532.0,16553.0,6384.0,105756096.0,0.0
MHImain,HKFE,2023-12-21 01:16:00,16553.0,16612.0,16370.0,16599.0,34360.0,567544701.0,0.0
MHImain,HKFE,2023-12-21 11:31:00,16601.0,16674.0,16565.0,16610.0,19630.0,326426106.0,0.0
MHImain,HKFE,2023-12-21 17:15:00,16617.0,16656.0,16574.0,16644.0,3296.0,54768637.0,0.0
MHImain,HKFE,2023-12-21 21:16:00,16644.0,16728.0,16606.0,16677.0,8954.0,149285144.0,0.0
MHImain,HKFE,2023-12-22 01:16:00,16677.0,16876.0,16657.0,16852.0,33708.0,564390066.0,0.0
MHImain,HKFE,2023-12-22 11:31:00,16852.0,16857.0,16275.0,16350.0,55578.0,915082677.0,0.0
MHImain,HKFE,2023-12-22 17:15:00,16360.0,16416.0,16355.0,16392.0,3998.0,65513265.0,0.0
MHImain,HKFE,2023-12-22 21:16:00,16392.0,16559.0,16375.0,16528.0,11295.0,186353550.0,0.0
MHImain,HKFE,2023-12-23 01:16:00,16530.0,16593.0,16530.0,16530.0,1591.0,26349528.0,0.0
MHImain,HKFE,2023-12-27 01:16:00,16581.0,16638.0,16445.0,16638.0,30258.0,499998587.0,0.0
MHImain,HKFE,2023-12-27 11:31:00,16638.0,16692.0,16576.0,16654.0,19399.0,322721119.0,0.0
MHImain,HKFE,2023-12-27 17:15:00,16742.0,16787.0,16723.0,16771.0,1834.0,30739309.0,0.0
MHImain,HKFE,2023-12-27 21:16:00,16774.0,16830.0,16731.0,16759.0,4853.0,81395110.0,0.0
MHImain,HKFE,2023-12-28 01:16:00,16759.0,17023.0,16736.0,16996.0,28115.0,474883516.0,0.0
MHImain,HKFE,2023-12-28 11:31:00,16999.0,17199.0,16978.0,17160.0,28134.0,481792723.0,0.0
MHImain,HKFE,2023-12-28 17:15:00,17148.0,17177.0,17112.0,17112.0,3995.0,68505056.0,0.0
MHImain,HKFE,2023-12-28 21:16:00,17114.0,17180.0,17058.0,17135.0,8813.0,150949584.0,0.0
MHImain,HKFE,2023-12-29 01:16:00,17134.0,17208.0,17056.0,17072.0,29594.0,506552250.0,0.0
MHImain,HKFE,2023-12-29 11:31:00,17071.0,17142.0,17042.0,17132.0,14602.0,249726898.0,0.0
MHImain,HKFE,2023-12-29 17:15:00,17129.0,17133.0,17074.0,17091.0,2732.0,46705152.0,0.0
MHImain,HKFE,2023-12-29 21:16:00,17092.0,17188.0,17060.0,17111.0,9311.0,159475228.0,0.0
MHImain,HKFE,2023-12-30 01:16:00,17109.0,17163.0,17108.0,17163.0,1215.0,20823800.0,0.0
MHImain,HKFE,2024-01-02 01:16:00,17160.0,17255.0,16825.0,16847.0,39385.0,669204060.0,0.0
MHImain,HKFE,2024-01-02 11:31:00,16847.0,16912.0,16792.0,16858.0,22137.0,372898962.0,0.0
MHImain,HKFE,2024-01-02 17:15:00,16854.0,16869.0,16692.0,16698.0,6609.0,110841316.0,0.0
MHImain,HKFE,2024-01-02 21:16:00,16703.0,16749.0,16634.0,16708.0,11695.0,195251091.0,0.0
MHImain,HKFE,2024-01-03 01:16:00,16706.0,16721.0,16592.0,16651.0,30610.0,510092792.0,0.0
MHImain,HKFE,2024-01-03 11:31:00,16652.0,16727.0,16629.0,16688.0,19071.0,318201494.0,0.0
MHImain,HKFE,2024-01-03 17:15:00,16681.0,16681.0,16560.0,16589.0,6334.0,105207978.0,0.0
MHImain,HKFE,2024-01-03 21:16:00,16587.0,16735.0,16571.0,16712.0,13202.0,219976920.0,0.0
MHImain,HKFE,2024-01-04 01:16:00,16712.0,16773.0,16576.0,16611.0,30891.0,514606840.0,0.0
MHImain,HKFE,2024-01-04 11:31:00,16610.0,16738.0,16561.0,16677.0,21975.0,366036625.0,0.0
MHImain,HKFE,2024-01-04 17:15:00,16675.0,16720.0,16656.0,16666.0,3962.0,66111454.0,0.0
MHImain,HKFE,2024-01-04 21:16:00,16667.0,16678.0,16609.0,16633.0,7653.0,127361989.0,0.0
MHImain,HKFE,2024-01-05 01:16:00,16634.0,16807.0,16497.0,16684.0,38732.0,645462063.0,0.0
MHImain,HKFE,2024-01-05 11:31:00,16684.0,16693.0,16525.0,16587.0,22372.0,371389167.0,0.0
MHImain,HKFE,2024-01-05 17:15:00,16580.0,16612.0,16534.0,16582.0,4985.0,82588517.0,0.0
MHImain,HKFE,2024-01-05 21:16:00,16582.0,16697.0,16503.0,16588.0,14679.0,243829128.0,0.0
MHImain,HKFE,2024-01-06 01:16:00,16588.0,16590.0,16546.0,16588.0,1654.0,27408024.0,0.0
MHImain,HKFE,2024-01-08 01:16:00,16565.0,16653.0,16228.0,16255.0,41920.0,688614239.0,0.0
MHImain,HKFE,2024-01-08 11:31:00,16255.0,16272.0,16184.0,16253.0,20220.0,328274363.0,0.0
MHImain,HKFE,2024-01-08 17:15:00,16250.0,16257.0,16190.0,16206.0,4264.0,69179321.0,0.0
MHImain,HKFE,2024-01-08 21:16:00,16206.0,16373.0,16194.0,16365.0,10271.0,167274152.0,0.0
MHImain,HKFE,2024-01-09 01:16:00,16366.0,16463.0,16266.0,16368.0,35179.0,575901926.0,0.0
MHImain,HKFE,2024-01-09 11:31:00,16368.0,16372.0,16214.0,16221.0,23731.0,386599281.0,0.0
MHImain,HKFE,2024-01-09 17:15:00,16213.0,16220.0,16140.0,16179.0,4585.0,74201849.0,0.0
MHImain,HKFE,2024-01-09 21:16:00,16178.0,16179.0,16118.0,16155.0,7050.0,113836176.0,0.0
MHImain,HKFE,2024-01-10 01:16:00,16155.0,16295.0,16078.0,16155.0,39031.0,631927386.0,0.0
MHImain,HKFE,2024-01-10 11:31:00,16156.0,16186.0,16068.0,16153.0,20266.0,326728919.0,0.0
MHImain,HKFE,2024-01-10 17:15:00,16154.0,16194.0,16118.0,16140.0,3909.0,63151318.0,0.0
MHImain,HKFE,2024-01-10 21:16:00,16140.0,16182.0,16098.0,16116.0,5627.0,90851330.0,0.0
MHImain,HKFE,2024-01-11 01:16:00,16115.0,16435.0,16097.0,16354.0,37873.0,616572731.0,0.0
MHImain,HKFE,2024-01-11 11:31:00,16353.0,16495.0,16311.0,16347.0,29424.0,482748516.0,0.0
MHImain,HKFE,2024-01-11 17:15:00,16338.0,16347.0,16302.0,16338.0,3375.0,55085825.0,0.0
MHImain,HKFE,2024-01-11 21:16:00,16336.0,16368.0,16140.0,16188.0,17601.0,285777223.0,0.0
MHImain,HKFE,2024-01-12 01:16:00,16186.0,16424.0,16171.0,16304.0,37119.0,605805869.0,0.0
MHImain,HKFE,2024-01-12 11:31:00,16304.0,16360.0,16216.0,16272.0,19348.0,315060479.0,0.0
MHImain,HKFE,2024-01-12 17:15:00,16280.0,16295.0,16218.0,16252.0,2937.0,47712670.0,0.0
MHImain,HKFE,2024-01-12 21:16:00,16252.0,16413.0,16238.0,16317.0,13012.0,212747882.0,0.0
MHImain,HKFE,2024-01-13 01:16:00,16317.0,16329.0,16284.0,16309.0,1251.0,20397078.0,0.0
MHImain,HKFE,2024-01-15 01:16:00,16280.0,16372.0,16121.0,16264.0,42216.0,686017882.0,0.0
MHImain,HKFE,2024-01-15 11:31:00,16265.0,16279.0,16190.0,16248.0,16604.0,269565849.0,0.0
MHImain,HKFE,2024-01-15 17:15:00,16246.0,16246.0,16128.0,16138.0,4873.0,78835600.0,0.0
MHImain,HKFE,2024-01-15 21:16:00,16138.0,16170.0,16102.0,16166.0,4229.0,68221425.0,0.0
MHImain,HKFE,2024-01-16 01:16:00,16166.0,16226.0,15920.0,15937.0,45095.0,726385794.0,0.0
MHImain,HKFE,2024-01-16 11:31:00,15937.0,15962.0,15827.0,15880.0,35663.0,566894562.0,0.0
MHImain,HKFE,2024-01-16 17:15:00,15875.0,15942.0,15849.0,15916.0,4607.0,73240323.0,0.0
MHImain,HKFE,2024-01-16 21:16:00,15916.0,15939.0,15772.0,15779.0,10840.0,171854466.0,0.0
MHImain,HKFE,2024-01-17 01:16:00,15777.0,15799.0,15406.0,15445.0,45472.0,707590536.0,0.0
MHImain,HKFE,2024-01-17 11:31:00,15444.0,15462.0,15198.0,15252.0,38352.0,586889761.0,0.0
MHImain,HKFE,2024-01-17 17:15:00,15243.0,15312.0,15200.0,15282.0,5920.0,90403950.0,0.0
MHImain,HKFE,2024-01-17 21:16:00,15283.0,15309.0,15171.0,15259.0,11235.0,171340917.0,0.0
MHImain,HKFE,2024-01-18 01:16:00,15260.0,15416.0,15193.0,15350.0,50183.0,768262970.0,0.0
MHImain,HKFE,2024-01-18 11:31:00,15349.0,15469.0,15278.0,15368.0,35693.0,548959315.0,0.0
MHImain,HKFE,2024-01-18 17:15:00,15369.0,15448.0,15368.0,15425.0,3899.0,60127106.0,0.0
MHImain,HKFE,2024-01-18 21:16:00,15424.0,15464.0,15351.0,15363.0,10203.0,157114860.0,0.0
MHImain,HKFE,2024-01-19 01:16:00,15366.0,15548.0,15356.0,15370.0,44425.0,686633476.0,0.0
MHImain,HKFE,2024-01-19 11:31:00,15370.0,15449.0,15219.0,15302.0,31308.0,479455484.0,0.0
MHImain,HKFE,2024-01-19 17:15:00,15316.0,15389.0,15281.0,15319.0,4652.0,71280849.0,0.0
MHImain,HKFE,2024-01-19 21:16:00,15317.0,15325.0,15223.0,15291.0,7312.0,111632433.0,0.0
MHImain,HKFE,2024-01-20 01:16:00,15291.0,15512.0,15289.0,15452.0,7330.0,113143351.0,0.0
MHImain,HKFE,2024-01-22 01:16:00,15481.0,15488.0,14979.0,14989.0,46486.0,706066243.0,0.0
MHImain,HKFE,2024-01-22 11:31:00,14991.0,15033.0,14795.0,14979.0,38339.0,572793281.0,0.0
MHImain,HKFE,2024-01-22 17:15:00,14975.0,15046.0,14957.0,14990.0,4880.0,73167911.0,0.0
MHImain,HKFE,2024-01-22 21:16:00,14990.0,15172.0,14990.0,15137.0,10841.0,163709559.0,0.0
MHImain,HKFE,2024-01-23 01:16:00,15137.0,15499.0,14998.0,15321.0,76639.0,1169610660.0,0.0
MHImain,HKFE,2024-01-23 11:31:00,15320.0,15538.0,15305.0,15315.0,40215.0,619656432.0,0.0
MHImain,HKFE,2024-01-23 17:15:00,15318.0,15497.0,15289.0,15483.0,6234.0,95874687.0,0.0
MHImain,HKFE,2024-01-23 21:16:00,15483.0,15693.0,15453.0,15622.0,24464.0,381630669.0,0.0
MHImain,HKFE,2024-01-24 01:16:00,15623.0,15735.0,15499.0,15577.0,45666.0,712862790.0,0.0
MHImain,HKFE,2024-01-24 11:31:00,15576.0,15999.0,15415.0,15935.0,67217.0,1054964637.0,0.0
MHImain,HKFE,2024-01-24 17:15:00,15937.0,16211.0,15937.0,16211.0,15455.0,248969228.0,0.0
MHImain,HKFE,2024-01-24 21:16:00,16211.0,16256.0,16071.0,16111.0,18004.0,290903218.0,0.0
MHImain,HKFE,2024-01-25 01:16:00,16108.0,16141.0,15828.0,16117.0,55341.0,885183313.0,0.0
MHImain,HKFE,2024-01-25 11:31:00,16119.0,16259.0,16104.0,16187.0,33599.0,544161298.0,0.0
MHImain,HKFE,2024-01-25 17:15:00,16199.0,16236.0,16178.0,16222.0,3364.0,54539407.0,0.0
MHImain,HKFE,2024-01-25 21:16:00,16225.0,16314.0,16061.0,16106.0,17525.0,283469842.0,0.0
MHImain,HKFE,2024-01-26 01:16:00,16106.0,16252.0,16050.0,16089.0,41219.0,666434775.0,0.0
MHImain,HKFE,2024-01-26 11:31:00,16090.0,16203.0,15892.0,15956.0,48703.0,780541702.0,0.0
MHImain,HKFE,2024-01-26 17:15:00,15955.0,16027.0,15946.0,16017.0,3695.0,59120793.0,0.0
MHImain,HKFE,2024-01-26 21:16:00,16020.0,16132.0,15995.0,16122.0,9923.0,159434871.0,0.0
MHImain,HKFE,2024-01-27 01:16:00,16122.0,16123.0,16071.0,16083.0,1181.0,19007304.0,0.0
MHImain,HKFE,2024-01-29 01:16:00,16068.0,16287.0,16043.0,16182.0,41143.0,665069569.0,0.0
MHImain,HKFE,2024-01-29 11:31:00,16181.0,16194.0,16034.0,16077.0,23289.0,374733650.0,0.0
MHImain,HKFE,2024-01-29 17:15:00,16114.0,16141.0,16086.0,16108.0,2239.0,36075799.0,0.0
MHImain,HKFE,2024-01-29 21:16:00,16108.0,16118.0,15881.0,15924.0,7753.0,123830769.0,0.0
MHImain,HKFE,2024-01-30 01:16:00,15922.0,15987.0,15720.0,15797.0,40606.0,643273164.0,0.0
MHImain,HKFE,2024-01-30 11:31:00,15798.0,15907.0,15716.0,15735.0,29647.0,468366820.0,0.0
MHImain,HKFE,2024-01-30 17:15:00,15730.0,15730.0,15654.0,15667.0,5677.0,89018012.0,0.0
MHImain,HKFE,2024-01-30 21:16:00,15668.0,15762.0,15614.0,15734.0,10808.0,169562069.0,0.0
MHImain,HKFE,2024-01-31 01:16:00,15733.0,15801.0,15514.0,15610.0,51976.0,813182331.0,0.0
MHImain,HKFE,2024-01-31 11:31:00,15612.0,15643.0,15466.0,15520.0,34350.0,533616697.0,0.0
MHImain,HKFE,2024-01-31 17:15:00,15513.0,15538.0,15458.0,15509.0,4184.0,64847610.0,0.0
MHImain,HKFE,2024-01-31 21:16:00,15509.0,15749.0,15505.0,15646.0,17803.0,278579283.0,0.0
MHImain,HKFE,2024-02-01 01:16:00,15645.0,15859.0,15469.0,15779.0,68114.0,1067062596.0,0.0
MHImain,HKFE,2024-02-01 11:31:00,15778.0,15778.0,15562.0,15604.0,38409.0,601168665.0,0.0
MHImain,HKFE,2024-02-01 17:15:00,15612.0,15664.0,15605.0,15641.0,3737.0,58457020.0,0.0
MHImain,HKFE,2024-02-01 21:16:00,15640.0,15720.0,15570.0,15675.0,13630.0,213420933.0,0.0
MHImain,HKFE,2024-02-02 01:16:00,15675.0,15965.0,15657.0,15736.0,52132.0,826373327.0,0.0
MHImain,HKFE,2024-02-02 11:31:00,15734.0,15752.0,15473.0,15556.0,51831.0,809527669.0,0.0
MHImain,HKFE,2024-02-02 17:15:00,15563.0,15573.0,15507.0,15531.0,3228.0,50142339.0,0.0
MHImain,HKFE,2024-02-02 21:16:00,15532.0,15536.0,15336.0,15398.0,17206.0,265040021.0,0.0
MHImain,HKFE,2024-02-03 01:16:00,15399.0,15426.0,15375.0,15416.0,1885.0,29034136.0,0.0
MHImain,HKFE,2024-02-05 01:16:00,15398.0,15631.0,15297.0,15559.0,61694.0,954876244.0,0.0
MHImain,HKFE,2024-02-05 11:31:00,15558.0,15724.0,15501.0,15566.0,42184.0,658704010.0,0.0
MHImain,HKFE,2024-02-05 17:15:00,15555.0,15580.0,15522.0,15547.0,2869.0,44610458.0,0.0
MHImain,HKFE,2024-02-05 21:16:00,15547.0,15653.0,15464.0,15643.0,12626.0,196387460.0,0.0
MHImain,HKFE,2024-02-06 01:16:00,15645.0,15895.0,15568.0,15875.0,53945.0,850411256.0,0.0
MHImain,HKFE,2024-02-06 11:31:00,15875.0,16210.0,15863.0,16173.0,55265.0,889820831.0,0.0
MHImain,HKFE,2024-02-06 17:15:00,16173.0,16177.0,16108.0,16151.0,4918.0,79379311.0,0.0
MHImain,HKFE,2024-02-06 21:16:00,16150.0,16310.0,16058.0,16261.0,17745.0,287057612.0,0.0
MHImain,HKFE,2024-02-07 01:16:00,16260.0,16454.0,16213.0,16244.0,57598.0,941066127.0,0.0
MHImain,HKFE,2024-02-07 11:31:00,16244.0,16253.0,16078.0,16083.0,35670.0,575694449.0,0.0
MHImain,HKFE,2024-02-07 17:15:00,16085.0,16285.0,16073.0,16105.0,11074.0,179036674.0,0.0
MHImain,HKFE,2024-02-07 21:16:00,16107.0,16166.0,15988.0,16030.0,16340.0,262521905.0,0.0
MHImain,HKFE,2024-02-08 01:16:00,16028.0,16125.0,15920.0,15961.0,46154.0,739524345.0,0.0
MHImain,HKFE,2024-02-08 11:31:00,15964.0,16001.0,15840.0,15885.0,27677.0,440394452.0,0.0
MHImain,HKFE,2024-02-08 17:15:00,15886.0,15916.0,15820.0,15854.0,4341.0,68854645.0,0.0
MHImain,HKFE,2024-02-08 21:16:00,15854.0,15877.0,15749.0,15758.0,9300.0,146943010.0,0.0
MHImain,HKFE,2024-02-09 01:16:00,15760.0,15780.0,15549.0,15716.0,34653.0,542483915.0,0.0
MHImain,HKFE,2024-02-09 11:31:00,15718.0,15786.0,15701.0,15708.0,4921.0,77491407.0,0.0
MHImain,HKFE,2024-02-09 17:15:00,15708.0,15708.0,15708.0,15708.0,0.0,0.0,0.0
MHImain,HKFE,2024-02-09 21:16:00,15708.0,15708.0,15708.0,15708.0,0.0,0.0,0.0
MHImain,HKFE,2024-02-10 01:16:00,15708.0,15708.0,15708.0,15708.0,0.0,0.0,0.0
MHImain,HKFE,2024-02-14 01:16:00,15700.0,15771.0,15456.0,15754.0,37378.0,583375045.0,0.0
MHImain,HKFE,2024-02-14 11:31:00,15754.0,15940.0,15748.0,15926.0,23279.0,369260343.0,0.0
MHImain,HKFE,2024-02-14 17:15:00,15928.0,16015.0,15923.0,15963.0,4999.0,79839020.0,0.0
MHImain,HKFE,2024-02-14 21:16:00,15964.0,15964.0,15863.0,15898.0,8390.0,133523458.0,0.0
MHImain,HKFE,2024-02-15 01:16:00,15898.0,16060.0,15747.0,16024.0,40977.0,650589250.0,0.0
MHImain,HKFE,2024-02-15 11:31:00,16025.0,16025.0,15908.0,15992.0,19774.0,315735255.0,0.0
MHImain,HKFE,2024-02-15 17:15:00,15985.0,16007.0,15960.0,15973.0,1859.0,29708379.0,0.0
MHImain,HKFE,2024-02-15 21:16:00,15973.0,16080.0,15969.0,16032.0,8096.0,129794457.0,0.0
MHImain,HKFE,2024-02-16 01:16:00,16033.0,16228.0,15945.0,16202.0,39750.0,639211726.0,0.0
MHImain,HKFE,2024-02-16 11:31:00,16205.0,16428.0,16202.0,16350.0,34327.0,561217804.0,0.0
MHImain,HKFE,2024-02-16 17:15:00,16345.0,16407.0,16328.0,16372.0,2654.0,43447782.0,0.0
MHImain,HKFE,2024-02-16 21:16:00,16372.0,16414.0,16291.0,16360.0,10683.0,174774564.0,0.0
MHImain,HKFE,2024-02-17 01:16:00,16360.0,16380.0,16348.0,16375.0,1063.0,17395191.0,0.0
MHImain,HKFE,2024-02-19 01:16:00,16380.0,16414.0,16153.0,16222.0,38408.0,623285122.0,0.0
MHImain,HKFE,2024-02-19 11:31:00,16222.0,16246.0,16148.0,16161.0,20778.0,336463689.0,0.0
MHImain,HKFE,2024-02-19 17:15:00,16164.0,16201.0,16154.0,16192.0,2196.0,35531579.0,0.0
MHImain,HKFE,2024-02-19 21:16:00,16191.0,16222.0,16177.0,16209.0,2331.0,37769949.0,0.0
MHImain,HKFE,2024-02-20 01:16:00,16209.0,16357.0,16064.0,16142.0,45002.0,727675938.0,0.0
MHImain,HKFE,2024-02-20 11:31:00,16142.0,16275.0,16076.0,16256.0,24473.0,396032184.0,0.0
MHImain,HKFE,2024-02-20 17:15:00,16256.0,16316.0,16256.0,16295.0,3809.0,62071904.0,0.0
MHImain,HKFE,2024-02-20 21:16:00,16295.0,16365.0,16144.0,16196.0,11870.0,192856536.0,0.0
MHImain,HKFE,2024-02-21 01:16:00,16197.0,16721.0,16147.0,16716.0,52601.0,867307617.0,0.0
MHImain,HKFE,2024-02-21 11:31:00,16717.0,16778.0,16468.0,16488.0,43076.0,716603394.0,0.0
MHImain,HKFE,2024-02-21 17:15:00,16487.0,16537.0,16438.0,16475.0,6308.0,103934018.0,0.0
MHImain,HKFE,2024-02-21 21:16:00,16475.0,16566.0,16443.0,16474.0,9704.0,160101143.0,0.0
MHImain,HKFE,2024-02-22 01:16:00,16476.0,16565.0,16420.0,16530.0,42731.0,705106536.0,0.0
MHImain,HKFE,2024-02-22 11:31:00,16530.0,16803.0,16503.0,16781.0,35347.0,588400709.0,0.0
MHImain,HKFE,2024-02-22 17:15:00,16770.0,16774.0,16720.0,16727.0,3840.0,64290614.0,0.0
MHImain,HKFE,2024-02-22 21:16:00,16727.0,16731.0,16561.0,16620.0,12462.0,207314552.0,0.0
MHImain,HKFE,2024-02-23 01:16:00,16622.0,16902.0,16610.0,16720.0,44079.0,737785676.0,0.0
MHImain,HKFE,2024-02-23 11:31:00,16719.0,16782.0,16678.0,16718.0,21884.0,366151668.0,0.0
MHImain,HKFE,2024-02-23 17:15:00,16724.0,16815.0,16693.0,16786.0,5256.0,88090832.0,0.0
MHImain,HKFE,2024-02-23 21:16:00,16786.0,16822.0,16662.0,16749.0,10925.0,182834812.0,0.0
MHImain,HKFE,2024-02-24 01:16:00,16749.0,16774.0,16722.0,16748.0,1101.0,18441103.0,0.0
MHImain,HKFE,2024-02-26 01:16:00,16646.0,16774.0,16582.0,16610.0,38028.0,633787155.0,0.0
MHImain,HKFE,2024-02-26 11:31:00,16612.0,16700.0,16597.0,16632.0,18898.0,314487376.0,0.0
MHImain,HKFE,2024-02-26 17:15:00,16630.0,16692.0,16626.0,16680.0,3083.0,51380559.0,0.0
MHImain,HKFE,2024-02-26 21:16:00,16680.0,16753.0,16651.0,16670.0,8119.0,135600654.0,0.0
MHImain,HKFE,2024-02-27 01:16:00,16671.0,16688.0,16445.0,16534.0,34317.0,568659583.0,0.0
MHImain,HKFE,2024-02-27 11:31:00,16535.0,16835.0,16526.0,16800.0,30449.0,507563411.0,0.0
MHImain,HKFE,2024-02-27 17:15:00,16820.0,16866.0,16813.0,16839.0,2630.0,44299866.0,0.0
MHImain,HKFE,2024-02-27 21:16:00,16838.0,16860.0,16796.0,16833.0,5485.0,92307775.0,0.0
MHImain,HKFE,2024-02-28 01:16:00,16833.0,16879.0,16612.0,16708.0,40519.0,678534073.0,0.0
MHImain,HKFE,2024-02-28 11:31:00,16709.0,16842.0,16488.0,16492.0,41041.0,683129506.0,0.0
MHImain,HKFE,2024-02-28 17:15:00,16499.0,16511.0,16410.0,16472.0,7749.0,127555137.0,0.0
MHImain,HKFE,2024-02-28 21:16:00,16473.0,16515.0,16378.0,16430.0,9883.0,162484317.0,0.0
MHImain,HKFE,2024-02-29 01:16:00,16430.0,16693.0,16393.0,16493.0,52206.0,864522650.0,0.0
MHImain,HKFE,2024-02-29 11:31:00,16494.0,16635.0,16407.0,16453.0,36979.0,611506053.0,0.0
MHImain,HKFE,2024-02-29 17:15:00,16451.0,16459.0,16406.0,16429.0,3821.0,62784706.0,0.0
MHImain,HKFE,2024-02-29 21:16:00,16430.0,16509.0,16345.0,16370.0,12024.0,197645100.0,0.0
MHImain,HKFE,2024-03-01 01:16:00,16369.0,16627.0,16131.0,16573.0,53168.0,873548994.0,0.0
MHImain,HKFE,2024-03-01 11:31:00,16571.0,16622.0,16490.0,16555.0,30329.0,502084714.0,0.0
MHImain,HKFE,2024-03-01 17:15:00,16555.0,16577.0,16498.0,16555.0,3916.0,64763762.0,0.0
MHImain,HKFE,2024-03-01 21:16:00,16554.0,16592.0,16472.0,16588.0,8697.0,143830034.0,0.0
MHImain,HKFE,2024-03-02 01:16:00,16585.0,16596.0,16568.0,16587.0,1277.0,21175997.0,0.0
MHImain,HKFE,2024-03-04 01:16:00,16595.0,16640.0,16441.0,16565.0,43362.0,717547194.0,0.0
MHImain,HKFE,2024-03-04 11:31:00,16567.0,16574.0,16465.0,16551.0,24627.0,406877855.0,0.0
MHImain,HKFE,2024-03-04 17:15:00,16557.0,16566.0,16515.0,16528.0,2126.0,35158873.0,0.0
MHImain,HKFE,2024-03-04 21:16:00,16528.0,16534.0,16373.0,16393.0,11274.0,185344377.0,0.0
MHImain,HKFE,2024-03-05 01:16:00,16393.0,16428.0,16137.0,16197.0,49295.0,802826447.0,0.0
MHImain,HKFE,2024-03-05 11:31:00,16195.0,16266.0,16049.0,16112.0,33309.0,537721065.0,0.0
MHImain,HKFE,2024-03-05 17:15:00,16111.0,16158.0,16087.0,16141.0,3503.0,56491031.0,0.0
MHImain,HKFE,2024-03-05 21:16:00,16140.0,16235.0,16109.0,16145.0,12510.0,202336622.0,0.0
MHImain,HKFE,2024-03-06 01:16:00,16147.0,16486.0,16109.0,16485.0,53815.0,874949337.0,0.0
MHImain,HKFE,2024-03-06 11:31:00,16486.0,16527.0,16330.0,16439.0,41072.0,675072388.0,0.0
MHImain,HKFE,2024-03-06 17:15:00,16437.0,16473.0,16408.0,16461.0,3277.0,53894109.0,0.0
MHImain,HKFE,2024-03-06 21:16:00,16460.0,16534.0,16443.0,16494.0,11249.0,185467898.0,0.0
MHImain,HKFE,2024-03-07 01:16:00,16494.0,16552.0,16367.0,16388.0,47865.0,787021948.0,0.0
MHImain,HKFE,2024-03-07 11:31:00,16386.0,16394.0,16144.0,16233.0,34773.0,566060303.0,0.0
MHImain,HKFE,2024-03-07 17:15:00,16238.0,16285.0,16230.0,16270.0,3355.0,54539485.0,0.0
MHImain,HKFE,2024-03-07 21:16:00,16270.0,16312.0,16216.0,16301.0,8518.0,138578475.0,0.0
MHImain,HKFE,2024-03-08 01:16:00,16300.0,16527.0,16276.0,16453.0,46321.0,759914788.0,0.0
MHImain,HKFE,2024-03-08 11:31:00,16451.0,16507.0,16346.0,16350.0,28085.0,461848894.0,0.0
MHImain,HKFE,2024-03-08 17:15:00,16352.0,16472.0,16324.0,16347.0,5562.0,91056611.0,0.0
MHImain,HKFE,2024-03-08 21:16:00,16345.0,16433.0,16310.0,16358.0,11054.0,181069998.0,0.0
MHImain,HKFE,2024-03-09 01:16:00,16359.0,16392.0,16346.0,16379.0,1099.0,17987908.0,0.0
MHImain,HKFE,2024-03-11 01:16:00,16398.0,16655.0,16393.0,16603.0,45665.0,755526842.0,0.0
MHImain,HKFE,2024-03-11 11:31:00,16604.0,16626.0,16556.0,16615.0,20472.0,339693616.0,0.0
MHImain,HKFE,2024-03-11 17:15:00,16608.0,16638.0,16590.0,16613.0,2738.0,45486225.0,0.0
MHImain,HKFE,2024-03-11 21:16:00,16613.0,16765.0,16604.0,16726.0,11070.0,184863521.0,0.0
MHImain,HKFE,2024-03-12 01:16:00,16727.0,16874.0,16638.0,16840.0,50454.0,845843051.0,0.0
MHImain,HKFE,2024-03-12 11:31:00,16841.0,17204.0,16834.0,17127.0,46842.0,798661791.0,0.0
MHImain,HKFE,2024-03-12 17:15:00,17121.0,17194.0,17013.0,17032.0,10007.0,171095528.0,0.0
MHImain,HKFE,2024-03-12 21:16:00,17034.0,17108.0,16994.0,17072.0,9345.0,159321187.0,0.0
MHImain,HKFE,2024-03-13 01:16:00,17070.0,17215.0,17043.0,17189.0,45886.0,786671632.0,0.0
MHImain,HKFE,2024-03-13 11:31:00,17190.0,17255.0,17097.0,17123.0,29263.0,502424875.0,0.0
MHImain,HKFE,2024-03-13 17:15:00,17119.0,17154.0,17109.0,17151.0,2873.0,49230748.0,0.0
MHImain,HKFE,2024-03-13 21:16:00,17152.0,17250.0,17146.0,17158.0,10142.0,174451863.0,0.0
MHImain,HKFE,2024-03-14 01:16:00,17159.0,17237.0,17028.0,17036.0,41321.0,707822859.0,0.0
MHImain,HKFE,2024-03-14 11:31:00,17036.0,17042.0,16898.0,16971.0,30127.0,511091635.0,0.0
MHImain,HKFE,2024-03-14 17:15:00,16970.0,16994.0,16915.0,16935.0,3647.0,61838266.0,0.0
MHImain,HKFE,2024-03-14 21:16:00,16935.0,16942.0,16777.0,16808.0,11594.0,195250044.0,0.0
MHImain,HKFE,2024-03-15 01:16:00,16807.0,16850.0,16617.0,16646.0,40318.0,674382073.0,0.0
MHImain,HKFE,2024-03-15 11:31:00,16645.0,16748.0,16559.0,16722.0,31351.0,522177193.0,0.0
MHImain,HKFE,2024-03-15 17:15:00,16730.0,16779.0,16711.0,16765.0,4083.0,68390747.0,0.0
MHImain,HKFE,2024-03-15 21:16:00,16765.0,16816.0,16721.0,16733.0,8307.0,139348470.0,0.0
MHImain,HKFE,2024-03-16 01:16:00,16731.0,16758.0,16726.0,16744.0,824.0,13795992.0,0.0
MHImain,HKFE,2024-03-18 01:16:00,16711.0,16824.0,16648.0,16760.0,41530.0,694736069.0,0.0
MHImain,HKFE,2024-03-18 11:31:00,16761.0,16816.0,16719.0,16758.0,16631.0,278904975.0,0.0
MHImain,HKFE,2024-03-18 17:15:00,16760.0,16778.0,16713.0,16728.0,3076.0,51502995.0,0.0
MHImain,HKFE,2024-03-18 21:16:00,16728.0,16749.0,16646.0,16668.0,7497.0,125132211.0,0.0
MHImain,HKFE,2024-03-19 01:16:00,16668.0,16701.0,16484.0,16608.0,40896.0,678852508.0,0.0
MHImain,HKFE,2024-03-19 11:31:00,16607.0,16612.0,16522.0,16555.0,22108.0,366115724.0,0.0
MHImain,HKFE,2024-03-19 17:15:00,16560.0,16584.0,16531.0,16577.0,2524.0,41782356.0,0.0
MHImain,HKFE,2024-03-19 21:16:00,16577.0,16663.0,16510.0,16630.0,8262.0,136959361.0,0.0
MHImain,HKFE,2024-03-20 01:16:00,16630.0,16661.0,16431.0,16647.0,44998.0,744607881.0,0.0
MHImain,HKFE,2024-03-20 11:31:00,16646.0,16671.0,16529.0,16579.0,21833.0,362176088.0,0.0
MHImain,HKFE,2024-03-20 17:15:00,16577.0,16605.0,16545.0,16603.0,2873.0,47633997.0,0.0
MHImain,HKFE,2024-03-20 21:16:00,16605.0,16659.0,16567.0,16597.0,6495.0,107851536.0,0.0
MHImain,HKFE,2024-03-21 01:16:00,16596.0,17007.0,16596.0,16844.0,52781.0,890431631.0,0.0
MHImain,HKFE,2024-03-21 11:31:00,16848.0,16971.0,16834.0,16857.0,22664.0,383195920.0,0.0
MHImain,HKFE,2024-03-21 17:15:00,16853.0,16853.0,16781.0,16793.0,4939.0,83000103.0,0.0
MHImain,HKFE,2024-03-21 21:16:00,16793.0,16810.0,16728.0,16767.0,8005.0,134220555.0,0.0
MHImain,HKFE,2024-03-22 01:16:00,16767.0,16783.0,16387.0,16406.0,48622.0,806358734.0,0.0
MHImain,HKFE,2024-03-22 11:31:00,16409.0,16574.0,16340.0,16513.0,41030.0,675428235.0,0.0
MHImain,HKFE,2024-03-22 17:15:00,16521.0,16560.0,16438.0,16503.0,5999.0,98982355.0,0.0
MHImain,HKFE,2024-03-22 21:16:00,16502.0,16548.0,16445.0,16513.0,6386.0,105354102.0,0.0
MHImain,HKFE,2024-03-23 01:16:00,16514.0,16518.0,16488.0,16510.0,767.0,12658268.0,0.0
MHImain,HKFE,2024-03-25 01:16:00,16530.0,16639.0,16477.0,16601.0,40431.0,669518335.0,0.0
MHImain,HKFE,2024-03-25 11:31:00,16600.0,16611.0,16458.0,16497.0,23761.0,392666846.0,0.0
MHImain,HKFE,2024-03-25 17:15:00,16492.0,16494.0,16416.0,16468.0,3652.0,60072694.0,0.0
MHImain,HKFE,2024-03-25 21:16:00,16468.0,16531.0,16456.0,16479.0,5905.0,97438466.0,0.0
MHImain,HKFE,2024-03-26 01:16:00,16481.0,16690.0,16480.0,16523.0,39864.0,661105742.0,0.0
MHImain,HKFE,2024-03-26 11:31:00,16524.0,16768.0,16479.0,16666.0,31299.0,520601029.0,0.0
MHImain,HKFE,2024-03-26 17:15:00,16692.0,16713.0,16628.0,16634.0,2255.0,37600973.0,0.0
MHImain,HKFE,2024-03-26 21:16:00,16635.0,16640.0,16569.0,16608.0,3407.0,56561211.0,0.0
MHImain,HKFE,2024-03-27 01:16:00,16608.0,16654.0,16420.0,16540.0,37226.0,615789944.0,0.0
MHImain,HKFE,2024-03-27 11:31:00,16538.0,16563.0,16374.0,16400.0,29270.0,482273913.0,0.0
MHImain,HKFE,2024-03-27 17:15:00,16401.0,16447.0,16382.0,16404.0,3565.0,58524078.0,0.0
MHImain,HKFE,2024-03-27 21:16:00,16403.0,16496.0,16377.0,16466.0,7280.0,119779857.0,0.0
MHImain,HKFE,2024-03-28 01:16:00,16466.0,16682.0,16380.0,16679.0,48483.0,799811698.0,0.0
MHImain,HKFE,2024-03-28 11:31:00,16677.0,16772.0,16518.0,16567.0,39370.0,655762385.0,0.0
MHImain,HKFE,2024-03-28 17:15:00,16566.0,16618.0,16544.0,16603.0,3489.0,57848551.0,0.0
MHImain,HKFE,2024-03-28 21:16:00,16603.0,16710.0,16571.0,16645.0,7840.0,130525098.0,0.0
MHImain,HKFE,2024-03-29 01:16:00,16646.0,16656.0,16633.0,16650.0,800.0,13315780.0,0.0
MHImain,HKFE,2024-04-02 01:16:00,16777.0,17067.0,16773.0,17037.0,40735.0,691449796.0,0.0
MHImain,HKFE,2024-04-02 11:31:00,17039.0,17041.0,16901.0,16967.0,25617.0,434546374.0,0.0
MHImain,HKFE,2024-04-02 17:15:00,16968.0,17008.0,16950.0,16962.0,3443.0,58441537.0,0.0
MHImain,HKFE,2024-04-02 21:16:00,16961.0,17072.0,16933.0,17005.0,8592.0,146145166.0,0.0
MHImain,HKFE,2024-04-03 01:16:00,17003.0,17014.0,16760.0,16812.0,36927.0,623024115.0,0.0
MHImain,HKFE,2024-04-03 11:31:00,16810.0,16859.0,16718.0,16747.0,22285.0,373918745.0,0.0
MHImain,HKFE,2024-04-03 17:15:00,16750.0,16788.0,16738.0,16774.0,2585.0,43348941.0,0.0
MHImain,HKFE,2024-04-03 21:16:00,16776.0,16860.0,16753.0,16859.0,7593.0,127689228.0,0.0
MHImain,HKFE,2024-04-04 01:16:00,16861.0,16884.0,16857.0,16871.0,1178.0,19876566.0,0.0
MHImain,HKFE,2024-04-05 01:16:00,16790.0,16878.0,16504.0,16599.0,48936.0,815959412.0,0.0
MHImain,HKFE,2024-04-05 11:31:00,16600.0,16828.0,16600.0,16734.0,27702.0,463648481.0,0.0
MHImain,HKFE,2024-04-05 17:15:00,16739.0,16779.0,16702.0,16710.0,3933.0,65819038.0,0.0
MHImain,HKFE,2024-04-05 21:16:00,16710.0,16812.0,16697.0,16794.0,6672.0,111725165.0,0.0
MHImain,HKFE,2024-04-06 01:16:00,16793.0,16805.0,16772.0,16779.0,791.0,13277204.0,0.0
MHImain,HKFE,2024-04-08 01:16:00,16750.0,16943.0,16598.0,16747.0,50316.0,843787802.0,0.0
MHImain,HKFE,2024-04-08 11:31:00,16745.0,16840.0,16689.0,16771.0,27115.0,454565275.0,0.0
MHImain,HKFE,2024-04-08 17:15:00,16776.0,16855.0,16765.0,16846.0,3062.0,51462368.0,0.0
MHImain,HKFE,2024-04-08 21:16:00,16849.0,16912.0,16835.0,16838.0,6712.0,113262879.0,0.0
MHImain,HKFE,2024-04-09 01:16:00,16839.0,17064.0,16821.0,16884.0,46745.0,791433869.0,0.0
MHImain,HKFE,2024-04-09 11:31:00,16884.0,16934.0,16841.0,16855.0,18758.0,316783514.0,0.0
MHImain,HKFE,2024-04-09 17:15:00,16864.0,16922.0,16862.0,16914.0,3125.0,52790180.0,0.0
MHImain,HKFE,2024-04-09 21:16:00,16912.0,16988.0,16897.0,16926.0,8862.0,150135333.0,0.0
MHImain,HKFE,2024-04-10 01:16:00,16924.0,17237.0,16918.0,17210.0,51987.0,887854940.0,0.0
MHImain,HKFE,2024-04-10 11:31:00,17212.0,17241.0,17087.0,17179.0,34601.0,593970834.0,0.0
MHImain,HKFE,2024-04-10 17:15:00,17177.0,17189.0,16912.0,16928.0,12097.0,206093902.0,0.0
MHImain,HKFE,2024-04-10 21:16:00,16928.0,16984.0,16871.0,16877.0,11956.0,202330671.0,0.0
MHImain,HKFE,2024-04-11 01:16:00,16877.0,17025.0,16798.0,17014.0,45412.0,769596460.0,0.0
MHImain,HKFE,2024-04-11 11:31:00,17013.0,17175.0,17001.0,17114.0,33016.0,564853379.0,0.0
MHImain,HKFE,2024-04-11 17:15:00,17113.0,17113.0,17032.0,17089.0,7281.0,124332205.0,0.0
MHImain,HKFE,2024-04-11 21:16:00,17090.0,17106.0,16921.0,16971.0,13084.0,222196401.0,0.0
MHImain,HKFE,2024-04-12 01:16:00,16972.0,17045.0,16790.0,16805.0,44506.0,752099243.0,0.0
MHImain,HKFE,2024-04-12 11:31:00,16806.0,16870.0,16722.0,16760.0,31337.0,526114406.0,0.0
MHImain,HKFE,2024-04-12 17:15:00,16755.0,16765.0,16644.0,16666.0,7081.0,118293326.0,0.0
MHImain,HKFE,2024-04-12 21:16:00,16669.0,16674.0,16496.0,16506.0,13626.0,225704024.0,0.0
MHImain,HKFE,2024-04-13 01:16:00,16505.0,16510.0,16470.0,16479.0,2406.0,39672430.0,0.0
MHImain,HKFE,2024-04-15 01:16:00,16470.0,16652.0,16367.0,16608.0,43731.0,724155730.0,0.0
MHImain,HKFE,2024-04-15 11:31:00,16608.0,16668.0,16586.0,16596.0,21206.0,352504459.0,0.0
MHImain,HKFE,2024-04-15 17:15:00,16594.0,16656.0,16570.0,16642.0,4199.0,69731712.0,0.0
MHImain,HKFE,2024-04-15 21:16:00,16643.0,16647.0,16483.0,16488.0,10808.0,178713943.0,0.0
MHImain,HKFE,2024-04-16 01:16:00,16487.0,16490.0,16273.0,16277.0,46639.0,763576359.0,0.0
MHImain,HKFE,2024-04-16 11:31:00,16277.0,16364.0,16214.0,16280.0,29455.0,479678553.0,0.0
MHImain,HKFE,2024-04-16 17:15:00,16283.0,16322.0,16238.0,16245.0,5114.0,83288577.0,0.0
MHImain,HKFE,2024-04-16 21:16:00,16245.0,16262.0,16161.0,16251.0,10131.0,164246255.0,0.0
MHImain,HKFE,2024-04-17 01:16:00,16253.0,16319.0,16169.0,16221.0,42994.0,698554795.0,0.0
MHImain,HKFE,2024-04-17 11:31:00,16220.0,16298.0,16160.0,16294.0,25839.0,419000275.0,0.0
MHImain,HKFE,2024-04-17 17:15:00,16291.0,16296.0,16238.0,16281.0,3328.0,54143464.0,0.0
MHImain,HKFE,2024-04-17 21:16:00,16283.0,16297.0,16167.0,16211.0,8137.0,131991338.0,0.0
MHImain,HKFE,2024-04-18 01:16:00,16213.0,16518.0,16195.0,16452.0,48853.0,799097489.0,0.0
MHImain,HKFE,2024-04-18 11:31:00,16452.0,16493.0,16372.0,16377.0,28011.0,460002525.0,0.0
MHImain,HKFE,2024-04-18 17:15:00,16374.0,16378.0,16322.0,16363.0,4397.0,71911031.0,0.0
MHImain,HKFE,2024-04-18 21:16:00,16361.0,16449.0,16337.0,16361.0,9128.0,149607000.0,0.0
MHImain,HKFE,2024-04-19 01:16:00,16362.0,16377.0,16036.0,16163.0,55781.0,900800186.0,0.0
MHImain,HKFE,2024-04-19 11:31:00,16163.0,16256.0,16113.0,16245.0,29173.0,472491443.0,0.0
MHImain,HKFE,2024-04-19 17:15:00,16248.0,16333.0,16228.0,16309.0,4842.0,78803012.0,0.0
MHImain,HKFE,2024-04-19 21:16:00,16310.0,16380.0,16288.0,16337.0,7782.0,127135152.0,0.0
MHImain,HKFE,2024-04-20 01:16:00,16337.0,16365.0,16317.0,16339.0,1019.0,16651089.0,0.0
MHImain,HKFE,2024-04-22 01:16:00,16353.0,16655.0,16342.0,16490.0,46146.0,763598016.0,0.0
MHImain,HKFE,2024-04-22 11:31:00,16489.0,16589.0,16467.0,16526.0,23212.0,383863774.0,0.0
MHImain,HKFE,2024-04-22 17:15:00,16521.0,16548.0,16500.0,16507.0,3183.0,52619545.0,0.0
MHImain,HKFE,2024-04-22 21:16:00,16506.0,16640.0,16463.0,16634.0,8778.0,145267857.0,0.0
MHImain,HKFE,2024-04-23 01:16:00,16633.0,16815.0,16611.0,16793.0,54328.0,907932003.0,0.0
MHImain,HKFE,2024-04-23 11:31:00,16792.0,16880.0,16762.0,16877.0,25992.0,437186822.0,0.0
MHImain,HKFE,2024-04-23 17:15:00,16874.0,16877.0,16810.0,16810.0,4242.0,71442430.0,0.0
MHImain,HKFE,2024-04-23 21:16:00,16811.0,16927.0,16796.0,16919.0,9686.0,163388976.0,0.0
MHImain,HKFE,2024-04-24 01:16:00,16920.0,17168.0,16919.0,17137.0,45952.0,783330049.0,0.0
MHImain,HKFE,2024-04-24 11:31:00,17134.0,17255.0,17095.0,17251.0,29336.0,504311126.0,0.0
MHImain,HKFE,2024-04-24 17:15:00,17251.0,17254.0,17174.0,17179.0,3969.0,68328119.0,0.0
MHImain,HKFE,2024-04-24 21:16:00,17179.0,17214.0,17119.0,17142.0,7449.0,127820199.0,0.0
MHImain,HKFE,2024-04-25 01:16:00,17144.0,17470.0,17097.0,17343.0,50439.0,871859459.0,0.0
MHImain,HKFE,2024-04-25 11:31:00,17341.0,17341.0,17215.0,17340.0,29669.0,512791245.0,0.0
MHImain,HKFE,2024-04-25 17:15:00,17340.0,17375.0,17162.0,17172.0,7222.0,124687194.0,0.0
MHImain,HKFE,2024-04-25 21:16:00,17168.0,17310.0,17145.0,17300.0,8921.0,153659085.0,0.0
MHImain,HKFE,2024-04-26 01:16:00,17300.0,17654.0,17295.0,17629.0,45997.0,805647584.0,0.0
MHImain,HKFE,2024-04-26 11:31:00,17630.0,17784.0,17595.0,17680.0,31728.0,561358402.0,0.0
MHImain,HKFE,2024-04-26 17:15:00,17610.0,17653.0,17568.0,17587.0,3723.0,65522427.0,0.0
MHImain,HKFE,2024-04-26 21:16:00,17587.0,17642.0,17508.0,17531.0,4588.0,80588568.0,0.0
MHImain,HKFE,2024-04-27 01:16:00,17532.0,17563.0,17526.0,17556.0,501.0,8791863.0,0.0
MHImain,HKFE,2024-04-29 01:16:00,17630.0,17993.0,17608.0,17840.0,45446.0,808569972.0,0.0
MHImain,HKFE,2024-04-29 11:31:00,17840.0,17880.0,17660.0,17681.0,29609.0,525690312.0,0.0
MHImain,HKFE,2024-04-29 17:15:00,17679.0,17710.0,17620.0,17629.0,3999.0,70654096.0,0.0
MHImain,HKFE,2024-04-29 21:16:00,17628.0,17712.0,17595.0,17695.0,7476.0,131943750.0,0.0
MHImain,HKFE,2024-04-30 01:16:00,17699.0,17846.0,17681.0,17743.0,45538.0,808892059.0,0.0
MHImain,HKFE,2024-04-30 11:31:00,17742.0,17759.0,17634.0,17722.0,28527.0,504993346.0,0.0
MHImain,HKFE,2024-04-30 17:15:00,17720.0,17730.0,17586.0,17614.0,6107.0,107816547.0,0.0
MHImain,HKFE,2024-04-30 21:16:00,17614.0,17663.0,17521.0,17533.0,9084.0,159877655.0,0.0
MHImain,HKFE,2024-05-01 01:16:00,17533.0,17555.0,17524.0,17529.0,1321.0,23167133.0,0.0
MHImain,HKFE,2024-05-02 01:16:00,17656.0,18152.0,17655.0,18105.0,53079.0,949726367.0,0.0
MHImain,HKFE,2024-05-02 11:31:00,18103.0,18219.0,18015.0,18167.0,29686.0,537950059.0,0.0
MHImain,HKFE,2024-05-02 17:15:00,18165.0,18187.0,18132.0,18154.0,3794.0,68878790.0,0.0
MHImain,HKFE,2024-05-02 21:16:00,18155.0,18464.0,18114.0,18461.0,17695.0,323252279.0,0.0
MHImain,HKFE,2024-05-03 01:16:00,18462.0,18580.0,18302.0,18340.0,51187.0,943430884.0,0.0
MHImain,HKFE,2024-05-03 11:31:00,18339.0,18478.0,18314.0,18412.0,21676.0,399001394.0,0.0
MHImain,HKFE,2024-05-03 17:15:00,18415.0,18695.0,18410.0,18563.0,10669.0,197999065.0,0.0
MHImain,HKFE,2024-05-03 21:16:00,18561.0,18561.0,18413.0,18462.0,11977.0,221173613.0,0.0
MHImain,HKFE,2024-05-04 01:16:00,18463.0,18533.0,18458.0,18532.0,1328.0,24571156.0,0.0
MHImain,HKFE,2024-05-06 01:16:00,18492.0,18538.0,18334.0,18409.0,40360.0,743204847.0,0.0
MHImain,HKFE,2024-05-06 11:31:00,18407.0,18547.0,18373.0,18527.0,25292.0,467032913.0,0.0
MHImain,HKFE,2024-05-06 17:15:00,18524.0,18638.0,18521.0,18575.0,6174.0,114779957.0,0.0
MHImain,HKFE,2024-05-06 21:16:00,18573.0,18634.0,18490.0,18544.0,9837.0,182426945.0,0.0
MHImain,HKFE,2024-05-07 01:16:00,18541.0,18580.0,18369.0,18376.0,40649.0,750696509.0,0.0
MHImain,HKFE,2024-05-07 11:31:00,18376.0,18455.0,18349.0,18410.0,21422.0,394268665.0,0.0
MHImain,HKFE,2024-05-07 17:15:00,18409.0,18439.0,18368.0,18430.0,3451.0,63502922.0,0.0
MHImain,HKFE,2024-05-07 21:16:00,18430.0,18464.0,18388.0,18431.0,6525.0,120256408.0,0.0
MHImain,HKFE,2024-05-08 01:16:00,18431.0,18554.0,18370.0,18383.0,42551.0,785873512.0,0.0
MHImain,HKFE,2024-05-08 11:31:00,18384.0,18419.0,18226.0,18232.0,28073.0,513900947.0,0.0
MHImain,HKFE,2024-05-08 17:15:00,18227.0,18247.0,18150.0,18175.0,6003.0,109218776.0,0.0
MHImain,HKFE,2024-05-08 21:16:00,18175.0,18295.0,18160.0,18257.0,7824.0,142742928.0,0.0
MHImain,HKFE,2024-05-09 01:16:00,18256.0,18533.0,18256.0,18515.0,46168.0,849490939.0,0.0
MHImain,HKFE,2024-05-09 11:31:00,18516.0,18558.0,18471.0,18519.0,23425.0,433683424.0,0.0
MHImain,HKFE,2024-05-09 17:15:00,18518.0,18677.0,18496.0,18629.0,9921.0,184519820.0,0.0
MHImain,HKFE,2024-05-09 21:16:00,18628.0,18675.0,18560.0,18646.0,8551.0,159230139.0,0.0
MHImain,HKFE,2024-05-10 01:16:00,18644.0,18843.0,18606.0,18818.0,51437.0,963539115.0,0.0
MHImain,HKFE,2024-05-10 11:31:00,18818.0,18988.0,18808.0,18959.0,34770.0,657879949.0,0.0
MHImain,HKFE,2024-05-10 17:15:00,18963.0,19069.0,18957.0,19023.0,7879.0,149899112.0,0.0
MHImain,HKFE,2024-05-10 21:16:00,19028.0,19058.0,18900.0,18914.0,9274.0,175881162.0,0.0
MHImain,HKFE,2024-05-11 01:16:00,18915.0,18946.0,18903.0,18946.0,968.0,18312207.0,0.0
MHImain,HKFE,2024-05-13 01:16:00,18879.0,19080.0,18790.0,19060.0,46780.0,885089629.0,0.0
MHImain,HKFE,2024-05-13 11:31:00,19057.0,19110.0,19009.0,19091.0,26467.0,504514518.0,0.0
MHImain,HKFE,2024-05-13 17:15:00,19093.0,19129.0,19062.0,19106.0,4219.0,80581561.0,0.0
MHImain,HKFE,2024-05-13 21:16:00,19108.0,19280.0,19107.0,19203.0,13635.0,262111180.0,0.0
MHImain,HKFE,2024-05-14 01:16:00,19205.0,19295.0,19062.0,19096.0,43223.0,828025550.0,0.0
MHImain,HKFE,2024-05-14 11:31:00,19097.0,19121.0,19024.0,19072.0,18375.0,350700104.0,0.0
MHImain,HKFE,2024-05-14 17:15:00,19076.0,19176.0,18945.0,19059.0,13884.0,264749225.0,0.0
MHImain,HKFE,2024-05-14 21:16:00,19059.0,19123.0,19027.0,19069.0,9495.0,181195240.0,0.0
MHImain,HKFE,2024-05-15 01:16:00,19068.0,19083.0,19047.0,19047.0,958.0,18267005.0,0.0
MHImain,HKFE,2024-05-16 01:16:00,19277.0,19345.0,19093.0,19316.0,49032.0,942093224.0,0.0
MHImain,HKFE,2024-05-16 11:31:00,19316.0,19432.0,19287.0,19340.0,32595.0,631220942.0,0.0
MHImain,HKFE,2024-05-16 17:15:00,19342.0,19473.0,19342.0,19396.0,7273.0,141259519.0,0.0
MHImain,HKFE,2024-05-16 21:16:00,19396.0,19584.0,19333.0,19549.0,17042.0,332080739.0,0.0
MHImain,HKFE,2024-05-17 01:16:00,19544.0,19587.0,19338.0,19401.0,42862.0,834621249.0,0.0
MHImain,HKFE,2024-05-17 11:31:00,19399.0,19606.0,19382.0,19545.0,34715.0,676853413.0,0.0
MHImain,HKFE,2024-05-17 17:15:00,19545.0,19584.0,19505.0,19576.0,3957.0,77330828.0,0.0
MHImain,HKFE,2024-05-17 21:16:00,19577.0,19771.0,19528.0,19739.0,16522.0,325165570.0,0.0
MHImain,HKFE,2024-05-18 01:16:00,19737.0,19750.0,19681.0,19702.0,1622.0,31965815.0,0.0
MHImain,HKFE,2024-05-20 01:16:00,19698.0,19700.0,19570.0,19633.0,41676.0,818086941.0,0.0
MHImain,HKFE,2024-05-20 11:31:00,19633.0,19710.0,19580.0,19634.0,23608.0,463817797.0,0.0
MHImain,HKFE,2024-05-20 17:15:00,19630.0,19631.0,19472.0,19499.0,6691.0,130731182.0,0.0
MHImain,HKFE,2024-05-20 21:16:00,19500.0,19592.0,19482.0,19518.0,11101.0,216874544.0,0.0
MHImain,HKFE,2024-05-21 01:16:00,19516.0,19518.0,19185.0,19218.0,45085.0,872101389.0,0.0
MHImain,HKFE,2024-05-21 11:31:00,19218.0,19303.0,19169.0,19202.0,25382.0,488189804.0,0.0
MHImain,HKFE,2024-05-21 17:15:00,19199.0,19234.0,19130.0,19196.0,6683.0,128251783.0,0.0
MHImain,HKFE,2024-05-21 21:16:00,19191.0,19278.0,19143.0,19152.0,9780.0,188051138.0,0.0
MHImain,HKFE,2024-05-22 01:16:00,19154.0,19353.0,19143.0,19233.0,44101.0,849042678.0,0.0
MHImain,HKFE,2024-05-22 11:31:00,19232.0,19298.0,19161.0,19168.0,20825.0,400421494.0,0.0
MHImain,HKFE,2024-05-22 17:15:00,19168.0,19202.0,19110.0,19143.0,5678.0,108788679.0,0.0
MHImain,HKFE,2024-05-22 21:16:00,19143.0,19176.0,19041.0,19066.0,10006.0,191139087.0,0.0
MHImain,HKFE,2024-05-23 01:16:00,19069.0,19097.0,18765.0,18931.0,52696.0,996349073.0,0.0
MHImain,HKFE,2024-05-23 11:31:00,18930.0,18945.0,18813.0,18883.0,25977.0,490250287.0,0.0
MHImain,HKFE,2024-05-23 17:15:00,18881.0,18946.0,18875.0,18937.0,4933.0,93293406.0,0.0
MHImain,HKFE,2024-05-23 21:16:00,18937.0,18955.0,18691.0,18700.0,15008.0,282249475.0,0.0
MHImain,HKFE,2024-05-24 01:16:00,18700.0,18848.0,18547.0,18602.0,56066.0,1047764380.0,0.0
MHImain,HKFE,2024-05-24 11:31:00,18604.0,18648.0,18507.0,18579.0,27010.0,501571513.0,0.0
MHImain,HKFE,2024-05-24 17:15:00,18580.0,18650.0,18580.0,18618.0,4598.0,85605577.0,0.0
MHImain,HKFE,2024-05-24 21:16:00,18617.0,18716.0,18569.0,18683.0,12927.0,240952358.0,0.0
MHImain,HKFE,2024-05-25 01:16:00,18681.0,18702.0,18662.0,18672.0,1242.0,23201012.0,0.0
MHImain,HKFE,2024-05-27 01:16:00,18615.0,18709.0,18488.0,18678.0,45198.0,841558630.0,0.0
MHImain,HKFE,2024-05-27 11:31:00,18678.0,18844.0,18626.0,18810.0,30542.0,572828221.0,0.0
MHImain,HKFE,2024-05-28 01:16:00,18815.0,18976.0,18735.0,18877.0,43225.0,815392006.0,0.0
MHImain,HKFE,2024-05-28 11:31:00,18878.0,18936.0,18745.0,18790.0,26154.0,492178751.0,0.0
MHImain,HKFE,2024-05-28 17:15:00,18790.0,18805.0,18699.0,18767.0,5319.0,99770828.0,0.0
MHImain,HKFE,2024-05-28 21:16:00,18768.0,18813.0,18665.0,18716.0,8431.0,157859130.0,0.0
MHImain,HKFE,2024-05-29 01:16:00,18717.0,18719.0,18495.0,18525.0,37347.0,694285160.0,0.0
MHImain,HKFE,2024-05-29 11:31:00,18525.0,18563.0,18429.0,18476.0,23161.0,428438304.0,0.0
MHImain,HKFE,2024-05-29 17:15:00,18426.0,18440.0,18350.0,18372.0,3663.0,67369081.0,0.0
MHImain,HKFE,2024-05-29 21:16:00,18370.0,18418.0,18325.0,18378.0,6373.0,117020042.0,0.0
MHImain,HKFE,2024-05-30 01:16:00,18381.0,18457.0,18178.0,18232.0,43081.0,789036861.0,0.0
MHImain,HKFE,2024-05-30 11:31:00,18233.0,18234.0,18093.0,18126.0,28469.0,516597307.0,0.0
MHImain,HKFE,2024-05-30 17:15:00,18126.0,18240.0,18126.0,18211.0,5341.0,97169162.0,0.0
MHImain,HKFE,2024-05-30 21:16:00,18210.0,18392.0,18193.0,18391.0,12421.0,227314398.0,0.0
MHImain,HKFE,2024-05-31 01:16:00,18392.0,18467.0,18297.0,18325.0,46773.0,859642677.0,0.0
MHImain,HKFE,2024-05-31 11:31:00,18325.0,18345.0,17963.0,18005.0,41346.0,750782026.0,0.0
MHImain,HKFE,2024-05-31 17:15:00,18005.0,18134.0,17949.0,18088.0,9979.0,180113393.0,0.0
MHImain,HKFE,2024-05-31 21:16:00,18087.0,18123.0,17992.0,18079.0,11316.0,204323501.0,0.0
MHImain,HKFE,2024-06-01 01:16:00,18081.0,18108.0,18070.0,18081.0,1174.0,21233264.0,0.0
MHImain,HKFE,2024-06-03 01:16:00,18248.0,18488.0,18181.0,18383.0,43384.0,797207652.0,0.0
MHImain,HKFE,2024-06-03 11:31:00,18383.0,18461.0,18282.0,18345.0,29311.0,538385301.0,0.0
MHImain,HKFE,2024-06-03 17:15:00,18342.0,18344.0,18311.0,18315.0,2937.0,53814576.0,0.0
MHImain,HKFE,2024-06-03 21:16:00,18314.0,18369.0,18121.0,18139.0,13690.0,249603359.0,0.0
MHImain,HKFE,2024-06-04 01:16:00,18139.0,18440.0,18139.0,18336.0,45684.0,837303171.0,0.0
MHImain,HKFE,2024-06-04 11:31:00,18338.0,18437.0,18300.0,18317.0,26354.0,483942234.0,0.0
MHImain,HKFE,2024-06-04 17:15:00,18315.0,18395.0,18220.0,18352.0,8286.0,151791250.0,0.0
MHImain,HKFE,2024-06-04 21:16:00,18352.0,18421.0,18251.0,18301.0,11614.0,212982098.0,0.0
MHImain,HKFE,2024-06-05 01:16:00,18300.0,18635.0,18300.0,18405.0,56271.0,1041335376.0,0.0
MHImain,HKFE,2024-06-05 11:31:00,18404.0,18432.0,18272.0,18309.0,25382.0,466142438.0,0.0
MHImain,HKFE,2024-06-05 17:15:00,18308.0,18388.0,18308.0,18376.0,4477.0,82135853.0,0.0
MHImain,HKFE,2024-06-05 21:16:00,18376.0,18407.0,18298.0,18369.0,9901.0,181772513.0,0.0
MHImain,HKFE,2024-06-06 01:16:00,18371.0,18626.0,18357.0,18463.0,54374.0,1005888676.0,0.0
MHImain,HKFE,2024-06-06 11:31:00,18465.0,18474.0,18302.0,18419.0,26118.0,479879725.0,0.0
MHImain,HKFE,2024-06-06 17:15:00,18422.0,18488.0,18418.0,18452.0,5129.0,94633648.0,0.0
MHImain,HKFE,2024-06-06 21:16:00,18452.0,18507.0,18374.0,18472.0,10152.0,187297463.0,0.0
MHImain,HKFE,2024-06-07 01:16:00,18472.0,18564.0,18278.0,18304.0,50429.0,928254202.0,0.0
MHImain,HKFE,2024-06-07 11:31:00,18301.0,18357.0,18222.0,18274.0,26942.0,492738346.0,0.0
MHImain,HKFE,2024-06-07 17:15:00,18276.0,18334.0,18129.0,18178.0,10827.0,197256810.0,0.0
MHImain,HKFE,2024-06-07 21:16:00,18178.0,18238.0,18093.0,18100.0,9049.0,164511314.0,0.0
MHImain,HKFE,2024-06-08 01:16:00,18102.0,18123.0,18067.0,18083.0,1670.0,30216150.0,0.0
MHImain,HKFE,2024-06-11 01:16:00,18080.0,18136.0,17922.0,17995.0,44108.0,794898030.0,0.0
MHImain,HKFE,2024-06-11 11:31:00,17993.0,18215.0,17978.0,18117.0,30427.0,550844959.0,0.0
MHImain,HKFE,2024-06-11 17:15:00,18111.0,18121.0,18032.0,18112.0,4590.0,82951221.0,0.0
MHImain,HKFE,2024-06-11 21:16:00,18109.0,18113.0,17942.0,17988.0,9345.0,168351149.0,0.0
MHImain,HKFE,2024-06-12 01:16:00,17990.0,18029.0,17808.0,17905.0,45258.0,810633370.0,0.0
MHImain,HKFE,2024-06-12 11:31:00,17903.0,17966.0,17865.0,17919.0,22464.0,402503474.0,0.0
MHImain,HKFE,2024-06-12 17:15:00,17916.0,18100.0,17880.0,18076.0,8337.0,150090024.0,0.0
MHImain,HKFE,2024-06-12 21:16:00,18078.0,18133.0,18022.0,18120.0,10302.0,186223699.0,0.0
MHImain,HKFE,2024-06-13 01:16:00,18123.0,18167.0,17946.0,17984.0,45668.0,824481579.0,0.0
MHImain,HKFE,2024-06-13 11:31:00,17984.0,18116.0,17965.0,18095.0,20495.0,369651208.0,0.0
MHImain,HKFE,2024-06-13 17:15:00,18093.0,18174.0,18038.0,18072.0,7256.0,131262672.0,0.0
MHImain,HKFE,2024-06-13 21:16:00,18070.0,18129.0,17906.0,17929.0,11027.0,198566532.0,0.0
MHImain,HKFE,2024-06-14 01:16:00,17929.0,18093.0,17898.0,18001.0,46166.0,830648170.0,0.0
MHImain,HKFE,2024-06-14 11:31:00,18000.0,18033.0,17870.0,17914.0,29601.0,531942779.0,0.0
MHImain,HKFE,2024-06-14 17:15:00,17913.0,17913.0,17795.0,17824.0,8068.0,143858638.0,0.0
MHImain,HKFE,2024-06-14 21:16:00,17824.0,17848.0,17753.0,17797.0,9442.0,168053944.0,0.0
MHImain,HKFE,2024-06-15 01:16:00,17800.0,17800.0,17765.0,17796.0,905.0,16093409.0,0.0
MHImain,HKFE,2024-06-17 01:16:00,17789.0,18120.0,17694.0,18011.0,54879.0,984167443.0,0.0
MHImain,HKFE,2024-06-17 11:31:00,18011.0,18027.0,17912.0,17950.0,21571.0,387234395.0,0.0
MHImain,HKFE,2024-06-17 17:15:00,17948.0,17950.0,17892.0,17924.0,4413.0,79087751.0,0.0
MHImain,HKFE,2024-06-17 21:16:00,17921.0,17972.0,17876.0,17967.0,6614.0,118484632.0,0.0
MHImain,HKFE,2024-06-18 01:16:00,17965.0,18041.0,17868.0,17936.0,43458.0,780732665.0,0.0
MHImain,HKFE,2024-06-18 11:31:00,17936.0,17954.0,17841.0,17897.0,22909.0,409934900.0,0.0
MHImain,HKFE,2024-06-18 17:15:00,17898.0,17980.0,17894.0,17970.0,4371.0,78396971.0,0.0
MHImain,HKFE,2024-06-18 21:16:00,17972.0,18073.0,17930.0,18053.0,9889.0,178170983.0,0.0
MHImain,HKFE,2024-06-19 01:16:00,18054.0,18328.0,18025.0,18271.0,48397.0,880337171.0,0.0
MHImain,HKFE,2024-06-19 11:31:00,18270.0,18459.0,18240.0,18430.0,30241.0,555607159.0,0.0
MHImain,HKFE,2024-06-19 17:15:00,18430.0,18434.0,18405.0,18413.0,3061.0,56381278.0,0.0
MHImain,HKFE,2024-06-19 21:16:00,18413.0,18428.0,18396.0,18409.0,2371.0,43652577.0,0.0
MHImain,HKFE,2024-06-20 01:16:00,18408.0,18513.0,18324.0,18343.0,45184.0,831974339.0,0.0
MHImain,HKFE,2024-06-20 11:31:00,18348.0,18366.0,18261.0,18295.0,23598.0,432143392.0,0.0
MHImain,HKFE,2024-06-20 17:15:00,18296.0,18319.0,18242.0,18244.0,3261.0,59637557.0,0.0
MHImain,HKFE,2024-06-20 21:16:00,18242.0,18271.0,18145.0,18171.0,9198.0,167417180.0,0.0
MHImain,HKFE,2024-06-21 01:16:00,18171.0,18206.0,17955.0,17992.0,43032.0,778313614.0,0.0
MHImain,HKFE,2024-06-21 11:31:00,17992.0,18091.0,17973.0,18018.0,23463.0,423094540.0,0.0
MHImain,HKFE,2024-06-21 17:15:00,18017.0,18052.0,17977.0,18043.0,3724.0,67086080.0,0.0
MHImain,HKFE,2024-06-21 21:16:00,18045.0,18058.0,17953.0,17967.0,6202.0,111656354.0,0.0
MHImain,HKFE,2024-06-22 01:16:00,17967.0,17987.0,17951.0,17987.0,935.0,16800316.0,0.0
MHImain,HKFE,2024-06-24 01:16:00,17949.0,17967.0,17777.0,17851.0,37306.0,666223226.0,0.0
MHImain,HKFE,2024-06-24 11:31:00,17851.0,18068.0,17828.0,18068.0,23716.0,425013638.0,0.0
MHImain,HKFE,2024-06-24 17:15:00,18064.0,18088.0,18016.0,18084.0,4384.0,79127503.0,0.0
MHImain,HKFE,2024-06-24 21:16:00,18084.0,18263.0,18074.0,18129.0,10911.0,198454818.0,0.0
MHImain,HKFE,2024-06-25 01:16:00,18127.0,18236.0,18050.0,18088.0,38710.0,701934525.0,0.0
MHImain,HKFE,2024-06-25 11:31:00,18088.0,18163.0,17952.0,18070.0,23843.0,430546654.0,0.0
MHImain,HKFE,2024-06-25 17:15:00,18070.0,18092.0,17997.0,18013.0,3448.0,62225708.0,0.0
MHImain,HKFE,2024-06-25 21:16:00,18014.0,18014.0,17910.0,17933.0,6240.0,112007533.0,0.0
MHImain,HKFE,2024-06-26 01:16:00,17933.0,18113.0,17888.0,18037.0,33598.0,605420320.0,0.0
MHImain,HKFE,2024-06-26 11:31:00,18038.0,18153.0,18029.0,18065.0,21857.0,395330615.0,0.0
MHImain,HKFE,2024-06-26 17:15:00,17951.0,17961.0,17849.0,17854.0,3069.0,54918346.0,0.0
MHImain,HKFE,2024-06-26 21:16:00,17854.0,17862.0,17796.0,17825.0,3367.0,60018009.0,0.0
MHImain,HKFE,2024-06-27 01:16:00,17825.0,17849.0,17594.0,17636.0,30749.0,544207878.0,0.0
MHImain,HKFE,2024-06-27 11:31:00,17637.0,17646.0,17560.0,17609.0,22508.0,396156949.0,0.0
MHImain,HKFE,2024-06-27 17:15:00,17613.0,17666.0,17595.0,17645.0,4661.0,82209607.0,0.0
MHImain,HKFE,2024-06-27 21:16:00,17645.0,17657.0,17514.0,17516.0,8352.0,146769937.0,0.0
MHImain,HKFE,2024-06-28 01:16:00,17514.0,17764.0,17425.0,17665.0,43626.0,768771963.0,0.0
MHImain,HKFE,2024-06-28 11:31:00,17664.0,17731.0,17585.0,17630.0,21404.0,377946461.0,0.0
MHImain,HKFE,2024-06-28 17:15:00,17632.0,17701.0,17631.0,17666.0,5361.0,94715515.0,0.0
MHImain,HKFE,2024-06-28 21:16:00,17665.0,17675.0,17541.0,17566.0,10068.0,177145068.0,0.0
MHImain,HKFE,2024-06-29 01:16:00,17565.0,17572.0,17547.0,17550.0,1028.0,18051912.0,0.0
MHImain,HKFE,2024-07-02 01:16:00,17593.0,17890.0,17483.0,17682.0,45340.0,804342099.0,0.0
MHImain,HKFE,2024-07-02 11:31:00,17682.0,17735.0,17613.0,17677.0,20432.0,361111460.0,0.0
MHImain,HKFE,2024-07-02 17:15:00,17681.0,17732.0,17665.0,17724.0,3580.0,63348815.0,0.0
MHImain,HKFE,2024-07-02 21:16:00,17722.0,17763.0,17664.0,17735.0,8864.0,157033095.0,0.0
MHImain,HKFE,2024-07-03 01:16:00,17735.0,17869.0,17706.0,17842.0,50061.0,890258316.0,0.0
MHImain,HKFE,2024-07-03 11:31:00,17841.0,17940.0,17819.0,17862.0,28694.0,513033959.0,0.0
MHImain,HKFE,2024-07-03 17:15:00,17867.0,17935.0,17865.0,17930.0,3251.0,58207988.0,0.0
MHImain,HKFE,2024-07-03 21:16:00,17930.0,18062.0,17905.0,18025.0,11224.0,202213401.0,0.0
MHImain,HKFE,2024-07-04 01:16:00,18028.0,18111.0,17952.0,17987.0,45086.0,812749275.0,0.0
MHImain,HKFE,2024-07-04 11:31:00,17987.0,18023.0,17905.0,18022.0,23282.0,418275920.0,0.0
MHImain,HKFE,2024-07-04 17:15:00,18024.0,18044.0,17998.0,18029.0,2608.0,47002010.0,0.0
MHImain,HKFE,2024-07-04 21:16:00,18028.0,18028.0,17958.0,17997.0,4082.0,73444587.0,0.0
MHImain,HKFE,2024-07-05 01:16:00,17997.0,18067.0,17769.0,17803.0,46953.0,842030587.0,0.0
MHImain,HKFE,2024-07-05 11:31:00,17803.0,17861.0,17728.0,17746.0,23525.0,418769295.0,0.0
MHImain,HKFE,2024-07-05 17:15:00,17747.0,17761.0,17675.0,17717.0,4714.0,83564296.0,0.0
MHImain,HKFE,2024-07-05 21:16:00,17715.0,17717.0,17558.0,17643.0,11808.0,208135512.0,0.0
MHImain,HKFE,2024-07-06 01:16:00,17642.0,17689.0,17638.0,17689.0,1083.0,19134699.0,0.0
MHImain,HKFE,2024-07-08 01:16:00,17617.0,17764.0,17554.0,17624.0,38315.0,675862724.0,0.0
MHImain,HKFE,2024-07-08 11:31:00,17624.0,17636.0,17493.0,17580.0,21917.0,384553649.0,0.0
MHImain,HKFE,2024-07-08 17:15:00,17579.0,17587.0,17534.0,17548.0,2487.0,43662349.0,0.0
MHImain,HKFE,2024-07-08 21:16:00,17548.0,17550.0,17474.0,17515.0,5811.0,101766369.0,0.0
MHImain,HKFE,2024-07-09 01:16:00,17514.0,17567.0,17403.0,17492.0,46614.0,815157838.0,0.0
MHImain,HKFE,2024-07-09 11:31:00,17491.0,17662.0,17463.0,17532.0,28729.0,504792952.0,0.0
MHImain,HKFE,2024-07-09 17:15:00,17532.0,17552.0,17449.0,17471.0,3897.0,68199532.0,0.0
MHImain,HKFE,2024-07-09 21:16:00,17472.0,17664.0,17461.0,17651.0,10262.0,180161597.0,0.0
MHImain,HKFE,2024-07-10 01:16:00,17654.0,17808.0,17582.0,17628.0,47163.0,834571529.0,0.0
MHImain,HKFE,2024-07-10 11:31:00,17626.0,17635.0,17478.0,17504.0,22789.0,399602004.0,0.0
MHImain,HKFE,2024-07-10 17:15:00,17507.0,17604.0,17504.0,17588.0,4593.0,80662215.0,0.0
MHImain,HKFE,2024-07-10 21:16:00,17589.0,17635.0,17552.0,17609.0,8941.0,157334287.0,0.0
MHImain,HKFE,2024-07-11 01:16:00,17612.0,17838.0,17588.0,17759.0,45578.0,808108883.0,0.0
MHImain,HKFE,2024-07-11 11:31:00,17758.0,17904.0,17742.0,17859.0,26084.0,465190398.0,0.0
MHImain,HKFE,2024-07-11 17:15:00,17857.0,17975.0,17838.0,17938.0,7918.0,141827812.0,0.0
MHImain,HKFE,2024-07-11 21:16:00,17939.0,18042.0,17916.0,17996.0,11669.0,209832265.0,0.0
MHImain,HKFE,2024-07-12 01:16:00,17997.0,18267.0,17970.0,18204.0,45616.0,828858496.0,0.0
MHImain,HKFE,2024-07-12 11:31:00,18203.0,18380.0,18189.0,18369.0,27258.0,498743831.0,0.0
MHImain,HKFE,2024-07-12 17:15:00,18368.0,18388.0,18290.0,18348.0,5427.0,99504888.0,0.0
MHImain,HKFE,2024-07-12 21:16:00,18352.0,18423.0,18262.0,18263.0,11768.0,215748207.0,0.0
MHImain,HKFE,2024-07-13 01:16:00,18263.0,18281.0,18256.0,18256.0,1154.0,21081111.0,0.0
MHImain,HKFE,2024-07-15 01:16:00,18222.0,18271.0,18048.0,18054.0,37320.0,678407778.0,0.0
MHImain,HKFE,2024-07-15 11:31:00,18052.0,18108.0,17967.0,18058.0,23058.0,415998049.0,0.0
MHImain,HKFE,2024-07-15 17:15:00,18058.0,18067.0,17983.0,17996.0,3556.0,64087395.0,0.0
MHImain,HKFE,2024-07-15 21:16:00,17997.0,18008.0,17852.0,17868.0,10481.0,187910615.0,0.0
MHImain,HKFE,2024-07-16 01:16:00,17866.0,17917.0,17744.0,17805.0,43240.0,770587925.0,0.0
MHImain,HKFE,2024-07-16 11:31:00,17805.0,17834.0,17732.0,17744.0,20132.0,357994863.0,0.0
MHImain,HKFE,2024-07-16 17:15:00,17745.0,17772.0,17698.0,17700.0,4242.0,75264051.0,0.0
MHImain,HKFE,2024-07-16 21:16:00,17699.0,17806.0,17659.0,17796.0,9452.0,167756378.0,0.0
MHImain,HKFE,2024-07-17 01:16:00,17796.0,17852.0,17677.0,17760.0,42649.0,757607444.0,0.0
MHImain,HKFE,2024-07-17 11:31:00,17761.0,17848.0,17708.0,17741.0,25159.0,447236247.0,0.0
MHImain,HKFE,2024-07-17 17:15:00,17747.0,17819.0,17725.0,17764.0,5107.0,90799218.0,0.0
MHImain,HKFE,2024-07-17 21:16:00,17764.0,17799.0,17658.0,17672.0,8062.0,142973591.0,0.0
MHImain,HKFE,2024-07-18 01:16:00,17668.0,17839.0,17635.0,17816.0,43844.0,777863897.0,0.0
MHImain,HKFE,2024-07-18 11:31:00,17816.0,17894.0,17779.0,17805.0,24397.0,435276516.0,0.0
MHImain,HKFE,2024-07-18 17:15:00,17809.0,17820.0,17722.0,17737.0,4459.0,79183525.0,0.0
MHImain,HKFE,2024-07-18 21:16:00,17738.0,17793.0,17582.0,17635.0,11978.0,211755302.0,0.0
MHImain,HKFE,2024-07-19 01:16:00,17635.0,17641.0,17388.0,17390.0,40506.0,708475828.0,0.0
MHImain,HKFE,2024-07-19 11:31:00,17391.0,17474.0,17380.0,17439.0,20643.0,359721888.0,0.0
MHImain,HKFE,2024-07-19 17:15:00,17441.0,17469.0,17398.0,17462.0,3561.0,62085827.0,0.0
MHImain,HKFE,2024-07-19 21:16:00,17457.0,17503.0,17425.0,17459.0,8074.0,141040930.0,0.0
MHImain,HKFE,2024-07-20 01:16:00,17459.0,17464.0,17431.0,17444.0,1029.0,17952062.0,0.0
MHImain,HKFE,2024-07-22 01:16:00,17500.0,17598.0,17319.0,17567.0,44080.0,769527653.0,0.0
MHImain,HKFE,2024-07-22 11:31:00,17567.0,17716.0,17526.0,17662.0,24896.0,438554153.0,0.0
MHImain,HKFE,2024-07-22 17:15:00,17662.0,17738.0,17650.0,17719.0,4130.0,73115018.0,0.0
MHImain,HKFE,2024-07-22 21:16:00,17717.0,17772.0,17650.0,17737.0,7945.0,140684274.0,0.0
MHImain,HKFE,2024-07-23 01:16:00,17738.0,17748.0,17557.0,17620.0,33415.0,589083329.0,0.0
MHImain,HKFE,2024-07-23 11:31:00,17619.0,17647.0,17458.0,17497.0,23485.0,411789113.0,0.0
MHImain,HKFE,2024-07-23 17:15:00,17498.0,17530.0,17447.0,17454.0,4161.0,72803894.0,0.0
MHImain,HKFE,2024-07-23 21:16:00,17454.0,17504.0,17410.0,17491.0,6013.0,104913843.0,0.0
MHImain,HKFE,2024-07-24 01:16:00,17491.0,17533.0,17330.0,17387.0,38936.0,678300617.0,0.0
MHImain,HKFE,2024-07-24 11:31:00,17386.0,17396.0,17267.0,17348.0,21410.0,370953320.0,0.0
MHImain,HKFE,2024-07-24 17:15:00,17349.0,17388.0,17330.0,17344.0,3437.0,59666336.0,0.0
MHImain,HKFE,2024-07-24 21:16:00,17344.0,17432.0,17316.0,17334.0,8812.0,153165695.0,0.0
MHImain,HKFE,2024-07-25 01:16:00,17334.0,17334.0,17021.0,17102.0,40675.0,697691786.0,0.0
MHImain,HKFE,2024-07-25 11:31:00,17102.0,17105.0,16977.0,17030.0,24037.0,409240253.0,0.0
MHImain,HKFE,2024-07-25 17:15:00,17034.0,17088.0,17029.0,17068.0,4667.0,79609723.0,0.0
MHImain,HKFE,2024-07-25 21:16:00,17069.0,17166.0,17061.0,17149.0,9414.0,161120489.0,0.0
MHImain,HKFE,2024-07-26 01:16:00,17150.0,17234.0,16930.0,17007.0,42817.0,732012158.0,0.0
MHImain,HKFE,2024-07-26 11:31:00,17008.0,17080.0,16984.0,17022.0,20589.0,350743047.0,0.0
MHImain,HKFE,2024-07-26 17:15:00,17027.0,17038.0,16986.0,17022.0,3156.0,53696296.0,0.0
MHImain,HKFE,2024-07-26 21:16:00,17022.0,17173.0,16985.0,17155.0,6847.0,116869782.0,0.0
MHImain,HKFE,2024-07-27 01:16:00,17155.0,17166.0,17124.0,17153.0,1803.0,30910749.0,0.0
MHImain,HKFE,2024-07-29 01:16:00,17195.0,17339.0,17159.0,17336.0,34316.0,591226046.0,0.0
MHImain,HKFE,2024-07-29 11:31:00,17335.0,17380.0,17231.0,17253.0,19681.0,340794456.0,0.0
MHImain,HKFE,2024-07-29 17:15:00,17260.0,17282.0,17210.0,17216.0,2437.0,42041660.0,0.0
MHImain,HKFE,2024-07-29 21:16:00,17216.0,17224.0,17157.0,17194.0,4626.0,79505619.0,0.0
MHImain,HKFE,2024-07-30 01:16:00,17188.0,17209.0,16998.0,17049.0,27823.0,475306177.0,0.0
MHImain,HKFE,2024-07-30 11:31:00,17050.0,17075.0,16981.0,17021.0,16605.0,282599999.0,0.0
MHImain,HKFE,2024-07-30 17:15:00,17024.0,17072.0,17024.0,17069.0,3293.0,56145338.0,0.0
MHImain,HKFE,2024-07-30 21:16:00,17070.0,17083.0,17021.0,17044.0,6533.0,111401665.0,0.0
MHImain,HKFE,2024-07-31 01:16:00,17046.0,17396.0,17025.0,17387.0,49107.0,844419713.0,0.0
MHImain,HKFE,2024-07-31 11:31:00,17386.0,17433.0,17330.0,17347.0,24989.0,434296202.0,0.0
MHImain,HKFE,2024-07-31 17:15:00,17350.0,17438.0,17350.0,17406.0,3928.0,68306548.0,0.0
MHImain,HKFE,2024-07-31 21:16:00,17405.0,17446.0,17315.0,17332.0,8481.0,147214932.0,0.0
MHImain,HKFE,2024-08-01 01:16:00,17333.0,17421.0,17252.0,17298.0,39453.0,683776332.0,0.0
MHImain,HKFE,2024-08-01 11:31:00,17298.0,17430.0,17291.0,17312.0,21996.0,381819670.0,0.0
MHImain,HKFE,2024-08-01 17:15:00,17315.0,17348.0,17301.0,17310.0,3323.0,57566595.0,0.0
MHImain,HKFE,2024-08-01 21:16:00,17311.0,17330.0,17072.0,17076.0,12045.0,207077104.0,0.0
MHImain,HKFE,2024-08-02 01:16:00,17077.0,17084.0,16897.0,16966.0,41640.0,707371324.0,0.0
MHImain,HKFE,2024-08-02 11:31:00,16966.0,16987.0,16878.0,16962.0,22428.0,379645969.0,0.0
MHImain,HKFE,2024-08-02 17:15:00,16963.0,17024.0,16913.0,16958.0,6180.0,104765779.0,0.0
MHImain,HKFE,2024-08-02 21:16:00,16958.0,16976.0,16823.0,16902.0,11778.0,198940824.0,0.0
MHImain,HKFE,2024-08-03 01:16:00,16902.0,16920.0,16872.0,16895.0,1097.0,18535363.0,0.0
MHImain,HKFE,2024-08-05 01:16:00,16700.0,16957.0,16584.0,16861.0,51494.0,865197380.0,0.0
MHImain,HKFE,2024-08-05 11:31:00,16863.0,16939.0,16436.0,16743.0,50323.0,837642394.0,0.0
MHImain,HKFE,2024-08-05 17:15:00,16737.0,16737.0,16510.0,16563.0,11890.0,197645280.0,0.0
MHImain,HKFE,2024-08-05 21:16:00,16561.0,16843.0,16554.0,16817.0,16159.0,270019836.0,0.0
MHImain,HKFE,2024-08-06 01:16:00,16814.0,16935.0,16688.0,16725.0,40902.0,687429104.0,0.0
MHImain,HKFE,2024-08-06 11:31:00,16724.0,16812.0,16591.0,16611.0,29364.0,489938317.0,0.0
MHImain,HKFE,2024-08-06 17:15:00,16611.0,16628.0,16501.0,16539.0,8375.0,138664792.0,0.0
MHImain,HKFE,2024-08-06 21:16:00,16538.0,16706.0,16513.0,16686.0,10993.0,182613475.0,0.0
MHImain,HKFE,2024-08-07 01:16:00,16688.0,16910.0,16635.0,16834.0,43120.0,724809691.0,0.0
MHImain,HKFE,2024-08-07 11:31:00,16835.0,17004.0,16796.0,16897.0,30429.0,514150281.0,0.0
MHImain,HKFE,2024-08-07 17:15:00,16899.0,16994.0,16899.0,16982.0,5086.0,86251481.0,0.0
MHImain,HKFE,2024-08-07 21:16:00,16982.0,16990.0,16797.0,16801.0,10587.0,178854612.0,0.0
MHImain,HKFE,2024-08-08 01:16:00,16800.0,17033.0,16649.0,16997.0,50851.0,854875074.0,0.0
MHImain,HKFE,2024-08-08 11:31:00,16997.0,17034.0,16836.0,16892.0,30801.0,521464110.0,0.0
MHImain,HKFE,2024-08-08 17:15:00,16893.0,16975.0,16873.0,16969.0,5259.0,89019537.0,0.0
MHImain,HKFE,2024-08-08 21:16:00,16970.0,17131.0,16960.0,17110.0,11720.0,199890139.0,0.0
MHImain,HKFE,2024-08-09 01:16:00,17112.0,17264.0,17084.0,17201.0,44480.0,763774619.0,0.0
MHImain,HKFE,2024-08-09 11:31:00,17201.0,17223.0,17071.0,17080.0,22840.0,391205286.0,0.0
MHImain,HKFE,2024-08-09 17:15:00,17081.0,17118.0,17010.0,17046.0,4358.0,74361950.0,0.0
MHImain,HKFE,2024-08-09 21:16:00,17047.0,17056.0,16974.0,17049.0,7323.0,124615560.0,0.0
MHImain,HKFE,2024-08-10 01:16:00,17049.0,17088.0,17047.0,17060.0,1458.0,24882242.0,0.0
MHImain,HKFE,2024-08-12 01:16:00,17100.0,17166.0,16994.0,17055.0,37304.0,637024721.0,0.0
MHImain,HKFE,2024-08-12 11:31:00,17056.0,17143.0,17046.0,17078.0,17738.0,303249433.0,0.0
MHImain,HKFE,2024-08-12 17:15:00,17076.0,17115.0,17051.0,17094.0,2674.0,45681043.0,0.0
MHImain,HKFE,2024-08-12 21:16:00,17094.0,17179.0,17068.0,17163.0,7884.0,135057203.0,0.0
MHImain,HKFE,2024-08-13 01:16:00,17164.0,17258.0,17065.0,17086.0,39500.0,677285692.0,0.0
MHImain,HKFE,2024-08-13 11:31:00,17086.0,17200.0,17086.0,17162.0,19119.0,327841661.0,0.0
MHImain,HKFE,2024-08-13 17:15:00,17164.0,17230.0,17115.0,17188.0,4834.0,82965059.0,0.0
MHImain,HKFE,2024-08-13 21:16:00,17188.0,17263.0,17184.0,17257.0,6232.0,107295353.0,0.0
MHImain,HKFE,2024-08-14 01:16:00,17254.0,17291.0,17084.0,17122.0,35480.0,609371245.0,0.0
MHImain,HKFE,2024-08-14 11:31:00,17123.0,17144.0,17056.0,17128.0,16386.0,280187471.0,0.0
MHImain,HKFE,2024-08-14 17:15:00,17128.0,17196.0,17128.0,17175.0,4888.0,83916753.0,0.0
MHImain,HKFE,2024-08-14 21:16:00,17174.0,17184.0,16945.0,16962.0,11900.0,202872702.0,0.0
MHImain,HKFE,2024-08-15 01:16:00,16965.0,17318.0,16919.0,17203.0,50633.0,867345152.0,0.0
MHImain,HKFE,2024-08-15 11:31:00,17204.0,17232.0,17047.0,17127.0,24088.0,412387105.0,0.0
MHImain,HKFE,2024-08-15 17:15:00,17128.0,17215.0,17104.0,17199.0,8092.0,138843296.0,0.0
MHImain,HKFE,2024-08-15 21:16:00,17199.0,17338.0,17174.0,17302.0,13536.0,233950655.0,0.0
MHImain,HKFE,2024-08-16 01:16:00,17303.0,17461.0,17265.0,17428.0,43436.0,754776429.0,0.0
MHImain,HKFE,2024-08-16 11:31:00,17427.0,17500.0,17399.0,17424.0,19996.0,348909992.0,0.0
MHImain,HKFE,2024-08-16 17:15:00,17424.0,17448.0,17354.0,17423.0,4667.0,81191754.0,0.0
MHImain,HKFE,2024-08-16 21:16:00,17423.0,17574.0,17414.0,17561.0,10613.0,185790913.0,0.0
MHImain,HKFE,2024-08-17 01:16:00,17560.0,17596.0,17560.0,17584.0,1316.0,23135019.0,0.0
MHImain,HKFE,2024-08-19 01:16:00,17566.0,17717.0,17548.0,17640.0,33878.0,597738929.0,0.0
MHImain,HKFE,2024-08-19 11:31:00,17639.0,17665.0,17568.0,17606.0,15480.0,272576396.0,0.0
MHImain,HKFE,2024-08-19 17:15:00,17605.0,17656.0,17583.0,17649.0,2709.0,47730993.0,0.0
MHImain,HKFE,2024-08-19 21:16:00,17650.0,17774.0,17640.0,17735.0,8474.0,150165733.0,0.0
MHImain,HKFE,2024-08-20 01:16:00,17736.0,17749.0,17492.0,17537.0,28188.0,495590139.0,0.0
MHImain,HKFE,2024-08-20 11:31:00,17536.0,17547.0,17464.0,17531.0,16649.0,291483774.0,0.0
MHImain,HKFE,2024-08-20 17:15:00,17533.0,17535.0,17445.0,17522.0,4715.0,82437913.0,0.0
MHImain,HKFE,2024-08-20 21:16:00,17523.0,17526.0,17323.0,17338.0,10603.0,184616449.0,0.0
MHImain,HKFE,2024-08-21 01:16:00,17340.0,17436.0,17251.0,17372.0,37458.0,649664051.0,0.0
MHImain,HKFE,2024-08-21 11:31:00,17373.0,17412.0,17328.0,17373.0,13180.0,228914124.0,0.0
MHImain,HKFE,2024-08-21 17:15:00,17373.0,17426.0,17371.0,17402.0,2874.0,50016149.0,0.0
MHImain,HKFE,2024-08-21 21:16:00,17402.0,17522.0,17395.0,17506.0,11008.0,192304063.0,0.0
MHImain,HKFE,2024-08-22 01:16:00,17506.0,17555.0,17398.0,17466.0,35859.0,626626773.0,0.0
MHImain,HKFE,2024-08-22 11:31:00,17465.0,17684.0,17449.0,17664.0,23776.0,417698606.0,0.0
MHImain,HKFE,2024-08-22 17:15:00,17663.0,17663.0,17600.0,17620.0,4306.0,75912053.0,0.0
MHImain,HKFE,2024-08-22 21:16:00,17625.0,17628.0,17445.0,17480.0,11389.0,199574806.0,0.0
MHImain,HKFE,2024-08-23 01:16:00,17482.0,17626.0,17456.0,17592.0,32800.0,575464927.0,0.0
MHImain,HKFE,2024-08-23 11:31:00,17592.0,17656.0,17567.0,17634.0,15479.0,272562991.0,0.0
MHImain,HKFE,2024-08-23 17:15:00,17633.0,17675.0,17628.0,17638.0,3097.0,54679524.0,0.0
MHImain,HKFE,2024-08-23 21:16:00,17638.0,17793.0,17588.0,17750.0,14595.0,258480084.0,0.0
MHImain,HKFE,2024-08-24 01:16:00,17750.0,17763.0,17732.0,17737.0,925.0,16415929.0,0.0
MHImain,HKFE,2024-08-26 01:16:00,17750.0,17843.0,17715.0,17805.0,32546.0,578914939.0,0.0
MHImain,HKFE,2024-08-26 11:31:00,17804.0,17849.0,17737.0,17809.0,15024.0,267403475.0,0.0
MHImain,HKFE,2024-08-26 17:15:00,17806.0,17822.0,17663.0,17672.0,6306.0,111929912.0,0.0
MHImain,HKFE,2024-08-26 21:16:00,17673.0,17751.0,17635.0,17707.0,9283.0,164232055.0,0.0
MHImain,HKFE,2024-08-27 01:16:00,17707.0,17812.0,17633.0,17771.0,28355.0,502561041.0,0.0
MHImain,HKFE,2024-08-27 11:31:00,17771.0,17921.0,17756.0,17913.0,17399.0,310561844.0,0.0
MHImain,HKFE,2024-08-27 17:15:00,17910.0,17934.0,17878.0,17894.0,4040.0,72352317.0,0.0
MHImain,HKFE,2024-08-27 21:16:00,17894.0,17919.0,17832.0,17853.0,6019.0,107541683.0,0.0
MHImain,HKFE,2024-08-28 01:16:00,17855.0,17905.0,17712.0,17732.0,28170.0,501710690.0,0.0
MHImain,HKFE,2024-08-28 11:31:00,17731.0,17742.0,17661.0,17708.0,15820.0,279970053.0,0.0
MHImain,HKFE,2024-08-28 17:15:00,17654.0,17750.0,17618.0,17651.0,2955.0,52210633.0,0.0
MHImain,HKFE,2024-08-28 21:16:00,17648.0,17698.0,17542.0,17546.0,5793.0,102044248.0,0.0
MHImain,HKFE,2024-08-29 01:16:00,17550.0,17608.0,17447.0,17526.0,31741.0,556284628.0,0.0
MHImain,HKFE,2024-08-29 11:31:00,17525.0,17748.0,17522.0,17722.0,25951.0,458122856.0,0.0
MHImain,HKFE,2024-08-29 17:15:00,17723.0,17796.0,17707.0,17728.0,5526.0,98137079.0,0.0
MHImain,HKFE,2024-08-29 21:16:00,17728.0,17757.0,17690.0,17745.0,6724.0,119182341.0,0.0
MHImain,HKFE,2024-08-30 01:16:00,17745.0,18029.0,17715.0,18029.0,37864.0,677647664.0,0.0
MHImain,HKFE,2024-08-30 11:31:00,18030.0,18159.0,17916.0,17949.0,34316.0,619359409.0,0.0
MHImain,HKFE,2024-08-30 17:15:00,17949.0,17969.0,17885.0,17902.0,6053.0,108486109.0,0.0
MHImain,HKFE,2024-08-30 21:16:00,17902.0,17907.0,17709.0,17739.0,12192.0,217089708.0,0.0
MHImain,HKFE,2024-08-31 01:16:00,17737.0,17792.0,17736.0,17787.0,1368.0,24302027.0,0.0
MHImain,HKFE,2024-09-02 01:16:00,17792.0,17805.0,17609.0,17616.0,30812.0,545267793.0,0.0
MHImain,HKFE,2024-09-02 11:31:00,17615.0,17677.0,17586.0,17647.0,17125.0,301915085.0,0.0
MHImain,HKFE,2024-09-02 17:15:00,17648.0,17659.0,17607.0,17639.0,2851.0,50268777.0,0.0
MHImain,HKFE,2024-09-02 21:16:00,17638.0,17666.0,17614.0,17666.0,2989.0,52735569.0,0.0
MHImain,HKFE,2024-09-03 01:16:00,17666.0,17695.0,17538.0,17588.0,37452.0,659729466.0,0.0
MHImain,HKFE,2024-09-03 11:31:00,17587.0,17629.0,17551.0,17593.0,12330.0,216874167.0,0.0
MHImain,HKFE,2024-09-03 17:15:00,17593.0,17593.0,17482.0,17510.0,5687.0,99602342.0,0.0
MHImain,HKFE,2024-09-03 21:16:00,17510.0,17557.0,17456.0,17543.0,8887.0,155573926.0,0.0
MHImain,HKFE,2024-09-04 01:16:00,17543.0,17553.0,17298.0,17420.0,42323.0,736928183.0,0.0
MHImain,HKFE,2024-09-04 11:31:00,17419.0,17452.0,17362.0,17435.0,18811.0,327474953.0,0.0
MHImain,HKFE,2024-09-04 17:15:00,17436.0,17498.0,17436.0,17490.0,3354.0,58615837.0,0.0
MHImain,HKFE,2024-09-04 21:16:00,17489.0,17546.0,17454.0,17502.0,8469.0,148278316.0,0.0
MHImain,HKFE,2024-09-05 01:16:00,17498.0,17543.0,17364.0,17371.0,37405.0,652830293.0,0.0
MHImain,HKFE,2024-09-05 11:31:00,17373.0,17443.0,17310.0,17440.0,17391.0,301922730.0,0.0
MHImain,HKFE,2024-09-05 17:15:00,17439.0,17441.0,17401.0,17432.0,2233.0,38910818.0,0.0
MHImain,HKFE,2024-09-05 21:16:00,17432.0,17432.0,17432.0,17432.0,0.0,0.0,0.0
MHImain,HKFE,2024-09-06 01:16:00,17432.0,17432.0,17432.0,17432.0,0.0,0.0,0.0
MHImain,HKFE,2024-09-06 11:31:00,17432.0,17432.0,17432.0,17432.0,0.0,0.0,0.0
MHImain,HKFE,2024-09-09 01:16:00,17300.0,17312.0,17082.0,17117.0,30107.0,517126127.0,0.0
MHImain,HKFE,2024-09-09 11:31:00,17118.0,17167.0,17059.0,17150.0,17081.0,292289011.0,0.0
MHImain,HKFE,2024-09-09 17:15:00,17153.0,17178.0,17092.0,17139.0,4094.0,70130026.0,0.0
MHImain,HKFE,2024-09-09 21:16:00,17139.0,17259.0,17136.0,17252.0,7502.0,128962945.0,0.0
MHImain,HKFE,2024-09-10 01:16:00,17253.0,17270.0,17117.0,17222.0,33994.0,584551282.0,0.0
MHImain,HKFE,2024-09-10 11:31:00,17222.0,17290.0,17185.0,17189.0,18978.0,327267125.0,0.0
MHImain,HKFE,2024-09-10 17:15:00,17188.0,17195.0,17145.0,17161.0,3812.0,65456734.0,0.0
MHImain,HKFE,2024-09-10 21:16:00,17161.0,17186.0,17015.0,17037.0,9155.0,156409326.0,0.0
MHImain,HKFE,2024-09-11 01:16:00,17036.0,17074.0,16948.0,16970.0,33341.0,567195154.0,0.0
MHImain,HKFE,2024-09-11 11:31:00,16970.0,17122.0,16954.0,17087.0,19279.0,328685666.0,0.0
MHImain,HKFE,2024-09-11 17:15:00,17085.0,17145.0,17055.0,17132.0,5488.0,93850122.0,0.0
MHImain,HKFE,2024-09-11 21:16:00,17135.0,17199.0,17019.0,17195.0,13093.0,224054248.0,0.0
MHImain,HKFE,2024-09-12 01:16:00,17195.0,17324.0,17136.0,17301.0,37828.0,651613076.0,0.0
MHImain,HKFE,2024-09-12 11:31:00,17301.0,17356.0,17233.0,17256.0,18836.0,325832278.0,0.0
MHImain,HKFE,2024-09-12 17:15:00,17257.0,17300.0,17248.0,17269.0,4394.0,75909720.0,0.0
MHImain,HKFE,2024-09-12 21:16:00,17273.0,17297.0,17166.0,17288.0,8300.0,142919287.0,0.0
MHImain,HKFE,2024-09-13 01:16:00,17290.0,17574.0,17260.0,17465.0,37741.0,659182375.0,0.0
MHImain,HKFE,2024-09-13 11:31:00,17464.0,17464.0,17375.0,17375.0,17204.0,299620644.0,0.0
MHImain,HKFE,2024-09-13 17:15:00,17379.0,17418.0,17315.0,17403.0,5208.0,90468807.0,0.0
MHImain,HKFE,2024-09-13 21:16:00,17405.0,17423.0,17325.0,17335.0,7914.0,137530936.0,0.0
MHImain,HKFE,2024-09-14 01:16:00,17335.0,17364.0,17328.0,17352.0,714.0,12387123.0,0.0
MHImain,HKFE,2024-09-16 01:16:00,17320.0,17372.0,17189.0,17354.0,29657.0,512770741.0,0.0
MHImain,HKFE,2024-09-16 11:31:00,17353.0,17450.0,17332.0,17449.0,13614.0,236796869.0,0.0
MHImain,HKFE,2024-09-16 17:15:00,17450.0,17468.0,17412.0,17448.0,2822.0,49206251.0,0.0
MHImain,HKFE,2024-09-16 21:16:00,17448.0,17473.0,17409.0,17425.0,4775.0,83288678.0,0.0
MHImain,HKFE,2024-09-17 01:16:00,17425.0,17719.0,17395.0,17718.0,31596.0,555578017.0,0.0
MHImain,HKFE,2024-09-17 11:31:00,17716.0,17743.0,17639.0,17676.0,16708.0,295535760.0,0.0
MHImain,HKFE,2024-09-17 17:15:00,17678.0,17715.0,17656.0,17667.0,3824.0,67622544.0,0.0
MHImain,HKFE,2024-09-17 21:16:00,17665.0,17737.0,17638.0,17653.0,5856.0,103590036.0,0.0
MHImain,HKFE,2024-09-18 01:16:00,17651.0,17675.0,17645.0,17669.0,979.0,17289965.0,0.0
MHImain,HKFE,2024-09-19 01:16:00,17728.0,17971.0,17601.0,17964.0,44724.0,794348412.0,0.0
MHImain,HKFE,2024-09-19 11:31:00,17965.0,18097.0,17943.0,18060.0,25409.0,458079970.0,0.0
MHImain,HKFE,2024-09-19 17:15:00,18062.0,18144.0,18033.0,18060.0,6741.0,121991013.0,0.0
MHImain,HKFE,2024-09-19 21:16:00,18060.0,18142.0,17955.0,18142.0,11495.0,207293376.0,0.0
MHImain,HKFE,2024-09-20 01:16:00,18141.0,18378.0,18048.0,18239.0,52553.0,958725078.0,0.0
MHImain,HKFE,2024-09-20 11:31:00,18239.0,18304.0,18180.0,18284.0,23605.0,430580328.0,0.0
MHImain,HKFE,2024-09-20 17:15:00,18284.0,18314.0,18255.0,18275.0,3297.0,60291971.0,0.0
MHImain,HKFE,2024-09-20 21:16:00,18275.0,18309.0,18166.0,18204.0,9052.0,164905394.0,0.0
MHImain,HKFE,2024-09-21 01:16:00,18205.0,18211.0,18169.0,18196.0,1094.0,19896448.0,0.0
MHImain,HKFE,2024-09-23 01:16:00,18250.0,18449.0,18225.0,18416.0,36409.0,668557881.0,0.0
MHImain,HKFE,2024-09-23 11:31:00,18421.0,18421.0,18224.0,18269.0,21535.0,394143683.0,0.0
MHImain,HKFE,2024-09-23 17:15:00,18265.0,18366.0,18253.0,18354.0,3542.0,64838332.0,0.0
MHImain,HKFE,2024-09-23 21:16:00,18354.0,18539.0,18317.0,18455.0,13825.0,254974259.0,0.0
MHImain,HKFE,2024-09-24 01:16:00,18455.0,18870.0,18443.0,18869.0,54351.0,1014784196.0,0.0
MHImain,HKFE,2024-09-24 11:31:00,18870.0,19094.0,18817.0,19085.0,39418.0,747254175.0,0.0
MHImain,HKFE,2024-09-24 17:15:00,19088.0,19383.0,19068.0,19370.0,16276.0,312909402.0,0.0
MHImain,HKFE,2024-09-24 21:16:00,19368.0,19652.0,19288.0,19650.0,31149.0,605936735.0,0.0
MHImain,HKFE,2024-09-25 01:16:00,19647.0,19767.0,19307.0,19398.0,55708.0,1085774889.0,0.0
MHImain,HKFE,2024-09-25 11:31:00,19399.0,19414.0,19090.0,19204.0,34205.0,657746792.0,0.0
MHImain,HKFE,2024-09-25 17:15:00,19204.0,19385.0,19144.0,19295.0,11595.0,223753580.0,0.0
MHImain,HKFE,2024-09-25 21:16:00,19290.0,19506.0,19243.0,19387.0,16729.0,324292561.0,0.0
MHImain,HKFE,2024-09-26 01:16:00,19390.0,19530.0,19172.0,19523.0,45241.0,876879244.0,0.0
MHImain,HKFE,2024-09-26 11:31:00,19521.0,20030.0,19512.0,20028.0,47153.0,932727302.0,0.0
MHImain,HKFE,2024-09-26 17:15:00,20129.0,20793.0,20124.0,20626.0,23161.0,474513213.0,0.0
MHImain,HKFE,2024-09-26 21:16:00,20628.0,20805.0,20350.0,20560.0,24411.0,501946142.0,0.0
MHImain,HKFE,2024-09-27 01:16:00,20562.0,20758.0,20358.0,20753.0,60976.0,1251482386.0,0.0
MHImain,HKFE,2024-09-27 11:31:00,20755.0,20996.0,20390.0,20926.0,71750.0,1481140166.0,0.0
MHImain,HKFE,2024-09-27 17:15:00,20927.0,20986.0,20615.0,20643.0,33486.0,696275287.0,0.0
MHImain,HKFE,2024-09-27 21:16:00,20642.0,21068.0,20634.0,20928.0,31177.0,651632432.0,0.0
MHImain,HKFE,2024-09-28 01:16:00,20929.0,20953.0,20844.0,20893.0,3107.0,64958003.0,0.0
MHImain,HKFE,2024-09-30 01:16:00,21030.0,21398.0,20911.0,21378.0,82215.0,1738665603.0,0.0
MHImain,HKFE,2024-09-30 11:31:00,21379.0,21591.0,21118.0,21282.0,92713.0,1982001256.0,0.0
MHImain,HKFE,2024-09-30 17:15:00,21274.0,21349.0,21105.0,21206.0,18901.0,400964719.0,0.0
MHImain,HKFE,2024-09-30 21:16:00,21205.0,21218.0,20708.0,20772.0,38663.0,809878307.0,0.0
MHImain,HKFE,2024-10-01 01:16:00,20772.0,20829.0,20717.0,20769.0,4665.0,96885544.0,0.0
MHImain,HKFE,2024-10-02 01:16:00,21210.0,22556.0,21200.0,22485.0,109487.0,2403940047.0,0.0
MHImain,HKFE,2024-10-02 11:31:00,22484.0,22778.0,22049.0,22460.0,123363.0,2767271907.0,0.0
MHImain,HKFE,2024-10-02 17:15:00,22451.0,22862.0,22411.0,22419.0,46897.0,1060964450.0,0.0
MHImain,HKFE,2024-10-02 21:16:00,22418.0,22504.0,22111.0,22309.0,56921.0,1269179096.0,0.0
MHImain,HKFE,2024-10-03 01:16:00,22306.0,22700.0,21527.0,21651.0,102744.0,2261262596.0,0.0
MHImain,HKFE,2024-10-03 11:31:00,21651.0,22528.0,21630.0,22155.0,91122.0,2018657009.0,0.0
MHImain,HKFE,2024-10-03 17:15:00,22149.0,22350.0,21657.0,21698.0,31306.0,689625162.0,0.0
MHImain,HKFE,2024-10-03 21:16:00,21696.0,22256.0,21693.0,22080.0,39745.0,876759942.0,0.0
MHImain,HKFE,2024-10-04 01:16:00,22083.0,22738.0,21875.0,22596.0,94112.0,2103587168.0,0.0
MHImain,HKFE,2024-10-04 11:31:00,22600.0,22888.0,22398.0,22875.0,64389.0,1458214614.0,0.0
MHImain,HKFE,2024-10-04 17:15:00,22871.0,22877.0,22681.0,22762.0,21993.0,500751792.0,0.0
MHImain,HKFE,2024-10-04 21:16:00,22765.0,22781.0,22518.0,22604.0,34940.0,790602252.0,0.0
MHImain,HKFE,2024-10-05 01:16:00,22608.0,22652.0,22579.0,22609.0,3254.0,73586144.0,0.0
MHImain,HKFE,2024-10-07 01:16:00,22980.0,23330.0,22787.0,23051.0,84364.0,1942638939.0,0.0
MHImain,HKFE,2024-10-07 11:31:00,23055.0,23220.0,23003.0,23197.0,38600.0,891895251.0,0.0
MHImain,HKFE,2024-10-07 17:15:00,23192.0,23277.0,23105.0,23146.0,14034.0,325492370.0,0.0
MHImain,HKFE,2024-10-07 21:16:00,23147.0,23274.0,22917.0,23215.0,29757.0,687410038.0,0.0
MHImain,HKFE,2024-10-08 01:16:00,23218.0,23333.0,20802.0,21790.0,166112.0,3650427629.0,0.0
MHImain,HKFE,2024-10-08 11:31:00,21793.0,22055.0,20649.0,20780.0,117422.0,2513630709.0,0.0
MHImain,HKFE,2024-10-08 17:15:00,20788.0,21430.0,20788.0,21312.0,36960.0,782262910.0,0.0
MHImain,HKFE,2024-10-08 21:16:00,21309.0,21510.0,21104.0,21104.0,33911.0,722709967.0,0.0
MHImain,HKFE,2024-10-09 01:16:00,21104.0,21474.0,20239.0,20672.0,132138.0,2763950064.0,0.0
MHImain,HKFE,2024-10-09 11:31:00,20671.0,21387.0,20518.0,20628.0,129280.0,2701954652.0,0.0
MHImain,HKFE,2024-10-09 17:15:00,20628.0,20899.0,20628.0,20717.0,17790.0,369952106.0,0.0
MHImain,HKFE,2024-10-09 21:16:00,20721.0,21209.0,20674.0,21065.0,34202.0,718587859.0,0.0
MHImain,HKFE,2024-10-10 01:16:00,21065.0,21557.0,21001.0,21460.0,96858.0,2059904009.0,0.0
MHImain,HKFE,2024-10-10 11:31:00,21458.0,21650.0,21181.0,21270.0,68368.0,1462658051.0,0.0
MHImain,HKFE,2024-10-10 17:15:00,21274.0,21448.0,21207.0,21380.0,12779.0,272420876.0,0.0
MHImain,HKFE,2024-10-10 21:16:00,21380.0,21398.0,20996.0,21315.0,29758.0,631361622.0,0.0
MHImain,HKFE,2024-10-11 01:16:00,21319.0,21443.0,21257.0,21289.0,3700.0,79071195.0,0.0
MHImain,HKFE,2024-10-14 01:16:00,21206.0,21355.0,20724.0,21160.0,74988.0,1577176179.0,0.0
MHImain,HKFE,2024-10-14 11:31:00,21160.0,21397.0,21068.0,21091.0,40307.0,854945718.0,0.0
MHImain,HKFE,2024-10-14 17:15:00,21092.0,21134.0,20937.0,21054.0,5701.0,119937034.0,0.0
MHImain,HKFE,2024-10-14 21:16:00,21055.0,21427.0,20892.0,21101.0,24984.0,530467346.0,0.0
MHImain,HKFE,2024-10-15 01:16:00,21106.0,21182.0,20773.0,20865.0,53276.0,1118102705.0,0.0
MHImain,HKFE,2024-10-15 11:31:00,20863.0,20872.0,20184.0,20365.0,53079.0,1086256022.0,0.0
MHImain,HKFE,2024-10-15 17:15:00,20365.0,20493.0,20285.0,20484.0,12274.0,250203882.0,0.0
MHImain,HKFE,2024-10-15 21:16:00,20487.0,20524.0,20163.0,20212.0,20785.0,422894297.0,0.0
MHImain,HKFE,2024-10-16 01:16:00,20212.0,20562.0,20088.0,20405.0,64777.0,1318166611.0,0.0
MHImain,HKFE,2024-10-16 11:31:00,20405.0,20592.0,20246.0,20288.0,42021.0,857867535.0,0.0
MHImain,HKFE,2024-10-16 17:15:00,20288.0,20387.0,20262.0,20322.0,5776.0,117347495.0,0.0
MHImain,HKFE,2024-10-16 21:16:00,20325.0,20540.0,20308.0,20452.0,13581.0,277524147.0,0.0
MHImain,HKFE,2024-10-17 01:16:00,20455.0,20804.0,20383.0,20408.0,62765.0,1291336567.0,0.0
MHImain,HKFE,2024-10-17 11:31:00,20407.0,20502.0,20001.0,20040.0,41397.0,838322782.0,0.0
MHImain,HKFE,2024-10-17 17:15:00,20042.0,20099.0,19955.0,20008.0,8699.0,174350777.0,0.0
MHImain,HKFE,2024-10-17 21:16:00,20012.0,20082.0,19862.0,19975.0,17862.0,356828769.0,0.0
MHImain,HKFE,2024-10-18 01:16:00,19975.0,20464.0,19957.0,20309.0,65546.0,1327414912.0,0.0
MHImain,HKFE,2024-10-18 11:31:00,20313.0,20976.0,20238.0,20868.0,73208.0,1513273265.0,0.0
MHImain,HKFE,2024-10-18 17:15:00,20859.0,20934.0,20783.0,20888.0,8923.0,186176628.0,0.0
MHImain,HKFE,2024-10-18 21:16:00,20888.0,20894.0,20669.0,20755.0,17040.0,353541523.0,0.0
MHImain,HKFE,2024-10-19 01:16:00,20757.0,20790.0,20742.0,20789.0,1186.0,24626367.0,0.0
MHImain,HKFE,2024-10-21 01:16:00,20853.0,20864.0,20585.0,20744.0,55316.0,1146541747.0,0.0
MHImain,HKFE,2024-10-21 11:31:00,20743.0,20779.0,20433.0,20471.0,35518.0,730037066.0,0.0
MHImain,HKFE,2024-10-21 17:15:00,20476.0,20494.0,20321.0,20397.0,5318.0,108489754.0,0.0
MHImain,HKFE,2024-10-21 21:16:00,20397.0,20528.0,20278.0,20395.0,12210.0,249168265.0,0.0
MHImain,HKFE,2024-10-22 01:16:00,20394.0,20646.0,20305.0,20605.0,54789.0,1125346229.0,0.0
MHImain,HKFE,2024-10-22 11:31:00,20606.0,20638.0,20384.0,20489.0,28770.0,589884866.0,0.0
MHImain,HKFE,2024-10-22 17:15:00,20487.0,20489.0,20384.0,20461.0,4875.0,99571551.0,0.0
MHImain,HKFE,2024-10-22 21:16:00,20464.0,20745.0,20461.0,20645.0,15830.0,326408896.0,0.0
MHImain,HKFE,2024-10-23 01:16:00,20645.0,20874.0,20451.0,20791.0,49534.0,1024997291.0,0.0
MHImain,HKFE,2024-10-23 11:31:00,20790.0,20951.0,20686.0,20731.0,32667.0,679918288.0,0.0
MHImain,HKFE,2024-10-23 17:15:00,20725.0,20758.0,20647.0,20701.0,4429.0,91668784.0,0.0
MHImain,HKFE,2024-10-23 21:16:00,20701.0,20755.0,20508.0,20508.0,11975.0,247052681.0,0.0
MHImain,HKFE,2024-10-24 01:16:00,20508.0,20693.0,20459.0,20595.0,44738.0,920107398.0,0.0
MHImain,HKFE,2024-10-24 11:31:00,20595.0,20602.0,20450.0,20504.0,25470.0,522401846.0,0.0
MHImain,HKFE,2024-10-24 17:15:00,20500.0,20500.0,20396.0,20442.0,3705.0,75722781.0,0.0
MHImain,HKFE,2024-10-24 21:16:00,20440.0,20527.0,20284.0,20389.0,12295.0,250605191.0,0.0
MHImain,HKFE,2024-10-25 01:16:00,20389.0,20751.0,20378.0,20740.0,41804.0,862363044.0,0.0
MHImain,HKFE,2024-10-25 11:31:00,20740.0,20787.0,20560.0,20612.0,28343.0,585317770.0,0.0
MHImain,HKFE,2024-10-25 17:15:00,20612.0,20673.0,20548.0,20604.0,4170.0,85950510.0,0.0
MHImain,HKFE,2024-10-25 21:16:00,20604.0,20692.0,20498.0,20500.0,11768.0,242260852.0,0.0
MHImain,HKFE,2024-10-26 01:16:00,20498.0,20527.0,20472.0,20520.0,1217.0,24948239.0,0.0
MHImain,HKFE,2024-10-28 01:16:00,20581.0,20658.0,20415.0,20568.0,33931.0,697371965.0,0.0
MHImain,HKFE,2024-10-28 11:31:00,20568.0,20666.0,20515.0,20603.0,18049.0,372016427.0,0.0
MHImain,HKFE,2024-10-28 17:15:00,20597.0,20609.0,20533.0,20584.0,2490.0,51207393.0,0.0
MHImain,HKFE,2024-10-28 21:16:00,20584.0,20810.0,20541.0,20727.0,9365.0,193874369.0,0.0
MHImain,HKFE,2024-10-29 01:16:00,20729.0,20895.0,20656.0,20667.0,35912.0,745896538.0,0.0
MHImain,HKFE,2024-10-29 11:31:00,20670.0,20787.0,20551.0,20787.0,21728.0,448853480.0,0.0
MHImain,HKFE,2024-10-29 17:15:00,20843.0,21176.0,20843.0,20947.0,10056.0,211884475.0,0.0
MHImain,HKFE,2024-10-29 21:16:00,20949.0,20961.0,20746.0,20774.0,7475.0,155674470.0,0.0
MHImain,HKFE,2024-10-30 01:16:00,20777.0,20813.0,20414.0,20418.0,36684.0,756414260.0,0.0
MHImain,HKFE,2024-10-30 11:31:00,20417.0,20475.0,20320.0,20439.0,24723.0,504203848.0,0.0
MHImain,HKFE,2024-10-30 17:15:00,20428.0,20429.0,20295.0,20314.0,4934.0,100412441.0,0.0
MHImain,HKFE,2024-10-30 21:16:00,20310.0,20519.0,20287.0,20475.0,11022.0,225278645.0,0.0
MHImain,HKFE,2024-10-31 01:16:00,20475.0,20599.0,20438.0,20533.0,44288.0,908873581.0,0.0
MHImain,HKFE,2024-10-31 11:31:00,20535.0,20547.0,20333.0,20349.0,26302.0,537396571.0,0.0
MHImain,HKFE,2024-10-31 17:15:00,20356.0,20418.0,20317.0,20400.0,3514.0,71582053.0,0.0
MHImain,HKFE,2024-10-31 21:16:00,20400.0,20437.0,20229.0,20403.0,11356.0,230725946.0,0.0
MHImain,HKFE,2024-11-01 01:16:00,20404.0,20578.0,20380.0,20547.0,48954.0,1003405662.0,0.0
MHImain,HKFE,2024-11-01 11:31:00,20548.0,20712.0,20476.0,20524.0,26928.0,553753002.0,0.0
MHImain,HKFE,2024-11-01 17:15:00,20529.0,20660.0,20473.0,20606.0,6068.0,124762077.0,0.0
MHImain,HKFE,2024-11-01 21:16:00,20603.0,20655.0,20513.0,20554.0,9236.0,190096124.0,0.0
MHImain,HKFE,2024-11-02 01:16:00,20554.0,20555.0,20456.0,20493.0,1524.0,31232754.0,0.0
MHImain,HKFE,2024-11-04 01:16:00,20555.0,20660.0,20452.0,20562.0,35906.0,738512072.0,0.0
MHImain,HKFE,2024-11-04 11:31:00,20560.0,20603.0,20490.0,20588.0,14167.0,291258960.0,0.0
MHImain,HKFE,2024-11-04 17:15:00,20583.0,20656.0,20571.0,20616.0,3189.0,65776057.0,0.0
MHImain,HKFE,2024-11-04 21:16:00,20620.0,20754.0,20540.0,20568.0,11535.0,238270158.0,0.0
MHImain,HKFE,2024-11-05 01:16:00,20567.0,20829.0,20375.0,20817.0,48095.0,992286547.0,0.0
MHImain,HKFE,2024-11-05 11:31:00,20817.0,21058.0,20800.0,21000.0,30613.0,640120245.0,0.0
MHImain,HKFE,2024-11-05 17:15:00,21003.0,21065.0,20923.0,20930.0,5112.0,107279360.0,0.0
MHImain,HKFE,2024-11-05 21:16:00,20932.0,21028.0,20868.0,20970.0,11368.0,238041722.0,0.0
MHImain,HKFE,2024-11-06 01:16:00,20967.0,20977.0,20364.0,20452.0,54123.0,1119591586.0,0.0
MHImain,HKFE,2024-11-06 11:31:00,20449.0,20657.0,20351.0,20613.0,38145.0,782296669.0,0.0
MHImain,HKFE,2024-11-06 17:15:00,20607.0,20612.0,20434.0,20438.0,6440.0,132029786.0,0.0
MHImain,HKFE,2024-11-06 21:16:00,20435.0,20556.0,20217.0,20495.0,19798.0,403825705.0,0.0
MHImain,HKFE,2024-11-07 01:16:00,20494.0,20833.0,20350.0,20752.0,47887.0,987010985.0,0.0
MHImain,HKFE,2024-11-07 11:31:00,20752.0,21073.0,20731.0,21060.0,35722.0,745959199.0,0.0
MHImain,HKFE,2024-11-07 17:15:00,21065.0,21135.0,20990.0,21131.0,6437.0,135524685.0,0.0
MHImain,HKFE,2024-11-07 21:16:00,21133.0,21292.0,21116.0,21269.0,16888.0,358139682.0,0.0
MHImain,HKFE,2024-11-08 01:16:00,21270.0,21377.0,20850.0,20863.0,54050.0,1141674876.0,0.0
MHImain,HKFE,2024-11-08 11:31:00,20860.0,20940.0,20391.0,20583.0,48725.0,1010819289.0,0.0
MHImain,HKFE,2024-11-08 17:15:00,20591.0,20681.0,20388.0,20466.0,12811.0,262691046.0,0.0
MHImain,HKFE,2024-11-08 21:16:00,20466.0,20610.0,20183.0,20222.0,18913.0,385697976.0,0.0
MHImain,HKFE,2024-11-09 01:16:00,20223.0,20298.0,20191.0,20285.0,3014.0,60997537.0,0.0
MHImain,HKFE,2024-11-11 01:16:00,20294.0,20407.0,20161.0,20328.0,42322.0,858043555.0,0.0
MHImain,HKFE,2024-11-11 11:31:00,20330.0,20519.0,20278.0,20453.0,31323.0,638903796.0,0.0
MHImain,HKFE,2024-11-11 17:15:00,20444.0,20485.0,20362.0,20365.0,4674.0,95412609.0,0.0
MHImain,HKFE,2024-11-11 21:16:00,20365.0,20398.0,20268.0,20305.0,8532.0,173442467.0,0.0
MHImain,HKFE,2024-11-12 01:16:00,20306.0,20546.0,20101.0,20172.0,41926.0,852159645.0,0.0
MHImain,HKFE,2024-11-12 11:31:00,20170.0,20173.0,19775.0,19892.0,38223.0,760931962.0,0.0
MHImain,HKFE,2024-11-12 17:15:00,19888.0,19914.0,19731.0,19832.0,8712.0,172516675.0,0.0
MHImain,HKFE,2024-11-12 21:16:00,19832.0,19880.0,19586.0,19593.0,12276.0,242286252.0,0.0
MHImain,HKFE,2024-11-13 01:16:00,19590.0,19783.0,19569.0,19760.0,41693.0,821109402.0,0.0
MHImain,HKFE,2024-11-13 11:31:00,19760.0,19858.0,19646.0,19800.0,25141.0,496410657.0,0.0
MHImain,HKFE,2024-11-13 17:15:00,19812.0,19975.0,19768.0,19777.0,8017.0,159324648.0,0.0
MHImain,HKFE,2024-11-13 21:16:00,19777.0,19861.0,19592.0,19655.0,11958.0,235598573.0,0.0
MHImain,HKFE,2024-11-14 01:16:00,19654.0,19859.0,19585.0,19689.0,36000.0,709646820.0,0.0
MHImain,HKFE,2024-11-14 11:31:00,19689.0,19692.0,19389.0,19437.0,28419.0,554249643.0,0.0
MHImain,HKFE,2024-11-14 17:15:00,19442.0,19519.0,19409.0,19518.0,4815.0,93707896.0,0.0
MHImain,HKFE,2024-11-14 21:16:00,19519.0,19555.0,19359.0,19446.0,13740.0,267538649.0,0.0
MHImain,HKFE,2024-11-15 01:16:00,19446.0,19626.0,19339.0,19555.0,43193.0,842777528.0,0.0
MHImain,HKFE,2024-11-15 11:31:00,19560.0,19614.0,19407.0,19424.0,22581.0,440529119.0,0.0
MHImain,HKFE,2024-11-15 17:15:00,19425.0,19624.0,19425.0,19542.0,7165.0,139994934.0,0.0
MHImain,HKFE,2024-11-15 21:16:00,19544.0,19554.0,19404.0,19460.0,9466.0,184281462.0,0.0
MHImain,HKFE,2024-11-16 01:16:00,19459.0,19483.0,19432.0,19465.0,797.0,15504454.0,0.0
MHImain,HKFE,2024-11-18 01:16:00,19566.0,19799.0,19486.0,19722.0,42287.0,831295183.0,0.0
MHImain,HKFE,2024-11-18 11:31:00,19723.0,19726.0,19518.0,19611.0,23184.0,454355953.0,0.0
MHImain,HKFE,2024-11-18 17:15:00,19606.0,19662.0,19589.0,19624.0,3174.0,62292074.0,0.0
MHImain,HKFE,2024-11-18 21:16:00,19625.0,19743.0,19612.0,19737.0,7110.0,139955607.0,0.0
MHImain,HKFE,2024-11-19 01:16:00,19740.0,19794.0,19577.0,19662.0,30590.0,602213581.0,0.0
MHImain,HKFE,2024-11-19 11:31:00,19661.0,19725.0,19530.0,19691.0,22743.0,446668924.0,0.0
MHImain,HKFE,2024-11-19 17:15:00,19685.0,19685.0,19411.0,19565.0,9283.0,181230556.0,0.0
MHImain,HKFE,2024-11-19 21:16:00,19563.0,19618.0,19522.0,19600.0,6665.0,130420620.0,0.0
MHImain,HKFE,2024-11-20 01:16:00,19599.0,19754.0,19560.0,19688.0,28325.0,556749613.0,0.0
MHImain,HKFE,2024-11-20 11:31:00,19686.0,19779.0,19622.0,19716.0,18842.0,371031545.0,0.0
MHImain,HKFE,2024-11-20 17:15:00,19713.0,19716.0,19630.0,19684.0,3302.0,64932734.0,0.0
MHImain,HKFE,2024-11-20 21:16:00,19685.0,19693.0,19585.0,19622.0,5904.0,115920013.0,0.0
MHImain,HKFE,2024-11-21 01:16:00,19622.0,19787.0,19600.0,19673.0,28380.0,558673460.0,0.0
MHImain,HKFE,2024-11-21 11:31:00,19673.0,19704.0,19553.0,19589.0,17287.0,339564401.0,0.0
MHImain,HKFE,2024-11-21 17:15:00,19588.0,19603.0,19495.0,19565.0,5390.0,105362060.0,0.0
MHImain,HKFE,2024-11-21 21:16:00,19566.0,19634.0,19548.0,19568.0,7110.0,139278125.0,0.0
MHImain,HKFE,2024-11-22 01:16:00,19566.0,19725.0,19455.0,19463.0,29735.0,583187377.0,0.0
MHImain,HKFE,2024-11-22 11:31:00,19462.0,19483.0,19136.0,19221.0,30664.0,591352700.0,0.0
MHImain,HKFE,2024-11-22 17:15:00,19215.0,19215.0,19043.0,19200.0,7168.0,137039363.0,0.0
MHImain,HKFE,2024-11-22 21:16:00,19200.0,19220.0,19144.0,19194.0,5781.0,110895427.0,0.0
MHImain,HKFE,2024-11-23 01:16:00,19194.0,19217.0,19173.0,19213.0,780.0,14973083.0,0.0
MHImain,HKFE,2024-11-25 01:16:00,19327.0,19385.0,19184.0,19194.0,30312.0,584760943.0,0.0
MHImain,HKFE,2024-11-25 11:31:00,19196.0,19232.0,19111.0,19136.0,19715.0,378023695.0,0.0
MHImain,HKFE,2024-11-25 17:15:00,19136.0,19180.0,19116.0,19144.0,2668.0,51082595.0,0.0
MHImain,HKFE,2024-11-25 21:16:00,19143.0,19236.0,19135.0,19173.0,5923.0,113615720.0,0.0
MHImain,HKFE,2024-11-26 01:16:00,19171.0,19312.0,18965.0,19272.0,30807.0,590992414.0,0.0
MHImain,HKFE,2024-11-26 11:31:00,19273.0,19282.0,19136.0,19162.0,13376.0,256777201.0,0.0
MHImain,HKFE,2024-11-26 17:15:00,19166.0,19308.0,19166.0,19286.0,4376.0,84244803.0,0.0
MHImain,HKFE,2024-11-26 21:16:00,19289.0,19290.0,19077.0,19128.0,6146.0,117853830.0,0.0
MHImain,HKFE,2024-11-27 01:16:00,19128.0,19306.0,19081.0,19261.0,28357.0,544545699.0,0.0
MHImain,HKFE,2024-11-27 11:31:00,19262.0,19693.0,19236.0,19598.0,27389.0,533460829.0,0.0
MHImain,HKFE,2024-11-27 17:15:00,19643.0,19647.0,19576.0,19610.0,2856.0,56003919.0,0.0
MHImain,HKFE,2024-11-27 21:16:00,19612.0,19702.0,19590.0,19618.0,4514.0,88689184.0,0.0
MHImain,HKFE,2024-11-28 01:16:00,19617.0,19705.0,19360.0,19381.0,28013.0,546146568.0,0.0
MHImain,HKFE,2024-11-28 11:31:00,19378.0,19462.0,19368.0,19396.0,13953.0,270836496.0,0.0
MHImain,HKFE,2024-11-28 17:15:00,19395.0,19443.0,19395.0,19427.0,2204.0,42800054.0,0.0
MHImain,HKFE,2024-11-28 21:16:00,19425.0,19475.0,19418.0,19466.0,2925.0,56893309.0,0.0
MHImain,HKFE,2024-11-29 01:16:00,19462.0,19646.0,19362.0,19638.0,34388.0,669441030.0,0.0
MHImain,HKFE,2024-11-29 11:31:00,19639.0,19723.0,19375.0,19508.0,30910.0,603849762.0,0.0
MHImain,HKFE,2024-11-29 17:15:00,19515.0,19577.0,19481.0,19537.0,3466.0,67682985.0,0.0
MHImain,HKFE,2024-11-29 21:16:00,19536.0,19659.0,19453.0,19644.0,8756.0,171201612.0,0.0
MHImain,HKFE,2024-11-30 01:16:00,19644.0,19673.0,19634.0,19648.0,1607.0,31585469.0,0.0
MHImain,HKFE,2024-12-02 01:16:00,19600.0,19751.0,19444.0,19521.0,36747.0,719991513.0,0.0
MHImain,HKFE,2024-12-02 11:31:00,19521.0,19668.0,19453.0,19620.0,22073.0,431671290.0,0.0
MHImain,HKFE,2024-12-02 17:15:00,19625.0,19707.0,19615.0,19654.0,4211.0,82773763.0,0.0
MHImain,HKFE,2024-12-02 21:16:00,19651.0,19659.0,19507.0,19600.0,7564.0,148089099.0,0.0
MHImain,HKFE,2024-12-03 01:16:00,19601.0,19661.0,19429.0,19622.0,33696.0,659031166.0,0.0
MHImain,HKFE,2024-12-03 11:31:00,19621.0,19831.0,19560.0,19809.0,33553.0,661356126.0,0.0
MHImain,HKFE,2024-12-03 17:15:00,19809.0,19838.0,19766.0,19823.0,2945.0,58301169.0,0.0
MHImain,HKFE,2024-12-03 21:16:00,19823.0,19836.0,19681.0,19786.0,11160.0,220427395.0,0.0
MHImain,HKFE,2024-12-04 01:16:00,19789.0,19887.0,19659.0,19819.0,35162.0,695092984.0,0.0
MHImain,HKFE,2024-12-04 11:31:00,19820.0,19884.0,19755.0,19791.0,23202.0,459863557.0,0.0
MHImain,HKFE,2024-12-04 17:15:00,19795.0,19800.0,19735.0,19757.0,3378.0,66778950.0,0.0
MHImain,HKFE,2024-12-04 21:16:00,19758.0,19777.0,19583.0,19646.0,9321.0,183350544.0,0.0
MHImain,HKFE,2024-12-05 01:16:00,19647.0,19684.0,19495.0,19586.0,29179.0,571630042.0,0.0
MHImain,HKFE,2024-12-05 11:31:00,19586.0,19664.0,19538.0,19659.0,14445.0,282952533.0,0.0
MHImain,HKFE,2024-12-05 17:15:00,19653.0,19673.0,19595.0,19628.0,2717.0,53335411.0,0.0
MHImain,HKFE,2024-12-05 21:16:00,19624.0,19710.0,19619.0,19674.0,5079.0,99906145.0,0.0
MHImain,HKFE,2024-12-06 01:16:00,19675.0,19987.0,19617.0,19977.0,41810.0,826180801.0,0.0
MHImain,HKFE,2024-12-06 11:31:00,19977.0,20004.0,19831.0,19935.0,23309.0,464332538.0,0.0
MHImain,HKFE,2024-12-06 17:15:00,19935.0,19993.0,19915.0,19934.0,3557.0,70939883.0,0.0
MHImain,HKFE,2024-12-06 21:16:00,19934.0,20010.0,19818.0,19836.0,10083.0,200590507.0,0.0
MHImain,HKFE,2024-12-07 01:16:00,19834.0,19839.0,19808.0,19823.0,872.0,17286250.0,0.0
MHImain,HKFE,2024-12-09 01:16:00,19800.0,19991.0,19733.0,19755.0,34190.0,678550439.0,0.0
MHImain,HKFE,2024-12-09 11:31:00,19754.0,20688.0,19737.0,20648.0,55458.0,1119396284.0,0.0
MHImain,HKFE,2024-12-09 17:15:00,20657.0,20895.0,20657.0,20873.0,13221.0,275345761.0,0.0
MHImain,HKFE,2024-12-09 21:16:00,20869.0,21384.0,20863.0,21362.0,30855.0,652580233.0,0.0
MHImain,HKFE,2024-12-10 01:16:00,21361.0,21384.0,20592.0,20712.0,64852.0,1351484577.0,0.0
MHImain,HKFE,2024-12-10 11:31:00,20711.0,20759.0,20366.0,20437.0,36080.0,740988855.0,0.0
MHImain,HKFE,2024-12-10 17:15:00,20442.0,20492.0,20250.0,20477.0,9927.0,202281113.0,0.0
MHImain,HKFE,2024-12-10 21:16:00,20475.0,20518.0,20368.0,20409.0,9380.0,191653015.0,0.0
MHImain,HKFE,2024-12-11 01:16:00,20413.0,20562.0,20305.0,20362.0,36076.0,738426337.0,0.0
MHImain,HKFE,2024-12-11 11:31:00,20362.0,20378.0,20153.0,20203.0,28954.0,586500598.0,0.0
MHImain,HKFE,2024-12-11 17:15:00,20200.0,20308.0,20125.0,20272.0,5979.0,120893066.0,0.0
MHImain,HKFE,2024-12-11 21:16:00,20275.0,20319.0,20134.0,20204.0,9363.0,189233209.0,0.0
MHImain,HKFE,2024-12-12 01:16:00,20200.0,20508.0,20167.0,20475.0,38985.0,791508238.0,0.0
MHImain,HKFE,2024-12-12 11:31:00,20475.0,20608.0,20411.0,20471.0,32599.0,668465705.0,0.0
MHImain,HKFE,2024-12-12 17:15:00,20470.0,20558.0,20080.0,20184.0,18870.0,383702814.0,0.0
MHImain,HKFE,2024-12-12 21:16:00,20183.0,20337.0,20134.0,20235.0,12701.0,256873271.0,0.0
MHImain,HKFE,2024-12-13 01:16:00,20233.0,20282.0,20042.0,20116.0,34051.0,685827066.0,0.0
MHImain,HKFE,2024-12-13 11:31:00,20117.0,20160.0,19941.0,20018.0,25947.0,520503343.0,0.0
MHImain,HKFE,2024-12-13 17:15:00,20009.0,20087.0,20001.0,20060.0,4084.0,81876234.0,0.0
MHImain,HKFE,2024-12-13 21:16:00,20062.0,20073.0,19884.0,19933.0,7934.0,158260430.0,0.0
MHImain,HKFE,2024-12-14 01:16:00,19932.0,19981.0,19923.0,19969.0,1281.0,25561565.0,0.0
MHImain,HKFE,2024-12-16 01:16:00,19988.0,20095.0,19824.0,19910.0,30885.0,616652800.0,0.0
MHImain,HKFE,2024-12-16 11:31:00,19910.0,19919.0,19759.0,19823.0,18535.0,367588649.0,0.0
MHImain,HKFE,2024-12-16 17:15:00,19813.0,19826.0,19734.0,19753.0,3820.0,75534431.0,0.0
MHImain,HKFE,2024-12-16 21:16:00,19756.0,19822.0,19703.0,19760.0,6463.0,127679946.0,0.0
MHImain,HKFE,2024-12-17 01:16:00,19763.0,19829.0,19641.0,19733.0,32140.0,634306351.0,0.0
MHImain,HKFE,2024-12-17 11:31:00,19734.0,19975.0,19697.0,19741.0,28608.0,566686250.0,0.0
MHImain,HKFE,2024-12-17 17:15:00,19741.0,19799.0,19714.0,19746.0,2960.0,58476256.0,0.0
MHImain,HKFE,2024-12-17 21:16:00,19746.0,19937.0,19721.0,19901.0,8492.0,168414489.0,0.0
MHImain,HKFE,2024-12-18 01:16:00,19900.0,19967.0,19837.0,19866.0,26533.0,528087245.0,0.0
MHImain,HKFE,2024-12-18 11:31:00,19866.0,20000.0,19830.0,19879.0,19985.0,397931121.0,0.0
MHImain,HKFE,2024-12-18 17:15:00,19876.0,19898.0,19781.0,19859.0,4266.0,84639423.0,0.0
MHImain,HKFE,2024-12-18 21:16:00,19858.0,19906.0,19806.0,19822.0,4546.0,90224662.0,0.0
MHImain,HKFE,2024-12-19 01:16:00,19825.0,19875.0,19549.0,19667.0,28404.0,558514732.0,0.0
MHImain,HKFE,2024-12-19 11:31:00,19668.0,19872.0,19659.0,19790.0,23465.0,463962338.0,0.0
MHImain,HKFE,2024-12-19 17:15:00,19794.0,19827.0,19737.0,19762.0,3793.0,75003338.0,0.0
MHImain,HKFE,2024-12-19 21:16:00,19765.0,19812.0,19713.0,19720.0,5702.0,112665562.0,0.0
MHImain,HKFE,2024-12-20 01:16:00,19720.0,19891.0,19651.0,19829.0,29185.0,577431100.0,0.0
MHImain,HKFE,2024-12-20 11:31:00,19832.0,19834.0,19651.0,19684.0,19647.0,388260186.0,0.0
MHImain,HKFE,2024-12-20 17:15:00,19684.0,19734.0,19637.0,19719.0,4162.0,81954437.0,0.0
MHImain,HKFE,2024-12-20 21:16:00,19718.0,19904.0,19667.0,19895.0,8462.0,167523346.0,0.0
MHImain,HKFE,2024-12-21 01:16:00,19893.0,19923.0,19877.0,19885.0,1196.0,23798785.0,0.0
MHImain,HKFE,2024-12-23 01:16:00,19850.0,19932.0,19759.0,19835.0,24303.0,482039008.0,0.0
MHImain,HKFE,2024-12-23 11:31:00,19834.0,19965.0,19821.0,19895.0,18803.0,373862233.0,0.0
MHImain,HKFE,2024-12-23 17:15:00,19893.0,19963.0,19860.0,19884.0,2901.0,57742574.0,0.0
MHImain,HKFE,2024-12-23 21:16:00,19884.0,19896.0,19816.0,19878.0,4832.0,95927896.0,0.0
MHImain,HKFE,2024-12-24 01:16:00,19878.0,20162.0,19876.0,20117.0,26273.0,526555189.0,0.0
MHImain,HKFE,2024-12-24 11:31:00,20117.0,20176.0,20081.0,20145.0,3924.0,78955595.0,0.0
MHImain,HKFE,2024-12-27 01:16:00,20192.0,20199.0,19992.0,20073.0,25363.0,509303539.0,0.0
MHImain,HKFE,2024-12-27 11:31:00,20071.0,20169.0,20040.0,20075.0,12737.0,255930631.0,0.0
MHImain,HKFE,2024-12-27 17:15:00,20101.0,20130.0,20065.0,20108.0,1191.0,23935166.0,0.0
MHImain,HKFE,2024-12-27 21:16:00,20105.0,20136.0,20028.0,20089.0,2809.0,56418293.0,0.0
MHImain,HKFE,2024-12-28 01:16:00,20088.0,20132.0,20079.0,20130.0,647.0,13009886.0,0.0
MHImain,HKFE,2024-12-30 01:16:00,20050.0,20215.0,19975.0,19991.0,22218.0,446210516.0,0.0
MHImain,HKFE,2024-12-30 11:31:00,19991.0,20140.0,19964.0,20020.0,17308.0,347302679.0,0.0
MHImain,HKFE,2024-12-30 17:15:00,20028.0,20082.0,20014.0,20019.0,3008.0,60298843.0,0.0
MHImain,HKFE,2024-12-30 21:16:00,20019.0,20038.0,19882.0,19939.0,6665.0,132971750.0,0.0
MHImain,HKFE,2024-12-31 01:16:00,19938.0,20185.0,19931.0,20147.0,25901.0,520502957.0,0.0
MHImain,HKFE,2024-12-31 11:31:00,20149.0,20151.0,20049.0,20089.0,3463.0,69592693.0,0.0
MHImain,HKFE,2025-01-02 01:16:00,20060.0,20074.0,19558.0,19811.0,47112.0,931624744.0,0.0
MHImain,HKFE,2025-01-02 11:31:00,19811.0,19839.0,19588.0,19629.0,21366.0,420600214.0,0.0
MHImain,HKFE,2025-01-02 17:15:00,19635.0,19654.0,19551.0,19643.0,4436.0,86989154.0,0.0
MHImain,HKFE,2025-01-02 21:16:00,19640.0,19717.0,19616.0,19687.0,5725.0,112621875.0,0.0
MHImain,HKFE,2025-01-03 01:16:00,19684.0,19936.0,19588.0,19865.0,38767.0,766950122.0,0.0
MHImain,HKFE,2025-01-03 11:31:00,19863.0,19867.0,19664.0,19752.0,23486.0,463831930.0,0.0
MHImain,HKFE,2025-01-03 17:15:00,19758.0,19788.0,19720.0,19765.0,2430.0,48001705.0,0.0
MHImain,HKFE,2025-01-03 21:16:00,19767.0,19830.0,19746.0,19824.0,4638.0,91792890.0,0.0
MHImain,HKFE,2025-01-04 01:16:00,19824.0,19833.0,19803.0,19828.0,641.0,12702908.0,0.0
MHImain,HKFE,2025-01-06 01:16:00,19840.0,19918.0,19673.0,19766.0,33195.0,656830478.0,0.0
MHImain,HKFE,2025-01-06 11:31:00,19766.0,19770.0,19654.0,19738.0,16830.0,331656342.0,0.0
MHImain,HKFE,2025-01-06 17:15:00,19739.0,20169.0,19706.0,20136.0,14834.0,296610680.0,0.0
MHImain,HKFE,2025-01-06 21:16:00,20134.0,20179.0,19739.0,19740.0,18428.0,367282707.0,0.0
MHImain,HKFE,2025-01-07 01:16:00,19740.0,19749.0,19316.0,19361.0,43552.0,850956753.0,0.0
MHImain,HKFE,2025-01-07 11:31:00,19361.0,19513.0,19270.0,19490.0,23801.0,461344290.0,0.0
MHImain,HKFE,2025-01-07 17:15:00,19492.0,19557.0,19478.0,19533.0,4878.0,95198408.0,0.0
MHImain,HKFE,2025-01-07 21:16:00,19535.0,19574.0,19463.0,19490.0,7375.0,143937611.0,0.0
MHImain,HKFE,2025-01-08 01:16:00,19488.0,19516.0,19180.0,19180.0,33210.0,643171991.0,0.0
MHImain,HKFE,2025-01-08 11:31:00,19181.0,19372.0,19137.0,19300.0,28173.0,542698725.0,0.0
MHImain,HKFE,2025-01-08 17:15:00,19309.0,19356.0,19114.0,19187.0,9014.0,173244577.0,0.0
MHImain,HKFE,2025-01-08 21:16:00,19192.0,19295.0,19153.0,19265.0,6762.0,129966017.0,0.0
MHImain,HKFE,2025-01-09 01:16:00,19264.0,19432.0,19233.0,19345.0,29377.0,568217907.0,0.0
MHImain,HKFE,2025-01-09 11:31:00,19347.0,19355.0,19242.0,19306.0,14951.0,288408494.0,0.0
MHImain,HKFE,2025-01-09 17:15:00,19305.0,19397.0,19304.0,19354.0,4260.0,82395692.0,0.0
MHImain,HKFE,2025-01-09 21:16:00,19354.0,19376.0,19304.0,19305.0,2705.0,52317245.0,0.0
MHImain,HKFE,2025-01-10 01:16:00,19306.0,19395.0,19133.0,19155.0,34578.0,666321609.0,0.0
MHImain,HKFE,2025-01-10 11:31:00,19157.0,19194.0,19055.0,19114.0,20249.0,387139685.0,0.0
MHImain,HKFE,2025-01-10 17:15:00,19103.0,19120.0,19080.0,19109.0,2336.0,44623078.0,0.0
MHImain,HKFE,2025-01-10 21:16:00,19109.0,19133.0,18901.0,18916.0,11740.0,222929153.0,0.0
MHImain,HKFE,2025-01-11 01:16:00,18917.0,18969.0,18906.0,18969.0,940.0,17798752.0,0.0
MHImain,HKFE,2025-01-13 01:16:00,18910.0,18975.0,18693.0,18837.0,38098.0,716917279.0,0.0
MHImain,HKFE,2025-01-13 11:31:00,18836.0,18957.0,18827.0,18897.0,17143.0,323812600.0,0.0
MHImain,HKFE,2025-01-13 17:15:00,18880.0,18890.0,18831.0,18860.0,3801.0,71692765.0,0.0
MHImain,HKFE,2025-01-13 21:16:00,18862.0,18942.0,18814.0,18822.0,6142.0,115901611.0,0.0
MHImain,HKFE,2025-01-14 01:16:00,18823.0,19241.0,18821.0,19177.0,39966.0,761948247.0,0.0
MHImain,HKFE,2025-01-14 11:31:00,19177.0,19365.0,19155.0,19259.0,28423.0,547611045.0,0.0
MHImain,HKFE,2025-01-14 17:15:00,19260.0,19267.0,19210.0,19230.0,2692.0,51789703.0,0.0
MHImain,HKFE,2025-01-14 21:16:00,19230.0,19310.0,19173.0,19185.0,8039.0,154546414.0,0.0
MHImain,HKFE,2025-01-15 01:16:00,19185.0,19349.0,19174.0,19270.0,31285.0,602270649.0,0.0
MHImain,HKFE,2025-01-15 11:31:00,19270.0,19315.0,19223.0,19302.0,13079.0,252087886.0,0.0
MHImain,HKFE,2025-01-15 17:15:00,19309.0,19345.0,19285.0,19328.0,2573.0,49711715.0,0.0
MHImain,HKFE,2025-01-15 21:16:00,19328.0,19495.0,19313.0,19393.0,11275.0,218959723.0,0.0
MHImain,HKFE,2025-01-16 01:16:00,19393.0,19710.0,19388.0,19465.0,43409.0,849376318.0,0.0
MHImain,HKFE,2025-01-16 11:31:00,19463.0,19578.0,19368.0,19560.0,22620.0,440829842.0,0.0
MHImain,HKFE,2025-01-16 17:15:00,19553.0,19553.0,19461.0,19480.0,3727.0,72690878.0,0.0
MHImain,HKFE,2025-01-16 21:16:00,19481.0,19504.0,19444.0,19489.0,4651.0,90565716.0,0.0
MHImain,HKFE,2025-01-17 01:16:00,19493.0,19632.0,19437.0,19625.0,30371.0,593095046.0,0.0
MHImain,HKFE,2025-01-17 11:31:00,19624.0,19679.0,19551.0,19599.0,18632.0,365289089.0,0.0
MHImain,HKFE,2025-01-17 17:15:00,19610.0,19627.0,19550.0,19558.0,2886.0,56526284.0,0.0
MHImain,HKFE,2025-01-17 21:16:00,19558.0,20008.0,19541.0,19888.0,23557.0,466580107.0,0.0
MHImain,HKFE,2025-01-18 01:16:00,19887.0,19892.0,19812.0,19843.0,2047.0,40618449.0,0.0
MHImain,HKFE,2025-01-20 01:16:00,19853.0,20098.0,19817.0,20034.0,37781.0,754008116.0,0.0
MHImain,HKFE,2025-01-20 11:31:00,20035.0,20148.0,19924.0,19952.0,25327.0,507375479.0,0.0
MHImain,HKFE,2025-01-20 17:15:00,19961.0,19968.0,19909.0,19932.0,3279.0,65376494.0,0.0
MHImain,HKFE,2025-01-20 21:16:00,19932.0,20409.0,19890.0,20271.0,23332.0,472088801.0,0.0
MHImain,HKFE,2025-01-21 01:16:00,20272.0,20317.0,19952.0,20200.0,46654.0,937854522.0,0.0
MHImain,HKFE,2025-01-21 11:31:00,20198.0,20237.0,20095.0,20165.0,22048.0,444458147.0,0.0
MHImain,HKFE,2025-01-21 17:15:00,20165.0,20165.0,20006.0,20020.0,6515.0,130779188.0,0.0
MHImain,HKFE,2025-01-21 21:16:00,20020.0,20092.0,19898.0,20023.0,10920.0,218205135.0,0.0
MHImain,HKFE,2025-01-22 01:16:00,20019.0,20073.0,19790.0,19871.0,34470.0,686645544.0,0.0
MHImain,HKFE,2025-01-22 11:31:00,19872.0,19889.0,19765.0,19843.0,18699.0,370489626.0,0.0
MHImain,HKFE,2025-01-22 17:15:00,19847.0,20025.0,19847.0,19953.0,8418.0,168117404.0,0.0
MHImain,HKFE,2025-01-22 21:16:00,19953.0,19960.0,19797.0,19896.0,8165.0,162269502.0,0.0
MHImain,HKFE,2025-01-23 01:16:00,19893.0,20083.0,19804.0,19857.0,38073.0,758884283.0,0.0
MHImain,HKFE,2025-01-23 11:31:00,19858.0,19916.0,19665.0,19730.0,22970.0,453754689.0,0.0
MHImain,HKFE,2025-01-23 17:15:00,19712.0,19749.0,19683.0,19721.0,2841.0,56019041.0,0.0
MHImain,HKFE,2025-01-23 21:16:00,19724.0,19822.0,19695.0,19778.0,5860.0,115730377.0,0.0
MHImain,HKFE,2025-01-24 01:16:00,19777.0,20150.0,19765.0,20072.0,42798.0,854784132.0,0.0
MHImain,HKFE,2025-01-24 11:31:00,20073.0,20175.0,20033.0,20102.0,21187.0,425869937.0,0.0
MHImain,HKFE,2025-01-24 17:15:00,20126.0,20163.0,20073.0,20095.0,1341.0,26975302.0,0.0
MHImain,HKFE,2025-01-24 21:16:00,20096.0,20224.0,20032.0,20204.0,3737.0,75223936.0,0.0
MHImain,HKFE,2025-01-25 01:16:00,20199.0,20234.0,20171.0,20179.0,585.0,11819860.0,0.0
MHImain,HKFE,2025-01-27 01:16:00,20128.0,20377.0,20093.0,20346.0,30218.0,612467776.0,0.0
MHImain,HKFE,2025-01-27 11:31:00,20346.0,20347.0,20215.0,20263.0,15033.0,304916778.0,0.0
MHImain,HKFE,2025-01-27 17:15:00,20263.0,20532.0,20248.0,20489.0,10818.0,221063066.0,0.0
MHImain,HKFE,2025-01-27 21:16:00,20489.0,20491.0,20293.0,20408.0,9848.0,200717176.0,0.0
MHImain,HKFE,2025-01-28 01:16:00,20409.0,20453.0,20228.0,20314.0,28150.0,571880012.0,0.0
MHImain,HKFE,2025-01-28 11:31:00,20314.0,20350.0,20273.0,20316.0,2723.0,55287227.0,0.0
MHImain,HKFE,2025-02-03 01:16:00,20043.0,20233.0,19785.0,20209.0,52016.0,1039271646.0,0.0
MHImain,HKFE,2025-02-03 11:31:00,20209.0,20325.0,20039.0,20318.0,27462.0,554055562.0,0.0
MHImain,HKFE,2025-02-03 17:15:00,20312.0,20345.0,20255.0,20305.0,4775.0,96950653.0,0.0
MHImain,HKFE,2025-02-03 21:16:00,20306.0,20688.0,20226.0,20563.0,19958.0,409463399.0,0.0
MHImain,HKFE,2025-02-04 01:16:00,20563.0,20959.0,20473.0,20803.0,51210.0,1061577004.0,0.0
MHImain,HKFE,2025-02-04 11:31:00,20805.0,20870.0,20333.0,20835.0,48106.0,992701437.0,0.0
MHImain,HKFE,2025-02-04 17:15:00,20845.0,20862.0,20764.0,20796.0,5387.0,112040410.0,0.0
MHImain,HKFE,2025-02-04 21:16:00,20795.0,21075.0,20784.0,20987.0,12870.0,269502091.0,0.0
MHImain,HKFE,2025-02-05 01:16:00,20990.0,21018.0,20468.0,20755.0,50142.0,1036031307.0,0.0
MHImain,HKFE,2025-02-05 11:31:00,20759.0,20772.0,20558.0,20646.0,22899.0,472522433.0,0.0
MHImain,HKFE,2025-02-05 17:15:00,20653.0,20730.0,20517.0,20687.0,6909.0,142429630.0,0.0
MHImain,HKFE,2025-02-05 21:16:00,20690.0,20723.0,20608.0,20656.0,10007.0,206797864.0,0.0
MHImain,HKFE,2025-02-06 01:16:00,20659.0,20850.0,20576.0,20693.0,40629.0,840765642.0,0.0
MHImain,HKFE,2025-02-06 11:31:00,20693.0,20957.0,20685.0,20942.0,26544.0,552762060.0,0.0
MHImain,HKFE,2025-02-06 17:15:00,20957.0,20998.0,20883.0,20899.0,5470.0,114582217.0,0.0
MHImain,HKFE,2025-02-06 21:16:00,20900.0,20998.0,20877.0,20898.0,9006.0,188539649.0,0.0
MHImain,HKFE,2025-02-07 01:16:00,20901.0,21249.0,20848.0,21243.0,47005.0,989749771.0,0.0
MHImain,HKFE,2025-02-07 11:31:00,21241.0,21275.0,20971.0,21219.0,38189.0,807418843.0,0.0
MHImain,HKFE,2025-02-07 17:15:00,21219.0,21337.0,21185.0,21233.0,9030.0,191945873.0,0.0
MHImain,HKFE,2025-02-07 21:16:00,21232.0,21436.0,21119.0,21198.0,24375.0,518620849.0,0.0
MHImain,HKFE,2025-02-08 01:16:00,21199.0,21233.0,21140.0,21149.0,2902.0,61471042.0,0.0
MHImain,HKFE,2025-02-10 01:16:00,21180.0,21580.0,21180.0,21473.0,53626.0,1149465293.0,0.0
MHImain,HKFE,2025-02-10 11:31:00,21473.0,21596.0,21432.0,21573.0,28594.0,615780278.0,0.0
MHImain,HKFE,2025-02-10 17:15:00,21567.0,21666.0,21548.0,21632.0,6734.0,145481621.0,0.0
MHImain,HKFE,2025-02-10 21:16:00,21633.0,21666.0,21484.0,21577.0,10711.0,231141782.0,0.0
MHImain,HKFE,2025-02-11 01:16:00,21577.0,21727.0,21338.0,21475.0,54369.0,1170790649.0,0.0
MHImain,HKFE,2025-02-11 11:31:00,21473.0,21533.0,21325.0,21335.0,28634.0,614041562.0,0.0
MHImain,HKFE,2025-02-11 17:15:00,21358.0,21420.0,21316.0,21374.0,4246.0,90765245.0,0.0
MHImain,HKFE,2025-02-11 21:16:00,21372.0,21647.0,21309.0,21575.0,17986.0,386758385.0,0.0
MHImain,HKFE,2025-02-12 01:16:00,21578.0,21828.0,21458.0,21643.0,61390.0,1329798319.0,0.0
MHImain,HKFE,2025-02-12 11:31:00,21641.0,21907.0,21615.0,21872.0,37197.0,810215255.0,0.0
MHImain,HKFE,2025-02-12 17:15:00,21864.0,21972.0,21838.0,21910.0,8519.0,186673486.0,0.0
MHImain,HKFE,2025-02-12 21:16:00,21910.0,22113.0,21757.0,22109.0,20538.0,449678117.0,0.0
MHImain,HKFE,2025-02-13 01:16:00,22110.0,22235.0,21957.0,22212.0,58644.0,1296938339.0,0.0
MHImain,HKFE,2025-02-13 11:31:00,22212.0,22570.0,21767.0,21858.0,82971.0,1842039070.0,0.0
MHImain,HKFE,2025-02-13 17:15:00,21850.0,21855.0,21737.0,21797.0,8434.0,183846469.0,0.0
MHImain,HKFE,2025-02-13 21:16:00,21798.0,22007.0,21661.0,21936.0,18472.0,403236091.0,0.0
MHImain,HKFE,2025-02-14 01:16:00,21936.0,22440.0,21853.0,22385.0,58867.0,1307936510.0,0.0
MHImain,HKFE,2025-02-14 11:31:00,22384.0,22704.0,22145.0,22671.0,70807.0,1587617437.0,0.0
MHImain,HKFE,2025-02-14 17:15:00,22676.0,22691.0,22516.0,22604.0,7319.0,165477826.0,0.0
MHImain,HKFE,2025-02-14 21:16:00,22604.0,22658.0,22430.0,22528.0,16272.0,366720617.0,0.0
MHImain,HKFE,2025-02-15 01:16:00,22530.0,22580.0,22517.0,22517.0,1608.0,36259852.0,0.0
MHImain,HKFE,2025-02-17 01:16:00,22600.0,23000.0,22553.0,22618.0,79301.0,1805725354.0,0.0
MHImain,HKFE,2025-02-17 11:31:00,22618.0,22773.0,22359.0,22621.0,59805.0,1351033277.0,0.0
MHImain,HKFE,2025-02-17 17:15:00,22621.0,22676.0,22607.0,22646.0,3340.0,75616892.0,0.0
MHImain,HKFE,2025-02-17 21:16:00,22646.0,22751.0,22646.0,22708.0,3941.0,89467062.0,0.0
MHImain,HKFE,2025-02-18 01:16:00,22711.0,23112.0,22616.0,23098.0,69830.0,1597603110.0,0.0
MHImain,HKFE,2025-02-18 11:31:00,23092.0,23175.0,22727.0,23008.0,63179.0,1449443164.0,0.0
MHImain,HKFE,2025-02-18 17:15:00,23010.0,23024.0,22873.0,22881.0,5115.0,117207601.0,0.0
MHImain,HKFE,2025-02-18 21:16:00,22879.0,22912.0,22681.0,22781.0,13260.0,302025593.0,0.0
MHImain,HKFE,2025-02-19 01:16:00,22781.0,22995.0,22655.0,22872.0,56212.0,1284482435.0,0.0
MHImain,HKFE,2025-02-19 11:31:00,22872.0,22991.0,22792.0,22918.0,35818.0,820396131.0,0.0
MHImain,HKFE,2025-02-19 17:15:00,22926.0,22963.0,22775.0,22841.0,6930.0,158372883.0,0.0
MHImain,HKFE,2025-02-19 21:16:00,22841.0,22893.0,22691.0,22734.0,14576.0,332111395.0,0.0
MHImain,HKFE,2025-02-20 01:16:00,22732.0,22863.0,22459.0,22577.0,62401.0,1412040589.0,0.0
MHImain,HKFE,2025-02-20 11:31:00,22574.0,22796.0,22570.0,22598.0,36690.0,832121476.0,0.0
MHImain,HKFE,2025-02-20 17:15:00,22608.0,23030.0,22572.0,23001.0,18247.0,417007685.0,0.0
MHImain,HKFE,2025-02-20 21:16:00,23001.0,23330.0,22871.0,22874.0,35790.0,827338699.0,0.0
MHImain,HKFE,2025-02-21 01:16:00,22876.0,23268.0,22874.0,23214.0,61712.0,1424347716.0,0.0
MHImain,HKFE,2025-02-21 11:31:00,23213.0,23499.0,23165.0,23451.0,57930.0,1351971228.0,0.0
MHImain,HKFE,2025-02-21 17:15:00,23439.0,23540.0,23414.0,23483.0,7306.0,171556112.0,0.0
MHImain,HKFE,2025-02-21 21:16:00,23481.0,23719.0,23444.0,23592.0,26116.0,615702589.0,0.0
MHImain,HKFE,2025-02-22 01:16:00,23588.0,23610.0,23401.0,23402.0,4933.0,115875173.0,0.0
MHImain,HKFE,2025-02-24 01:16:00,23485.0,23685.0,23230.0,23426.0,65846.0,1547082163.0,0.0
MHImain,HKFE,2025-02-24 11:31:00,23425.0,23551.0,23247.0,23327.0,45057.0,1053288677.0,0.0
MHImain,HKFE,2025-02-24 17:15:00,23333.0,23376.0,23263.0,23301.0,4802.0,111936664.0,0.0
MHImain,HKFE,2025-02-24 21:16:00,23303.0,23312.0,22780.0,22846.0,23710.0,545004156.0,0.0
MHImain,HKFE,2025-02-25 01:16:00,22845.0,23222.0,22745.0,23196.0,60221.0,1383527234.0,0.0
MHImain,HKFE,2025-02-25 11:31:00,23197.0,23248.0,22894.0,23015.0,42707.0,985866498.0,0.0
MHImain,HKFE,2025-02-25 17:15:00,23005.0,23203.0,22966.0,23193.0,6929.0,160266355.0,0.0
MHImain,HKFE,2025-02-25 21:16:00,23189.0,23209.0,22962.0,23142.0,13789.0,318526292.0,0.0
MHImain,HKFE,2025-02-26 01:16:00,23136.0,23693.0,23099.0,23607.0,54307.0,1275079237.0,0.0
MHImain,HKFE,2025-02-26 11:31:00,23609.0,23986.0,23586.0,23753.0,48194.0,1145137929.0,0.0
MHImain,HKFE,2025-02-26 17:15:00,23774.0,23805.0,23693.0,23755.0,4311.0,102396605.0,0.0
MHImain,HKFE,2025-02-26 21:16:00,23755.0,23886.0,23651.0,23798.0,9155.0,217568740.0,0.0
MHImain,HKFE,2025-02-27 01:16:00,23806.0,24055.0,23527.0,23628.0,70664.0,1679818822.0,0.0
MHImain,HKFE,2025-02-27 11:31:00,23627.0,23896.0,23453.0,23673.0,56888.0,1347370351.0,0.0
MHImain,HKFE,2025-02-27 17:15:00,23689.0,23914.0,23685.0,23890.0,9373.0,223145844.0,0.0
MHImain,HKFE,2025-02-27 21:16:00,23892.0,23900.0,23408.0,23662.0,39130.0,923485017.0,0.0
MHImain,HKFE,2025-02-28 01:16:00,23660.0,23737.0,23131.0,23157.0,70736.0,1652093470.0,0.0
MHImain,HKFE,2025-02-28 11:31:00,23160.0,23175.0,22778.0,22945.0,62622.0,1439160110.0,0.0
MHImain,HKFE,2025-02-28 17:15:00,22972.0,23043.0,22908.0,23001.0,8693.0,199771066.0,0.0
MHImain,HKFE,2025-02-28 21:16:00,23000.0,23087.0,22897.0,23033.0,16408.0,377613473.0,0.0
MHImain,HKFE,2025-03-01 01:16:00,23029.0,23043.0,22877.0,22919.0,3963.0,90981277.0,0.0
MHImain,HKFE,2025-03-03 01:16:00,23098.0,23374.0,22998.0,23217.0,68110.0,1580488834.0,0.0
MHImain,HKFE,2025-03-03 11:31:00,23217.0,23266.0,22837.0,22958.0,48451.0,1115343440.0,0.0
MHImain,HKFE,2025-03-03 17:15:00,22958.0,23094.0,22880.0,23047.0,8001.0,184029244.0,0.0
MHImain,HKFE,2025-03-03 21:16:00,23047.0,23117.0,22937.0,23052.0,13846.0,318897597.0,0.0
MHImain,HKFE,2025-03-04 01:16:00,23055.0,23064.0,22525.0,22898.0,67400.0,1530353680.0,0.0
MHImain,HKFE,2025-03-04 11:31:00,22899.0,23017.0,22773.0,22872.0,43058.0,986945530.0,0.0
MHImain,HKFE,2025-03-04 17:15:00,22878.0,22946.0,22824.0,22831.0,6944.0,158854172.0,0.0
MHImain,HKFE,2025-03-04 21:16:00,22831.0,22922.0,22651.0,22918.0,18915.0,430912594.0,0.0
MHImain,HKFE,2025-03-05 01:16:00,22920.0,23503.0,22880.0,23296.0,71360.0,1659569475.0,0.0
MHImain,HKFE,2025-03-05 11:31:00,23296.0,23614.0,23269.0,23605.0,43194.0,1013005936.0,0.0
MHImain,HKFE,2025-03-05 17:15:00,23579.0,23642.0,23467.0,23495.0,11019.0,259394445.0,0.0
MHImain,HKFE,2025-03-05 21:16:00,23493.0,23857.0,23471.0,23851.0,26297.0,622333836.0,0.0
MHImain,HKFE,2025-03-06 01:16:00,23850.0,24286.0,23830.0,24255.0,64699.0,1560266323.0,0.0
MHImain,HKFE,2025-03-06 11:31:00,24254.0,24447.0,24189.0,24403.0,47813.0,1162464977.0,0.0
MHImain,HKFE,2025-03-06 17:15:00,24396.0,24501.0,24259.0,24349.0,14189.0,345593887.0,0.0
MHImain,HKFE,2025-03-06 21:16:00,24349.0,24388.0,24051.0,24098.0,27041.0,655487505.0,0.0
MHImain,HKFE,2025-03-07 01:16:00,24095.0,24517.0,24048.0,24508.0,63354.0,1538391326.0,0.0
MHImain,HKFE,2025-03-07 11:31:00,24509.0,24697.0,24176.0,24232.0,64852.0,1582499838.0,0.0
MHImain,HKFE,2025-03-07 17:15:00,24240.0,24260.0,24111.0,24111.0,7016.0,169767017.0,0.0
MHImain,HKFE,2025-03-07 21:16:00,24111.0,24331.0,24002.0,24021.0,25153.0,608036832.0,0.0
MHImain,HKFE,2025-03-08 01:16:00,24022.0,24146.0,23981.0,24146.0,3529.0,84903717.0,0.0
MHImain,HKFE,2025-03-10 01:16:00,24090.0,24327.0,23725.0,23730.0,63385.0,1524260049.0,0.0
MHImain,HKFE,2025-03-10 11:31:00,23731.0,23924.0,23655.0,23744.0,44901.0,1067916005.0,0.0
MHImain,HKFE,2025-03-10 17:15:00,23741.0,23765.0,23571.0,23696.0,10702.0,253324966.0,0.0
MHImain,HKFE,2025-03-10 21:16:00,23698.0,23716.0,23386.0,23442.0,20346.0,478860240.0,0.0
MHImain,HKFE,2025-03-11 01:16:00,23441.0,23749.0,23243.0,23689.0,69168.0,1627065285.0,0.0
MHImain,HKFE,2025-03-11 11:31:00,23689.0,23887.0,23516.0,23797.0,46265.0,1095646377.0,0.0
MHImain,HKFE,2025-03-11 17:15:00,23815.0,23946.0,23802.0,23840.0,9969.0,237949667.0,0.0
MHImain,HKFE,2025-03-11 21:16:00,23840.0,23960.0,23563.0,23617.0,21904.0,519795577.0,0.0
MHImain,HKFE,2025-03-12 01:16:00,23620.0,23975.0,23566.0,23690.0,60936.0,1450646944.0,0.0
MHImain,HKFE,2025-03-12 11:31:00,23687.0,23823.0,23382.0,23637.0,53034.0,1252260068.0,0.0
MHImain,HKFE,2025-03-12 17:15:00,23648.0,23831.0,23642.0,23676.0,8093.0,191801948.0,0.0
MHImain,HKFE,2025-03-12 21:16:00,23675.0,23695.0,23450.0,23600.0,16434.0,387235465.0,0.0
MHImain,HKFE,2025-03-13 01:16:00,23600.0,23747.0,23473.0,23522.0,59072.0,1394359982.0,0.0
MHImain,HKFE,2025-03-13 11:31:00,23518.0,23531.0,23212.0,23490.0,54350.0,1271201781.0,0.0
MHImain,HKFE,2025-03-13 17:15:00,23496.0,23574.0,23406.0,23427.0,7176.0,168558715.0,0.0
MHImain,HKFE,2025-03-13 21:16:00,23428.0,23755.0,23409.0,23707.0,19174.0,453370881.0,0.0
MHImain,HKFE,2025-03-14 01:16:00,23713.0,24044.0,23502.0,24032.0,63717.0,1514682906.0,0.0
MHImain,HKFE,2025-03-14 11:31:00,24030.0,24145.0,23931.0,24056.0,44794.0,1076698815.0,0.0
MHImain,HKFE,2025-03-14 17:15:00,24055.0,24257.0,24041.0,24216.0,9358.0,226317385.0,0.0
MHImain,HKFE,2025-03-14 21:16:00,24217.0,24285.0,24129.0,24218.0,13746.0,332556473.0,0.0
MHImain,HKFE,2025-03-15 01:16:00,24217.0,24238.0,24194.0,24213.0,1195.0,28939057.0,0.0
MHImain,HKFE,2025-03-17 01:16:00,24275.0,24384.0,24104.0,24315.0,58556.0,1420665019.0,0.0
MHImain,HKFE,2025-03-17 11:31:00,24314.0,24337.0,24092.0,24192.0,33430.0,809665492.0,0.0
MHImain,HKFE,2025-03-17 17:15:00,24193.0,24281.0,24138.0,24239.0,4642.0,112471346.0,0.0
MHImain,HKFE,2025-03-17 21:16:00,24237.0,24687.0,24228.0,24686.0,20137.0,493692920.0,0.0
MHImain,HKFE,2025-03-18 01:16:00,24684.0,24768.0,24516.0,24663.0,55554.0,1368773822.0,0.0
MHImain,HKFE,2025-03-18 11:31:00,24663.0,24799.0,24567.0,24797.0,37031.0,914483615.0,0.0
MHImain,HKFE,2025-03-18 17:15:00,24789.0,24869.0,24695.0,24731.0,9302.0,230500467.0,0.0
MHImain,HKFE,2025-03-18 21:16:00,24730.0,24805.0,24609.0,24708.0,16445.0,406356225.0,0.0
MHImain,HKFE,2025-03-19 01:16:00,24715.0,24839.0,24629.0,24798.0,52452.0,1297388282.0,0.0
MHImain,HKFE,2025-03-19 11:31:00,24800.0,24912.0,24715.0,24722.0,35163.0,871900105.0,0.0
MHImain,HKFE,2025-03-19 17:15:00,24736.0,24928.0,24736.0,24814.0,8475.0,210664067.0,0.0
MHImain,HKFE,2025-03-19 21:16:00,24817.0,24851.0,24591.0,24618.0,16039.0,395848433.0,0.0
MHImain,HKFE,2025-03-20 01:16:00,24618.0,24782.0,24373.0,24530.0,58078.0,1425299841.0,0.0
MHImain,HKFE,2025-03-20 11:31:00,24531.0,24533.0,24188.0,24188.0,40025.0,975242934.0,0.0
MHImain,HKFE,2025-03-20 17:15:00,24190.0,24190.0,24037.0,24042.0,11720.0,282561336.0,0.0
MHImain,HKFE,2025-03-20 21:16:00,24043.0,24160.0,23984.0,24049.0,15530.0,373711455.0,0.0
MHImain,HKFE,2025-03-21 01:16:00,24042.0,24252.0,23729.0,23731.0,64078.0,1540424724.0,0.0
MHImain,HKFE,2025-03-21 11:31:00,23736.0,23840.0,23600.0,23616.0,46308.0,1098599055.0,0.0
MHImain,HKFE,2025-03-21 17:15:00,23621.0,23696.0,23551.0,23607.0,7224.0,170661723.0,0.0
MHImain,HKFE,2025-03-21 21:16:00,23607.0,23692.0,23524.0,23672.0,12382.0,292211718.0,0.0
MHImain,HKFE,2025-03-22 01:16:00,23672.0,23703.0,23626.0,23661.0,1233.0,29181510.0,0.0
MHImain,HKFE,2025-03-24 01:16:00,23722.0,23783.0,23550.0,23608.0,48364.0,1144959993.0,0.0
MHImain,HKFE,2025-03-24 11:31:00,23609.0,23978.0,23590.0,23965.0,40493.0,962403540.0,0.0
MHImain,HKFE,2025-03-24 17:15:00,23952.0,23952.0,23726.0,23750.0,8340.0,198517038.0,0.0
MHImain,HKFE,2025-03-24 21:16:00,23748.0,23770.0,23597.0,23613.0,11358.0,268985655.0,0.0
MHImain,HKFE,2025-03-25 01:16:00,23615.0,23756.0,23328.0,23386.0,53250.0,1253199194.0,0.0
MHImain,HKFE,2025-03-25 11:31:00,23386.0,23518.0,23322.0,23345.0,30394.0,711799977.0,0.0
MHImain,HKFE,2025-03-25 17:15:00,23337.0,23540.0,23317.0,23523.0,7139.0,167553537.0,0.0
MHImain,HKFE,2025-03-25 21:16:00,23520.0,23663.0,23485.0,23546.0,12379.0,291764469.0,0.0
MHImain,HKFE,2025-03-26 01:16:00,23546.0,23609.0,23364.0,23437.0,47109.0,1106169717.0,0.0
MHImain,HKFE,2025-03-26 11:31:00,23439.0,23545.0,23366.0,23457.0,28780.0,674915225.0,0.0
MHImain,HKFE,2025-03-26 17:15:00,23455.0,23503.0,23413.0,23502.0,3410.0,79993034.0,0.0
MHImain,HKFE,2025-03-26 21:16:00,23503.0,23612.0,23373.0,23468.0,13630.0,320306788.0,0.0
MHImain,HKFE,2025-03-27 01:16:00,23464.0,23894.0,23400.0,23735.0,59695.0,1411057332.0,0.0
MHImain,HKFE,2025-03-27 11:31:00,23733.0,23788.0,23564.0,23624.0,25805.0,610960119.0,0.0
MHImain,HKFE,2025-03-27 17:15:00,23669.0,23738.0,23642.0,23647.0,3242.0,76803842.0,0.0
MHImain,HKFE,2025-03-27 21:16:00,23648.0,23881.0,23617.0,23834.0,8032.0,191024132.0,0.0
MHImain,HKFE,2025-03-28 01:16:00,23834.0,23850.0,23423.0,23425.0,48102.0,1137187438.0,0.0
MHImain,HKFE,2025-03-28 11:31:00,23424.0,23532.0,23298.0,23424.0,38561.0,903126121.0,0.0
MHImain,HKFE,2025-03-28 17:15:00,23433.0,23479.0,23337.0,23436.0,5543.0,129668838.0,0.0
MHImain,HKFE,2025-03-28 21:16:00,23435.0,23465.0,23224.0,23263.0,13982.0,326151701.0,0.0
MHImain,HKFE,2025-03-29 01:16:00,23266.0,23307.0,23248.0,23286.0,1504.0,35002070.0,0.0
MHImain,HKFE,2025-03-31 01:16:00,23150.0,23432.0,23102.0,23143.0,56905.0,1324104739.0,0.0
MHImain,HKFE,2025-03-31 11:31:00,23143.0,23285.0,23032.0,23160.0,41044.0,949786274.0,0.0
MHImain,HKFE,2025-03-31 17:15:00,23145.0,23158.0,23015.0,23083.0,6122.0,141237380.0,0.0
MHImain,HKFE,2025-03-31 21:16:00,23088.0,23225.0,22987.0,23208.0,12753.0,294701358.0,0.0
MHImain,HKFE,2025-04-01 01:16:00,23208.0,23467.0,23176.0,23426.0,56342.0,1314328095.0,0.0
MHImain,HKFE,2025-04-01 11:31:00,23426.0,23489.0,23147.0,23259.0,44887.0,1044185716.0,0.0
MHImain,HKFE,2025-04-01 17:15:00,23260.0,23304.0,23113.0,23180.0,6254.0,145073536.0,0.0
MHImain,HKFE,2025-04-01 21:16:00,23186.0,23309.0,23067.0,23215.0,13454.0,311888541.0,0.0
MHImain,HKFE,2025-04-02 01:16:00,23215.0,23400.0,22970.0,23303.0,58177.0,1349619785.0,0.0
MHImain,HKFE,2025-04-02 11:31:00,23303.0,23303.0,23115.0,23237.0,31290.0,725812761.0,0.0
MHImain,HKFE,2025-04-02 17:15:00,23213.0,23260.0,23070.0,23194.0,7043.0,163164373.0,0.0
MHImain,HKFE,2025-04-02 21:16:00,23193.0,23222.0,23079.0,23166.0,10013.0,231663810.0,0.0
MHImain,HKFE,2025-04-03 01:16:00,23165.0,23165.0,22520.0,22769.0,64281.0,1466318958.0,0.0
MHImain,HKFE,2025-04-03 11:31:00,22770.0,22863.0,22660.0,22800.0,35939.0,818866003.0,0.0
MHImain,HKFE,2025-04-03 17:15:00,22797.0,22815.0,22593.0,22632.0,10715.0,243252903.0,0.0
MHImain,HKFE,2025-04-03 21:16:00,22635.0,22822.0,22617.0,22775.0,15041.0,342036389.0,0.0
MHImain,HKFE,2025-04-04 01:16:00,22774.0,22808.0,22736.0,22775.0,1371.0,31217455.0,0.0
MHImain,HKFE,2025-04-07 01:16:00,21155.0,21206.0,20449.0,20460.0,93614.0,1944375249.0,0.0
MHImain,HKFE,2025-04-07 11:31:00,20467.0,20655.0,19420.0,19760.0,119966.0,2410616428.0,0.0
MHImain,HKFE,2025-04-07 17:15:00,19776.0,20278.0,19636.0,20054.0,28626.0,573360724.0,0.0
MHImain,HKFE,2025-04-07 21:16:00,20049.0,20680.0,19310.0,19600.0,84647.0,1697163451.0,0.0
MHImain,HKFE,2025-04-08 01:16:00,19608.0,20433.0,19515.0,20233.0,104171.0,2100623589.0,0.0
MHImain,HKFE,2025-04-08 11:31:00,20236.0,20248.0,19708.0,19922.0,76039.0,1518725284.0,0.0
MHImain,HKFE,2025-04-08 17:15:00,19939.0,20271.0,19787.0,20156.0,19430.0,388407932.0,0.0
MHImain,HKFE,2025-04-08 21:16:00,20158.0,20290.0,19459.0,19548.0,34974.0,698319362.0,0.0
MHImain,HKFE,2025-04-09 01:16:00,19548.0,19969.0,19050.0,19855.0,107237.0,2102344249.0,0.0
MHImain,HKFE,2025-04-09 11:31:00,19854.0,20427.0,19607.0,20180.0,94915.0,1900174515.0,0.0
MHImain,HKFE,2025-04-09 17:15:00,20185.0,20217.0,19479.0,19692.0,36803.0,726912397.0,0.0
MHImain,HKFE,2025-04-09 21:16:00,19701.0,20019.0,19563.0,19873.0,33831.0,669438948.0,0.0
MHImain,HKFE,2025-04-10 01:16:00,19877.0,21208.0,19705.0,20693.0,113063.0,2341333227.0,0.0
MHImain,HKFE,2025-04-10 11:31:00,20692.0,20928.0,20500.0,20697.0,61016.0,1265847393.0,0.0
MHImain,HKFE,2025-04-10 17:15:00,20682.0,20781.0,20513.0,20610.0,14337.0,295797945.0,0.0
MHImain,HKFE,2025-04-10 21:16:00,20610.0,20669.0,20172.0,20339.0,27222.0,556803792.0,0.0
MHImain,HKFE,2025-04-11 01:16:00,20340.0,20723.0,20282.0,20616.0,58923.0,1211352327.0,0.0
MHImain,HKFE,2025-04-11 11:31:00,20617.0,21141.0,20605.0,20851.0,58937.0,1234026641.0,0.0
MHImain,HKFE,2025-04-11 17:15:00,20831.0,21114.0,20777.0,20860.0,12573.0,263415525.0,0.0
MHImain,HKFE,2025-04-11 21:16:00,20860.0,20993.0,20681.0,20963.0,20138.0,419154450.0,0.0
MHImain,HKFE,2025-04-12 01:16:00,20960.0,21093.0,20932.0,21075.0,2934.0,61692919.0,0.0
MHImain,HKFE,2025-04-14 01:16:00,21330.0,21530.0,21219.0,21485.0,50483.0,1079743875.0,0.0
MHImain,HKFE,2025-04-14 11:31:00,21485.0,21499.0,21279.0,21406.0,28861.0,616875062.0,0.0
MHImain,HKFE,2025-04-14 17:15:00,21390.0,21480.0,21362.0,21430.0,4328.0,92713228.0,0.0
MHImain,HKFE,2025-04-14 21:16:00,21431.0,21683.0,21385.0,21515.0,19863.0,427887265.0,0.0
MHImain,HKFE,2025-04-15 01:16:00,21513.0,21618.0,21351.0,21421.0,42320.0,907551660.0,0.0
MHImain,HKFE,2025-04-15 11:31:00,21422.0,21504.0,21295.0,21474.0,27377.0,586372402.0,0.0
MHImain,HKFE,2025-04-15 17:15:00,21484.0,21570.0,21469.0,21491.0,5117.0,110095227.0,0.0
MHImain,HKFE,2025-04-15 21:16:00,21491.0,21534.0,21388.0,21462.0,10243.0,219846110.0,0.0
MHImain,HKFE,2025-04-16 01:16:00,21462.0,21477.0,20932.0,20936.0,41142.0,870215259.0,0.0
MHImain,HKFE,2025-04-16 11:31:00,20938.0,21271.0,20854.0,21201.0,39938.0,838821132.0,0.0
MHImain,HKFE,2025-04-16 17:15:00,21223.0,21364.0,21201.0,21207.0,8866.0,188791260.0,0.0
MHImain,HKFE,2025-04-16 21:16:00,21206.0,21298.0,21121.0,21226.0,8737.0,185275357.0,0.0
MHImain,HKFE,2025-04-17 01:16:00,21226.0,21421.0,21001.0,21379.0,40110.0,851746720.0,0.0
MHImain,HKFE,2025-04-17 11:31:00,21381.0,21452.0,21270.0,21431.0,22601.0,482587544.0,0.0
MHImain,HKFE,2025-04-17 17:15:00,21407.0,21488.0,21342.0,21369.0,4860.0,103960283.0,0.0
MHImain,HKFE,2025-04-17 21:16:00,21370.0,21412.0,21194.0,21224.0,10420.0,221626160.0,0.0
MHImain,HKFE,2025-04-18 01:16:00,21223.0,21334.0,21206.0,21290.0,1602.0,34090500.0,0.0
MHImain,HKFE,2025-04-22 01:16:00,21200.0,21470.0,21180.0,21314.0,39776.0,848348540.0,0.0
MHImain,HKFE,2025-04-22 11:31:00,21313.0,21604.0,21297.0,21581.0,28233.0,607045378.0,0.0
MHImain,HKFE,2025-04-22 17:15:00,21593.0,21636.0,21535.0,21626.0,4156.0,89727407.0,0.0
MHImain,HKFE,2025-04-22 21:16:00,21622.0,21876.0,21564.0,21718.0,10554.0,228949403.0,0.0
MHImain,HKFE,2025-04-23 01:16:00,21715.0,22192.0,21650.0,22084.0,43167.0,949092918.0,0.0
MHImain,HKFE,2025-04-23 11:31:00,22084.0,22169.0,22012.0,22168.0,26017.0,574607554.0,0.0
MHImain,HKFE,2025-04-23 17:15:00,22171.0,22207.0,22117.0,22169.0,3566.0,79011357.0,0.0
MHImain,HKFE,2025-04-23 21:16:00,22167.0,22403.0,22073.0,22112.0,21623.0,480974252.0,0.0
MHImain,HKFE,2025-04-24 01:16:00,22112.0,22123.0,21723.0,21786.0,40096.0,880483270.0,0.0
MHImain,HKFE,2025-04-24 11:31:00,21786.0,21921.0,21770.0,21904.0,20272.0,442755444.0,0.0
MHImain,HKFE,2025-04-24 17:15:00,21905.0,22015.0,21886.0,22008.0,4297.0,94385361.0,0.0
MHImain,HKFE,2025-04-24 21:16:00,22008.0,22186.0,21960.0,22160.0,8996.0,198643132.0,0.0
MHImain,HKFE,2025-04-25 01:16:00,22165.0,22287.0,22014.0,22220.0,41905.0,927623946.0,0.0
MHImain,HKFE,2025-04-25 11:31:00,22219.0,22257.0,21925.0,22010.0,29686.0,655722110.0,0.0
MHImain,HKFE,2025-04-25 17:15:00,22005.0,22066.0,21929.0,22022.0,4555.0,100157538.0,0.0
MHImain,HKFE,2025-04-25 21:16:00,22022.0,22099.0,21964.0,22078.0,6488.0,142939578.0,0.0
MHImain,HKFE,2025-04-26 01:16:00,22079.0,22104.0,21997.0,22061.0,1879.0,41436713.0,0.0
MHImain,HKFE,2025-04-28 01:16:00,22058.0,22123.0,21802.0,21947.0,29243.0,641027670.0,0.0
MHImain,HKFE,2025-04-28 11:31:00,21949.0,22056.0,21943.0,21969.0,17871.0,393146143.0,0.0
MHImain,HKFE,2025-04-28 17:15:00,21886.0,21971.0,21886.0,21944.0,1070.0,23473600.0,0.0
MHImain,HKFE,2025-04-28 21:16:00,21945.0,22018.0,21880.0,21903.0,3041.0,66741105.0,0.0
MHImain,HKFE,2025-04-29 01:16:00,21910.0,22140.0,21848.0,21983.0,33452.0,736073482.0,0.0
MHImain,HKFE,2025-04-29 11:31:00,21981.0,21993.0,21844.0,21930.0,18806.0,412083528.0,0.0
MHImain,HKFE,2025-04-29 17:15:00,21929.0,21953.0,21846.0,21939.0,3663.0,80216189.0,0.0
MHImain,HKFE,2025-04-29 21:16:00,21938.0,21993.0,21914.0,21939.0,5385.0,118193441.0,0.0
MHImain,HKFE,2025-04-30 01:16:00,21939.0,22017.0,21776.0,21994.0,37405.0,819169000.0,0.0
MHImain,HKFE,2025-04-30 11:31:00,21996.0,22096.0,21943.0,22084.0,20800.0,457901549.0,0.0
MHImain,HKFE,2025-04-30 17:15:00,22081.0,22105.0,21945.0,21957.0,4151.0,91441883.0,0.0
MHImain,HKFE,2025-04-30 21:16:00,21958.0,21982.0,21795.0,21836.0,9252.0,202279572.0,0.0
MHImain,HKFE,2025-05-01 01:16:00,21837.0,21994.0,21833.0,21941.0,2730.0,59856633.0,0.0
MHImain,HKFE,2025-05-02 01:16:00,22060.0,22424.0,21984.0,22378.0,44809.0,996301663.0,0.0
MHImain,HKFE,2025-05-02 11:31:00,22378.0,22481.0,22336.0,22416.0,21319.0,478146053.0,0.0
MHImain,HKFE,2025-05-02 17:15:00,22411.0,22622.0,22409.0,22585.0,5207.0,117188894.0,0.0
MHImain,HKFE,2025-05-02 21:16:00,22585.0,22632.0,22428.0,22573.0,10594.0,238590632.0,0.0
MHImain,HKFE,2025-05-03 01:16:00,22575.0,22620.0,22569.0,22600.0,1115.0,25192322.0,0.0
MHImain,HKFE,2025-05-06 01:16:00,22575.0,22602.0,22352.0,22584.0,41425.0,932023562.0,0.0
MHImain,HKFE,2025-05-06 11:31:00,22585.0,22676.0,22526.0,22533.0,23316.0,526915101.0,0.0
MHImain,HKFE,2025-05-06 17:15:00,22530.0,22825.0,22386.0,22810.0,12874.0,291339909.0,0.0
MHImain,HKFE,2025-05-06 21:16:00,22808.0,22940.0,22750.0,22866.0,10420.0,238093949.0,0.0
MHImain,HKFE,2025-05-07 01:16:00,22866.0,23180.0,22656.0,22707.0,49897.0,1144335791.0,0.0
MHImain,HKFE,2025-05-07 11:31:00,22706.0,22791.0,22558.0,22600.0,24310.0,551713510.0,0.0
MHImain,HKFE,2025-05-07 17:15:00,22604.0,22622.0,22534.0,22564.0,4046.0,91344228.0,0.0
MHImain,HKFE,2025-05-07 21:16:00,22563.0,22587.0,22449.0,22530.0,7198.0,161989359.0,0.0
MHImain,HKFE,2025-05-08 01:16:00,22530.0,22897.0,22435.0,22897.0,40184.0,912818336.0,0.0
MHImain,HKFE,2025-05-08 11:31:00,22897.0,22910.0,22644.0,22736.0,25251.0,574539141.0,0.0
MHImain,HKFE,2025-05-08 17:15:00,22746.0,22763.0,22686.0,22742.0,3684.0,83720423.0,0.0
MHImain,HKFE,2025-05-08 21:16:00,22739.0,22799.0,22590.0,22767.0,10218.0,231760180.0,0.0
MHImain,HKFE,2025-05-09 01:16:00,22765.0,22819.0,22596.0,22636.0,37011.0,840872727.0,0.0
MHImain,HKFE,2025-05-09 11:31:00,22637.0,22800.0,22634.0,22790.0,17571.0,399429176.0,0.0
MHImain,HKFE,2025-05-09 17:15:00,22794.0,22900.0,22778.0,22893.0,5434.0,124127503.0,0.0
MHImain,HKFE,2025-05-09 21:16:00,22893.0,22901.0,22731.0,22733.0,6687.0,152579203.0,0.0
MHImain,HKFE,2025-05-10 01:16:00,22741.0,22773.0,22715.0,22765.0,1062.0,24160730.0,0.0
MHImain,HKFE,2025-05-12 01:16:00,23050.0,23198.0,22894.0,22965.0,39785.0,916618086.0,0.0
MHImain,HKFE,2025-05-12 11:31:00,22965.0,23630.0,22931.0,23399.0,56356.0,1315135531.0,0.0
MHImain,HKFE,2025-05-12 17:15:00,23408.0,23509.0,23353.0,23449.0,6128.0,143470400.0,0.0
MHImain,HKFE,2025-05-12 21:16:00,23447.0,23498.0,23282.0,23409.0,9903.0,231486503.0,0.0
MHImain,HKFE,2025-05-13 01:16:00,23410.0,23410.0,23042.0,23047.0,35503.0,823631615.0,0.0
MHImain,HKFE,2025-05-13 11:31:00,23046.0,23149.0,22986.0,23030.0,21265.0,490687251.0,0.0
MHImain,HKFE,2025-05-13 17:15:00,23015.0,23169.0,22958.0,23100.0,5633.0,129863845.0,0.0
MHImain,HKFE,2025-05-13 21:16:00,23100.0,23322.0,23077.0,23303.0,10533.0,244365693.0,0.0
MHImain,HKFE,2025-05-14 01:16:00,23302.0,23380.0,23195.0,23367.0,38355.0,893180694.0,0.0
MHImain,HKFE,2025-05-14 11:31:00,23368.0,23566.0,23345.0,23521.0,28058.0,658369187.0,0.0
MHImain,HKFE,2025-05-14 17:15:00,23530.0,23625.0,23486.0,23597.0,6077.0,143150478.0,0.0
MHImain,HKFE,2025-05-14 21:16:00,23593.0,23642.0,23496.0,23559.0,7969.0,187790889.0,0.0
MHImain,HKFE,2025-05-15 01:16:00,23558.0,23652.0,23432.0,23525.0,37097.0,873028591.0,0.0
MHImain,HKFE,2025-05-15 11:31:00,23525.0,23530.0,23313.0,23377.0,23096.0,540390177.0,0.0
MHImain,HKFE,2025-05-15 17:15:00,23375.0,23428.0,23268.0,23335.0,6182.0,144184313.0,0.0
MHImain,HKFE,2025-05-15 21:16:00,23335.0,23337.0,23131.0,23208.0,10482.0,243381550.0,0.0
MHImain,HKFE,2025-05-16 01:16:00,23211.0,23287.0,23133.0,23252.0,33722.0,782674995.0,0.0
MHImain,HKFE,2025-05-16 11:31:00,23254.0,23335.0,23221.0,23268.0,17977.0,418576005.0,0.0
MHImain,HKFE,2025-05-16 17:15:00,23261.0,23303.0,23229.0,23251.0,2150.0,50032091.0,0.0
MHImain,HKFE,2025-05-16 21:16:00,23250.0,23275.0,23192.0,23248.0,4272.0,99246683.0,0.0
MHImain,HKFE,2025-05-17 01:16:00,23250.0,23275.0,23231.0,23269.0,577.0,13418331.0,0.0
MHImain,HKFE,2025-05-19 01:16:00,23119.0,23232.0,22995.0,23154.0,33726.0,779667002.0,0.0
MHImain,HKFE,2025-05-19 11:31:00,23157.0,23356.0,23145.0,23273.0,19032.0,442728195.0,0.0
MHImain,HKFE,2025-05-19 17:15:00,23258.0,23276.0,23198.0,23201.0,3335.0,77505383.0,0.0
MHImain,HKFE,2025-05-19 21:16:00,23205.0,23393.0,23193.0,23379.0,5637.0,131303135.0,0.0
MHImain,HKFE,2025-05-20 01:16:00,23378.0,23618.0,23287.0,23609.0,33866.0,794665728.0,0.0
MHImain,HKFE,2025-05-20 11:31:00,23610.0,23661.0,23555.0,23612.0,19173.0,452652940.0,0.0
MHImain,HKFE,2025-05-20 17:15:00,23612.0,23675.0,23585.0,23633.0,3145.0,74328101.0,0.0
MHImain,HKFE,2025-05-20 21:16:00,23637.0,23694.0,23598.0,23689.0,5037.0,119083351.0,0.0
MHImain,HKFE,2025-05-21 01:16:00,23689.0,23848.0,23637.0,23781.0,34654.0,823529730.0,0.0
MHImain,HKFE,2025-05-21 11:31:00,23782.0,23885.0,23700.0,23778.0,21735.0,516873962.0,0.0
MHImain,HKFE,2025-05-21 17:15:00,23760.0,23846.0,23734.0,23835.0,3129.0,74432648.0,0.0
MHImain,HKFE,2025-05-21 21:16:00,23835.0,23871.0,23724.0,23770.0,6133.0,145871682.0,0.0
MHImain,HKFE,2025-05-22 01:16:00,23773.0,23773.0,23556.0,23688.0,35789.0,846678841.0,0.0
MHImain,HKFE,2025-05-22 11:31:00,23688.0,23693.0,23423.0,23506.0,23128.0,544413210.0,0.0
MHImain,HKFE,2025-05-22 17:15:00,23494.0,23508.0,23420.0,23471.0,3050.0,71551632.0,0.0
MHImain,HKFE,2025-05-22 21:16:00,23471.0,23514.0,23406.0,23464.0,4761.0,111702510.0,0.0
MHImain,HKFE,2025-05-23 01:16:00,23465.0,23710.0,23453.0,23662.0,30720.0,724420122.0,0.0
MHImain,HKFE,2025-05-23 11:31:00,23664.0,23714.0,23445.0,23550.0,25686.0,605197844.0,0.0
MHImain,HKFE,2025-05-23 17:15:00,23545.0,23572.0,23266.0,23317.0,9121.0,213423402.0,0.0
MHImain,HKFE,2025-05-23 21:16:00,23316.0,23502.0,23301.0,23481.0,7298.0,171052739.0,0.0
MHImain,HKFE,2025-05-24 01:16:00,23482.0,23509.0,23468.0,23479.0,807.0,18955537.0,0.0
MHImain,HKFE,2025-05-26 01:16:00,23506.0,23575.0,23270.0,23299.0,41132.0,963948991.0,0.0
MHImain,HKFE,2025-05-26 11:31:00,23299.0,23339.0,23186.0,23204.0,24894.0,579049572.0,0.0
MHImain,HKFE,2025-05-27 01:16:00,23223.0,23335.0,23121.0,23162.0,36179.0,840697518.0,0.0
MHImain,HKFE,2025-05-27 11:31:00,23162.0,23370.0,23160.0,23286.0,27173.0,632590146.0,0.0
MHImain,HKFE,2025-05-27 17:15:00,23290.0,23368.0,23281.0,23336.0,3852.0,89844997.0,0.0
MHImain,HKFE,2025-05-27 21:16:00,23336.0,23361.0,23288.0,23313.0,3252.0,75840974.0,0.0
MHImain,HKFE,2025-05-28 01:16:00,23310.0,23443.0,23198.0,23227.0,27870.0,650103921.0,0.0
MHImain,HKFE,2025-05-28 11:31:00,23232.0,23263.0,23138.0,23237.0,17527.0,406714076.0,0.0
MHImain,HKFE,2025-05-28 17:15:00,23127.0,23141.0,23060.0,23062.0,2021.0,46685985.0,0.0
MHImain,HKFE,2025-05-28 21:16:00,23061.0,23063.0,22968.0,23011.0,3365.0,77422128.0,0.0
MHImain,HKFE,2025-05-29 01:16:00,23010.0,23291.0,22988.0,23290.0,37683.0,873908971.0,0.0
MHImain,HKFE,2025-05-29 11:31:00,23291.0,23477.0,23263.0,23363.0,30295.0,707857143.0,0.0
MHImain,HKFE,2025-05-29 17:15:00,23365.0,23389.0,23261.0,23318.0,4310.0,100478613.0,0.0
MHImain,HKFE,2025-05-29 21:16:00,23320.0,23345.0,23154.0,23219.0,7085.0,164524413.0,0.0
MHImain,HKFE,2025-05-30 01:16:00,23219.0,23240.0,23014.0,23076.0,30014.0,693577657.0,0.0
MHImain,HKFE,2025-05-30 11:31:00,23076.0,23192.0,23020.0,23178.0,17950.0,414557341.0,0.0
MHImain,HKFE,2025-05-30 17:15:00,23178.0,23222.0,22998.0,23015.0,5811.0,134207741.0,0.0
MHImain,HKFE,2025-05-30 21:16:00,23015.0,23029.0,22810.0,22871.0,8211.0,188355830.0,0.0
MHImain,HKFE,2025-05-31 01:16:00,22868.0,22920.0,22848.0,22911.0,1391.0,31830333.0,0.0
MHImain,HKFE,2025-06-02 01:16:00,22909.0,22936.0,22521.0,22528.0,35026.0,794222075.0,0.0
MHImain,HKFE,2025-06-02 11:31:00,22529.0,23053.0,22514.0,23031.0,36798.0,839928809.0,0.0
MHImain,HKFE,2025-06-02 17:15:00,23018.0,23080.0,22987.0,23056.0,3127.0,72057724.0,0.0
MHImain,HKFE,2025-06-02 21:16:00,23057.0,23126.0,22972.0,23109.0,7476.0,172321791.0,0.0
MHImain,HKFE,2025-06-03 01:16:00,23109.0,23403.0,23086.0,23343.0,37370.0,870059772.0,0.0
MHImain,HKFE,2025-06-03 11:31:00,23343.0,23414.0,23240.0,23363.0,22235.0,518779940.0,0.0
MHImain,HKFE,2025-06-03 17:15:00,23364.0,23410.0,23335.0,23401.0,2851.0,66640290.0,0.0
MHImain,HKFE,2025-06-03 21:16:00,23401.0,23405.0,23268.0,23383.0,6801.0,158689330.0,0.0
MHImain,HKFE,2025-06-04 01:16:00,23383.0,23591.0,23348.0,23547.0,35755.0,839953469.0,0.0
MHImain,HKFE,2025-06-04 11:31:00,23545.0,23599.0,23474.0,23538.0,17585.0,413696483.0,0.0
MHImain,HKFE,2025-06-04 17:15:00,23540.0,23561.0,23517.0,23543.0,1708.0,40199773.0,0.0
MHImain,HKFE,2025-06-04 21:16:00,23545.0,23696.0,23511.0,23661.0,7420.0,175261221.0,0.0
MHImain,HKFE,2025-06-05 01:16:00,23660.0,23807.0,23645.0,23717.0,34927.0,829296580.0,0.0
MHImain,HKFE,2025-06-05 11:31:00,23716.0,23800.0,23607.0,23798.0,23826.0,564585396.0,0.0
MHImain,HKFE,2025-06-05 17:15:00,23792.0,23925.0,23740.0,23859.0,5995.0,142824768.0,0.0
MHImain,HKFE,2025-06-05 21:16:00,23860.0,23960.0,23717.0,23849.0,12467.0,297198359.0,0.0
MHImain,HKFE,2025-06-06 01:16:00,23844.0,23863.0,23680.0,23717.0,33329.0,792062550.0,0.0
MHImain,HKFE,2025-06-06 11:31:00,23717.0,23792.0,23668.0,23717.0,21234.0,503865546.0,0.0
MHImain,HKFE,2025-06-06 17:15:00,23709.0,23729.0,23670.0,23720.0,2240.0,53089538.0,0.0
MHImain,HKFE,2025-06-06 21:16:00,23723.0,23744.0,23653.0,23709.0,4817.0,114155661.0,0.0
MHImain,HKFE,2025-06-07 01:16:00,23708.0,23826.0,23708.0,23808.0,1269.0,30167218.0,0.0
MHImain,HKFE,2025-06-09 01:16:00,23835.0,24091.0,23831.0,23968.0,34699.0,832408153.0,0.0
MHImain,HKFE,2025-06-09 11:31:00,23969.0,24104.0,23897.0,24037.0,23511.0,563941921.0,0.0
MHImain,HKFE,2025-06-09 17:15:00,24031.0,24086.0,24003.0,24009.0,2244.0,53967527.0,0.0
MHImain,HKFE,2025-06-09 21:16:00,24008.0,24110.0,23978.0,24095.0,5558.0,133623850.0,0.0
MHImain,HKFE,2025-06-10 01:16:00,24092.0,24219.0,24067.0,24154.0,33575.0,810482963.0,0.0
MHImain,HKFE,2025-06-10 11:31:00,24154.0,24205.0,23925.0,24072.0,31784.0,764155711.0,0.0
MHImain,HKFE,2025-06-10 17:15:00,24079.0,24154.0,24040.0,24146.0,2960.0,71354604.0,0.0
MHImain,HKFE,2025-06-10 21:16:00,24145.0,24173.0,24009.0,24070.0,5818.0,140110660.0,0.0
MHImain,HKFE,2025-06-11 01:16:00,24073.0,24385.0,24052.0,24366.0,37859.0,919234611.0,0.0
MHImain,HKFE,2025-06-11 11:31:00,24367.0,24408.0,24298.0,24347.0,20091.0,489334953.0,0.0
MHImain,HKFE,2025-06-11 17:15:00,24343.0,24400.0,24263.0,24348.0,5806.0,141273804.0,0.0
MHImain,HKFE,2025-06-11 21:16:00,24349.0,24362.0,24244.0,24305.0,6045.0,146855939.0,0.0
MHImain,HKFE,2025-06-12 01:16:00,24305.0,24316.0,24133.0,24214.0,29988.0,725669580.0,0.0
MHImain,HKFE,2025-06-12 11:31:00,24215.0,24232.0,23974.0,24051.0,24592.0,592789584.0,0.0
MHImain,HKFE,2025-06-12 17:15:00,24058.0,24163.0,24028.0,24139.0,4504.0,108546642.0,0.0
MHImain,HKFE,2025-06-12 21:16:00,24138.0,24183.0,24096.0,24176.0,4673.0,112846802.0,0.0
MHImain,HKFE,2025-06-13 01:16:00,24176.0,24193.0,23760.0,23832.0,43680.0,1044387186.0,0.0
MHImain,HKFE,2025-06-13 11:31:00,23834.0,23878.0,23745.0,23845.0,24355.0,579904017.0,0.0
MHImain,HKFE,2025-06-13 17:15:00,23839.0,23859.0,23772.0,23786.0,2754.0,65566465.0,0.0
MHImain,HKFE,2025-06-13 21:16:00,23786.0,23877.0,23757.0,23824.0,4772.0,113705775.0,0.0
MHImain,HKFE,2025-06-14 01:16:00,23823.0,23824.0,23716.0,23738.0,1843.0,43798320.0,0.0
MHImain,HKFE,2025-06-16 01:16:00,23840.0,23902.0,23682.0,23838.0,31025.0,738771783.0,0.0
MHImain,HKFE,2025-06-16 11:31:00,23839.0,24102.0,23828.0,24057.0,22977.0,550853138.0,0.0
MHImain,HKFE,2025-06-16 17:15:00,24046.0,24107.0,24033.0,24085.0,2571.0,61883458.0,0.0
MHImain,HKFE,2025-06-16 21:16:00,24086.0,24251.0,24084.0,24139.0,7803.0,188644121.0,0.0
MHImain,HKFE,2025-06-17 01:16:00,24139.0,24184.0,23930.0,23987.0,30206.0,725814372.0,0.0
MHImain,HKFE,2025-06-17 11:31:00,23983.0,24020.0,23852.0,23967.0,20607.0,493404585.0,0.0
MHImain,HKFE,2025-06-17 17:15:00,23969.0,23989.0,23921.0,23946.0,2229.0,53397169.0,0.0
MHImain,HKFE,2025-06-17 21:16:00,23946.0,23970.0,23824.0,23826.0,5169.0,123623548.0,0.0
MHImain,HKFE,2025-06-18 01:16:00,23823.0,23893.0,23623.0,23661.0,31818.0,755159745.0,0.0
MHImain,HKFE,2025-06-18 11:31:00,23663.0,23705.0,23606.0,23642.0,16792.0,397339970.0,0.0
MHImain,HKFE,2025-06-18 17:15:00,23650.0,23682.0,23563.0,23623.0,3738.0,88269775.0,0.0
MHImain,HKFE,2025-06-18 21:16:00,23623.0,23652.0,23546.0,23600.0,5490.0,129625632.0,0.0
MHImain,HKFE,2025-06-19 01:16:00,23603.0,23643.0,23266.0,23268.0,32108.0,753422421.0,0.0
MHImain,HKFE,2025-06-19 11:31:00,23268.0,23292.0,23160.0,23238.0,25188.0,584961282.0,0.0
MHImain,HKFE,2025-06-19 17:15:00,23225.0,23243.0,23133.0,23160.0,3411.0,79062032.0,0.0
MHImain,HKFE,2025-06-19 21:16:00,23159.0,23188.0,23105.0,23128.0,3194.0,73913526.0,0.0
MHImain,HKFE,2025-06-20 01:16:00,23128.0,23464.0,23118.0,23453.0,28745.0,671230249.0,0.0
MHImain,HKFE,2025-06-20 11:31:00,23455.0,23554.0,23365.0,23518.0,22697.0,532126997.0,0.0
MHImain,HKFE,2025-06-20 17:15:00,23506.0,23616.0,23492.0,23573.0,4477.0,105500979.0,0.0
MHImain,HKFE,2025-06-20 21:16:00,23573.0,23583.0,23379.0,23429.0,6449.0,151293458.0,0.0
MHImain,HKFE,2025-06-21 01:16:00,23426.0,23433.0,23381.0,23405.0,839.0,19637725.0,0.0
MHImain,HKFE,2025-06-23 01:16:00,23256.0,23585.0,23235.0,23489.0,33775.0,789397623.0,0.0
MHImain,HKFE,2025-06-23 11:31:00,23489.0,23700.0,23457.0,23657.0,24875.0,587166829.0,0.0
MHImain,HKFE,2025-06-23 17:15:00,23647.0,23655.0,23521.0,23573.0,4808.0,113410166.0,0.0
MHImain,HKFE,2025-06-23 21:16:00,23572.0,23668.0,23528.0,23617.0,5988.0,141386006.0,0.0
MHImain,HKFE,2025-06-24 01:16:00,23618.0,24185.0,23618.0,24173.0,35155.0,844200002.0,0.0
MHImain,HKFE,2025-06-24 11:31:00,24172.0,24221.0,24061.0,24150.0,23583.0,569573578.0,0.0
MHImain,HKFE,2025-06-24 17:15:00,24160.0,24205.0,24109.0,24144.0,3558.0,85915194.0,0.0
MHImain,HKFE,2025-06-24 21:16:00,24143.0,24342.0,24089.0,24336.0,7133.0,172806871.0,0.0
MHImain,HKFE,2025-06-25 01:16:00,24336.0,24418.0,24254.0,24387.0,32551.0,792365867.0,0.0
MHImain,HKFE,2025-06-25 11:31:00,24386.0,24521.0,24302.0,24467.0,22451.0,548289973.0,0.0
MHImain,HKFE,2025-06-25 17:15:00,24470.0,24477.0,24380.0,24438.0,3247.0,79300222.0,0.0
MHImain,HKFE,2025-06-25 21:16:00,24439.0,24460.0,24320.0,24365.0,5119.0,124723537.0,0.0
MHImain,HKFE,2025-06-26 01:16:00,24365.0,24385.0,24225.0,24334.0,27757.0,674626797.0,0.0
MHImain,HKFE,2025-06-26 11:31:00,24333.0,24352.0,24212.0,24350.0,14715.0,357404969.0,0.0
MHImain,HKFE,2025-06-26 17:15:00,24349.0,24382.0,24276.0,24296.0,1927.0,46880595.0,0.0
MHImain,HKFE,2025-06-26 21:16:00,24295.0,24440.0,24268.0,24397.0,4430.0,107963149.0,0.0
MHImain,HKFE,2025-06-27 01:16:00,24400.0,24461.0,24301.0,24318.0,28408.0,693007794.0,0.0
MHImain,HKFE,2025-06-27 11:31:00,24319.0,24323.0,24174.0,24256.0,20739.0,502848200.0,0.0
MHImain,HKFE,2025-06-27 17:15:00,24249.0,24281.0,24221.0,24240.0,1889.0,45804609.0,0.0
MHImain,HKFE,2025-06-27 21:16:00,24240.0,24301.0,24188.0,24246.0,5055.0,122566134.0,0.0
MHImain,HKFE,2025-06-28 01:16:00,24245.0,24246.0,24161.0,24185.0,1303.0,31528630.0,0.0
MHImain,HKFE,2025-06-30 01:16:00,24252.0,24294.0,24066.0,24113.0,27232.0,657940658.0,0.0
MHImain,HKFE,2025-06-30 11:31:00,24113.0,24235.0,24022.0,24081.0,20032.0,483753861.0,0.0
MHImain,HKFE,2025-06-30 17:15:00,24086.0,24112.0,24042.0,24055.0,2063.0,49681300.0,0.0
MHImain,HKFE,2025-06-30 21:16:00,24055.0,24166.0,23995.0,24155.0,4506.0,108539134.0,0.0
MHImain,HKFE,2025-07-01 01:16:00,24157.0,24173.0,24134.0,24168.0,612.0,14782154.0,0.0
MHImain,HKFE,2025-07-02 01:16:00,24247.0,24380.0,24100.0,24234.0,34392.0,832976328.0,0.0
MHImain,HKFE,2025-07-02 11:31:00,24237.0,24281.0,24143.0,24168.0,18564.0,449446864.0,0.0
MHImain,HKFE,2025-07-02 17:15:00,24173.0,24237.0,24110.0,24160.0,3101.0,74983459.0,0.0
MHImain,HKFE,2025-07-02 21:16:00,24160.0,24165.0,24068.0,24153.0,5314.0,128159779.0,0.0
MHImain,HKFE,2025-07-03 01:16:00,24153.0,24284.0,23932.0,23975.0,33692.0,810701385.0,0.0
MHImain,HKFE,2025-07-03 11:31:00,23975.0,24102.0,23961.0,24053.0,17408.0,418513075.0,0.0
MHImain,HKFE,2025-07-03 17:15:00,24043.0,24049.0,23950.0,24025.0,4286.0,102830942.0,0.0
MHImain,HKFE,2025-07-03 21:16:00,24025.0,24110.0,23992.0,24017.0,7041.0,169346158.0,0.0
MHImain,HKFE,2025-07-04 01:16:00,24018.0,24018.0,23701.0,23933.0,34713.0,826815448.0,0.0
MHImain,HKFE,2025-07-04 11:31:00,23934.0,24094.0,23852.0,23923.0,29504.0,706677736.0,0.0
MHImain,HKFE,2025-07-04 17:15:00,23912.0,23928.0,23866.0,23892.0,2042.0,48790854.0,0.0
MHImain,HKFE,2025-07-04 21:16:00,23892.0,23939.0,23892.0,23910.0,2118.0,50656320.0,0.0
MHImain,HKFE,2025-07-05 01:16:00,23910.0,23911.0,23886.0,23902.0,336.0,8029241.0,0.0
MHImain,HKFE,2025-07-07 01:16:00,23852.0,23879.0,23716.0,23832.0,28900.0,688153467.0,0.0
MHImain,HKFE,2025-07-07 11:31:00,23832.0,23920.0,23782.0,23868.0,17984.0,428982074.0,0.0
MHImain,HKFE,2025-07-07 17:15:00,23868.0,23918.0,23860.0,23865.0,1861.0,44451608.0,0.0
MHImain,HKFE,2025-07-07 21:16:00,23866.0,24028.0,23850.0,23890.0,8160.0,195471587.0,0.0
MHImain,HKFE,2025-07-08 01:16:00,23892.0,24155.0,23830.0,24127.0,38867.0,933056028.0,0.0
MHImain,HKFE,2025-07-08 11:31:00,24125.0,24170.0,24016.0,24114.0,20532.0,494709240.0,0.0
MHImain,HKFE,2025-07-08 17:15:00,24110.0,24125.0,24068.0,24073.0,2392.0,57637117.0,0.0
MHImain,HKFE,2025-07-08 21:16:00,24076.0,24142.0,24003.0,24119.0,6873.0,165424608.0,0.0
MHImain,HKFE,2025-07-09 01:16:00,24120.0,24133.0,23844.0,23966.0,32728.0,784374963.0,0.0
MHImain,HKFE,2025-07-09 11:31:00,23965.0,24008.0,23818.0,23881.0,20107.0,480540217.0,0.0
MHImain,HKFE,2025-07-09 17:15:00,23888.0,23950.0,23882.0,23944.0,2385.0,57064721.0,0.0
MHImain,HKFE,2025-07-09 21:16:00,23945.0,23956.0,23808.0,23866.0,6238.0,148839279.0,0.0
MHImain,HKFE,2025-07-10 01:16:00,23867.0,23970.0,23806.0,23919.0,32991.0,788541966.0,0.0
MHImain,HKFE,2025-07-10 11:31:00,23915.0,24085.0,23900.0,24024.0,25881.0,621336393.0,0.0
MHImain,HKFE,2025-07-10 17:15:00,24024.0,24047.0,23965.0,23998.0,2605.0,62523107.0,0.0
MHImain,HKFE,2025-07-10 21:16:00,24000.0,24043.0,23884.0,24034.0,7990.0,191471200.0,0.0
MHImain,HKFE,2025-07-11 01:16:00,24034.0,24479.0,23998.0,24427.0,41690.0,1013572589.0,0.0
MHImain,HKFE,2025-07-11 11:31:00,24429.0,24532.0,24120.0,24165.0,37872.0,922515905.0,0.0
MHImain,HKFE,2025-07-11 17:15:00,24160.0,24182.0,24105.0,24124.0,2642.0,63792605.0,0.0
MHImain,HKFE,2025-07-11 21:16:00,24120.0,24172.0,24065.0,24104.0,4730.0,114065725.0,0.0
MHImain,HKFE,2025-07-12 01:16:00,24104.0,24109.0,24081.0,24087.0,538.0,12962548.0,0.0
MHImain,HKFE,2025-07-14 01:16:00,24056.0,24205.0,24047.0,24145.0,28274.0,682752954.0,0.0
MHImain,HKFE,2025-07-14 11:31:00,24146.0,24270.0,24119.0,24184.0,17724.0,429072956.0,0.0
MHImain,HKFE,2025-07-14 17:15:00,24185.0,24240.0,24173.0,24187.0,1903.0,46058782.0,0.0
MHImain,HKFE,2025-07-14 21:16:00,24185.0,24285.0,24148.0,24244.0,6231.0,151022704.0,0.0
MHImain,HKFE,2025-07-15 01:16:00,24244.0,24569.0,24125.0,24244.0,49541.0,1207167408.0,0.0
MHImain,HKFE,2025-07-15 11:31:00,24245.0,24599.0,24217.0,24533.0,35864.0,875674021.0,0.0
MHImain,HKFE,2025-07-15 17:15:00,24532.0,24575.0,24511.0,24551.0,2666.0,65418578.0,0.0
MHImain,HKFE,2025-07-15 21:16:00,24552.0,24607.0,24417.0,24584.0,10295.0,252155456.0,0.0
MHImain,HKFE,2025-07-16 01:16:00,24580.0,24879.0,24572.0,24731.0,48186.0,1192272518.0,0.0
MHImain,HKFE,2025-07-16 11:31:00,24732.0,24748.0,24498.0,24541.0,30899.0,760542080.0,0.0
MHImain,HKFE,2025-07-16 17:15:00,24539.0,24552.0,24493.0,24505.0,2631.0,64504494.0,0.0
MHImain,HKFE,2025-07-16 21:16:00,24505.0,24563.0,24409.0,24546.0,10083.0,246823852.0,0.0
MHImain,HKFE,2025-07-17 01:16:00,24545.0,24668.0,24443.0,24482.0,38027.0,933766438.0,0.0
MHImain,HKFE,2025-07-17 11:31:00,24481.0,24595.0,24439.0,24447.0,21729.0,532901731.0,0.0
MHImain,HKFE,2025-07-17 17:15:00,24451.0,24489.0,24413.0,24463.0,2414.0,59021582.0,0.0
MHImain,HKFE,2025-07-17 21:16:00,24463.0,24684.0,24432.0,24676.0,9610.0,236176467.0,0.0
MHImain,HKFE,2025-07-18 01:16:00,24676.0,24837.0,24641.0,24670.0,38756.0,959332450.0,0.0
MHImain,HKFE,2025-07-18 11:31:00,24670.0,24866.0,24620.0,24852.0,23660.0,585252745.0,0.0
MHImain,HKFE,2025-07-18 17:15:00,24848.0,24989.0,24846.0,24962.0,4883.0,121714075.0,0.0
MHImain,HKFE,2025-07-18 21:16:00,24959.0,25083.0,24918.0,24964.0,10848.0,271354248.0,0.0
MHImain,HKFE,2025-07-19 01:16:00,24963.0,24968.0,24870.0,24894.0,2407.0,59979730.0,0.0
MHImain,HKFE,2025-07-21 01:16:00,24958.0,25023.0,24887.0,24894.0,32264.0,805375303.0,0.0
MHImain,HKFE,2025-07-21 11:31:00,24895.0,25023.0,24846.0,24984.0,21511.0,536535267.0,0.0
MHImain,HKFE,2025-07-21 17:15:00,24984.0,25047.0,24982.0,25014.0,2176.0,54424307.0,0.0
MHImain,HKFE,2025-07-21 21:16:00,25019.0,25137.0,24931.0,25070.0,8475.0,212340000.0,0.0
MHImain,HKFE,2025-07-22 01:16:00,25070.0,25133.0,24915.0,25008.0,30242.0,756393529.0,0.0
MHImain,HKFE,2025-07-22 11:31:00,25012.0,25168.0,25004.0,25140.0,27091.0,679607125.0,0.0
MHImain,HKFE,2025-07-22 17:15:00,25137.0,25197.0,25130.0,25190.0,2941.0,74015156.0,0.0
MHImain,HKFE,2025-07-22 21:16:00,25190.0,25359.0,25107.0,25328.0,10644.0,268619343.0,0.0
MHImain,HKFE,2025-07-23 01:16:00,25328.0,25425.0,25232.0,25393.0,35609.0,900982685.0,0.0
MHImain,HKFE,2025-07-23 11:31:00,25396.0,25580.0,25359.0,25568.0,37071.0,943996057.0,0.0
MHImain,HKFE,2025-07-23 17:15:00,25570.0,25582.0,25481.0,25504.0,3445.0,87915468.0,0.0
MHImain,HKFE,2025-07-23 21:16:00,25504.0,25542.0,25449.0,25507.0,7393.0,188469697.0,0.0
MHImain,HKFE,2025-07-24 01:16:00,25508.0,25744.0,25478.0,25685.0,41536.0,1063869861.0,0.0
MHImain,HKFE,2025-07-24 11:31:00,25686.0,25741.0,25598.0,25687.0,23847.0,612211875.0,0.0
MHImain,HKFE,2025-07-24 17:15:00,25680.0,25693.0,25589.0,25595.0,2930.0,75083576.0,0.0
MHImain,HKFE,2025-07-24 21:16:00,25595.0,25646.0,25484.0,25524.0,7833.0,200223117.0,0.0
MHImain,HKFE,2025-07-25 01:16:00,25522.0,25582.0,25391.0,25401.0,33976.0,866198724.0,0.0
MHImain,HKFE,2025-07-25 11:31:00,25408.0,25473.0,25333.0,25358.0,22818.0,579353642.0,0.0
MHImain,HKFE,2025-07-25 17:15:00,25351.0,25388.0,25269.0,25294.0,4600.0,116463762.0,0.0
MHImain,HKFE,2025-07-25 21:16:00,25296.0,25360.0,25254.0,25360.0,6410.0,162268324.0,0.0
MHImain,HKFE,2025-07-26 01:16:00,25357.0,25404.0,25346.0,25396.0,1308.0,33191297.0,0.0
MHImain,HKFE,2025-07-28 01:16:00,25445.0,25648.0,25378.0,25456.0,36517.0,931479918.0,0.0
MHImain,HKFE,2025-07-28 11:31:00,25457.0,25575.0,25439.0,25508.0,18765.0,478632254.0,0.0
MHImain,HKFE,2025-07-28 17:15:00,25514.0,25522.0,25454.0,25490.0,2742.0,69882263.0,0.0
MHImain,HKFE,2025-07-28 21:16:00,25489.0,25502.0,25387.0,25407.0,5710.0,145262066.0,0.0
MHImain,HKFE,2025-07-29 01:16:00,25404.0,25426.0,25218.0,25265.0,29717.0,752257821.0,0.0
MHImain,HKFE,2025-07-29 11:31:00,25265.0,25511.0,25241.0,25478.0,20436.0,518315252.0,0.0
MHImain,HKFE,2025-07-29 17:15:00,25492.0,25558.0,25476.0,25538.0,2581.0,65858463.0,0.0
MHImain,HKFE,2025-07-29 21:16:00,25540.0,25552.0,25377.0,25414.0,6270.0,159619308.0,0.0
MHImain,HKFE,2025-07-30 01:16:00,25412.0,25491.0,25209.0,25460.0,37077.0,940943100.0,0.0
MHImain,HKFE,2025-07-30 11:31:00,25461.0,25475.0,25085.0,25180.0,38693.0,977017461.0,0.0
MHImain,HKFE,2025-07-30 17:15:00,25183.0,25216.0,25060.0,25071.0,4223.0,106193355.0,0.0
MHImain,HKFE,2025-07-30 21:16:00,25071.0,25143.0,25011.0,25025.0,7123.0,178544637.0,0.0
MHImain,HKFE,2025-07-31 01:16:00,25021.0,25067.0,24770.0,24870.0,44824.0,1115386627.0,0.0
MHImain,HKFE,2025-07-31 11:31:00,24869.0,24949.0,24733.0,24759.0,29580.0,733775942.0,0.0
MHImain,HKFE,2025-07-31 17:15:00,24747.0,24775.0,24681.0,24689.0,4583.0,113330305.0,0.0
MHImain,HKFE,2025-07-31 21:16:00,24693.0,24815.0,24655.0,24758.0,8897.0,220113057.0,0.0
MHImain,HKFE,2025-08-01 01:16:00,24757.0,24830.0,24665.0,24711.0,39721.0,983002076.0,0.0
MHImain,HKFE,2025-08-01 11:31:00,24710.0,24739.0,24437.0,24443.0,33495.0,823489514.0,0.0
MHImain,HKFE,2025-08-01 17:15:00,24439.0,24480.0,24375.0,24429.0,5561.0,135899537.0,0.0
MHImain,HKFE,2025-08-01 21:16:00,24427.0,24461.0,24254.0,24277.0,12039.0,292959122.0,0.0
MHImain,HKFE,2025-08-02 01:16:00,24277.0,24319.0,24242.0,24271.0,1591.0,38624275.0,0.0
MHImain,HKFE,2025-08-04 01:16:00,24378.0,24615.0,24348.0,24604.0,33471.0,820128191.0,0.0
MHImain,HKFE,2025-08-04 11:31:00,24602.0,24720.0,24567.0,24717.0,25771.0,635136245.0,0.0
MHImain,HKFE,2025-08-04 17:15:00,24720.0,24755.0,24674.0,24748.0,3337.0,82472491.0,0.0
MHImain,HKFE,2025-08-04 21:16:00,24750.0,24759.0,24614.0,24717.0,8126.0,200487031.0,0.0
MHImain,HKFE,2025-08-05 01:16:00,24717.0,24822.0,24637.0,24725.0,31688.0,783120012.0,0.0
MHImain,HKFE,2025-08-05 11:31:00,24725.0,24882.0,24724.0,24849.0,24100.0,598270681.0,0.0
MHImain,HKFE,2025-08-05 17:15:00,24847.0,24864.0,24820.0,24849.0,2107.0,52340134.0,0.0
MHImain,HKFE,2025-08-05 21:16:00,24849.0,24909.0,24778.0,24833.0,7922.0,196827415.0,0.0
MHImain,HKFE,2025-08-06 01:16:00,24832.0,24955.0,24754.0,24937.0,32759.0,813896636.0,0.0
MHImain,HKFE,2025-08-06 11:31:00,24937.0,24939.0,24821.0,24843.0,17918.0,445858505.0,0.0
MHImain,HKFE,2025-08-06 17:15:00,24835.0,24866.0,24805.0,24862.0,2603.0,64646169.0,0.0
MHImain,HKFE,2025-08-06 21:16:00,24862.0,24876.0,24737.0,24852.0,8263.0,204933875.0,0.0
MHImain,HKFE,2025-08-07 01:16:00,24854.0,25016.0,24789.0,24943.0,37849.0,942922036.0,0.0
MHImain,HKFE,2025-08-07 11:31:00,24941.0,25084.0,24940.0,25026.0,25960.0,649758736.0,0.0
MHImain,HKFE,2025-08-07 17:15:00,25039.0,25061.0,25005.0,25011.0,2298.0,57505523.0,0.0
MHImain,HKFE,2025-08-07 21:16:00,25010.0,25044.0,24855.0,24869.0,8386.0,209034369.0,0.0
MHImain,HKFE,2025-08-08 01:16:00,24872.0,24960.0,24820.0,24872.0,30962.0,770692888.0,0.0
MHImain,HKFE,2025-08-08 11:31:00,24870.0,24883.0,24779.0,24829.0,18637.0,462631854.0,0.0
MHImain,HKFE,2025-08-08 17:15:00,24822.0,24843.0,24789.0,24827.0,2145.0,53232941.0,0.0
MHImain,HKFE,2025-08-08 21:16:00,24828.0,24910.0,24804.0,24891.0,5634.0,140054149.0,0.0
MHImain,HKFE,2025-08-09 01:16:00,24890.0,24940.0,24890.0,24940.0,972.0,24219132.0,0.0
MHImain,HKFE,2025-08-11 01:16:00,24929.0,24942.0,24740.0,24903.0,36379.0,903900241.0,0.0
MHImain,HKFE,2025-08-11 11:31:00,24903.0,24912.0,24826.0,24889.0,14846.0,369161116.0,0.0
MHImain,HKFE,2025-08-11 17:15:00,24890.0,24909.0,24854.0,24873.0,1641.0,40833726.0,0.0
MHImain,HKFE,2025-08-11 21:16:00,24873.0,24937.0,24740.0,24743.0,6149.0,152655523.0,0.0
MHImain,HKFE,2025-08-12 01:16:00,24744.0,24913.0,24720.0,24879.0,33067.0,821385857.0,0.0
MHImain,HKFE,2025-08-12 11:31:00,24878.0,24991.0,24831.0,24916.0,24237.0,603640906.0,0.0
MHImain,HKFE,2025-08-12 17:15:00,24915.0,24989.0,24876.0,24949.0,3755.0,93623650.0,0.0
MHImain,HKFE,2025-08-12 21:16:00,24951.0,25158.0,24910.0,25153.0,9341.0,233937377.0,0.0
MHImain,HKFE,2025-08-13 01:16:00,25150.0,25431.0,25114.0,25425.0,40090.0,1012492009.0,0.0
MHImain,HKFE,2025-08-13 11:31:00,25425.0,25641.0,25404.0,25630.0,27313.0,696721926.0,0.0
MHImain,HKFE,2025-08-13 17:15:00,25642.0,25774.0,25630.0,25718.0,5996.0,154249308.0,0.0
MHImain,HKFE,2025-08-13 21:16:00,25718.0,25850.0,25713.0,25767.0,9510.0,245196988.0,0.0
MHImain,HKFE,2025-08-14 01:16:00,25765.0,25809.0,25589.0,25604.0,31583.0,811602636.0,0.0
MHImain,HKFE,2025-08-14 11:31:00,25605.0,25620.0,25463.0,25555.0,26021.0,664597463.0,0.0
MHImain,HKFE,2025-08-14 17:15:00,25550.0,25583.0,25381.0,25399.0,4744.0,120832808.0,0.0
MHImain,HKFE,2025-08-14 21:16:00,25400.0,25408.0,25248.0,25278.0,10700.0,271087798.0,0.0
MHImain,HKFE,2025-08-15 01:16:00,25278.0,25345.0,25144.0,25221.0,32017.0,808313080.0,0.0
MHImain,HKFE,2025-08-15 11:31:00,25223.0,25285.0,25178.0,25233.0,18936.0,477678263.0,0.0
MHImain,HKFE,2025-08-15 17:15:00,25226.0,25272.0,25208.0,25233.0,2081.0,52526793.0,0.0
MHImain,HKFE,2025-08-15 21:16:00,25233.0,25303.0,25168.0,25192.0,5342.0,134834435.0,0.0
MHImain,HKFE,2025-08-16 01:16:00,25194.0,25230.0,25187.0,25214.0,590.0,14872497.0,0.0
MHImain,HKFE,2025-08-18 01:16:00,25279.0,25388.0,25223.0,25384.0,31520.0,797572713.0,0.0
MHImain,HKFE,2025-08-18 11:31:00,25382.0,25463.0,25152.0,25190.0,27107.0,686482942.0,0.0
MHImain,HKFE,2025-08-18 17:15:00,25200.0,25238.0,25179.0,25224.0,1987.0,50093601.0,0.0
MHImain,HKFE,2025-08-18 21:16:00,25223.0,25288.0,25183.0,25234.0,4999.0,126167040.0,0.0
MHImain,HKFE,2025-08-19 01:16:00,25234.0,25250.0,25062.0,25165.0,30424.0,765096510.0,0.0
MHImain,HKFE,2025-08-19 11:31:00,25166.0,25252.0,25072.0,25116.0,24472.0,615438232.0,0.0
MHImain,HKFE,2025-08-19 17:15:00,25124.0,25190.0,25113.0,25162.0,2447.0,61569750.0,0.0
MHImain,HKFE,2025-08-19 21:16:00,25156.0,25196.0,24976.0,24990.0,7062.0,177253557.0,0.0
MHImain,HKFE,2025-08-20 01:16:00,24992.0,25078.0,24858.0,25006.0,32153.0,803258966.0,0.0
MHImain,HKFE,2025-08-20 11:31:00,25005.0,25210.0,24949.0,25126.0,26774.0,671992493.0,0.0
MHImain,HKFE,2025-08-20 17:15:00,25134.0,25176.0,25112.0,25168.0,2903.0,73006261.0,0.0
MHImain,HKFE,2025-08-20 21:16:00,25168.0,25219.0,25059.0,25158.0,9389.0,235971781.0,0.0
MHImain,HKFE,2025-08-21 01:16:00,25163.0,25211.0,25073.0,25106.0,29001.0,729390039.0,0.0
MHImain,HKFE,2025-08-21 11:31:00,25106.0,25140.0,24990.0,25107.0,20259.0,507977002.0,0.0
MHImain,HKFE,2025-08-21 17:15:00,25104.0,25120.0,25071.0,25103.0,2319.0,58196978.0,0.0
MHImain,HKFE,2025-08-21 21:16:00,25100.0,25208.0,25090.0,25174.0,6908.0,173757269.0,0.0
MHImain,HKFE,2025-08-22 01:16:00,25169.0,25282.0,25141.0,25202.0,32779.0,826173056.0,0.0
MHImain,HKFE,2025-08-22 11:31:00,25203.0,25362.0,25150.0,25354.0,21549.0,543995325.0,0.0
MHImain,HKFE,2025-08-22 17:15:00,25354.0,25414.0,25331.0,25389.0,2965.0,75241959.0,0.0
MHImain,HKFE,2025-08-22 21:16:00,25391.0,25729.0,25368.0,25715.0,13766.0,352313698.0,0.0
MHImain,HKFE,2025-08-23 01:16:00,25715.0,25755.0,25712.0,25723.0,1370.0,35253844.0,0.0
MHImain,HKFE,2025-08-25 01:16:00,25688.0,25950.0,25608.0,25912.0,39334.0,1013937198.0,0.0
MHImain,HKFE,2025-08-25 11:31:00,25909.0,25940.0,25768.0,25863.0,26671.0,689693550.0,0.0
MHImain,HKFE,2025-08-25 17:15:00,25857.0,25864.0,25739.0,25753.0,4378.0,112914138.0,0.0
MHImain,HKFE,2025-08-25 21:16:00,25753.0,25867.0,25721.0,25744.0,7606.0,196136838.0,0.0
MHImain,HKFE,2025-08-26 01:16:00,25747.0,25838.0,25672.0,25810.0,26601.0,685173874.0,0.0
MHImain,HKFE,2025-08-26 11:31:00,25808.0,25838.0,25483.0,25570.0,28065.0,720492218.0,0.0
MHImain,HKFE,2025-08-26 17:15:00,25579.0,25702.0,25570.0,25661.0,4263.0,109362587.0,0.0
MHImain,HKFE,2025-08-26 21:16:00,25660.0,25718.0,25594.0,25596.0,6169.0,158295497.0,0.0
MHImain,HKFE,2025-08-27 01:16:00,25598.0,25681.0,25498.0,25552.0,28866.0,738791015.0,0.0
MHImain,HKFE,2025-08-27 11:31:00,25550.0,25575.0,25160.0,25184.0,32969.0,834822045.0,0.0
MHImain,HKFE,2025-08-27 17:15:00,25090.0,25090.0,24931.0,24971.0,3655.0,91420435.0,0.0
MHImain,HKFE,2025-08-27 21:16:00,24971.0,24973.0,24835.0,24885.0,5512.0,137162804.0,0.0
MHImain,HKFE,2025-08-28 01:16:00,24881.0,25022.0,24837.0,24933.0,35208.0,877656669.0,0.0
MHImain,HKFE,2025-08-28 11:31:00,24934.0,25006.0,24738.0,24911.0,29613.0,736972982.0,0.0
MHImain,HKFE,2025-08-28 17:15:00,24906.0,24945.0,24872.0,24938.0,2364.0,58890725.0,0.0
MHImain,HKFE,2025-08-28 21:16:00,24940.0,25126.0,24903.0,25104.0,8926.0,223463886.0,0.0
MHImain,HKFE,2025-08-29 01:16:00,25104.0,25202.0,24979.0,25102.0,36287.0,910314352.0,0.0
MHImain,HKFE,2025-08-29 11:31:00,25104.0,25212.0,25006.0,25038.0,28740.0,721650872.0,0.0
MHImain,HKFE,2025-08-29 17:15:00,25038.0,25193.0,24877.0,25192.0,8143.0,204146939.0,0.0
MHImain,HKFE,2025-08-29 21:16:00,25191.0,25356.0,25147.0,25342.0,13861.0,349875610.0,0.0
MHImain,HKFE,2025-08-30 01:16:00,25341.0,25357.0,25313.0,25333.0,1356.0,34352349.0,0.0
MHImain,HKFE,2025-09-01 01:16:00,25385.0,25598.0,25370.0,25473.0,36900.0,941178465.0,0.0
MHImain,HKFE,2025-09-01 11:31:00,25473.0,25595.0,25439.0,25529.0,19464.0,496838125.0,0.0
MHImain,HKFE,2025-09-01 17:15:00,25528.0,25553.0,25482.0,25495.0,2277.0,58089193.0,0.0
MHImain,HKFE,2025-09-01 21:16:00,25492.0,25492.0,25415.0,25442.0,3308.0,84180658.0,0.0
MHImain,HKFE,2025-09-02 01:16:00,25444.0,25694.0,25443.0,25471.0,41152.0,1052129117.0,0.0
MHImain,HKFE,2025-09-02 11:31:00,25473.0,25536.0,25379.0,25393.0,30831.0,784999203.0,0.0
MHImain,HKFE,2025-09-02 17:15:00,25406.0,25413.0,25200.0,25258.0,6481.0,163955128.0,0.0
MHImain,HKFE,2025-09-02 21:16:00,25259.0,25498.0,25196.0,25418.0,12763.0,323857762.0,0.0
MHImain,HKFE,2025-09-03 01:16:00,25420.0,25761.0,25318.0,25335.0,46665.0,1191725037.0,0.0
MHImain,HKFE,2025-09-03 11:31:00,25337.0,25381.0,25219.0,25319.0,27873.0,705062649.0,0.0
MHImain,HKFE,2025-09-03 17:15:00,25319.0,25373.0,25290.0,25319.0,3431.0,86931067.0,0.0
MHImain,HKFE,2025-09-03 21:16:00,25320.0,25371.0,25243.0,25365.0,7256.0,183691021.0,0.0
MHImain,HKFE,2025-09-04 01:16:00,25364.0,25478.0,24974.0,25008.0,47026.0,1185084299.0,0.0
MHImain,HKFE,2025-09-04 11:31:00,25010.0,25084.0,24963.0,24972.0,26834.0,671279951.0,0.0
MHImain,HKFE,2025-09-04 17:15:00,24973.0,25035.0,24947.0,25015.0,3192.0,79784225.0,0.0
MHImain,HKFE,2025-09-04 21:16:00,25016.0,25039.0,24883.0,25011.0,8917.0,222460085.0,0.0
MHImain,HKFE,2025-09-05 01:16:00,25010.0,25199.0,24991.0,25140.0,29470.0,740342794.0,0.0
MHImain,HKFE,2025-09-05 11:31:00,25139.0,25435.0,25116.0,25390.0,29373.0,743460142.0,0.0
MHImain,HKFE,2025-09-05 17:15:00,25385.0,25485.0,25364.0,25452.0,5270.0,133998094.0,0.0
MHImain,HKFE,2025-09-05 21:16:00,25454.0,25460.0,25249.0,25350.0,11389.0,288597099.0,0.0
MHImain,HKFE,2025-09-06 01:16:00,25351.0,25363.0,25317.0,25343.0,953.0,24149121.0,0.0
MHImain,HKFE,2025-09-08 01:16:00,25355.0,25519.0,25355.0,25472.0,31205.0,794228296.0,0.0
MHImain,HKFE,2025-09-08 11:31:00,25473.0,25639.0,25448.0,25587.0,21902.0,559765524.0,0.0
MHImain,HKFE,2025-09-08 17:15:00,25582.0,25618.0,25553.0,25612.0,2320.0,59342208.0,0.0
MHImain,HKFE,2025-09-08 21:16:00,25613.0,25638.0,25524.0,25602.0,6788.0,173663023.0,0.0
MHImain,HKFE,2025-09-09 01:16:00,25602.0,26033.0,25587.0,25869.0,43340.0,1121857473.0,0.0
MHImain,HKFE,2025-09-09 11:31:00,25868.0,25933.0,25737.0,25912.0,31819.0,821675697.0,0.0
MHImain,HKFE,2025-09-09 17:15:00,25902.0,25958.0,25868.0,25884.0,2811.0,72856282.0,0.0
MHImain,HKFE,2025-09-09 21:16:00,25884.0,26018.0,25880.0,25923.0,9466.0,245607283.0,0.0
MHImain,HKFE,2025-09-10 01:16:00,25927.0,26254.0,25925.0,26197.0,41647.0,1088913819.0,0.0
MHImain,HKFE,2025-09-10 11:31:00,26199.0,26314.0,26176.0,26186.0,27603.0,724533648.0,0.0
MHImain,HKFE,2025-09-10 17:15:00,26183.0,26192.0,26077.0,26129.0,6168.0,161142837.0,0.0
MHImain,HKFE,2025-09-10 21:16:00,26127.0,26142.0,25984.0,26002.0,9021.0,234961524.0,0.0
MHImain,HKFE,2025-09-11 01:16:00,26002.0,26156.0,25896.0,26141.0,38596.0,1003030533.0,0.0
MHImain,HKFE,2025-09-11 11:31:00,26142.0,26269.0,26068.0,26103.0,33829.0,884801913.0,0.0
MHImain,HKFE,2025-09-11 17:15:00,26107.0,26207.0,26080.0,26183.0,4646.0,121456022.0,0.0
MHImain,HKFE,2025-09-11 21:16:00,26180.0,26483.0,26162.0,26470.0,14316.0,376950116.0,0.0
MHImain,HKFE,2025-09-12 01:16:00,26473.0,26603.0,26381.0,26480.0,40761.0,1079753583.0,0.0
MHImain,HKFE,2025-09-12 11:31:00,26479.0,26534.0,26361.0,26391.0,26417.0,698573169.0,0.0
MHImain,HKFE,2025-09-12 17:15:00,26385.0,26463.0,26336.0,26413.0,4579.0,120874684.0,0.0
MHImain,HKFE,2025-09-12 21:16:00,26415.0,26435.0,26293.0,26365.0,7921.0,208693131.0,0.0
MHImain,HKFE,2025-09-13 01:16:00,26362.0,26401.0,26354.0,26383.0,1104.0,29124673.0,0.0
MHImain,HKFE,2025-09-15 01:16:00,26360.0,26568.0,26316.0,26513.0,32864.0,869770798.0,0.0
MHImain,HKFE,2025-09-15 11:31:00,26510.0,26545.0,26308.0,26475.0,26445.0,699103861.0,0.0
MHImain,HKFE,2025-09-15 17:15:00,26466.0,26674.0,26436.0,26610.0,6111.0,162321964.0,0.0
MHImain,HKFE,2025-09-15 21:16:00,26612.0,26622.0,26467.0,26546.0,9997.0,265282261.0,0.0
MHImain,HKFE,2025-09-16 01:16:00,26543.0,26628.0,26351.0,26478.0,35891.0,950881172.0,0.0
MHImain,HKFE,2025-09-16 11:31:00,26479.0,26550.0,26426.0,26457.0,21463.0,568491308.0,0.0
MHImain,HKFE,2025-09-16 17:15:00,26464.0,26477.0,26403.0,26434.0,3308.0,87444084.0,0.0
MHImain,HKFE,2025-09-16 21:16:00,26436.0,26572.0,26362.0,26560.0,11587.0,306626063.0,0.0
MHImain,HKFE,2025-09-17 01:16:00,26560.0,26880.0,26552.0,26836.0,40363.0,1077377711.0,0.0
MHImain,HKFE,2025-09-17 11:31:00,26838.0,26969.0,26766.0,26910.0,30064.0,808539066.0,0.0
MHImain,HKFE,2025-09-17 17:15:00,26903.0,26949.0,26865.0,26908.0,4078.0,109700856.0,0.0
MHImain,HKFE,2025-09-17 21:16:00,26910.0,26981.0,26834.0,26838.0,11476.0,308689057.0,0.0
MHImain,HKFE,2025-09-18 01:16:00,26838.0,27072.0,26726.0,26898.0,52639.0,1416980305.0,0.0
MHImain,HKFE,2025-09-18 11:31:00,26895.0,26902.0,26351.0,26547.0,55592.0,1478929129.0,0.0
MHImain,HKFE,2025-09-18 17:15:00,26556.0,26671.0,26510.0,26515.0,6244.0,166074148.0,0.0
MHImain,HKFE,2025-09-18 21:16:00,26515.0,26639.0,26458.0,26577.0,13252.0,351792979.0,0.0
MHImain,HKFE,2025-09-19 01:16:00,26577.0,26640.0,26414.0,26574.0,42047.0,1115947546.0,0.0
MHImain,HKFE,2025-09-19 11:31:00,26574.0,26630.0,26420.0,26571.0,29476.0,781385524.0,0.0
MHImain,HKFE,2025-09-19 17:15:00,26565.0,26588.0,26507.0,26578.0,3279.0,87045449.0,0.0
MHImain,HKFE,2025-09-19 21:16:00,26578.0,26689.0,26490.0,26547.0,12600.0,334787776.0,0.0
MHImain,HKFE,2025-09-20 01:16:00,26545.0,26591.0,26514.0,26543.0,1052.0,27928394.0,0.0
MHImain,HKFE,2025-09-22 01:16:00,26488.0,26512.0,26246.0,26317.0,41794.0,1101436718.0,0.0
MHImain,HKFE,2025-09-22 11:31:00,26316.0,26410.0,26213.0,26394.0,29084.0,765272745.0,0.0
MHImain,HKFE,2025-09-22 17:15:00,26391.0,26444.0,26374.0,26406.0,3006.0,79401023.0,0.0
MHImain,HKFE,2025-09-22 21:16:00,26407.0,26463.0,26328.0,26370.0,8197.0,216342496.0,0.0
MHImain,HKFE,2025-09-23 01:16:00,26373.0,26440.0,26083.0,26126.0,47053.0,1234316923.0,0.0
MHImain,HKFE,2025-09-23 11:31:00,26126.0,26200.0,26033.0,26200.0,28046.0,732425779.0,0.0
MHImain,HKFE,2025-09-23 17:15:00,26201.0,26269.0,26164.0,26245.0,3623.0,94981545.0,0.0
MHImain,HKFE,2025-09-23 21:16:00,26245.0,26320.0,26209.0,26235.0,8518.0,223816908.0,0.0
MHImain,HKFE,2025-09-24 01:16:00,26235.0,26404.0,26067.0,26390.0,42623.0,1118548088.0,0.0
MHImain,HKFE,2025-09-24 11:31:00,26389.0,26581.0,26365.0,26480.0,36347.0,962376723.0,0.0
MHImain,HKFE,2025-09-24 17:15:00,26488.0,26500.0,26385.0,26392.0,5620.0,148574447.0,0.0
MHImain,HKFE,2025-09-24 21:16:00,26392.0,26513.0,26369.0,26406.0,12437.0,328690244.0,0.0
MHImain,HKFE,2025-09-25 01:16:00,26407.0,26629.0,26372.0,26616.0,35097.0,930579793.0,0.0
MHImain,HKFE,2025-09-25 11:31:00,26614.0,26653.0,26422.0,26537.0,30374.0,805973216.0,0.0
MHImain,HKFE,2025-09-25 17:15:00,26533.0,26546.0,26343.0,26385.0,7618.0,201430717.0,0.0
MHImain,HKFE,2025-09-25 21:16:00,26386.0,26459.0,26310.0,26393.0,12244.0,323095860.0,0.0
MHImain,HKFE,2025-09-26 01:16:00,26391.0,26398.0,26188.0,26278.0,39468.0,1037717502.0,0.0
MHImain,HKFE,2025-09-26 11:31:00,26279.0,26429.0,26097.0,26129.0,35410.0,930251394.0,0.0
MHImain,HKFE,2025-09-26 17:15:00,26169.0,26235.0,26125.0,26212.0,1943.0,50866194.0,0.0
MHImain,HKFE,2025-09-26 21:16:00,26212.0,26324.0,26156.0,26313.0,4267.0,111987956.0,0.0
MHImain,HKFE,2025-09-27 01:16:00,26312.0,26342.0,26307.0,26333.0,526.0,13845803.0,0.0
MHImain,HKFE,2025-09-29 01:16:00,26350.0,26613.0,26350.0,26513.0,35736.0,946716683.0,0.0
MHImain,HKFE,2025-09-29 11:31:00,26511.0,26745.0,26498.0,26705.0,29575.0,788190817.0,0.0
MHImain,HKFE,2025-09-29 17:15:00,26700.0,26760.0,26635.0,26738.0,4808.0,128330899.0,0.0
MHImain,HKFE,2025-09-29 21:16:00,26738.0,26980.0,26656.0,26729.0,9290.0,248518319.0,0.0
MHImain,HKFE,2025-09-30 01:16:00,26729.0,26915.0,26656.0,26704.0,1569.0,41955869.0,0.0
MHImain,HKFE,2025-09-30 11:31:00,26704.0,26980.0,26670.0,26951.0,218.0,5854915.0,0.0
MHImain,HKFE,2025-09-30 17:15:00,26951.0,27010.0,26938.0,26993.0,30.0,809563.0,0.0
MHImain,HKFE,2025-09-30 21:16:00,26993.0,27016.0,26855.0,26870.0,110.0,2964775.0,0.0
MHImain,HKFE,2025-10-01 01:16:00,26870.0,26878.0,26836.0,26878.0,28.0,751795.0,0.0
MHImain,HKFE,2025-10-01 21:16:00,26938.0,27476.0,26855.0,27430.0,995.0,27125520.0,0.0
MHImain,HKFE,2025-10-02 01:16:00,26950.0,27412.0,26950.0,27237.0,512.0,13958488.0,0.0
MHImain,HKFE,2025-10-02 11:31:00,27224.0,27476.0,27203.0,27430.0,335.0,9177696.0,0.0
MHImain,HKFE,2025-10-02 17:15:00,27425.0,27434.0,27372.0,27380.0,105.0,2877955.0,0.0
MHImain,HKFE,2025-10-02 21:16:00,27380.0,27445.0,27050.0,27324.0,1223.0,33349919.0,0.0
MHImain,HKFE,2025-10-03 01:16:00,27324.0,27350.0,27105.0,27141.0,622.0,16906795.0,0.0
MHImain,HKFE,2025-10-03 11:31:00,27141.0,27245.0,27050.0,27227.0,322.0,8740438.0,0.0
MHImain,HKFE,2025-10-03 17:15:00,27236.0,27258.0,27196.0,27220.0,44.0,1197872.0,0.0
MHImain,HKFE,2025-10-03 21:16:00,27220.0,27292.0,27180.0,27268.0,72.0,1960420.0,0.0
MHImain,HKFE,2025-10-04 01:16:00,27268.0,27268.0,27138.0,27196.0,23.0,625156.0,0.0
MHImain,HKFE,2025-10-05 21:16:00,27236.0,27292.0,26956.0,27035.0,668.0,18097992.0,0.0
MHImain,HKFE,2025-10-06 01:16:00,27184.0,27230.0,26940.0,26995.0,538.0,14538895.0,0.0
MHImain,HKFE,2025-10-06 11:31:00,26995.0,27088.0,26956.0,27035.0,215.0,5811925.0,0.0
MHImain,HKFE,2025-10-06 17:15:00,27035.0,27069.0,27031.0,27069.0,24.0,649155.0,0.0
MHImain,HKFE,2025-10-06 21:16:00,27069.0,27230.0,27069.0,27175.0,140.0,3804964.0,0.0
MHImain,HKFE,2025-10-07 01:16:00,27175.0,27216.0,27175.0,27216.0,3.0,81639.0,0.0
MHImain,HKFE,2025-10-07 21:16:00,27050.0,27230.0,26588.0,26890.0,1082.0,29030615.0,0.0
MHImain,HKFE,2025-10-08 01:16:00,27075.0,27075.0,26588.0,26698.0,690.0,18463651.0,0.0
MHImain,HKFE,2025-10-08 11:31:00,26698.0,26915.0,26694.0,26890.0,225.0,6031206.0,0.0
MHImain,HKFE,2025-10-08 17:15:00,26890.0,26921.0,26870.0,26915.0,35.0,941422.0,0.0
MHImain,HKFE,2025-10-08 21:16:00,26915.0,27052.0,26548.0,26914.0,1326.0,35567776.0,0.0
MHImain,HKFE,2025-10-09 01:16:00,26914.0,26983.0,26550.0,26909.0,646.0,17280522.0,0.0
MHImain,HKFE,2025-10-09 11:31:00,26909.0,27052.0,26779.0,26822.0,421.0,11330574.0,0.0
MHImain,HKFE,2025-10-09 17:15:00,26822.0,26870.0,26819.0,26870.0,186.0,4990411.0,0.0
MHImain,HKFE,2025-10-09 21:16:00,26870.0,26870.0,26320.0,26441.0,2122.0,56321488.0,0.0
MHImain,HKFE,2025-10-10 01:16:00,26441.0,26612.0,26390.0,26514.0,588.0,15590326.0,0.0
MHImain,HKFE,2025-10-10 11:31:00,26514.0,26540.0,26320.0,26328.0,784.0,20694536.0,0.0
MHImain,HKFE,2025-10-10 17:15:00,26320.0,26374.0,26225.0,26338.0,168.0,4419733.0,0.0
MHImain,HKFE,2025-10-10 21:16:00,26338.0,26475.0,25150.0,25206.0,1128.0,29045696.0,0.0
MHImain,HKFE,2025-10-11 01:16:00,25226.0,25280.0,25015.0,25015.0,160.0,4027561.0,0.0
MHImain,HKFE,2025-10-12 21:16:00,26320.0,26475.0,25015.0,25865.0,3425.0,88077564.0,0.0
MHImain,HKFE,2025-10-13 01:16:00,25229.0,25932.0,25229.0,25518.0,1176.0,30242866.0,0.0
MHImain,HKFE,2025-10-13 11:31:00,25556.0,25940.0,25380.0,25865.0,1565.0,40199790.0,0.0
MHImain,HKFE,2025-10-13 17:15:00,25865.0,25933.0,25745.0,25906.0,179.0,4626235.0,0.0
MHImain,HKFE,2025-10-13 21:16:00,25906.0,26120.0,25364.0,25893.0,2966.0,76289161.0,0.0
MHImain,HKFE,2025-10-14 01:16:00,25893.0,26120.0,25755.0,25805.0,842.0,21844829.0,0.0
MHImain,HKFE,2025-10-14 11:31:00,25805.0,25871.0,25364.0,25548.0,1752.0,44728558.0,0.0
MHImain,HKFE,2025-10-14 17:15:00,25548.0,25591.0,25360.0,25427.0,188.0,4788908.0,0.0
MHImain,HKFE,2025-10-14 21:16:00,25427.0,26025.0,25360.0,25799.0,2217.0,57097322.0,0.0
MHImain,HKFE,2025-10-15 01:16:00,25799.0,25925.0,25649.0,25828.0,707.0,18234427.0,0.0
MHImain,HKFE,2025-10-15 11:31:00,25833.0,26025.0,25795.0,25928.0,598.0,15502563.0,0.0
MHImain,HKFE,2025-10-15 17:15:00,25955.0,25978.0,25888.0,25900.0,298.0,7721387.0,0.0
MHImain,HKFE,2025-10-15 21:16:00,25900.0,26102.0,25705.0,25707.0,2089.0,54093142.0,0.0
MHImain,HKFE,2025-10-16 01:16:00,25707.0,26102.0,25707.0,25790.0,688.0,17851023.0,0.0
MHImain,HKFE,2025-10-16 11:31:00,25788.0,25950.0,25733.0,25930.0,735.0,18996467.0,0.0
MHImain,HKFE,2025-10-16 17:15:00,25930.0,25972.0,25925.0,25950.0,277.0,7185372.0,0.0
MHImain,HKFE,2025-10-16 21:16:00,25950.0,26042.0,25168.0,25930.0,2499.0,63948183.0,0.0
MHImain,HKFE,2025-10-17 01:16:00,25930.0,25975.0,25511.0,25546.0,840.0,21578845.0,0.0
MHImain,HKFE,2025-10-17 11:31:00,25546.0,25546.0,25168.0,25259.0,1114.0,28232548.0,0.0
MHImain,HKFE,2025-10-17 17:15:00,25267.0,25583.0,25223.0,25546.0,642.0,16324976.0,0.0
MHImain,HKFE,2025-10-17 21:16:00,25533.0,25875.0,25533.0,25784.0,789.0,20289873.0,0.0
MHImain,HKFE,2025-10-18 01:16:00,25784.0,25910.0,25752.0,25892.0,99.0,2559422.0,0.0
MHImain,HKFE,2025-10-19 21:16:00,25267.0,26000.0,25223.0,25885.0,2794.0,71912024.0,0.0
MHImain,HKFE,2025-10-20 01:16:00,25874.0,26000.0,25768.0,25920.0,737.0,19080723.0,0.0
MHImain,HKFE,2025-10-20 11:31:00,25920.0,25945.0,25799.0,25885.0,553.0,14313863.0,0.0
MHImain,HKFE,2025-10-20 17:15:00,25887.0,25890.0,25814.0,25882.0,137.0,3540531.0,0.0
MHImain,HKFE,2025-10-20 21:16:00,25884.0,26430.0,25820.0,26200.0,3050.0,79831051.0,0.0
MHImain,HKFE,2025-10-21 01:16:00,26200.0,26430.0,26163.0,26370.0,848.0,22310207.0,0.0
MHImain,HKFE,2025-10-21 11:31:00,26366.0,26367.0,26020.0,26027.0,1026.0,26868277.0,0.0
MHImain,HKFE,2025-10-21 17:15:00,26038.0,26117.0,26000.0,26009.0,287.0,7474342.0,0.0
MHImain,HKFE,2025-10-21 21:16:00,26009.0,26117.0,25673.0,25939.0,2983.0,77241577.0,0.0
MHImain,HKFE,2025-10-22 01:16:00,25939.0,25980.0,25732.0,25763.0,1279.0,33115688.0,0.0
MHImain,HKFE,2025-10-22 11:31:00,25763.0,25871.0,25673.0,25768.0,704.0,18151329.0,0.0
MHImain,HKFE,2025-10-22 17:15:00,25762.0,25787.0,25699.0,25762.0,226.0,5817657.0,0.0
MHImain,HKFE,2025-10-22 21:16:00,25741.0,26117.0,25550.0,25694.0,4906.0,126593476.0,0.0
MHImain,HKFE,2025-10-23 01:16:00,25680.0,25899.0,25588.0,25792.0,1628.0,41927160.0,0.0
MHImain,HKFE,2025-10-23 11:31:00,25795.0,26117.0,25715.0,25980.0,1239.0,32126533.0,0.0
MHImain,HKFE,2025-10-23 17:15:00,25980.0,25996.0,25927.0,25983.0,241.0,6257889.0,0.0
MHImain,HKFE,2025-10-23 21:16:00,25983.0,26281.0,25927.0,26091.0,4381.0,114505938.0,0.0
MHImain,HKFE,2025-10-24 01:16:00,26087.0,26281.0,26086.0,26122.0,1815.0,47528560.0,0.0
MHImain,HKFE,2025-10-24 11:31:00,26133.0,26220.0,26077.0,26179.0,1108.0,28983336.0,0.0
MHImain,HKFE,2025-10-24 17:15:00,26179.0,26299.0,26142.0,26288.0,351.0,9206543.0,0.0
MHImain,HKFE,2025-10-24 21:16:00,26288.0,26333.0,26241.0,26278.0,731.0,19216094.0,0.0
MHImain,HKFE,2025-10-25 01:16:00,26278.0,26289.0,26261.0,26261.0,28.0,735709.0,0.0
MHImain,HKFE,2025-10-26 21:16:00,26171.0,26585.0,26142.0,26442.0,7582.0,200329677.0,0.0
MHImain,HKFE,2025-10-27 01:16:00,26427.0,26585.0,26359.0,26450.0,4053.0,107208339.0,0.0
MHImain,HKFE,2025-10-27 11:31:00,26459.0,26477.0,26393.0,26442.0,2419.0,63962992.0,0.0
MHImain,HKFE,2025-10-27 17:15:00,26467.0,26553.0,26463.0,26551.0,1069.0,28336380.0,0.0
MHImain,HKFE,2025-10-27 21:16:00,26551.0,26597.0,26270.0,26579.0,17434.0,460728948.0,0.0
MHImain,HKFE,2025-10-28 01:16:00,26579.0,26597.0,26341.0,26432.0,6979.0,184515214.0,0.0
MHImain,HKFE,2025-10-28 11:31:00,26433.0,26515.0,26270.0,26365.0,7401.0,195187123.0,0.0
MHImain,HKFE,2025-10-28 17:15:00,26365.0,26449.0,26365.0,26442.0,1389.0,36693958.0,0.0
MHImain,HKFE,2025-10-28 21:16:00,26440.0,26597.0,26409.0,26558.0,4684.0,124024115.0,0.0
MHImain,HKFE,2025-10-29 01:16:00,26558.0,26650.0,26555.0,26650.0,1384.0,36815853.0,0.0
MHImain,HKFE,2025-10-29 21:16:00,26365.0,26705.0,26157.0,26322.0,102606.0,2710619689.0,0.0
MHImain,HKFE,2025-10-30 01:16:00,26669.0,26705.0,26451.0,26543.0,39905.0,1059488436.0,0.0
MHImain,HKFE,2025-10-30 11:31:00,26543.0,26548.0,26157.0,26322.0,55244.0,1453597327.0,0.0
MHImain,HKFE,2025-10-30 17:15:00,26321.0,26334.0,26108.0,26131.0,6285.0,164760481.0,0.0
MHImain,HKFE,2025-10-30 21:16:00,26130.0,26352.0,25877.0,26265.0,103667.0,2711609229.0,0.0
MHImain,HKFE,2025-10-31 01:16:00,26262.0,26352.0,26062.0,26080.0,43388.0,1137063879.0,0.0
MHImain,HKFE,2025-10-31 11:31:00,26081.0,26133.0,25877.0,25911.0,28968.0,753859127.0,0.0
MHImain,HKFE,2025-10-31 17:15:00,25909.0,25939.0,25833.0,25894.0,4625.0,119778969.0,0.0
MHImain,HKFE,2025-10-31 21:16:00,25893.0,26036.0,25792.0,25915.0,13343.0,345626473.0,0.0
MHImain,HKFE,2025-11-01 01:16:00,25915.0,25985.0,25903.0,25971.0,1327.0,34425754.0,0.0
MHImain,HKFE,2025-11-02 21:16:00,25909.0,26240.0,25792.0,26161.0,88413.0,2302610419.0,0.0
MHImain,HKFE,2025-11-03 01:16:00,26038.0,26093.0,25937.0,26030.0,40971.0,1066383474.0,0.0
MHImain,HKFE,2025-11-03 11:31:00,26030.0,26240.0,26022.0,26161.0,28147.0,736395749.0,0.0
MHImain,HKFE,2025-11-03 17:15:00,26162.0,26209.0,26131.0,26139.0,2702.0,70731236.0,0.0
MHImain,HKFE,2025-11-03 21:16:00,26140.0,26302.0,25882.0,26139.0,99855.0,2607819027.0,0.0
MHImain,HKFE,2025-11-04 01:16:00,26137.0,26302.0,26054.0,26255.0,41032.0,1075335909.0,0.0
MHImain,HKFE,2025-11-04 11:31:00,26253.0,26260.0,25882.0,25905.0,37318.0,971299413.0,0.0
MHImain,HKFE,2025-11-04 17:15:00,25903.0,25906.0,25752.0,25851.0,6903.0,178307980.0,0.0
MHImain,HKFE,2025-11-04 21:16:00,25853.0,26033.0,25491.0,25986.0,109540.0,2826107494.0,0.0
MHImain,HKFE,2025-11-05 01:16:00,25985.0,25986.0,25491.0,25808.0,48979.0,1257410734.0,0.0
MHImain,HKFE,2025-11-05 11:31:00,25810.0,25984.0,25797.0,25940.0,32898.0,851986609.0,0.0
MHImain,HKFE,2025-11-05 17:15:00,25947.0,25970.0,25875.0,25936.0,3845.0,99666473.0,0.0
MHImain,HKFE,2025-11-05 21:16:00,25940.0,26538.0,25875.0,26127.0,95488.0,2504961198.0,0.0
MHImain,HKFE,2025-11-06 01:16:00,26127.0,26400.0,26061.0,26390.0,41720.0,1094102610.0,0.0
MHImain,HKFE,2025-11-06 11:31:00,26390.0,26538.0,26345.0,26530.0,28295.0,747906186.0,0.0
MHImain,HKFE,2025-11-06 17:15:00,26539.0,26588.0,26514.0,26584.0,4343.0,115300976.0,0.0
MHImain,HKFE,2025-11-06 21:16:00,26582.0,26590.0,26182.0,26351.0,100350.0,2644445072.0,0.0
MHImain,HKFE,2025-11-07 01:16:00,26357.0,26443.0,26224.0,26228.0,37144.0,977603029.0,0.0
MHImain,HKFE,2025-11-07 11:31:00,26227.0,26280.0,26182.0,26194.0,22141.0,580798800.0,0.0
MHImain,HKFE,2025-11-07 17:15:00,26200.0,26219.0,26027.0,26059.0,7943.0,207404965.0,0.0
MHImain,HKFE,2025-11-07 21:16:00,26058.0,26118.0,25969.0,26028.0,13633.0,354992451.0,0.0
MHImain,HKFE,2025-11-08 01:16:00,26030.0,26132.0,26028.0,26122.0,2079.0,54224092.0,0.0
MHImain,HKFE,2025-11-09 21:16:00,26200.0,26698.0,25969.0,26694.0,86777.0,2288153839.0,0.0
MHImain,HKFE,2025-11-10 01:16:00,26328.0,26465.0,26300.0,26407.0,34554.0,911713868.0,0.0
MHImain,HKFE,2025-11-10 11:31:00,26406.0,26698.0,26392.0,26694.0,28568.0,759818463.0,0.0
MHImain,HKFE,2025-11-10 17:15:00,26696.0,26704.0,26636.0,26662.0,3789.0,101059119.0,0.0
MHImain,HKFE,2025-11-10 21:16:00,26661.0,26815.0,26526.0,26589.0,88416.0,2356153650.0,0.0
MHImain,HKFE,2025-11-11 01:16:00,26591.0,26815.0,26536.0,26588.0,38160.0,1018307407.0,0.0
MHImain,HKFE,2025-11-11 11:31:00,26588.0,26769.0,26541.0,26748.0,25569.0,681023697.0,0.0
MHImain,HKFE,2025-11-11 17:15:00,26741.0,26794.0,26730.0,26790.0,3530.0,94466810.0,0.0
MHImain,HKFE,2025-11-11 21:16:00,26790.0,27058.0,26730.0,26814.0,90424.0,2430711832.0,0.0
MHImain,HKFE,2025-11-12 01:16:00,26812.0,27058.0,26777.0,26867.0,42033.0,1131438246.0,0.0
MHImain,HKFE,2025-11-12 11:31:00,26868.0,26978.0,26800.0,26977.0,25063.0,674111785.0,0.0
MHImain,HKFE,2025-11-12 17:15:00,26954.0,27003.0,26897.0,26968.0,4110.0,110766943.0,0.0
MHImain,HKFE,2025-11-12 21:16:00,26966.0,27201.0,26756.0,26863.0,104946.0,2824982326.0,0.0
MHImain,HKFE,2025-11-13 01:16:00,26864.0,26940.0,26771.0,26861.0,35746.0,960073049.0,0.0
MHImain,HKFE,2025-11-13 11:31:00,26861.0,27201.0,26756.0,27096.0,44674.0,1205758363.0,0.0
MHImain,HKFE,2025-11-13 17:15:00,27110.0,27135.0,27046.0,27099.0,4889.0,132453978.0,0.0
MHImain,HKFE,2025-11-13 21:16:00,27099.0,27135.0,26550.0,26786.0,108076.0,2896825427.0,0.0
MHImain,HKFE,2025-11-14 01:16:00,26789.0,26887.0,26616.0,26779.0,39284.0,1051638537.0,0.0
MHImain,HKFE,2025-11-14 11:31:00,26780.0,26783.0,26550.0,26590.0,31606.0,842583982.0,0.0
MHImain,HKFE,2025-11-14 17:15:00,26597.0,26618.0,26403.0,26477.0,8608.0,228031722.0,0.0
MHImain,HKFE,2025-11-14 21:16:00,26478.0,26716.0,26405.0,26686.0,17336.0,460456449.0,0.0
MHImain,HKFE,2025-11-15 01:16:00,26685.0,26715.0,26386.0,26502.0,7942.0,210633360.0,0.0
MHImain,HKFE,2025-11-16 21:16:00,26597.0,26716.0,26261.0,26375.0,101062.0,2673048891.0,0.0
MHImain,HKFE,2025-11-17 01:16:00,26515.0,26553.0,26347.0,26374.0,40513.0,1071639595.0,0.0
MHImain,HKFE,2025-11-17 11:31:00,26372.0,26423.0,26261.0,26375.0,26663.0,702287765.0,0.0
MHImain,HKFE,2025-11-17 17:15:00,26353.0,26353.0,26234.0,26249.0,5794.0,152284808.0,0.0
MHImain,HKFE,2025-11-17 21:16:00,26247.0,26357.0,25822.0,26308.0,107438.0,2804691023.0,0.0
MHImain,HKFE,2025-11-18 01:16:00,26308.0,26322.0,25980.0,26049.0,44013.0,1148813028.0,0.0
MHImain,HKFE,2025-11-18 11:31:00,26048.0,26050.0,25822.0,25926.0,30742.0,796933534.0,0.0
MHImain,HKFE,2025-11-18 17:15:00,25927.0,26022.0,25875.0,25943.0,7319.0,189929422.0,0.0
MHImain,HKFE,2025-11-18 21:16:00,25941.0,26093.0,25740.0,25982.0,106726.0,2765225626.0,0.0
MHImain,HKFE,2025-11-19 01:16:00,25979.0,26093.0,25816.0,25824.0,39266.0,1018948720.0,0.0
MHImain,HKFE,2025-11-19 11:31:00,25823.0,25889.0,25740.0,25827.0,29704.0,766845196.0,0.0
MHImain,HKFE,2025-11-19 17:15:00,25814.0,25905.0,25767.0,25841.0,4803.0,124184883.0,0.0
MHImain,HKFE,2025-11-19 21:16:00,25845.0,26058.0,25679.0,25729.0,110648.0,2859843210.0,0.0
MHImain,HKFE,2025-11-20 01:16:00,25729.0,26058.0,25679.0,25953.0,53642.0,1388956484.0,0.0
MHImain,HKFE,2025-11-20 11:31:00,25955.0,25978.0,25681.0,25849.0,31085.0,802042222.0,0.0
MHImain,HKFE,2025-11-20 17:15:00,25843.0,25894.0,25795.0,25847.0,4431.0,114479199.0,0.0
MHImain,HKFE,2025-11-20 21:16:00,25847.0,25964.0,25163.0,25548.0,132695.0,3382240833.0,0.0
MHImain,HKFE,2025-11-21 01:16:00,25547.0,25605.0,25185.0,25248.0,54298.0,1377398953.0,0.0
MHImain,HKFE,2025-11-21 11:31:00,25247.0,25470.0,25163.0,25238.0,37546.0,951513688.0,0.0
MHImain,HKFE,2025-11-21 17:15:00,25249.0,25292.0,25039.0,25257.0,14879.0,374599434.0,0.0
MHImain,HKFE,2025-11-21 21:16:00,25260.0,25472.0,25153.0,25459.0,25582.0,647036170.0,0.0
MHImain,HKFE,2025-11-22 01:16:00,25455.0,25580.0,25425.0,25540.0,6649.0,169488273.0,0.0
MHImain,HKFE,2025-11-23 21:16:00,25249.0,25580.0,25039.0,25540.0,34633.0,874895284.0,0.0
