symbol,exchange,datetime,open,high,low,close,volume,turnover,open_interest
MHImain,HKFE,2017-08-15 00:00:00,27177.0,27375.0,27097.0,27127.0,57903.0,1574659489.0,0.0
MHImain,HKFE,2017-08-16 00:00:00,27128.0,27394.0,27023.0,27387.0,52361.0,1422430036.0,0.0
MHImain,HKFE,2017-08-17 00:00:00,27378.0,27595.0,27233.0,27269.0,64657.0,1768719750.0,0.0
MHImain,HKFE,2017-08-18 00:00:00,27267.0,27295.0,26925.0,27030.0,60783.0,1641842840.0,0.0
MHImain,HKFE,2017-08-21 00:00:00,27040.0,27199.0,26949.0,27154.0,57274.0,1550071215.0,0.0
MHImain,HKFE,2017-08-22 00:00:00,27161.0,27495.0,27130.0,27430.0,47400.0,1294708795.0,0.0
MHImain,HKFE,2017-08-23 00:00:00,27429.0,27548.0,27382.0,27533.0,6078.0,166845234.0,0.0
MHImain,HKFE,2017-08-24 00:00:00,27512.0,27600.0,27465.0,27529.0,33331.0,914171932.0,0.0
MHImain,HKFE,2017-08-25 00:00:00,27533.0,27924.0,27433.0,27918.0,55010.0,1519835340.0,0.0
MHImain,HKFE,2017-08-28 00:00:00,27901.0,28072.0,27823.0,27893.0,53309.0,1487722877.0,0.0
MHImain,HKFE,2017-08-29 00:00:00,27881.0,27985.0,27659.0,27722.0,43302.0,1199373722.0,0.0
MHImain,HKFE,2017-08-30 00:00:00,27718.0,28031.0,27688.0,28020.0,10112.0,280074443.0,0.0
MHImain,HKFE,2017-08-31 00:00:00,27979.0,28014.0,27819.0,27935.0,46345.0,1290031415.0,0.0
MHImain,HKFE,2017-09-01 00:00:00,27943.0,28050.0,27851.0,27867.0,43309.0,1208463059.0,0.0
MHImain,HKFE,2017-09-04 00:00:00,27870.0,27968.0,27611.0,27755.0,53152.0,1471655709.0,0.0
MHImain,HKFE,2017-09-05 00:00:00,27760.0,27824.0,27629.0,27711.0,44567.0,1234715276.0,0.0
MHImain,HKFE,2017-09-06 00:00:00,27714.0,27750.0,27350.0,27584.0,59424.0,1631982724.0,0.0
MHImain,HKFE,2017-09-07 00:00:00,27580.0,27788.0,27430.0,27481.0,55707.0,1534957808.0,0.0
MHImain,HKFE,2017-09-08 00:00:00,27487.0,27686.0,27487.0,27680.0,47980.0,1321146794.0,0.0
MHImain,HKFE,2017-09-11 00:00:00,27688.0,27998.0,27636.0,27948.0,41948.0,1165332043.0,0.0
MHImain,HKFE,2017-09-12 00:00:00,27955.0,28036.0,27855.0,27932.0,37241.0,1034803044.0,0.0
MHImain,HKFE,2017-09-13 00:00:00,27934.0,27985.0,27711.0,27858.0,39254.0,1090965236.0,0.0
MHImain,HKFE,2017-09-14 00:00:00,27860.0,27870.0,27666.0,27780.0,39655.0,1099357084.0,0.0
MHImain,HKFE,2017-09-15 00:00:00,27773.0,27913.0,27457.0,27777.0,64775.0,1789416001.0,0.0
MHImain,HKFE,2017-09-18 00:00:00,27775.0,28168.0,27750.0,28166.0,44113.0,1232925926.0,0.0
MHImain,HKFE,2017-09-19 00:00:00,28158.0,28224.0,28013.0,28031.0,43706.0,1225818052.0,0.0
MHImain,HKFE,2017-09-20 00:00:00,28034.0,28128.0,27993.0,28127.0,34244.0,958949672.0,0.0
MHImain,HKFE,2017-09-21 00:00:00,28117.0,28174.0,28034.0,28124.0,39220.0,1100228876.0,0.0
MHImain,HKFE,2017-09-22 00:00:00,28122.0,28136.0,27772.0,27785.0,41337.0,1148915194.0,0.0
MHImain,HKFE,2017-09-25 00:00:00,27783.0,27911.0,27464.0,27474.0,49671.0,1368499597.0,0.0
MHImain,HKFE,2017-09-26 00:00:00,27505.0,27583.0,27289.0,27567.0,50224.0,1375893074.0,0.0
MHImain,HKFE,2017-09-27 00:00:00,27571.0,27684.0,27445.0,27653.0,34440.0,949052418.0,0.0
MHImain,HKFE,2017-09-28 00:00:00,27650.0,27659.0,27469.0,27554.0,9109.0,249996061.0,0.0
MHImain,HKFE,2017-09-29 00:00:00,27283.0,27543.0,27243.0,27510.0,43881.0,1199440160.0,0.0
MHImain,HKFE,2017-10-03 00:00:00,27510.0,28148.0,27483.0,28139.0,53546.0,1489016163.0,0.0
MHImain,HKFE,2017-10-04 00:00:00,28136.0,28513.0,28135.0,28339.0,45240.0,1279148700.0,0.0
MHImain,HKFE,2017-10-06 00:00:00,28339.0,28622.0,28279.0,28431.0,38936.0,1104417562.0,0.0
MHImain,HKFE,2017-10-09 00:00:00,28431.0,28475.0,28255.0,28352.0,51635.0,1462420381.0,0.0
MHImain,HKFE,2017-10-10 00:00:00,28350.0,28472.0,28243.0,28439.0,42915.0,1214666983.0,0.0
MHImain,HKFE,2017-10-11 00:00:00,28435.0,28607.0,28274.0,28311.0,47927.0,1362436718.0,0.0
MHImain,HKFE,2017-10-12 00:00:00,28312.0,28542.0,28226.0,28438.0,42619.0,1208424354.0,0.0
MHImain,HKFE,2017-10-13 00:00:00,28436.0,28512.0,28356.0,28461.0,36595.0,1037831105.0,0.0
MHImain,HKFE,2017-10-16 00:00:00,28460.0,28812.0,28460.0,28715.0,42694.0,1223147563.0,0.0
MHImain,HKFE,2017-10-17 00:00:00,28702.0,28762.0,28636.0,28704.0,31940.0,913929696.0,0.0
MHImain,HKFE,2017-10-18 00:00:00,28704.0,28723.0,28610.0,28676.0,30865.0,883294878.0,0.0
MHImain,HKFE,2017-10-19 00:00:00,28685.0,28776.0,28048.0,28221.0,66859.0,1900491429.0,0.0
MHImain,HKFE,2017-10-20 00:00:00,28232.0,28532.0,28178.0,28421.0,52213.0,1478965839.0,0.0
MHImain,HKFE,2017-10-23 00:00:00,28418.0,28549.0,28214.0,28324.0,49805.0,1408356582.0,0.0
MHImain,HKFE,2017-10-24 00:00:00,28329.0,28365.0,28072.0,28159.0,53664.0,1512082211.0,0.0
MHImain,HKFE,2017-10-25 00:00:00,28165.0,28363.0,28148.0,28286.0,44294.0,1249346025.0,0.0
MHImain,HKFE,2017-10-26 00:00:00,28292.0,28300.0,28032.0,28268.0,47610.0,1340213038.0,0.0
MHImain,HKFE,2017-10-27 00:00:00,28277.0,28489.0,28250.0,28425.0,51075.0,1448677941.0,0.0
MHImain,HKFE,2017-10-30 00:00:00,28431.0,28630.0,28343.0,28442.0,11558.0,328501590.0,0.0
MHImain,HKFE,2017-10-31 00:00:00,28288.0,28343.0,28160.0,28200.0,41653.0,1174192411.0,0.0
MHImain,HKFE,2017-11-01 00:00:00,28210.0,28616.0,28173.0,28570.0,49200.0,1394257921.0,0.0
MHImain,HKFE,2017-11-02 00:00:00,28571.0,28639.0,28444.0,28546.0,45558.0,1298223622.0,0.0
MHImain,HKFE,2017-11-03 00:00:00,28529.0,28611.0,28469.0,28562.0,32948.0,938917790.0,0.0
MHImain,HKFE,2017-11-06 00:00:00,28572.0,28633.0,28085.0,28610.0,68661.0,1945724684.0,0.0
MHImain,HKFE,2017-11-07 00:00:00,28609.0,29024.0,28554.0,28974.0,50461.0,1453579128.0,0.0
MHImain,HKFE,2017-11-08 00:00:00,28973.0,29128.0,28849.0,28955.0,57014.0,1649685361.0,0.0
MHImain,HKFE,2017-11-09 00:00:00,28948.0,29171.0,28870.0,29125.0,54670.0,1585163544.0,0.0
MHImain,HKFE,2017-11-10 00:00:00,29106.0,29179.0,28931.0,29076.0,57758.0,1676153426.0,0.0
MHImain,HKFE,2017-11-13 00:00:00,29068.0,29225.0,28984.0,29193.0,38300.0,1113658947.0,0.0
MHImain,HKFE,2017-11-14 00:00:00,29188.0,29275.0,29083.0,29176.0,38971.0,1134466367.0,0.0
MHImain,HKFE,2017-11-15 00:00:00,29177.0,29177.0,28867.0,28890.0,46864.0,1355602118.0,0.0
MHImain,HKFE,2017-11-16 00:00:00,28894.0,29094.0,28862.0,29056.0,42444.0,1225605523.0,0.0
MHImain,HKFE,2017-11-17 00:00:00,29072.0,29310.0,29059.0,29192.0,44971.0,1310113035.0,0.0
MHImain,HKFE,2017-11-20 00:00:00,29192.0,29238.0,29062.0,29194.0,40342.0,1174527800.0,0.0
MHImain,HKFE,2017-11-21 00:00:00,29210.0,29850.0,29201.0,29846.0,66341.0,1957168712.0,0.0
MHImain,HKFE,2017-11-22 00:00:00,29851.0,30210.0,29823.0,30048.0,70129.0,2105832136.0,0.0
MHImain,HKFE,2017-11-23 00:00:00,30048.0,30169.0,29607.0,29821.0,69650.0,2085419025.0,0.0
MHImain,HKFE,2017-11-24 00:00:00,29849.0,29959.0,29737.0,29913.0,63402.0,1891671169.0,0.0
MHImain,HKFE,2017-11-27 00:00:00,29913.0,30045.0,29642.0,29770.0,56153.0,1667572849.0,0.0
MHImain,HKFE,2017-11-28 00:00:00,29785.0,29867.0,29373.0,29656.0,56028.0,1655270878.0,0.0
MHImain,HKFE,2017-11-29 00:00:00,29660.0,29842.0,29560.0,29622.0,11381.0,335688226.0,0.0
MHImain,HKFE,2017-11-30 00:00:00,29665.0,29691.0,29139.0,29311.0,73554.0,2155722689.0,0.0
MHImain,HKFE,2017-12-01 00:00:00,29320.0,29440.0,29049.0,29111.0,77945.0,2276186355.0,0.0
MHImain,HKFE,2017-12-04 00:00:00,29107.0,29354.0,28806.0,29190.0,82771.0,2403813426.0,0.0
MHImain,HKFE,2017-12-05 00:00:00,29200.0,29250.0,28860.0,28893.0,69791.0,2024173857.0,0.0
MHImain,HKFE,2017-12-06 00:00:00,28881.0,29012.0,28165.0,28200.0,120394.0,3438025911.0,0.0
MHImain,HKFE,2017-12-07 00:00:00,28229.0,28477.0,28149.0,28323.0,88935.0,2513883335.0,0.0
MHImain,HKFE,2017-12-08 00:00:00,28305.0,28715.0,28227.0,28621.0,77191.0,2196978296.0,0.0
MHImain,HKFE,2017-12-11 00:00:00,28617.0,28981.0,28589.0,28908.0,68960.0,1982349138.0,0.0
MHImain,HKFE,2017-12-12 00:00:00,28912.0,29047.0,28739.0,28800.0,67357.0,1943989350.0,0.0
MHImain,HKFE,2017-12-13 00:00:00,28807.0,29317.0,28726.0,29221.0,78739.0,2280518500.0,0.0
MHImain,HKFE,2017-12-14 00:00:00,29205.0,29440.0,29045.0,29198.0,77104.0,2251209294.0,0.0
MHImain,HKFE,2017-12-15 00:00:00,29200.0,29213.0,28736.0,28789.0,75328.0,2174126935.0,0.0
MHImain,HKFE,2017-12-18 00:00:00,28804.0,29158.0,28723.0,29121.0,82127.0,2376158118.0,0.0
MHImain,HKFE,2017-12-19 00:00:00,29124.0,29382.0,29094.0,29253.0,60617.0,1770458466.0,0.0
MHImain,HKFE,2017-12-20 00:00:00,29245.0,29338.0,29091.0,29297.0,55189.0,1611316358.0,0.0
MHImain,HKFE,2017-12-21 00:00:00,29300.0,29448.0,29133.0,29355.0,62093.0,1818352070.0,0.0
MHImain,HKFE,2017-12-22 00:00:00,29355.0,29616.0,29326.0,29604.0,50827.0,1496935758.0,0.0
MHImain,HKFE,2017-12-27 00:00:00,29604.0,29729.0,29542.0,29670.0,42571.0,1258612886.0,0.0
MHImain,HKFE,2017-12-28 00:00:00,29666.0,29790.0,29592.0,29777.0,8149.0,241839170.0,0.0
MHImain,HKFE,2017-12-29 00:00:00,29935.0,30027.0,29872.0,29950.0,38698.0,1157734737.0,0.0
MHImain,HKFE,2018-01-02 00:00:00,29953.0,30565.0,29943.0,30535.0,54207.0,1642235986.0,0.0
MHImain,HKFE,2018-01-03 00:00:00,30531.0,30751.0,30492.0,30617.0,59258.0,1810588003.0,0.0
MHImain,HKFE,2018-01-04 00:00:00,30618.0,30795.0,30590.0,30751.0,56316.0,1725118181.0,0.0
MHImain,HKFE,2018-01-05 00:00:00,30754.0,30911.0,30693.0,30763.0,50838.0,1563758285.0,0.0
MHImain,HKFE,2018-01-08 00:00:00,30761.0,30955.0,30732.0,30836.0,57634.0,1772185905.0,0.0
MHImain,HKFE,2018-01-09 00:00:00,30836.0,31058.0,30729.0,30987.0,58882.0,1818502691.0,0.0
MHImain,HKFE,2018-01-10 00:00:00,30986.0,31300.0,30944.0,31068.0,67758.0,2103873482.0,0.0
MHImain,HKFE,2018-01-11 00:00:00,31072.0,31142.0,30981.0,31095.0,52272.0,1621613239.0,0.0
MHImain,HKFE,2018-01-12 00:00:00,31094.0,31410.0,31072.0,31398.0,56422.0,1761358032.0,0.0
MHImain,HKFE,2018-01-15 00:00:00,31405.0,31721.0,31279.0,31314.0,76486.0,2408545660.0,0.0
MHImain,HKFE,2018-01-16 00:00:00,31318.0,31957.0,31307.0,31901.0,78291.0,2475432502.0,0.0
MHImain,HKFE,2018-01-17 00:00:00,31897.0,32015.0,31673.0,31952.0,88961.0,2825517951.0,0.0
MHImain,HKFE,2018-01-18 00:00:00,31959.0,32202.0,31836.0,32064.0,93231.0,2983423741.0,0.0
MHImain,HKFE,2018-01-19 00:00:00,32068.0,32247.0,31984.0,32235.0,68579.0,2199182889.0,0.0
MHImain,HKFE,2018-01-22 00:00:00,32235.0,32382.0,32012.0,32354.0,78192.0,2517179705.0,0.0
MHImain,HKFE,2018-01-23 00:00:00,32358.0,32930.0,32325.0,32913.0,87056.0,2841715635.0,0.0
MHImain,HKFE,2018-01-24 00:00:00,32906.0,32998.0,32728.0,32901.0,90942.0,2985787236.0,0.0
MHImain,HKFE,2018-01-25 00:00:00,32903.0,33096.0,32618.0,32688.0,98367.0,3228280007.0,0.0
MHImain,HKFE,2018-01-26 00:00:00,32692.0,33203.0,32614.0,33157.0,93206.0,3068511800.0,0.0
MHImain,HKFE,2018-01-29 00:00:00,33166.0,33512.0,32857.0,32904.0,95459.0,3162335155.0,0.0
MHImain,HKFE,2018-01-30 00:00:00,32915.0,32983.0,32657.0,32727.0,20193.0,661611012.0,0.0
MHImain,HKFE,2018-01-31 00:00:00,32663.0,32929.0,32293.0,32846.0,133401.0,4344210794.0,0.0
MHImain,HKFE,2018-02-01 00:00:00,32840.0,32992.0,32567.0,32645.0,110168.0,3608864673.0,0.0
MHImain,HKFE,2018-02-02 00:00:00,32640.0,32742.0,32267.0,32513.0,128593.0,4180153449.0,0.0
MHImain,HKFE,2018-02-05 00:00:00,32510.0,32510.0,31635.0,32040.0,143270.0,4582710550.0,0.0
MHImain,HKFE,2018-02-06 00:00:00,32053.0,32204.0,30485.0,30707.0,201667.0,6257360035.0,0.0
MHImain,HKFE,2018-02-07 00:00:00,30739.0,31377.0,30066.0,30176.0,211849.0,6507218245.0,0.0
MHImain,HKFE,2018-02-08 00:00:00,30199.0,30812.0,30117.0,30360.0,174166.0,5290918371.0,0.0
MHImain,HKFE,2018-02-09 00:00:00,30367.0,30424.0,29070.0,29333.0,155134.0,4580692476.0,0.0
MHImain,HKFE,2018-02-12 00:00:00,29333.0,29708.0,29001.0,29423.0,132319.0,3889615546.0,0.0
MHImain,HKFE,2018-02-13 00:00:00,29430.0,30088.0,29377.0,29685.0,112808.0,3351143076.0,0.0
MHImain,HKFE,2018-02-14 00:00:00,29705.0,30587.0,29519.0,30301.0,96438.0,2890071801.0,0.0
MHImain,HKFE,2018-02-15 00:00:00,30330.0,31036.0,29953.0,30970.0,73835.0,2247785820.0,0.0
MHImain,HKFE,2018-02-20 00:00:00,31192.0,31277.0,30607.0,30750.0,74875.0,2308805521.0,0.0
MHImain,HKFE,2018-02-21 00:00:00,30735.0,31391.0,30634.0,31370.0,77405.0,2399279935.0,0.0
MHImain,HKFE,2018-02-22 00:00:00,31339.0,31518.0,30887.0,30951.0,79588.0,2471786952.0,0.0
MHImain,HKFE,2018-02-23 00:00:00,30948.0,31372.0,30910.0,31170.0,76419.0,2382727602.0,0.0
MHImain,HKFE,2018-02-26 00:00:00,31176.0,31553.0,31133.0,31520.0,62042.0,1944649128.0,0.0
MHImain,HKFE,2018-02-27 00:00:00,31524.0,31774.0,31446.0,31455.0,16258.0,511559561.0,0.0
MHImain,HKFE,2018-02-28 00:00:00,31411.0,31435.0,30661.0,30744.0,93503.0,2886206808.0,0.0
MHImain,HKFE,2018-03-01 00:00:00,30759.0,31084.0,30355.0,31026.0,103558.0,3176483702.0,0.0
MHImain,HKFE,2018-03-02 00:00:00,31013.0,31013.0,30428.0,30543.0,103193.0,3154854555.0,0.0
MHImain,HKFE,2018-03-05 00:00:00,30540.0,30674.0,29791.0,29920.0,124837.0,3760789852.0,0.0
MHImain,HKFE,2018-03-06 00:00:00,29925.0,30595.0,29835.0,30484.0,101379.0,3063113357.0,0.0
MHImain,HKFE,2018-03-07 00:00:00,30470.0,30658.0,30060.0,30198.0,119576.0,3625298800.0,0.0
MHImain,HKFE,2018-03-08 00:00:00,30195.0,30740.0,30120.0,30654.0,86633.0,2640140174.0,0.0
MHImain,HKFE,2018-03-09 00:00:00,30668.0,31042.0,30620.0,30992.0,72498.0,2234391822.0,0.0
MHImain,HKFE,2018-03-12 00:00:00,30983.0,31640.0,30959.0,31594.0,73236.0,2294132947.0,0.0
MHImain,HKFE,2018-03-13 00:00:00,31592.0,31714.0,31442.0,31585.0,68537.0,2160284075.0,0.0
MHImain,HKFE,2018-03-14 00:00:00,31600.0,31696.0,31111.0,31454.0,85055.0,2660157162.0,0.0
MHImain,HKFE,2018-03-15 00:00:00,31450.0,31620.0,31052.0,31533.0,91392.0,2865095975.0,0.0
MHImain,HKFE,2018-03-16 00:00:00,31562.0,31652.0,31270.0,31449.0,82432.0,2589908146.0,0.0
MHImain,HKFE,2018-03-19 00:00:00,31460.0,31677.0,31209.0,31404.0,79864.0,2511338886.0,0.0
MHImain,HKFE,2018-03-20 00:00:00,31403.0,31588.0,31114.0,31548.0,91688.0,2869672838.0,0.0
MHImain,HKFE,2018-03-21 00:00:00,31539.0,32006.0,31336.0,31348.0,105583.0,3345734421.0,0.0
MHImain,HKFE,2018-03-22 00:00:00,31358.0,31704.0,30989.0,31050.0,113198.0,3538737345.0,0.0
MHImain,HKFE,2018-03-23 00:00:00,31036.0,31036.0,29855.0,30150.0,153393.0,4631860051.0,0.0
MHImain,HKFE,2018-03-26 00:00:00,30123.0,30573.0,29937.0,30528.0,119016.0,3590977765.0,0.0
MHImain,HKFE,2018-03-27 00:00:00,30516.0,30949.0,30255.0,30788.0,89651.0,2749337344.0,0.0
MHImain,HKFE,2018-03-28 00:00:00,30799.0,30851.0,30312.0,30337.0,23449.0,715637885.0,0.0
MHImain,HKFE,2018-03-29 00:00:00,29950.0,30232.0,29752.0,30033.0,139260.0,4171545167.0,0.0
MHImain,HKFE,2018-04-03 00:00:00,30049.0,30318.0,29748.0,30160.0,103429.0,3098818639.0,0.0
MHImain,HKFE,2018-04-04 00:00:00,30156.0,30315.0,29345.0,29409.0,117816.0,3528772005.0,0.0
MHImain,HKFE,2018-04-06 00:00:00,29385.0,29980.0,29146.0,29836.0,122525.0,3630761695.0,0.0
MHImain,HKFE,2018-04-09 00:00:00,29836.0,30577.0,29752.0,30280.0,130367.0,3921042531.0,0.0
MHImain,HKFE,2018-04-10 00:00:00,30268.0,30815.0,30061.0,30761.0,112776.0,3429823793.0,0.0
MHImain,HKFE,2018-04-11 00:00:00,30759.0,31000.0,30624.0,30888.0,88787.0,2733939761.0,0.0
MHImain,HKFE,2018-04-12 00:00:00,30903.0,31153.0,30605.0,30766.0,102651.0,3164974033.0,0.0
MHImain,HKFE,2018-04-13 00:00:00,30763.0,31078.0,30701.0,30861.0,83391.0,2570719760.0,0.0
MHImain,HKFE,2018-04-16 00:00:00,30865.0,30992.0,30160.0,30185.0,110402.0,3358497574.0,0.0
MHImain,HKFE,2018-04-17 00:00:00,30203.0,30527.0,29992.0,30051.0,110579.0,3342031662.0,0.0
MHImain,HKFE,2018-04-18 00:00:00,30052.0,30509.0,29957.0,30310.0,120157.0,3629695219.0,0.0
MHImain,HKFE,2018-04-19 00:00:00,30300.0,30791.0,30215.0,30760.0,104798.0,3202372179.0,0.0
MHImain,HKFE,2018-04-20 00:00:00,30755.0,30878.0,30318.0,30360.0,102269.0,3126695689.0,0.0
MHImain,HKFE,2018-04-23 00:00:00,30350.0,30500.0,30146.0,30240.0,102943.0,3116109441.0,0.0
MHImain,HKFE,2018-04-24 00:00:00,30250.0,30700.0,30166.0,30640.0,82183.0,2503281272.0,0.0
MHImain,HKFE,2018-04-25 00:00:00,30647.0,30781.0,30181.0,30185.0,94607.0,2875226243.0,0.0
MHImain,HKFE,2018-04-26 00:00:00,30189.0,30456.0,29838.0,30033.0,90223.0,2716084335.0,0.0
MHImain,HKFE,2018-04-27 00:00:00,30039.0,30309.0,30030.0,30150.0,15859.0,476758130.0,0.0
MHImain,HKFE,2018-04-30 00:00:00,30063.0,30722.0,30016.0,30669.0,62605.0,1902073867.0,0.0
MHImain,HKFE,2018-05-02 00:00:00,30688.0,30696.0,30392.0,30553.0,73410.0,2236291196.0,0.0
MHImain,HKFE,2018-05-03 00:00:00,30567.0,30590.0,29903.0,30058.0,90012.0,2710546988.0,0.0
MHImain,HKFE,2018-05-04 00:00:00,30072.0,30169.0,29645.0,29774.0,113628.0,3392144318.0,0.0
MHImain,HKFE,2018-05-07 00:00:00,29766.0,30044.0,29575.0,29761.0,110326.0,3285487390.0,0.0
MHImain,HKFE,2018-05-08 00:00:00,29761.0,30266.0,29679.0,30198.0,84224.0,2529997452.0,0.0
MHImain,HKFE,2018-05-09 00:00:00,30196.0,30420.0,30023.0,30415.0,88722.0,2679747950.0,0.0
MHImain,HKFE,2018-05-10 00:00:00,30420.0,30700.0,30295.0,30675.0,77724.0,2372330451.0,0.0
MHImain,HKFE,2018-05-11 00:00:00,30660.0,31142.0,30626.0,31094.0,82413.0,2546346025.0,0.0
MHImain,HKFE,2018-05-14 00:00:00,31088.0,31474.0,31037.0,31455.0,67642.0,2112321415.0,0.0
MHImain,HKFE,2018-05-15 00:00:00,31455.0,31498.0,30958.0,30990.0,65800.0,2048536887.0,0.0
MHImain,HKFE,2018-05-16 00:00:00,30999.0,31085.0,30641.0,30936.0,92601.0,2852602383.0,0.0
MHImain,HKFE,2018-05-17 00:00:00,30931.0,31319.0,30820.0,30883.0,80107.0,2480028178.0,0.0
MHImain,HKFE,2018-05-18 00:00:00,30885.0,31080.0,30782.0,30895.0,69223.0,2138132890.0,0.0
MHImain,HKFE,2018-05-21 00:00:00,31122.0,31408.0,30746.0,31225.0,66013.0,2050270160.0,0.0
MHImain,HKFE,2018-05-23 00:00:00,31232.0,31288.0,30522.0,30548.0,65928.0,2033314517.0,0.0
MHImain,HKFE,2018-05-24 00:00:00,30559.0,30768.0,30485.0,30703.0,71650.0,2191551688.0,0.0
MHImain,HKFE,2018-05-25 00:00:00,30701.0,30762.0,30377.0,30651.0,78121.0,2387364270.0,0.0
MHImain,HKFE,2018-05-28 00:00:00,30652.0,30859.0,30485.0,30765.0,59729.0,1830300696.0,0.0
MHImain,HKFE,2018-05-29 00:00:00,30645.0,30711.0,30420.0,30426.0,42008.0,1281806857.0,0.0
MHImain,HKFE,2018-05-30 00:00:00,30440.0,30488.0,29981.0,30053.0,18754.0,565496733.0,0.0
MHImain,HKFE,2018-05-31 00:00:00,29881.0,30512.0,29847.0,30500.0,74564.0,2243330126.0,0.0
MHImain,HKFE,2018-06-01 00:00:00,30491.0,30491.0,30240.0,30393.0,77663.0,2354027166.0,0.0
MHImain,HKFE,2018-06-04 00:00:00,30397.0,30949.0,30365.0,30897.0,64809.0,1989508199.0,0.0
MHImain,HKFE,2018-06-05 00:00:00,30906.0,31152.0,30808.0,31056.0,67086.0,2072178004.0,0.0
MHImain,HKFE,2018-06-06 00:00:00,31073.0,31276.0,30947.0,31210.0,60722.0,1888320015.0,0.0
MHImain,HKFE,2018-06-07 00:00:00,31203.0,31542.0,31154.0,31535.0,66089.0,2071208844.0,0.0
MHImain,HKFE,2018-06-08 00:00:00,31513.0,31520.0,30798.0,30843.0,75251.0,2340468206.0,0.0
MHImain,HKFE,2018-06-11 00:00:00,30846.0,31119.0,30816.0,31043.0,65638.0,2031440660.0,0.0
MHImain,HKFE,2018-06-12 00:00:00,31037.0,31236.0,30873.0,31045.0,69707.0,2162409879.0,0.0
MHImain,HKFE,2018-06-13 00:00:00,31029.0,31046.0,30637.0,30744.0,60682.0,1870005481.0,0.0
MHImain,HKFE,2018-06-14 00:00:00,30746.0,30823.0,30270.0,30414.0,72521.0,2209930778.0,0.0
MHImain,HKFE,2018-06-15 00:00:00,30420.0,30576.0,30220.0,30251.0,70471.0,2138826314.0,0.0
MHImain,HKFE,2018-06-19 00:00:00,30271.0,30294.0,29266.0,29377.0,96332.0,2854471566.0,0.0
MHImain,HKFE,2018-06-20 00:00:00,29392.0,29969.0,29305.0,29667.0,102822.0,3037251397.0,0.0
MHImain,HKFE,2018-06-21 00:00:00,29683.0,29859.0,29234.0,29307.0,95446.0,2817274097.0,0.0
MHImain,HKFE,2018-06-22 00:00:00,29278.0,29427.0,29007.0,29355.0,102330.0,2985774602.0,0.0
MHImain,HKFE,2018-06-25 00:00:00,29358.0,29454.0,28865.0,28957.0,88489.0,2576974227.0,0.0
MHImain,HKFE,2018-06-26 00:00:00,28945.0,29031.0,28476.0,28944.0,112830.0,3246194760.0,0.0
MHImain,HKFE,2018-06-27 00:00:00,28940.0,29047.0,28275.0,28370.0,92366.0,2649161574.0,0.0
MHImain,HKFE,2018-06-28 00:00:00,28371.0,28700.0,28304.0,28399.0,25582.0,722400573.0,0.0
MHImain,HKFE,2018-06-29 00:00:00,28256.0,28765.0,28119.0,28725.0,100765.0,2866344737.0,0.0
MHImain,HKFE,2018-07-03 00:00:00,28735.0,28753.0,27777.0,28320.0,133012.0,3740823049.0,0.0
MHImain,HKFE,2018-07-04 00:00:00,28330.0,28486.0,27927.0,28046.0,107454.0,3025487153.0,0.0
MHImain,HKFE,2018-07-05 00:00:00,28045.0,28259.0,27720.0,28200.0,114235.0,3198038868.0,0.0
MHImain,HKFE,2018-07-06 00:00:00,28200.0,28493.0,27822.0,28215.0,136094.0,3827330701.0,0.0
MHImain,HKFE,2018-07-09 00:00:00,28224.0,28848.0,28090.0,28725.0,93135.0,2661897692.0,0.0
MHImain,HKFE,2018-07-10 00:00:00,28740.0,29010.0,28561.0,28649.0,86306.0,2482371521.0,0.0
MHImain,HKFE,2018-07-11 00:00:00,28660.0,28698.0,27893.0,28280.0,98813.0,2783898577.0,0.0
MHImain,HKFE,2018-07-12 00:00:00,28305.0,28632.0,28161.0,28493.0,82550.0,2344902134.0,0.0
MHImain,HKFE,2018-07-13 00:00:00,28501.0,28769.0,28461.0,28564.0,68466.0,1954463919.0,0.0
MHImain,HKFE,2018-07-16 00:00:00,28565.0,28701.0,28300.0,28506.0,86554.0,2461984543.0,0.0
MHImain,HKFE,2018-07-17 00:00:00,28527.0,28535.0,28122.0,28195.0,73145.0,2066655045.0,0.0
MHImain,HKFE,2018-07-18 00:00:00,28190.0,28409.0,28013.0,28079.0,81941.0,2308215020.0,0.0
MHImain,HKFE,2018-07-19 00:00:00,28082.0,28314.0,27953.0,28041.0,80861.0,2270200919.0,0.0
MHImain,HKFE,2018-07-20 00:00:00,28043.0,28298.0,27732.0,28230.0,112449.0,3144390155.0,0.0
MHImain,HKFE,2018-07-23 00:00:00,28225.0,28381.0,28021.0,28210.0,101203.0,2851925360.0,0.0
MHImain,HKFE,2018-07-24 00:00:00,28206.0,28711.0,28165.0,28646.0,73675.0,2096658914.0,0.0
MHImain,HKFE,2018-07-25 00:00:00,28649.0,28974.0,28649.0,28910.0,73089.0,2103275728.0,0.0
MHImain,HKFE,2018-07-26 00:00:00,28926.0,29113.0,28615.0,28739.0,81006.0,2331863414.0,0.0
MHImain,HKFE,2018-07-27 00:00:00,28740.0,28836.0,28588.0,28729.0,57149.0,1640180563.0,0.0
MHImain,HKFE,2018-07-30 00:00:00,28720.0,28838.0,28561.0,28644.0,15476.0,442813662.0,0.0
MHImain,HKFE,2018-07-31 00:00:00,28679.0,28795.0,28423.0,28434.0,65528.0,1870373953.0,0.0
MHImain,HKFE,2018-08-01 00:00:00,28440.0,28827.0,28162.0,28288.0,90774.0,2581751925.0,0.0
MHImain,HKFE,2018-08-02 00:00:00,28280.0,28334.0,27501.0,27604.0,100423.0,2793396343.0,0.0
MHImain,HKFE,2018-08-03 00:00:00,27580.0,27758.0,27443.0,27607.0,80549.0,2221690236.0,0.0
MHImain,HKFE,2018-08-06 00:00:00,27617.0,28016.0,27611.0,27734.0,90511.0,2513411503.0,0.0
MHImain,HKFE,2018-08-07 00:00:00,27725.0,28234.0,27700.0,28202.0,81354.0,2272838738.0,0.0
MHImain,HKFE,2018-08-08 00:00:00,28218.0,28374.0,28142.0,28238.0,77501.0,2184188524.0,0.0
MHImain,HKFE,2018-08-09 00:00:00,28235.0,28659.0,28060.0,28531.0,86755.0,2459302209.0,0.0
MHImain,HKFE,2018-08-10 00:00:00,28530.0,28646.0,28174.0,28218.0,74590.0,2115674931.0,0.0
MHImain,HKFE,2018-08-13 00:00:00,28227.0,28265.0,27704.0,27873.0,89304.0,2486597525.0,0.0
MHImain,HKFE,2018-08-14 00:00:00,27878.0,28021.0,27445.0,27636.0,94055.0,2601644037.0,0.0
MHImain,HKFE,2018-08-15 00:00:00,27643.0,27727.0,27150.0,27225.0,93988.0,2568541119.0,0.0
MHImain,HKFE,2018-08-16 00:00:00,27220.0,27365.0,26644.0,27039.0,137596.0,3713054406.0,0.0
MHImain,HKFE,2018-08-17 00:00:00,27055.0,27333.0,27005.0,27137.0,80279.0,2176993865.0,0.0
MHImain,HKFE,2018-08-20 00:00:00,27138.0,27555.0,26875.0,27520.0,100105.0,2727307928.0,0.0
MHImain,HKFE,2018-08-21 00:00:00,27514.0,27700.0,27432.0,27630.0,75672.0,2085056722.0,0.0
MHImain,HKFE,2018-08-22 00:00:00,27650.0,27906.0,27499.0,27857.0,83789.0,2319216429.0,0.0
MHImain,HKFE,2018-08-23 00:00:00,27868.0,27981.0,27580.0,27695.0,87952.0,2440175818.0,0.0
MHImain,HKFE,2018-08-24 00:00:00,27696.0,27782.0,27447.0,27591.0,83190.0,2292245802.0,0.0
MHImain,HKFE,2018-08-27 00:00:00,27570.0,28274.0,27519.0,28254.0,70615.0,1975796282.0,0.0
MHImain,HKFE,2018-08-28 00:00:00,28255.0,28549.0,28201.0,28292.0,67734.0,1918400345.0,0.0
MHImain,HKFE,2018-08-29 00:00:00,28286.0,28474.0,28188.0,28345.0,48263.0,1365345944.0,0.0
MHImain,HKFE,2018-08-30 00:00:00,28335.0,28573.0,28228.0,28240.0,14624.0,413897444.0,0.0
MHImain,HKFE,2018-08-31 00:00:00,28070.0,28070.0,27635.0,27757.0,81097.0,2249623247.0,0.0
MHImain,HKFE,2018-09-03 00:00:00,27782.0,27860.0,27516.0,27642.0,74046.0,2045622564.0,0.0
MHImain,HKFE,2018-09-04 00:00:00,27654.0,27950.0,27452.0,27885.0,79987.0,2212759909.0,0.0
MHImain,HKFE,2018-09-05 00:00:00,27870.0,27870.0,27100.0,27100.0,104100.0,2858882701.0,0.0
MHImain,HKFE,2018-09-06 00:00:00,27112.0,27223.0,26768.0,26985.0,105231.0,2839423736.0,0.0
MHImain,HKFE,2018-09-07 00:00:00,26987.0,27163.0,26582.0,26843.0,120228.0,3232017189.0,0.0
MHImain,HKFE,2018-09-10 00:00:00,26837.0,26890.0,26357.0,26632.0,112655.0,2998259643.0,0.0
MHImain,HKFE,2018-09-11 00:00:00,26638.0,26709.0,26290.0,26309.0,108663.0,2877434276.0,0.0
MHImain,HKFE,2018-09-12 00:00:00,26300.0,26436.0,26020.0,26346.0,121342.0,3183815786.0,0.0
MHImain,HKFE,2018-09-13 00:00:00,26333.0,27041.0,26223.0,26989.0,125911.0,3356398835.0,0.0
MHImain,HKFE,2018-09-14 00:00:00,27001.0,27345.0,26959.0,27247.0,111937.0,3041231728.0,0.0
MHImain,HKFE,2018-09-17 00:00:00,27252.0,27280.0,26711.0,26880.0,98702.0,2654302486.0,0.0
MHImain,HKFE,2018-09-18 00:00:00,26855.0,27169.0,26605.0,27029.0,123069.0,3301614465.0,0.0
MHImain,HKFE,2018-09-19 00:00:00,27068.0,27493.0,27017.0,27408.0,100078.0,2727013300.0,0.0
MHImain,HKFE,2018-09-20 00:00:00,27395.0,27627.0,27295.0,27455.0,102285.0,2806243803.0,0.0
MHImain,HKFE,2018-09-21 00:00:00,27460.0,27981.0,27440.0,27938.0,113143.0,3131193746.0,0.0
MHImain,HKFE,2018-09-24 00:00:00,27928.0,27940.0,27388.0,27471.0,73803.0,2036297306.0,0.0
MHImain,HKFE,2018-09-26 00:00:00,27471.0,28038.0,27393.0,27820.0,78050.0,2163483590.0,0.0
MHImain,HKFE,2018-09-27 00:00:00,27826.0,27929.0,27710.0,27743.0,21689.0,602168395.0,0.0
MHImain,HKFE,2018-09-28 00:00:00,27713.0,27935.0,27649.0,27871.0,91718.0,2546726944.0,0.0
MHImain,HKFE,2018-10-02 00:00:00,27855.0,27870.0,26991.0,26991.0,97528.0,2665847837.0,0.0
MHImain,HKFE,2018-10-03 00:00:00,26990.0,27253.0,26871.0,27055.0,96169.0,2597821323.0,0.0
MHImain,HKFE,2018-10-04 00:00:00,27050.0,27174.0,26490.0,26565.0,92363.0,2460540622.0,0.0
MHImain,HKFE,2018-10-05 00:00:00,26571.0,26637.0,26243.0,26455.0,107154.0,2832393170.0,0.0
MHImain,HKFE,2018-10-08 00:00:00,26468.0,26772.0,26129.0,26145.0,124116.0,3270377835.0,0.0
MHImain,HKFE,2018-10-09 00:00:00,26136.0,26343.0,25972.0,26065.0,118852.0,3108227612.0,0.0
MHImain,HKFE,2018-10-10 00:00:00,26067.0,26470.0,25948.0,26164.0,120967.0,3170923753.0,0.0
MHImain,HKFE,2018-10-11 00:00:00,26159.0,26256.0,25122.0,25193.0,146903.0,3729462753.0,0.0
MHImain,HKFE,2018-10-12 00:00:00,25180.0,25787.0,25076.0,25686.0,157782.0,4015214766.0,0.0
MHImain,HKFE,2018-10-15 00:00:00,25676.0,25777.0,25330.0,25342.0,106884.0,2725290821.0,0.0
MHImain,HKFE,2018-10-16 00:00:00,25343.0,25680.0,25208.0,25395.0,112636.0,2864046277.0,0.0
MHImain,HKFE,2018-10-18 00:00:00,25385.0,25773.0,25211.0,25408.0,115981.0,2944700134.0,0.0
MHImain,HKFE,2018-10-19 00:00:00,25435.0,25723.0,25048.0,25458.0,139560.0,3539469042.0,0.0
MHImain,HKFE,2018-10-22 00:00:00,25471.0,26221.0,25382.0,26133.0,119593.0,3088618996.0,0.0
MHImain,HKFE,2018-10-23 00:00:00,26132.0,26164.0,25265.0,25335.0,134242.0,3441152574.0,0.0
MHImain,HKFE,2018-10-24 00:00:00,25325.0,25655.0,25050.0,25209.0,157416.0,3977046022.0,0.0
MHImain,HKFE,2018-10-25 00:00:00,25204.0,25408.0,24601.0,24897.0,129414.0,3214442484.0,0.0
MHImain,HKFE,2018-10-26 00:00:00,24903.0,25147.0,24526.0,24659.0,131319.0,3254623696.0,0.0
MHImain,HKFE,2018-10-29 00:00:00,24650.0,24997.0,24455.0,24766.0,114848.0,2833895924.0,0.0
MHImain,HKFE,2018-10-30 00:00:00,24780.0,25039.0,24570.0,24723.0,30707.0,761387600.0,0.0
MHImain,HKFE,2018-10-31 00:00:00,24583.0,24961.0,24474.0,24910.0,125844.0,3110269359.0,0.0
MHImain,HKFE,2018-11-01 00:00:00,24929.0,25516.0,24858.0,25340.0,119759.0,3018431270.0,0.0
MHImain,HKFE,2018-11-02 00:00:00,25342.0,26503.0,25323.0,26498.0,143417.0,3711250901.0,0.0
MHImain,HKFE,2018-11-05 00:00:00,26496.0,26759.0,25719.0,25902.0,140559.0,3661754490.0,0.0
MHImain,HKFE,2018-11-06 00:00:00,25883.0,26166.0,25798.0,26039.0,112051.0,2902745783.0,0.0
MHImain,HKFE,2018-11-07 00:00:00,26018.0,26524.0,25861.0,26151.0,145727.0,3802197680.0,0.0
MHImain,HKFE,2018-11-08 00:00:00,26168.0,26630.0,26105.0,26224.0,111913.0,2939908235.0,0.0
MHImain,HKFE,2018-11-09 00:00:00,26225.0,26228.0,25407.0,25466.0,103500.0,2659244849.0,0.0
MHImain,HKFE,2018-11-12 00:00:00,25474.0,25754.0,25312.0,25555.0,104789.0,2675258126.0,0.0
MHImain,HKFE,2018-11-13 00:00:00,25547.0,25859.0,25008.0,25843.0,143497.0,3642887013.0,0.0
MHImain,HKFE,2018-11-14 00:00:00,25828.0,25992.0,25430.0,25558.0,124711.0,3198491075.0,0.0
MHImain,HKFE,2018-11-15 00:00:00,25544.0,26138.0,25495.0,26047.0,131711.0,3394997741.0,0.0
MHImain,HKFE,2018-11-16 00:00:00,26028.0,26192.0,25785.0,26113.0,136807.0,3548425542.0,0.0
MHImain,HKFE,2018-11-19 00:00:00,26096.0,26378.0,25957.0,26290.0,118925.0,3112889151.0,0.0
MHImain,HKFE,2018-11-20 00:00:00,26282.0,26317.0,25699.0,25790.0,114013.0,2956016911.0,0.0
MHImain,HKFE,2018-11-21 00:00:00,25780.0,25976.0,25414.0,25895.0,142645.0,3660639274.0,0.0
MHImain,HKFE,2018-11-22 00:00:00,25904.0,26204.0,25810.0,25930.0,99916.0,2590358928.0,0.0
MHImain,HKFE,2018-11-23 00:00:00,25924.0,26035.0,25755.0,25898.0,82243.0,2122736052.0,0.0
MHImain,HKFE,2018-11-26 00:00:00,25892.0,26427.0,25773.0,26415.0,95213.0,2490311247.0,0.0
MHImain,HKFE,2018-11-27 00:00:00,26421.0,26512.0,26138.0,26256.0,95815.0,2517640089.0,0.0
MHImain,HKFE,2018-11-28 00:00:00,26281.0,26722.0,26197.0,26618.0,81604.0,2158017672.0,0.0
MHImain,HKFE,2018-11-29 00:00:00,26618.0,26944.0,26523.0,26590.0,19730.0,524666863.0,0.0
MHImain,HKFE,2018-11-30 00:00:00,26453.0,26730.0,26323.0,26536.0,109397.0,2900810882.0,0.0
MHImain,HKFE,2018-12-03 00:00:00,26521.0,27326.0,26435.0,27286.0,103898.0,2800632849.0,0.0
MHImain,HKFE,2018-12-04 00:00:00,27266.0,27329.0,27041.0,27271.0,101462.0,2752053537.0,0.0
MHImain,HKFE,2018-12-05 00:00:00,27250.0,27296.0,26720.0,26766.0,85344.0,2288753642.0,0.0
MHImain,HKFE,2018-12-06 00:00:00,26780.0,26905.0,26006.0,26158.0,98312.0,2570448977.0,0.0
MHImain,HKFE,2018-12-07 00:00:00,26157.0,26306.0,25813.0,26078.0,101895.0,2651475335.0,0.0
MHImain,HKFE,2018-12-10 00:00:00,26072.0,26369.0,25549.0,25710.0,101138.0,2607221831.0,0.0
MHImain,HKFE,2018-12-11 00:00:00,25732.0,25861.0,25402.0,25721.0,97399.0,2499138246.0,0.0
MHImain,HKFE,2018-12-12 00:00:00,25716.0,26274.0,25711.0,26237.0,92250.0,2401889574.0,0.0
MHImain,HKFE,2018-12-13 00:00:00,26242.0,26626.0,26242.0,26527.0,93829.0,2479419560.0,0.0
MHImain,HKFE,2018-12-14 00:00:00,26520.0,26520.0,26020.0,26037.0,85077.0,2223111511.0,0.0
MHImain,HKFE,2018-12-17 00:00:00,26029.0,26231.0,25920.0,26078.0,82050.0,2136877664.0,0.0
MHImain,HKFE,2018-12-18 00:00:00,26088.0,26193.0,25700.0,25818.0,109659.0,2840529689.0,0.0
MHImain,HKFE,2018-12-19 00:00:00,25821.0,26018.0,25783.0,25924.0,73845.0,1908558125.0,0.0
MHImain,HKFE,2018-12-20 00:00:00,25918.0,26090.0,25373.0,25537.0,104398.0,2672924188.0,0.0
MHImain,HKFE,2018-12-21 00:00:00,25557.0,25793.0,25306.0,25662.0,105895.0,2704781160.0,0.0
MHImain,HKFE,2018-12-24 00:00:00,25647.0,25808.0,25400.0,25633.0,74454.0,1902509555.0,0.0
MHImain,HKFE,2018-12-27 00:00:00,25888.0,25939.0,25327.0,25398.0,61755.0,1584202934.0,0.0
MHImain,HKFE,2018-12-28 00:00:00,25390.0,25583.0,25217.0,25504.0,27452.0,693761717.0,0.0
MHImain,HKFE,2018-12-31 00:00:00,25580.0,25993.0,25550.0,25857.0,58286.0,1497571304.0,0.0
MHImain,HKFE,2019-01-02 00:00:00,25863.0,25879.0,24979.0,24979.0,89934.0,2267576499.0,0.0
MHImain,HKFE,2019-01-03 00:00:00,25019.0,25368.0,24876.0,25050.0,107511.0,2689273784.0,0.0
MHImain,HKFE,2019-01-04 00:00:00,25042.0,25658.0,24889.0,25604.0,112331.0,2833866510.0,0.0
MHImain,HKFE,2019-01-07 00:00:00,25627.0,26097.0,25589.0,25863.0,100497.0,2593213868.0,0.0
MHImain,HKFE,2019-01-08 00:00:00,25858.0,26006.0,25713.0,25906.0,89334.0,2308376290.0,0.0
MHImain,HKFE,2019-01-09 00:00:00,25908.0,26651.0,25908.0,26521.0,95422.0,2511539969.0,0.0
MHImain,HKFE,2019-01-10 00:00:00,26525.0,26637.0,26228.0,26470.0,103324.0,2727544312.0,0.0
MHImain,HKFE,2019-01-11 00:00:00,26479.0,26745.0,26459.0,26699.0,86742.0,2304045059.0,0.0
MHImain,HKFE,2019-01-14 00:00:00,26699.0,26738.0,26164.0,26304.0,80742.0,2128562964.0,0.0
MHImain,HKFE,2019-01-15 00:00:00,26305.0,26874.0,26254.0,26749.0,94280.0,2506661821.0,0.0
MHImain,HKFE,2019-01-16 00:00:00,26739.0,26937.0,26559.0,26902.0,93918.0,2510654912.0,0.0
MHImain,HKFE,2019-01-17 00:00:00,26901.0,27042.0,26666.0,26776.0,104560.0,2803650438.0,0.0
MHImain,HKFE,2019-01-18 00:00:00,26770.0,27144.0,26763.0,27100.0,80272.0,2164587769.0,0.0
MHImain,HKFE,2019-01-21 00:00:00,27113.0,27363.0,27013.0,27241.0,87642.0,2378903786.0,0.0
MHImain,HKFE,2019-01-22 00:00:00,27235.0,27271.0,26835.0,27005.0,86778.0,2342302279.0,0.0
MHImain,HKFE,2019-01-23 00:00:00,27005.0,27160.0,26874.0,26990.0,88312.0,2382005786.0,0.0
MHImain,HKFE,2019-01-24 00:00:00,27012.0,27164.0,26873.0,27092.0,86503.0,2336202947.0,0.0
MHImain,HKFE,2019-01-25 00:00:00,27096.0,27618.0,27096.0,27610.0,86517.0,2365795113.0,0.0
MHImain,HKFE,2019-01-28 00:00:00,27612.0,27814.0,27453.0,27563.0,85509.0,2360566419.0,0.0
MHImain,HKFE,2019-01-29 00:00:00,27580.0,27621.0,27329.0,27567.0,67195.0,1842280724.0,0.0
MHImain,HKFE,2019-01-30 00:00:00,27572.0,27667.0,27376.0,27552.0,20008.0,550251008.0,0.0
MHImain,HKFE,2019-01-31 00:00:00,27651.0,28072.0,27626.0,28054.0,76676.0,2130409763.0,0.0
MHImain,HKFE,2019-02-01 00:00:00,28050.0,28200.0,27744.0,27859.0,84629.0,2358559885.0,0.0
MHImain,HKFE,2019-02-04 00:00:00,27852.0,27950.0,27727.0,27835.0,38179.0,1062148730.0,0.0
MHImain,HKFE,2019-02-08 00:00:00,27670.0,27960.0,27450.0,27948.0,52772.0,1456851381.0,0.0
MHImain,HKFE,2019-02-11 00:00:00,27960.0,28157.0,27758.0,28128.0,73458.0,2047812986.0,0.0
MHImain,HKFE,2019-02-12 00:00:00,28155.0,28236.0,27916.0,28123.0,68550.0,1922984685.0,0.0
MHImain,HKFE,2019-02-13 00:00:00,28128.0,28509.0,28103.0,28409.0,75324.0,2126890082.0,0.0
MHImain,HKFE,2019-02-14 00:00:00,28400.0,28496.0,28219.0,28345.0,76154.0,2156391809.0,0.0
MHImain,HKFE,2019-02-15 00:00:00,28345.0,28396.0,27781.0,27866.0,95118.0,2662452442.0,0.0
MHImain,HKFE,2019-02-18 00:00:00,27878.0,28383.0,27860.0,28334.0,76602.0,2157998416.0,0.0
MHImain,HKFE,2019-02-19 00:00:00,28310.0,28448.0,28128.0,28154.0,77834.0,2200170777.0,0.0
MHImain,HKFE,2019-02-20 00:00:00,28150.0,28573.0,28039.0,28504.0,86168.0,2443422033.0,0.0
MHImain,HKFE,2019-02-21 00:00:00,28493.0,28788.0,28364.0,28655.0,96759.0,2760755186.0,0.0
MHImain,HKFE,2019-02-22 00:00:00,28651.0,28865.0,28417.0,28807.0,92494.0,2641502583.0,0.0
MHImain,HKFE,2019-02-25 00:00:00,28810.0,29019.0,28740.0,28892.0,96483.0,2783793168.0,0.0
MHImain,HKFE,2019-02-26 00:00:00,28910.0,29113.0,28703.0,28732.0,76219.0,2196967681.0,0.0
MHImain,HKFE,2019-02-27 00:00:00,28725.0,28960.0,28685.0,28863.0,18456.0,531613672.0,0.0
MHImain,HKFE,2019-02-28 00:00:00,28735.0,28913.0,28562.0,28661.0,102381.0,2939483944.0,0.0
MHImain,HKFE,2019-03-01 00:00:00,28661.0,28839.0,28581.0,28736.0,90005.0,2581341783.0,0.0
MHImain,HKFE,2019-03-04 00:00:00,28748.0,29255.0,28642.0,28881.0,102777.0,2963934501.0,0.0
MHImain,HKFE,2019-03-05 00:00:00,28885.0,28988.0,28615.0,28894.0,109846.0,3162113945.0,0.0
MHImain,HKFE,2019-03-06 00:00:00,28896.0,29086.0,28846.0,29029.0,89648.0,2595369730.0,0.0
MHImain,HKFE,2019-03-07 00:00:00,29028.0,29092.0,28725.0,28729.0,93444.0,2695732648.0,0.0
MHImain,HKFE,2019-03-08 00:00:00,28739.0,28783.0,28175.0,28230.0,115247.0,3270282259.0,0.0
MHImain,HKFE,2019-03-11 00:00:00,28240.0,28530.0,28015.0,28483.0,97820.0,2764199263.0,0.0
MHImain,HKFE,2019-03-12 00:00:00,28483.0,28990.0,28445.0,28905.0,87037.0,2495131385.0,0.0
MHImain,HKFE,2019-03-13 00:00:00,28917.0,28965.0,28711.0,28818.0,97068.0,2795850916.0,0.0
MHImain,HKFE,2019-03-14 00:00:00,28822.0,28995.0,28675.0,28895.0,98394.0,2836061723.0,0.0
MHImain,HKFE,2019-03-15 00:00:00,28898.0,29249.0,28757.0,29046.0,108252.0,3137332987.0,0.0
MHImain,HKFE,2019-03-18 00:00:00,29049.0,29443.0,29043.0,29385.0,97662.0,2851495213.0,0.0
MHImain,HKFE,2019-03-19 00:00:00,29385.0,29540.0,29334.0,29491.0,88485.0,2599250503.0,0.0
MHImain,HKFE,2019-03-20 00:00:00,29492.0,29630.0,29261.0,29330.0,97343.0,2853888139.0,0.0
MHImain,HKFE,2019-03-21 00:00:00,29326.0,29477.0,29070.0,29111.0,107330.0,3142286001.0,0.0
MHImain,HKFE,2019-03-22 00:00:00,29104.0,29270.0,28840.0,29082.0,110194.0,3199045365.0,0.0
MHImain,HKFE,2019-03-25 00:00:00,29055.0,29055.0,28423.0,28520.0,102640.0,2935199703.0,0.0
MHImain,HKFE,2019-03-26 00:00:00,28535.0,28755.0,28410.0,28537.0,91541.0,2611173946.0,0.0
MHImain,HKFE,2019-03-27 00:00:00,28535.0,28788.0,28532.0,28685.0,76563.0,2193002864.0,0.0
MHImain,HKFE,2019-03-28 00:00:00,28688.0,28743.0,28531.0,28718.0,23693.0,677585168.0,0.0
MHImain,HKFE,2019-03-29 00:00:00,28771.0,29179.0,28736.0,29075.0,94050.0,2718743785.0,0.0
MHImain,HKFE,2019-04-01 00:00:00,29073.0,29679.0,29035.0,29596.0,83177.0,2441794719.0,0.0
MHImain,HKFE,2019-04-02 00:00:00,29588.0,29748.0,29566.0,29738.0,69292.0,2050312161.0,0.0
MHImain,HKFE,2019-04-03 00:00:00,29730.0,30058.0,29645.0,29963.0,87775.0,2621255235.0,0.0
MHImain,HKFE,2019-04-04 00:00:00,29959.0,30132.0,29812.0,30004.0,84941.0,2542465568.0,0.0
MHImain,HKFE,2019-04-08 00:00:00,30001.0,30220.0,29965.0,30120.0,81588.0,2448617616.0,0.0
MHImain,HKFE,2019-04-09 00:00:00,30115.0,30294.0,30071.0,30202.0,75380.0,2271632758.0,0.0
MHImain,HKFE,2019-04-10 00:00:00,30196.0,30273.0,29944.0,30121.0,86693.0,2607430574.0,0.0
MHImain,HKFE,2019-04-11 00:00:00,30121.0,30231.0,29799.0,29821.0,100952.0,3022833885.0,0.0
MHImain,HKFE,2019-04-12 00:00:00,29821.0,29990.0,29704.0,29950.0,91306.0,2718310451.0,0.0
MHImain,HKFE,2019-04-15 00:00:00,29963.0,30336.0,29766.0,29822.0,116521.0,3504531677.0,0.0
MHImain,HKFE,2019-04-16 00:00:00,29830.0,30188.0,29685.0,30118.0,99755.0,2980030032.0,0.0
MHImain,HKFE,2019-04-17 00:00:00,30125.0,30206.0,30008.0,30155.0,83441.0,2509562747.0,0.0
MHImain,HKFE,2019-04-18 00:00:00,30154.0,30234.0,29882.0,29938.0,84158.0,2524038102.0,0.0
MHImain,HKFE,2019-04-23 00:00:00,29967.0,30108.0,29743.0,29949.0,85359.0,2547672822.0,0.0
MHImain,HKFE,2019-04-24 00:00:00,29946.0,30129.0,29651.0,29760.0,94539.0,2820741500.0,0.0
MHImain,HKFE,2019-04-25 00:00:00,29765.0,29852.0,29501.0,29518.0,87855.0,2605977698.0,0.0
MHImain,HKFE,2019-04-26 00:00:00,29527.0,29684.0,29413.0,29580.0,77675.0,2293275990.0,0.0
MHImain,HKFE,2019-04-29 00:00:00,29574.0,29836.0,29551.0,29817.0,23011.0,681744429.0,0.0
MHImain,HKFE,2019-04-30 00:00:00,29665.0,29683.0,29368.0,29466.0,83079.0,2446960171.0,0.0
MHImain,HKFE,2019-05-02 00:00:00,29466.0,29736.0,29391.0,29652.0,63897.0,1885667998.0,0.0
MHImain,HKFE,2019-05-03 00:00:00,29658.0,29874.0,29412.0,29866.0,77786.0,2299485312.0,0.0
MHImain,HKFE,2019-05-06 00:00:00,29866.0,30046.0,28688.0,28968.0,107067.0,3095483336.0,0.0
MHImain,HKFE,2019-05-07 00:00:00,28955.0,29242.0,28926.0,29106.0,105877.0,3075209625.0,0.0
MHImain,HKFE,2019-05-08 00:00:00,29099.0,29099.0,28600.0,28799.0,119921.0,3453667178.0,0.0
MHImain,HKFE,2019-05-09 00:00:00,28788.0,28796.0,28006.0,28037.0,142168.0,4032793734.0,0.0
MHImain,HKFE,2019-05-10 00:00:00,28052.0,28587.0,27753.0,28324.0,168380.0,4741014418.0,0.0
MHImain,HKFE,2019-05-14 00:00:00,28305.0,28376.0,27599.0,27855.0,130067.0,3620892302.0,0.0
MHImain,HKFE,2019-05-15 00:00:00,27855.0,28169.0,27790.0,28059.0,110587.0,3092084200.0,0.0
MHImain,HKFE,2019-05-16 00:00:00,28054.0,28155.0,27792.0,28084.0,122511.0,3423003244.0,0.0
MHImain,HKFE,2019-05-17 00:00:00,28090.0,28316.0,27673.0,27730.0,119639.0,3342328488.0,0.0
MHImain,HKFE,2019-05-20 00:00:00,27726.0,27836.0,27525.0,27621.0,110864.0,3061306840.0,0.0
MHImain,HKFE,2019-05-21 00:00:00,27620.0,27827.0,27335.0,27552.0,120416.0,3317574835.0,0.0
MHImain,HKFE,2019-05-22 00:00:00,27550.0,27718.0,27496.0,27608.0,96895.0,2670601195.0,0.0
MHImain,HKFE,2019-05-23 00:00:00,27595.0,27671.0,27121.0,27228.0,109781.0,2994468532.0,0.0
MHImain,HKFE,2019-05-24 00:00:00,27230.0,27437.0,27121.0,27313.0,98302.0,2678584634.0,0.0
MHImain,HKFE,2019-05-27 00:00:00,27312.0,27353.0,27066.0,27223.0,100245.0,2726696968.0,0.0
MHImain,HKFE,2019-05-28 00:00:00,27265.0,27448.0,27179.0,27326.0,67968.0,1854911701.0,0.0
MHImain,HKFE,2019-05-29 00:00:00,27324.0,27450.0,27139.0,27222.0,77467.0,2105910351.0,0.0
MHImain,HKFE,2019-05-30 00:00:00,27226.0,27318.0,27044.0,27099.0,19002.0,515457427.0,0.0
MHImain,HKFE,2019-05-31 00:00:00,26924.0,27033.0,26703.0,26720.0,88461.0,2365825490.0,0.0
MHImain,HKFE,2019-06-03 00:00:00,26720.0,26828.0,26579.0,26718.0,90666.0,2414091750.0,0.0
MHImain,HKFE,2019-06-04 00:00:00,26726.0,26886.0,26506.0,26601.0,95225.0,2535304726.0,0.0
MHImain,HKFE,2019-06-05 00:00:00,26629.0,27003.0,26586.0,26811.0,98330.0,2627492381.0,0.0
MHImain,HKFE,2019-06-06 00:00:00,26810.0,26878.0,26671.0,26850.0,85402.0,2282658118.0,0.0
MHImain,HKFE,2019-06-10 00:00:00,26844.0,27515.0,26774.0,27471.0,87996.0,2385031895.0,0.0
MHImain,HKFE,2019-06-11 00:00:00,27472.0,27756.0,27437.0,27690.0,79257.0,2185785865.0,0.0
MHImain,HKFE,2019-06-12 00:00:00,27695.0,27770.0,27107.0,27125.0,89629.0,2447704506.0,0.0
MHImain,HKFE,2019-06-13 00:00:00,27126.0,27199.0,26702.0,27151.0,119093.0,3209249326.0,0.0
MHImain,HKFE,2019-06-14 00:00:00,27161.0,27242.0,26952.0,27045.0,89046.0,2407924475.0,0.0
MHImain,HKFE,2019-06-17 00:00:00,27045.0,27444.0,26908.0,27147.0,90939.0,2468586385.0,0.0
MHImain,HKFE,2019-06-18 00:00:00,27152.0,27519.0,27095.0,27444.0,98834.0,2694960762.0,0.0
MHImain,HKFE,2019-06-19 00:00:00,27452.0,28196.0,27444.0,28151.0,103450.0,2889904025.0,0.0
MHImain,HKFE,2019-06-20 00:00:00,28140.0,28518.0,28081.0,28512.0,91937.0,2597989494.0,0.0
MHImain,HKFE,2019-06-21 00:00:00,28518.0,28686.0,28298.0,28422.0,96396.0,2740460676.0,0.0
MHImain,HKFE,2019-06-24 00:00:00,28423.0,28603.0,28313.0,28423.0,78870.0,2239280305.0,0.0
MHImain,HKFE,2019-06-25 00:00:00,28415.0,28489.0,28076.0,28163.0,75013.0,2118712379.0,0.0
MHImain,HKFE,2019-06-26 00:00:00,28157.0,28276.0,27988.0,28191.0,69224.0,1946856682.0,0.0
MHImain,HKFE,2019-06-27 00:00:00,28199.0,28527.0,28199.0,28519.0,22503.0,638014679.0,0.0
MHImain,HKFE,2019-06-28 00:00:00,28551.0,28579.0,28367.0,28508.0,69677.0,1980823886.0,0.0
MHImain,HKFE,2019-07-02 00:00:00,28502.0,29058.0,28479.0,28932.0,66631.0,1913200860.0,0.0
MHImain,HKFE,2019-07-03 00:00:00,28933.0,28991.0,28766.0,28930.0,65768.0,1896448834.0,0.0
MHImain,HKFE,2019-07-04 00:00:00,28935.0,29080.0,28834.0,28848.0,67039.0,1936619003.0,0.0
MHImain,HKFE,2019-07-05 00:00:00,28848.0,28960.0,28754.0,28781.0,58799.0,1695140450.0,0.0
MHImain,HKFE,2019-07-08 00:00:00,28779.0,28801.0,28214.0,28370.0,88366.0,2509261930.0,0.0
MHImain,HKFE,2019-07-09 00:00:00,28350.0,28444.0,28091.0,28103.0,81646.0,2303726270.0,0.0
MHImain,HKFE,2019-07-10 00:00:00,28105.0,28346.0,28084.0,28203.0,70852.0,1995312194.0,0.0
MHImain,HKFE,2019-07-11 00:00:00,28200.0,28613.0,28139.0,28455.0,81692.0,2322317231.0,0.0
MHImain,HKFE,2019-07-12 00:00:00,28457.0,28608.0,28290.0,28538.0,76772.0,2182925640.0,0.0
MHImain,HKFE,2019-07-15 00:00:00,28537.0,28597.0,28053.0,28518.0,85139.0,2412599435.0,0.0
MHImain,HKFE,2019-07-16 00:00:00,28536.0,28662.0,28474.0,28624.0,65511.0,1868416783.0,0.0
MHImain,HKFE,2019-07-17 00:00:00,28618.0,28657.0,28359.0,28614.0,67609.0,1925399474.0,0.0
MHImain,HKFE,2019-07-18 00:00:00,28610.0,28638.0,28308.0,28428.0,71251.0,2022145813.0,0.0
MHImain,HKFE,2019-07-19 00:00:00,28442.0,28841.0,28393.0,28823.0,65453.0,1872304650.0,0.0
MHImain,HKFE,2019-07-22 00:00:00,28790.0,28811.0,28281.0,28372.0,86868.0,2767255452.0,0.0
MHImain,HKFE,2019-07-23 00:00:00,28368.0,28489.0,28289.0,28464.0,59062.0,1673634235.0,0.0
MHImain,HKFE,2019-07-24 00:00:00,28465.0,28773.0,28441.0,28538.0,69130.0,1975900443.0,0.0
MHImain,HKFE,2019-07-25 00:00:00,28528.0,28652.0,28490.0,28584.0,57775.0,1649742429.0,0.0
MHImain,HKFE,2019-07-26 00:00:00,28590.0,28664.0,28311.0,28388.0,75781.0,2152262621.0,0.0
MHImain,HKFE,2019-07-29 00:00:00,28388.0,28427.0,27936.0,28137.0,69813.0,1960693168.0,0.0
MHImain,HKFE,2019-07-30 00:00:00,28137.0,28253.0,28064.0,28203.0,13414.0,376478745.0,0.0
MHImain,HKFE,2019-07-31 00:00:00,28118.0,28126.0,27630.0,27757.0,76986.0,2137770304.0,0.0
MHImain,HKFE,2019-08-01 00:00:00,27520.0,27689.0,27401.0,27448.0,67121.0,1843152938.0,0.0
MHImain,HKFE,2019-08-02 00:00:00,27446.0,27659.0,26674.0,26811.0,99034.0,2669735150.0,0.0
MHImain,HKFE,2019-08-05 00:00:00,26802.0,26880.0,25999.0,26029.0,131499.0,3464982080.0,0.0
MHImain,HKFE,2019-08-06 00:00:00,26023.0,26118.0,25230.0,25986.0,158932.0,4077306155.0,0.0
MHImain,HKFE,2019-08-07 00:00:00,26025.0,26083.0,25633.0,25944.0,110903.0,2861317142.0,0.0
MHImain,HKFE,2019-08-08 00:00:00,25943.0,26246.0,25595.0,26026.0,115907.0,3005243671.0,0.0
MHImain,HKFE,2019-08-09 00:00:00,26044.0,26206.0,25820.0,25880.0,85599.0,2224820060.0,0.0
MHImain,HKFE,2019-08-12 00:00:00,25880.0,26010.0,25552.0,25558.0,101833.0,2625656261.0,0.0
MHImain,HKFE,2019-08-13 00:00:00,25550.0,25560.0,25163.0,25198.0,119257.0,3014247288.0,0.0
MHImain,HKFE,2019-08-14 00:00:00,25196.0,25905.0,25052.0,25210.0,136641.0,3468055003.0,0.0
MHImain,HKFE,2019-08-15 00:00:00,25178.0,25475.0,24791.0,25428.0,141748.0,3556344671.0,0.0
MHImain,HKFE,2019-08-16 00:00:00,25423.0,25733.0,25104.0,25645.0,139837.0,3552271577.0,0.0
MHImain,HKFE,2019-08-19 00:00:00,25655.0,26280.0,25535.0,26189.0,96393.0,2499551054.0,0.0
MHImain,HKFE,2019-08-20 00:00:00,26189.0,26380.0,26052.0,26215.0,94501.0,2473292749.0,0.0
MHImain,HKFE,2019-08-21 00:00:00,26213.0,26271.0,26014.0,26231.0,86206.0,2251863875.0,0.0
MHImain,HKFE,2019-08-22 00:00:00,26238.0,26305.0,25903.0,25954.0,91739.0,2389975556.0,0.0
MHImain,HKFE,2019-08-23 00:00:00,25950.0,26187.0,25815.0,26110.0,82940.0,2155825029.0,0.0
MHImain,HKFE,2019-08-26 00:00:00,26116.0,26122.0,25155.0,25659.0,147962.0,3773208071.0,0.0
MHImain,HKFE,2019-08-27 00:00:00,25686.0,25877.0,25532.0,25649.0,95868.0,2458296854.0,0.0
MHImain,HKFE,2019-08-28 00:00:00,25667.0,25863.0,25557.0,25625.0,73254.0,1880536038.0,0.0
MHImain,HKFE,2019-08-29 00:00:00,25615.0,25682.0,25380.0,25539.0,24303.0,620347142.0,0.0
MHImain,HKFE,2019-08-30 00:00:00,25653.0,25935.0,25412.0,25608.0,108383.0,2785019656.0,0.0
MHImain,HKFE,2019-09-02 00:00:00,25611.0,25709.0,25389.0,25511.0,84682.0,2157608760.0,0.0
MHImain,HKFE,2019-09-03 00:00:00,25523.0,25662.0,25337.0,25465.0,85570.0,2178849918.0,0.0
MHImain,HKFE,2019-09-04 00:00:00,25471.0,26633.0,25392.0,26476.0,135435.0,3511865485.0,0.0
MHImain,HKFE,2019-09-05 00:00:00,26495.0,26622.0,26222.0,26472.0,39674.0,1042287154.0,0.0
MHImain,HKFE,2019-09-06 00:00:00,26700.0,26775.0,26488.0,26587.0,72896.0,1933417631.0,0.0
MHImain,HKFE,2019-09-09 00:00:00,26585.0,26795.0,26507.0,26645.0,74843.0,1992649554.0,0.0
MHImain,HKFE,2019-09-10 00:00:00,26660.0,26888.0,26600.0,26628.0,68082.0,1815392973.0,0.0
MHImain,HKFE,2019-09-11 00:00:00,26645.0,27158.0,26645.0,27103.0,98410.0,2645239282.0,0.0
MHImain,HKFE,2019-09-12 00:00:00,27080.0,27343.0,26943.0,27076.0,79367.0,2143794030.0,0.0
MHImain,HKFE,2019-09-13 00:00:00,27076.0,27387.0,26980.0,27313.0,70731.0,1918920269.0,0.0
MHImain,HKFE,2019-09-16 00:00:00,27304.0,27394.0,26959.0,27059.0,67753.0,1832807848.0,0.0
MHImain,HKFE,2019-09-17 00:00:00,27050.0,27093.0,26676.0,26746.0,69803.0,1872991835.0,0.0
MHImain,HKFE,2019-09-18 00:00:00,26746.0,26911.0,26704.0,26732.0,62126.0,1663322748.0,0.0
MHImain,HKFE,2019-09-19 00:00:00,26726.0,26831.0,26345.0,26484.0,86999.0,2305696580.0,0.0
MHImain,HKFE,2019-09-20 00:00:00,26490.0,26619.0,26406.0,26424.0,71068.0,1881995875.0,0.0
MHImain,HKFE,2019-09-23 00:00:00,26438.0,26526.0,26120.0,26129.0,81917.0,2152688819.0,0.0
MHImain,HKFE,2019-09-24 00:00:00,26121.0,26430.0,26121.0,26295.0,73809.0,1938925886.0,0.0
MHImain,HKFE,2019-09-25 00:00:00,26298.0,26318.0,25901.0,25905.0,89965.0,2342889040.0,0.0
MHImain,HKFE,2019-09-26 00:00:00,25901.0,26107.0,25857.0,26025.0,63256.0,1641771234.0,0.0
MHImain,HKFE,2019-09-27 00:00:00,26033.0,26073.0,25815.0,25948.0,18081.0,467942461.0,0.0
MHImain,HKFE,2019-09-30 00:00:00,25985.0,26158.0,25653.0,26046.0,90823.0,2349531914.0,0.0
MHImain,HKFE,2019-10-02 00:00:00,26058.0,26088.0,25752.0,25950.0,67720.0,1752730827.0,0.0
MHImain,HKFE,2019-10-03 00:00:00,25950.0,26219.0,25675.0,26144.0,89974.0,2328527488.0,0.0
MHImain,HKFE,2019-10-04 00:00:00,26149.0,26175.0,25566.0,25783.0,108039.0,2798431340.0,0.0
MHImain,HKFE,2019-10-08 00:00:00,25758.0,26202.0,25624.0,25872.0,106306.0,2750373483.0,0.0
MHImain,HKFE,2019-10-09 00:00:00,25875.0,25882.0,25621.0,25651.0,93079.0,2392906253.0,0.0
MHImain,HKFE,2019-10-10 00:00:00,25677.0,25843.0,25508.0,25805.0,92826.0,2381251897.0,0.0
MHImain,HKFE,2019-10-11 00:00:00,25810.0,26445.0,25751.0,26404.0,95556.0,2494721899.0,0.0
MHImain,HKFE,2019-10-14 00:00:00,26410.0,26676.0,26374.0,26526.0,89928.0,2382883330.0,0.0
MHImain,HKFE,2019-10-15 00:00:00,26519.0,26635.0,26380.0,26484.0,72782.0,1927429875.0,0.0
MHImain,HKFE,2019-10-16 00:00:00,26481.0,26739.0,26382.0,26640.0,98634.0,2616479067.0,0.0
MHImain,HKFE,2019-10-17 00:00:00,26620.0,26987.0,26597.0,26878.0,78187.0,2095836462.0,0.0
MHImain,HKFE,2019-10-18 00:00:00,26872.0,27016.0,26657.0,26672.0,91028.0,2441655112.0,0.0
MHImain,HKFE,2019-10-21 00:00:00,26675.0,26843.0,26604.0,26694.0,69613.0,1859593714.0,0.0
MHImain,HKFE,2019-10-22 00:00:00,26692.0,26896.0,26651.0,26778.0,68156.0,1823138609.0,0.0
MHImain,HKFE,2019-10-23 00:00:00,26779.0,26871.0,26456.0,26532.0,80135.0,2130779699.0,0.0
MHImain,HKFE,2019-10-24 00:00:00,26539.0,26836.0,26481.0,26760.0,78514.0,2092087408.0,0.0
MHImain,HKFE,2019-10-25 00:00:00,26750.0,26818.0,26594.0,26689.0,68366.0,1824554854.0,0.0
MHImain,HKFE,2019-10-28 00:00:00,26689.0,27041.0,26671.0,26910.0,70884.0,1903964238.0,0.0
MHImain,HKFE,2019-10-29 00:00:00,26913.0,27078.0,26717.0,26728.0,58063.0,1558958539.0,0.0
MHImain,HKFE,2019-10-30 00:00:00,26734.0,26805.0,26615.0,26673.0,14062.0,375182115.0,0.0
MHImain,HKFE,2019-10-31 00:00:00,26636.0,27042.0,26564.0,26980.0,74781.0,2006062414.0,0.0
MHImain,HKFE,2019-11-01 00:00:00,26970.0,27151.0,26677.0,27142.0,85364.0,2295947952.0,0.0
MHImain,HKFE,2019-11-04 00:00:00,27128.0,27608.0,27118.0,27600.0,69629.0,1905959337.0,0.0
MHImain,HKFE,2019-11-05 00:00:00,27609.0,27762.0,27457.0,27672.0,75118.0,2071509726.0,0.0
MHImain,HKFE,2019-11-06 00:00:00,27686.0,27796.0,27541.0,27736.0,72461.0,2002866363.0,0.0
MHImain,HKFE,2019-11-07 00:00:00,27731.0,27948.0,27541.0,27814.0,85893.0,2376590382.0,0.0
MHImain,HKFE,2019-11-08 00:00:00,27831.0,27938.0,27592.0,27679.0,70286.0,1948017501.0,0.0
MHImain,HKFE,2019-11-11 00:00:00,27645.0,27721.0,26808.0,27002.0,92388.0,2503046889.0,0.0
MHImain,HKFE,2019-11-12 00:00:00,27005.0,27208.0,26776.0,26982.0,91595.0,2470788295.0,0.0
MHImain,HKFE,2019-11-13 00:00:00,26982.0,27006.0,26445.0,26494.0,90134.0,2398013773.0,0.0
MHImain,HKFE,2019-11-14 00:00:00,26487.0,26624.0,26178.0,26321.0,107825.0,2845321609.0,0.0
MHImain,HKFE,2019-11-15 00:00:00,26320.0,26617.0,26273.0,26283.0,76254.0,2008250226.0,0.0
MHImain,HKFE,2019-11-18 00:00:00,26284.0,26704.0,26225.0,26680.0,85380.0,2265300167.0,0.0
MHImain,HKFE,2019-11-19 00:00:00,26679.0,27106.0,26501.0,27072.0,91995.0,2469153888.0,0.0
MHImain,HKFE,2019-11-20 00:00:00,27080.0,27123.0,26777.0,26813.0,78813.0,2120102519.0,0.0
MHImain,HKFE,2019-11-21 00:00:00,26802.0,26867.0,26267.0,26439.0,89019.0,2357999440.0,0.0
MHImain,HKFE,2019-11-22 00:00:00,26438.0,26675.0,26438.0,26622.0,71919.0,1910065662.0,0.0
MHImain,HKFE,2019-11-25 00:00:00,26620.0,27140.0,26553.0,27030.0,74736.0,2013443417.0,0.0
MHImain,HKFE,2019-11-26 00:00:00,27002.0,27267.0,26923.0,26974.0,84539.0,2287294310.0,0.0
MHImain,HKFE,2019-11-27 00:00:00,26945.0,27019.0,26876.0,26954.0,49654.0,1338217499.0,0.0
MHImain,HKFE,2019-11-28 00:00:00,27028.0,27088.0,26791.0,26880.0,55036.0,1482998051.0,0.0
MHImain,HKFE,2019-11-29 00:00:00,26883.0,26917.0,26324.0,26344.0,78420.0,2077928476.0,0.0
MHImain,HKFE,2019-12-02 00:00:00,26374.0,26575.0,26338.0,26490.0,58525.0,1549121687.0,0.0
MHImain,HKFE,2019-12-03 00:00:00,26492.0,26500.0,26063.0,26385.0,84344.0,2220093422.0,0.0
MHImain,HKFE,2019-12-04 00:00:00,26412.0,26413.0,25949.0,26080.0,89340.0,2332397965.0,0.0
MHImain,HKFE,2019-12-05 00:00:00,26085.0,26326.0,26085.0,26241.0,68847.0,1805391122.0,0.0
MHImain,HKFE,2019-12-06 00:00:00,26246.0,26555.0,26195.0,26520.0,67472.0,1782494050.0,0.0
MHImain,HKFE,2019-12-09 00:00:00,26523.0,26664.0,26426.0,26512.0,66920.0,1775903397.0,0.0
MHImain,HKFE,2019-12-10 00:00:00,26510.0,26573.0,26292.0,26423.0,55375.0,1465773920.0,0.0
MHImain,HKFE,2019-12-11 00:00:00,26409.0,26689.0,26257.0,26653.0,72708.0,1926563417.0,0.0
MHImain,HKFE,2019-12-12 00:00:00,26641.0,27095.0,26590.0,27007.0,62643.0,1688499945.0,0.0
MHImain,HKFE,2019-12-13 00:00:00,27008.0,27745.0,26916.0,27706.0,91859.0,2521426639.0,0.0
MHImain,HKFE,2019-12-16 00:00:00,27705.0,27889.0,27447.0,27585.0,107574.0,2973327303.0,0.0
MHImain,HKFE,2019-12-17 00:00:00,27575.0,27922.0,27562.0,27823.0,83908.0,2327959187.0,0.0
MHImain,HKFE,2019-12-18 00:00:00,27819.0,28031.0,27766.0,27913.0,77399.0,2158031858.0,0.0
MHImain,HKFE,2019-12-19 00:00:00,27912.0,27975.0,27692.0,27809.0,61475.0,1710859653.0,0.0
MHImain,HKFE,2019-12-20 00:00:00,27805.0,28014.0,27752.0,27935.0,71844.0,2003009809.0,0.0
MHImain,HKFE,2019-12-23 00:00:00,27935.0,28084.0,27846.0,27860.0,60064.0,1677778402.0,0.0
MHImain,HKFE,2019-12-24 00:00:00,27862.0,27921.0,27798.0,27868.0,34037.0,948248318.0,0.0
MHImain,HKFE,2019-12-27 00:00:00,28020.0,28258.0,28000.0,28220.0,38061.0,1072517007.0,0.0
MHImain,HKFE,2019-12-30 00:00:00,28325.0,28535.0,28270.0,28420.0,49829.0,1415497972.0,0.0
MHImain,HKFE,2019-12-31 00:00:00,28415.0,28465.0,28198.0,28276.0,41380.0,1171879302.0,0.0
MHImain,HKFE,2020-01-02 00:00:00,28360.0,28629.0,28210.0,28600.0,58082.0,1654980165.0,0.0
MHImain,HKFE,2020-01-03 00:00:00,28612.0,28946.0,28426.0,28435.0,85654.0,2454905806.0,0.0
MHImain,HKFE,2020-01-06 00:00:00,28430.0,28534.0,28075.0,28194.0,91398.0,2587840163.0,0.0
MHImain,HKFE,2020-01-07 00:00:00,28190.0,28530.0,28106.0,28378.0,77554.0,2201013556.0,0.0
MHImain,HKFE,2020-01-08 00:00:00,28355.0,28394.0,27860.0,28056.0,94997.0,2669210306.0,0.0
MHImain,HKFE,2020-01-09 00:00:00,28068.0,28633.0,28068.0,28624.0,80477.0,2286476489.0,0.0
MHImain,HKFE,2020-01-10 00:00:00,28625.0,28725.0,28511.0,28662.0,65545.0,1875545623.0,0.0
MHImain,HKFE,2020-01-13 00:00:00,28662.0,29039.0,28646.0,28959.0,76750.0,2214117919.0,0.0
MHImain,HKFE,2020-01-14 00:00:00,28960.0,29227.0,28797.0,28800.0,72606.0,2105990433.0,0.0
MHImain,HKFE,2020-01-15 00:00:00,28805.0,29030.0,28660.0,28755.0,80050.0,2307882424.0,0.0
MHImain,HKFE,2020-01-16 00:00:00,28746.0,29041.0,28735.0,28893.0,75724.0,2185567536.0,0.0
MHImain,HKFE,2020-01-17 00:00:00,28899.0,29162.0,28807.0,29066.0,79415.0,2299254965.0,0.0
MHImain,HKFE,2020-01-20 00:00:00,29080.0,29210.0,28685.0,28694.0,79644.0,2309210924.0,0.0
MHImain,HKFE,2020-01-21 00:00:00,28683.0,28753.0,27842.0,27909.0,107434.0,3033926294.0,0.0
MHImain,HKFE,2020-01-22 00:00:00,27919.0,28377.0,27912.0,28318.0,100376.0,2825727213.0,0.0
MHImain,HKFE,2020-01-23 00:00:00,28308.0,28333.0,27703.0,27815.0,111557.0,3118987633.0,0.0
MHImain,HKFE,2020-01-24 00:00:00,27813.0,27965.0,27555.0,27925.0,55819.0,1550986478.0,0.0
MHImain,HKFE,2020-01-29 00:00:00,27010.0,27339.0,27000.0,27123.0,52310.0,1422975326.0,0.0
MHImain,HKFE,2020-01-30 00:00:00,27063.0,27109.0,26260.0,26355.0,94916.0,2531724233.0,0.0
MHImain,HKFE,2020-01-31 00:00:00,26380.0,26760.0,26230.0,26233.0,110081.0,2911650572.0,0.0
MHImain,HKFE,2020-02-03 00:00:00,26230.0,26460.0,25880.0,26202.0,134188.0,3518106955.0,0.0
MHImain,HKFE,2020-02-04 00:00:00,26248.0,26776.0,26206.0,26771.0,115658.0,3063464466.0,0.0
MHImain,HKFE,2020-02-05 00:00:00,26775.0,26937.0,26526.0,26734.0,119222.0,3184492281.0,0.0
MHImain,HKFE,2020-02-06 00:00:00,26742.0,27568.0,26742.0,27384.0,146212.0,3973341959.0,0.0
MHImain,HKFE,2020-02-07 00:00:00,27395.0,27413.0,27128.0,27272.0,103090.0,2808662041.0,0.0
MHImain,HKFE,2020-02-10 00:00:00,27270.0,27288.0,26904.0,27095.0,104899.0,2843448911.0,0.0
MHImain,HKFE,2020-02-11 00:00:00,27100.0,27621.0,27042.0,27565.0,85417.0,2342496419.0,0.0
MHImain,HKFE,2020-02-12 00:00:00,27520.0,27820.0,27497.0,27770.0,87271.0,2414393409.0,0.0
MHImain,HKFE,2020-02-13 00:00:00,27782.0,27899.0,27590.0,27666.0,83373.0,2311538689.0,0.0
MHImain,HKFE,2020-02-14 00:00:00,27660.0,27909.0,27490.0,27747.0,85039.0,2357468621.0,0.0
MHImain,HKFE,2020-02-17 00:00:00,27771.0,28011.0,27578.0,27852.0,73829.0,2056630269.0,0.0
MHImain,HKFE,2020-02-18 00:00:00,27838.0,27898.0,27424.0,27426.0,79104.0,2181390993.0,0.0
MHImain,HKFE,2020-02-19 00:00:00,27423.0,27646.0,27340.0,27569.0,78408.0,2158055450.0,0.0
MHImain,HKFE,2020-02-20 00:00:00,27577.0,27748.0,27261.0,27425.0,98289.0,2700645246.0,0.0
MHImain,HKFE,2020-02-21 00:00:00,27454.0,27465.0,27154.0,27209.0,96059.0,2620683035.0,0.0
MHImain,HKFE,2020-02-24 00:00:00,27213.0,27334.0,26664.0,26667.0,118481.0,3187503989.0,0.0
MHImain,HKFE,2020-02-25 00:00:00,26663.0,26826.0,26310.0,26764.0,115961.0,3088591729.0,0.0
MHImain,HKFE,2020-02-26 00:00:00,26750.0,26750.0,26297.0,26585.0,107671.0,2858612988.0,0.0
MHImain,HKFE,2020-02-27 00:00:00,26563.0,26845.0,26226.0,26678.0,112139.0,2976200658.0,0.0
MHImain,HKFE,2020-02-28 00:00:00,26687.0,26834.0,25923.0,26178.0,195996.0,5141280799.0,0.0
MHImain,HKFE,2020-03-02 00:00:00,26196.0,26358.0,25581.0,26278.0,173327.0,4521912212.0,0.0
MHImain,HKFE,2020-03-03 00:00:00,26271.0,26530.0,25828.0,26308.0,146537.0,3845645137.0,0.0
MHImain,HKFE,2020-03-04 00:00:00,26331.0,26613.0,25971.0,26150.0,143778.0,3773166958.0,0.0
MHImain,HKFE,2020-03-05 00:00:00,26163.0,26768.0,26163.0,26699.0,129434.0,3422859510.0,0.0
MHImain,HKFE,2020-03-06 00:00:00,26686.0,26686.0,26006.0,26013.0,125564.0,3299691667.0,0.0
MHImain,HKFE,2020-03-09 00:00:00,26020.0,26048.0,24813.0,24845.0,186559.0,4713814960.0,0.0
MHImain,HKFE,2020-03-10 00:00:00,24880.0,25563.0,24361.0,25438.0,185275.0,4647382994.0,0.0
MHImain,HKFE,2020-03-11 00:00:00,25449.0,25743.0,25085.0,25135.0,175159.0,4441972298.0,0.0
MHImain,HKFE,2020-03-12 00:00:00,25156.0,25314.0,24001.0,24074.0,174045.0,4268527255.0,0.0
MHImain,HKFE,2020-03-13 00:00:00,24071.0,24173.0,22116.0,23887.0,245584.0,5709378144.0,0.0
MHImain,HKFE,2020-03-16 00:00:00,23846.0,24750.0,22664.0,22717.0,198095.0,4658926497.0,0.0
MHImain,HKFE,2020-03-17 00:00:00,22710.0,23390.0,21582.0,23020.0,244219.0,5539359235.0,0.0
MHImain,HKFE,2020-03-18 00:00:00,22997.0,23417.0,22000.0,22005.0,249844.0,5685784700.0,0.0
MHImain,HKFE,2020-03-19 00:00:00,22039.0,22367.0,20966.0,21837.0,289194.0,6285757842.0,0.0
MHImain,HKFE,2020-03-20 00:00:00,21900.0,23106.0,21494.0,23079.0,235042.0,5210940996.0,0.0
MHImain,HKFE,2020-03-23 00:00:00,23103.0,23176.0,21300.0,21485.0,221787.0,4921729093.0,0.0
MHImain,HKFE,2020-03-24 00:00:00,21500.0,22789.0,21500.0,22733.0,248082.0,5520524388.0,0.0
MHImain,HKFE,2020-03-25 00:00:00,22750.0,23638.0,22750.0,23612.0,184625.0,4280645054.0,0.0
MHImain,HKFE,2020-03-26 00:00:00,23640.0,23879.0,23096.0,23180.0,205606.0,4805277739.0,0.0
MHImain,HKFE,2020-03-27 00:00:00,23156.0,24042.0,23130.0,23497.0,157451.0,3708296795.0,0.0
MHImain,HKFE,2020-03-30 00:00:00,23468.0,23518.0,22765.0,23012.0,110113.0,2549245061.0,0.0
MHImain,HKFE,2020-03-31 00:00:00,23050.0,23750.0,22914.0,23713.0,151708.0,3545554061.0,0.0
MHImain,HKFE,2020-04-01 00:00:00,23700.0,23730.0,22888.0,22936.0,172485.0,4024652064.0,0.0
MHImain,HKFE,2020-04-02 00:00:00,22950.0,23282.0,22560.0,23268.0,139888.0,3213173241.0,0.0
MHImain,HKFE,2020-04-03 00:00:00,23282.0,23283.0,22906.0,23186.0,133171.0,3077481176.0,0.0
MHImain,HKFE,2020-04-06 00:00:00,23184.0,23865.0,22973.0,23735.0,135709.0,3180878139.0,0.0
MHImain,HKFE,2020-04-07 00:00:00,23748.0,24438.0,23685.0,24417.0,126277.0,3026695906.0,0.0
MHImain,HKFE,2020-04-08 00:00:00,24399.0,24605.0,23770.0,23773.0,137624.0,3322958913.0,0.0
MHImain,HKFE,2020-04-09 00:00:00,23774.0,24342.0,23760.0,24210.0,109595.0,2640689043.0,0.0
MHImain,HKFE,2020-04-14 00:00:00,24191.0,24597.0,23958.0,24402.0,116470.0,2835214482.0,0.0
MHImain,HKFE,2020-04-15 00:00:00,24410.0,24611.0,24024.0,24050.0,96307.0,2347218636.0,0.0
MHImain,HKFE,2020-04-16 00:00:00,24035.0,24124.0,23793.0,23948.0,107775.0,2581706642.0,0.0
MHImain,HKFE,2020-04-17 00:00:00,23942.0,24686.0,23828.0,24358.0,116606.0,2838230506.0,0.0
MHImain,HKFE,2020-04-20 00:00:00,24350.0,24474.0,24175.0,24288.0,100043.0,2435223878.0,0.0
MHImain,HKFE,2020-04-21 00:00:00,24301.0,24341.0,23630.0,23734.0,118356.0,2832822360.0,0.0
MHImain,HKFE,2020-04-22 00:00:00,23702.0,23928.0,23418.0,23875.0,117879.0,2785711711.0,0.0
MHImain,HKFE,2020-04-23 00:00:00,23880.0,24096.0,23759.0,23998.0,95628.0,2289655274.0,0.0
MHImain,HKFE,2020-04-24 00:00:00,23998.0,24238.0,23677.0,23831.0,95782.0,2290238841.0,0.0
MHImain,HKFE,2020-04-27 00:00:00,23840.0,24333.0,23840.0,24272.0,70628.0,1705020173.0,0.0
MHImain,HKFE,2020-04-28 00:00:00,24218.0,24578.0,24053.0,24572.0,69358.0,1684967792.0,0.0
MHImain,HKFE,2020-04-29 00:00:00,24580.0,24778.0,24441.0,24501.0,91225.0,2243888221.0,0.0
MHImain,HKFE,2020-05-04 00:00:00,24505.0,24758.0,23305.0,23370.0,94039.0,2240997441.0,0.0
MHImain,HKFE,2020-05-05 00:00:00,23340.0,23800.0,23242.0,23755.0,81649.0,1924552891.0,0.0
MHImain,HKFE,2020-05-06 00:00:00,23745.0,24133.0,23611.0,24057.0,87024.0,2078852501.0,0.0
MHImain,HKFE,2020-05-07 00:00:00,24072.0,24079.0,23770.0,23856.0,83283.0,1989534399.0,0.0
MHImain,HKFE,2020-05-08 00:00:00,23847.0,24196.0,23792.0,24112.0,78936.0,1897448602.0,0.0
MHImain,HKFE,2020-05-11 00:00:00,24129.0,24700.0,24104.0,24476.0,75078.0,1836715887.0,0.0
MHImain,HKFE,2020-05-12 00:00:00,24470.0,24470.0,24001.0,24144.0,92456.0,2234595281.0,0.0
MHImain,HKFE,2020-05-13 00:00:00,24137.0,24353.0,23877.0,24070.0,93589.0,2258172799.0,0.0
MHImain,HKFE,2020-05-14 00:00:00,24079.0,24303.0,23639.0,23684.0,115383.0,2755741419.0,0.0
MHImain,HKFE,2020-05-15 00:00:00,23684.0,23913.0,23421.0,23678.0,123822.0,2930940639.0,0.0
MHImain,HKFE,2020-05-18 00:00:00,23684.0,23935.0,23388.0,23922.0,101440.0,2401736102.0,0.0
MHImain,HKFE,2020-05-19 00:00:00,23924.0,24550.0,23844.0,24339.0,107169.0,2606569614.0,0.0
MHImain,HKFE,2020-05-20 00:00:00,24322.0,24484.0,24259.0,24436.0,80826.0,1967907314.0,0.0
MHImain,HKFE,2020-05-21 00:00:00,24442.0,24636.0,24114.0,24134.0,107134.0,2608225305.0,0.0
MHImain,HKFE,2020-05-22 00:00:00,24124.0,24146.0,22698.0,22709.0,182050.0,4247551033.0,0.0
MHImain,HKFE,2020-05-25 00:00:00,22725.0,23029.0,22498.0,22884.0,131403.0,2992749508.0,0.0
MHImain,HKFE,2020-05-26 00:00:00,23168.0,23478.0,23154.0,23355.0,72586.0,1694226617.0,0.0
MHImain,HKFE,2020-05-27 00:00:00,23363.0,23509.0,23103.0,23197.0,94753.0,2206493550.0,0.0
MHImain,HKFE,2020-05-28 00:00:00,23018.0,23237.0,22534.0,22890.0,146439.0,3355987474.0,0.0
MHImain,HKFE,2020-05-29 00:00:00,22900.0,23078.0,22388.0,22766.0,139935.0,3187492374.0,0.0
MHImain,HKFE,2020-06-01 00:00:00,22757.0,23660.0,22614.0,23419.0,131781.0,3067404102.0,0.0
MHImain,HKFE,2020-06-02 00:00:00,23448.0,23960.0,23322.0,23936.0,111834.0,2644924472.0,0.0
MHImain,HKFE,2020-06-03 00:00:00,23938.0,24357.0,23926.0,24237.0,107347.0,2592636294.0,0.0
MHImain,HKFE,2020-06-04 00:00:00,24254.0,24618.0,24117.0,24291.0,118868.0,2891426613.0,0.0
MHImain,HKFE,2020-06-05 00:00:00,24295.0,24781.0,24143.0,24702.0,118176.0,2879704907.0,0.0
MHImain,HKFE,2020-06-08 00:00:00,24695.0,25074.0,24598.0,24736.0,121984.0,3027237538.0,0.0
MHImain,HKFE,2020-06-09 00:00:00,24744.0,25183.0,24682.0,24847.0,102377.0,2553982663.0,0.0
MHImain,HKFE,2020-06-10 00:00:00,24847.0,25254.0,24720.0,25014.0,113416.0,2835328269.0,0.0
MHImain,HKFE,2020-06-11 00:00:00,25000.0,25080.0,24328.0,24361.0,130547.0,3232364476.0,0.0
MHImain,HKFE,2020-06-12 00:00:00,24365.0,24488.0,23785.0,24216.0,146777.0,3538646302.0,0.0
MHImain,HKFE,2020-06-15 00:00:00,24220.0,24384.0,23556.0,23703.0,162964.0,3905549784.0,0.0
MHImain,HKFE,2020-06-16 00:00:00,23706.0,24474.0,23675.0,24357.0,139116.0,3361814529.0,0.0
MHImain,HKFE,2020-06-17 00:00:00,24360.0,24633.0,24076.0,24400.0,140043.0,3405167499.0,0.0
MHImain,HKFE,2020-06-18 00:00:00,24391.0,24439.0,24016.0,24348.0,127851.0,3101102050.0,0.0
MHImain,HKFE,2020-06-19 00:00:00,24398.0,24732.0,24208.0,24615.0,122230.0,2985642108.0,0.0
MHImain,HKFE,2020-06-22 00:00:00,24622.0,24707.0,24298.0,24453.0,110016.0,2696655357.0,0.0
MHImain,HKFE,2020-06-23 00:00:00,24494.0,24979.0,24138.0,24950.0,141314.0,3471121461.0,0.0
MHImain,HKFE,2020-06-24 00:00:00,24926.0,25128.0,24649.0,24710.0,92190.0,2297672502.0,0.0
MHImain,HKFE,2020-06-26 00:00:00,24670.0,24757.0,24376.0,24502.0,79061.0,1944741262.0,0.0
MHImain,HKFE,2020-06-29 00:00:00,24382.0,24497.0,23914.0,24049.0,86318.0,2086162004.0,0.0
MHImain,HKFE,2020-06-30 00:00:00,24056.0,24406.0,24056.0,24244.0,97374.0,2360374723.0,0.0
MHImain,HKFE,2020-07-02 00:00:00,24235.0,25154.0,24128.0,25140.0,111547.0,2752813798.0,0.0
MHImain,HKFE,2020-07-03 00:00:00,25135.0,25418.0,24989.0,25298.0,105388.0,2658323981.0,0.0
MHImain,HKFE,2020-07-06 00:00:00,25318.0,26443.0,25166.0,26321.0,118246.0,3069901001.0,0.0
MHImain,HKFE,2020-07-07 00:00:00,26300.0,26791.0,25931.0,25970.0,136502.0,3596134100.0,0.0
MHImain,HKFE,2020-07-08 00:00:00,25958.0,26328.0,25874.0,26064.0,124853.0,3257384623.0,0.0
MHImain,HKFE,2020-07-09 00:00:00,26052.0,26389.0,25957.0,26247.0,121875.0,3192380749.0,0.0
MHImain,HKFE,2020-07-10 00:00:00,26231.0,26314.0,25549.0,25688.0,133140.0,3448563131.0,0.0
MHImain,HKFE,2020-07-13 00:00:00,25678.0,26110.0,25613.0,25750.0,113216.0,2928198461.0,0.0
MHImain,HKFE,2020-07-14 00:00:00,25760.0,26030.0,25254.0,25530.0,140038.0,3573461112.0,0.0
MHImain,HKFE,2020-07-15 00:00:00,25522.0,25898.0,25306.0,25485.0,137712.0,3518574789.0,0.0
MHImain,HKFE,2020-07-16 00:00:00,25472.0,25666.0,24886.0,24920.0,147595.0,3731464426.0,0.0
MHImain,HKFE,2020-07-17 00:00:00,24911.0,25258.0,24844.0,25160.0,116830.0,2933441817.0,0.0
MHImain,HKFE,2020-07-20 00:00:00,25169.0,25274.0,24722.0,25028.0,119645.0,2995443830.0,0.0
MHImain,HKFE,2020-07-21 00:00:00,25045.0,25636.0,25045.0,25618.0,104494.0,2656556248.0,0.0
MHImain,HKFE,2020-07-22 00:00:00,25611.0,25788.0,24992.0,25099.0,126222.0,3219709935.0,0.0
MHImain,HKFE,2020-07-23 00:00:00,25099.0,25325.0,24963.0,25248.0,130182.0,3274735712.0,0.0
MHImain,HKFE,2020-07-24 00:00:00,25228.0,25235.0,24574.0,24688.0,140697.0,3499076656.0,0.0
MHImain,HKFE,2020-07-27 00:00:00,24700.0,24972.0,24539.0,24638.0,109975.0,2721553147.0,0.0
MHImain,HKFE,2020-07-28 00:00:00,24633.0,24988.0,24623.0,24755.0,81844.0,2027269339.0,0.0
MHImain,HKFE,2020-07-29 00:00:00,24776.0,24908.0,24657.0,24879.0,69740.0,1728215309.0,0.0
MHImain,HKFE,2020-07-30 00:00:00,24847.0,25188.0,24536.0,24635.0,100506.0,2501549708.0,0.0
MHImain,HKFE,2020-07-31 00:00:00,24627.0,24928.0,24371.0,24560.0,129156.0,3184969157.0,0.0
MHImain,HKFE,2020-08-03 00:00:00,24579.0,24605.0,24184.0,24388.0,119519.0,2915095151.0,0.0
MHImain,HKFE,2020-08-04 00:00:00,24377.0,25069.0,24334.0,24930.0,123587.0,3053017305.0,0.0
MHImain,HKFE,2020-08-05 00:00:00,24929.0,25168.0,24800.0,25048.0,107041.0,2673987074.0,0.0
MHImain,HKFE,2020-08-06 00:00:00,25080.0,25230.0,24592.0,24815.0,133187.0,3312179154.0,0.0
MHImain,HKFE,2020-08-07 00:00:00,24830.0,24925.0,24150.0,24400.0,146907.0,3608525097.0,0.0
MHImain,HKFE,2020-08-10 00:00:00,24381.0,24506.0,24201.0,24409.0,111519.0,2717884705.0,0.0
MHImain,HKFE,2020-08-11 00:00:00,24427.0,25030.0,24348.0,24892.0,109776.0,2721349822.0,0.0
MHImain,HKFE,2020-08-12 00:00:00,24906.0,25299.0,24653.0,25238.0,121803.0,3032784993.0,0.0
MHImain,HKFE,2020-08-13 00:00:00,25265.0,25458.0,25094.0,25137.0,107549.0,2716196303.0,0.0
MHImain,HKFE,2020-08-14 00:00:00,25148.0,25358.0,25028.0,25086.0,92978.0,2341560264.0,0.0
MHImain,HKFE,2020-08-17 00:00:00,25068.0,25575.0,25013.0,25285.0,102828.0,2606220588.0,0.0
MHImain,HKFE,2020-08-18 00:00:00,25300.0,25441.0,25212.0,25338.0,89488.0,2267320614.0,0.0
MHImain,HKFE,2020-08-19 00:00:00,25345.0,25394.0,25040.0,25139.0,55466.0,1396749302.0,0.0
MHImain,HKFE,2020-08-20 00:00:00,25130.0,25208.0,24544.0,24674.0,114721.0,2839752024.0,0.0
MHImain,HKFE,2020-08-21 00:00:00,24683.0,25185.0,24620.0,25066.0,99397.0,2480394115.0,0.0
MHImain,HKFE,2020-08-24 00:00:00,25096.0,25550.0,24936.0,25497.0,84625.0,2146007905.0,0.0
MHImain,HKFE,2020-08-25 00:00:00,25506.0,25619.0,25327.0,25462.0,85042.0,2167306976.0,0.0
MHImain,HKFE,2020-08-26 00:00:00,25450.0,25602.0,25307.0,25440.0,77484.0,1972708035.0,0.0
MHImain,HKFE,2020-08-27 00:00:00,25450.0,25525.0,25164.0,25220.0,64588.0,1634243118.0,0.0
MHImain,HKFE,2020-08-28 00:00:00,25130.0,25705.0,25013.0,25361.0,97757.0,2481383453.0,0.0
MHImain,HKFE,2020-08-31 00:00:00,25380.0,25789.0,24975.0,25067.0,106761.0,2720319157.0,0.0
MHImain,HKFE,2020-09-01 00:00:00,25076.0,25202.0,24850.0,25067.0,91886.0,2304219288.0,0.0
MHImain,HKFE,2020-09-02 00:00:00,25090.0,25184.0,24824.0,25054.0,97690.0,2442783836.0,0.0
MHImain,HKFE,2020-09-03 00:00:00,25060.0,25171.0,24777.0,24920.0,111987.0,2796780679.0,0.0
MHImain,HKFE,2020-09-04 00:00:00,24910.0,24927.0,24416.0,24681.0,127246.0,3132245883.0,0.0
MHImain,HKFE,2020-09-07 00:00:00,24691.0,24873.0,24301.0,24523.0,136069.0,3346304060.0,0.0
MHImain,HKFE,2020-09-08 00:00:00,24520.0,24765.0,24282.0,24492.0,118068.0,2900634605.0,0.0
MHImain,HKFE,2020-09-09 00:00:00,24480.0,24480.0,24143.0,24414.0,127259.0,3094378435.0,0.0
MHImain,HKFE,2020-09-10 00:00:00,24412.0,24633.0,24209.0,24236.0,101379.0,2477707499.0,0.0
MHImain,HKFE,2020-09-11 00:00:00,24248.0,24528.0,24151.0,24455.0,99100.0,2413698882.0,0.0
MHImain,HKFE,2020-09-14 00:00:00,24481.0,24724.0,24244.0,24540.0,87648.0,2151148728.0,0.0
MHImain,HKFE,2020-09-15 00:00:00,24535.0,24777.0,24421.0,24750.0,80856.0,1992681910.0,0.0
MHImain,HKFE,2020-09-16 00:00:00,24758.0,24897.0,24600.0,24710.0,78551.0,1943433389.0,0.0
MHImain,HKFE,2020-09-17 00:00:00,24716.0,24733.0,24198.0,24337.0,97972.0,2392502396.0,0.0
MHImain,HKFE,2020-09-18 00:00:00,24337.0,24460.0,24250.0,24451.0,80224.0,1954930148.0,0.0
MHImain,HKFE,2020-09-21 00:00:00,24444.0,24578.0,23861.0,23898.0,111711.0,2704962698.0,0.0
MHImain,HKFE,2020-09-22 00:00:00,23906.0,23920.0,23614.0,23661.0,99225.0,2356644170.0,0.0
MHImain,HKFE,2020-09-23 00:00:00,23676.0,23768.0,23506.0,23700.0,98822.0,2338208637.0,0.0
MHImain,HKFE,2020-09-24 00:00:00,23712.0,23772.0,23163.0,23258.0,103503.0,2421296839.0,0.0
MHImain,HKFE,2020-09-25 00:00:00,23255.0,23475.0,23114.0,23150.0,104398.0,2432673853.0,0.0
MHImain,HKFE,2020-09-28 00:00:00,23159.0,23496.0,22965.0,23432.0,74052.0,1722691869.0,0.0
MHImain,HKFE,2020-09-29 00:00:00,23413.0,23587.0,23197.0,23271.0,75535.0,1765976604.0,0.0
MHImain,HKFE,2020-09-30 00:00:00,23270.0,23777.0,23267.0,23435.0,104931.0,2466153134.0,0.0
MHImain,HKFE,2020-10-05 00:00:00,23431.0,23954.0,23385.0,23758.0,87519.0,2075891576.0,0.0
MHImain,HKFE,2020-10-06 00:00:00,23767.0,23983.0,23749.0,23951.0,67988.0,1624476446.0,0.0
MHImain,HKFE,2020-10-07 00:00:00,23952.0,24264.0,23880.0,24170.0,86424.0,2081487196.0,0.0
MHImain,HKFE,2020-10-08 00:00:00,24170.0,24285.0,23992.0,24104.0,73940.0,1782290743.0,0.0
MHImain,HKFE,2020-10-09 00:00:00,24104.0,24372.0,24016.0,24038.0,78059.0,1885973302.0,0.0
MHImain,HKFE,2020-10-12 00:00:00,24039.0,24712.0,24035.0,24668.0,86315.0,2110363246.0,0.0
MHImain,HKFE,2020-10-13 00:00:00,24669.0,24744.0,24607.0,24706.0,14002.0,345486293.0,0.0
MHImain,HKFE,2020-10-14 00:00:00,24794.0,24800.0,24475.0,24607.0,67496.0,1659554239.0,0.0
MHImain,HKFE,2020-10-15 00:00:00,24606.0,24649.0,24057.0,24082.0,106987.0,2608211529.0,0.0
MHImain,HKFE,2020-10-16 00:00:00,24082.0,24435.0,23982.0,24356.0,87048.0,2112138793.0,0.0
MHImain,HKFE,2020-10-19 00:00:00,24360.0,24765.0,24319.0,24545.0,84086.0,2065029265.0,0.0
MHImain,HKFE,2020-10-20 00:00:00,24547.0,24582.0,24405.0,24512.0,74470.0,1824672741.0,0.0
MHImain,HKFE,2020-10-21 00:00:00,24507.0,24890.0,24467.0,24635.0,91377.0,2258385311.0,0.0
MHImain,HKFE,2020-10-22 00:00:00,24631.0,24868.0,24521.0,24866.0,91922.0,2267994834.0,0.0
MHImain,HKFE,2020-10-23 00:00:00,24865.0,24966.0,24647.0,24917.0,88944.0,2207101999.0,0.0
MHImain,HKFE,2020-10-27 00:00:00,24913.0,24959.0,24568.0,24714.0,85734.0,2121569970.0,0.0
MHImain,HKFE,2020-10-28 00:00:00,24710.0,24837.0,24562.0,24597.0,69483.0,1716229674.0,0.0
MHImain,HKFE,2020-10-29 00:00:00,24575.0,24613.0,24208.0,24494.0,90441.0,2208018437.0,0.0
MHImain,HKFE,2020-10-30 00:00:00,24499.0,24590.0,23948.0,24152.0,114204.0,2775874176.0,0.0
MHImain,HKFE,2020-11-02 00:00:00,24149.0,24428.0,24070.0,24341.0,91507.0,2218426304.0,0.0
MHImain,HKFE,2020-11-03 00:00:00,24370.0,25032.0,24370.0,25030.0,89008.0,2207645703.0,0.0
MHImain,HKFE,2020-11-04 00:00:00,25032.0,25154.0,24625.0,24949.0,146834.0,3653817024.0,0.0
MHImain,HKFE,2020-11-05 00:00:00,24930.0,25814.0,24910.0,25806.0,132748.0,3374626801.0,0.0
MHImain,HKFE,2020-11-06 00:00:00,25803.0,26023.0,25543.0,25719.0,112016.0,2884364827.0,0.0
MHImain,HKFE,2020-11-09 00:00:00,25703.0,26222.0,25580.0,26030.0,100511.0,2611332722.0,0.0
MHImain,HKFE,2020-11-10 00:00:00,26032.0,26870.0,26032.0,26357.0,148035.0,3906431689.0,0.0
MHImain,HKFE,2020-11-11 00:00:00,26356.0,26454.0,26176.0,26263.0,106654.0,2805869247.0,0.0
MHImain,HKFE,2020-11-12 00:00:00,26262.0,26491.0,26072.0,26228.0,91155.0,2393251209.0,0.0
MHImain,HKFE,2020-11-13 00:00:00,26227.0,26365.0,25920.0,26182.0,88596.0,2311804579.0,0.0
MHImain,HKFE,2020-11-16 00:00:00,26181.0,26467.0,26123.0,26375.0,75039.0,1972840883.0,0.0
MHImain,HKFE,2020-11-17 00:00:00,26370.0,26573.0,26331.0,26415.0,72770.0,1923329823.0,0.0
MHImain,HKFE,2020-11-18 00:00:00,26396.0,26643.0,26287.0,26556.0,75812.0,2004890172.0,0.0
MHImain,HKFE,2020-11-19 00:00:00,26544.0,26632.0,26316.0,26353.0,70066.0,1851829433.0,0.0
MHImain,HKFE,2020-11-20 00:00:00,26351.0,26574.0,26226.0,26448.0,69654.0,1839950711.0,0.0
MHImain,HKFE,2020-11-23 00:00:00,26436.0,26709.0,26375.0,26495.0,66343.0,1757029024.0,0.0
MHImain,HKFE,2020-11-24 00:00:00,26497.0,26620.0,26352.0,26617.0,60690.0,1607408762.0,0.0
MHImain,HKFE,2020-11-25 00:00:00,26617.0,27077.0,26539.0,26642.0,92147.0,2469000650.0,0.0
MHImain,HKFE,2020-11-26 00:00:00,26635.0,26824.0,26558.0,26799.0,51886.0,1384463759.0,0.0
MHImain,HKFE,2020-11-27 00:00:00,26780.0,27033.0,26715.0,26925.0,47487.0,1274565222.0,0.0
MHImain,HKFE,2020-11-30 00:00:00,26935.0,26994.0,26304.0,26433.0,78082.0,2083875118.0,0.0
MHImain,HKFE,2020-12-01 00:00:00,26435.0,26659.0,26285.0,26583.0,73179.0,1939536538.0,0.0
MHImain,HKFE,2020-12-02 00:00:00,26598.0,26694.0,26333.0,26536.0,74624.0,1978387066.0,0.0
MHImain,HKFE,2020-12-03 00:00:00,26560.0,26810.0,26495.0,26725.0,69761.0,1859344416.0,0.0
MHImain,HKFE,2020-12-04 00:00:00,26722.0,26900.0,26654.0,26875.0,63586.0,1701393580.0,0.0
MHImain,HKFE,2020-12-07 00:00:00,26864.0,26934.0,26258.0,26429.0,86499.0,2293947615.0,0.0
MHImain,HKFE,2020-12-08 00:00:00,26424.0,26566.0,26280.0,26295.0,68797.0,1816026339.0,0.0
MHImain,HKFE,2020-12-09 00:00:00,26300.0,26698.0,26278.0,26545.0,72336.0,1919493407.0,0.0
MHImain,HKFE,2020-12-10 00:00:00,26548.0,26561.0,26235.0,26414.0,58476.0,1542834733.0,0.0
MHImain,HKFE,2020-12-11 00:00:00,26414.0,26728.0,26320.0,26457.0,79313.0,2104660655.0,0.0
MHImain,HKFE,2020-12-14 00:00:00,26454.0,26574.0,26300.0,26367.0,68002.0,1796993080.0,0.0
MHImain,HKFE,2020-12-15 00:00:00,26371.0,26475.0,26100.0,26243.0,71148.0,1867979656.0,0.0
MHImain,HKFE,2020-12-16 00:00:00,26248.0,26537.0,26248.0,26524.0,62490.0,1649956420.0,0.0
MHImain,HKFE,2020-12-17 00:00:00,26529.0,26711.0,26398.0,26698.0,71005.0,1883535775.0,0.0
MHImain,HKFE,2020-12-18 00:00:00,26690.0,26698.0,26345.0,26497.0,65691.0,1742170113.0,0.0
MHImain,HKFE,2020-12-21 00:00:00,26498.0,26563.0,26264.0,26343.0,67838.0,1791210089.0,0.0
MHImain,HKFE,2020-12-22 00:00:00,26342.0,26380.0,25957.0,26129.0,103780.0,2715004025.0,0.0
MHImain,HKFE,2020-12-23 00:00:00,26134.0,26357.0,26008.0,26328.0,72811.0,1907028502.0,0.0
MHImain,HKFE,2020-12-24 00:00:00,26329.0,26470.0,26245.0,26415.0,42186.0,1112395168.0,0.0
MHImain,HKFE,2020-12-28 00:00:00,26390.0,26545.0,26203.0,26366.0,47057.0,1243352280.0,0.0
MHImain,HKFE,2020-12-29 00:00:00,26366.0,26624.0,26366.0,26594.0,43905.0,1164255051.0,0.0
MHImain,HKFE,2020-12-30 00:00:00,26619.0,27298.0,26608.0,27288.0,62558.0,1685790537.0,0.0
MHImain,HKFE,2020-12-31 00:00:00,27287.0,27396.0,27178.0,27242.0,43970.0,1199226724.0,0.0
MHImain,HKFE,2021-01-04 00:00:00,27219.0,27530.0,27105.0,27489.0,60755.0,1663453936.0,0.0
MHImain,HKFE,2021-01-05 00:00:00,27492.0,27704.0,27108.0,27570.0,92515.0,2537161722.0,0.0
MHImain,HKFE,2021-01-06 00:00:00,27567.0,27775.0,27402.0,27621.0,97649.0,2695308010.0,0.0
MHImain,HKFE,2021-01-07 00:00:00,27624.0,27846.0,27466.0,27548.0,96754.0,2673998918.0,0.0
MHImain,HKFE,2021-01-08 00:00:00,27541.0,27967.0,27411.0,27798.0,96026.0,2663333128.0,0.0
MHImain,HKFE,2021-01-11 00:00:00,27795.0,28187.0,27764.0,27982.0,112875.0,3156638472.0,0.0
MHImain,HKFE,2021-01-12 00:00:00,27974.0,28287.0,27757.0,28256.0,89328.0,2502528901.0,0.0
MHImain,HKFE,2021-01-13 00:00:00,28263.0,28408.0,28172.0,28235.0,80861.0,2287797665.0,0.0
MHImain,HKFE,2021-01-14 00:00:00,28239.0,28505.0,28169.0,28473.0,73728.0,2090581327.0,0.0
MHImain,HKFE,2021-01-15 00:00:00,28477.0,28674.0,28315.0,28592.0,89441.0,2549830357.0,0.0
MHImain,HKFE,2021-01-18 00:00:00,28595.0,28844.0,28378.0,28829.0,87770.0,2512617676.0,0.0
MHImain,HKFE,2021-01-19 00:00:00,28836.0,29903.0,28800.0,29616.0,132120.0,3892197215.0,0.0
MHImain,HKFE,2021-01-20 00:00:00,29617.0,29978.0,29491.0,29889.0,111073.0,3307584801.0,0.0
MHImain,HKFE,2021-01-21 00:00:00,29895.0,30144.0,29779.0,29916.0,114181.0,3418964900.0,0.0
MHImain,HKFE,2021-01-22 00:00:00,29914.0,29949.0,29415.0,29457.0,108339.0,3213035487.0,0.0
MHImain,HKFE,2021-01-25 00:00:00,29457.0,30157.0,29324.0,30080.0,107731.0,3214135595.0,0.0
MHImain,HKFE,2021-01-26 00:00:00,30085.0,30102.0,29347.0,29445.0,121739.0,3613118260.0,0.0
MHImain,HKFE,2021-01-27 00:00:00,29445.0,29662.0,29230.0,29280.0,85448.0,2516499995.0,0.0
MHImain,HKFE,2021-01-28 00:00:00,29281.0,29310.0,28435.0,28561.0,129265.0,3724234164.0,0.0
MHImain,HKFE,2021-01-29 00:00:00,28557.0,28977.0,28039.0,28317.0,158947.0,4537774738.0,0.0
MHImain,HKFE,2021-02-01 00:00:00,28317.0,28936.0,28153.0,28809.0,135488.0,3871657796.0,0.0
MHImain,HKFE,2021-02-02 00:00:00,28809.0,29438.0,28688.0,29231.0,102462.0,2988579052.0,0.0
MHImain,HKFE,2021-02-03 00:00:00,29234.0,29303.0,28887.0,29211.0,107928.0,3139360668.0,0.0
MHImain,HKFE,2021-02-04 00:00:00,29211.0,29347.0,28689.0,29092.0,122779.0,3566145441.0,0.0
MHImain,HKFE,2021-02-05 00:00:00,29089.0,29417.0,28993.0,29265.0,92723.0,2710399396.0,0.0
MHImain,HKFE,2021-02-08 00:00:00,29279.0,29624.0,29167.0,29172.0,97492.0,2866664050.0,0.0
MHImain,HKFE,2021-02-09 00:00:00,29175.0,29459.0,29134.0,29400.0,85236.0,2498341607.0,0.0
MHImain,HKFE,2021-02-10 00:00:00,29401.0,30046.0,29367.0,29949.0,76682.0,2284403926.0,0.0
MHImain,HKFE,2021-02-11 00:00:00,29944.0,30140.0,29703.0,30138.0,50088.0,1497209318.0,0.0
MHImain,HKFE,2021-02-16 00:00:00,30574.0,30768.0,30446.0,30695.0,71361.0,2184929154.0,0.0
MHImain,HKFE,2021-02-17 00:00:00,30698.0,31086.0,30422.0,30984.0,89597.0,2757034224.0,0.0
MHImain,HKFE,2021-02-18 00:00:00,31005.0,31117.0,30433.0,30446.0,116449.0,3583403207.0,0.0
MHImain,HKFE,2021-02-19 00:00:00,30468.0,30620.0,30022.0,30521.0,137130.0,4158149399.0,0.0
MHImain,HKFE,2021-02-22 00:00:00,30523.0,30991.0,30052.0,30075.0,134555.0,4116985033.0,0.0
MHImain,HKFE,2021-02-23 00:00:00,30075.0,30937.0,30070.0,30586.0,115197.0,3509357526.0,0.0
MHImain,HKFE,2021-02-24 00:00:00,30581.0,30808.0,29561.0,29697.0,162612.0,4903818312.0,0.0
MHImain,HKFE,2021-02-25 00:00:00,29600.0,30314.0,29501.0,29965.0,105739.0,3172300702.0,0.0
MHImain,HKFE,2021-02-26 00:00:00,29960.0,30030.0,28808.0,28957.0,148460.0,4351371178.0,0.0
MHImain,HKFE,2021-03-01 00:00:00,28958.0,29377.0,28742.0,29256.0,124613.0,3628742969.0,0.0
MHImain,HKFE,2021-03-02 00:00:00,29254.0,29593.0,28781.0,28933.0,141491.0,4126537936.0,0.0
MHImain,HKFE,2021-03-03 00:00:00,28927.0,29793.0,28860.0,29689.0,115417.0,3388062286.0,0.0
MHImain,HKFE,2021-03-04 00:00:00,29687.0,29718.0,28909.0,29079.0,140672.0,4110629030.0,0.0
MHImain,HKFE,2021-03-05 00:00:00,29074.0,29275.0,28372.0,28890.0,154134.0,4453061358.0,0.0
MHImain,HKFE,2021-03-08 00:00:00,28897.0,29342.0,28327.0,28477.0,166975.0,4809581380.0,0.0
MHImain,HKFE,2021-03-09 00:00:00,28476.0,28977.0,28283.0,28770.0,192309.0,5507671981.0,0.0
MHImain,HKFE,2021-03-10 00:00:00,28797.0,29155.0,28639.0,28799.0,143098.0,4127908513.0,0.0
MHImain,HKFE,2021-03-11 00:00:00,28803.0,29405.0,28772.0,29276.0,120051.0,3498115724.0,0.0
MHImain,HKFE,2021-03-12 00:00:00,29281.0,29568.0,28645.0,28708.0,141301.0,4125509810.0,0.0
MHImain,HKFE,2021-03-15 00:00:00,28703.0,29129.0,28564.0,28838.0,136994.0,3945810020.0,0.0
MHImain,HKFE,2021-03-16 00:00:00,28842.0,29118.0,28754.0,28950.0,117798.0,3410084844.0,0.0
MHImain,HKFE,2021-03-17 00:00:00,28949.0,29152.0,28737.0,28993.0,103146.0,2988776400.0,0.0
MHImain,HKFE,2021-03-18 00:00:00,28994.0,29575.0,28889.0,29370.0,118097.0,3466419626.0,0.0
MHImain,HKFE,2021-03-19 00:00:00,29366.0,29381.0,28704.0,28940.0,130186.0,3776013208.0,0.0
MHImain,HKFE,2021-03-22 00:00:00,28933.0,29111.0,28720.0,28860.0,113188.0,3273567643.0,0.0
MHImain,HKFE,2021-03-23 00:00:00,28855.0,29028.0,28305.0,28481.0,122156.0,3498380429.0,0.0
MHImain,HKFE,2021-03-24 00:00:00,28482.0,28579.0,27774.0,27888.0,121610.0,3418851574.0,0.0
MHImain,HKFE,2021-03-25 00:00:00,27887.0,27991.0,27502.0,27864.0,116604.0,3243543775.0,0.0
MHImain,HKFE,2021-03-26 00:00:00,27856.0,28381.0,27716.0,28293.0,120168.0,3375162486.0,0.0
MHImain,HKFE,2021-03-29 00:00:00,28294.0,28496.0,28088.0,28387.0,100380.0,2840185927.0,0.0
MHImain,HKFE,2021-03-30 00:00:00,28330.0,28687.0,28320.0,28520.0,86133.0,2456258511.0,0.0
MHImain,HKFE,2021-03-31 00:00:00,28522.0,28772.0,28277.0,28317.0,106356.0,3031031269.0,0.0
MHImain,HKFE,2021-04-01 00:00:00,28347.0,28912.0,28319.0,28819.0,118497.0,3390807303.0,0.0
MHImain,HKFE,2021-04-07 00:00:00,28817.0,29149.0,28515.0,28546.0,95945.0,2760776518.0,0.0
MHImain,HKFE,2021-04-08 00:00:00,28546.0,29055.0,28168.0,29033.0,122882.0,3525524836.0,0.0
MHImain,HKFE,2021-04-09 00:00:00,29034.0,29112.0,28548.0,28638.0,92175.0,2654033258.0,0.0
MHImain,HKFE,2021-04-12 00:00:00,28639.0,28795.0,28222.0,28418.0,87675.0,2495814967.0,0.0
MHImain,HKFE,2021-04-13 00:00:00,28411.0,28840.0,28396.0,28518.0,101087.0,2891022256.0,0.0
MHImain,HKFE,2021-04-14 00:00:00,28528.0,28966.0,28403.0,28917.0,99856.0,2873782681.0,0.0
MHImain,HKFE,2021-04-15 00:00:00,28917.0,28945.0,28474.0,28788.0,95198.0,2732535469.0,0.0
MHImain,HKFE,2021-04-16 00:00:00,28786.0,29065.0,28665.0,28970.0,100329.0,2894063203.0,0.0
MHImain,HKFE,2021-04-19 00:00:00,28991.0,29319.0,28749.0,29016.0,100901.0,2934430332.0,0.0
MHImain,HKFE,2021-04-20 00:00:00,29015.0,29209.0,28819.0,29077.0,98799.0,2866255359.0,0.0
MHImain,HKFE,2021-04-21 00:00:00,29073.0,29073.0,28446.0,28532.0,111528.0,3194664024.0,0.0
MHImain,HKFE,2021-04-22 00:00:00,28531.0,28803.0,28464.0,28742.0,95520.0,2739110123.0,0.0
MHImain,HKFE,2021-04-23 00:00:00,28725.0,29094.0,28601.0,29052.0,91489.0,2644361544.0,0.0
MHImain,HKFE,2021-04-26 00:00:00,29045.0,29249.0,28904.0,28943.0,93184.0,2709374777.0,0.0
MHImain,HKFE,2021-04-27 00:00:00,28943.0,29049.0,28771.0,28893.0,82343.0,2380064657.0,0.0
MHImain,HKFE,2021-04-28 00:00:00,28889.0,29061.0,28840.0,29024.0,62147.0,1799751745.0,0.0
MHImain,HKFE,2021-04-29 00:00:00,28852.0,29252.0,28835.0,29109.0,70751.0,2059436455.0,0.0
MHImain,HKFE,2021-04-30 00:00:00,29100.0,29162.0,28449.0,28530.0,87206.0,2508397726.0,0.0
MHImain,HKFE,2021-05-03 00:00:00,28529.0,28584.0,28052.0,28132.0,79022.0,2232343308.0,0.0
MHImain,HKFE,2021-05-04 00:00:00,28133.0,28458.0,28083.0,28446.0,79021.0,2233836665.0,0.0
MHImain,HKFE,2021-05-05 00:00:00,28443.0,28551.0,28024.0,28305.0,97688.0,2764382723.0,0.0
MHImain,HKFE,2021-05-06 00:00:00,28304.0,28698.0,28216.0,28526.0,97980.0,2786211583.0,0.0
MHImain,HKFE,2021-05-07 00:00:00,28520.0,28754.0,28394.0,28515.0,96394.0,2755188348.0,0.0
MHImain,HKFE,2021-05-10 00:00:00,28515.0,28746.0,28335.0,28470.0,100293.0,2861632991.0,0.0
MHImain,HKFE,2021-05-11 00:00:00,28467.0,28523.0,27743.0,27809.0,112388.0,3142004428.0,0.0
MHImain,HKFE,2021-05-12 00:00:00,27822.0,28074.0,27620.0,28019.0,117188.0,3265505242.0,0.0
MHImain,HKFE,2021-05-13 00:00:00,28021.0,28059.0,27487.0,27527.0,118947.0,3302904540.0,0.0
MHImain,HKFE,2021-05-14 00:00:00,27526.0,27938.0,27490.0,27908.0,106396.0,2951424543.0,0.0
MHImain,HKFE,2021-05-17 00:00:00,27930.0,28137.0,27879.0,28087.0,82674.0,2317022239.0,0.0
MHImain,HKFE,2021-05-18 00:00:00,28093.0,28528.0,27967.0,28460.0,67816.0,1922340975.0,0.0
MHImain,HKFE,2021-05-20 00:00:00,28457.0,28489.0,28154.0,28280.0,73178.0,2071392627.0,0.0
MHImain,HKFE,2021-05-21 00:00:00,28283.0,28530.0,28175.0,28340.0,75739.0,2144628615.0,0.0
MHImain,HKFE,2021-05-24 00:00:00,28346.0,28412.0,28075.0,28310.0,76674.0,2166251338.0,0.0
MHImain,HKFE,2021-05-25 00:00:00,28315.0,28904.0,28274.0,28891.0,73805.0,2113082391.0,0.0
MHImain,HKFE,2021-05-26 00:00:00,28890.0,29271.0,28847.0,29149.0,77599.0,2254931923.0,0.0
MHImain,HKFE,2021-05-27 00:00:00,29159.0,29200.0,28963.0,29191.0,60692.0,1765653435.0,0.0
MHImain,HKFE,2021-05-28 00:00:00,29066.0,29253.0,28950.0,28993.0,64649.0,1880852260.0,0.0
MHImain,HKFE,2021-05-31 00:00:00,28989.0,29177.0,28791.0,28966.0,69444.0,2009215963.0,0.0
MHImain,HKFE,2021-06-01 00:00:00,28930.0,29400.0,28922.0,29356.0,71315.0,2078463957.0,0.0
MHImain,HKFE,2021-06-02 00:00:00,29338.0,29397.0,29081.0,29128.0,76989.0,2251679231.0,0.0
MHImain,HKFE,2021-06-03 00:00:00,29126.0,29280.0,28801.0,28864.0,81308.0,2363980670.0,0.0
MHImain,HKFE,2021-06-04 00:00:00,28858.0,28934.0,28631.0,28806.0,86558.0,2492809909.0,0.0
MHImain,HKFE,2021-06-07 00:00:00,28810.0,28987.0,28528.0,28737.0,74923.0,2150970921.0,0.0
MHImain,HKFE,2021-06-08 00:00:00,28733.0,28924.0,28560.0,28688.0,78381.0,2251438970.0,0.0
MHImain,HKFE,2021-06-09 00:00:00,28695.0,28809.0,28616.0,28709.0,71924.0,2063867827.0,0.0
MHImain,HKFE,2021-06-10 00:00:00,28698.0,28895.0,28581.0,28614.0,73451.0,2111517116.0,0.0
MHImain,HKFE,2021-06-11 00:00:00,28644.0,28913.0,28585.0,28801.0,79001.0,2272838934.0,0.0
MHImain,HKFE,2021-06-15 00:00:00,28805.0,28925.0,28352.0,28508.0,82541.0,2358190070.0,0.0
MHImain,HKFE,2021-06-16 00:00:00,28506.0,28571.0,28358.0,28373.0,63691.0,1813744673.0,0.0
MHImain,HKFE,2021-06-17 00:00:00,28393.0,28464.0,28086.0,28438.0,70414.0,1994201650.0,0.0
MHImain,HKFE,2021-06-18 00:00:00,28434.0,28770.0,28396.0,28756.0,72650.0,2078182288.0,0.0
MHImain,HKFE,2021-06-21 00:00:00,28759.0,28771.0,28242.0,28422.0,85655.0,2434376351.0,0.0
MHImain,HKFE,2021-06-22 00:00:00,28425.0,28565.0,28164.0,28190.0,73705.0,2091219060.0,0.0
MHImain,HKFE,2021-06-23 00:00:00,28196.0,28856.0,28185.0,28741.0,87498.0,2496314431.0,0.0
MHImain,HKFE,2021-06-24 00:00:00,28732.0,28945.0,28659.0,28831.0,69176.0,1993254287.0,0.0
MHImain,HKFE,2021-06-25 00:00:00,28834.0,29256.0,28810.0,29221.0,69155.0,2009771496.0,0.0
MHImain,HKFE,2021-06-28 00:00:00,29220.0,29333.0,29197.0,29224.0,28157.0,823503424.0,0.0
MHImain,HKFE,2021-06-29 00:00:00,29163.0,29239.0,28777.0,28854.0,54387.0,1576092016.0,0.0
MHImain,HKFE,2021-06-30 00:00:00,28838.0,29026.0,28613.0,28634.0,61363.0,1769610320.0,0.0
MHImain,HKFE,2021-07-02 00:00:00,28612.0,28770.0,28083.0,28145.0,77381.0,2192995383.0,0.0
MHImain,HKFE,2021-07-05 00:00:00,28149.0,28337.0,27903.0,28095.0,66641.0,1874565002.0,0.0
MHImain,HKFE,2021-07-06 00:00:00,28089.0,28122.0,27807.0,27947.0,68415.0,1911686387.0,0.0
MHImain,HKFE,2021-07-07 00:00:00,27933.0,27979.0,27707.0,27905.0,74404.0,2070773468.0,0.0
MHImain,HKFE,2021-07-08 00:00:00,27914.0,28017.0,27076.0,27097.0,102935.0,2829277431.0,0.0
MHImain,HKFE,2021-07-09 00:00:00,27111.0,27415.0,26857.0,27247.0,100784.0,2738881250.0,0.0
MHImain,HKFE,2021-07-12 00:00:00,27255.0,27718.0,27255.0,27534.0,72623.0,1995899787.0,0.0
MHImain,HKFE,2021-07-13 00:00:00,27531.0,28016.0,27441.0,27882.0,75261.0,2093822938.0,0.0
MHImain,HKFE,2021-07-14 00:00:00,27883.0,27924.0,27663.0,27771.0,69131.0,1920710561.0,0.0
MHImain,HKFE,2021-07-15 00:00:00,27777.0,28183.0,27650.0,28010.0,76359.0,2135601273.0,0.0
MHImain,HKFE,2021-07-16 00:00:00,28010.0,28215.0,27808.0,28018.0,80496.0,2252322322.0,0.0
MHImain,HKFE,2021-07-19 00:00:00,28023.0,28076.0,27353.0,27467.0,80351.0,2215526021.0,0.0
MHImain,HKFE,2021-07-20 00:00:00,27458.0,27532.0,27092.0,27233.0,103972.0,2838956218.0,0.0
MHImain,HKFE,2021-07-21 00:00:00,27225.0,27394.0,26915.0,27229.0,91709.0,2490651630.0,0.0
MHImain,HKFE,2021-07-22 00:00:00,27224.0,27766.0,27134.0,27708.0,75485.0,2081656207.0,0.0
MHImain,HKFE,2021-07-23 00:00:00,27707.0,27714.0,27201.0,27270.0,74578.0,2049061029.0,0.0
MHImain,HKFE,2021-07-26 00:00:00,27276.0,27324.0,26113.0,26131.0,117517.0,3130692993.0,0.0
MHImain,HKFE,2021-07-27 00:00:00,26134.0,26372.0,24746.0,25047.0,153360.0,3946201546.0,0.0
MHImain,HKFE,2021-07-28 00:00:00,25045.0,25588.0,24869.0,25384.0,135559.0,3420297680.0,0.0
MHImain,HKFE,2021-07-29 00:00:00,25320.0,26259.0,25320.0,26190.0,96900.0,2517314797.0,0.0
MHImain,HKFE,2021-07-30 00:00:00,26208.0,26284.0,25560.0,25907.0,120171.0,3112016081.0,0.0
MHImain,HKFE,2021-08-02 00:00:00,25900.0,26242.0,25668.0,26124.0,106860.0,2776048996.0,0.0
MHImain,HKFE,2021-08-03 00:00:00,26126.0,26229.0,25702.0,26055.0,103903.0,2700616219.0,0.0
MHImain,HKFE,2021-08-04 00:00:00,26051.0,26583.0,25921.0,26364.0,101385.0,2665477346.0,0.0
MHImain,HKFE,2021-08-05 00:00:00,26370.0,26486.0,26057.0,26126.0,100013.0,2631280942.0,0.0
MHImain,HKFE,2021-08-06 00:00:00,26139.0,26273.0,25900.0,26120.0,82693.0,2157741683.0,0.0
MHImain,HKFE,2021-08-09 00:00:00,26130.0,26476.0,25814.0,26221.0,93663.0,2453748335.0,0.0
MHImain,HKFE,2021-08-10 00:00:00,26227.0,26516.0,26027.0,26477.0,95216.0,2502696178.0,0.0
MHImain,HKFE,2021-08-11 00:00:00,26477.0,26722.0,26298.0,26543.0,86366.0,2290680231.0,0.0
MHImain,HKFE,2021-08-12 00:00:00,26548.0,26734.0,26295.0,26387.0,93638.0,2481829431.0,0.0
MHImain,HKFE,2021-08-13 00:00:00,26387.0,26445.0,26081.0,26310.0,89753.0,2356216522.0,0.0
MHImain,HKFE,2021-08-16 00:00:00,26319.0,26381.0,25987.0,26088.0,90551.0,2371164040.0,0.0
MHImain,HKFE,2021-08-17 00:00:00,26088.0,26201.0,25551.0,25691.0,117115.0,3036240920.0,0.0
MHImain,HKFE,2021-08-18 00:00:00,25700.0,25955.0,25552.0,25761.0,97830.0,2522257108.0,0.0
MHImain,HKFE,2021-08-19 00:00:00,25795.0,25870.0,25145.0,25225.0,112165.0,2858110191.0,0.0
MHImain,HKFE,2021-08-20 00:00:00,25195.0,25393.0,24554.0,24785.0,145127.0,3622657486.0,0.0
MHImain,HKFE,2021-08-23 00:00:00,24770.0,25443.0,24736.0,25090.0,106009.0,2669691593.0,0.0
MHImain,HKFE,2021-08-24 00:00:00,25099.0,25705.0,25099.0,25638.0,94716.0,2411202102.0,0.0
MHImain,HKFE,2021-08-25 00:00:00,25650.0,25954.0,25533.0,25675.0,102123.0,2624977562.0,0.0
MHImain,HKFE,2021-08-26 00:00:00,25680.0,25695.0,25230.0,25415.0,94071.0,2395374027.0,0.0
MHImain,HKFE,2021-08-27 00:00:00,25408.0,25648.0,25296.0,25357.0,82417.0,2097347288.0,0.0
MHImain,HKFE,2021-08-30 00:00:00,25257.0,25482.0,25088.0,25428.0,76201.0,1928919339.0,0.0
MHImain,HKFE,2021-08-31 00:00:00,25414.0,25792.0,25004.0,25761.0,115542.0,2927158750.0,0.0
MHImain,HKFE,2021-09-01 00:00:00,25747.0,25978.0,25574.0,25923.0,101564.0,2618112385.0,0.0
MHImain,HKFE,2021-09-02 00:00:00,25926.0,26266.0,25861.0,26019.0,96658.0,2518395486.0,0.0
MHImain,HKFE,2021-09-03 00:00:00,26007.0,26077.0,25724.0,25845.0,87854.0,2273203653.0,0.0
MHImain,HKFE,2021-09-06 00:00:00,25863.0,26111.0,25705.0,26080.0,82943.0,2151488937.0,0.0
MHImain,HKFE,2021-09-07 00:00:00,26088.0,26393.0,26031.0,26229.0,86543.0,2269112748.0,0.0
MHImain,HKFE,2021-09-08 00:00:00,26212.0,26476.0,26070.0,26212.0,94368.0,2479107698.0,0.0
MHImain,HKFE,2021-09-09 00:00:00,26219.0,26312.0,25581.0,25647.0,111999.0,2901248930.0,0.0
MHImain,HKFE,2021-09-10 00:00:00,25621.0,26174.0,25610.0,26148.0,94745.0,2462714263.0,0.0
MHImain,HKFE,2021-09-13 00:00:00,26160.0,26191.0,25534.0,25787.0,100752.0,2594923327.0,0.0
MHImain,HKFE,2021-09-14 00:00:00,25800.0,25892.0,25322.0,25445.0,112629.0,2889163597.0,0.0
MHImain,HKFE,2021-09-15 00:00:00,25453.0,25478.0,24983.0,25049.0,113392.0,2859808800.0,0.0
MHImain,HKFE,2021-09-16 00:00:00,25049.0,25057.0,24478.0,24656.0,122272.0,3025312670.0,0.0
MHImain,HKFE,2021-09-17 00:00:00,24645.0,24925.0,24406.0,24880.0,104515.0,2580840521.0,0.0
MHImain,HKFE,2021-09-20 00:00:00,24878.0,24914.0,23831.0,24065.0,114242.0,2766620810.0,0.0
MHImain,HKFE,2021-09-21 00:00:00,24071.0,24260.0,23663.0,24179.0,105571.0,2534484070.0,0.0
MHImain,HKFE,2021-09-23 00:00:00,24170.0,24792.0,23993.0,24515.0,114852.0,2807412923.0,0.0
MHImain,HKFE,2021-09-24 00:00:00,24524.0,24649.0,24035.0,24164.0,121535.0,2964419185.0,0.0
MHImain,HKFE,2021-09-27 00:00:00,24166.0,24491.0,23924.0,24181.0,114664.0,2781062301.0,0.0
MHImain,HKFE,2021-09-28 00:00:00,24183.0,24681.0,24054.0,24479.0,103817.0,2535001886.0,0.0
MHImain,HKFE,2021-09-29 00:00:00,24450.0,24666.0,23988.0,24522.0,105646.0,2573350822.0,0.0
MHImain,HKFE,2021-09-30 00:00:00,24523.0,24622.0,24279.0,24525.0,103805.0,2536232851.0,0.0
MHImain,HKFE,2021-10-04 00:00:00,24530.0,24625.0,23836.0,23965.0,110489.0,2664697645.0,0.0
MHImain,HKFE,2021-10-05 00:00:00,23984.0,24177.0,23644.0,24066.0,111294.0,2664669431.0,0.0
MHImain,HKFE,2021-10-06 00:00:00,24069.0,24283.0,23743.0,23965.0,105194.0,2519991390.0,0.0
MHImain,HKFE,2021-10-07 00:00:00,23936.0,24712.0,23837.0,24623.0,99836.0,2435030331.0,0.0
MHImain,HKFE,2021-10-08 00:00:00,24629.0,24990.0,24559.0,24825.0,105600.0,2611810502.0,0.0
MHImain,HKFE,2021-10-11 00:00:00,24808.0,25382.0,24766.0,25268.0,95666.0,2409220385.0,0.0
MHImain,HKFE,2021-10-12 00:00:00,25263.0,25269.0,24818.0,24912.0,97661.0,2442710660.0,0.0
MHImain,HKFE,2021-10-13 00:00:00,24918.0,25030.0,24918.0,24970.0,1109.0,27711313.0,0.0
MHImain,HKFE,2021-10-15 00:00:00,25150.0,25336.0,24864.0,25308.0,83795.0,2104458128.0,0.0
MHImain,HKFE,2021-10-18 00:00:00,25301.0,25478.0,25076.0,25440.0,86448.0,2181625368.0,0.0
MHImain,HKFE,2021-10-19 00:00:00,25420.0,25812.0,25377.0,25770.0,74271.0,1903525051.0,0.0
MHImain,HKFE,2021-10-20 00:00:00,25756.0,26184.0,25745.0,26158.0,84903.0,2207559298.0,0.0
MHImain,HKFE,2021-10-21 00:00:00,26152.0,26223.0,25818.0,25970.0,89855.0,2341755426.0,0.0
MHImain,HKFE,2021-10-22 00:00:00,25967.0,26175.0,25924.0,26110.0,73379.0,1912004843.0,0.0
MHImain,HKFE,2021-10-25 00:00:00,26112.0,26227.0,25886.0,26138.0,74460.0,1941828759.0,0.0
MHImain,HKFE,2021-10-26 00:00:00,26148.0,26257.0,25898.0,26035.0,71217.0,1856213796.0,0.0
MHImain,HKFE,2021-10-27 00:00:00,26050.0,26091.0,25555.0,25640.0,67008.0,1722675302.0,0.0
MHImain,HKFE,2021-10-28 00:00:00,25569.0,25705.0,25399.0,25409.0,67438.0,1722606167.0,0.0
MHImain,HKFE,2021-10-29 00:00:00,25452.0,25511.0,25250.0,25312.0,74914.0,1901096135.0,0.0
MHImain,HKFE,2021-11-01 00:00:00,25318.0,25348.0,24919.0,25107.0,79266.0,1989387249.0,0.0
MHImain,HKFE,2021-11-02 00:00:00,25113.0,25622.0,24998.0,25010.0,98477.0,2493458268.0,0.0
MHImain,HKFE,2021-11-03 00:00:00,25015.0,25153.0,24754.0,25010.0,83643.0,2085991526.0,0.0
MHImain,HKFE,2021-11-04 00:00:00,25015.0,25232.0,24888.0,25192.0,80184.0,2010477095.0,0.0
MHImain,HKFE,2021-11-05 00:00:00,25191.0,25224.0,24672.0,24865.0,87507.0,2179085773.0,0.0
MHImain,HKFE,2021-11-08 00:00:00,24869.0,24975.0,24618.0,24742.0,80099.0,1982911513.0,0.0
MHImain,HKFE,2021-11-09 00:00:00,24758.0,24975.0,24645.0,24773.0,67676.0,1678653068.0,0.0
MHImain,HKFE,2021-11-10 00:00:00,24799.0,25034.0,24433.0,25020.0,105995.0,2617517598.0,0.0
MHImain,HKFE,2021-11-11 00:00:00,25008.0,25315.0,24769.0,25204.0,101996.0,2551148088.0,0.0
MHImain,HKFE,2021-11-12 00:00:00,25215.0,25528.0,25156.0,25310.0,83428.0,2113195392.0,0.0
MHImain,HKFE,2021-11-15 00:00:00,25315.0,25440.0,25178.0,25368.0,70329.0,1779398728.0,0.0
MHImain,HKFE,2021-11-16 00:00:00,25377.0,25744.0,25346.0,25635.0,75245.0,1922375756.0,0.0
MHImain,HKFE,2021-11-17 00:00:00,25646.0,25677.0,25471.0,25623.0,67437.0,1723865724.0,0.0
MHImain,HKFE,2021-11-18 00:00:00,25623.0,25629.0,25189.0,25307.0,72746.0,1842626585.0,0.0
MHImain,HKFE,2021-11-19 00:00:00,25310.0,25343.0,24778.0,24991.0,95128.0,2374298636.0,0.0
MHImain,HKFE,2021-11-22 00:00:00,24986.0,25097.0,24802.0,24923.0,74960.0,1870951054.0,0.0
MHImain,HKFE,2021-11-23 00:00:00,24921.0,24922.0,24562.0,24567.0,72397.0,1788340966.0,0.0
MHImain,HKFE,2021-11-24 00:00:00,24569.0,24854.0,24533.0,24690.0,82525.0,2035692056.0,0.0
MHImain,HKFE,2021-11-25 00:00:00,24682.0,24765.0,24438.0,24744.0,74504.0,1834988251.0,0.0
MHImain,HKFE,2021-11-26 00:00:00,24748.0,24753.0,24044.0,24085.0,69865.0,1695537222.0,0.0
MHImain,HKFE,2021-11-29 00:00:00,24033.0,24133.0,23634.0,23738.0,75365.0,1800854811.0,0.0
MHImain,HKFE,2021-11-30 00:00:00,23738.0,23858.0,23106.0,23471.0,113187.0,2661345240.0,0.0
MHImain,HKFE,2021-12-01 00:00:00,23467.0,23871.0,23260.0,23597.0,99741.0,2355342874.0,0.0
MHImain,HKFE,2021-12-02 00:00:00,23598.0,23824.0,23448.0,23744.0,84826.0,2008983668.0,0.0
MHImain,HKFE,2021-12-03 00:00:00,23748.0,23848.0,23402.0,23784.0,103008.0,2435188793.0,0.0
MHImain,HKFE,2021-12-06 00:00:00,23784.0,23843.0,23302.0,23326.0,108581.0,2549217121.0,0.0
MHImain,HKFE,2021-12-07 00:00:00,23333.0,24029.0,23242.0,24013.0,110278.0,2608909486.0,0.0
MHImain,HKFE,2021-12-08 00:00:00,24018.0,24150.0,23901.0,24001.0,76705.0,1842272984.0,0.0
MHImain,HKFE,2021-12-09 00:00:00,23990.0,24334.0,23940.0,24152.0,78072.0,1889005023.0,0.0
MHImain,HKFE,2021-12-10 00:00:00,24151.0,24222.0,23910.0,23976.0,74911.0,1804716372.0,0.0
MHImain,HKFE,2021-12-13 00:00:00,23998.0,24391.0,23930.0,24016.0,81433.0,1966631229.0,0.0
MHImain,HKFE,2021-12-14 00:00:00,24020.0,24037.0,23553.0,23595.0,75892.0,1799835135.0,0.0
MHImain,HKFE,2021-12-15 00:00:00,23618.0,23745.0,23325.0,23400.0,90559.0,2135119569.0,0.0
MHImain,HKFE,2021-12-16 00:00:00,23414.0,23532.0,23069.0,23480.0,88452.0,2060614493.0,0.0
MHImain,HKFE,2021-12-17 00:00:00,23496.0,23695.0,23124.0,23147.0,87645.0,2047819338.0,0.0
MHImain,HKFE,2021-12-20 00:00:00,23160.0,23257.0,22665.0,22781.0,103357.0,2374194666.0,0.0
MHImain,HKFE,2021-12-21 00:00:00,22781.0,23087.0,22701.0,22915.0,79379.0,1816227023.0,0.0
MHImain,HKFE,2021-12-22 00:00:00,22929.0,23249.0,22905.0,23098.0,74110.0,1711007630.0,0.0
MHImain,HKFE,2021-12-23 00:00:00,23090.0,23262.0,23026.0,23216.0,67340.0,1559626729.0,0.0
MHImain,HKFE,2021-12-24 00:00:00,23225.0,23410.0,23164.0,23220.0,40248.0,936245787.0,0.0
MHImain,HKFE,2021-12-28 00:00:00,23318.0,23376.0,23105.0,23363.0,47745.0,1109653005.0,0.0
MHImain,HKFE,2021-12-29 00:00:00,23362.0,23382.0,23015.0,23065.0,42624.0,987232818.0,0.0
MHImain,HKFE,2021-12-30 00:00:00,23076.0,23242.0,22928.0,23145.0,53982.0,1247224858.0,0.0
MHImain,HKFE,2021-12-31 00:00:00,23128.0,23607.0,23098.0,23458.0,51315.0,1202972577.0,0.0
MHImain,HKFE,2022-01-03 00:00:00,23476.0,23623.0,23173.0,23250.0,50466.0,1177932323.0,0.0
MHImain,HKFE,2022-01-04 00:00:00,23227.0,23434.0,23134.0,23304.0,75867.0,1765633983.0,0.0
MHImain,HKFE,2022-01-05 00:00:00,23305.0,23394.0,22864.0,22910.0,95039.0,2197002287.0,0.0
MHImain,HKFE,2022-01-06 00:00:00,22911.0,23190.0,22710.0,22997.0,104322.0,2391450791.0,0.0
MHImain,HKFE,2022-01-07 00:00:00,23010.0,23512.0,22988.0,23474.0,107834.0,2509040573.0,0.0
MHImain,HKFE,2022-01-10 00:00:00,23470.0,23792.0,23401.0,23669.0,98101.0,2315944424.0,0.0
MHImain,HKFE,2022-01-11 00:00:00,23687.0,23852.0,23455.0,23695.0,98872.0,2339869591.0,0.0
MHImain,HKFE,2022-01-12 00:00:00,23724.0,24398.0,23661.0,24319.0,89257.0,2151127928.0,0.0
MHImain,HKFE,2022-01-13 00:00:00,24327.0,24568.0,24296.0,24465.0,88544.0,2163129880.0,0.0
MHImain,HKFE,2022-01-14 00:00:00,24456.0,24484.0,24146.0,24380.0,80778.0,1961951831.0,0.0
MHImain,HKFE,2022-01-17 00:00:00,24362.0,24467.0,24088.0,24184.0,79922.0,1939367145.0,0.0
MHImain,HKFE,2022-01-18 00:00:00,24190.0,24383.0,24011.0,24036.0,75764.0,1834012215.0,0.0
MHImain,HKFE,2022-01-19 00:00:00,24034.0,24274.0,23926.0,24079.0,90815.0,2187684789.0,0.0
MHImain,HKFE,2022-01-20 00:00:00,24088.0,24988.0,24088.0,24985.0,106524.0,2614751212.0,0.0
MHImain,HKFE,2022-01-21 00:00:00,24979.0,25242.0,24734.0,24908.0,102717.0,2560500082.0,0.0
MHImain,HKFE,2022-01-24 00:00:00,24902.0,25031.0,24580.0,24663.0,91200.0,2256304732.0,0.0
MHImain,HKFE,2022-01-25 00:00:00,24660.0,24660.0,23996.0,24233.0,125447.0,3041499400.0,0.0
MHImain,HKFE,2022-01-26 00:00:00,24290.0,24477.0,24121.0,24316.0,90805.0,2206436070.0,0.0
MHImain,HKFE,2022-01-27 00:00:00,24317.0,24508.0,23568.0,23838.0,87363.0,2089030660.0,0.0
MHImain,HKFE,2022-01-28 00:00:00,23838.0,24016.0,23389.0,23419.0,80762.0,1911091085.0,0.0
MHImain,HKFE,2022-01-31 00:00:00,23438.0,23957.0,23272.0,23858.0,62904.0,1482130147.0,0.0
MHImain,HKFE,2022-02-04 00:00:00,24234.0,24604.0,24105.0,24539.0,58749.0,1432769095.0,0.0
MHImain,HKFE,2022-02-07 00:00:00,24526.0,24604.0,24334.0,24458.0,84911.0,2077213190.0,0.0
MHImain,HKFE,2022-02-08 00:00:00,24470.0,24574.0,24132.0,24332.0,79686.0,1940686793.0,0.0
MHImain,HKFE,2022-02-09 00:00:00,24333.0,24902.0,24333.0,24826.0,81297.0,2009699027.0,0.0
MHImain,HKFE,2022-02-10 00:00:00,24836.0,25089.0,24648.0,24990.0,76481.0,1900401622.0,0.0
MHImain,HKFE,2022-02-11 00:00:00,24982.0,25152.0,24732.0,24858.0,97024.0,2413315085.0,0.0
MHImain,HKFE,2022-02-14 00:00:00,24850.0,25011.0,24433.0,24447.0,86976.0,2145503011.0,0.0
MHImain,HKFE,2022-02-15 00:00:00,24437.0,24635.0,24215.0,24500.0,94973.0,2318593389.0,0.0
MHImain,HKFE,2022-02-16 00:00:00,24505.0,24746.0,24461.0,24717.0,76978.0,1895546380.0,0.0
MHImain,HKFE,2022-02-17 00:00:00,24705.0,24872.0,24516.0,24709.0,84253.0,2081587025.0,0.0
MHImain,HKFE,2022-02-18 00:00:00,24713.0,24808.0,24275.0,24320.0,93047.0,2290239320.0,0.0
MHImain,HKFE,2022-02-21 00:00:00,24298.0,24391.0,23998.0,24170.0,94169.0,2276047539.0,0.0
MHImain,HKFE,2022-02-22 00:00:00,24169.0,24169.0,23346.0,23588.0,107437.0,2538746299.0,0.0
MHImain,HKFE,2022-02-23 00:00:00,23583.0,23744.0,23492.0,23680.0,79799.0,1887006852.0,0.0
MHImain,HKFE,2022-02-24 00:00:00,23680.0,23722.0,22801.0,22888.0,104731.0,2425348098.0,0.0
MHImain,HKFE,2022-02-25 00:00:00,22820.0,22961.0,22391.0,22643.0,83967.0,1906931767.0,0.0
MHImain,HKFE,2022-02-28 00:00:00,22632.0,22960.0,22334.0,22668.0,107272.0,2424319484.0,0.0
MHImain,HKFE,2022-03-01 00:00:00,22670.0,22866.0,22453.0,22560.0,98040.0,2220408293.0,0.0
MHImain,HKFE,2022-03-02 00:00:00,22555.0,22620.0,22220.0,22312.0,100242.0,2249136152.0,0.0
MHImain,HKFE,2022-03-03 00:00:00,22330.0,22478.0,22226.0,22377.0,84415.0,1887414940.0,0.0
MHImain,HKFE,2022-03-04 00:00:00,22365.0,22377.0,21723.0,21845.0,97540.0,2140983082.0,0.0
MHImain,HKFE,2022-03-07 00:00:00,21828.0,21828.0,20730.0,20890.0,133851.0,2840067165.0,0.0
MHImain,HKFE,2022-03-08 00:00:00,20937.0,21254.0,20565.0,20860.0,132951.0,2784079104.0,0.0
MHImain,HKFE,2022-03-09 00:00:00,20832.0,21065.0,20048.0,20515.0,161680.0,3325867882.0,0.0
MHImain,HKFE,2022-03-10 00:00:00,20557.0,21088.0,20545.0,20792.0,118043.0,2460042624.0,0.0
MHImain,HKFE,2022-03-11 00:00:00,20805.0,20858.0,20064.0,20500.0,157081.0,3205411114.0,0.0
MHImain,HKFE,2022-03-14 00:00:00,20545.0,20725.0,19423.0,19593.0,182053.0,3635605056.0,0.0
MHImain,HKFE,2022-03-15 00:00:00,19600.0,19736.0,18238.0,18308.0,243297.0,4611510528.0,0.0
MHImain,HKFE,2022-03-16 00:00:00,18349.0,20241.0,18136.0,20120.0,252985.0,4848576856.0,0.0
MHImain,HKFE,2022-03-17 00:00:00,20142.0,21546.0,20104.0,21473.0,225869.0,4732501053.0,0.0
MHImain,HKFE,2022-03-18 00:00:00,21450.0,21637.0,20872.0,21425.0,179673.0,3814739348.0,0.0
MHImain,HKFE,2022-03-21 00:00:00,21401.0,22211.0,21071.0,21237.0,179362.0,3861081319.0,0.0
MHImain,HKFE,2022-03-22 00:00:00,21242.0,21963.0,21190.0,21924.0,137854.0,2963567363.0,0.0
MHImain,HKFE,2022-03-23 00:00:00,21930.0,22399.0,21907.0,22103.0,128877.0,2855040253.0,0.0
MHImain,HKFE,2022-03-24 00:00:00,22075.0,22242.0,21688.0,21939.0,131690.0,2898009932.0,0.0
MHImain,HKFE,2022-03-25 00:00:00,21940.0,21982.0,21283.0,21357.0,138966.0,3009414638.0,0.0
MHImain,HKFE,2022-03-28 00:00:00,21380.0,21800.0,21202.0,21766.0,114778.0,2472538804.0,0.0
MHImain,HKFE,2022-03-29 00:00:00,21762.0,21957.0,21640.0,21954.0,80381.0,1754279371.0,0.0
MHImain,HKFE,2022-03-30 00:00:00,21943.0,22381.0,21943.0,22175.0,89155.0,1979503177.0,0.0
MHImain,HKFE,2022-03-31 00:00:00,22156.0,22412.0,21913.0,21986.0,96448.0,2132282773.0,0.0
MHImain,HKFE,2022-04-01 00:00:00,21988.0,22061.0,21544.0,22030.0,112318.0,2449320227.0,0.0
MHImain,HKFE,2022-04-04 00:00:00,22030.0,22534.0,21997.0,22470.0,110295.0,2461727199.0,0.0
MHImain,HKFE,2022-04-06 00:00:00,22488.0,22669.0,21997.0,22081.0,105618.0,2348669144.0,0.0
MHImain,HKFE,2022-04-07 00:00:00,22070.0,22220.0,21745.0,21802.0,108221.0,2375020056.0,0.0
MHImain,HKFE,2022-04-08 00:00:00,21781.0,21950.0,21560.0,21933.0,96774.0,2103013757.0,0.0
MHImain,HKFE,2022-04-11 00:00:00,21915.0,21944.0,21108.0,21128.0,102264.0,2190987683.0,0.0
MHImain,HKFE,2022-04-12 00:00:00,21107.0,21518.0,20963.0,21308.0,131309.0,2794194404.0,0.0
MHImain,HKFE,2022-04-13 00:00:00,21313.0,21526.0,21123.0,21313.0,100657.0,2147380759.0,0.0
MHImain,HKFE,2022-04-14 00:00:00,21338.0,21594.0,21229.0,21525.0,81637.0,1750666481.0,0.0
MHImain,HKFE,2022-04-19 00:00:00,21533.0,21539.0,20857.0,21000.0,83565.0,1762204402.0,0.0
MHImain,HKFE,2022-04-20 00:00:00,20975.0,21217.0,20790.0,20927.0,88491.0,1857346403.0,0.0
MHImain,HKFE,2022-04-21 00:00:00,20940.0,21063.0,20485.0,20659.0,100906.0,2092397502.0,0.0
MHImain,HKFE,2022-04-22 00:00:00,20679.0,20730.0,20166.0,20613.0,106142.0,2174910764.0,0.0
MHImain,HKFE,2022-04-25 00:00:00,20590.0,20708.0,19784.0,19804.0,111801.0,2252737202.0,0.0
MHImain,HKFE,2022-04-26 00:00:00,19792.0,20272.0,19650.0,19961.0,114372.0,2285750042.0,0.0
MHImain,HKFE,2022-04-27 00:00:00,19950.0,20050.0,19621.0,19920.0,86076.0,1709765191.0,0.0
MHImain,HKFE,2022-04-28 00:00:00,19843.0,20194.0,19732.0,20180.0,84196.0,1681718610.0,0.0
MHImain,HKFE,2022-04-29 00:00:00,20161.0,21087.0,19867.0,21000.0,146208.0,2984423074.0,0.0
MHImain,HKFE,2022-05-03 00:00:00,20960.0,21205.0,20530.0,20958.0,110353.0,2306957872.0,0.0
MHImain,HKFE,2022-05-04 00:00:00,20948.0,21044.0,20668.0,20722.0,77979.0,1625144688.0,0.0
MHImain,HKFE,2022-05-05 00:00:00,20708.0,21216.0,20603.0,20655.0,93978.0,1960709919.0,0.0
MHImain,HKFE,2022-05-06 00:00:00,20638.0,20693.0,19846.0,19877.0,114674.0,2305583567.0,0.0
MHImain,HKFE,2022-05-10 00:00:00,19866.0,20046.0,19062.0,19478.0,127166.0,2482046814.0,0.0
MHImain,HKFE,2022-05-11 00:00:00,19499.0,19974.0,19178.0,19772.0,115709.0,2269115109.0,0.0
MHImain,HKFE,2022-05-12 00:00:00,19780.0,19864.0,19212.0,19223.0,119622.0,2332141284.0,0.0
MHImain,HKFE,2022-05-13 00:00:00,19213.0,19838.0,19085.0,19770.0,119868.0,2338939339.0,0.0
MHImain,HKFE,2022-05-16 00:00:00,19783.0,20087.0,19655.0,19925.0,99974.0,1984422082.0,0.0
MHImain,HKFE,2022-05-17 00:00:00,19917.0,20579.0,19896.0,20573.0,97593.0,1973023016.0,0.0
MHImain,HKFE,2022-05-18 00:00:00,20580.0,20683.0,20297.0,20485.0,98024.0,2005939862.0,0.0
MHImain,HKFE,2022-05-19 00:00:00,20480.0,20525.0,19815.0,20022.0,104450.0,2098885901.0,0.0
MHImain,HKFE,2022-05-20 00:00:00,20015.0,20745.0,19934.0,20610.0,111213.0,2269483636.0,0.0
MHImain,HKFE,2022-05-23 00:00:00,20617.0,20705.0,20215.0,20415.0,99185.0,2025958547.0,0.0
MHImain,HKFE,2022-05-24 00:00:00,20427.0,20546.0,19961.0,20108.0,99523.0,2017595761.0,0.0
MHImain,HKFE,2022-05-25 00:00:00,20097.0,20391.0,19914.0,20120.0,98153.0,1977210906.0,0.0
MHImain,HKFE,2022-05-26 00:00:00,20120.0,20327.0,19878.0,20053.0,98149.0,1968938413.0,0.0
MHImain,HKFE,2022-05-27 00:00:00,20055.0,20815.0,20044.0,20749.0,95116.0,1959164206.0,0.0
MHImain,HKFE,2022-05-30 00:00:00,20540.0,21000.0,20501.0,20980.0,63223.0,1317204766.0,0.0
MHImain,HKFE,2022-05-31 00:00:00,20969.0,21413.0,20849.0,21393.0,93458.0,1967823297.0,0.0
MHImain,HKFE,2022-06-01 00:00:00,21366.0,21407.0,21006.0,21103.0,91580.0,1939734633.0,0.0
MHImain,HKFE,2022-06-02 00:00:00,21104.0,21235.0,20722.0,20948.0,92306.0,1928840443.0,0.0
MHImain,HKFE,2022-06-06 00:00:00,20946.0,21615.0,20863.0,21600.0,101174.0,2142296024.0,0.0
MHImain,HKFE,2022-06-07 00:00:00,21589.0,21733.0,21251.0,21360.0,106180.0,2277386664.0,0.0
MHImain,HKFE,2022-06-08 00:00:00,21352.0,21920.0,21266.0,21840.0,107667.0,2334878890.0,0.0
MHImain,HKFE,2022-06-09 00:00:00,21849.0,22026.0,21646.0,21788.0,113698.0,2482260027.0,0.0
MHImain,HKFE,2022-06-10 00:00:00,21793.0,22180.0,21346.0,21686.0,131486.0,2851601365.0,0.0
MHImain,HKFE,2022-06-13 00:00:00,21686.0,21759.0,20871.0,20890.0,118694.0,2511364200.0,0.0
MHImain,HKFE,2022-06-14 00:00:00,20870.0,21055.0,20472.0,20901.0,119601.0,2486296547.0,0.0
MHImain,HKFE,2022-06-15 00:00:00,20895.0,21319.0,20767.0,21220.0,110268.0,2325117546.0,0.0
MHImain,HKFE,2022-06-16 00:00:00,21210.0,21490.0,20575.0,20747.0,123246.0,2594702865.0,0.0
MHImain,HKFE,2022-06-17 00:00:00,20743.0,21059.0,20502.0,20994.0,109380.0,2279142818.0,0.0
MHImain,HKFE,2022-06-20 00:00:00,21017.0,21317.0,20757.0,21114.0,113885.0,2389424118.0,0.0
MHImain,HKFE,2022-06-21 00:00:00,21113.0,21545.0,21081.0,21468.0,84072.0,1791800675.0,0.0
MHImain,HKFE,2022-06-22 00:00:00,21467.0,21510.0,20891.0,20964.0,96886.0,2059260401.0,0.0
MHImain,HKFE,2022-06-23 00:00:00,20977.0,21385.0,20934.0,21225.0,100390.0,2123611664.0,0.0
MHImain,HKFE,2022-06-24 00:00:00,21233.0,21692.0,21087.0,21602.0,98123.0,2105866398.0,0.0
MHImain,HKFE,2022-06-27 00:00:00,21618.0,22360.0,21574.0,22194.0,97231.0,2143772044.0,0.0
MHImain,HKFE,2022-06-28 00:00:00,22169.0,22413.0,21894.0,22370.0,88055.0,1945853769.0,0.0
MHImain,HKFE,2022-06-29 00:00:00,22300.0,22425.0,21744.0,21867.0,81219.0,1788665465.0,0.0
MHImain,HKFE,2022-06-30 00:00:00,21856.0,22027.0,21610.0,21746.0,100656.0,2200214331.0,0.0
MHImain,HKFE,2022-07-04 00:00:00,21738.0,21873.0,21400.0,21818.0,95519.0,2070915930.0,0.0
MHImain,HKFE,2022-07-05 00:00:00,21822.0,22168.0,21690.0,21705.0,86493.0,1896113793.0,0.0
MHImain,HKFE,2022-07-06 00:00:00,21688.0,21792.0,21238.0,21508.0,116239.0,2500523376.0,0.0
MHImain,HKFE,2022-07-07 00:00:00,21501.0,21725.0,21217.0,21720.0,90986.0,1953652197.0,0.0
MHImain,HKFE,2022-07-08 00:00:00,21728.0,22052.0,21632.0,21732.0,90813.0,1979935464.0,0.0
MHImain,HKFE,2022-07-11 00:00:00,21722.0,21861.0,21001.0,21162.0,98310.0,2098245983.0,0.0
MHImain,HKFE,2022-07-12 00:00:00,21168.0,21196.0,20797.0,20833.0,92314.0,1934055900.0,0.0
MHImain,HKFE,2022-07-13 00:00:00,20840.0,21061.0,20744.0,20821.0,94105.0,1967523605.0,0.0
MHImain,HKFE,2022-07-14 00:00:00,20840.0,20940.0,20543.0,20706.0,104942.0,2177205172.0,0.0
MHImain,HKFE,2022-07-15 00:00:00,20705.0,20726.0,20206.0,20280.0,111148.0,2275632682.0,0.0
MHImain,HKFE,2022-07-18 00:00:00,20295.0,20896.0,20074.0,20847.0,107569.0,2210189203.0,0.0
MHImain,HKFE,2022-07-19 00:00:00,20849.0,20976.0,20546.0,20655.0,85832.0,1777458301.0,0.0
MHImain,HKFE,2022-07-20 00:00:00,20670.0,21134.0,20670.0,20900.0,79088.0,1657468924.0,0.0
MHImain,HKFE,2022-07-21 00:00:00,20908.0,20917.0,20503.0,20575.0,94710.0,1961171539.0,0.0
MHImain,HKFE,2022-07-22 00:00:00,20580.0,20808.0,20515.0,20608.0,82891.0,1712153457.0,0.0
MHImain,HKFE,2022-07-25 00:00:00,20615.0,20696.0,20343.0,20550.0,81428.0,1669933713.0,0.0
MHImain,HKFE,2022-07-26 00:00:00,20566.0,20976.0,20543.0,20876.0,76560.0,1590466737.0,0.0
MHImain,HKFE,2022-07-27 00:00:00,20892.0,20893.0,20575.0,20666.0,63331.0,1309866631.0,0.0
MHImain,HKFE,2022-07-28 00:00:00,20649.0,20765.0,20493.0,20598.0,61471.0,1267425506.0,0.0
MHImain,HKFE,2022-07-29 00:00:00,20595.0,20658.0,20017.0,20109.0,101807.0,2069755973.0,0.0
MHImain,HKFE,2022-08-01 00:00:00,20109.0,20235.0,19854.0,20137.0,87754.0,1758185743.0,0.0
MHImain,HKFE,2022-08-02 00:00:00,20138.0,20170.0,19470.0,19594.0,99590.0,1964393523.0,0.0
MHImain,HKFE,2022-08-03 00:00:00,19618.0,19973.0,19458.0,19745.0,105029.0,2072390298.0,0.0
MHImain,HKFE,2022-08-04 00:00:00,19746.0,20195.0,19665.0,20135.0,81392.0,1628273363.0,0.0
MHImain,HKFE,2022-08-05 00:00:00,20136.0,20353.0,20050.0,20115.0,88236.0,1781007940.0,0.0
MHImain,HKFE,2022-08-08 00:00:00,20109.0,20165.0,19908.0,20000.0,78421.0,1569611561.0,0.0
MHImain,HKFE,2022-08-09 00:00:00,19999.0,20236.0,19816.0,19998.0,86714.0,1735619495.0,0.0
MHImain,HKFE,2022-08-10 00:00:00,19994.0,20034.0,19426.0,19557.0,79698.0,1568922204.0,0.0
MHImain,HKFE,2022-08-11 00:00:00,19570.0,20075.0,19570.0,20021.0,91272.0,1811945667.0,0.0
MHImain,HKFE,2022-08-12 00:00:00,20030.0,20333.0,19979.0,20134.0,85655.0,1722772555.0,0.0
MHImain,HKFE,2022-08-15 00:00:00,20116.0,20253.0,19870.0,20034.0,84356.0,1691574186.0,0.0
MHImain,HKFE,2022-08-16 00:00:00,20027.0,20165.0,19649.0,19825.0,89811.0,1791347115.0,0.0
MHImain,HKFE,2022-08-17 00:00:00,19839.0,20068.0,19776.0,19903.0,74378.0,1480992188.0,0.0
MHImain,HKFE,2022-08-18 00:00:00,19896.0,19993.0,19658.0,19736.0,78833.0,1561887713.0,0.0
MHImain,HKFE,2022-08-19 00:00:00,19745.0,19898.0,19603.0,19723.0,73486.0,1452224527.0,0.0
MHImain,HKFE,2022-08-22 00:00:00,19727.0,19818.0,19452.0,19593.0,75607.0,1487189158.0,0.0
MHImain,HKFE,2022-08-23 00:00:00,19596.0,19679.0,19345.0,19473.0,80273.0,1566861032.0,0.0
MHImain,HKFE,2022-08-24 00:00:00,19481.0,19545.0,19165.0,19241.0,78693.0,1521599368.0,0.0
MHImain,HKFE,2022-08-25 00:00:00,19254.0,19974.0,19204.0,19920.0,63485.0,1250003415.0,0.0
MHImain,HKFE,2022-08-26 00:00:00,19944.0,20237.0,19865.0,20124.0,91409.0,1835722825.0,0.0
MHImain,HKFE,2022-08-29 00:00:00,20140.0,20674.0,19857.0,20027.0,94000.0,1896806291.0,0.0
MHImain,HKFE,2022-08-30 00:00:00,19920.0,20127.0,19526.0,19872.0,74670.0,1476283885.0,0.0
MHImain,HKFE,2022-08-31 00:00:00,19850.0,20075.0,19414.0,19827.0,105720.0,2083330880.0,0.0
MHImain,HKFE,2022-09-01 00:00:00,19818.0,19966.0,19446.0,19500.0,93360.0,1835613351.0,0.0
MHImain,HKFE,2022-09-02 00:00:00,19525.0,19563.0,19247.0,19401.0,82038.0,1591688826.0,0.0
MHImain,HKFE,2022-09-05 00:00:00,19404.0,19458.0,18972.0,19145.0,84930.0,1628473818.0,0.0
MHImain,HKFE,2022-09-06 00:00:00,19157.0,19322.0,19060.0,19135.0,67779.0,1300267502.0,0.0
MHImain,HKFE,2022-09-07 00:00:00,19131.0,19168.0,18772.0,19002.0,91170.0,1724892234.0,0.0
MHImain,HKFE,2022-09-08 00:00:00,18997.0,19104.0,18770.0,18856.0,77524.0,1466737682.0,0.0
MHImain,HKFE,2022-09-09 00:00:00,18864.0,19413.0,18722.0,19360.0,88202.0,1687882717.0,0.0
MHImain,HKFE,2022-09-13 00:00:00,19352.0,19514.0,19226.0,19319.0,68122.0,1319837072.0,0.0
MHImain,HKFE,2022-09-14 00:00:00,19319.0,19405.0,18759.0,18804.0,80366.0,1520975059.0,0.0
MHImain,HKFE,2022-09-15 00:00:00,18830.0,18989.0,18742.0,18861.0,65072.0,1228529742.0,0.0
MHImain,HKFE,2022-09-16 00:00:00,18867.0,18948.0,18637.0,18713.0,81811.0,1536729614.0,0.0
MHImain,HKFE,2022-09-19 00:00:00,18731.0,18791.0,18488.0,18579.0,77801.0,1447655727.0,0.0
MHImain,HKFE,2022-09-20 00:00:00,18575.0,18873.0,18516.0,18756.0,72993.0,1367741356.0,0.0
MHImain,HKFE,2022-09-21 00:00:00,18747.0,18747.0,18421.0,18453.0,74770.0,1386598645.0,0.0
MHImain,HKFE,2022-09-22 00:00:00,18454.0,18497.0,17955.0,18166.0,75576.0,1372812451.0,0.0
MHImain,HKFE,2022-09-23 00:00:00,18142.0,18225.0,17869.0,17890.0,78197.0,1411430476.0,0.0
MHImain,HKFE,2022-09-26 00:00:00,17872.0,18084.0,17700.0,17869.0,93202.0,1665870214.0,0.0
MHImain,HKFE,2022-09-27 00:00:00,17876.0,17976.0,17651.0,17831.0,80338.0,1430398297.0,0.0
MHImain,HKFE,2022-09-28 00:00:00,17820.0,17888.0,17175.0,17251.0,85517.0,1495878297.0,0.0
MHImain,HKFE,2022-09-29 00:00:00,17241.0,17665.0,17027.0,17175.0,84593.0,1468342369.0,0.0
MHImain,HKFE,2022-09-30 00:00:00,17180.0,17362.0,17044.0,17211.0,102367.0,1761344627.0,0.0
MHImain,HKFE,2022-10-03 00:00:00,17232.0,17328.0,16928.0,17078.0,82846.0,1417769515.0,0.0
MHImain,HKFE,2022-10-05 00:00:00,17096.0,18204.0,17065.0,18077.0,102650.0,1830604177.0,0.0
MHImain,HKFE,2022-10-06 00:00:00,18082.0,18164.0,17866.0,17991.0,79281.0,1429324592.0,0.0
MHImain,HKFE,2022-10-07 00:00:00,17998.0,18013.0,17713.0,17743.0,71128.0,1269507803.0,0.0
MHImain,HKFE,2022-10-10 00:00:00,17750.0,17798.0,17189.0,17220.0,91277.0,1588220267.0,0.0
MHImain,HKFE,2022-10-11 00:00:00,17233.0,17326.0,16793.0,16846.0,99526.0,1692971986.0,0.0
MHImain,HKFE,2022-10-12 00:00:00,16834.0,17060.0,16444.0,16725.0,138411.0,2311437287.0,0.0
MHImain,HKFE,2022-10-13 00:00:00,16728.0,16777.0,16385.0,16402.0,102226.0,1693962420.0,0.0
MHImain,HKFE,2022-10-14 00:00:00,16425.0,17038.0,16135.0,16596.0,145947.0,2432553727.0,0.0
MHImain,HKFE,2022-10-17 00:00:00,16596.0,16767.0,16322.0,16576.0,118887.0,1963753755.0,0.0
MHImain,HKFE,2022-10-18 00:00:00,16580.0,16960.0,16548.0,16890.0,108612.0,1822201306.0,0.0
MHImain,HKFE,2022-10-19 00:00:00,16878.0,16982.0,16487.0,16519.0,107641.0,1801075661.0,0.0
MHImain,HKFE,2022-10-20 00:00:00,16528.0,16561.0,16016.0,16242.0,123095.0,2000301718.0,0.0
MHImain,HKFE,2022-10-21 00:00:00,16264.0,16608.0,16141.0,16185.0,105881.0,1726564572.0,0.0
MHImain,HKFE,2022-10-24 00:00:00,16198.0,16393.0,15091.0,15130.0,159001.0,2489573631.0,0.0
MHImain,HKFE,2022-10-25 00:00:00,15140.0,15448.0,14797.0,15178.0,165519.0,2509683578.0,0.0
MHImain,HKFE,2022-10-26 00:00:00,15165.0,15594.0,15051.0,15339.0,121304.0,1861675087.0,0.0
MHImain,HKFE,2022-10-27 00:00:00,15347.0,15843.0,15219.0,15465.0,105661.0,1649789826.0,0.0
MHImain,HKFE,2022-10-28 00:00:00,15498.0,15618.0,14803.0,14881.0,98845.0,1499648827.0,0.0
MHImain,HKFE,2022-10-31 00:00:00,14888.0,15144.0,14616.0,14632.0,122358.0,1820553077.0,0.0
MHImain,HKFE,2022-11-01 00:00:00,14664.0,15647.0,14623.0,15457.0,168591.0,2563811504.0,0.0
MHImain,HKFE,2022-11-02 00:00:00,15438.0,15888.0,15284.0,15835.0,102352.0,1589835983.0,0.0
MHImain,HKFE,2022-11-03 00:00:00,15498.0,15634.0,15298.0,15314.0,82965.0,1281154076.0,0.0
MHImain,HKFE,2022-11-04 00:00:00,15320.0,16538.0,15217.0,16169.0,166400.0,2663734858.0,0.0
MHImain,HKFE,2022-11-07 00:00:00,16152.0,16847.0,15933.0,16644.0,173509.0,2858306584.0,0.0
MHImain,HKFE,2022-11-08 00:00:00,16666.0,16783.0,16445.0,16580.0,107072.0,1775287756.0,0.0
MHImain,HKFE,2022-11-09 00:00:00,16584.0,16762.0,16230.0,16413.0,111939.0,1843064833.0,0.0
MHImain,HKFE,2022-11-10 00:00:00,16390.0,16403.0,15946.0,16075.0,93012.0,1495994221.0,0.0
MHImain,HKFE,2022-11-11 00:00:00,16080.0,17388.0,16039.0,17352.0,166011.0,2815379234.0,0.0
MHImain,HKFE,2022-11-14 00:00:00,17338.0,18201.0,17335.0,17679.0,145655.0,2582802354.0,0.0
MHImain,HKFE,2022-11-15 00:00:00,17670.0,18382.0,17558.0,18321.0,148256.0,2675150025.0,0.0
MHImain,HKFE,2022-11-16 00:00:00,18305.0,18494.0,18049.0,18229.0,134360.0,2453590968.0,0.0
MHImain,HKFE,2022-11-17 00:00:00,18228.0,18320.0,17723.0,18045.0,127795.0,2298498808.0,0.0
MHImain,HKFE,2022-11-18 00:00:00,18042.0,18466.0,17741.0,17992.0,126178.0,2287645408.0,0.0
MHImain,HKFE,2022-11-21 00:00:00,18000.0,18099.0,17395.0,17666.0,98637.0,1742109796.0,0.0
MHImain,HKFE,2022-11-22 00:00:00,17663.0,17785.0,17307.0,17473.0,105657.0,1854862879.0,0.0
MHImain,HKFE,2022-11-23 00:00:00,17485.0,17662.0,17386.0,17565.0,99442.0,1741867753.0,0.0
MHImain,HKFE,2022-11-24 00:00:00,17573.0,17780.0,17527.0,17658.0,82627.0,1458088518.0,0.0
MHImain,HKFE,2022-11-25 00:00:00,17665.0,17748.0,17413.0,17571.0,70310.0,1233614461.0,0.0
MHImain,HKFE,2022-11-28 00:00:00,17586.0,17649.0,16825.0,17315.0,79244.0,1358572213.0,0.0
MHImain,HKFE,2022-11-29 00:00:00,17411.0,18335.0,17361.0,18334.0,98449.0,1764446608.0,0.0
MHImain,HKFE,2022-11-30 00:00:00,18304.0,18724.0,18123.0,18621.0,114217.0,2098860195.0,0.0
MHImain,HKFE,2022-12-01 00:00:00,18625.0,19295.0,18625.0,18791.0,122127.0,2314789317.0,0.0
MHImain,HKFE,2022-12-02 00:00:00,18780.0,19006.0,18604.0,18760.0,91518.0,1719787335.0,0.0
MHImain,HKFE,2022-12-05 00:00:00,18774.0,19606.0,18532.0,19530.0,127839.0,2462393880.0,0.0
MHImain,HKFE,2022-12-06 00:00:00,19534.0,19643.0,19119.0,19502.0,110629.0,2146714990.0,0.0
MHImain,HKFE,2022-12-07 00:00:00,19518.0,19807.0,18837.0,18904.0,145600.0,2825525743.0,0.0
MHImain,HKFE,2022-12-08 00:00:00,18881.0,19570.0,18750.0,19502.0,123979.0,2384313085.0,0.0
MHImain,HKFE,2022-12-09 00:00:00,19486.0,19993.0,19418.0,19939.0,122608.0,2416212700.0,0.0
MHImain,HKFE,2022-12-12 00:00:00,19954.0,19957.0,19411.0,19444.0,101797.0,1999612807.0,0.0
MHImain,HKFE,2022-12-13 00:00:00,19422.0,19758.0,19273.0,19690.0,92393.0,1808664948.0,0.0
MHImain,HKFE,2022-12-14 00:00:00,19688.0,20168.0,19431.0,19725.0,122513.0,2425518178.0,0.0
MHImain,HKFE,2022-12-15 00:00:00,19711.0,19802.0,19271.0,19385.0,87198.0,1698490654.0,0.0
MHImain,HKFE,2022-12-16 00:00:00,19377.0,19842.0,19161.0,19389.0,134079.0,2610484718.0,0.0
MHImain,HKFE,2022-12-19 00:00:00,19375.0,19832.0,19281.0,19447.0,96684.0,1882355939.0,0.0
MHImain,HKFE,2022-12-20 00:00:00,19451.0,19493.0,18917.0,19130.0,103437.0,1981784611.0,0.0
MHImain,HKFE,2022-12-21 00:00:00,19134.0,19293.0,19078.0,19189.0,76501.0,1467434852.0,0.0
MHImain,HKFE,2022-12-22 00:00:00,19189.0,19774.0,19159.0,19680.0,87845.0,1720016221.0,0.0
MHImain,HKFE,2022-12-23 00:00:00,19679.0,19818.0,19259.0,19550.0,84611.0,1655618326.0,0.0
MHImain,HKFE,2022-12-28 00:00:00,19551.0,20130.0,19385.0,20019.0,81149.0,1611368465.0,0.0
MHImain,HKFE,2022-12-29 00:00:00,20091.0,20143.0,19622.0,19836.0,61536.0,1217529175.0,0.0
MHImain,HKFE,2022-12-30 00:00:00,19837.0,20180.0,19837.0,19918.0,84468.0,1688630122.0,0.0
MHImain,HKFE,2023-01-03 00:00:00,19915.0,20305.0,19338.0,20242.0,123530.0,2455238368.0,0.0
MHImain,HKFE,2023-01-04 00:00:00,20245.0,20958.0,20161.0,20925.0,112059.0,2300975955.0,0.0
MHImain,HKFE,2023-01-05 00:00:00,20922.0,21474.0,20854.0,21215.0,117944.0,2496524254.0,0.0
MHImain,HKFE,2023-01-06 00:00:00,21194.0,21407.0,20939.0,21075.0,108607.0,2300185459.0,0.0
MHImain,HKFE,2023-01-09 00:00:00,21057.0,21561.0,21002.0,21490.0,101060.0,2158431438.0,0.0
MHImain,HKFE,2023-01-10 00:00:00,21485.0,21595.0,21251.0,21428.0,87904.0,1882343990.0,0.0
MHImain,HKFE,2023-01-11 00:00:00,21424.0,21756.0,21352.0,21532.0,99331.0,2142807085.0,0.0
MHImain,HKFE,2023-01-12 00:00:00,21550.0,21766.0,21291.0,21592.0,108152.0,2331309740.0,0.0
MHImain,HKFE,2023-01-13 00:00:00,21585.0,21837.0,21473.0,21778.0,108352.0,2345473794.0,0.0
MHImain,HKFE,2023-01-16 00:00:00,21788.0,21997.0,21634.0,21723.0,100668.0,2197078041.0,0.0
MHImain,HKFE,2023-01-17 00:00:00,21738.0,21840.0,21458.0,21630.0,79289.0,1714705683.0,0.0
MHImain,HKFE,2023-01-18 00:00:00,21626.0,21777.0,21460.0,21712.0,86074.0,1861377660.0,0.0
MHImain,HKFE,2023-01-19 00:00:00,21709.0,21833.0,21394.0,21653.0,90597.0,1957905185.0,0.0
MHImain,HKFE,2023-01-20 00:00:00,21643.0,22087.0,21548.0,21993.0,83685.0,1829027761.0,0.0
MHImain,HKFE,2023-01-26 00:00:00,21989.0,22589.0,21930.0,22580.0,74419.0,1665338710.0,0.0
MHImain,HKFE,2023-01-27 00:00:00,22579.0,22687.0,22495.0,22663.0,59374.0,1341359151.0,0.0
MHImain,HKFE,2023-01-30 00:00:00,22767.0,22801.0,22075.0,22137.0,80128.0,1798231579.0,0.0
MHImain,HKFE,2023-01-31 00:00:00,22165.0,22360.0,21704.0,21907.0,108645.0,2396008623.0,0.0
MHImain,HKFE,2023-02-01 00:00:00,21900.0,22138.0,21771.0,22100.0,101197.0,2221760276.0,0.0
MHImain,HKFE,2023-02-02 00:00:00,22090.0,22371.0,21982.0,22079.0,92825.0,2057795758.0,0.0
MHImain,HKFE,2023-02-03 00:00:00,22060.0,22079.0,21508.0,21645.0,100787.0,2190182691.0,0.0
MHImain,HKFE,2023-02-06 00:00:00,21654.0,21805.0,21125.0,21248.0,108771.0,2323004472.0,0.0
MHImain,HKFE,2023-02-07 00:00:00,21250.0,21550.0,21067.0,21350.0,93553.0,1998547957.0,0.0
MHImain,HKFE,2023-02-08 00:00:00,21350.0,21495.0,21114.0,21258.0,94342.0,2011648580.0,0.0
MHImain,HKFE,2023-02-09 00:00:00,21275.0,21703.0,21085.0,21680.0,102876.0,2202833784.0,0.0
MHImain,HKFE,2023-02-10 00:00:00,21681.0,21747.0,21172.0,21231.0,89936.0,1926524628.0,0.0
MHImain,HKFE,2023-02-13 00:00:00,21203.0,21253.0,20814.0,21180.0,95119.0,2004214954.0,0.0
MHImain,HKFE,2023-02-14 00:00:00,21171.0,21347.0,21078.0,21098.0,73061.0,1547349006.0,0.0
MHImain,HKFE,2023-02-15 00:00:00,21096.0,21298.0,20734.0,20816.0,95458.0,1999281037.0,0.0
MHImain,HKFE,2023-02-16 00:00:00,20831.0,21334.0,20756.0,21006.0,100318.0,2112858702.0,0.0
MHImain,HKFE,2023-02-17 00:00:00,20984.0,21087.0,20634.0,20640.0,86111.0,1799046579.0,0.0
MHImain,HKFE,2023-02-20 00:00:00,20633.0,20993.0,20503.0,20886.0,90274.0,1874745465.0,0.0
MHImain,HKFE,2023-02-21 00:00:00,20889.0,20970.0,20512.0,20550.0,89978.0,1865667493.0,0.0
MHImain,HKFE,2023-02-22 00:00:00,20537.0,20663.0,20340.0,20345.0,96993.0,1989202531.0,0.0
MHImain,HKFE,2023-02-23 00:00:00,20350.0,20600.0,20283.0,20361.0,94024.0,1920579087.0,0.0
MHImain,HKFE,2023-02-24 00:00:00,20342.0,20456.0,19939.0,19970.0,85224.0,1716907403.0,0.0
MHImain,HKFE,2023-02-27 00:00:00,19971.0,20073.0,19663.0,19919.0,72307.0,1439119612.0,0.0
MHImain,HKFE,2023-02-28 00:00:00,19943.0,20182.0,19718.0,19739.0,97205.0,1940856199.0,0.0
MHImain,HKFE,2023-03-01 00:00:00,19754.0,20654.0,19734.0,20587.0,109682.0,2220037396.0,0.0
MHImain,HKFE,2023-03-02 00:00:00,20600.0,20609.0,20336.0,20460.0,85743.0,1755542114.0,0.0
MHImain,HKFE,2023-03-03 00:00:00,20475.0,20802.0,20410.0,20577.0,82669.0,1704272060.0,0.0
MHImain,HKFE,2023-03-06 00:00:00,20583.0,20740.0,20359.0,20624.0,81848.0,1685078291.0,0.0
MHImain,HKFE,2023-03-07 00:00:00,20610.0,21055.0,20372.0,20576.0,119332.0,2470482603.0,0.0
MHImain,HKFE,2023-03-08 00:00:00,20584.0,20592.0,19981.0,20029.0,91203.0,1839423121.0,0.0
MHImain,HKFE,2023-03-09 00:00:00,20029.0,20181.0,19902.0,19930.0,86985.0,1745474408.0,0.0
MHImain,HKFE,2023-03-10 00:00:00,19949.0,19949.0,19272.0,19311.0,98337.0,1922358362.0,0.0
MHImain,HKFE,2023-03-13 00:00:00,19320.0,19827.0,19281.0,19620.0,118825.0,2325851037.0,0.0
MHImain,HKFE,2023-03-14 00:00:00,19620.0,19671.0,19136.0,19271.0,131712.0,2558279321.0,0.0
MHImain,HKFE,2023-03-15 00:00:00,19249.0,19780.0,19189.0,19599.0,108044.0,2115233167.0,0.0
MHImain,HKFE,2023-03-16 00:00:00,19592.0,19592.0,19025.0,19151.0,126056.0,2423614411.0,0.0
MHImain,HKFE,2023-03-17 00:00:00,19157.0,19628.0,19053.0,19578.0,108556.0,2106800364.0,0.0
MHImain,HKFE,2023-03-20 00:00:00,19597.0,19639.0,18845.0,18928.0,111551.0,2137173757.0,0.0
MHImain,HKFE,2023-03-21 00:00:00,18937.0,19306.0,18937.0,19272.0,100284.0,1921096332.0,0.0
MHImain,HKFE,2023-03-22 00:00:00,19275.0,19795.0,19261.0,19600.0,89515.0,1753344961.0,0.0
MHImain,HKFE,2023-03-23 00:00:00,19614.0,20081.0,19520.0,20035.0,105580.0,2087569639.0,0.0
MHImain,HKFE,2023-03-24 00:00:00,20030.0,20229.0,19840.0,19905.0,93063.0,1859967656.0,0.0
MHImain,HKFE,2023-03-27 00:00:00,19901.0,19951.0,19501.0,19603.0,113814.0,2242767329.0,0.0
MHImain,HKFE,2023-03-28 00:00:00,19609.0,19895.0,19533.0,19780.0,84494.0,1663897573.0,0.0
MHImain,HKFE,2023-03-29 00:00:00,19798.0,20538.0,19798.0,20229.0,87275.0,1761844861.0,0.0
MHImain,HKFE,2023-03-30 00:00:00,20296.0,20391.0,20052.0,20350.0,76186.0,1542613899.0,0.0
MHImain,HKFE,2023-03-31 00:00:00,20364.0,20792.0,20317.0,20480.0,101587.0,2090561592.0,0.0
MHImain,HKFE,2023-04-03 00:00:00,20496.0,20563.0,20253.0,20452.0,83707.0,1708787206.0,0.0
MHImain,HKFE,2023-04-04 00:00:00,20456.0,20555.0,20158.0,20309.0,78884.0,1603861526.0,0.0
MHImain,HKFE,2023-04-06 00:00:00,20313.0,20458.0,20068.0,20306.0,83299.0,1689329908.0,0.0
MHImain,HKFE,2023-04-11 00:00:00,20317.0,20811.0,20276.0,20554.0,97394.0,1998053946.0,0.0
MHImain,HKFE,2023-04-12 00:00:00,20565.0,20624.0,20278.0,20365.0,76695.0,1566190767.0,0.0
MHImain,HKFE,2023-04-13 00:00:00,20360.0,20452.0,19896.0,20375.0,102837.0,2075779601.0,0.0
MHImain,HKFE,2023-04-14 00:00:00,20369.0,20550.0,20318.0,20443.0,75176.0,1535623293.0,0.0
MHImain,HKFE,2023-04-17 00:00:00,20439.0,20899.0,20246.0,20785.0,99028.0,2036085813.0,0.0
MHImain,HKFE,2023-04-18 00:00:00,20768.0,20808.0,20566.0,20658.0,83192.0,1718952471.0,0.0
MHImain,HKFE,2023-04-19 00:00:00,20660.0,20776.0,20309.0,20324.0,83909.0,1721508840.0,0.0
MHImain,HKFE,2023-04-20 00:00:00,20316.0,20486.0,20292.0,20395.0,79422.0,1619626454.0,0.0
MHImain,HKFE,2023-04-21 00:00:00,20384.0,20483.0,19977.0,20029.0,96447.0,1952488830.0,0.0
MHImain,HKFE,2023-04-24 00:00:00,20037.0,20154.0,19744.0,19924.0,96565.0,1927319565.0,0.0
MHImain,HKFE,2023-04-25 00:00:00,19933.0,19973.0,19536.0,19569.0,85967.0,1694299288.0,0.0
MHImain,HKFE,2023-04-26 00:00:00,19566.0,19926.0,19373.0,19754.0,81066.0,1595142320.0,0.0
MHImain,HKFE,2023-04-27 00:00:00,19694.0,19846.0,19603.0,19758.0,69889.0,1378290971.0,0.0
MHImain,HKFE,2023-04-28 00:00:00,19775.0,20135.0,19713.0,19802.0,81671.0,1627415020.0,0.0
MHImain,HKFE,2023-05-02 00:00:00,19800.0,20257.0,19705.0,19841.0,91440.0,1822789607.0,0.0
MHImain,HKFE,2023-05-03 00:00:00,19833.0,19866.0,19468.0,19597.0,82363.0,1613443318.0,0.0
MHImain,HKFE,2023-05-04 00:00:00,19600.0,19943.0,19546.0,19914.0,87386.0,1729834482.0,0.0
MHImain,HKFE,2023-05-05 00:00:00,19924.0,20168.0,19825.0,19981.0,84364.0,1687523942.0,0.0
MHImain,HKFE,2023-05-08 00:00:00,19995.0,20283.0,19899.0,20258.0,85881.0,1727860131.0,0.0
MHImain,HKFE,2023-05-09 00:00:00,20253.0,20287.0,19755.0,19778.0,89910.0,1804085514.0,0.0
MHImain,HKFE,2023-05-10 00:00:00,19771.0,19874.0,19625.0,19700.0,74170.0,1462752455.0,0.0
MHImain,HKFE,2023-05-11 00:00:00,19691.0,19866.0,19520.0,19712.0,93837.0,1849001868.0,0.0
MHImain,HKFE,2023-05-12 00:00:00,19712.0,19865.0,19549.0,19596.0,82739.0,1628546329.0,0.0
MHImain,HKFE,2023-05-15 00:00:00,19612.0,20040.0,19396.0,19955.0,102109.0,2011502790.0,0.0
MHImain,HKFE,2023-05-16 00:00:00,19963.0,20191.0,19840.0,19909.0,75565.0,1511522374.0,0.0
MHImain,HKFE,2023-05-17 00:00:00,19910.0,19953.0,19456.0,19486.0,88304.0,1745830402.0,0.0
MHImain,HKFE,2023-05-18 00:00:00,19479.0,19848.0,19448.0,19676.0,92282.0,1815110644.0,0.0
MHImain,HKFE,2023-05-19 00:00:00,19671.0,19726.0,19303.0,19390.0,93937.0,1827853857.0,0.0
MHImain,HKFE,2023-05-22 00:00:00,19414.0,19782.0,19372.0,19685.0,90187.0,1766911793.0,0.0
MHImain,HKFE,2023-05-23 00:00:00,19690.0,19819.0,19351.0,19434.0,80719.0,1582523203.0,0.0
MHImain,HKFE,2023-05-24 00:00:00,19417.0,19437.0,19026.0,19080.0,81342.0,1562809130.0,0.0
MHImain,HKFE,2023-05-25 00:00:00,19086.0,19097.0,18608.0,18697.0,82649.0,1553382928.0,0.0
MHImain,HKFE,2023-05-29 00:00:00,18708.0,18876.0,18495.0,18530.0,68743.0,1284146093.0,0.0
MHImain,HKFE,2023-05-30 00:00:00,18524.0,18610.0,18316.0,18494.0,68291.0,1261087692.0,0.0
MHImain,HKFE,2023-05-31 00:00:00,18518.0,18541.0,17966.0,18193.0,93927.0,1707218135.0,0.0
MHImain,HKFE,2023-06-01 00:00:00,18199.0,18395.0,17949.0,18150.0,102304.0,1863320059.0,0.0
MHImain,HKFE,2023-06-02 00:00:00,18153.0,18946.0,18076.0,18884.0,107230.0,1998423977.0,0.0
MHImain,HKFE,2023-06-05 00:00:00,18908.0,19148.0,18813.0,19023.0,92919.0,1762988441.0,0.0
MHImain,HKFE,2023-06-06 00:00:00,19025.0,19312.0,18917.0,18995.0,93415.0,1784299498.0,0.0
MHImain,HKFE,2023-06-07 00:00:00,18990.0,19380.0,18969.0,19220.0,87744.0,1687557434.0,0.0
MHImain,HKFE,2023-06-08 00:00:00,19221.0,19382.0,19051.0,19255.0,88041.0,1690310031.0,0.0
MHImain,HKFE,2023-06-09 00:00:00,19248.0,19454.0,19192.0,19364.0,78310.0,1513468388.0,0.0
MHImain,HKFE,2023-06-12 00:00:00,19370.0,19447.0,19225.0,19400.0,78945.0,1526847302.0,0.0
MHImain,HKFE,2023-06-13 00:00:00,19404.0,19569.0,19241.0,19515.0,82033.0,1591274489.0,0.0
MHImain,HKFE,2023-06-14 00:00:00,19501.0,19649.0,19352.0,19422.0,78680.0,1534870572.0,0.0
MHImain,HKFE,2023-06-15 00:00:00,19399.0,19848.0,19391.0,19810.0,96971.0,1905039711.0,0.0
MHImain,HKFE,2023-06-16 00:00:00,19810.0,20184.0,19785.0,20125.0,91329.0,1825728704.0,0.0
MHImain,HKFE,2023-06-19 00:00:00,20133.0,20204.0,19721.0,19895.0,89098.0,1774889561.0,0.0
MHImain,HKFE,2023-06-20 00:00:00,19905.0,19977.0,19511.0,19581.0,73753.0,1452328704.0,0.0
MHImain,HKFE,2023-06-21 00:00:00,19581.0,19589.0,19183.0,19248.0,88159.0,1702144265.0,0.0
MHImain,HKFE,2023-06-23 00:00:00,19262.0,19307.0,18792.0,18875.0,74833.0,1420689095.0,0.0
MHImain,HKFE,2023-06-26 00:00:00,18860.0,19022.0,18675.0,18793.0,80662.0,1520031455.0,0.0
MHImain,HKFE,2023-06-27 00:00:00,18797.0,19227.0,18779.0,19142.0,74384.0,1415502154.0,0.0
MHImain,HKFE,2023-06-28 00:00:00,19140.0,19230.0,19021.0,19138.0,56685.0,1084078144.0,0.0
MHImain,HKFE,2023-06-29 00:00:00,19063.0,19118.0,18752.0,18818.0,65719.0,1241421702.0,0.0
MHImain,HKFE,2023-06-30 00:00:00,18825.0,18997.0,18716.0,18805.0,72441.0,1365395709.0,0.0
MHImain,HKFE,2023-07-03 00:00:00,18816.0,19303.0,18816.0,19244.0,86805.0,1658160687.0,0.0
MHImain,HKFE,2023-07-04 00:00:00,19233.0,19380.0,19155.0,19340.0,75484.0,1454795634.0,0.0
MHImain,HKFE,2023-07-05 00:00:00,19340.0,19350.0,18979.0,19013.0,68500.0,1310048922.0,0.0
MHImain,HKFE,2023-07-06 00:00:00,19035.0,19035.0,18500.0,18540.0,89050.0,1671903123.0,0.0
MHImain,HKFE,2023-07-07 00:00:00,18555.0,18600.0,18295.0,18367.0,86174.0,1587157601.0,0.0
MHImain,HKFE,2023-07-10 00:00:00,18371.0,18820.0,18367.0,18545.0,88917.0,1654561186.0,0.0
MHImain,HKFE,2023-07-11 00:00:00,18554.0,18848.0,18506.0,18644.0,84052.0,1572016705.0,0.0
MHImain,HKFE,2023-07-12 00:00:00,18653.0,18973.0,18579.0,18862.0,89427.0,1684718657.0,0.0
MHImain,HKFE,2023-07-13 00:00:00,18856.0,19418.0,18852.0,19398.0,93443.0,1799659975.0,0.0
MHImain,HKFE,2023-07-14 00:00:00,19386.0,19595.0,19361.0,19455.0,74695.0,1454219321.0,0.0
MHImain,HKFE,2023-07-17 00:00:00,19442.0,19450.0,19281.0,19316.0,15801.0,305799993.0,0.0
MHImain,HKFE,2023-07-18 00:00:00,19275.0,19383.0,18990.0,19030.0,59869.0,1143504067.0,0.0
MHImain,HKFE,2023-07-19 00:00:00,19034.0,19047.0,18708.0,18902.0,93482.0,1763569515.0,0.0
MHImain,HKFE,2023-07-20 00:00:00,18910.0,19248.0,18897.0,18952.0,90097.0,1715535214.0,0.0
MHImain,HKFE,2023-07-21 00:00:00,18967.0,19198.0,18850.0,19061.0,84220.0,1601769246.0,0.0
MHImain,HKFE,2023-07-24 00:00:00,19057.0,19109.0,18545.0,18676.0,87662.0,1647501525.0,0.0
MHImain,HKFE,2023-07-25 00:00:00,18677.0,19505.0,18669.0,19492.0,118030.0,2269262094.0,0.0
MHImain,HKFE,2023-07-26 00:00:00,19486.0,19608.0,19262.0,19378.0,74113.0,1436738913.0,0.0
MHImain,HKFE,2023-07-27 00:00:00,19361.0,19722.0,19276.0,19683.0,75468.0,1477811540.0,0.0
MHImain,HKFE,2023-07-28 00:00:00,19712.0,20002.0,19363.0,19962.0,83403.0,1644980939.0,0.0
MHImain,HKFE,2023-07-31 00:00:00,19942.0,20421.0,19942.0,20201.0,102612.0,2076540310.0,0.0
MHImain,HKFE,2023-08-01 00:00:00,20211.0,20404.0,19966.0,20028.0,96482.0,1948291323.0,0.0
MHImain,HKFE,2023-08-02 00:00:00,20022.0,20091.0,19485.0,19525.0,103150.0,2041063135.0,0.0
MHImain,HKFE,2023-08-03 00:00:00,19512.0,19689.0,19350.0,19441.0,104420.0,2037957174.0,0.0
MHImain,HKFE,2023-08-04 00:00:00,19458.0,19899.0,19432.0,19530.0,106294.0,2090415045.0,0.0
MHImain,HKFE,2023-08-07 00:00:00,19530.0,19673.0,19362.0,19530.0,87474.0,1708054559.0,0.0
MHImain,HKFE,2023-08-08 00:00:00,19516.0,19576.0,19105.0,19144.0,95537.0,1842119078.0,0.0
MHImain,HKFE,2023-08-09 00:00:00,19156.0,19283.0,18894.0,19239.0,90717.0,1733863610.0,0.0
MHImain,HKFE,2023-08-10 00:00:00,19239.0,19342.0,19021.0,19256.0,98788.0,1892780134.0,0.0
MHImain,HKFE,2023-08-11 00:00:00,19256.0,19517.0,19055.0,19085.0,100929.0,1940923735.0,0.0
MHImain,HKFE,2023-08-14 00:00:00,19069.0,19074.0,18548.0,18727.0,103317.0,1934284362.0,0.0
MHImain,HKFE,2023-08-15 00:00:00,18727.0,18752.0,18502.0,18530.0,102128.0,1901575985.0,0.0
MHImain,HKFE,2023-08-16 00:00:00,18549.0,18597.0,18257.0,18290.0,89175.0,1637763256.0,0.0
MHImain,HKFE,2023-08-17 00:00:00,18290.0,18389.0,17883.0,18261.0,126108.0,2289519659.0,0.0
MHImain,HKFE,2023-08-18 00:00:00,18257.0,18402.0,17884.0,17900.0,96745.0,1756556429.0,0.0
MHImain,HKFE,2023-08-21 00:00:00,17914.0,17914.0,17574.0,17622.0,103771.0,1839727258.0,0.0
MHImain,HKFE,2023-08-22 00:00:00,17619.0,17958.0,17540.0,17744.0,112751.0,1996316834.0,0.0
MHImain,HKFE,2023-08-23 00:00:00,17749.0,17990.0,17589.0,17865.0,98262.0,1748304749.0,0.0
MHImain,HKFE,2023-08-24 00:00:00,17858.0,18258.0,17782.0,18196.0,99808.0,1802092418.0,0.0
MHImain,HKFE,2023-08-25 00:00:00,18194.0,18194.0,17935.0,17957.0,88262.0,1591205343.0,0.0
MHImain,HKFE,2023-08-28 00:00:00,17957.0,18542.0,17792.0,18151.0,93718.0,1705921609.0,0.0
MHImain,HKFE,2023-08-29 00:00:00,18145.0,18613.0,18128.0,18460.0,74663.0,1374108463.0,0.0
MHImain,HKFE,2023-08-30 00:00:00,18419.0,18708.0,18367.0,18376.0,70287.0,1303901137.0,0.0
MHImain,HKFE,2023-08-31 00:00:00,18376.0,18614.0,18267.0,18305.0,83161.0,1534282071.0,0.0
MHImain,HKFE,2023-09-01 00:00:00,18300.0,18442.0,18217.0,18350.0,21635.0,397166961.0,0.0
MHImain,HKFE,2023-09-04 00:00:00,18590.0,18897.0,18516.0,18802.0,68587.0,1285546701.0,0.0
MHImain,HKFE,2023-09-05 00:00:00,18809.0,18820.0,18378.0,18416.0,70119.0,1301782509.0,0.0
MHImain,HKFE,2023-09-06 00:00:00,18424.0,18533.0,18217.0,18430.0,79815.0,1465821765.0,0.0
MHImain,HKFE,2023-09-07 00:00:00,18425.0,18572.0,18147.0,18158.0,76441.0,1399641063.0,0.0
MHImain,HKFE,2023-09-08 00:00:00,18166.0,18190.0,17923.0,17967.0,19127.0,344809196.0,0.0
MHImain,HKFE,2023-09-11 00:00:00,17950.0,18192.0,17846.0,18115.0,73639.0,1670352892.0,0.0
MHImain,HKFE,2023-09-12 00:00:00,18117.0,18177.0,17893.0,18092.0,73873.0,1333067719.0,0.0
MHImain,HKFE,2023-09-13 00:00:00,18085.0,18230.0,17955.0,18060.0,74471.0,1346299273.0,0.0
MHImain,HKFE,2023-09-14 00:00:00,18050.0,18205.0,17942.0,18072.0,81605.0,1474531071.0,0.0
MHImain,HKFE,2023-09-15 00:00:00,18087.0,18418.0,18052.0,18187.0,105076.0,1916990542.0,0.0
MHImain,HKFE,2023-09-18 00:00:00,18187.0,18188.0,17879.0,17942.0,79554.0,1435083743.0,0.0
MHImain,HKFE,2023-09-19 00:00:00,17943.0,18033.0,17835.0,18008.0,69475.0,1245787353.0,0.0
MHImain,HKFE,2023-09-20 00:00:00,18008.0,18054.0,17838.0,17929.0,70807.0,1270680339.0,0.0
MHImain,HKFE,2023-09-21 00:00:00,17923.0,18068.0,17619.0,17668.0,67454.0,1198182910.0,0.0
MHImain,HKFE,2023-09-22 00:00:00,17658.0,18120.0,17517.0,18090.0,96853.0,1722794614.0,0.0
MHImain,HKFE,2023-09-25 00:00:00,18094.0,18178.0,17690.0,17701.0,70156.0,1256587073.0,0.0
MHImain,HKFE,2023-09-26 00:00:00,17698.0,17756.0,17381.0,17532.0,64171.0,1129266776.0,0.0
MHImain,HKFE,2023-09-27 00:00:00,17515.0,17688.0,17457.0,17626.0,57956.0,1019347715.0,0.0
MHImain,HKFE,2023-09-28 00:00:00,17671.0,17697.0,17389.0,17405.0,52370.0,917107450.0,0.0
MHImain,HKFE,2023-09-29 00:00:00,17400.0,17996.0,17382.0,17896.0,70783.0,1256420037.0,0.0
MHImain,HKFE,2023-10-03 00:00:00,17885.0,17923.0,17237.0,17354.0,75496.0,1316918366.0,0.0
MHImain,HKFE,2023-10-04 00:00:00,17352.0,17365.0,17133.0,17248.0,70724.0,1219646300.0,0.0
MHImain,HKFE,2023-10-05 00:00:00,17259.0,17373.0,17197.0,17260.0,63111.0,1091326229.0,0.0
MHImain,HKFE,2023-10-06 00:00:00,17258.0,17662.0,17184.0,17540.0,70500.0,1232876131.0,0.0
MHImain,HKFE,2023-10-09 00:00:00,17519.0,17750.0,17402.0,17572.0,56826.0,998395715.0,0.0
MHImain,HKFE,2023-10-10 00:00:00,17581.0,17975.0,17497.0,17875.0,82816.0,1472774305.0,0.0
MHImain,HKFE,2023-10-11 00:00:00,17855.0,18077.0,17808.0,17937.0,80988.0,1456031549.0,0.0
MHImain,HKFE,2023-10-12 00:00:00,17944.0,18390.0,17920.0,18281.0,74955.0,1366582392.0,0.0
MHImain,HKFE,2023-10-13 00:00:00,18281.0,18307.0,17793.0,17812.0,77640.0,1395499345.0,0.0
MHImain,HKFE,2023-10-16 00:00:00,17807.0,17887.0,17626.0,17681.0,73569.0,1306125042.0,0.0
MHImain,HKFE,2023-10-17 00:00:00,17683.0,17914.0,17640.0,17802.0,70160.0,1247679583.0,0.0
MHImain,HKFE,2023-10-18 00:00:00,17785.0,17872.0,17637.0,17756.0,79811.0,1418455181.0,0.0
MHImain,HKFE,2023-10-19 00:00:00,17766.0,17766.0,17251.0,17293.0,73664.0,1286012951.0,0.0
MHImain,HKFE,2023-10-20 00:00:00,17291.0,17438.0,17048.0,17170.0,82153.0,1415472865.0,0.0
MHImain,HKFE,2023-10-24 00:00:00,17164.0,17170.0,16877.0,16960.0,83691.0,1425849269.0,0.0
MHImain,HKFE,2023-10-25 00:00:00,16969.0,17552.0,16969.0,17128.0,112226.0,1940815349.0,0.0
MHImain,HKFE,2023-10-26 00:00:00,17123.0,17234.0,16922.0,17047.0,85507.0,1458368237.0,0.0
MHImain,HKFE,2023-10-27 00:00:00,17036.0,17509.0,16984.0,17410.0,87043.0,1500840523.0,0.0
MHImain,HKFE,2023-10-30 00:00:00,17439.0,17504.0,17200.0,17471.0,69254.0,1202045854.0,0.0
MHImain,HKFE,2023-10-31 00:00:00,17485.0,17590.0,17048.0,17143.0,89850.0,1551202560.0,0.0
MHImain,HKFE,2023-11-01 00:00:00,17155.0,17246.0,16977.0,17088.0,87790.0,1501856848.0,0.0
MHImain,HKFE,2023-11-02 00:00:00,17089.0,17486.0,17054.0,17299.0,88064.0,1521418498.0,0.0
MHImain,HKFE,2023-11-03 00:00:00,17300.0,17752.0,17293.0,17656.0,101885.0,1787586118.0,0.0
MHImain,HKFE,2023-11-06 00:00:00,17651.0,18072.0,17625.0,17992.0,88769.0,1591713316.0,0.0
MHImain,HKFE,2023-11-07 00:00:00,18000.0,18039.0,17679.0,17710.0,73214.0,1303931623.0,0.0
MHImain,HKFE,2023-11-08 00:00:00,17734.0,17796.0,17557.0,17621.0,83817.0,1481607783.0,0.0
MHImain,HKFE,2023-11-09 00:00:00,17610.0,17727.0,17481.0,17503.0,75846.0,1333252542.0,0.0
MHImain,HKFE,2023-11-10 00:00:00,17495.0,17625.0,17200.0,17223.0,73198.0,1268449579.0,0.0
MHImain,HKFE,2023-11-13 00:00:00,17218.0,17505.0,17136.0,17498.0,82972.0,1433556852.0,0.0
MHImain,HKFE,2023-11-14 00:00:00,17491.0,17658.0,17381.0,17403.0,79849.0,1396339609.0,0.0
MHImain,HKFE,2023-11-15 00:00:00,17414.0,18154.0,17414.0,18118.0,106882.0,1909860392.0,0.0
MHImain,HKFE,2023-11-16 00:00:00,18120.0,18430.0,17738.0,17844.0,124509.0,2242417240.0,0.0
MHImain,HKFE,2023-11-17 00:00:00,17860.0,17873.0,17430.0,17494.0,95555.0,1680917392.0,0.0
MHImain,HKFE,2023-11-20 00:00:00,17497.0,17824.0,17497.0,17768.0,90883.0,1606669160.0,0.0
MHImain,HKFE,2023-11-21 00:00:00,17775.0,18098.0,17712.0,17749.0,89379.0,1602919050.0,0.0
MHImain,HKFE,2023-11-22 00:00:00,17736.0,17822.0,17628.0,17744.0,72183.0,1280191079.0,0.0
MHImain,HKFE,2023-11-23 00:00:00,17756.0,17955.0,17589.0,17917.0,84746.0,1503524091.0,0.0
MHImain,HKFE,2023-11-24 00:00:00,17908.0,17968.0,17542.0,17590.0,66215.0,1171789130.0,0.0
MHImain,HKFE,2023-11-27 00:00:00,17594.0,17706.0,17358.0,17565.0,69371.0,1215523654.0,0.0
MHImain,HKFE,2023-11-28 00:00:00,17557.0,17557.0,17304.0,17344.0,56715.0,988911152.0,0.0
MHImain,HKFE,2023-11-29 00:00:00,17425.0,17481.0,16956.0,17042.0,74059.0,1273802240.0,0.0
MHImain,HKFE,2023-11-30 00:00:00,17069.0,17163.0,16940.0,17049.0,81511.0,1391172045.0,0.0
MHImain,HKFE,2023-12-01 00:00:00,17044.0,17137.0,16865.0,16898.0,92808.0,1579216585.0,0.0
MHImain,HKFE,2023-12-04 00:00:00,16905.0,17100.0,16679.0,16750.0,88789.0,1497004780.0,0.0
MHImain,HKFE,2023-12-05 00:00:00,16730.0,16793.0,16271.0,16372.0,87190.0,1438824833.0,0.0
MHImain,HKFE,2023-12-06 00:00:00,16393.0,16647.0,16283.0,16510.0,85865.0,1413012752.0,0.0
MHImain,HKFE,2023-12-07 00:00:00,16513.0,16578.0,16190.0,16380.0,73658.0,1203137388.0,0.0
MHImain,HKFE,2023-12-08 00:00:00,16372.0,16507.0,16273.0,16356.0,72130.0,1181694066.0,0.0
MHImain,HKFE,2023-12-11 00:00:00,16368.0,16422.0,15980.0,16201.0,85929.0,1390054353.0,0.0
MHImain,HKFE,2023-12-12 00:00:00,16224.0,16456.0,16185.0,16393.0,67979.0,1110142310.0,0.0
MHImain,HKFE,2023-12-13 00:00:00,16390.0,16455.0,16161.0,16279.0,64765.0,1054831734.0,0.0
MHImain,HKFE,2023-12-14 00:00:00,16270.0,16614.0,16128.0,16470.0,79386.0,1304401030.0,0.0
MHImain,HKFE,2023-12-15 00:00:00,16450.0,17004.0,16428.0,16825.0,104161.0,1747277857.0,0.0
MHImain,HKFE,2023-12-18 00:00:00,16819.0,16866.0,16584.0,16633.0,68090.0,1136505477.0,0.0
MHImain,HKFE,2023-12-19 00:00:00,16648.0,16704.0,16420.0,16545.0,69242.0,1144543411.0,0.0
MHImain,HKFE,2023-12-20 00:00:00,16555.0,16785.0,16537.0,16644.0,69680.0,1162820278.0,0.0
MHImain,HKFE,2023-12-21 00:00:00,16635.0,16674.0,16370.0,16610.0,63900.0,1058208333.0,0.0
MHImain,HKFE,2023-12-22 00:00:00,16617.0,16876.0,16275.0,16350.0,101536.0,1683526524.0,0.0
MHImain,HKFE,2023-12-27 00:00:00,16360.0,16692.0,16355.0,16654.0,66541.0,1100936049.0,0.0
MHImain,HKFE,2023-12-28 00:00:00,16742.0,17199.0,16723.0,17160.0,62936.0,1068810658.0,0.0
MHImain,HKFE,2023-12-29 00:00:00,17148.0,17208.0,17042.0,17132.0,57007.0,975785282.0,0.0
MHImain,HKFE,2024-01-02 00:00:00,17129.0,17255.0,16792.0,16858.0,74780.0,1269107202.0,0.0
MHImain,HKFE,2024-01-03 00:00:00,16854.0,16869.0,16592.0,16688.0,67985.0,1134386693.0,0.0
MHImain,HKFE,2024-01-04 00:00:00,16681.0,16773.0,16560.0,16677.0,72402.0,1205828363.0,0.0
MHImain,HKFE,2024-01-05 00:00:00,16675.0,16807.0,16497.0,16587.0,72719.0,1210324673.0,0.0
MHImain,HKFE,2024-01-08 00:00:00,16580.0,16697.0,16184.0,16253.0,83458.0,1370714271.0,0.0
MHImain,HKFE,2024-01-09 00:00:00,16250.0,16463.0,16190.0,16221.0,73445.0,1198954680.0,0.0
MHImain,HKFE,2024-01-10 00:00:00,16213.0,16295.0,16068.0,16153.0,70932.0,1146694330.0,0.0
MHImain,HKFE,2024-01-11 00:00:00,16154.0,16495.0,16097.0,16347.0,76833.0,1253323895.0,0.0
MHImain,HKFE,2024-01-12 00:00:00,16338.0,16424.0,16140.0,16272.0,77443.0,1261729396.0,0.0
MHImain,HKFE,2024-01-15 00:00:00,16280.0,16413.0,16121.0,16248.0,76020.0,1236441361.0,0.0
MHImain,HKFE,2024-01-16 00:00:00,16246.0,16246.0,15827.0,15880.0,89860.0,1440337381.0,0.0
MHImain,HKFE,2024-01-17 00:00:00,15875.0,15942.0,15198.0,15252.0,99271.0,1539575086.0,0.0
MHImain,HKFE,2024-01-18 00:00:00,15243.0,15469.0,15171.0,15368.0,103031.0,1578967152.0,0.0
MHImain,HKFE,2024-01-19 00:00:00,15369.0,15548.0,15219.0,15302.0,89835.0,1383330926.0,0.0
MHImain,HKFE,2024-01-22 00:00:00,15316.0,15512.0,14795.0,14979.0,104119.0,1574916157.0,0.0
MHImain,HKFE,2024-01-23 00:00:00,14975.0,15538.0,14957.0,15315.0,132575.0,2026144562.0,0.0
MHImain,HKFE,2024-01-24 00:00:00,15318.0,15999.0,15289.0,15935.0,143581.0,2245332783.0,0.0
MHImain,HKFE,2024-01-25 00:00:00,15937.0,16259.0,15828.0,16187.0,122399.0,1969217057.0,0.0
MHImain,HKFE,2024-01-26 00:00:00,16199.0,16314.0,15892.0,15956.0,110811.0,1784985726.0,0.0
MHImain,HKFE,2024-01-29 00:00:00,15955.0,16287.0,15946.0,16077.0,79231.0,1277366187.0,0.0
MHImain,HKFE,2024-01-30 00:00:00,16114.0,16141.0,15716.0,15735.0,80245.0,1271546552.0,0.0
MHImain,HKFE,2024-01-31 00:00:00,15730.0,15801.0,15466.0,15520.0,102811.0,1605379109.0,0.0
MHImain,HKFE,2024-02-01 00:00:00,15513.0,15859.0,15458.0,15604.0,128510.0,2011658154.0,0.0
MHImain,HKFE,2024-02-02 00:00:00,15612.0,15965.0,15473.0,15556.0,121330.0,1907778949.0,0.0
MHImain,HKFE,2024-02-05 00:00:00,15563.0,15724.0,15297.0,15566.0,126197.0,1957796750.0,0.0
MHImain,HKFE,2024-02-06 00:00:00,15555.0,16210.0,15464.0,16173.0,124705.0,1981230005.0,0.0
MHImain,HKFE,2024-02-07 00:00:00,16173.0,16454.0,16058.0,16083.0,115931.0,1883197499.0,0.0
MHImain,HKFE,2024-02-08 00:00:00,16085.0,16285.0,15840.0,15885.0,101245.0,1621477376.0,0.0
MHImain,HKFE,2024-02-09 00:00:00,15886.0,15916.0,15549.0,15708.0,53215.0,835772977.0,0.0
MHImain,HKFE,2024-02-14 00:00:00,15700.0,15940.0,15456.0,15926.0,60657.0,952635388.0,0.0
MHImain,HKFE,2024-02-15 00:00:00,15928.0,16060.0,15747.0,15992.0,74140.0,1179686983.0,0.0
MHImain,HKFE,2024-02-16 00:00:00,15985.0,16428.0,15945.0,16350.0,84032.0,1359932366.0,0.0
MHImain,HKFE,2024-02-19 00:00:00,16345.0,16414.0,16148.0,16161.0,73586.0,1195366348.0,0.0
MHImain,HKFE,2024-02-20 00:00:00,16164.0,16357.0,16064.0,16256.0,74002.0,1197009650.0,0.0
MHImain,HKFE,2024-02-21 00:00:00,16256.0,16778.0,16144.0,16488.0,111356.0,1838839451.0,0.0
MHImain,HKFE,2024-02-22 00:00:00,16487.0,16803.0,16420.0,16781.0,94090.0,1557542406.0,0.0
MHImain,HKFE,2024-02-23 00:00:00,16770.0,16902.0,16561.0,16718.0,82265.0,1375542510.0,0.0
MHImain,HKFE,2024-02-26 00:00:00,16724.0,16822.0,16582.0,16632.0,74208.0,1237641278.0,0.0
MHImain,HKFE,2024-02-27 00:00:00,16630.0,16835.0,16445.0,16800.0,75968.0,1263204207.0,0.0
MHImain,HKFE,2024-02-28 00:00:00,16820.0,16879.0,16488.0,16492.0,89675.0,1498271220.0,0.0
MHImain,HKFE,2024-02-29 00:00:00,16499.0,16693.0,16378.0,16453.0,106817.0,1766068157.0,0.0
MHImain,HKFE,2024-03-01 00:00:00,16451.0,16627.0,16131.0,16555.0,99342.0,1636063514.0,0.0
MHImain,HKFE,2024-03-04 00:00:00,16555.0,16640.0,16441.0,16551.0,81879.0,1354194842.0,0.0
MHImain,HKFE,2024-03-05 00:00:00,16557.0,16566.0,16049.0,16112.0,96004.0,1561050762.0,0.0
MHImain,HKFE,2024-03-06 00:00:00,16111.0,16527.0,16087.0,16439.0,110900.0,1808849378.0,0.0
MHImain,HKFE,2024-03-07 00:00:00,16437.0,16552.0,16144.0,16233.0,97164.0,1592444258.0,0.0
MHImain,HKFE,2024-03-08 00:00:00,16238.0,16527.0,16216.0,16350.0,86279.0,1414881642.0,0.0
MHImain,HKFE,2024-03-11 00:00:00,16352.0,16655.0,16310.0,16615.0,83852.0,1385334975.0,0.0
MHImain,HKFE,2024-03-12 00:00:00,16608.0,17204.0,16590.0,17127.0,111104.0,1874854588.0,0.0
MHImain,HKFE,2024-03-13 00:00:00,17121.0,17255.0,16994.0,17123.0,94501.0,1619513222.0,0.0
MHImain,HKFE,2024-03-14 00:00:00,17119.0,17250.0,16898.0,16971.0,84463.0,1442597105.0,0.0
MHImain,HKFE,2024-03-15 00:00:00,16970.0,16994.0,16559.0,16722.0,86910.0,1453647576.0,0.0
MHImain,HKFE,2024-03-18 00:00:00,16730.0,16824.0,16648.0,16758.0,71375.0,1195176253.0,0.0
MHImain,HKFE,2024-03-19 00:00:00,16760.0,16778.0,16484.0,16555.0,73577.0,1221603438.0,0.0
MHImain,HKFE,2024-03-20 00:00:00,16560.0,16671.0,16431.0,16579.0,77617.0,1285525686.0,0.0
MHImain,HKFE,2024-03-21 00:00:00,16577.0,17007.0,16545.0,16857.0,84813.0,1429113084.0,0.0
MHImain,HKFE,2024-03-22 00:00:00,16853.0,16853.0,16340.0,16513.0,102596.0,1699007627.0,0.0
MHImain,HKFE,2024-03-25 00:00:00,16521.0,16639.0,16438.0,16497.0,77344.0,1279179906.0,0.0
MHImain,HKFE,2024-03-26 00:00:00,16492.0,16768.0,16416.0,16666.0,80720.0,1339217931.0,0.0
MHImain,HKFE,2024-03-27 00:00:00,16692.0,16713.0,16374.0,16400.0,72158.0,1192226041.0,0.0
MHImain,HKFE,2024-03-28 00:00:00,16401.0,16772.0,16377.0,16567.0,98698.0,1633878018.0,0.0
MHImain,HKFE,2024-04-02 00:00:00,16566.0,17067.0,16544.0,16967.0,78481.0,1327685599.0,0.0
MHImain,HKFE,2024-04-03 00:00:00,16968.0,17072.0,16718.0,16747.0,71247.0,1201529563.0,0.0
MHImain,HKFE,2024-04-05 00:00:00,16750.0,16884.0,16504.0,16734.0,87994.0,1470522628.0,0.0
MHImain,HKFE,2024-04-08 00:00:00,16739.0,16943.0,16598.0,16771.0,88827.0,1489174484.0,0.0
MHImain,HKFE,2024-04-09 00:00:00,16776.0,17064.0,16765.0,16855.0,75277.0,1272942630.0,0.0
MHImain,HKFE,2024-04-10 00:00:00,16864.0,17241.0,16862.0,17179.0,98575.0,1684751287.0,0.0
MHImain,HKFE,2024-04-11 00:00:00,17177.0,17189.0,16798.0,17114.0,102481.0,1742874412.0,0.0
MHImain,HKFE,2024-04-12 00:00:00,17113.0,17113.0,16722.0,16760.0,96208.0,1624742255.0,0.0
MHImain,HKFE,2024-04-15 00:00:00,16755.0,16765.0,16366.0,16596.0,88050.0,1460329969.0,0.0
MHImain,HKFE,2024-04-16 00:00:00,16594.0,16656.0,16214.0,16280.0,91101.0,1491700567.0,0.0
MHImain,HKFE,2024-04-17 00:00:00,16283.0,16322.0,16160.0,16294.0,84078.0,1365089902.0,0.0
MHImain,HKFE,2024-04-18 00:00:00,16291.0,16518.0,16167.0,16377.0,88329.0,1445234816.0,0.0
MHImain,HKFE,2024-04-19 00:00:00,16374.0,16449.0,16036.0,16245.0,98479.0,1594809660.0,0.0
MHImain,HKFE,2024-04-22 00:00:00,16248.0,16655.0,16228.0,16526.0,83001.0,1370051043.0,0.0
MHImain,HKFE,2024-04-23 00:00:00,16521.0,16880.0,16463.0,16877.0,92281.0,1543006227.0,0.0
MHImain,HKFE,2024-04-24 00:00:00,16874.0,17255.0,16796.0,17251.0,89216.0,1522472581.0,0.0
MHImain,HKFE,2024-04-25 00:00:00,17251.0,17470.0,17097.0,17340.0,91526.0,1580799022.0,0.0
MHImain,HKFE,2024-04-26 00:00:00,17340.0,17784.0,17145.0,17680.0,93868.0,1645352265.0,0.0
MHImain,HKFE,2024-04-29 00:00:00,17610.0,17993.0,17508.0,17681.0,83867.0,1489163142.0,0.0
MHImain,HKFE,2024-04-30 00:00:00,17679.0,17846.0,17595.0,17722.0,85540.0,1516483251.0,0.0
MHImain,HKFE,2024-05-02 00:00:00,17720.0,18219.0,17521.0,18167.0,99277.0,1778537761.0,0.0
MHImain,HKFE,2024-05-03 00:00:00,18165.0,18580.0,18114.0,18412.0,94352.0,1734563347.0,0.0
MHImain,HKFE,2024-05-06 00:00:00,18415.0,18695.0,18334.0,18527.0,89626.0,1653981594.0,0.0
MHImain,HKFE,2024-05-07 00:00:00,18524.0,18638.0,18349.0,18410.0,78082.0,1442172076.0,0.0
MHImain,HKFE,2024-05-08 00:00:00,18409.0,18554.0,18226.0,18232.0,80600.0,1483533789.0,0.0
MHImain,HKFE,2024-05-09 00:00:00,18227.0,18558.0,18150.0,18519.0,83420.0,1535136067.0,0.0
MHImain,HKFE,2024-05-10 00:00:00,18518.0,18988.0,18496.0,18959.0,104679.0,1965169023.0,0.0
MHImain,HKFE,2024-05-13 00:00:00,18963.0,19110.0,18790.0,19091.0,91368.0,1733696628.0,0.0
MHImain,HKFE,2024-05-14 00:00:00,19093.0,19295.0,19024.0,19072.0,79452.0,1521418395.0,0.0
MHImain,HKFE,2024-05-16 00:00:00,19076.0,19432.0,18945.0,19340.0,105964.0,2037525636.0,0.0
MHImain,HKFE,2024-05-17 00:00:00,19342.0,19606.0,19333.0,19545.0,101892.0,1984814920.0,0.0
MHImain,HKFE,2024-05-20 00:00:00,19545.0,19771.0,19505.0,19634.0,87385.0,1716366951.0,0.0
MHImain,HKFE,2024-05-21 00:00:00,19630.0,19631.0,19169.0,19202.0,88259.0,1707896919.0,0.0
MHImain,HKFE,2024-05-22 00:00:00,19199.0,19353.0,19130.0,19168.0,81389.0,1565767093.0,0.0
MHImain,HKFE,2024-05-23 00:00:00,19168.0,19202.0,18765.0,18883.0,94357.0,1786527126.0,0.0
MHImain,HKFE,2024-05-24 00:00:00,18881.0,18955.0,18507.0,18579.0,103017.0,1924878774.0,0.0
MHImain,HKFE,2024-05-27 00:00:00,18580.0,18844.0,18488.0,18810.0,94507.0,1764145798.0,0.0
MHImain,HKFE,2024-05-28 00:00:00,18815.0,18976.0,18735.0,18790.0,69379.0,1307570757.0,0.0
MHImain,HKFE,2024-05-29 00:00:00,18790.0,18813.0,18429.0,18476.0,74258.0,1380353422.0,0.0
MHImain,HKFE,2024-05-30 00:00:00,18426.0,18457.0,18093.0,18126.0,81586.0,1490023291.0,0.0
MHImain,HKFE,2024-05-31 00:00:00,18126.0,18467.0,17962.0,18005.0,105881.0,1934908263.0,0.0
MHImain,HKFE,2024-06-03 00:00:00,18005.0,18488.0,17949.0,18345.0,95164.0,1741263111.0,0.0
MHImain,HKFE,2024-06-04 00:00:00,18342.0,18440.0,18121.0,18317.0,88665.0,1624663340.0,0.0
MHImain,HKFE,2024-06-05 00:00:00,18315.0,18635.0,18220.0,18309.0,101553.0,1872251162.0,0.0
MHImain,HKFE,2024-06-06 00:00:00,18308.0,18626.0,18298.0,18419.0,94870.0,1749676767.0,0.0
MHImain,HKFE,2024-06-07 00:00:00,18422.0,18564.0,18222.0,18274.0,92652.0,1702923659.0,0.0
MHImain,HKFE,2024-06-11 00:00:00,18276.0,18334.0,17922.0,18117.0,96081.0,1737727263.0,0.0
MHImain,HKFE,2024-06-12 00:00:00,18111.0,18121.0,17808.0,17919.0,81657.0,1464439214.0,0.0
MHImain,HKFE,2024-06-13 00:00:00,17916.0,18167.0,17880.0,18095.0,84802.0,1530446510.0,0.0
MHImain,HKFE,2024-06-14 00:00:00,18093.0,18174.0,17870.0,17914.0,94050.0,1692420153.0,0.0
MHImain,HKFE,2024-06-17 00:00:00,17913.0,18120.0,17694.0,17950.0,94865.0,1699407829.0,0.0
MHImain,HKFE,2024-06-18 00:00:00,17948.0,18041.0,17841.0,17897.0,77394.0,1388239948.0,0.0
MHImain,HKFE,2024-06-19 00:00:00,17898.0,18459.0,17894.0,18430.0,92898.0,1692512284.0,0.0
MHImain,HKFE,2024-06-20 00:00:00,18430.0,18513.0,18261.0,18295.0,74214.0,1364151586.0,0.0
MHImain,HKFE,2024-06-21 00:00:00,18296.0,18319.0,17955.0,18018.0,78954.0,1428462891.0,0.0
MHImain,HKFE,2024-06-24 00:00:00,18017.0,18068.0,17777.0,18068.0,71883.0,1286779614.0,0.0
MHImain,HKFE,2024-06-25 00:00:00,18064.0,18263.0,17952.0,18070.0,77848.0,1410063500.0,0.0
MHImain,HKFE,2024-06-26 00:00:00,18070.0,18153.0,17888.0,18065.0,65143.0,1174984176.0,0.0
MHImain,HKFE,2024-06-27 00:00:00,17951.0,17961.0,17560.0,17609.0,59693.0,1055301182.0,0.0
MHImain,HKFE,2024-06-28 00:00:00,17613.0,17764.0,17425.0,17630.0,78043.0,1375697968.0,0.0
MHImain,HKFE,2024-07-02 00:00:00,17632.0,17890.0,17483.0,17677.0,82229.0,1455366054.0,0.0
MHImain,HKFE,2024-07-03 00:00:00,17681.0,17940.0,17664.0,17862.0,91199.0,1623674185.0,0.0
MHImain,HKFE,2024-07-04 00:00:00,17867.0,18111.0,17865.0,18022.0,82843.0,1491446584.0,0.0
MHImain,HKFE,2024-07-05 00:00:00,18024.0,18067.0,17728.0,17746.0,77168.0,1381246479.0,0.0
MHImain,HKFE,2024-07-08 00:00:00,17747.0,17764.0,17493.0,17580.0,77837.0,1371250880.0,0.0
MHImain,HKFE,2024-07-09 00:00:00,17579.0,17662.0,17403.0,17532.0,83641.0,1465379508.0,0.0
MHImain,HKFE,2024-07-10 00:00:00,17532.0,17808.0,17449.0,17504.0,84111.0,1482534662.0,0.0
MHImain,HKFE,2024-07-11 00:00:00,17507.0,17904.0,17504.0,17859.0,85196.0,1511295783.0,0.0
MHImain,HKFE,2024-07-12 00:00:00,17857.0,18380.0,17838.0,18369.0,92461.0,1679262404.0,0.0
MHImain,HKFE,2024-07-15 00:00:00,18368.0,18423.0,17967.0,18058.0,78727.0,1430740033.0,0.0
MHImain,HKFE,2024-07-16 00:00:00,18058.0,18067.0,17732.0,17744.0,77409.0,1380580798.0,0.0
MHImain,HKFE,2024-07-17 00:00:00,17745.0,17852.0,17659.0,17741.0,81502.0,1447864120.0,0.0
MHImain,HKFE,2024-07-18 00:00:00,17747.0,17894.0,17635.0,17805.0,81410.0,1446913222.0,0.0
MHImain,HKFE,2024-07-19 00:00:00,17809.0,17820.0,17380.0,17439.0,77586.0,1359136543.0,0.0
MHImain,HKFE,2024-07-22 00:00:00,17441.0,17716.0,17319.0,17662.0,81640.0,1429160625.0,0.0
MHImain,HKFE,2024-07-23 00:00:00,17662.0,17772.0,17458.0,17497.0,68975.0,1214671734.0,0.0
MHImain,HKFE,2024-07-24 00:00:00,17498.0,17533.0,17267.0,17348.0,70520.0,1226971674.0,0.0
MHImain,HKFE,2024-07-25 00:00:00,17349.0,17432.0,16977.0,17030.0,76961.0,1319764070.0,0.0
MHImain,HKFE,2024-07-26 00:00:00,17034.0,17234.0,16930.0,17022.0,77487.0,1323485417.0,0.0
MHImain,HKFE,2024-07-29 00:00:00,17027.0,17380.0,16985.0,17253.0,65803.0,1133497329.0,0.0
MHImain,HKFE,2024-07-30 00:00:00,17260.0,17282.0,16981.0,17021.0,51491.0,879453455.0,0.0
MHImain,HKFE,2024-07-31 00:00:00,17024.0,17433.0,17021.0,17347.0,83922.0,1446262918.0,0.0
MHImain,HKFE,2024-08-01 00:00:00,17350.0,17446.0,17252.0,17312.0,73858.0,1281117482.0,0.0
MHImain,HKFE,2024-08-02 00:00:00,17315.0,17348.0,16878.0,16962.0,79436.0,1351660992.0,0.0
MHImain,HKFE,2024-08-05 00:00:00,16963.0,17024.0,16436.0,16743.0,120872.0,2025081740.0,0.0
MHImain,HKFE,2024-08-06 00:00:00,16737.0,16935.0,16510.0,16611.0,98315.0,1645032537.0,0.0
MHImain,HKFE,2024-08-07 00:00:00,16611.0,17004.0,16501.0,16897.0,92917.0,1560238239.0,0.0
MHImain,HKFE,2024-08-08 00:00:00,16899.0,17034.0,16649.0,16892.0,97325.0,1641445277.0,0.0
MHImain,HKFE,2024-08-09 00:00:00,16893.0,17264.0,16873.0,17080.0,84299.0,1443889581.0,0.0
MHImain,HKFE,2024-08-12 00:00:00,17081.0,17166.0,16974.0,17078.0,68181.0,1164133906.0,0.0
MHImain,HKFE,2024-08-13 00:00:00,17076.0,17258.0,17051.0,17162.0,69177.0,1185865599.0,0.0
MHImain,HKFE,2024-08-14 00:00:00,17164.0,17291.0,17056.0,17128.0,62932.0,1079819128.0,0.0
MHImain,HKFE,2024-08-15 00:00:00,17128.0,17318.0,16919.0,17127.0,91509.0,1566521712.0,0.0
MHImain,HKFE,2024-08-16 00:00:00,17128.0,17500.0,17104.0,17424.0,85060.0,1476480372.0,0.0
MHImain,HKFE,2024-08-19 00:00:00,17424.0,17717.0,17354.0,17606.0,65954.0,1160433011.0,0.0
MHImain,HKFE,2024-08-20 00:00:00,17605.0,17774.0,17464.0,17531.0,56020.0,984970639.0,0.0
MHImain,HKFE,2024-08-21 00:00:00,17533.0,17535.0,17251.0,17373.0,65956.0,1145632537.0,0.0
MHImain,HKFE,2024-08-22 00:00:00,17373.0,17684.0,17371.0,17664.0,73517.0,1286645591.0,0.0
MHImain,HKFE,2024-08-23 00:00:00,17663.0,17663.0,17445.0,17634.0,63974.0,1123514777.0,0.0
MHImain,HKFE,2024-08-26 00:00:00,17633.0,17849.0,17588.0,17809.0,66187.0,1175893951.0,0.0
MHImain,HKFE,2024-08-27 00:00:00,17806.0,17921.0,17633.0,17913.0,61343.0,1089284852.0,0.0
MHImain,HKFE,2024-08-28 00:00:00,17910.0,17934.0,17661.0,17708.0,54049.0,961574743.0,0.0
MHImain,HKFE,2024-08-29 00:00:00,17654.0,17750.0,17447.0,17722.0,66440.0,1168662365.0,0.0
MHImain,HKFE,2024-08-30 00:00:00,17723.0,18159.0,17690.0,17949.0,84430.0,1514326493.0,0.0
MHImain,HKFE,2024-09-02 00:00:00,17949.0,17969.0,17586.0,17647.0,67550.0,1197060722.0,0.0
MHImain,HKFE,2024-09-03 00:00:00,17648.0,17695.0,17538.0,17593.0,55622.0,979607979.0,0.0
MHImain,HKFE,2024-09-04 00:00:00,17593.0,17593.0,17298.0,17435.0,75708.0,1319579404.0,0.0
MHImain,HKFE,2024-09-05 00:00:00,17436.0,17546.0,17310.0,17440.0,66619.0,1161647176.0,0.0
MHImain,HKFE,2024-09-06 00:00:00,17439.0,17441.0,17401.0,17432.0,2233.0,38910818.0,0.0
MHImain,HKFE,2024-09-09 00:00:00,17300.0,17312.0,17059.0,17150.0,47188.0,809415138.0,0.0
MHImain,HKFE,2024-09-10 00:00:00,17153.0,17290.0,17092.0,17189.0,64568.0,1110911378.0,0.0
MHImain,HKFE,2024-09-11 00:00:00,17188.0,17195.0,16948.0,17087.0,65587.0,1117746880.0,0.0
MHImain,HKFE,2024-09-12 00:00:00,17085.0,17356.0,17019.0,17256.0,75245.0,1295349724.0,0.0
MHImain,HKFE,2024-09-13 00:00:00,17257.0,17574.0,17166.0,17375.0,67639.0,1177632026.0,0.0
MHImain,HKFE,2024-09-16 00:00:00,17379.0,17450.0,17189.0,17449.0,57107.0,989954476.0,0.0
MHImain,HKFE,2024-09-17 00:00:00,17450.0,17743.0,17395.0,17676.0,55901.0,983608706.0,0.0
MHImain,HKFE,2024-09-19 00:00:00,17678.0,18097.0,17601.0,18060.0,80792.0,1440930927.0,0.0
MHImain,HKFE,2024-09-20 00:00:00,18062.0,18378.0,17955.0,18284.0,94394.0,1718589795.0,0.0
MHImain,HKFE,2024-09-23 00:00:00,18284.0,18449.0,18166.0,18269.0,71387.0,1307795377.0,0.0
MHImain,HKFE,2024-09-24 00:00:00,18265.0,19094.0,18253.0,19085.0,111136.0,2081850962.0,0.0
MHImain,HKFE,2024-09-25 00:00:00,19088.0,19767.0,19068.0,19204.0,137338.0,2662367818.0,0.0
MHImain,HKFE,2024-09-26 00:00:00,19204.0,20030.0,19144.0,20028.0,120718.0,2357652687.0,0.0
MHImain,HKFE,2024-09-27 00:00:00,20129.0,20996.0,20124.0,20926.0,180298.0,3709081907.0,0.0
MHImain,HKFE,2024-09-30 00:00:00,20927.0,21591.0,20615.0,21282.0,242698.0,5133532581.0,0.0
MHImain,HKFE,2024-10-02 00:00:00,21274.0,22778.0,20708.0,22460.0,295079.0,6478940524.0,0.0
MHImain,HKFE,2024-10-03 00:00:00,22451.0,22862.0,21527.0,22155.0,297684.0,6610063151.0,0.0
MHImain,HKFE,2024-10-04 00:00:00,22149.0,22888.0,21657.0,22875.0,229552.0,5128186886.0,0.0
MHImain,HKFE,2024-10-07 00:00:00,22871.0,23330.0,22518.0,23197.0,183151.0,4199474378.0,0.0
MHImain,HKFE,2024-10-08 00:00:00,23192.0,23333.0,20649.0,20780.0,327325.0,7176960746.0,0.0
MHImain,HKFE,2024-10-09 00:00:00,20788.0,21510.0,20239.0,20628.0,332289.0,6970877593.0,0.0
MHImain,HKFE,2024-10-10 00:00:00,20628.0,21650.0,20628.0,21270.0,217218.0,4611102025.0,0.0
MHImain,HKFE,2024-10-14 00:00:00,21274.0,21448.0,20724.0,21091.0,161532.0,3414975590.0,0.0
MHImain,HKFE,2024-10-15 00:00:00,21092.0,21427.0,20184.0,20365.0,137040.0,2854763107.0,0.0
MHImain,HKFE,2024-10-16 00:00:00,20365.0,20592.0,20088.0,20288.0,139857.0,2849132325.0,0.0
MHImain,HKFE,2024-10-17 00:00:00,20288.0,20804.0,20001.0,20040.0,123519.0,2524530991.0,0.0
MHImain,HKFE,2024-10-18 00:00:00,20042.0,20976.0,19862.0,20868.0,165315.0,3371867723.0,0.0
MHImain,HKFE,2024-10-21 00:00:00,20859.0,20934.0,20433.0,20471.0,117983.0,2440923331.0,0.0
MHImain,HKFE,2024-10-22 00:00:00,20476.0,20646.0,20278.0,20489.0,101087.0,2072889114.0,0.0
MHImain,HKFE,2024-10-23 00:00:00,20487.0,20951.0,20384.0,20731.0,102906.0,2130896026.0,0.0
MHImain,HKFE,2024-10-24 00:00:00,20725.0,20758.0,20450.0,20504.0,86612.0,1781230709.0,0.0
MHImain,HKFE,2024-10-25 00:00:00,20500.0,20787.0,20284.0,20612.0,86147.0,1774008786.0,0.0
MHImain,HKFE,2024-10-28 00:00:00,20612.0,20692.0,20415.0,20603.0,69135.0,1422547993.0,0.0
MHImain,HKFE,2024-10-29 00:00:00,20597.0,20895.0,20533.0,20787.0,69495.0,1439831780.0,0.0
MHImain,HKFE,2024-10-30 00:00:00,20843.0,21176.0,20320.0,20439.0,78938.0,1628177053.0,0.0
MHImain,HKFE,2024-10-31 00:00:00,20428.0,20599.0,20287.0,20349.0,86546.0,1771961238.0,0.0
MHImain,HKFE,2024-11-01 00:00:00,20356.0,20712.0,20229.0,20524.0,90752.0,1859466663.0,0.0
MHImain,HKFE,2024-11-04 00:00:00,20529.0,20660.0,20452.0,20588.0,66901.0,1375861987.0,0.0
MHImain,HKFE,2024-11-05 00:00:00,20583.0,21059.0,20375.0,21000.0,93432.0,1936453007.0,0.0
MHImain,HKFE,2024-11-06 00:00:00,21003.0,21065.0,20351.0,20613.0,108748.0,2247209337.0,0.0
MHImain,HKFE,2024-11-07 00:00:00,20607.0,21073.0,20217.0,21060.0,109847.0,2268825675.0,0.0
MHImain,HKFE,2024-11-08 00:00:00,21065.0,21377.0,20391.0,20583.0,126100.0,2646158532.0,0.0
MHImain,HKFE,2024-11-11 00:00:00,20591.0,20681.0,20161.0,20453.0,108383.0,2206333910.0,0.0
MHImain,HKFE,2024-11-12 00:00:00,20444.0,20546.0,19775.0,19892.0,93355.0,1881946683.0,0.0
MHImain,HKFE,2024-11-13 00:00:00,19888.0,19914.0,19569.0,19800.0,87822.0,1732322986.0,0.0
MHImain,HKFE,2024-11-14 00:00:00,19812.0,19975.0,19389.0,19437.0,84394.0,1658819684.0,0.0
MHImain,HKFE,2024-11-15 00:00:00,19442.0,19626.0,19339.0,19424.0,84329.0,1644553192.0,0.0
MHImain,HKFE,2024-11-18 00:00:00,19425.0,19799.0,19404.0,19611.0,82899.0,1625431986.0,0.0
MHImain,HKFE,2024-11-19 00:00:00,19606.0,19794.0,19530.0,19691.0,63617.0,1251130186.0,0.0
MHImain,HKFE,2024-11-20 00:00:00,19685.0,19779.0,19411.0,19716.0,63115.0,1239432334.0,0.0
MHImain,HKFE,2024-11-21 00:00:00,19713.0,19787.0,19553.0,19589.0,54873.0,1079090608.0,0.0
MHImain,HKFE,2024-11-22 00:00:00,19588.0,19725.0,19136.0,19221.0,72899.0,1419180262.0,0.0
MHImain,HKFE,2024-11-25 00:00:00,19215.0,19385.0,19043.0,19136.0,63756.0,1225692511.0,0.0
MHImain,HKFE,2024-11-26 00:00:00,19136.0,19312.0,18965.0,19162.0,52774.0,1012467930.0,0.0
MHImain,HKFE,2024-11-27 00:00:00,19166.0,19693.0,19077.0,19598.0,66268.0,1280105161.0,0.0
MHImain,HKFE,2024-11-28 00:00:00,19643.0,19705.0,19360.0,19396.0,49336.0,961676167.0,0.0
MHImain,HKFE,2024-11-29 00:00:00,19395.0,19723.0,19362.0,19508.0,70427.0,1372984155.0,0.0
MHImain,HKFE,2024-12-02 00:00:00,19515.0,19751.0,19444.0,19620.0,72649.0,1422132869.0,0.0
MHImain,HKFE,2024-12-03 00:00:00,19625.0,19831.0,19429.0,19809.0,79024.0,1551250154.0,0.0
MHImain,HKFE,2024-12-04 00:00:00,19809.0,19887.0,19659.0,19791.0,72469.0,1433685105.0,0.0
MHImain,HKFE,2024-12-05 00:00:00,19795.0,19800.0,19495.0,19659.0,56323.0,1104712069.0,0.0
MHImain,HKFE,2024-12-06 00:00:00,19653.0,20004.0,19595.0,19935.0,72915.0,1443754895.0,0.0
MHImain,HKFE,2024-12-09 00:00:00,19935.0,20688.0,19733.0,20648.0,104160.0,2086763363.0,0.0
MHImain,HKFE,2024-12-10 00:00:00,20657.0,21384.0,20366.0,20437.0,145008.0,3020399426.0,0.0
MHImain,HKFE,2024-12-11 00:00:00,20442.0,20562.0,20153.0,20203.0,84337.0,1718861063.0,0.0
MHImain,HKFE,2024-12-12 00:00:00,20200.0,20608.0,20125.0,20471.0,86926.0,1770100218.0,0.0
MHImain,HKFE,2024-12-13 00:00:00,20470.0,20558.0,19941.0,20018.0,91569.0,1846906494.0,0.0
MHImain,HKFE,2024-12-16 00:00:00,20009.0,20095.0,19759.0,19823.0,62719.0,1249939678.0,0.0
MHImain,HKFE,2024-12-17 00:00:00,19813.0,19975.0,19641.0,19741.0,71031.0,1404206978.0,0.0
MHImain,HKFE,2024-12-18 00:00:00,19741.0,20000.0,19714.0,19879.0,57970.0,1152909111.0,0.0
MHImain,HKFE,2024-12-19 00:00:00,19876.0,19906.0,19549.0,19790.0,60681.0,1197341155.0,0.0
MHImain,HKFE,2024-12-20 00:00:00,19794.0,19891.0,19651.0,19684.0,58327.0,1153360186.0,0.0
MHImain,HKFE,2024-12-23 00:00:00,19684.0,19965.0,19637.0,19895.0,56926.0,1129177809.0,0.0
MHImain,HKFE,2024-12-24 00:00:00,19893.0,20176.0,19816.0,20145.0,37930.0,759181254.0,0.0
MHImain,HKFE,2024-12-27 00:00:00,20192.0,20199.0,19992.0,20075.0,38100.0,765234170.0,0.0
MHImain,HKFE,2024-12-30 00:00:00,20101.0,20215.0,19964.0,20020.0,44173.0,886876540.0,0.0
MHImain,HKFE,2024-12-31 00:00:00,20028.0,20185.0,19882.0,20089.0,39037.0,783366243.0,0.0
MHImain,HKFE,2025-01-02 00:00:00,20060.0,20074.0,19558.0,19629.0,68478.0,1352224958.0,0.0
MHImain,HKFE,2025-01-03 00:00:00,19635.0,19936.0,19551.0,19752.0,72414.0,1430393081.0,0.0
MHImain,HKFE,2025-01-06 00:00:00,19758.0,19918.0,19654.0,19738.0,57734.0,1140984323.0,0.0
MHImain,HKFE,2025-01-07 00:00:00,19739.0,20179.0,19270.0,19490.0,100615.0,1976194430.0,0.0
MHImain,HKFE,2025-01-08 00:00:00,19492.0,19574.0,19137.0,19300.0,73636.0,1425006735.0,0.0
MHImain,HKFE,2025-01-09 00:00:00,19309.0,19432.0,19114.0,19306.0,60104.0,1159836995.0,0.0
MHImain,HKFE,2025-01-10 00:00:00,19305.0,19397.0,19055.0,19114.0,61792.0,1188174231.0,0.0
MHImain,HKFE,2025-01-13 00:00:00,19103.0,19133.0,18693.0,18897.0,70257.0,1326080862.0,0.0
MHImain,HKFE,2025-01-14 00:00:00,18880.0,19365.0,18814.0,19259.0,78332.0,1497153668.0,0.0
MHImain,HKFE,2025-01-15 00:00:00,19260.0,19349.0,19173.0,19302.0,55095.0,1060694652.0,0.0
MHImain,HKFE,2025-01-16 00:00:00,19309.0,19710.0,19285.0,19560.0,79877.0,1558877598.0,0.0
MHImain,HKFE,2025-01-17 00:00:00,19553.0,19679.0,19437.0,19599.0,57381.0,1121640729.0,0.0
MHImain,HKFE,2025-01-20 00:00:00,19610.0,20148.0,19541.0,19952.0,91598.0,1825108435.0,0.0
MHImain,HKFE,2025-01-21 00:00:00,19961.0,20409.0,19890.0,20165.0,95313.0,1919777964.0,0.0
MHImain,HKFE,2025-01-22 00:00:00,20165.0,20165.0,19765.0,19843.0,70604.0,1406119493.0,0.0
MHImain,HKFE,2025-01-23 00:00:00,19847.0,20083.0,19665.0,19730.0,77626.0,1543025878.0,0.0
MHImain,HKFE,2025-01-24 00:00:00,19712.0,20175.0,19683.0,20102.0,72686.0,1452403487.0,0.0
MHImain,HKFE,2025-01-27 00:00:00,20126.0,20377.0,20032.0,20263.0,50914.0,1031403652.0,0.0
MHImain,HKFE,2025-01-28 00:00:00,20263.0,20532.0,20228.0,20316.0,51539.0,1048947481.0,0.0
MHImain,HKFE,2025-02-03 00:00:00,20043.0,20325.0,19785.0,20318.0,79478.0,1593327208.0,0.0
MHImain,HKFE,2025-02-04 00:00:00,20312.0,20959.0,20226.0,20835.0,124049.0,2560692493.0,0.0
MHImain,HKFE,2025-02-05 00:00:00,20845.0,21075.0,20468.0,20646.0,91298.0,1890096241.0,0.0
MHImain,HKFE,2025-02-06 00:00:00,20653.0,20957.0,20517.0,20942.0,84089.0,1742755196.0,0.0
MHImain,HKFE,2025-02-07 00:00:00,20957.0,21275.0,20848.0,21219.0,99670.0,2100290480.0,0.0
MHImain,HKFE,2025-02-10 00:00:00,21219.0,21596.0,21119.0,21573.0,118527.0,2537283335.0,0.0
MHImain,HKFE,2025-02-11 00:00:00,21567.0,21727.0,21325.0,21335.0,100448.0,2161455614.0,0.0
MHImain,HKFE,2025-02-12 00:00:00,21358.0,21907.0,21309.0,21872.0,120819.0,2617537204.0,0.0
MHImain,HKFE,2025-02-13 00:00:00,21864.0,22570.0,21757.0,21858.0,170672.0,3775329012.0,0.0
MHImain,HKFE,2025-02-14 00:00:00,21850.0,22704.0,21661.0,22671.0,156580.0,3482636507.0,0.0
MHImain,HKFE,2025-02-17 00:00:00,22676.0,23000.0,22359.0,22621.0,164305.0,3725216926.0,0.0
MHImain,HKFE,2025-02-18 00:00:00,22621.0,23175.0,22607.0,23008.0,140290.0,3212130228.0,0.0
MHImain,HKFE,2025-02-19 00:00:00,23010.0,23024.0,22655.0,22918.0,110405.0,2524111760.0,0.0
MHImain,HKFE,2025-02-20 00:00:00,22926.0,22963.0,22459.0,22598.0,120597.0,2734646343.0,0.0
MHImain,HKFE,2025-02-21 00:00:00,22608.0,23499.0,22572.0,23451.0,173679.0,4020665328.0,0.0
MHImain,HKFE,2025-02-24 00:00:00,23439.0,23719.0,23230.0,23327.0,149258.0,3503504714.0,0.0
MHImain,HKFE,2025-02-25 00:00:00,23333.0,23376.0,22745.0,23015.0,131440.0,3026334552.0,0.0
MHImain,HKFE,2025-02-26 00:00:00,23005.0,23986.0,22962.0,23753.0,123219.0,2899009813.0,0.0
MHImain,HKFE,2025-02-27 00:00:00,23774.0,24055.0,23453.0,23673.0,141018.0,3347154518.0,0.0
MHImain,HKFE,2025-02-28 00:00:00,23689.0,23914.0,22778.0,22945.0,181861.0,4237884441.0,0.0
MHImain,HKFE,2025-03-03 00:00:00,22972.0,23374.0,22837.0,22958.0,145625.0,3364198090.0,0.0
MHImain,HKFE,2025-03-04 00:00:00,22958.0,23117.0,22525.0,22872.0,132305.0,3020226051.0,0.0
MHImain,HKFE,2025-03-05 00:00:00,22878.0,23614.0,22651.0,23605.0,140413.0,3262342177.0,0.0
MHImain,HKFE,2025-03-06 00:00:00,23579.0,24447.0,23467.0,24403.0,149828.0,3604459581.0,0.0
MHImain,HKFE,2025-03-07 00:00:00,24396.0,24697.0,24048.0,24232.0,169436.0,4121972556.0,0.0
MHImain,HKFE,2025-03-10 00:00:00,24240.0,24331.0,23655.0,23744.0,143984.0,3454883620.0,0.0
MHImain,HKFE,2025-03-11 00:00:00,23741.0,23887.0,23243.0,23797.0,146481.0,3454896868.0,0.0
MHImain,HKFE,2025-03-12 00:00:00,23815.0,23975.0,23382.0,23637.0,145843.0,3460652256.0,0.0
MHImain,HKFE,2025-03-13 00:00:00,23648.0,23831.0,23212.0,23490.0,137949.0,3244599176.0,0.0
MHImain,HKFE,2025-03-14 00:00:00,23496.0,24145.0,23406.0,24056.0,134861.0,3213311317.0,0.0
MHImain,HKFE,2025-03-17 00:00:00,24055.0,24384.0,24041.0,24192.0,116285.0,2818143426.0,0.0
MHImain,HKFE,2025-03-18 00:00:00,24193.0,24799.0,24138.0,24797.0,117364.0,2889421703.0,0.0
MHImain,HKFE,2025-03-19 00:00:00,24789.0,24912.0,24609.0,24722.0,113362.0,2806145079.0,0.0
MHImain,HKFE,2025-03-20 00:00:00,24736.0,24928.0,24188.0,24188.0,122617.0,3007055275.0,0.0
MHImain,HKFE,2025-03-21 00:00:00,24190.0,24252.0,23600.0,23616.0,137636.0,3295296570.0,0.0
MHImain,HKFE,2025-03-24 00:00:00,23621.0,23978.0,23524.0,23965.0,109696.0,2599418484.0,0.0
MHImain,HKFE,2025-03-25 00:00:00,23952.0,23952.0,23322.0,23345.0,103342.0,2432501864.0,0.0
MHImain,HKFE,2025-03-26 00:00:00,23337.0,23663.0,23317.0,23457.0,95407.0,2240402948.0,0.0
MHImain,HKFE,2025-03-27 00:00:00,23455.0,23894.0,23373.0,23624.0,102540.0,2422317273.0,0.0
MHImain,HKFE,2025-03-28 00:00:00,23669.0,23881.0,23298.0,23424.0,97937.0,2308141533.0,0.0
MHImain,HKFE,2025-03-31 00:00:00,23433.0,23479.0,23032.0,23160.0,118978.0,2764713622.0,0.0
MHImain,HKFE,2025-04-01 00:00:00,23145.0,23489.0,22987.0,23259.0,120104.0,2794452549.0,0.0
MHImain,HKFE,2025-04-02 00:00:00,23260.0,23400.0,22970.0,23237.0,109175.0,2532394623.0,0.0
MHImain,HKFE,2025-04-03 00:00:00,23213.0,23260.0,22520.0,22800.0,117276.0,2680013144.0,0.0
MHImain,HKFE,2025-04-07 00:00:00,22797.0,22822.0,19420.0,19760.0,240707.0,4971498424.0,0.0
MHImain,HKFE,2025-04-08 00:00:00,19776.0,20680.0,19310.0,19922.0,293483.0,5889873048.0,0.0
MHImain,HKFE,2025-04-09 00:00:00,19939.0,20427.0,19050.0,20180.0,256556.0,5089246058.0,0.0
MHImain,HKFE,2025-04-10 00:00:00,20185.0,21208.0,19479.0,20697.0,244713.0,5003531965.0,0.0
MHImain,HKFE,2025-04-11 00:00:00,20682.0,21141.0,20172.0,20851.0,159419.0,3297980705.0,0.0
MHImain,HKFE,2025-04-14 00:00:00,20831.0,21530.0,20681.0,21406.0,114989.0,2440881831.0,0.0
MHImain,HKFE,2025-04-15 00:00:00,21390.0,21683.0,21295.0,21474.0,93888.0,2014524555.0,0.0
MHImain,HKFE,2025-04-16 00:00:00,21484.0,21570.0,20854.0,21201.0,96440.0,2038977728.0,0.0
MHImain,HKFE,2025-04-17 00:00:00,21223.0,21452.0,21001.0,21431.0,80314.0,1708400881.0,0.0
MHImain,HKFE,2025-04-22 00:00:00,21407.0,21604.0,21180.0,21581.0,84891.0,1815070861.0,0.0
MHImain,HKFE,2025-04-23 00:00:00,21593.0,22192.0,21535.0,22168.0,83894.0,1842377282.0,0.0
MHImain,HKFE,2025-04-24 00:00:00,22171.0,22403.0,21723.0,21904.0,85557.0,1883224323.0,0.0
MHImain,HKFE,2025-04-25 00:00:00,21905.0,22287.0,21886.0,22010.0,84884.0,1876374549.0,0.0
MHImain,HKFE,2025-04-28 00:00:00,22005.0,22123.0,21802.0,21969.0,60036.0,1318707642.0,0.0
MHImain,HKFE,2025-04-29 00:00:00,21886.0,22140.0,21844.0,21930.0,56369.0,1238371715.0,0.0
MHImain,HKFE,2025-04-30 00:00:00,21929.0,22096.0,21776.0,22084.0,67253.0,1475480179.0,0.0
MHImain,HKFE,2025-05-02 00:00:00,22081.0,22481.0,21795.0,22416.0,82261.0,1828025804.0,0.0
MHImain,HKFE,2025-05-06 00:00:00,22411.0,22676.0,22352.0,22533.0,81657.0,1839910511.0,0.0
MHImain,HKFE,2025-05-07 00:00:00,22530.0,23180.0,22386.0,22600.0,97501.0,2225483159.0,0.0
MHImain,HKFE,2025-05-08 00:00:00,22604.0,22910.0,22435.0,22736.0,76679.0,1740691064.0,0.0
MHImain,HKFE,2025-05-09 00:00:00,22746.0,22819.0,22590.0,22790.0,68484.0,1555782506.0,0.0
MHImain,HKFE,2025-05-12 00:00:00,22794.0,23630.0,22715.0,23399.0,109324.0,2532621053.0,0.0
MHImain,HKFE,2025-05-13 00:00:00,23408.0,23509.0,22986.0,23030.0,72799.0,1689275769.0,0.0
MHImain,HKFE,2025-05-14 00:00:00,23015.0,23566.0,22958.0,23521.0,82579.0,1925779419.0,0.0
MHImain,HKFE,2025-05-15 00:00:00,23530.0,23652.0,23313.0,23377.0,74239.0,1744360135.0,0.0
MHImain,HKFE,2025-05-16 00:00:00,23375.0,23428.0,23131.0,23268.0,68363.0,1588816863.0,0.0
MHImain,HKFE,2025-05-19 00:00:00,23261.0,23356.0,22995.0,23273.0,59757.0,1385092302.0,0.0
MHImain,HKFE,2025-05-20 00:00:00,23258.0,23661.0,23193.0,23612.0,62011.0,1456127186.0,0.0
MHImain,HKFE,2025-05-21 00:00:00,23612.0,23885.0,23585.0,23778.0,64571.0,1533815144.0,0.0
MHImain,HKFE,2025-05-22 00:00:00,23760.0,23871.0,23423.0,23506.0,68179.0,1611396381.0,0.0
MHImain,HKFE,2025-05-23 00:00:00,23494.0,23714.0,23406.0,23550.0,64217.0,1512872108.0,0.0
MHImain,HKFE,2025-05-26 00:00:00,23545.0,23575.0,23186.0,23204.0,83252.0,1946430241.0,0.0
MHImain,HKFE,2025-05-27 00:00:00,23223.0,23370.0,23121.0,23286.0,63352.0,1473287664.0,0.0
MHImain,HKFE,2025-05-28 00:00:00,23290.0,23443.0,23138.0,23237.0,52501.0,1222503968.0,0.0
MHImain,HKFE,2025-05-29 00:00:00,23127.0,23477.0,22968.0,23363.0,73364.0,1705874227.0,0.0
MHImain,HKFE,2025-05-30 00:00:00,23365.0,23389.0,23014.0,23178.0,59359.0,1373138024.0,0.0
MHImain,HKFE,2025-06-02 00:00:00,23178.0,23222.0,22514.0,23031.0,87237.0,1988544788.0,0.0
MHImain,HKFE,2025-06-03 00:00:00,23018.0,23414.0,22972.0,23363.0,70208.0,1633219227.0,0.0
MHImain,HKFE,2025-06-04 00:00:00,23364.0,23599.0,23268.0,23538.0,62992.0,1478979572.0,0.0
MHImain,HKFE,2025-06-05 00:00:00,23540.0,23807.0,23511.0,23798.0,67881.0,1609342970.0,0.0
MHImain,HKFE,2025-06-06 00:00:00,23792.0,23960.0,23668.0,23717.0,73025.0,1735951223.0,0.0
MHImain,HKFE,2025-06-09 00:00:00,23709.0,24104.0,23653.0,24037.0,66536.0,1593762491.0,0.0
MHImain,HKFE,2025-06-10 00:00:00,24031.0,24219.0,23925.0,24072.0,73161.0,1762230051.0,0.0
MHImain,HKFE,2025-06-11 00:00:00,24079.0,24408.0,24009.0,24347.0,66728.0,1620034828.0,0.0
MHImain,HKFE,2025-06-12 00:00:00,24343.0,24400.0,23974.0,24051.0,66431.0,1606588907.0,0.0
MHImain,HKFE,2025-06-13 00:00:00,24058.0,24193.0,23745.0,23845.0,77212.0,1845684647.0,0.0
MHImain,HKFE,2025-06-16 00:00:00,23839.0,24102.0,23682.0,24057.0,63371.0,1512695481.0,0.0
MHImain,HKFE,2025-06-17 00:00:00,24046.0,24251.0,23852.0,23967.0,61187.0,1469746536.0,0.0
MHImain,HKFE,2025-06-18 00:00:00,23969.0,23989.0,23606.0,23642.0,56008.0,1329520432.0,0.0
MHImain,HKFE,2025-06-19 00:00:00,23650.0,23682.0,23160.0,23238.0,66524.0,1556279110.0,0.0
MHImain,HKFE,2025-06-20 00:00:00,23225.0,23554.0,23105.0,23518.0,58047.0,1356332804.0,0.0
MHImain,HKFE,2025-06-23 00:00:00,23506.0,23700.0,23235.0,23657.0,70415.0,1652996614.0,0.0
MHImain,HKFE,2025-06-24 00:00:00,23647.0,24221.0,23521.0,24150.0,69534.0,1668569752.0,0.0
MHImain,HKFE,2025-06-25 00:00:00,24160.0,24521.0,24089.0,24467.0,65693.0,1599377905.0,0.0
MHImain,HKFE,2025-06-26 00:00:00,24470.0,24477.0,24212.0,24350.0,50838.0,1236055525.0,0.0
MHImain,HKFE,2025-06-27 00:00:00,24349.0,24461.0,24174.0,24256.0,55504.0,1350699738.0,0.0
MHImain,HKFE,2025-06-30 00:00:00,24249.0,24301.0,24022.0,24081.0,55511.0,1341593892.0,0.0
MHImain,HKFE,2025-07-02 00:00:00,24086.0,24380.0,23995.0,24168.0,60137.0,1455425780.0,0.0
MHImain,HKFE,2025-07-03 00:00:00,24173.0,24284.0,23932.0,24053.0,59515.0,1432357698.0,0.0
MHImain,HKFE,2025-07-04 00:00:00,24043.0,24110.0,23701.0,23923.0,75544.0,1805670284.0,0.0
MHImain,HKFE,2025-07-07 00:00:00,23912.0,23939.0,23716.0,23868.0,51380.0,1224611956.0,0.0
MHImain,HKFE,2025-07-08 00:00:00,23868.0,24170.0,23830.0,24114.0,69420.0,1667688463.0,0.0
MHImain,HKFE,2025-07-09 00:00:00,24110.0,24142.0,23818.0,23881.0,62100.0,1487976905.0,0.0
MHImain,HKFE,2025-07-10 00:00:00,23888.0,24085.0,23806.0,24024.0,67495.0,1615782359.0,0.0
MHImain,HKFE,2025-07-11 00:00:00,24024.0,24532.0,23884.0,24165.0,90157.0,2190082801.0,0.0
MHImain,HKFE,2025-07-14 00:00:00,24160.0,24270.0,24047.0,24184.0,53908.0,1302646788.0,0.0
MHImain,HKFE,2025-07-15 00:00:00,24185.0,24599.0,24125.0,24533.0,93539.0,2279922915.0,0.0
MHImain,HKFE,2025-07-16 00:00:00,24532.0,24879.0,24417.0,24541.0,92046.0,2270388632.0,0.0
MHImain,HKFE,2025-07-17 00:00:00,24539.0,24668.0,24409.0,24447.0,72470.0,1777996515.0,0.0
MHImain,HKFE,2025-07-18 00:00:00,24451.0,24866.0,24413.0,24852.0,74440.0,1839783244.0,0.0
MHImain,HKFE,2025-07-21 00:00:00,24848.0,25083.0,24846.0,24984.0,71913.0,1794958623.0,0.0
MHImain,HKFE,2025-07-22 00:00:00,24984.0,25168.0,24915.0,25140.0,67984.0,1702764961.0,0.0
MHImain,HKFE,2025-07-23 00:00:00,25137.0,25580.0,25107.0,25568.0,86265.0,2187613241.0,0.0
MHImain,HKFE,2025-07-24 00:00:00,25570.0,25744.0,25449.0,25687.0,76221.0,1952466901.0,0.0
MHImain,HKFE,2025-07-25 00:00:00,25680.0,25693.0,25333.0,25358.0,67557.0,1720859059.0,0.0
MHImain,HKFE,2025-07-28 00:00:00,25351.0,25648.0,25254.0,25508.0,67600.0,1722035555.0,0.0
MHImain,HKFE,2025-07-29 00:00:00,25514.0,25522.0,25218.0,25478.0,58605.0,1485717402.0,0.0
MHImain,HKFE,2025-07-30 00:00:00,25492.0,25558.0,25085.0,25180.0,84621.0,2143438332.0,0.0
MHImain,HKFE,2025-07-31 00:00:00,25183.0,25216.0,24733.0,24759.0,85750.0,2133900561.0,0.0
MHImain,HKFE,2025-08-01 00:00:00,24747.0,24830.0,24437.0,24443.0,86696.0,2139934952.0,0.0
MHImain,HKFE,2025-08-04 00:00:00,24439.0,24720.0,24242.0,24717.0,78433.0,1922747370.0,0.0
MHImain,HKFE,2025-08-05 00:00:00,24720.0,24882.0,24614.0,24849.0,67251.0,1664350215.0,0.0
MHImain,HKFE,2025-08-06 00:00:00,24847.0,24955.0,24754.0,24843.0,60706.0,1508922690.0,0.0
MHImain,HKFE,2025-08-07 00:00:00,24835.0,25084.0,24737.0,25026.0,74675.0,1862260816.0,0.0
MHImain,HKFE,2025-08-08 00:00:00,25039.0,25061.0,24779.0,24829.0,60283.0,1499864634.0,0.0
MHImain,HKFE,2025-08-11 00:00:00,24822.0,24942.0,24740.0,24889.0,59976.0,1490567579.0,0.0
MHImain,HKFE,2025-08-12 00:00:00,24890.0,24991.0,24720.0,24916.0,65094.0,1618516012.0,0.0
MHImain,HKFE,2025-08-13 00:00:00,24915.0,25641.0,24876.0,25630.0,80499.0,2036774962.0,0.0
MHImain,HKFE,2025-08-14 00:00:00,25642.0,25850.0,25463.0,25555.0,73110.0,1875646395.0,0.0
MHImain,HKFE,2025-08-15 00:00:00,25550.0,25583.0,25144.0,25233.0,66397.0,1677911949.0,0.0
MHImain,HKFE,2025-08-18 00:00:00,25226.0,25463.0,25152.0,25190.0,66640.0,1686289380.0,0.0
MHImain,HKFE,2025-08-19 00:00:00,25200.0,25288.0,25062.0,25116.0,61882.0,1556795383.0,0.0
MHImain,HKFE,2025-08-20 00:00:00,25124.0,25210.0,24858.0,25126.0,68436.0,1714074766.0,0.0
MHImain,HKFE,2025-08-21 00:00:00,25134.0,25219.0,24990.0,25107.0,61552.0,1546345083.0,0.0
MHImain,HKFE,2025-08-22 00:00:00,25104.0,25362.0,25071.0,25354.0,63555.0,1602122628.0,0.0
MHImain,HKFE,2025-08-25 00:00:00,25354.0,25950.0,25331.0,25863.0,84106.0,2166440249.0,0.0
MHImain,HKFE,2025-08-26 00:00:00,25857.0,25867.0,25483.0,25570.0,66650.0,1714717068.0,0.0
MHImain,HKFE,2025-08-27 00:00:00,25579.0,25718.0,25160.0,25184.0,72267.0,1841271144.0,0.0
MHImain,HKFE,2025-08-28 00:00:00,25090.0,25090.0,24738.0,24911.0,73988.0,1843212890.0,0.0
MHImain,HKFE,2025-08-29 00:00:00,24906.0,25212.0,24872.0,25038.0,76317.0,1914319835.0,0.0
MHImain,HKFE,2025-09-01 00:00:00,25038.0,25598.0,24877.0,25529.0,79724.0,2026391488.0,0.0
MHImain,HKFE,2025-09-02 00:00:00,25528.0,25694.0,25379.0,25393.0,77568.0,1979398171.0,0.0
MHImain,HKFE,2025-09-03 00:00:00,25406.0,25761.0,25196.0,25319.0,93782.0,2384600576.0,0.0
MHImain,HKFE,2025-09-04 00:00:00,25319.0,25478.0,24963.0,24972.0,84547.0,2126986338.0,0.0
MHImain,HKFE,2025-09-05 00:00:00,24973.0,25435.0,24883.0,25390.0,70952.0,1786047246.0,0.0
MHImain,HKFE,2025-09-08 00:00:00,25385.0,25639.0,25249.0,25587.0,70719.0,1800738134.0,0.0
MHImain,HKFE,2025-09-09 00:00:00,25582.0,26033.0,25524.0,25912.0,84267.0,2176538401.0,0.0
MHImain,HKFE,2025-09-10 00:00:00,25902.0,26314.0,25868.0,26186.0,81527.0,2131911032.0,0.0
MHImain,HKFE,2025-09-11 00:00:00,26183.0,26269.0,25896.0,26103.0,87614.0,2283936807.0,0.0
MHImain,HKFE,2025-09-12 00:00:00,26107.0,26603.0,26080.0,26391.0,86140.0,2276732890.0,0.0
MHImain,HKFE,2025-09-15 00:00:00,26385.0,26568.0,26293.0,26475.0,72913.0,1927567147.0,0.0
MHImain,HKFE,2025-09-16 00:00:00,26466.0,26674.0,26351.0,26457.0,73462.0,1946976705.0,0.0
MHImain,HKFE,2025-09-17 00:00:00,26464.0,26969.0,26362.0,26910.0,85322.0,2279986924.0,0.0
MHImain,HKFE,2025-09-18 00:00:00,26903.0,27072.0,26351.0,26547.0,123785.0,3314299347.0,0.0
MHImain,HKFE,2025-09-19 00:00:00,26556.0,26671.0,26414.0,26571.0,91019.0,2415200197.0,0.0
MHImain,HKFE,2025-09-22 00:00:00,26565.0,26689.0,26213.0,26394.0,87809.0,2316471082.0,0.0
MHImain,HKFE,2025-09-23 00:00:00,26391.0,26463.0,26033.0,26200.0,86302.0,2262486221.0,0.0
MHImain,HKFE,2025-09-24 00:00:00,26201.0,26581.0,26067.0,26480.0,91111.0,2399723264.0,0.0
MHImain,HKFE,2025-09-25 00:00:00,26488.0,26653.0,26369.0,26537.0,83528.0,2213817700.0,0.0
MHImain,HKFE,2025-09-26 00:00:00,26533.0,26546.0,26097.0,26129.0,94740.0,2492495473.0,0.0
MHImain,HKFE,2025-09-29 00:00:00,26169.0,26746.0,26125.0,26705.0,72047.0,1911607453.0,0.0
MHImain,HKFE,2025-09-30 00:00:00,26700.0,26946.0,26614.0,26920.0,83092.0,2223554544.0,0.0
MHImain,HKFE,2025-10-02 00:00:00,26912.0,27444.0,26815.0,27392.0,79249.0,2156846901.0,0.0
MHImain,HKFE,2025-10-03 00:00:00,27376.0,27408.0,27003.0,27188.0,68792.0,1869720329.0,0.0
MHImain,HKFE,2025-10-06 00:00:00,27192.0,27247.0,26907.0,26993.0,62137.0,1681197320.0,0.0
MHImain,HKFE,2025-10-08 00:00:00,26993.0,27185.0,26533.0,26843.0,81440.0,2179730822.0,0.0
MHImain,HKFE,2025-10-09 00:00:00,26847.0,27016.0,26504.0,26763.0,108194.0,2898768940.0,0.0
MHImain,HKFE,2025-10-10 00:00:00,26763.0,26832.0,26281.0,26283.0,102254.0,2706683288.0,0.0
MHImain,HKFE,2025-10-13 00:00:00,26282.0,26440.0,24969.0,25823.0,203375.0,5224359721.0,0.0
MHImain,HKFE,2025-10-14 00:00:00,25815.0,26089.0,25331.0,25521.0,150308.0,3867076999.0,0.0
MHImain,HKFE,2025-10-15 00:00:00,25518.0,25997.0,25327.0,25904.0,121534.0,3127496921.0,0.0
MHImain,HKFE,2025-10-16 00:00:00,25907.0,26071.0,25670.0,25910.0,101967.0,2638660272.0,0.0
MHImain,HKFE,2025-10-17 00:00:00,25905.0,26015.0,25142.0,25223.0,106486.0,2721860482.0,0.0
MHImain,HKFE,2025-10-20 00:00:00,25228.0,25978.0,25196.0,25853.0,112881.0,2906398749.0,0.0
MHImain,HKFE,2025-10-21 00:00:00,25851.0,26400.0,25790.0,26009.0,87775.0,2298727340.0,0.0
MHImain,HKFE,2025-10-22 00:00:00,26012.0,26092.0,25646.0,25745.0,90954.0,2350741554.0,0.0
MHImain,HKFE,2025-10-23 00:00:00,25738.0,26097.0,25521.0,25957.0,118131.0,3046847533.0,0.0
MHImain,HKFE,2025-10-24 00:00:00,25945.0,26261.0,25904.0,26155.0,85905.0,2244551564.0,0.0
MHImain,HKFE,2025-10-27 00:00:00,26158.0,26569.0,26125.0,26440.0,74662.0,1970707303.0,0.0
MHImain,HKFE,2025-10-28 00:00:00,26440.0,26585.0,26260.0,26344.0,73786.0,1949579411.0,0.0
MHImain,HKFE,2025-10-30 00:00:00,26365.0,26705.0,26157.0,26322.0,102606.0,2710619689.0,0.0
MHImain,HKFE,2025-10-31 00:00:00,26321.0,26352.0,25877.0,25911.0,91159.0,2383777386.0,0.0
MHImain,HKFE,2025-11-03 00:00:00,25909.0,26240.0,25792.0,26161.0,88413.0,2302610419.0,0.0
MHImain,HKFE,2025-11-04 00:00:00,26162.0,26302.0,25882.0,25905.0,90462.0,2362814383.0,0.0
MHImain,HKFE,2025-11-05 00:00:00,25903.0,26033.0,25491.0,25940.0,99178.0,2557374078.0,0.0
MHImain,HKFE,2025-11-06 00:00:00,25947.0,26538.0,25875.0,26530.0,84694.0,2223839650.0,0.0
MHImain,HKFE,2025-11-07 00:00:00,26539.0,26590.0,26182.0,26194.0,82071.0,2161234551.0,0.0
MHImain,HKFE,2025-11-10 00:00:00,26200.0,26698.0,25969.0,26694.0,86777.0,2288153839.0,0.0
MHImain,HKFE,2025-11-11 00:00:00,26696.0,26815.0,26526.0,26748.0,77993.0,2078962217.0,0.0
MHImain,HKFE,2025-11-12 00:00:00,26741.0,27058.0,26730.0,26977.0,80539.0,2165739193.0,0.0
MHImain,HKFE,2025-11-13 00:00:00,26954.0,27201.0,26756.0,27096.0,94752.0,2551166178.0,0.0
MHImain,HKFE,2025-11-14 00:00:00,27110.0,27135.0,26550.0,26590.0,91965.0,2462759007.0,0.0
MHImain,HKFE,2025-11-17 00:00:00,26597.0,26716.0,26261.0,26375.0,101062.0,2673048891.0,0.0
MHImain,HKFE,2025-11-18 00:00:00,26353.0,26357.0,25822.0,25926.0,94029.0,2452293627.0,0.0
MHImain,HKFE,2025-11-19 00:00:00,25927.0,26093.0,25740.0,25827.0,91533.0,2371135183.0,0.0
MHImain,HKFE,2025-11-20 00:00:00,25814.0,26058.0,25679.0,25849.0,100122.0,2588363815.0,0.0
MHImain,HKFE,2025-11-21 00:00:00,25843.0,25964.0,25163.0,25238.0,114509.0,2913436231.0,0.0
